date,open,high,low,close,adj_close,volume,ticker,source,updated_at
2005-08-11,3.25,3.309999942779541,3.200000047683716,3.240000009536743,2.2301523685455322,76671500,CF,yfinance,2026-02-10T05:08:32.006375+00:00
2005-08-12,3.25,3.5999999046325684,3.25,3.5859999656677246,2.4683103561401367,29113500,CF,yfinance,2026-02-10T05:08:32.006375+00:00
2005-08-15,3.549999952316284,3.569999933242798,3.4519999027252197,3.4600000381469727,2.381582736968994,10596500,CF,yfinance,2026-02-10T05:08:32.006375+00:00
2005-08-16,3.380000114440918,3.4600000381469727,3.380000114440918,3.430000066757202,2.3609321117401123,5141000,CF,yfinance,2026-02-10T05:08:32.006375+00:00
2005-08-17,3.430000066757202,3.440000057220459,3.359999895095825,3.369999885559082,2.3196332454681396,6423500,CF,yfinance,2026-02-10T05:08:32.006375+00:00
2005-08-18,3.390000104904175,3.3959999084472656,3.25,3.2699999809265137,2.2508022785186768,12727000,CF,yfinance,2026-02-10T05:08:32.006375+00:00
2005-08-19,3.2980000972747803,3.3380000591278076,3.25,3.319999933242798,2.285217046737671,3029500,CF,yfinance,2026-02-10T05:08:32.006375+00:00
2005-08-22,3.3299999237060547,3.4040000438690186,3.2820000648498535,3.4000000953674316,2.340283155441284,2909500,CF,yfinance,2026-02-10T05:08:32.006375+00:00
2005-08-23,3.5,3.5880000591278076,3.4600000381469727,3.51200008392334,2.4173755645751953,13466000,CF,yfinance,2026-02-10T05:08:32.006375+00:00
2005-08-24,3.5,3.549999952316284,3.4660000801086426,3.5,2.4091150760650635,3083000,CF,yfinance,2026-02-10T05:08:32.006375+00:00
2005-08-25,3.5399999618530273,3.5480000972747803,3.4800000190734863,3.492000102996826,2.403609037399292,4667000,CF,yfinance,2026-02-10T05:08:32.006375+00:00
2005-08-26,3.509999990463257,3.5220000743865967,3.4800000190734863,3.49399995803833,2.404984712600708,2704000,CF,yfinance,2026-02-10T05:08:32.006375+00:00
2005-08-29,3.380000114440918,3.436000108718872,3.368000030517578,3.4000000953674316,2.340283155441284,5458000,CF,yfinance,2026-02-10T05:08:32.006375+00:00
2005-08-30,3.421999931335449,3.4779999256134033,3.390000104904175,3.4059998989105225,2.344412326812744,2581000,CF,yfinance,2026-02-10T05:08:32.006375+00:00
2005-08-31,3.4119999408721924,3.4119999408721924,3.322000026702881,3.3580000400543213,2.3113744258880615,3004500,CF,yfinance,2026-02-10T05:08:32.006375+00:00
2005-09-01,3.369999885559082,3.369999885559082,3.1059999465942383,3.25,2.237034320831299,12468500,CF,yfinance,2026-02-10T05:08:32.006375+00:00
2005-09-02,3.2820000648498535,3.315999984741211,3.2019999027252197,3.2139999866485596,2.2122557163238525,5748500,CF,yfinance,2026-02-10T05:08:32.006375+00:00
2005-09-06,3.240000009536743,3.2899999618530273,3.2339999675750732,3.2799999713897705,2.257685422897339,2726500,CF,yfinance,2026-02-10T05:08:32.006375+00:00
2005-09-07,3.2820000648498535,3.2860000133514404,3.2039999961853027,3.23799991607666,2.228776454925537,3643500,CF,yfinance,2026-02-10T05:08:32.006375+00:00
2005-09-08,3.25,3.303999900817871,3.25,3.2639999389648438,2.2466719150543213,2558500,CF,yfinance,2026-02-10T05:08:32.006375+00:00
2005-09-09,3.309999942779541,3.319999933242798,3.2839999198913574,3.313999891281128,2.2810862064361572,2468500,CF,yfinance,2026-02-10T05:08:32.006375+00:00
2005-09-12,3.2899999618530273,3.303999900817871,3.2019999027252197,3.2179999351501465,2.2150089740753174,3300500,CF,yfinance,2026-02-10T05:08:32.006375+00:00
2005-09-13,3.2239999771118164,3.2239999771118164,3.140000104904175,3.1760001182556152,2.186099052429199,3798500,CF,yfinance,2026-02-10T05:08:32.006375+00:00
2005-09-14,3.1500000953674316,3.1740000247955322,3.130000114440918,3.1440000534057617,2.1640734672546387,2055500,CF,yfinance,2026-02-10T05:08:32.006375+00:00
2005-09-15,3.1500000953674316,3.1619999408721924,3.00600004196167,3.0199999809265137,2.0787224769592285,6004000,CF,yfinance,2026-02-10T05:08:32.006375+00:00
2005-09-16,3.01200008392334,3.068000078201294,2.9100000858306885,3.063999891281128,2.1090078353881836,9555000,CF,yfinance,2026-02-10T05:08:32.006375+00:00
2005-09-19,3.049999952316284,3.190000057220459,3.0380001068115234,3.0999999046325684,2.133786916732788,5559000,CF,yfinance,2026-02-10T05:08:32.006375+00:00
2005-09-20,3.0999999046325684,3.2060000896453857,3.0899999141693115,3.1600000858306885,2.175086498260498,4178000,CF,yfinance,2026-02-10T05:08:32.006375+00:00
2005-09-21,3.140000104904175,3.140000104904175,2.940000057220459,3.0,2.064955949783325,8313500,CF,yfinance,2026-02-10T05:08:32.006375+00:00
2005-09-22,3.0,3.0139999389648438,2.9000000953674316,2.9019999504089355,1.9975004196166992,7184000,CF,yfinance,2026-02-10T05:08:32.006375+00:00
2005-09-23,2.9000000953674316,3.140000104904175,2.8959999084472656,3.118000030517578,2.1461775302886963,4830500,CF,yfinance,2026-02-10T05:08:32.006375+00:00
2005-09-26,3.119999885559082,3.1600000858306885,3.049999952316284,3.0999999046325684,2.133786916732788,7826500,CF,yfinance,2026-02-10T05:08:32.006375+00:00
2005-09-27,3.0899999141693115,3.111999988555908,3.068000078201294,3.0920000076293945,2.1282806396484375,4505000,CF,yfinance,2026-02-10T05:08:32.006375+00:00
2005-09-28,3.0759999752044678,3.0759999752044678,2.996000051498413,3.0299999713897705,2.0856053829193115,3055000,CF,yfinance,2026-02-10T05:08:32.006375+00:00
2005-09-29,3.0380001068115234,3.0999999046325684,2.9639999866485596,3.0,2.064955949783325,6141000,CF,yfinance,2026-02-10T05:08:32.006375+00:00
2005-09-30,3.009999990463257,3.0199999809265137,2.931999921798706,2.9619998931884766,2.03879976272583,12109000,CF,yfinance,2026-02-10T05:08:32.006375+00:00
2005-10-03,2.9700000286102295,2.9700000286102295,2.869999885559082,2.9000000953674316,1.9961223602294922,4279000,CF,yfinance,2026-02-10T05:08:32.006375+00:00
2005-10-04,2.890000104904175,2.9000000953674316,2.805999994277954,2.813999891281128,1.9369282722473145,2002000,CF,yfinance,2026-02-10T05:08:32.006375+00:00
2005-10-05,2.799999952316284,2.799999952316284,2.565999984741211,2.630000114440918,1.8102781772613525,10826000,CF,yfinance,2026-02-10T05:08:32.006375+00:00
2005-10-06,2.640000104904175,2.697999954223633,2.619999885559082,2.681999921798706,1.8460696935653687,4121000,CF,yfinance,2026-02-10T05:08:32.006375+00:00
2005-10-07,2.759999990463257,2.759999990463257,2.691999912261963,2.700000047683716,1.8584589958190918,2174500,CF,yfinance,2026-02-10T05:08:32.006375+00:00
2005-10-10,2.7139999866485596,2.7279999256134033,2.48799991607666,2.509999990463257,1.7276790142059326,2443000,CF,yfinance,2026-02-10T05:08:32.006375+00:00
2005-10-11,2.5299999713897705,2.5299999713897705,2.4019999504089355,2.430000066757202,1.6726139783859253,3256500,CF,yfinance,2026-02-10T05:08:32.006375+00:00
2005-10-12,2.4240000247955322,2.436000108718872,2.359999895095825,2.388000011444092,1.643704891204834,2545500,CF,yfinance,2026-02-10T05:08:32.006375+00:00
2005-10-13,2.385999917984009,2.385999917984009,2.23799991607666,2.259999990463257,1.5556000471115112,3555000,CF,yfinance,2026-02-10T05:08:32.006375+00:00
2005-10-14,2.2679998874664307,2.5,2.2639999389648438,2.4719998836517334,1.701524019241333,7229500,CF,yfinance,2026-02-10T05:08:32.006375+00:00
2005-10-17,2.4719998836517334,2.4779999256134033,2.4200000762939453,2.440000057220459,1.6794968843460083,3007000,CF,yfinance,2026-02-10T05:08:32.006375+00:00
2005-10-18,2.440000057220459,2.440000057220459,2.388000011444092,2.4000000953674316,1.6519643068313599,2575000,CF,yfinance,2026-02-10T05:08:32.006375+00:00
2005-10-19,2.4200000762939453,2.4519999027252197,2.388000011444092,2.431999921798706,1.67399001121521,5052000,CF,yfinance,2026-02-10T05:08:32.006375+00:00
2005-10-20,2.440000057220459,2.618000030517578,2.437999963760376,2.563999891281128,1.7648489475250244,7568500,CF,yfinance,2026-02-10T05:08:32.006375+00:00
2005-10-21,2.565999984741211,2.614000082015991,2.553999900817871,2.5920000076293945,1.7841215133666992,4029500,CF,yfinance,2026-02-10T05:08:32.006375+00:00
2005-10-24,2.5920000076293945,2.640000104904175,2.5920000076293945,2.625999927520752,1.8075240850448608,2160000,CF,yfinance,2026-02-10T05:08:32.006375+00:00
2005-10-25,2.6459999084472656,2.681999921798706,2.615999937057495,2.640000104904175,1.8171610832214355,2629500,CF,yfinance,2026-02-10T05:08:32.006375+00:00
2005-10-26,2.630000114440918,2.6700000762939453,2.5899999141693115,2.618000030517578,1.802018165588379,2839500,CF,yfinance,2026-02-10T05:08:32.006375+00:00
2005-10-27,2.609999895095825,2.635999917984009,2.5899999141693115,2.5999999046325684,1.7896276712417603,810000,CF,yfinance,2026-02-10T05:08:32.006375+00:00
2005-10-28,2.640000104904175,2.691999912261963,2.640000104904175,2.6700000762939453,1.8378102779388428,1664500,CF,yfinance,2026-02-10T05:08:32.006375+00:00
2005-10-31,2.700000047683716,2.7980000972747803,2.700000047683716,2.7639999389648438,1.9025123119354248,3915000,CF,yfinance,2026-02-10T05:08:32.006375+00:00
2005-11-01,2.8299999237060547,2.8499999046325684,2.7100000381469727,2.7200000286102295,1.872226357460022,2830000,CF,yfinance,2026-02-10T05:08:32.006375+00:00
2005-11-02,2.7239999771118164,2.75,2.6500000953674316,2.7079999446868896,1.863966703414917,3455000,CF,yfinance,2026-02-10T05:08:32.006375+00:00
2005-11-03,2.680000066757202,2.700000047683716,2.6419999599456787,2.6600000858306885,1.8309273719787598,1815000,CF,yfinance,2026-02-10T05:08:32.006375+00:00
2005-11-04,2.6600000858306885,2.75600004196167,2.6440000534057617,2.680000066757202,1.8446930646896362,2600500,CF,yfinance,2026-02-10T05:08:32.006375+00:00
2005-11-07,2.680000066757202,2.76200008392334,2.671999931335449,2.7060000896453857,1.8625895977020264,1783500,CF,yfinance,2026-02-10T05:08:32.006375+00:00
2005-11-08,2.686000108718872,2.7100000381469727,2.6640000343322754,2.7039999961853027,1.8612134456634521,1599500,CF,yfinance,2026-02-10T05:08:32.006375+00:00
2005-11-09,2.7060000896453857,2.75600004196167,2.691999912261963,2.7060000896453857,1.865349292755127,2294000,CF,yfinance,2026-02-10T05:08:32.006375+00:00
2005-11-10,2.7200000286102295,2.878000020980835,2.6619999408721924,2.75,1.89568030834198,4019000,CF,yfinance,2026-02-10T05:08:32.006375+00:00
2005-11-11,2.757999897003174,2.8299999237060547,2.757999897003174,2.808000087738037,1.9356615543365479,1347500,CF,yfinance,2026-02-10T05:08:32.006375+00:00
2005-11-14,2.7960000038146973,2.8399999141693115,2.7839999198913574,2.813999891281128,1.9397982358932495,1282500,CF,yfinance,2026-02-10T05:08:32.006375+00:00
2005-11-15,2.8299999237060547,3.009999990463257,2.812000036239624,2.9519999027252197,2.034925937652588,7032000,CF,yfinance,2026-02-10T05:08:32.006375+00:00
2005-11-16,3.0199999809265137,3.0999999046325684,3.0,3.0339999198913574,2.0914523601531982,4794000,CF,yfinance,2026-02-10T05:08:32.006375+00:00
2005-11-17,3.049999952316284,3.1760001182556152,3.0239999294281006,3.1600000858306885,2.178309440612793,8077500,CF,yfinance,2026-02-10T05:08:32.006375+00:00
2005-11-18,3.1600000858306885,3.1600000858306885,3.0299999713897705,3.121999979019165,2.152113914489746,3764000,CF,yfinance,2026-02-10T05:08:32.006375+00:00
2005-11-21,3.180000066757202,3.190000057220459,3.131999969482422,3.1640000343322754,2.181065797805786,4266000,CF,yfinance,2026-02-10T05:08:32.006375+00:00
2005-11-22,3.1640000343322754,3.180000066757202,3.1019999980926514,3.1459999084472656,2.168659210205078,1920000,CF,yfinance,2026-02-10T05:08:32.006375+00:00
2005-11-23,3.1500000953674316,3.1500000953674316,3.0940001010894775,3.0999999046325684,2.1369476318359375,1068000,CF,yfinance,2026-02-10T05:08:32.006375+00:00
2005-11-25,3.109999895095825,3.134000062942505,3.109999895095825,3.124000072479248,2.1534924507141113,154000,CF,yfinance,2026-02-10T05:08:32.006375+00:00
2005-11-28,3.131999969482422,3.138000011444092,3.069999933242798,3.0980000495910645,2.135570764541626,1477000,CF,yfinance,2026-02-10T05:08:32.006375+00:00
2005-11-29,3.115999937057495,3.115999937057495,3.0899999141693115,3.0999999046325684,2.1369476318359375,792000,CF,yfinance,2026-02-10T05:08:32.006375+00:00
2005-11-30,3.0959999561309814,3.115999937057495,3.078000068664551,3.0899999141693115,2.1300551891326904,1513500,CF,yfinance,2026-02-10T05:08:32.006375+00:00
2005-12-01,3.0840001106262207,3.0999999046325684,3.0179998874664307,3.053999900817871,2.105238676071167,3586000,CF,yfinance,2026-02-10T05:08:32.006375+00:00
2005-12-02,3.052000045776367,3.109999895095825,3.0299999713897705,3.1059999465942383,2.141085624694824,3127500,CF,yfinance,2026-02-10T05:08:32.006375+00:00
2005-12-05,3.0899999141693115,3.1600000858306885,3.059999942779541,3.128000020980835,2.156250476837158,3232000,CF,yfinance,2026-02-10T05:08:32.006375+00:00
2005-12-06,3.1459999084472656,3.1700000762939453,3.134000062942505,3.1640000343322754,2.181065797805786,1503000,CF,yfinance,2026-02-10T05:08:32.006375+00:00
2005-12-07,3.1700000762939453,3.197999954223633,3.124000072479248,3.124000072479248,2.1534924507141113,1762000,CF,yfinance,2026-02-10T05:08:32.006375+00:00
2005-12-08,3.124000072479248,3.124000072479248,3.0160000324249268,3.0239999294281006,2.0845589637756348,5745000,CF,yfinance,2026-02-10T05:08:32.006375+00:00
2005-12-09,3.0380001068115234,3.059999942779541,2.9839999675750732,3.0339999198913574,2.0914523601531982,5531500,CF,yfinance,2026-02-10T05:08:32.006375+00:00
2005-12-12,3.0439999103546143,3.0739998817443848,3.009999990463257,3.0220000743865967,2.0831801891326904,2333500,CF,yfinance,2026-02-10T05:08:32.006375+00:00
2005-12-13,3.0220000743865967,3.049999952316284,2.946000099182129,2.9779999256134033,2.052849292755127,3260500,CF,yfinance,2026-02-10T05:08:32.006375+00:00
2005-12-14,2.9700000286102295,2.990000009536743,2.937999963760376,2.9600000381469727,2.0404415130615234,1973500,CF,yfinance,2026-02-10T05:08:32.006375+00:00
2005-12-15,2.950000047683716,2.996000051498413,2.921999931335449,2.99399995803833,2.0638790130615234,1495500,CF,yfinance,2026-02-10T05:08:32.006375+00:00
2005-12-16,3.0160000324249268,3.0399999618530273,3.003999948501587,3.0199999809265137,2.0818018913269043,3498000,CF,yfinance,2026-02-10T05:08:32.006375+00:00
2005-12-19,3.0199999809265137,3.059999942779541,2.9600000381469727,3.049999952316284,2.1024818420410156,2893500,CF,yfinance,2026-02-10T05:08:32.006375+00:00
2005-12-20,2.9600000381469727,3.009999990463257,2.9260001182556152,2.99399995803833,2.0638790130615234,3497000,CF,yfinance,2026-02-10T05:08:32.006375+00:00
2005-12-21,2.996000051498413,3.0,2.9240000247955322,2.9519999027252197,2.034925937652588,1900500,CF,yfinance,2026-02-10T05:08:32.006375+00:00
2005-12-22,2.9519999027252197,3.0739998817443848,2.9519999027252197,3.068000078201294,2.114889621734619,2252000,CF,yfinance,2026-02-10T05:08:32.006375+00:00
2005-12-23,3.0299999713897705,3.0799999237060547,3.0299999713897705,3.0460000038146973,2.0997231006622314,1622000,CF,yfinance,2026-02-10T05:08:32.006375+00:00
2005-12-27,3.055999994277954,3.0980000495910645,3.049999952316284,3.059999942779541,2.109375476837158,2007500,CF,yfinance,2026-02-10T05:08:32.006375+00:00
2005-12-28,3.055999994277954,3.058000087738037,2.9860000610351562,3.049999952316284,2.1024818420410156,4846500,CF,yfinance,2026-02-10T05:08:32.006375+00:00
2005-12-29,3.059999942779541,3.0880000591278076,3.049999952316284,3.065999984741211,2.113511562347412,1294000,CF,yfinance,2026-02-10T05:08:32.006375+00:00
2005-12-30,3.065999984741211,3.0859999656677246,3.0380001068115234,3.049999952316284,2.1024818420410156,741000,CF,yfinance,2026-02-10T05:08:32.006375+00:00
2006-01-03,3.049999952316284,3.0799999237060547,3.0199999809265137,3.059999942779541,2.109375476837158,2272500,CF,yfinance,2026-02-10T05:08:32.006375+00:00
2006-01-04,3.059999942779541,3.140000104904175,3.059999942779541,3.111999988555908,2.14522123336792,2567500,CF,yfinance,2026-02-10T05:08:32.006375+00:00
2006-01-05,3.119999885559082,3.247999906539917,3.114000082015991,3.2300000190734863,2.226562976837158,5217500,CF,yfinance,2026-02-10T05:08:32.006375+00:00
2006-01-06,3.2200000286102295,3.2200000286102295,3.1600000858306885,3.2039999961853027,2.2086403369903564,5087000,CF,yfinance,2026-02-10T05:08:32.006375+00:00
2006-01-09,3.2039999961853027,3.319999933242798,3.2039999961853027,3.2799999713897705,2.2610297203063965,3454500,CF,yfinance,2026-02-10T05:08:32.006375+00:00
2006-01-10,3.246000051498413,3.2960000038146973,3.2239999771118164,3.2899999618530273,2.2679224014282227,2359500,CF,yfinance,2026-02-10T05:08:32.006375+00:00
2006-01-11,3.2899999618530273,3.2899999618530273,3.240000009536743,3.257999897003174,2.245863914489746,2560500,CF,yfinance,2026-02-10T05:08:32.006375+00:00
2006-01-12,3.25,3.315999984741211,3.2300000190734863,3.259999990463257,2.2472429275512695,2819000,CF,yfinance,2026-02-10T05:08:32.006375+00:00
2006-01-13,3.26200008392334,3.2839999198913574,3.253999948501587,3.2739999294281006,2.2568931579589844,1849000,CF,yfinance,2026-02-10T05:08:32.006375+00:00
2006-01-17,3.24399995803833,3.2679998874664307,3.171999931335449,3.25600004196167,2.24448561668396,2442500,CF,yfinance,2026-02-10T05:08:32.006375+00:00
2006-01-18,3.240000009536743,3.318000078201294,3.2100000381469727,3.315999984741211,2.285846471786499,1538500,CF,yfinance,2026-02-10T05:08:32.006375+00:00
2006-01-19,3.319999933242798,3.322000026702881,3.2679998874664307,3.305999994277954,2.2789525985717773,1172500,CF,yfinance,2026-02-10T05:08:32.006375+00:00
2006-01-20,3.312000036239624,3.318000078201294,3.177999973297119,3.190000057220459,2.198988676071167,1943500,CF,yfinance,2026-02-10T05:08:32.006375+00:00
2006-01-23,3.194000005722046,3.2760000228881836,3.191999912261963,3.246000051498413,2.2375924587249756,1171000,CF,yfinance,2026-02-10T05:08:32.006375+00:00
2006-01-24,3.25,3.3239998817443848,3.240000009536743,3.2980000972747803,2.273437738418579,3657000,CF,yfinance,2026-02-10T05:08:32.006375+00:00
2006-01-25,3.299999952316284,3.308000087738037,3.2200000286102295,3.259999990463257,2.2472429275512695,11327500,CF,yfinance,2026-02-10T05:08:32.006375+00:00
2006-01-26,3.2660000324249268,3.365999937057495,3.2660000324249268,3.3519999980926514,2.310661792755127,2149500,CF,yfinance,2026-02-10T05:08:32.006375+00:00
2006-01-27,3.3499999046325684,3.4200000762939453,3.3420000076293945,3.4040000438690186,2.3465073108673096,1289500,CF,yfinance,2026-02-10T05:08:32.006375+00:00
2006-01-30,3.4000000953674316,3.450000047683716,3.3540000915527344,3.380000114440918,2.329963445663452,1613500,CF,yfinance,2026-02-10T05:08:32.006375+00:00
2006-01-31,3.380000114440918,3.4240000247955322,3.369999885559082,3.4019999504089355,2.3451287746429443,2094500,CF,yfinance,2026-02-10T05:08:32.006375+00:00
2006-02-01,3.384000062942505,3.384000062942505,3.3499999046325684,3.3559999465942383,2.3134186267852783,2454500,CF,yfinance,2026-02-10T05:08:32.006375+00:00
2006-02-02,3.3440001010894775,3.3559999465942383,3.2660000324249268,3.299999952316284,2.274817705154419,7376500,CF,yfinance,2026-02-10T05:08:32.006375+00:00
2006-02-03,3.2960000038146973,3.380000114440918,3.2760000228881836,3.375999927520752,2.327205181121826,2558000,CF,yfinance,2026-02-10T05:08:32.006375+00:00
2006-02-06,3.375999927520752,3.4179999828338623,3.369999885559082,3.4159998893737793,2.354780435562134,2713000,CF,yfinance,2026-02-10T05:08:32.006375+00:00
2006-02-07,3.4179999828338623,3.4179999828338623,3.375999927520752,3.388000011444092,2.335477113723755,2793000,CF,yfinance,2026-02-10T05:08:32.006375+00:00
2006-02-08,3.385999917984009,3.4619998931884766,3.369999885559082,3.447999954223633,2.3768386840820312,2350000,CF,yfinance,2026-02-10T05:08:32.006375+00:00
2006-02-09,3.446000099182129,3.558000087738037,3.440000057220459,3.5,2.412684202194214,1597500,CF,yfinance,2026-02-10T05:08:32.006375+00:00
2006-02-10,3.5,3.5160000324249268,3.4700000286102295,3.4700000286102295,2.3920040130615234,2953000,CF,yfinance,2026-02-10T05:08:32.006375+00:00
2006-02-13,3.4679999351501465,3.4679999351501465,3.4079999923706055,3.4079999923706055,2.34926438331604,1087500,CF,yfinance,2026-02-10T05:08:32.006375+00:00
2006-02-14,3.4000000953674316,3.4839999675750732,3.364000082015991,3.4760000705718994,2.3961398601531982,1291000,CF,yfinance,2026-02-10T05:08:32.006375+00:00
2006-02-15,3.4739999771118164,3.5199999809265137,3.4200000762939453,3.496000051498413,2.409926652908325,955000,CF,yfinance,2026-02-10T05:08:32.006375+00:00
2006-02-16,3.49399995803833,3.5199999809265137,3.446000099182129,3.4700000286102295,2.3920040130615234,1903500,CF,yfinance,2026-02-10T05:08:32.006375+00:00
2006-02-17,3.49399995803833,3.509999990463257,3.441999912261963,3.4639999866485596,2.3878674507141113,1560000,CF,yfinance,2026-02-10T05:08:32.006375+00:00
2006-02-21,3.4560000896453857,3.4560000896453857,3.368000030517578,3.4119999408721924,2.3520219326019287,2890000,CF,yfinance,2026-02-10T05:08:32.006375+00:00
2006-02-22,3.4179999828338623,3.5480000972747803,3.4059998989105225,3.5420000553131104,2.4416351318359375,2073500,CF,yfinance,2026-02-10T05:08:32.006375+00:00
2006-02-23,3.5299999713897705,3.5799999237060547,3.497999906539917,3.565999984741211,2.4581801891326904,904500,CF,yfinance,2026-02-10T05:08:32.006375+00:00
2006-02-24,3.380000114440918,3.8380000591278076,3.375999927520752,3.690000057220459,2.5436577796936035,4643000,CF,yfinance,2026-02-10T05:08:32.006375+00:00
2006-02-27,3.677999973297119,3.677999973297119,3.48799991607666,3.5940001010894775,2.4774820804595947,3970000,CF,yfinance,2026-02-10T05:08:32.006375+00:00
2006-02-28,3.5799999237060547,3.5899999141693115,3.5,3.5239999294281006,2.4292280673980713,1863500,CF,yfinance,2026-02-10T05:08:32.006375+00:00
2006-03-01,3.5299999713897705,3.5920000076293945,3.48799991607666,3.552000045776367,2.4485297203063965,2538500,CF,yfinance,2026-02-10T05:08:32.006375+00:00
2006-03-02,3.559999942779541,3.5959999561309814,3.4739999771118164,3.4800000190734863,2.401601552963257,4221000,CF,yfinance,2026-02-10T05:08:32.006375+00:00
2006-03-03,3.4700000286102295,3.4800000190734863,3.437999963760376,3.4600000381469727,2.3877997398376465,5297000,CF,yfinance,2026-02-10T05:08:32.006375+00:00
2006-03-06,3.440000057220459,3.450000047683716,3.3499999046325684,3.3980000019073486,2.3450119495391846,2579500,CF,yfinance,2026-02-10T05:08:32.006375+00:00
2006-03-07,3.380000114440918,3.4040000438690186,3.371999979019165,3.3919999599456787,2.340871572494507,1487000,CF,yfinance,2026-02-10T05:08:32.006375+00:00
2006-03-08,3.381999969482422,3.3919999599456787,3.3459999561309814,3.375999927520752,2.329828977584839,1638000,CF,yfinance,2026-02-10T05:08:32.006375+00:00
2006-03-09,3.375999927520752,3.390000104904175,3.3359999656677246,3.3380000591278076,2.3036060333251953,563500,CF,yfinance,2026-02-10T05:08:32.006375+00:00
2006-03-10,3.3440001010894775,3.388000011444092,3.3299999237060547,3.371999979019165,2.327069044113159,2066000,CF,yfinance,2026-02-10T05:08:32.006375+00:00
2006-03-13,3.380000114440918,3.380000114440918,3.3420000076293945,3.359999895095825,2.3187873363494873,1571000,CF,yfinance,2026-02-10T05:08:32.006375+00:00
2006-03-14,3.3499999046325684,3.375999927520752,3.3399999141693115,3.369999885559082,2.3256893157958984,1968000,CF,yfinance,2026-02-10T05:08:32.006375+00:00
2006-03-15,3.369999885559082,3.4040000438690186,3.328000068664551,3.3380000591278076,2.3036060333251953,2505000,CF,yfinance,2026-02-10T05:08:32.006375+00:00
2006-03-16,3.3480000495910645,3.3580000400543213,3.303999900817871,3.319999933242798,2.29118275642395,1293000,CF,yfinance,2026-02-10T05:08:32.006375+00:00
2006-03-17,3.3299999237060547,3.380000114440918,3.328000068664551,3.369999885559082,2.3256893157958984,3242500,CF,yfinance,2026-02-10T05:08:32.006375+00:00
2006-03-20,3.369999885559082,3.374000072479248,3.3239998817443848,3.3399999141693115,2.304985284805298,1892500,CF,yfinance,2026-02-10T05:08:32.006375+00:00
2006-03-21,3.3380000591278076,3.3380000591278076,3.2300000190734863,3.25600004196167,2.247016668319702,1888000,CF,yfinance,2026-02-10T05:08:32.006375+00:00
2006-03-22,3.247999906539917,3.365999937057495,3.2360000610351562,3.364000082015991,2.3215484619140625,1547000,CF,yfinance,2026-02-10T05:08:32.006375+00:00
2006-03-23,3.361999988555908,3.4119999408721924,3.3380000591278076,3.374000072479248,2.3284494876861572,806000,CF,yfinance,2026-02-10T05:08:32.006375+00:00
2006-03-24,3.381999969482422,3.4100000858306885,3.3459999561309814,3.4000000953674316,2.3463919162750244,977500,CF,yfinance,2026-02-10T05:08:32.006375+00:00
2006-03-27,3.3980000019073486,3.4100000858306885,3.369999885559082,3.371999979019165,2.327069044113159,414500,CF,yfinance,2026-02-10T05:08:32.006375+00:00
2006-03-28,3.359999895095825,3.361999988555908,3.299999952316284,3.312000036239624,2.2856621742248535,2245000,CF,yfinance,2026-02-10T05:08:32.006375+00:00
2006-03-29,3.319999933242798,3.378000020980835,3.309999942779541,3.3399999141693115,2.304985284805298,960000,CF,yfinance,2026-02-10T05:08:32.006375+00:00
2006-03-30,3.3299999237060547,3.4140000343322754,3.3299999237060547,3.3919999599456787,2.340871572494507,958000,CF,yfinance,2026-02-10T05:08:32.006375+00:00
2006-03-31,3.380000114440918,3.4019999504089355,3.315999984741211,3.3980000019073486,2.3450119495391846,1156500,CF,yfinance,2026-02-10T05:08:32.006375+00:00
2006-04-03,3.4019999504089355,3.444000005722046,3.4000000953674316,3.4140000343322754,2.3560538291931152,1725000,CF,yfinance,2026-02-10T05:08:32.006375+00:00
2006-04-04,3.4140000343322754,3.427999973297119,3.3580000400543213,3.361999988555908,2.3201677799224854,1048500,CF,yfinance,2026-02-10T05:08:32.006375+00:00
2006-04-05,3.369999885559082,3.4140000343322754,3.26200008392334,3.378000020980835,2.3312108516693115,1519000,CF,yfinance,2026-02-10T05:08:32.006375+00:00
2006-04-06,3.371999979019165,3.4059998989105225,3.318000078201294,3.3980000019073486,2.3450119495391846,1093500,CF,yfinance,2026-02-10T05:08:32.006375+00:00
2006-04-07,3.4000000953674316,3.4000000953674316,3.2799999713897705,3.365999937057495,2.3229286670684814,765000,CF,yfinance,2026-02-10T05:08:32.006375+00:00
2006-04-10,3.368000030517578,3.4000000953674316,3.302000045776367,3.302000045776367,2.2787606716156006,661000,CF,yfinance,2026-02-10T05:08:32.006375+00:00
2006-04-11,3.312000036239624,3.328000068664551,3.2260000705718994,3.2279999256134033,2.227692127227783,940000,CF,yfinance,2026-02-10T05:08:32.006375+00:00
2006-04-12,3.2200000286102295,3.3480000495910645,3.2200000286102295,3.309999942779541,2.2842822074890137,1701000,CF,yfinance,2026-02-10T05:08:32.006375+00:00
2006-04-13,3.2920000553131104,3.3480000495910645,3.2799999713897705,3.318000078201294,2.2898025512695312,892500,CF,yfinance,2026-02-10T05:08:32.006375+00:00
2006-04-17,3.319999933242798,3.371999979019165,3.2820000648498535,3.2839999198913574,2.266338586807251,1075500,CF,yfinance,2026-02-10T05:08:32.006375+00:00
2006-04-18,3.2780001163482666,3.4000000953674316,3.2699999809265137,3.3980000019073486,2.3450119495391846,2204000,CF,yfinance,2026-02-10T05:08:32.006375+00:00
2006-04-19,3.4000000953674316,3.50600004196167,3.368000030517578,3.4719998836517334,2.3960800170898438,1862000,CF,yfinance,2026-02-10T05:08:32.006375+00:00
2006-04-20,3.4839999675750732,3.5999999046325684,3.4760000705718994,3.5799999237060547,2.470613718032837,1691000,CF,yfinance,2026-02-10T05:08:32.006375+00:00
2006-04-21,3.614000082015991,3.634000062942505,3.446000099182129,3.552000045776367,2.451289653778076,7823500,CF,yfinance,2026-02-10T05:08:32.006375+00:00
2006-04-24,3.549999952316284,3.558000087738037,3.4639999866485596,3.4820001125335693,2.4029812812805176,1505000,CF,yfinance,2026-02-10T05:08:32.006375+00:00
2006-04-25,3.4800000190734863,3.559999942779541,3.450000047683716,3.559999942779541,2.4568114280700684,1388500,CF,yfinance,2026-02-10T05:08:32.006375+00:00
2006-04-26,3.5759999752044678,3.6679999828338623,3.5239999294281006,3.5399999618530273,2.443007469177246,1692500,CF,yfinance,2026-02-10T05:08:32.006375+00:00
2006-04-27,3.5199999809265137,3.5899999141693115,3.49399995803833,3.5360000133514404,2.4402472972869873,1275500,CF,yfinance,2026-02-10T05:08:32.006375+00:00
2006-04-28,3.5,3.5,3.322000026702881,3.4600000381469727,2.3877997398376465,3939500,CF,yfinance,2026-02-10T05:08:32.006375+00:00
2006-05-01,3.4000000953674316,3.568000078201294,3.369999885559082,3.5399999618530273,2.443007469177246,2382500,CF,yfinance,2026-02-10T05:08:32.006375+00:00
2006-05-02,3.5899999141693115,3.75,3.5799999237060547,3.75,2.58793306350708,4408000,CF,yfinance,2026-02-10T05:08:32.006375+00:00
2006-05-03,3.740000009536743,3.740000009536743,3.6419999599456787,3.6659998893737793,2.5299630165100098,3149000,CF,yfinance,2026-02-10T05:08:32.006375+00:00
2006-05-04,3.6659998893737793,3.6659998893737793,3.5739998817443848,3.5799999237060547,2.470613718032837,2255500,CF,yfinance,2026-02-10T05:08:32.006375+00:00
2006-05-05,3.5799999237060547,3.609999895095825,3.5339999198913574,3.5899999141693115,2.4775145053863525,1963000,CF,yfinance,2026-02-10T05:08:32.006375+00:00
2006-05-08,3.5920000076293945,3.5920000076293945,3.4860000610351562,3.5239999294281006,2.431966543197632,1486000,CF,yfinance,2026-02-10T05:08:32.006375+00:00
2006-05-09,3.5239999294281006,3.5380001068115234,3.5,3.503999948501587,2.4181644916534424,1416500,CF,yfinance,2026-02-10T05:08:32.006375+00:00
2006-05-10,3.496000051498413,3.5999999046325684,3.4600000381469727,3.502000093460083,2.4167845249176025,2660000,CF,yfinance,2026-02-10T05:08:32.006375+00:00
2006-05-11,3.49399995803833,3.563999891281128,3.4079999923706055,3.4100000858306885,2.3559837341308594,1813000,CF,yfinance,2026-02-10T05:08:32.006375+00:00
2006-05-12,3.4100000858306885,3.4260001182556152,3.3519999980926514,3.368000030517578,2.3269665241241455,1243000,CF,yfinance,2026-02-10T05:08:32.006375+00:00
2006-05-15,3.3440001010894775,3.390000104904175,3.319999933242798,3.3399999141693115,2.3076212406158447,1124500,CF,yfinance,2026-02-10T05:08:32.006375+00:00
2006-05-16,3.3359999656677246,3.50600004196167,3.328000068664551,3.4619998931884766,2.3919119834899902,2123000,CF,yfinance,2026-02-10T05:08:32.006375+00:00
2006-05-17,3.4619998931884766,3.507999897003174,3.3399999141693115,3.368000030517578,2.3269665241241455,3117500,CF,yfinance,2026-02-10T05:08:32.006375+00:00
2006-05-18,3.388000011444092,3.4660000801086426,3.3440001010894775,3.3940000534057617,2.3449296951293945,1314500,CF,yfinance,2026-02-10T05:08:32.006375+00:00
2006-05-19,3.3940000534057617,3.4679999351501465,3.359999895095825,3.4019999504089355,2.350457191467285,3127000,CF,yfinance,2026-02-10T05:08:32.006375+00:00
2006-05-22,3.374000072479248,3.4760000705718994,3.2279999256134033,3.313999891281128,2.2896573543548584,7404500,CF,yfinance,2026-02-10T05:08:32.006375+00:00
2006-05-23,3.3499999046325684,3.431999921798706,3.252000093460083,3.2820000648498535,2.2675483226776123,2404500,CF,yfinance,2026-02-10T05:08:32.006375+00:00
2006-05-24,3.2720000743865967,3.319999933242798,3.2200000286102295,3.299999952316284,2.2799856662750244,3430500,CF,yfinance,2026-02-10T05:08:32.006375+00:00
2006-05-25,3.3459999561309814,3.4660000801086426,3.3239998817443848,3.3919999599456787,2.3435487747192383,2158500,CF,yfinance,2026-02-10T05:08:32.006375+00:00
2006-05-26,3.4200000762939453,3.4600000381469727,3.3519999980926514,3.430000066757202,2.369802951812744,2737500,CF,yfinance,2026-02-10T05:08:32.006375+00:00
2006-05-30,3.430000066757202,3.4679999351501465,3.308000087738037,3.3499999046325684,2.31453013420105,1524500,CF,yfinance,2026-02-10T05:08:32.006375+00:00
2006-05-31,3.369999885559082,3.437999963760376,3.303999900817871,3.4159998893737793,2.3601300716400146,3197000,CF,yfinance,2026-02-10T05:08:32.006375+00:00
2006-06-01,3.4159998893737793,3.4159998893737793,3.2960000038146973,3.3340001106262207,2.3034753799438477,1906500,CF,yfinance,2026-02-10T05:08:32.006375+00:00
2006-06-02,3.359999895095825,3.371999979019165,3.25600004196167,3.2799999713897705,2.2661666870117188,2036000,CF,yfinance,2026-02-10T05:08:32.006375+00:00
2006-06-05,3.2639999389648438,3.2639999389648438,3.200000047683716,3.200000047683716,2.21089506149292,1736500,CF,yfinance,2026-02-10T05:08:32.006375+00:00
2006-06-06,3.200000047683716,3.25,3.111999988555908,3.1440000534057617,2.172203779220581,1874000,CF,yfinance,2026-02-10T05:08:32.006375+00:00
2006-06-07,3.138000011444092,3.194000005722046,3.058000087738037,3.140000104904175,2.169440746307373,2106000,CF,yfinance,2026-02-10T05:08:32.006375+00:00
2006-06-08,3.119999885559082,3.119999885559082,3.002000093460083,3.063999891281128,2.116931438446045,2603500,CF,yfinance,2026-02-10T05:08:32.006375+00:00
2006-06-09,3.063999891281128,3.065999984741211,2.9619998931884766,2.9839999675750732,2.0616588592529297,2787500,CF,yfinance,2026-02-10T05:08:32.006375+00:00
2006-06-12,2.9760000705718994,2.9760000705718994,2.828000068664551,2.8359999656677246,1.9594054222106934,2687000,CF,yfinance,2026-02-10T05:08:32.006375+00:00
2006-06-13,2.809999942779541,2.8299999237060547,2.6440000534057617,2.700000047683716,1.8654413223266602,7447500,CF,yfinance,2026-02-10T05:08:32.006375+00:00
2006-06-14,2.677999973297119,2.8359999656677246,2.677999973297119,2.8239998817443848,1.9511146545410156,4066500,CF,yfinance,2026-02-10T05:08:32.006375+00:00
2006-06-15,2.8519999980926514,2.927999973297119,2.8340001106262207,2.875999927520752,1.987041711807251,4515000,CF,yfinance,2026-02-10T05:08:32.006375+00:00
2006-06-16,2.878000020980835,2.888000011444092,2.8299999237060547,2.8519999980926514,1.9704601764678955,4184500,CF,yfinance,2026-02-10T05:08:32.006375+00:00
2006-06-19,2.8559999465942383,2.8559999465942383,2.752000093460083,2.7660000324249268,1.9110419750213623,1349000,CF,yfinance,2026-02-10T05:08:32.006375+00:00
2006-06-20,2.75,2.753999948501587,2.694000005722046,2.746000051498413,1.897223711013794,3152500,CF,yfinance,2026-02-10T05:08:32.006375+00:00
2006-06-21,2.73799991607666,2.812000036239624,2.7300000190734863,2.7799999713897705,1.920715093612671,1470500,CF,yfinance,2026-02-10T05:08:32.006375+00:00
2006-06-22,2.7799999713897705,2.7799999713897705,2.696000099182129,2.7160000801086426,1.8764967918395996,2478500,CF,yfinance,2026-02-10T05:08:32.006375+00:00
2006-06-23,2.7139999866485596,2.8359999656677246,2.6760001182556152,2.8259999752044678,1.9524961709976196,1949000,CF,yfinance,2026-02-10T05:08:32.006375+00:00
2006-06-26,2.8459999561309814,2.8459999561309814,2.7980000972747803,2.799999952316284,1.934532642364502,1194000,CF,yfinance,2026-02-10T05:08:32.006375+00:00
2006-06-27,2.813999891281128,2.813999891281128,2.700000047683716,2.7019999027252197,1.8668245077133179,1904000,CF,yfinance,2026-02-10T05:08:32.006375+00:00
2006-06-28,2.7160000801086426,2.742000102996826,2.6579999923706055,2.6760001182556152,1.848860263824463,2147500,CF,yfinance,2026-02-10T05:08:32.006375+00:00
2006-06-29,2.7100000381469727,2.888000011444092,2.7100000381469727,2.880000114440918,1.9898054599761963,1919500,CF,yfinance,2026-02-10T05:08:32.006375+00:00
2006-06-30,2.9100000858306885,2.941999912261963,2.8320000171661377,2.8519999980926514,1.9704601764678955,6341500,CF,yfinance,2026-02-10T05:08:32.006375+00:00
2006-07-03,2.809999942779541,2.8519999980926514,2.7739999294281006,2.808000087738037,1.940061092376709,737000,CF,yfinance,2026-02-10T05:08:32.006375+00:00
2006-07-05,2.808000087738037,2.8259999752044678,2.747999906539917,2.805999994277954,1.9386779069900513,1311000,CF,yfinance,2026-02-10T05:08:32.006375+00:00
2006-07-06,2.815999984741211,2.8499999046325684,2.7660000324249268,2.803999900817871,1.9372974634170532,1026000,CF,yfinance,2026-02-10T05:08:32.006375+00:00
2006-07-07,2.7939999103546143,2.7939999103546143,2.7260000705718994,2.75,1.8999875783920288,1393500,CF,yfinance,2026-02-10T05:08:32.006375+00:00
2006-07-10,2.75,2.7720000743865967,2.7260000705718994,2.7339999675750732,1.8889330625534058,1174500,CF,yfinance,2026-02-10T05:08:32.006375+00:00
2006-07-11,2.7219998836517334,2.7839999198913574,2.6700000762939453,2.759999990463257,1.9068970680236816,1635000,CF,yfinance,2026-02-10T05:08:32.006375+00:00
2006-07-12,2.753999948501587,2.8559999465942383,2.747999906539917,2.747999906539917,1.8986046314239502,1696000,CF,yfinance,2026-02-10T05:08:32.006375+00:00
2006-07-13,2.7200000286102295,2.76200008392334,2.6659998893737793,2.6679999828338623,1.843333125114441,1275000,CF,yfinance,2026-02-10T05:08:32.006375+00:00
2006-07-14,2.680000066757202,2.690000057220459,2.611999988555908,2.6440000534057617,1.8267521858215332,1323000,CF,yfinance,2026-02-10T05:08:32.006375+00:00
2006-07-17,2.638000011444092,2.6579999923706055,2.5820000171661377,2.6080000400543213,1.8018786907196045,1248500,CF,yfinance,2026-02-10T05:08:32.006375+00:00
2006-07-18,2.619999885559082,2.6679999828338623,2.5999999046325684,2.6640000343322754,1.8405696153640747,1095000,CF,yfinance,2026-02-10T05:08:32.006375+00:00
2006-07-19,2.671999931335449,2.8359999656677246,2.671999931335449,2.8320000171661377,1.9566417932510376,1850000,CF,yfinance,2026-02-10T05:08:32.006375+00:00
2006-07-20,2.8420000076293945,2.8499999046325684,2.73799991607666,2.740000009536743,1.893078327178955,1747000,CF,yfinance,2026-02-10T05:08:32.006375+00:00
2006-07-21,2.740000009536743,2.812000036239624,2.7079999446868896,2.7679998874664307,1.912424087524414,3119000,CF,yfinance,2026-02-10T05:08:32.006375+00:00
2006-07-24,2.7699999809265137,2.859999895095825,2.7360000610351562,2.859999895095825,1.9759880304336548,1791500,CF,yfinance,2026-02-10T05:08:32.006375+00:00
2006-07-25,2.869999885559082,2.9719998836517334,2.8399999141693115,2.9660000801086426,2.0492236614227295,2108500,CF,yfinance,2026-02-10T05:08:32.006375+00:00
2006-07-26,2.9619998931884766,2.98799991607666,2.874000072479248,2.9719998836517334,2.053368091583252,1541500,CF,yfinance,2026-02-10T05:08:32.006375+00:00
2006-07-27,2.990000009536743,3.049999952316284,2.9119999408721924,3.0179998874664307,2.0851495265960693,1927500,CF,yfinance,2026-02-10T05:08:32.006375+00:00
2006-07-28,3.180000066757202,3.2019999027252197,3.125999927520752,3.1679999828338623,2.1887855529785156,3937000,CF,yfinance,2026-02-10T05:08:32.006375+00:00
2006-07-31,3.1519999504089355,3.2739999294281006,3.0959999561309814,3.242000102996826,2.239912986755371,3384000,CF,yfinance,2026-02-10T05:08:32.006375+00:00
2006-08-01,3.242000102996826,3.242000102996826,3.121999979019165,3.1559998989105225,2.1804943084716797,1699000,CF,yfinance,2026-02-10T05:08:32.006375+00:00
2006-08-02,3.1760001182556152,3.1760001182556152,3.0420000553131104,3.063999891281128,2.116931438446045,2219000,CF,yfinance,2026-02-10T05:08:32.006375+00:00
2006-08-03,3.0420000553131104,3.0980000495910645,3.0199999809265137,3.0439999103546143,2.1031134128570557,1364500,CF,yfinance,2026-02-10T05:08:32.006375+00:00
2006-08-04,3.109999895095825,3.171999931335449,3.0420000553131104,3.0799999237060547,2.127985954284668,1243000,CF,yfinance,2026-02-10T05:08:32.006375+00:00
2006-08-07,3.049999952316284,3.0799999237060547,3.0239999294281006,3.0739998817443848,2.12384033203125,2593500,CF,yfinance,2026-02-10T05:08:32.006375+00:00
2006-08-08,3.0920000076293945,3.114000082015991,2.9760000705718994,2.9839999675750732,2.0616588592529297,1819500,CF,yfinance,2026-02-10T05:08:32.006375+00:00
2006-08-09,3.0220000743865967,3.052000045776367,3.0,3.00600004196167,2.076860189437866,1462000,CF,yfinance,2026-02-10T05:08:32.006375+00:00
2006-08-10,2.990000009536743,3.0360000133514404,2.9619998931884766,2.9660000801086426,2.0519540309906006,1754500,CF,yfinance,2026-02-10T05:08:32.006375+00:00
2006-08-11,2.950000047683716,3.0420000553131104,2.9019999504089355,2.9140000343322754,2.0159783363342285,1429500,CF,yfinance,2026-02-10T05:08:32.006375+00:00
2006-08-14,2.934000015258789,3.0380001068115234,2.921999931335449,2.990000009536743,2.0685572624206543,1387500,CF,yfinance,2026-02-10T05:08:32.006375+00:00
2006-08-15,3.0360000133514404,3.0980000495910645,2.98799991607666,3.063999891281128,2.1197524070739746,993000,CF,yfinance,2026-02-10T05:08:32.006375+00:00
2006-08-16,3.0959999561309814,3.121999979019165,3.0799999237060547,3.0940001010894775,2.1405069828033447,812000,CF,yfinance,2026-02-10T05:08:32.006375+00:00
2006-08-17,3.0999999046325684,3.109999895095825,3.068000078201294,3.0999999046325684,2.144657850265503,857000,CF,yfinance,2026-02-10T05:08:32.006375+00:00
2006-08-18,3.1080000400543213,3.119999885559082,3.01200008392334,3.052000045776367,2.1114509105682373,842000,CF,yfinance,2026-02-10T05:08:32.006375+00:00
2006-08-21,3.0399999618530273,3.0999999046325684,3.0280001163482666,3.0920000076293945,2.1391234397888184,590500,CF,yfinance,2026-02-10T05:08:32.006375+00:00
2006-08-22,3.078000068664551,3.119999885559082,3.0460000038146973,3.1040000915527344,2.147425651550293,1062000,CF,yfinance,2026-02-10T05:08:32.006375+00:00
2006-08-23,3.115999937057495,3.128000020980835,3.078000068664551,3.1040000915527344,2.147425651550293,1155500,CF,yfinance,2026-02-10T05:08:32.006375+00:00
2006-08-24,3.109999895095825,3.130000114440918,3.0840001106262207,3.0999999046325684,2.144657850265503,1384500,CF,yfinance,2026-02-10T05:08:32.006375+00:00
2006-08-25,3.0980000495910645,3.140000104904175,3.069999933242798,3.114000082015991,2.154343843460083,532000,CF,yfinance,2026-02-10T05:08:32.006375+00:00
2006-08-28,3.119999885559082,3.2200000286102295,3.115999937057495,3.196000099182129,2.211073398590088,1245500,CF,yfinance,2026-02-10T05:08:32.006375+00:00
2006-08-29,3.2100000381469727,3.240000009536743,3.125999927520752,3.200000047683716,2.213840961456299,844500,CF,yfinance,2026-02-10T05:08:32.006375+00:00
2006-08-30,3.2160000801086426,3.240000009536743,3.1700000762939453,3.186000108718872,2.204155683517456,1064000,CF,yfinance,2026-02-10T05:08:32.006375+00:00
2006-08-31,3.184000015258789,3.246000051498413,3.1559998989105225,3.171999931335449,2.194469451904297,1434500,CF,yfinance,2026-02-10T05:08:32.006375+00:00
2006-09-01,3.200000047683716,3.23799991607666,3.1600000858306885,3.181999921798706,2.2013869285583496,1119500,CF,yfinance,2026-02-10T05:08:32.006375+00:00
2006-09-05,3.196000099182129,3.315999984741211,3.196000099182129,3.313999891281128,2.292708396911621,1521500,CF,yfinance,2026-02-10T05:08:32.006375+00:00
2006-09-06,3.308000087738037,3.371999979019165,3.2980000972747803,3.319999933242798,2.2968597412109375,2025000,CF,yfinance,2026-02-10T05:08:32.006375+00:00
2006-09-07,3.2939999103546143,3.3399999141693115,3.2920000553131104,3.299999952316284,2.2830231189727783,1298500,CF,yfinance,2026-02-10T05:08:32.006375+00:00
2006-09-08,3.302000045776367,3.3320000171661377,3.2860000133514404,3.309999942779541,2.2899413108825684,1306500,CF,yfinance,2026-02-10T05:08:32.006375+00:00
2006-09-11,3.299999952316284,3.328000068664551,3.2739999294281006,3.2760000228881836,2.2664198875427246,2082500,CF,yfinance,2026-02-10T05:08:32.006375+00:00
2006-09-12,3.2760000228881836,3.3499999046325684,3.2760000228881836,3.3399999141693115,2.3106958866119385,2311000,CF,yfinance,2026-02-10T05:08:32.006375+00:00
2006-09-13,3.3380000591278076,3.4000000953674316,3.313999891281128,3.369999885559082,2.3314502239227295,2280500,CF,yfinance,2026-02-10T05:08:32.006375+00:00
2006-09-14,3.359999895095825,3.380000114440918,3.3239998817443848,3.369999885559082,2.3314502239227295,2770500,CF,yfinance,2026-02-10T05:08:32.006375+00:00
2006-09-15,3.390000104904175,3.3919999599456787,3.319999933242798,3.3440001010894775,2.313462972640991,3328500,CF,yfinance,2026-02-10T05:08:32.006375+00:00
2006-09-18,3.3259999752044678,3.390000104904175,3.309999942779541,3.364000082015991,2.3272998332977295,1172500,CF,yfinance,2026-02-10T05:08:32.006375+00:00
2006-09-19,3.359999895095825,3.4159998893737793,3.3259999752044678,3.4000000953674316,2.352205753326416,3310500,CF,yfinance,2026-02-10T05:08:32.006375+00:00
2006-09-20,3.4100000858306885,3.431999921798706,3.3559999465942383,3.390000104904175,2.345287322998047,2954500,CF,yfinance,2026-02-10T05:08:32.006375+00:00
2006-09-21,3.4140000343322754,3.4140000343322754,3.3519999980926514,3.381999969482422,2.3397533893585205,1711000,CF,yfinance,2026-02-10T05:08:32.006375+00:00
2006-09-22,3.380000114440918,3.380000114440918,3.305999994277954,3.3359999656677246,2.307929039001465,1407500,CF,yfinance,2026-02-10T05:08:32.006375+00:00
2006-09-25,3.3340001106262207,3.369999885559082,3.2880001068115234,3.3239998817443848,2.2996275424957275,1187000,CF,yfinance,2026-02-10T05:08:32.006375+00:00
2006-09-26,3.3320000171661377,3.4100000858306885,3.3320000171661377,3.388000011444092,2.343902826309204,1819500,CF,yfinance,2026-02-10T05:08:32.006375+00:00
2006-09-27,3.368000030517578,3.440000057220459,3.3499999046325684,3.4000000953674316,2.352205753326416,1265000,CF,yfinance,2026-02-10T05:08:32.006375+00:00
2006-09-28,3.4100000858306885,3.4639999866485596,3.369999885559082,3.4579999446868896,2.392331838607788,1758500,CF,yfinance,2026-02-10T05:08:32.006375+00:00
2006-09-29,3.444000005722046,3.4539999961853027,3.4019999504089355,3.4140000343322754,2.361891031265259,2042500,CF,yfinance,2026-02-10T05:08:32.006375+00:00
2006-10-02,3.4560000896453857,3.50600004196167,3.440000057220459,3.503999948501587,2.4241552352905273,4113500,CF,yfinance,2026-02-10T05:08:32.006375+00:00
2006-10-03,3.4839999675750732,3.565999984741211,3.4679999351501465,3.503999948501587,2.4241552352905273,2504500,CF,yfinance,2026-02-10T05:08:32.006375+00:00
2006-10-04,3.50600004196167,3.5399999618530273,3.4739999771118164,3.5360000133514404,2.4462926387786865,3663000,CF,yfinance,2026-02-10T05:08:32.006375+00:00
2006-10-05,3.5380001068115234,3.6600000858306885,3.5380001068115234,3.6459999084472656,2.522394895553589,5614000,CF,yfinance,2026-02-10T05:08:32.006375+00:00
2006-10-06,3.6459999084472656,3.6540000438690186,3.5959999561309814,3.640000104904175,2.518242597579956,3330500,CF,yfinance,2026-02-10T05:08:32.006375+00:00
2006-10-09,3.6419999599456787,3.691999912261963,3.5980000495910645,3.677999973297119,2.5445327758789062,2013000,CF,yfinance,2026-02-10T05:08:32.006375+00:00
2006-10-10,3.677999973297119,3.746000051498413,3.671999931335449,3.7219998836517334,2.574972629547119,4898000,CF,yfinance,2026-02-10T05:08:32.006375+00:00
2006-10-11,3.7200000286102295,3.7200000286102295,3.5739998817443848,3.640000104904175,2.518242597579956,1732500,CF,yfinance,2026-02-10T05:08:32.006375+00:00
2006-10-12,3.6500000953674316,3.8380000591278076,3.6500000953674316,3.809999942779541,2.6358535289764404,3880500,CF,yfinance,2026-02-10T05:08:32.006375+00:00
2006-10-13,3.828000068664551,3.8340001106262207,3.746000051498413,3.75,2.5943453311920166,1977500,CF,yfinance,2026-02-10T05:08:32.006375+00:00
2006-10-16,3.74399995803833,3.799999952316284,3.7200000286102295,3.7880001068115234,2.620634078979492,2952000,CF,yfinance,2026-02-10T05:08:32.006375+00:00
2006-10-17,3.7899999618530273,3.7980000972747803,3.630000114440918,3.7039999961853027,2.5625202655792236,2820000,CF,yfinance,2026-02-10T05:08:32.006375+00:00
2006-10-18,3.7300000190734863,3.7839999198913574,3.7179999351501465,3.7660000324249268,2.6054141521453857,2322000,CF,yfinance,2026-02-10T05:08:32.006375+00:00
2006-10-19,3.7660000324249268,3.822000026702881,3.7660000324249268,3.7980000972747803,2.6275522708892822,4306500,CF,yfinance,2026-02-10T05:08:32.006375+00:00
2006-10-20,3.799999952316284,3.799999952316284,3.691999912261963,3.7219998836517334,2.574972629547119,3648000,CF,yfinance,2026-02-10T05:08:32.006375+00:00
2006-10-23,3.700000047683716,3.7839999198913574,3.684000015258789,3.757999897003174,2.5998775959014893,2144500,CF,yfinance,2026-02-10T05:08:32.006375+00:00
2006-10-24,3.75,3.7899999618530273,3.7219998836517334,3.76200008392334,2.602646827697754,1744000,CF,yfinance,2026-02-10T05:08:32.006375+00:00
2006-10-25,3.7799999713897705,3.880000114440918,3.7799999713897705,3.8499999046325684,2.663527250289917,6620000,CF,yfinance,2026-02-10T05:08:32.006375+00:00
2006-10-26,3.875999927520752,3.9140000343322754,3.8480000495910645,3.885999917984009,2.6884329319000244,3232500,CF,yfinance,2026-02-10T05:08:32.006375+00:00
2006-10-27,3.885999917984009,4.173999786376953,3.799999952316284,4.001999855041504,2.7686846256256104,5276000,CF,yfinance,2026-02-10T05:08:32.006375+00:00
2006-10-30,4.0,4.052000045776367,3.9800000190734863,4.010000228881836,2.774219036102295,4697500,CF,yfinance,2026-02-10T05:08:32.006375+00:00
2006-10-31,4.050000190734863,4.065999984741211,3.947999954223633,3.9639999866485596,2.7423951625823975,1803500,CF,yfinance,2026-02-10T05:08:32.006375+00:00
2006-11-01,4.0960001945495605,4.210000038146973,3.990000009536743,3.992000102996826,2.7617671489715576,7737500,CF,yfinance,2026-02-10T05:08:32.006375+00:00
2006-11-02,3.9820001125335693,4.131999969482422,3.931999921798706,4.035999774932861,2.792206287384033,6495500,CF,yfinance,2026-02-10T05:08:32.006375+00:00
2006-11-03,4.041999816894531,4.061999797821045,4.001999855041504,4.044000148773193,2.797741174697876,2933000,CF,yfinance,2026-02-10T05:08:32.006375+00:00
2006-11-06,4.059999942779541,4.142000198364258,4.041999816894531,4.127999782562256,2.8558542728424072,3994000,CF,yfinance,2026-02-10T05:08:32.006375+00:00
2006-11-07,4.1479997634887695,4.185999870300293,4.110000133514404,4.131999969482422,2.858621597290039,3996500,CF,yfinance,2026-02-10T05:08:32.006375+00:00
2006-11-08,4.119999885559082,4.24399995803833,4.099999904632568,4.202000141143799,2.9070489406585693,2548500,CF,yfinance,2026-02-10T05:08:32.006375+00:00
2006-11-09,4.210000038146973,4.230000019073486,4.127999782562256,4.139999866485596,2.866885185241699,1729000,CF,yfinance,2026-02-10T05:08:32.006375+00:00
2006-11-10,4.1620001792907715,4.361999988555908,4.104000091552734,4.269999980926514,2.9569084644317627,4266000,CF,yfinance,2026-02-10T05:08:32.006375+00:00
2006-11-13,4.251999855041504,4.269999980926514,4.193999767303467,4.239999771118164,2.9361343383789062,1932500,CF,yfinance,2026-02-10T05:08:32.006375+00:00
2006-11-14,4.26200008392334,4.369999885559082,4.239999771118164,4.334000110626221,3.0012271404266357,4025500,CF,yfinance,2026-02-10T05:08:32.006375+00:00
2006-11-15,4.242000102996826,4.349999904632568,4.159999847412109,4.303999900817871,2.9804530143737793,4592000,CF,yfinance,2026-02-10T05:08:32.006375+00:00
2006-11-16,4.317999839782715,4.375999927520752,4.306000232696533,4.335999965667725,3.0026118755340576,1247500,CF,yfinance,2026-02-10T05:08:32.006375+00:00
2006-11-17,4.335999965667725,4.354000091552734,4.308000087738037,4.3379998207092285,3.0039966106414795,1823000,CF,yfinance,2026-02-10T05:08:32.006375+00:00
2006-11-20,4.429999828338623,4.550000190734863,4.409999847412109,4.52400016784668,3.1327996253967285,3699500,CF,yfinance,2026-02-10T05:08:32.006375+00:00
2006-11-21,4.52400016784668,4.5980000495910645,4.5,4.5960001945495605,3.1826586723327637,2319000,CF,yfinance,2026-02-10T05:08:32.006375+00:00
2006-11-22,4.590000152587891,4.610000133514404,4.535999774932861,4.558000087738037,3.156344175338745,1246500,CF,yfinance,2026-02-10T05:08:32.006375+00:00
2006-11-24,4.5279998779296875,4.570000171661377,4.501999855041504,4.570000171661377,3.164652109146118,615000,CF,yfinance,2026-02-10T05:08:32.006375+00:00
2006-11-27,4.553999900817871,4.553999900817871,4.409999847412109,4.427999973297119,3.0663206577301025,1609500,CF,yfinance,2026-02-10T05:08:32.006375+00:00
2006-11-28,4.4079999923706055,4.453999996185303,4.343999862670898,4.434000015258789,3.0704753398895264,1549000,CF,yfinance,2026-02-10T05:08:32.006375+00:00
2006-11-29,4.492000102996826,4.539999961853027,4.458000183105469,4.50600004196167,3.1203346252441406,1901500,CF,yfinance,2026-02-10T05:08:32.006375+00:00
2006-11-30,4.51800012588501,4.576000213623047,4.513999938964844,4.550000190734863,3.150803327560425,5455500,CF,yfinance,2026-02-10T05:08:32.006375+00:00
2006-12-01,4.550000190734863,4.550000190734863,4.369999885559082,4.507999897003174,3.1217195987701416,3873500,CF,yfinance,2026-02-10T05:08:32.006375+00:00
2006-12-04,4.5,4.570000171661377,4.5,4.553999900817871,3.153574228286743,3113000,CF,yfinance,2026-02-10T05:08:32.006375+00:00
2006-12-05,4.570000171661377,4.638000011444092,4.553999900817871,4.630000114440918,3.2062020301818848,2876500,CF,yfinance,2026-02-10T05:08:32.006375+00:00
2006-12-06,4.636000156402588,4.682000160217285,4.636000156402588,4.664000034332275,3.229748249053955,1482500,CF,yfinance,2026-02-10T05:08:32.006375+00:00
2006-12-07,4.670000076293945,4.696000099182129,4.633999824523926,4.639999866485596,3.2131264209747314,2998000,CF,yfinance,2026-02-10T05:08:32.006375+00:00
2006-12-08,4.639999866485596,4.676000118255615,4.607999801635742,4.673999786376953,3.2366714477539062,2918000,CF,yfinance,2026-02-10T05:08:32.006375+00:00
2006-12-11,4.688000202178955,4.800000190734863,4.685999870300293,4.73799991607666,3.2809908390045166,2453500,CF,yfinance,2026-02-10T05:08:32.006375+00:00
2006-12-12,4.72599983215332,4.77400016784668,4.685999870300293,4.696000099182129,3.251905918121338,1949000,CF,yfinance,2026-02-10T05:08:32.006375+00:00
2006-12-13,4.739999771118164,4.757999897003174,4.679999828338623,4.7220001220703125,3.269911050796509,1773500,CF,yfinance,2026-02-10T05:08:32.006375+00:00
2006-12-14,4.739999771118164,4.791999816894531,4.73199987411499,4.751999855041504,3.290684938430786,2886000,CF,yfinance,2026-02-10T05:08:32.006375+00:00
2006-12-15,4.757999897003174,4.822000026702881,4.736000061035156,4.800000190734863,3.3239259719848633,3204500,CF,yfinance,2026-02-10T05:08:32.006375+00:00
2006-12-18,4.789999961853027,4.806000232696533,4.6620001792907715,4.71999979019165,3.268526792526245,3313500,CF,yfinance,2026-02-10T05:08:32.006375+00:00
2006-12-19,4.690000057220459,4.788000106811523,4.6539998054504395,4.7779998779296875,3.308690071105957,2302000,CF,yfinance,2026-02-10T05:08:32.006375+00:00
2006-12-20,4.800000190734863,4.932000160217285,4.796000003814697,4.909999847412109,3.4000985622406006,4663000,CF,yfinance,2026-02-10T05:08:32.006375+00:00
2006-12-21,4.909999847412109,4.927999973297119,4.8379998207092285,4.900000095367432,3.3931736946105957,1396500,CF,yfinance,2026-02-10T05:08:32.006375+00:00
2006-12-22,4.900000095367432,4.992000102996826,4.843999862670898,4.992000102996826,3.4568800926208496,2583000,CF,yfinance,2026-02-10T05:08:32.006375+00:00
2006-12-26,4.992000102996826,5.199999809265137,4.949999809265137,5.196000099182129,3.5981500148773193,3512500,CF,yfinance,2026-02-10T05:08:32.006375+00:00
2006-12-27,5.230000019073486,5.320000171661377,5.2179999351501465,5.2779998779296875,3.6549324989318848,3396000,CF,yfinance,2026-02-10T05:08:32.006375+00:00
2006-12-28,5.302000045776367,5.320000171661377,5.190000057220459,5.196000099182129,3.5981500148773193,2118500,CF,yfinance,2026-02-10T05:08:32.006375+00:00
2006-12-29,5.179999828338623,5.242000102996826,5.111999988555908,5.127999782562256,3.5510599613189697,1887000,CF,yfinance,2026-02-10T05:08:32.006375+00:00
2007-01-03,5.177999973297119,5.3480000495910645,5.139999866485596,5.291999816894531,3.664626121520996,3847500,CF,yfinance,2026-02-10T05:08:32.006375+00:00
2007-01-04,5.289999961853027,5.377999782562256,5.260000228881836,5.349999904632568,3.7047901153564453,2146500,CF,yfinance,2026-02-10T05:08:32.006375+00:00
2007-01-05,5.170000076293945,5.331999778747559,5.170000076293945,5.317999839782715,3.682631254196167,2165500,CF,yfinance,2026-02-10T05:08:32.006375+00:00
2007-01-08,5.317999839782715,5.3480000495910645,5.2179999351501465,5.283999919891357,3.659086227416992,2544500,CF,yfinance,2026-02-10T05:08:32.006375+00:00
2007-01-09,5.296000003814697,5.420000076293945,5.289999961853027,5.4039998054504395,3.7421860694885254,3017500,CF,yfinance,2026-02-10T05:08:32.006375+00:00
2007-01-10,5.4039998054504395,5.453999996185303,5.389999866485596,5.429999828338623,3.760190725326538,3484500,CF,yfinance,2026-02-10T05:08:32.006375+00:00
2007-01-11,5.438000202178955,5.564000129699707,5.420000076293945,5.539999961853027,3.836362600326538,2695000,CF,yfinance,2026-02-10T05:08:32.006375+00:00
2007-01-12,5.642000198364258,5.855999946594238,5.630000114440918,5.806000232696533,4.020565032958984,5354500,CF,yfinance,2026-02-10T05:08:32.006375+00:00
2007-01-16,5.8420000076293945,5.953999996185303,5.8379998207092285,5.880000114440918,4.071806907653809,4929500,CF,yfinance,2026-02-10T05:08:32.006375+00:00
2007-01-17,5.877999782562256,5.920000076293945,5.8420000076293945,5.880000114440918,4.071806907653809,3700500,CF,yfinance,2026-02-10T05:08:32.006375+00:00
2007-01-18,5.883999824523926,5.9019999504089355,5.765999794006348,5.76800012588501,3.994248628616333,2779000,CF,yfinance,2026-02-10T05:08:32.006375+00:00
2007-01-19,5.760000228881836,5.869999885559082,5.74399995803833,5.857999801635742,4.056572437286377,3209500,CF,yfinance,2026-02-10T05:08:32.006375+00:00
2007-01-22,5.860000133514404,5.866000175476074,5.71999979019165,5.734000205993652,3.9707047939300537,2494500,CF,yfinance,2026-02-10T05:08:32.006375+00:00
2007-01-23,5.71999979019165,5.855999946594238,5.670000076293945,5.788000106811523,4.008100509643555,4710500,CF,yfinance,2026-02-10T05:08:32.006375+00:00
2007-01-24,5.785999774932861,5.820000171661377,5.559999942779541,5.763999938964844,3.9914803504943848,2611000,CF,yfinance,2026-02-10T05:08:32.006375+00:00
2007-01-25,5.760000228881836,5.789999961853027,5.642000198364258,5.664000034332275,3.922232151031494,1836000,CF,yfinance,2026-02-10T05:08:32.006375+00:00
2007-01-26,5.664000034332275,5.7779998779296875,5.639999866485596,5.739999771118164,3.9748589992523193,3197500,CF,yfinance,2026-02-10T05:08:32.006375+00:00
2007-01-29,5.77400016784668,6.435999870300293,5.730000019073486,6.296000003814697,4.3598809242248535,10060000,CF,yfinance,2026-02-10T05:08:32.006375+00:00
2007-01-30,6.314000129699707,6.349999904632568,6.138000011444092,6.1539998054504395,4.261548042297363,6355500,CF,yfinance,2026-02-10T05:08:32.006375+00:00
2007-01-31,6.156000137329102,6.25600004196167,6.076000213623047,6.099999904632568,4.224153518676758,5907000,CF,yfinance,2026-02-10T05:08:32.006375+00:00
2007-02-01,6.28000020980835,6.581999778747559,6.28000020980835,6.363999843597412,4.40696907043457,5335000,CF,yfinance,2026-02-10T05:08:32.006375+00:00
2007-02-02,6.400000095367432,6.4039998054504395,6.2779998779296875,6.311999797821045,4.370961666107178,1697500,CF,yfinance,2026-02-10T05:08:32.006375+00:00
2007-02-05,6.322000026702881,6.415999889373779,6.308000087738037,6.326000213623047,4.380655765533447,1866000,CF,yfinance,2026-02-10T05:08:32.006375+00:00
2007-02-06,6.331999778747559,6.406000137329102,6.202000141143799,6.300000190734863,4.36265230178833,3465000,CF,yfinance,2026-02-10T05:08:32.006375+00:00
2007-02-07,6.300000190734863,6.435999870300293,6.26800012588501,6.415999889373779,4.442981243133545,1914500,CF,yfinance,2026-02-10T05:08:32.006375+00:00
2007-02-08,6.455999851226807,6.495999813079834,6.308000087738037,6.480000019073486,4.487298011779785,3057000,CF,yfinance,2026-02-10T05:08:32.006375+00:00
2007-02-09,6.75,6.800000190734863,6.484000205993652,6.572000026702881,4.5510053634643555,5475500,CF,yfinance,2026-02-10T05:08:32.006375+00:00
2007-02-12,6.610000133514404,6.829999923706055,6.5920000076293945,6.665999889373779,4.616103172302246,6463000,CF,yfinance,2026-02-10T05:08:32.006375+00:00
2007-02-13,6.682000160217285,7.099999904632568,6.578000068664551,6.791999816894531,4.703352928161621,4262000,CF,yfinance,2026-02-10T05:08:32.006375+00:00
2007-02-14,6.822000026702881,6.914000034332275,6.783999919891357,6.863999843597412,4.7532124519348145,3989500,CF,yfinance,2026-02-10T05:08:32.006375+00:00
2007-02-15,6.869999885559082,6.960000038146973,6.803999900817871,6.915999889373779,4.792015552520752,3975000,CF,yfinance,2026-02-10T05:08:32.006375+00:00
2007-02-16,6.915999889373779,6.980000019073486,6.802000045776367,6.869999885559082,4.7601423263549805,3365000,CF,yfinance,2026-02-10T05:08:32.006375+00:00
2007-02-20,6.980000019073486,7.5279998779296875,6.909999847412109,7.435999870300293,5.152317047119141,8702000,CF,yfinance,2026-02-10T05:08:32.006375+00:00
2007-02-21,7.452000141143799,7.748000144958496,7.432000160217285,7.685999870300293,5.325539588928223,9029000,CF,yfinance,2026-02-10T05:08:32.006375+00:00
2007-02-22,7.684000015258789,7.915999889373779,7.478000164031982,7.751999855041504,5.371269226074219,13221500,CF,yfinance,2026-02-10T05:08:32.006375+00:00
2007-02-23,7.751999855041504,8.092000007629395,7.71999979019165,7.915999889373779,5.484902858734131,10372000,CF,yfinance,2026-02-10T05:08:32.006375+00:00
2007-02-26,8.020000457763672,8.069999694824219,7.823999881744385,7.9120001792907715,5.482131481170654,5270500,CF,yfinance,2026-02-10T05:08:32.006375+00:00
2007-02-27,7.480000019073486,7.676000118255615,7.3460001945495605,7.449999809265137,5.162015438079834,8891500,CF,yfinance,2026-02-10T05:08:32.006375+00:00
2007-02-28,7.484000205993652,7.800000190734863,7.254000186920166,7.73199987411499,5.357409954071045,6337500,CF,yfinance,2026-02-10T05:08:32.006375+00:00
2007-03-01,7.630000114440918,7.794000148773193,7.251999855041504,7.599999904632568,5.265949726104736,8316500,CF,yfinance,2026-02-10T05:08:32.006375+00:00
2007-03-02,7.519999980926514,7.685999870300293,7.239999771118164,7.311999797821045,5.066397190093994,8337000,CF,yfinance,2026-02-10T05:08:32.006375+00:00
2007-03-05,7.197999954223633,7.6620001792907715,7.004000186920166,7.440000057220459,5.155089855194092,7933500,CF,yfinance,2026-02-10T05:08:32.006375+00:00
2007-03-06,7.565999984741211,7.835999965667725,7.464000225067139,7.739999771118164,5.36295223236084,7748000,CF,yfinance,2026-02-10T05:08:32.006375+00:00
2007-03-07,7.769999980926514,7.949999809265137,7.71999979019165,7.789999961853027,5.397597312927246,6386000,CF,yfinance,2026-02-10T05:08:32.006375+00:00
2007-03-08,7.920000076293945,8.263999938964844,7.920000076293945,8.105999946594238,5.616551399230957,6083000,CF,yfinance,2026-02-10T05:08:32.006375+00:00
2007-03-09,8.206000328063965,8.390000343322754,8.043999671936035,8.15999984741211,5.653967380523682,3704500,CF,yfinance,2026-02-10T05:08:32.006375+00:00
2007-03-12,8.15999984741211,8.458000183105469,8.15999984741211,8.239999771118164,5.7093963623046875,5137500,CF,yfinance,2026-02-10T05:08:32.006375+00:00
2007-03-13,8.239999771118164,8.53600025177002,8.031999588012695,8.130000114440918,5.633181095123291,8033500,CF,yfinance,2026-02-10T05:08:32.006375+00:00
2007-03-14,8.144000053405762,8.267999649047852,7.811999797821045,8.13599967956543,5.637338161468506,8086500,CF,yfinance,2026-02-10T05:08:32.006375+00:00
2007-03-15,8.149999618530273,8.293999671936035,8.020000457763672,8.097999572753906,5.611008644104004,4299000,CF,yfinance,2026-02-10T05:08:32.006375+00:00
2007-03-16,8.095999717712402,8.17199993133545,8.010000228881836,8.04800033569336,5.576364517211914,6652000,CF,yfinance,2026-02-10T05:08:32.006375+00:00
2007-03-19,8.130000114440918,8.399999618530273,8.130000114440918,8.342000007629395,5.780073642730713,4152000,CF,yfinance,2026-02-10T05:08:32.006375+00:00
2007-03-20,8.350000381469727,8.53600025177002,8.289999961853027,8.46399974822998,5.864604473114014,3929000,CF,yfinance,2026-02-10T05:08:32.006375+00:00
2007-03-21,8.51200008392334,8.744000434875488,8.503999710083008,8.63599967956543,5.983782768249512,5575500,CF,yfinance,2026-02-10T05:08:32.006375+00:00
2007-03-22,8.710000038146973,8.72599983215332,8.52400016784668,8.588000297546387,5.950523853302002,3688500,CF,yfinance,2026-02-10T05:08:32.006375+00:00
2007-03-23,8.595999717712402,8.619999885559082,8.315999984741211,8.362000465393066,5.793929576873779,4663000,CF,yfinance,2026-02-10T05:08:32.006375+00:00
2007-03-26,8.37399959564209,8.416000366210938,7.857999801635742,8.196000099182129,5.6789116859436035,8827500,CF,yfinance,2026-02-10T05:08:32.006375+00:00
2007-03-27,8.175999641418457,8.175999641418457,7.572000026702881,7.688000202178955,5.326923847198486,16275000,CF,yfinance,2026-02-10T05:08:32.006375+00:00
2007-03-28,7.593999862670898,7.71999979019165,7.3379998207092285,7.544000148773193,5.227148532867432,12561500,CF,yfinance,2026-02-10T05:08:32.006375+00:00
2007-03-29,7.760000228881836,7.800000190734863,7.533999919891357,7.75600004196167,5.374040126800537,7187500,CF,yfinance,2026-02-10T05:08:32.006375+00:00
2007-03-30,7.940000057220459,7.940000057220459,7.435999870300293,7.710000038146973,5.342169284820557,11734500,CF,yfinance,2026-02-10T05:08:32.006375+00:00
2007-04-02,7.671999931335449,7.809999942779541,7.5920000076293945,7.802000045776367,5.40591287612915,7573500,CF,yfinance,2026-02-10T05:08:32.006375+00:00
2007-04-03,7.863999843597412,8.017999649047852,7.769999980926514,7.9019999504089355,5.475202560424805,7176500,CF,yfinance,2026-02-10T05:08:32.006375+00:00
2007-04-04,8.0,8.055999755859375,7.849999904632568,8.031999588012695,5.5652756690979,4082500,CF,yfinance,2026-02-10T05:08:32.006375+00:00
2007-04-05,8.105999946594238,8.295999526977539,8.055999755859375,8.222000122070312,5.696925163269043,4823000,CF,yfinance,2026-02-10T05:08:32.006375+00:00
2007-04-09,8.279999732971191,8.468000411987305,8.239999771118164,8.263999938964844,5.726029396057129,6567500,CF,yfinance,2026-02-10T05:08:32.006375+00:00
2007-04-10,8.020000457763672,8.241999626159668,7.834000110626221,8.133999824523926,5.635955810546875,7651500,CF,yfinance,2026-02-10T05:08:32.006375+00:00
2007-04-11,8.15999984741211,8.399999618530273,8.15999984741211,8.336000442504883,5.775917053222656,7783500,CF,yfinance,2026-02-10T05:08:32.006375+00:00
2007-04-12,8.343999862670898,8.668000221252441,8.251999855041504,8.652000427246094,5.994869232177734,10068000,CF,yfinance,2026-02-10T05:08:32.006375+00:00
2007-04-13,8.859999656677246,9.064000129699707,8.819999694824219,8.859999656677246,6.138990879058838,18154000,CF,yfinance,2026-02-10T05:08:32.006375+00:00
2007-04-16,9.0,9.069999694824219,8.815999984741211,8.85200023651123,6.1334452629089355,5927000,CF,yfinance,2026-02-10T05:08:32.006375+00:00
2007-04-17,8.84000015258789,8.965999603271484,8.779999732971191,8.800000190734863,6.097416400909424,5856000,CF,yfinance,2026-02-10T05:08:32.006375+00:00
2007-04-18,8.800000190734863,8.991999626159668,8.423999786376953,8.906000137329102,6.170863628387451,6286500,CF,yfinance,2026-02-10T05:08:32.006375+00:00
2007-04-19,8.789999961853027,8.826000213623047,8.640000343322754,8.70199966430664,6.029511451721191,4388500,CF,yfinance,2026-02-10T05:08:32.006375+00:00
2007-04-20,8.859999656677246,8.979999542236328,8.720000267028809,8.800000190734863,6.097416400909424,2951000,CF,yfinance,2026-02-10T05:08:32.006375+00:00
2007-04-23,8.802000045776367,8.89799976348877,8.73799991607666,8.836000442504883,6.1223602294921875,2278500,CF,yfinance,2026-02-10T05:08:32.006375+00:00
2007-04-24,8.880000114440918,8.925999641418457,8.65999984741211,8.829999923706055,6.118201732635498,3060000,CF,yfinance,2026-02-10T05:08:32.006375+00:00
2007-04-25,8.880000114440918,8.991999626159668,8.765999794006348,8.880000114440918,6.15284538269043,3623000,CF,yfinance,2026-02-10T05:08:32.006375+00:00
2007-04-26,9.119999885559082,9.343999862670898,8.880000114440918,9.142000198364258,6.334381580352783,7928500,CF,yfinance,2026-02-10T05:08:32.006375+00:00
2007-04-27,8.513999938964844,9.331999778747559,8.220000267028809,8.616000175476074,5.969925880432129,12396000,CF,yfinance,2026-02-10T05:08:32.006375+00:00
2007-04-30,8.366000175476074,8.366000175476074,7.9019999504089355,7.938000202178955,5.500144958496094,17924000,CF,yfinance,2026-02-10T05:08:32.006375+00:00
2007-05-01,7.938000202178955,8.015999794006348,7.638000011444092,7.699999809265137,5.335237979888916,10794500,CF,yfinance,2026-02-10T05:08:32.006375+00:00
2007-05-02,7.763999938964844,8.100000381469727,7.763999938964844,8.003999710083008,5.545875072479248,10193000,CF,yfinance,2026-02-10T05:08:32.006375+00:00
2007-05-03,8.01200008392334,8.218000411987305,7.915999889373779,8.211999893188477,5.689998149871826,7269500,CF,yfinance,2026-02-10T05:08:32.006375+00:00
2007-05-04,8.192000389099121,8.265999794006348,7.874000072479248,8.045999526977539,5.574979305267334,8302500,CF,yfinance,2026-02-10T05:08:32.006375+00:00
2007-05-07,8.076000213623047,8.295999526977539,8.04800033569336,8.229999542236328,5.702470302581787,5919500,CF,yfinance,2026-02-10T05:08:32.006375+00:00
2007-05-08,8.227999687194824,8.227999687194824,8.008000373840332,8.118000030517578,5.624866962432861,4642000,CF,yfinance,2026-02-10T05:08:32.006375+00:00
2007-05-09,8.112000465393066,8.11400032043457,7.955999851226807,8.050000190734863,5.577748775482178,5352000,CF,yfinance,2026-02-10T05:08:32.006375+00:00
2007-05-10,8.029999732971191,8.185999870300293,7.811999797821045,7.98799991607666,5.53754186630249,5872500,CF,yfinance,2026-02-10T05:08:32.006375+00:00
2007-05-11,8.0,8.109999656677246,7.966000080108643,8.045999526977539,5.5777506828308105,5840000,CF,yfinance,2026-02-10T05:08:32.006375+00:00
2007-05-14,8.074000358581543,8.293999671936035,8.069999694824219,8.163999557495117,5.65955114364624,5044000,CF,yfinance,2026-02-10T05:08:32.006375+00:00
2007-05-15,8.163999557495117,8.39799976348877,8.100000381469727,8.208000183105469,5.690054416656494,4546000,CF,yfinance,2026-02-10T05:08:32.006375+00:00
2007-05-16,8.258000373840332,8.406000137329102,8.175999641418457,8.378000259399414,5.807904243469238,3903500,CF,yfinance,2026-02-10T05:08:32.006375+00:00
2007-05-17,8.34000015258789,8.62399959564209,8.302000045776367,8.449999809265137,5.85781717300415,5666000,CF,yfinance,2026-02-10T05:08:32.006375+00:00
2007-05-18,8.484000205993652,8.52400016784668,8.293999671936035,8.423999786376953,5.839790344238281,3236000,CF,yfinance,2026-02-10T05:08:32.006375+00:00
2007-05-21,8.444000244140625,8.630000114440918,8.428000450134277,8.588000297546387,5.953481674194336,3024500,CF,yfinance,2026-02-10T05:08:32.006375+00:00
2007-05-22,8.597999572753906,8.699999809265137,8.517999649047852,8.59000015258789,5.954868316650391,4742000,CF,yfinance,2026-02-10T05:08:32.006375+00:00
2007-05-23,8.605999946594238,8.619999885559082,8.303999900817871,8.307999610900879,5.759377956390381,2781000,CF,yfinance,2026-02-10T05:08:32.006375+00:00
2007-05-24,8.307999610900879,8.449999809265137,8.112000465393066,8.178000450134277,5.669257164001465,5335500,CF,yfinance,2026-02-10T05:08:32.006375+00:00
2007-05-25,8.218000411987305,8.513999938964844,8.218000411987305,8.47599983215332,5.8758392333984375,3310500,CF,yfinance,2026-02-10T05:08:32.006375+00:00
2007-05-29,8.4399995803833,8.600000381469727,8.42199993133545,8.484000205993652,5.881386756896973,2453000,CF,yfinance,2026-02-10T05:08:32.006375+00:00
2007-05-30,8.444000244140625,8.961999893188477,8.317999839782715,8.881999969482422,6.157290458679199,7783500,CF,yfinance,2026-02-10T05:08:32.006375+00:00
2007-05-31,8.9399995803833,9.25,8.920000076293945,8.946000099182129,6.201658248901367,9265500,CF,yfinance,2026-02-10T05:08:32.006375+00:00
2007-06-01,9.020000457763672,9.300000190734863,8.960000038146973,9.26200008392334,6.420719146728516,7025000,CF,yfinance,2026-02-10T05:08:32.006375+00:00
2007-06-04,9.300000190734863,9.729999542236328,9.289999961853027,9.697999954223633,6.7229695320129395,7459500,CF,yfinance,2026-02-10T05:08:32.006375+00:00
2007-06-05,9.630000114440918,9.87600040435791,9.630000114440918,9.770000457763672,6.772886276245117,7505000,CF,yfinance,2026-02-10T05:08:32.006375+00:00
2007-06-06,9.767999649047852,9.829999923706055,9.378000259399414,9.498000144958496,6.584321975708008,6413500,CF,yfinance,2026-02-10T05:08:32.006375+00:00
2007-06-07,9.449999809265137,9.527999877929688,9.168000221252441,9.255999565124512,6.416562557220459,5746500,CF,yfinance,2026-02-10T05:08:32.006375+00:00
2007-06-08,9.305999755859375,9.67199993133545,9.265999794006348,9.574000358581543,6.63701057434082,3823000,CF,yfinance,2026-02-10T05:08:32.006375+00:00
2007-06-11,9.574000358581543,9.87600040435791,9.5,9.75,6.759017467498779,4917500,CF,yfinance,2026-02-10T05:08:32.006375+00:00
2007-06-12,9.732000350952148,10.10200023651123,9.61400032043457,9.916000366210938,6.874094009399414,10469000,CF,yfinance,2026-02-10T05:08:32.006375+00:00
2007-06-13,10.07800006866455,10.515999794006348,9.859999656677246,10.430000305175781,7.230414867401123,9662000,CF,yfinance,2026-02-10T05:08:32.006375+00:00
2007-06-14,10.586000442504883,10.803999900817871,10.378000259399414,10.567999839782715,7.326080322265625,8322000,CF,yfinance,2026-02-10T05:08:32.006375+00:00
2007-06-15,10.788000106811523,11.015999794006348,10.776000022888184,10.991999626159668,7.620014190673828,7434000,CF,yfinance,2026-02-10T05:08:32.006375+00:00
2007-06-18,11.071999549865723,11.362000465393066,11.050000190734863,11.154000282287598,7.732321262359619,5017000,CF,yfinance,2026-02-10T05:08:32.006375+00:00
2007-06-19,11.109999656677246,11.5,10.920000076293945,11.468000411987305,7.949993133544922,5739500,CF,yfinance,2026-02-10T05:08:32.006375+00:00
2007-06-20,11.534000396728516,11.826000213623047,11.319999694824219,11.321999549865723,7.848781585693359,8009500,CF,yfinance,2026-02-10T05:08:32.006375+00:00
2007-06-21,11.380000114440918,12.270000457763672,11.22599983215332,12.11400032043457,8.397820472717285,12492000,CF,yfinance,2026-02-10T05:08:32.006375+00:00
2007-06-22,12.07800006866455,12.300000190734863,11.949999809265137,12.01200008392334,8.327110290527344,7779500,CF,yfinance,2026-02-10T05:08:32.006375+00:00
2007-06-25,12.022000312805176,12.281999588012695,11.656000137329102,11.765999794006348,8.156575202941895,7146000,CF,yfinance,2026-02-10T05:08:32.006375+00:00
2007-06-26,11.918000221252441,12.140000343322754,11.531999588012695,11.697999954223633,8.1094331741333,8268000,CF,yfinance,2026-02-10T05:08:32.006375+00:00
2007-06-27,11.649999618530273,11.649999618530273,11.034000396728516,11.407999992370605,7.908397197723389,11004500,CF,yfinance,2026-02-10T05:08:32.006375+00:00
2007-06-28,11.458000183105469,12.130000114440918,11.458000183105469,12.017999649047852,8.331268310546875,7777000,CF,yfinance,2026-02-10T05:08:32.006375+00:00
2007-06-29,12.180000305175781,12.39799976348877,11.866000175476074,11.977999687194824,8.303543090820312,7619000,CF,yfinance,2026-02-10T05:08:32.006375+00:00
2007-07-02,12.229999542236328,12.520000457763672,12.112000465393066,12.394000053405762,8.591923713684082,7135500,CF,yfinance,2026-02-10T05:08:32.006375+00:00
2007-07-03,12.4399995803833,12.637999534606934,12.40999984741211,12.553999900817871,8.702841758728027,4144000,CF,yfinance,2026-02-10T05:08:32.006375+00:00
2007-07-05,12.550000190734863,12.697999954223633,12.430000305175781,12.498000144958496,8.664020538330078,8020000,CF,yfinance,2026-02-10T05:08:32.006375+00:00
2007-07-06,12.522000312805176,12.642000198364258,12.312000274658203,12.595999717712402,8.731958389282227,4325500,CF,yfinance,2026-02-10T05:08:32.006375+00:00
2007-07-09,12.668000221252441,12.854000091552734,12.402000427246094,12.586000442504883,8.72502613067627,5255500,CF,yfinance,2026-02-10T05:08:32.006375+00:00
2007-07-10,12.220000267028809,12.501999855041504,12.039999961853027,12.145999908447266,8.420001029968262,7768500,CF,yfinance,2026-02-10T05:08:32.006375+00:00
2007-07-11,12.100000381469727,12.484000205993652,12.029999732971191,12.302000045776367,8.528148651123047,8692500,CF,yfinance,2026-02-10T05:08:32.006375+00:00
2007-07-12,12.37399959564209,12.39799976348877,12.031999588012695,12.14799976348877,8.421388626098633,7256000,CF,yfinance,2026-02-10T05:08:32.006375+00:00
2007-07-13,12.14799976348877,13.456000328063965,12.145999908447266,13.416000366210938,9.300410270690918,13660000,CF,yfinance,2026-02-10T05:08:32.006375+00:00
2007-07-16,13.609999656677246,13.609999656677246,13.105999946594238,13.163999557495117,9.125714302062988,9968500,CF,yfinance,2026-02-10T05:08:32.006375+00:00
2007-07-17,13.199999809265137,13.449999809265137,13.140000343322754,13.21399974822998,9.160374641418457,5394000,CF,yfinance,2026-02-10T05:08:32.006375+00:00
2007-07-18,13.1899995803833,13.199999809265137,12.958000183105469,13.14799976348877,9.11462688446045,6107000,CF,yfinance,2026-02-10T05:08:32.006375+00:00
2007-07-19,13.300000190734863,13.343999862670898,12.970000267028809,13.088000297546387,9.073028564453125,3863000,CF,yfinance,2026-02-10T05:08:32.006375+00:00
2007-07-20,13.0600004196167,13.0600004196167,12.520000457763672,12.736000061035156,8.829009056091309,5791000,CF,yfinance,2026-02-10T05:08:32.006375+00:00
2007-07-23,12.881999969482422,12.881999969482422,12.470000267028809,12.52400016784668,8.682044982910156,4425500,CF,yfinance,2026-02-10T05:08:32.006375+00:00
2007-07-24,12.14799976348877,12.539999961853027,11.454000473022461,11.619999885559082,8.055362701416016,7208500,CF,yfinance,2026-02-10T05:08:32.006375+00:00
2007-07-25,11.881999969482422,12.0,10.815999984741211,11.557999610900879,8.012382507324219,8401000,CF,yfinance,2026-02-10T05:08:32.006375+00:00
2007-07-26,11.51200008392334,11.51200008392334,10.109999656677246,10.925999641418457,7.574262619018555,10919500,CF,yfinance,2026-02-10T05:08:32.006375+00:00
2007-07-27,10.918000221252441,11.781999588012695,10.654000282287598,10.741999626159668,7.446707248687744,8519000,CF,yfinance,2026-02-10T05:08:32.006375+00:00
2007-07-30,10.868000030517578,11.62600040435791,10.732000350952148,11.543999671936035,8.002674102783203,9441000,CF,yfinance,2026-02-10T05:08:32.006375+00:00
2007-07-31,12.0,12.661999702453613,11.354000091552734,11.496000289916992,7.969400882720947,13261000,CF,yfinance,2026-02-10T05:08:32.006375+00:00
2007-08-01,11.656000137329102,11.75,10.86400032043457,11.680000305175781,8.096957206726074,10017000,CF,yfinance,2026-02-10T05:08:32.006375+00:00
2007-08-02,11.704000473022461,11.847999572753906,11.180000305175781,11.633999824523926,8.065072059631348,8841500,CF,yfinance,2026-02-10T05:08:32.006375+00:00
2007-08-03,11.604000091552734,11.619999885559082,11.0,11.052000045776367,7.661606311798096,5745000,CF,yfinance,2026-02-10T05:08:32.006375+00:00
2007-08-06,11.069999694824219,11.220000267028809,10.394000053405762,10.994000434875488,7.621400356292725,6826000,CF,yfinance,2026-02-10T05:08:32.006375+00:00
2007-08-07,10.887999534606934,11.564000129699707,10.704000473022461,11.444000244140625,7.933353424072266,10596500,CF,yfinance,2026-02-10T05:08:32.006375+00:00
2007-08-08,11.479999542236328,11.850000381469727,10.156000137329102,11.260000228881836,7.8057990074157715,16147500,CF,yfinance,2026-02-10T05:08:32.006375+00:00
2007-08-09,10.699999809265137,10.789999961853027,9.399999618530273,9.779999732971191,6.7798171043396,16444500,CF,yfinance,2026-02-10T05:08:32.006375+00:00
2007-08-10,9.229999542236328,10.538000106811523,8.831999778747559,10.390000343322754,7.202688217163086,15983500,CF,yfinance,2026-02-10T05:08:32.006375+00:00
2007-08-13,10.744000434875488,11.420000076293945,10.744000434875488,11.156000137329102,7.736682891845703,11258000,CF,yfinance,2026-02-10T05:08:32.006375+00:00
2007-08-14,11.449999809265137,11.699999809265137,11.093999862670898,11.479999542236328,7.9613752365112305,10314500,CF,yfinance,2026-02-10T05:08:32.006375+00:00
2007-08-15,11.40999984741211,11.890000343322754,10.47599983215332,10.567999839782715,7.328904151916504,9011500,CF,yfinance,2026-02-10T05:08:32.006375+00:00
2007-08-16,10.312000274658203,10.612000465393066,9.248000144958496,10.605999946594238,7.355258464813232,11333000,CF,yfinance,2026-02-10T05:08:32.006375+00:00
2007-08-17,10.631999969482422,11.958000183105469,10.302000045776367,10.911999702453613,7.56746768951416,13080500,CF,yfinance,2026-02-10T05:08:32.006375+00:00
2007-08-20,10.98799991607666,11.526000022888184,10.97599983215332,11.347999572753906,7.869834899902344,6434000,CF,yfinance,2026-02-10T05:08:32.006375+00:00
2007-08-21,11.347999572753906,11.868000030517578,11.227999687194824,11.520000457763672,7.989116191864014,5458500,CF,yfinance,2026-02-10T05:08:32.006375+00:00
2007-08-22,11.680000305175781,12.314000129699707,11.680000305175781,12.241999626159668,8.489823341369629,6887000,CF,yfinance,2026-02-10T05:08:32.006375+00:00
2007-08-23,12.142000198364258,12.501999855041504,11.972000122070312,12.105999946594238,8.395506858825684,5370000,CF,yfinance,2026-02-10T05:08:32.006375+00:00
2007-08-24,12.180000305175781,12.633999824523926,12.039999961853027,12.633999824523926,8.761672973632812,3751000,CF,yfinance,2026-02-10T05:08:32.006375+00:00
2007-08-27,12.63599967956543,12.697999954223633,12.289999961853027,12.416000366210938,8.610492706298828,3369000,CF,yfinance,2026-02-10T05:08:32.006375+00:00
2007-08-28,12.239999771118164,12.37600040435791,11.402000427246094,11.59000015258789,8.03765869140625,6964500,CF,yfinance,2026-02-10T05:08:32.006375+00:00
2007-08-29,11.715999603271484,12.220000267028809,11.63599967956543,12.12600040435791,8.409378051757812,3642500,CF,yfinance,2026-02-10T05:08:32.006375+00:00
2007-08-30,11.923999786376953,12.399999618530273,11.87600040435791,12.09000015258789,8.384413719177246,5487000,CF,yfinance,2026-02-10T05:08:32.006375+00:00
2007-08-31,12.460000038146973,12.78600025177002,12.357999801635742,12.666000366210938,8.78386402130127,4749000,CF,yfinance,2026-02-10T05:08:32.006375+00:00
2007-09-04,12.697999954223633,13.232000350952148,12.586000442504883,13.03600025177002,9.040462493896484,5675500,CF,yfinance,2026-02-10T05:08:32.006375+00:00
2007-09-05,12.920000076293945,13.239999771118164,12.593999862670898,13.220000267028809,9.168065071105957,5485500,CF,yfinance,2026-02-10T05:08:32.006375+00:00
2007-09-06,13.222000122070312,13.319999694824219,12.826000213623047,13.093999862670898,9.08068561553955,4025500,CF,yfinance,2026-02-10T05:08:32.006375+00:00
2007-09-07,12.800000190734863,12.916000366210938,12.399999618530273,12.600000381469727,8.738094329833984,4702500,CF,yfinance,2026-02-10T05:08:32.006375+00:00
2007-09-10,12.704000473022461,12.800000190734863,12.027999877929688,12.423999786376953,8.61604118347168,5082000,CF,yfinance,2026-02-10T05:08:32.006375+00:00
2007-09-11,12.513999938964844,12.904000282287598,12.428000450134277,12.718000411987305,8.819929122924805,4019500,CF,yfinance,2026-02-10T05:08:32.006375+00:00
2007-09-12,12.694000244140625,12.784000396728516,12.182000160217285,12.244000434875488,8.4912109375,5393500,CF,yfinance,2026-02-10T05:08:32.006375+00:00
2007-09-13,12.350000381469727,12.739999771118164,12.255999565124512,12.618000030517578,8.750581741333008,4236500,CF,yfinance,2026-02-10T05:08:32.006375+00:00
2007-09-14,12.477999687194824,12.890000343322754,12.350000381469727,12.807999610900879,8.882344245910645,4171500,CF,yfinance,2026-02-10T05:08:32.006375+00:00
2007-09-17,12.812000274658203,13.300000190734863,12.802000045776367,13.142000198364258,9.113969802856445,6849500,CF,yfinance,2026-02-10T05:08:32.006375+00:00
2007-09-18,13.276000022888184,13.78600025177002,12.868000030517578,13.732000350952148,9.523136138916016,7437500,CF,yfinance,2026-02-10T05:08:32.006375+00:00
2007-09-19,13.859999656677246,14.51200008392334,13.543999671936035,13.958000183105469,9.6798677444458,7257000,CF,yfinance,2026-02-10T05:08:32.006375+00:00
2007-09-20,13.960000038146973,14.187999725341797,13.795999526977539,13.899999618530273,9.639641761779785,12841500,CF,yfinance,2026-02-10T05:08:32.006375+00:00
2007-09-21,14.09000015258789,14.800000190734863,14.039999961853027,14.699999809265137,10.194446563720703,24809000,CF,yfinance,2026-02-10T05:08:32.006375+00:00
2007-09-24,14.699999809265137,15.187999725341797,13.776000022888184,14.041999816894531,9.738127708435059,8842000,CF,yfinance,2026-02-10T05:08:32.006375+00:00
2007-09-25,13.881999969482422,14.765999794006348,13.880000114440918,14.715999603271484,10.205541610717773,6874500,CF,yfinance,2026-02-10T05:08:32.006375+00:00
2007-09-26,14.935999870300293,15.053999900817871,14.527999877929688,14.685999870300293,10.184738159179688,6208000,CF,yfinance,2026-02-10T05:08:32.006375+00:00
2007-09-27,14.819999694824219,15.222000122070312,14.800000190734863,15.184000015258789,10.530099868774414,6093500,CF,yfinance,2026-02-10T05:08:32.006375+00:00
2007-09-28,15.210000038146973,15.418000221252441,14.90999984741211,15.182000160217285,10.528708457946777,5674500,CF,yfinance,2026-02-10T05:08:32.006375+00:00
2007-10-01,15.182000160217285,15.621999740600586,14.961999893188477,15.197999954223633,10.539807319641113,8703500,CF,yfinance,2026-02-10T05:08:32.006375+00:00
2007-10-02,15.329999923706055,15.435999870300293,14.706000328063965,14.76200008392334,10.237442016601562,6922500,CF,yfinance,2026-02-10T05:08:32.006375+00:00
2007-10-03,14.833999633789062,14.833999633789062,13.65999984741211,13.82800006866455,9.589714050292969,10312500,CF,yfinance,2026-02-10T05:08:32.006375+00:00
2007-10-04,13.894000053405762,14.562000274658203,13.894000053405762,14.562000274658203,10.09874153137207,7642000,CF,yfinance,2026-02-10T05:08:32.006375+00:00
2007-10-05,14.789999961853027,14.928000450134277,14.534000396728516,14.595999717712402,10.122320175170898,5085500,CF,yfinance,2026-02-10T05:08:32.006375+00:00
2007-10-08,14.64799976348877,14.661999702453613,14.13599967956543,14.319999694824219,9.930915832519531,3418500,CF,yfinance,2026-02-10T05:08:32.006375+00:00
2007-10-09,14.486000061035156,14.934000015258789,14.312000274658203,14.666000366210938,10.170866012573242,9131500,CF,yfinance,2026-02-10T05:08:32.006375+00:00
2007-10-10,14.446000099182129,14.8100004196167,14.38599967956543,14.760000228881836,10.23604965209961,8043500,CF,yfinance,2026-02-10T05:08:32.006375+00:00
2007-10-11,14.899999618530273,15.260000228881836,14.145999908447266,14.21399974822998,9.857404708862305,11395000,CF,yfinance,2026-02-10T05:08:32.006375+00:00
2007-10-12,14.420000076293945,15.456000328063965,14.333999633789062,15.15999984741211,10.513453483581543,10301500,CF,yfinance,2026-02-10T05:08:32.006375+00:00
2007-10-15,15.329999923706055,15.489999771118164,14.696000099182129,14.973999977111816,10.384461402893066,5038000,CF,yfinance,2026-02-10T05:08:32.006375+00:00
2007-10-16,14.890000343322754,15.17199993133545,14.67199993133545,14.991999626159668,10.39694595336914,3993000,CF,yfinance,2026-02-10T05:08:32.006375+00:00
2007-10-17,15.173999786376953,15.300000190734863,14.70199966430664,15.062000274658203,10.445488929748535,4348000,CF,yfinance,2026-02-10T05:08:32.006375+00:00
2007-10-18,14.961999893188477,15.569999694824219,14.911999702453613,15.562000274658203,10.792243957519531,5275000,CF,yfinance,2026-02-10T05:08:32.006375+00:00
2007-10-19,15.54800033569336,16.195999145507812,15.460000038146973,15.789999961853027,10.950355529785156,13781000,CF,yfinance,2026-02-10T05:08:32.006375+00:00
2007-10-22,15.553999900817871,15.576000213623047,14.819999694824219,15.319999694824219,10.62441349029541,8192000,CF,yfinance,2026-02-10T05:08:32.006375+00:00
2007-10-23,15.5600004196167,16.399999618530273,15.5600004196167,16.299999237060547,11.304043769836426,6676000,CF,yfinance,2026-02-10T05:08:32.006375+00:00
2007-10-24,16.700000762939453,16.860000610351562,16.149999618530273,16.624000549316406,11.528736114501953,14262500,CF,yfinance,2026-02-10T05:08:32.006375+00:00
2007-10-25,16.601999282836914,17.152000427246094,16.440000534057617,16.940000534057617,11.747883796691895,43111500,CF,yfinance,2026-02-10T05:08:32.006375+00:00
2007-10-26,17.06599998474121,17.775999069213867,16.920000076293945,17.086000442504883,11.849136352539062,10780500,CF,yfinance,2026-02-10T05:08:32.006375+00:00
2007-10-29,17.47599983215332,17.898000717163086,17.40399932861328,17.601999282836914,12.206979751586914,9971000,CF,yfinance,2026-02-10T05:08:32.006375+00:00
2007-10-30,19.143999099731445,19.219999313354492,17.214000701904297,17.351999282836914,12.03360652923584,28157000,CF,yfinance,2026-02-10T05:08:32.006375+00:00
2007-10-31,17.04199981689453,17.714000701904297,17.0,17.579999923706055,12.191720962524414,17991000,CF,yfinance,2026-02-10T05:08:32.006375+00:00
2007-11-01,17.197999954223633,17.444000244140625,16.579999923706055,16.652000427246094,11.548155784606934,14421000,CF,yfinance,2026-02-10T05:08:32.006375+00:00
2007-11-02,16.847999572753906,17.93199920654297,15.789999961853027,17.908000946044922,12.419196128845215,18241500,CF,yfinance,2026-02-10T05:08:32.006375+00:00
2007-11-05,17.4060001373291,17.950000762939453,17.31599998474121,17.56599998474121,12.182011604309082,9281500,CF,yfinance,2026-02-10T05:08:32.006375+00:00
2007-11-06,17.881999969482422,18.690000534057617,17.461999893188477,18.63599967956543,12.924059867858887,6367000,CF,yfinance,2026-02-10T05:08:32.006375+00:00
2007-11-07,18.559999465942383,19.600000381469727,18.20400047302246,19.20400047302246,13.317967414855957,16480500,CF,yfinance,2026-02-10T05:08:32.006375+00:00
2007-11-08,19.75,19.99799919128418,18.100000381469727,19.29199981689453,13.378995895385742,18335000,CF,yfinance,2026-02-10T05:08:32.006375+00:00
2007-11-09,19.09000015258789,19.42799949645996,18.374000549316406,18.648000717163086,12.93238353729248,10051000,CF,yfinance,2026-02-10T05:08:32.006375+00:00
2007-11-12,18.72599983215332,18.72599983215332,15.760000228881836,15.998000144958496,11.094610214233398,17940500,CF,yfinance,2026-02-10T05:08:32.006375+00:00
2007-11-13,16.461999893188477,17.530000686645508,16.25200080871582,17.381999969482422,12.057424545288086,10398500,CF,yfinance,2026-02-10T05:08:32.006375+00:00
2007-11-14,17.893999099731445,18.351999282836914,17.531999588012695,17.86400032043457,12.391776084899902,14403000,CF,yfinance,2026-02-10T05:08:32.006375+00:00
2007-11-15,17.600000381469727,17.61199951171875,16.5,16.777999877929688,11.63845157623291,10183500,CF,yfinance,2026-02-10T05:08:32.006375+00:00
2007-11-16,16.865999221801758,17.256000518798828,16.375999450683594,16.97800064086914,11.777179718017578,12134500,CF,yfinance,2026-02-10T05:08:32.006375+00:00
2007-11-19,16.88800048828125,16.88800048828125,15.541999816894531,15.640000343322754,10.84904670715332,10670500,CF,yfinance,2026-02-10T05:08:32.006375+00:00
2007-11-20,15.95199966430664,16.79599952697754,15.699999809265137,16.643999099731445,11.545490264892578,15646500,CF,yfinance,2026-02-10T05:08:32.006375+00:00
2007-11-21,16.07200050354004,16.29800033569336,15.534000396728516,15.979999542236328,11.084895133972168,9129000,CF,yfinance,2026-02-10T05:08:32.006375+00:00
2007-11-23,16.309999465942383,16.600000381469727,16.083999633789062,16.450000762939453,11.410921096801758,2113500,CF,yfinance,2026-02-10T05:08:32.006375+00:00
2007-11-26,16.399999618530273,17.034000396728516,16.308000564575195,16.398000717163086,11.374853134155273,8212500,CF,yfinance,2026-02-10T05:08:32.006375+00:00
2007-11-27,16.507999420166016,17.200000762939453,16.013999938964844,17.030000686645508,11.813255310058594,9626000,CF,yfinance,2026-02-10T05:08:32.006375+00:00
2007-11-28,17.194000244140625,17.993999481201172,17.13599967956543,17.860000610351562,12.389004707336426,9661500,CF,yfinance,2026-02-10T05:08:32.006375+00:00
2007-11-29,18.0,18.148000717163086,17.31800079345703,17.63599967956543,12.23361873626709,7290000,CF,yfinance,2026-02-10T05:08:32.006375+00:00
2007-11-30,18.395999908447266,18.399999618530273,17.600000381469727,18.195999145507812,12.622075080871582,9076500,CF,yfinance,2026-02-10T05:08:32.006375+00:00
2007-12-03,18.299999237060547,19.79800033569336,18.131999969482422,19.031999588012695,13.201981544494629,18370500,CF,yfinance,2026-02-10T05:08:32.006375+00:00
2007-12-04,18.9060001373291,19.40399932861328,18.516000747680664,18.586000442504883,12.892607688903809,9372000,CF,yfinance,2026-02-10T05:08:32.006375+00:00
2007-12-05,18.857999801635742,19.290000915527344,18.84600067138672,19.121999740600586,13.26441478729248,7944000,CF,yfinance,2026-02-10T05:08:32.006375+00:00
2007-12-06,19.371999740600586,19.93400001525879,19.158000946044922,19.45800018310547,13.497491836547852,12050500,CF,yfinance,2026-02-10T05:08:32.006375+00:00
2007-12-07,19.540000915527344,19.663999557495117,18.833999633789062,18.944000244140625,13.140945434570312,9913500,CF,yfinance,2026-02-10T05:08:32.006375+00:00
2007-12-10,19.100000381469727,19.275999069213867,18.576000213623047,19.152000427246094,13.285225868225098,9469500,CF,yfinance,2026-02-10T05:08:32.006375+00:00
2007-12-11,19.23200035095215,19.3799991607666,18.07200050354004,18.15399932861328,12.59294319152832,9206500,CF,yfinance,2026-02-10T05:08:32.006375+00:00
2007-12-12,18.57200050354004,19.073999404907227,18.163999557495117,18.486000061035156,12.823241233825684,9186500,CF,yfinance,2026-02-10T05:08:32.006375+00:00
2007-12-13,18.25,19.718000411987305,18.0,19.67799949645996,13.650107383728027,13159000,CF,yfinance,2026-02-10T05:08:32.006375+00:00
2007-12-14,19.399999618530273,20.510000228881836,18.986000061035156,19.398000717163086,13.4558687210083,13297000,CF,yfinance,2026-02-10T05:08:32.006375+00:00
2007-12-17,19.26799964904785,20.270000457763672,19.04599952697754,19.308000564575195,13.393436431884766,10616500,CF,yfinance,2026-02-10T05:08:32.006375+00:00
2007-12-18,19.525999069213867,19.799999237060547,17.969999313354492,19.246000289916992,13.350436210632324,11511000,CF,yfinance,2026-02-10T05:08:32.006375+00:00
2007-12-19,19.167999267578125,19.600000381469727,18.676000595092773,19.549999237060547,13.561304092407227,7762500,CF,yfinance,2026-02-10T05:08:32.006375+00:00
2007-12-20,19.940000534057617,21.555999755859375,19.690000534057617,21.552000045776367,14.950042724609375,15431500,CF,yfinance,2026-02-10T05:08:32.006375+00:00
2007-12-21,21.99799919128418,22.459999084472656,21.48200035095215,22.195999145507812,15.396772384643555,11257500,CF,yfinance,2026-02-10T05:08:32.006375+00:00
2007-12-24,22.139999389648438,22.979999542236328,22.139999389648438,22.860000610351562,15.857372283935547,3665000,CF,yfinance,2026-02-10T05:08:32.006375+00:00
2007-12-26,23.143999099731445,23.488000869750977,22.6200008392334,23.312000274658203,16.170907974243164,7507000,CF,yfinance,2026-02-10T05:08:32.006375+00:00
2007-12-27,23.20800018310547,23.775999069213867,22.333999633789062,22.77400016784668,15.797713279724121,8348000,CF,yfinance,2026-02-10T05:08:32.006375+00:00
2007-12-28,23.073999404907227,23.079999923706055,22.336000442504883,22.398000717163086,15.536886215209961,6390000,CF,yfinance,2026-02-10T05:08:32.006375+00:00
2007-12-31,22.41200065612793,22.583999633789062,21.649999618530273,22.011999130249023,15.269133567810059,5105500,CF,yfinance,2026-02-10T05:08:32.006375+00:00
2008-01-02,22.299999237060547,22.389999389648438,21.601999282836914,22.121999740600586,15.345436096191406,6755000,CF,yfinance,2026-02-10T05:08:32.006375+00:00
2008-01-03,22.56399917602539,23.88800048828125,22.393999099731445,23.167999267578125,16.07101821899414,10690500,CF,yfinance,2026-02-10T05:08:32.006375+00:00
2008-01-04,22.802000045776367,22.983999252319336,21.86199951171875,22.25200080871582,15.435617446899414,10300500,CF,yfinance,2026-02-10T05:08:32.006375+00:00
2008-01-07,22.308000564575195,23.15999984741211,20.507999420166016,21.959999084472656,15.233055114746094,13524500,CF,yfinance,2026-02-10T05:08:32.006375+00:00
2008-01-08,22.079999923706055,22.881999969482422,21.26799964904785,21.757999420166016,15.092936515808105,15862000,CF,yfinance,2026-02-10T05:08:32.006375+00:00
2008-01-09,22.399999618530273,22.79400062561035,20.72800064086914,22.503999710083008,15.610419273376465,16734500,CF,yfinance,2026-02-10T05:08:32.006375+00:00
2008-01-10,22.29599952697754,22.493999481201172,21.31999969482422,22.13599967956543,15.355149269104004,14349000,CF,yfinance,2026-02-10T05:08:32.006375+00:00
2008-01-11,21.996000289916992,23.45199966430664,21.70599937438965,22.520000457763672,15.621520042419434,13434000,CF,yfinance,2026-02-10T05:08:32.006375+00:00
2008-01-14,22.895999908447266,24.195999145507812,22.527999877929688,23.969999313354492,16.627344131469727,18214500,CF,yfinance,2026-02-10T05:08:32.006375+00:00
2008-01-15,23.601999282836914,23.889999389648438,22.20199966430664,23.0,15.954477310180664,17202500,CF,yfinance,2026-02-10T05:08:32.006375+00:00
2008-01-16,22.32200050354004,22.983999252319336,20.115999221801758,20.865999221801758,14.4741792678833,22965500,CF,yfinance,2026-02-10T05:08:32.006375+00:00
2008-01-17,20.29599952697754,20.76799964904785,17.86400032043457,18.049999237060547,12.52079963684082,31004500,CF,yfinance,2026-02-10T05:08:32.006375+00:00
2008-01-18,18.43199920654297,18.959999084472656,17.757999420166016,18.666000366210938,12.948101997375488,20935000,CF,yfinance,2026-02-10T05:08:32.006375+00:00
2008-01-22,16.81800079345703,18.996000289916992,16.440000534057617,18.615999221801758,12.913420677185059,17624500,CF,yfinance,2026-02-10T05:08:32.006375+00:00
2008-01-23,18.194000244140625,18.591999053955078,15.746000289916992,18.562000274658203,12.875964164733887,32751500,CF,yfinance,2026-02-10T05:08:32.006375+00:00
2008-01-24,19.511999130249023,20.381999969482422,18.913999557495117,20.013999938964844,13.883173942565918,16503500,CF,yfinance,2026-02-10T05:08:32.006375+00:00
2008-01-25,20.898000717163086,21.299999237060547,20.312000274658203,20.826000213623047,14.446430206298828,15727000,CF,yfinance,2026-02-10T05:08:32.006375+00:00
2008-01-28,20.790000915527344,21.49799919128418,20.04400062561035,21.281999588012695,14.762749671936035,13120500,CF,yfinance,2026-02-10T05:08:32.006375+00:00
2008-01-29,21.615999221801758,22.06599998474121,20.972000122070312,21.145999908447266,14.668411254882812,12885500,CF,yfinance,2026-02-10T05:08:32.006375+00:00
2008-01-30,21.06399917602539,21.663999557495117,20.15999984741211,20.288000106811523,14.073246002197266,15240000,CF,yfinance,2026-02-10T05:08:32.006375+00:00
2008-01-31,19.802000045776367,21.658000946044922,19.40999984741211,21.38599967956543,14.834893226623535,12522500,CF,yfinance,2026-02-10T05:08:32.006375+00:00
2008-02-01,21.464000701904297,22.284000396728516,21.38599967956543,21.70599937438965,15.056862831115723,12127500,CF,yfinance,2026-02-10T05:08:32.006375+00:00
2008-02-04,22.100000381469727,22.347999572753906,21.667999267578125,22.224000930786133,15.41618824005127,12126500,CF,yfinance,2026-02-10T05:08:32.006375+00:00
2008-02-05,22.016000747680664,22.47599983215332,20.5,20.743999481201172,14.389554977416992,14823000,CF,yfinance,2026-02-10T05:08:32.006375+00:00
2008-02-06,21.100000381469727,22.139999389648438,21.0,21.530000686645508,14.934782028198242,15759000,CF,yfinance,2026-02-10T05:08:32.006375+00:00
2008-02-07,20.851999282836914,21.770000457763672,20.299999237060547,21.32200050354004,14.790497779846191,17156000,CF,yfinance,2026-02-10T05:08:32.006375+00:00
2008-02-08,22.402000427246094,22.402000427246094,21.0,21.649999618530273,15.018014907836914,23442000,CF,yfinance,2026-02-10T05:08:32.006375+00:00
2008-02-11,22.082000732421875,22.399999618530273,21.121999740600586,22.299999237060547,15.468912124633789,16076000,CF,yfinance,2026-02-10T05:08:32.006375+00:00
2008-02-12,22.697999954223633,23.98200035095215,22.360000610351562,22.61199951171875,15.685331344604492,20449000,CF,yfinance,2026-02-10T05:08:32.006375+00:00
2008-02-13,23.332000732421875,23.375999450683594,22.26799964904785,23.20400047302246,16.095991134643555,14463000,CF,yfinance,2026-02-10T05:08:32.006375+00:00
2008-02-14,23.426000595092773,23.81399917602539,22.841999053955078,23.1200008392334,16.037723541259766,10613500,CF,yfinance,2026-02-10T05:08:32.006375+00:00
2008-02-15,22.889999389648438,23.673999786376953,22.709999084472656,23.634000778198242,16.39427375793457,11003500,CF,yfinance,2026-02-10T05:08:32.006375+00:00
2008-02-19,24.20599937438965,25.74799919128418,24.20599937438965,25.336000442504883,17.57490348815918,20305500,CF,yfinance,2026-02-10T05:08:32.006375+00:00
2008-02-20,25.13599967956543,25.670000076293945,24.916000366210938,25.399999618530273,17.63321876525879,13028500,CF,yfinance,2026-02-10T05:08:32.006375+00:00
2008-02-21,25.628000259399414,25.66200065612793,24.422000885009766,24.591999053955078,17.072288513183594,14990500,CF,yfinance,2026-02-10T05:08:32.006375+00:00
2008-02-22,24.402000427246094,25.236000061035156,23.965999603271484,25.172000885009766,17.474939346313477,11472500,CF,yfinance,2026-02-10T05:08:32.006375+00:00
2008-02-25,25.552000045776367,26.215999603271484,24.940000534057617,26.197999954223633,18.18720245361328,16413000,CF,yfinance,2026-02-10T05:08:32.006375+00:00
2008-02-26,26.077999114990234,26.341999053955078,25.450000762939453,25.672000885009766,17.82204246520996,11561000,CF,yfinance,2026-02-10T05:08:32.006375+00:00
2008-02-27,24.350000381469727,25.959999084472656,24.350000381469727,24.97599983215332,17.338869094848633,18213000,CF,yfinance,2026-02-10T05:08:32.006375+00:00
2008-02-28,24.898000717163086,25.56999969482422,24.868000030517578,25.243999481201172,17.524913787841797,8062500,CF,yfinance,2026-02-10T05:08:32.006375+00:00
2008-02-29,25.58799934387207,25.700000762939453,24.3439998626709,24.416000366210938,16.950103759765625,14988500,CF,yfinance,2026-02-10T05:08:32.006375+00:00
2008-03-03,24.101999282836914,24.892000198364258,23.47599983215332,24.09600067138672,16.727954864501953,18035500,CF,yfinance,2026-02-10T05:08:32.006375+00:00
2008-03-04,23.809999465942383,24.799999237060547,23.010000228881836,23.923999786376953,16.608543395996094,13705000,CF,yfinance,2026-02-10T05:08:32.006375+00:00
2008-03-05,23.923999786376953,24.893999099731445,23.70199966430664,24.695999145507812,17.144479751586914,11276500,CF,yfinance,2026-02-10T05:08:32.006375+00:00
2008-03-06,24.600000381469727,25.038000106811523,24.22599983215332,24.299999237060547,16.869571685791016,10059000,CF,yfinance,2026-02-10T05:08:32.006375+00:00
2008-03-07,23.618000030517578,24.270000457763672,22.600000381469727,22.920000076293945,15.911551475524902,15832500,CF,yfinance,2026-02-10T05:08:32.006375+00:00
2008-03-10,22.601999282836914,22.81999969482422,21.010000228881836,21.052000045776367,14.614739418029785,18552500,CF,yfinance,2026-02-10T05:08:32.006375+00:00
2008-03-11,21.5,23.562000274658203,21.5,23.540000915527344,16.34196662902832,15558500,CF,yfinance,2026-02-10T05:08:32.006375+00:00
2008-03-12,23.422000885009766,24.082000732421875,22.809999465942383,23.327999114990234,16.194787979125977,12415000,CF,yfinance,2026-02-10T05:08:32.006375+00:00
2008-03-13,22.601999282836914,24.368000030517578,22.173999786376953,24.04199981689453,16.690460205078125,15592000,CF,yfinance,2026-02-10T05:08:32.006375+00:00
2008-03-14,24.642000198364258,24.642000198364258,22.474000930786133,23.209999084472656,16.11286735534668,15104500,CF,yfinance,2026-02-10T05:08:32.006375+00:00
2008-03-17,22.465999603271484,23.200000762939453,21.56399917602539,21.959999084472656,15.245099067687988,13575500,CF,yfinance,2026-02-10T05:08:32.006375+00:00
2008-03-18,22.90399932861328,24.020000457763672,22.535999298095703,23.950000762939453,16.626602172851562,12940000,CF,yfinance,2026-02-10T05:08:32.006375+00:00
2008-03-19,23.81399917602539,23.827999114990234,21.229999542236328,21.26799964904785,14.764695167541504,19487000,CF,yfinance,2026-02-10T05:08:32.006375+00:00
2008-03-20,20.8799991607666,21.450000762939453,19.799999237060547,20.99799919128418,14.577255249023438,23027500,CF,yfinance,2026-02-10T05:08:32.006375+00:00
2008-03-24,21.562000274658203,22.1200008392334,21.082000732421875,21.275999069213867,14.770246505737305,14310500,CF,yfinance,2026-02-10T05:08:32.006375+00:00
2008-03-25,22.229999542236328,22.81999969482422,21.667999267578125,22.673999786376953,15.740768432617188,12814500,CF,yfinance,2026-02-10T05:08:32.006375+00:00
2008-03-26,22.600000381469727,23.0,22.079999923706055,22.729999542236328,15.779643058776855,8085500,CF,yfinance,2026-02-10T05:08:32.006375+00:00
2008-03-27,22.469999313354492,22.67799949645996,21.790000915527344,21.86400032043457,15.178447723388672,13148000,CF,yfinance,2026-02-10T05:08:32.006375+00:00
2008-03-28,22.20800018310547,22.54599952697754,21.558000564575195,21.711999893188477,15.072930335998535,7234500,CF,yfinance,2026-02-10T05:08:32.006375+00:00
2008-03-31,21.3799991607666,21.969999313354492,20.00200080871582,20.724000930786133,14.387039184570312,16714500,CF,yfinance,2026-02-10T05:08:32.006375+00:00
2008-04-01,20.832000732421875,21.375999450683594,19.469999313354492,21.312000274658203,14.795243263244629,18997500,CF,yfinance,2026-02-10T05:08:32.006375+00:00
2008-04-02,20.90399932861328,21.739999771118164,20.516000747680664,21.17799949645996,14.7022123336792,12297500,CF,yfinance,2026-02-10T05:08:32.006375+00:00
2008-04-03,21.176000595092773,23.31999969482422,20.802000045776367,22.90999984741211,15.90460205078125,18857000,CF,yfinance,2026-02-10T05:08:32.006375+00:00
2008-04-04,23.687999725341797,25.43199920654297,23.552000045776367,25.128000259399414,17.44438934326172,19927000,CF,yfinance,2026-02-10T05:08:32.006375+00:00
2008-04-07,25.90399932861328,26.600000381469727,24.923999786376953,25.393999099731445,17.62904167175293,17385500,CF,yfinance,2026-02-10T05:08:32.006375+00:00
2008-04-08,25.20199966430664,26.5939998626709,25.0,26.20400047302246,18.191377639770508,14462000,CF,yfinance,2026-02-10T05:08:32.006375+00:00
2008-04-09,26.586000442504883,27.34600067138672,26.302000045776367,26.75,18.57042121887207,19614500,CF,yfinance,2026-02-10T05:08:32.006375+00:00
2008-04-10,26.899999618530273,27.738000869750977,25.947999954223633,27.420000076293945,19.035541534423828,15193500,CF,yfinance,2026-02-10T05:08:32.006375+00:00
2008-04-11,26.941999435424805,28.011999130249023,26.615999221801758,27.68600082397461,19.220203399658203,14893500,CF,yfinance,2026-02-10T05:08:32.006375+00:00
2008-04-14,27.937999725341797,29.29400062561035,27.77400016784668,28.884000778198242,20.051881790161133,14939500,CF,yfinance,2026-02-10T05:08:32.006375+00:00
2008-04-15,29.309999465942383,29.309999465942383,28.01799964904785,28.573999404907227,19.836669921875,11068500,CF,yfinance,2026-02-10T05:08:32.006375+00:00
2008-04-16,29.520000457763672,30.327999114990234,28.860000610351562,30.284000396728516,21.02379035949707,13925000,CF,yfinance,2026-02-10T05:08:32.006375+00:00
2008-04-17,30.445999145507812,30.989999771118164,29.309999465942383,30.100000381469727,20.896055221557617,13413000,CF,yfinance,2026-02-10T05:08:32.006375+00:00
2008-04-18,30.100000381469727,31.479999542236328,29.804000854492188,30.788000106811523,21.373682022094727,13815000,CF,yfinance,2026-02-10T05:08:32.006375+00:00
2008-04-21,30.996000289916992,31.799999237060547,30.554000854492188,31.219999313354492,21.673582077026367,13486000,CF,yfinance,2026-02-10T05:08:32.006375+00:00
2008-04-22,31.700000762939453,31.700000762939453,29.964000701904297,30.492000579833984,21.168188095092773,15719500,CF,yfinance,2026-02-10T05:08:32.006375+00:00
2008-04-23,30.833999633789062,30.833999633789062,28.799999237060547,29.618000030517578,20.561437606811523,17845000,CF,yfinance,2026-02-10T05:08:32.006375+00:00
2008-04-24,29.799999237060547,29.799999237060547,27.034000396728516,27.52199935913086,19.10634994506836,23566000,CF,yfinance,2026-02-10T05:08:32.006375+00:00
2008-04-25,26.408000946044922,28.996000289916992,26.100000381469727,28.826000213623047,20.011625289916992,23096500,CF,yfinance,2026-02-10T05:08:32.006375+00:00
2008-04-28,28.555999755859375,29.426000595092773,27.84600067138672,27.950000762939453,19.403486251831055,18476000,CF,yfinance,2026-02-10T05:08:32.006375+00:00
2008-04-29,27.360000610351562,27.360000610351562,26.104000091552734,26.233999252319336,18.212200164794922,16137500,CF,yfinance,2026-02-10T05:08:32.006375+00:00
2008-04-30,26.496000289916992,27.375999450683594,26.299999237060547,26.739999771118164,18.563467025756836,14191500,CF,yfinance,2026-02-10T05:08:32.006375+00:00
2008-05-01,26.489999771118164,26.950000762939453,25.29800033569336,26.408000946044922,18.332988739013672,14733500,CF,yfinance,2026-02-10T05:08:32.006375+00:00
2008-05-02,26.77400016784668,27.166000366210938,26.236000061035156,26.95199966430664,18.71064567565918,9300500,CF,yfinance,2026-02-10T05:08:32.006375+00:00
2008-05-05,27.389999389648438,27.850000381469727,26.600000381469727,26.950000762939453,18.709264755249023,9693000,CF,yfinance,2026-02-10T05:08:32.006375+00:00
2008-05-06,27.214000701904297,27.93199920654297,26.700000762939453,27.761999130249023,19.272968292236328,10523000,CF,yfinance,2026-02-10T05:08:32.006375+00:00
2008-05-07,27.658000946044922,28.399999618530273,27.030000686645508,27.13800048828125,18.83976936340332,12376500,CF,yfinance,2026-02-10T05:08:32.006375+00:00
2008-05-08,27.5,27.600000381469727,26.469999313354492,27.493999481201172,19.086917877197266,13454000,CF,yfinance,2026-02-10T05:08:32.006375+00:00
2008-05-09,27.489999771118164,27.73200035095215,27.031999588012695,27.365999221801758,18.99805450439453,6989500,CF,yfinance,2026-02-10T05:08:32.006375+00:00
2008-05-12,27.43000030517578,27.974000930786133,26.940000534057617,27.889999389648438,19.361827850341797,7938000,CF,yfinance,2026-02-10T05:08:32.006375+00:00
2008-05-13,28.091999053955078,28.200000762939453,27.106000900268555,27.408000946044922,19.040863037109375,8003500,CF,yfinance,2026-02-10T05:08:32.006375+00:00
2008-05-14,27.20199966430664,28.333999633789062,27.124000549316406,27.253999710083008,18.933883666992188,10436000,CF,yfinance,2026-02-10T05:08:32.006375+00:00
2008-05-15,27.327999114990234,28.04199981689453,27.309999465942383,27.746000289916992,19.275684356689453,6816500,CF,yfinance,2026-02-10T05:08:32.006375+00:00
2008-05-16,27.757999420166016,28.399999618530273,27.305999755859375,27.95800018310547,19.42296028137207,7573500,CF,yfinance,2026-02-10T05:08:32.006375+00:00
2008-05-19,27.804000854492188,28.0939998626709,26.143999099731445,26.52400016784668,18.426734924316406,10819500,CF,yfinance,2026-02-10T05:08:32.006375+00:00
2008-05-20,26.802000045776367,27.440000534057617,26.277999877929688,27.09000015258789,18.8199405670166,9296000,CF,yfinance,2026-02-10T05:08:32.006375+00:00
2008-05-21,27.1299991607666,27.211999893188477,25.729999542236328,25.874000549316406,17.975168228149414,12797500,CF,yfinance,2026-02-10T05:08:32.006375+00:00
2008-05-22,25.804000854492188,26.979999542236328,25.804000854492188,26.374000549316406,18.32251739501953,9096000,CF,yfinance,2026-02-10T05:08:32.006375+00:00
2008-05-23,26.27199935913086,26.375999450683594,24.893999099731445,25.459999084472656,17.687551498413086,13622000,CF,yfinance,2026-02-10T05:08:32.006375+00:00
2008-05-27,25.465999603271484,25.54199981689453,24.257999420166016,24.81399917602539,17.238767623901367,13760000,CF,yfinance,2026-02-10T05:08:32.006375+00:00
2008-05-28,24.81800079345703,27.309999465942383,24.61199951171875,27.309999465942383,18.972780227661133,16926500,CF,yfinance,2026-02-10T05:08:32.006375+00:00
2008-05-29,27.197999954223633,27.350000381469727,26.464000701904297,26.639999389648438,18.50732421875,11126000,CF,yfinance,2026-02-10T05:08:32.006375+00:00
2008-05-30,26.983999252319336,27.468000411987305,26.70199966430664,27.3799991607666,19.021413803100586,12842500,CF,yfinance,2026-02-10T05:08:32.006375+00:00
2008-06-02,27.354000091552734,28.615999221801758,27.299999237060547,27.899999618530273,19.382667541503906,12199500,CF,yfinance,2026-02-10T05:08:32.006375+00:00
2008-06-03,28.239999771118164,29.68400001525879,27.950000762939453,28.841999053955078,20.037094116210938,19264000,CF,yfinance,2026-02-10T05:08:32.006375+00:00
2008-06-04,28.799999237060547,29.222000122070312,28.20800018310547,28.459999084472656,19.77171516418457,11835500,CF,yfinance,2026-02-10T05:08:32.006375+00:00
2008-06-05,28.969999313354492,30.535999298095703,28.6200008392334,30.42799949645996,21.1389102935791,16363500,CF,yfinance,2026-02-10T05:08:32.006375+00:00
2008-06-06,29.81999969482422,30.743999481201172,29.214000701904297,29.333999633789062,20.37889862060547,11509500,CF,yfinance,2026-02-10T05:08:32.006375+00:00
2008-06-09,29.99799919128418,30.90399932861328,29.399999618530273,30.224000930786133,20.99720001220703,12009000,CF,yfinance,2026-02-10T05:08:32.006375+00:00
2008-06-10,30.058000564575195,30.371999740600586,29.104000091552734,30.145999908447266,20.943012237548828,10696000,CF,yfinance,2026-02-10T05:08:32.006375+00:00
2008-06-11,31.077999114990234,31.67799949645996,30.128000259399414,30.218000411987305,20.99302864074707,15175500,CF,yfinance,2026-02-10T05:08:32.006375+00:00
2008-06-12,30.420000076293945,30.724000930786133,29.399999618530273,29.857999801635742,20.742931365966797,11463000,CF,yfinance,2026-02-10T05:08:32.006375+00:00
2008-06-13,29.804000854492188,31.016000747680664,29.666000366210938,31.016000747680664,21.547407150268555,9751000,CF,yfinance,2026-02-10T05:08:32.006375+00:00
2008-06-16,31.729999542236328,32.49399948120117,30.847999572753906,32.125999450683594,22.318552017211914,11397500,CF,yfinance,2026-02-10T05:08:32.006375+00:00
2008-06-17,32.45399856567383,34.04600143432617,32.395999908447266,33.92399978637695,23.567651748657227,18804500,CF,yfinance,2026-02-10T05:08:32.006375+00:00
2008-06-18,34.316001892089844,34.597999572753906,32.94599914550781,33.84000015258789,23.509302139282227,13077500,CF,yfinance,2026-02-10T05:08:32.006375+00:00
2008-06-19,34.290000915527344,34.33000183105469,32.2760009765625,32.43199920654297,22.531131744384766,12827500,CF,yfinance,2026-02-10T05:08:32.006375+00:00
2008-06-20,32.57400131225586,34.060001373291016,32.45800018310547,33.349998474121094,23.168888092041016,19509500,CF,yfinance,2026-02-10T05:08:32.006375+00:00
2008-06-23,33.55400085449219,34.040000915527344,32.51599884033203,33.66999816894531,23.391202926635742,12950000,CF,yfinance,2026-02-10T05:08:32.006375+00:00
2008-06-24,33.582000732421875,34.0359992980957,31.827999114990234,32.04399871826172,22.26158332824707,15497500,CF,yfinance,2026-02-10T05:08:32.006375+00:00
2008-06-25,31.742000579833984,32.35599899291992,30.520000457763672,31.70400047302246,22.025379180908203,15622500,CF,yfinance,2026-02-10T05:08:32.006375+00:00
2008-06-26,31.45599937438965,31.937999725341797,30.52400016784668,30.757999420166016,21.368175506591797,13716500,CF,yfinance,2026-02-10T05:08:32.006375+00:00
2008-06-27,30.402000427246094,31.600000381469727,29.799999237060547,31.3700008392334,21.793344497680664,38425000,CF,yfinance,2026-02-10T05:08:32.006375+00:00
2008-06-30,31.29599952697754,31.856000900268555,30.402000427246094,30.559999465942383,21.230615615844727,15514500,CF,yfinance,2026-02-10T05:08:32.006375+00:00
2008-07-01,30.290000915527344,31.11400032043457,29.34000015258789,30.940000534057617,21.494619369506836,18287500,CF,yfinance,2026-02-10T05:08:32.006375+00:00
2008-07-02,31.100000381469727,31.417999267578125,28.709999084472656,28.722000122070312,19.9537296295166,13602500,CF,yfinance,2026-02-10T05:08:32.006375+00:00
2008-07-03,28.233999252319336,28.993999481201172,27.47599983215332,28.479999542236328,19.785606384277344,12786500,CF,yfinance,2026-02-10T05:08:32.006375+00:00
2008-07-07,29.299999237060547,30.381999969482422,28.469999313354492,29.43199920654297,20.446979522705078,17254500,CF,yfinance,2026-02-10T05:08:32.006375+00:00
2008-07-08,28.760000228881836,28.99799919128418,26.70599937438965,28.893999099731445,20.073219299316406,22046500,CF,yfinance,2026-02-10T05:08:32.006375+00:00
2008-07-09,29.011999130249023,31.00200080871582,29.011999130249023,30.445999145507812,21.151424407958984,15591000,CF,yfinance,2026-02-10T05:08:32.006375+00:00
2008-07-10,30.788000106811523,31.399999618530273,30.200000762939453,31.3700008392334,21.793344497680664,13782000,CF,yfinance,2026-02-10T05:08:32.006375+00:00
2008-07-11,30.97800064086914,32.099998474121094,30.600000381469727,31.809999465942383,22.099027633666992,14215000,CF,yfinance,2026-02-10T05:08:32.006375+00:00
2008-07-14,32.50600051879883,33.242000579833984,31.881999969482422,33.018001556396484,22.93824005126953,12730500,CF,yfinance,2026-02-10T05:08:32.006375+00:00
2008-07-15,32.917999267578125,32.917999267578125,30.775999069213867,31.808000564575195,22.097631454467773,16827500,CF,yfinance,2026-02-10T05:08:32.006375+00:00
2008-07-16,31.996000289916992,31.996000289916992,30.200000762939453,31.761999130249023,22.065673828125,14177500,CF,yfinance,2026-02-10T05:08:32.006375+00:00
2008-07-17,32.34199905395508,32.99599838256836,29.645999908447266,30.558000564575195,21.229236602783203,16006000,CF,yfinance,2026-02-10T05:08:32.006375+00:00
2008-07-18,30.011999130249023,31.336000442504883,29.790000915527344,29.944000244140625,20.802671432495117,11738500,CF,yfinance,2026-02-10T05:08:32.006375+00:00
2008-07-21,30.398000717163086,31.715999603271484,30.148000717163086,31.34600067138672,21.776674270629883,15730500,CF,yfinance,2026-02-10T05:08:32.006375+00:00
2008-07-22,31.197999954223633,31.600000381469727,30.06999969482422,31.214000701904297,21.684974670410156,9928500,CF,yfinance,2026-02-10T05:08:32.006375+00:00
2008-07-23,30.902000427246094,31.082000732421875,27.808000564575195,27.916000366210938,19.393787384033203,17098500,CF,yfinance,2026-02-10T05:08:32.006375+00:00
2008-07-24,28.722000122070312,29.70800018310547,26.50200080871582,27.898000717163086,19.381290435791016,23797000,CF,yfinance,2026-02-10T05:08:32.006375+00:00
2008-07-25,28.197999954223633,29.007999420166016,27.13599967956543,28.743999481201172,19.96901512145996,10541000,CF,yfinance,2026-02-10T05:08:32.006375+00:00
2008-07-28,29.104000091552734,29.59000015258789,28.45400047302246,29.13599967956543,20.241344451904297,12276500,CF,yfinance,2026-02-10T05:08:32.006375+00:00
2008-07-29,28.81800079345703,30.719999313354492,28.408000946044922,30.535999298095703,21.213951110839844,16434000,CF,yfinance,2026-02-10T05:08:32.006375+00:00
2008-07-30,31.091999053955078,33.400001525878906,30.63599967956543,33.321998596191406,23.149431228637695,17624000,CF,yfinance,2026-02-10T05:08:32.006375+00:00
2008-07-31,33.14400100708008,33.62799835205078,32.37200164794922,32.69200134277344,22.71177101135254,12337500,CF,yfinance,2026-02-10T05:08:32.006375+00:00
2008-08-01,33.02799987792969,33.599998474121094,32.119998931884766,32.507999420166016,22.58392906188965,9039500,CF,yfinance,2026-02-10T05:08:32.006375+00:00
2008-08-04,32.28200149536133,32.28799819946289,29.302000045776367,29.79199981689453,20.69706916809082,17921500,CF,yfinance,2026-02-10T05:08:32.006375+00:00
2008-08-05,29.277999877929688,30.0,26.799999237060547,27.922000885009766,19.3979549407959,27723000,CF,yfinance,2026-02-10T05:08:32.006375+00:00
2008-08-06,28.351999282836914,29.038000106811523,27.757999420166016,28.158000946044922,19.561906814575195,15184500,CF,yfinance,2026-02-10T05:08:32.006375+00:00
2008-08-07,28.447999954223633,28.889999389648438,27.538000106811523,28.07200050354004,19.502159118652344,12079000,CF,yfinance,2026-02-10T05:08:32.006375+00:00
2008-08-08,26.99799919128418,27.600000381469727,26.280000686645508,26.93000030517578,18.70878791809082,15055000,CF,yfinance,2026-02-10T05:08:32.006375+00:00
2008-08-11,27.260000228881836,27.260000228881836,24.0,25.06599998474121,17.413833618164062,25290000,CF,yfinance,2026-02-10T05:08:32.006375+00:00
2008-08-12,25.02199935913086,25.97599983215332,24.711999893188477,25.305999755859375,17.5805721282959,15846500,CF,yfinance,2026-02-10T05:08:32.006375+00:00
2008-08-13,25.45400047302246,27.788000106811523,25.45400047302246,27.770000457763672,19.3076171875,14608500,CF,yfinance,2026-02-10T05:08:32.006375+00:00
2008-08-14,27.496000289916992,27.90999984741211,26.399999618530273,27.4060001373291,19.05453109741211,14701500,CF,yfinance,2026-02-10T05:08:32.006375+00:00
2008-08-15,27.332000732421875,27.332000732421875,25.378000259399414,25.790000915527344,17.93097496032715,13153000,CF,yfinance,2026-02-10T05:08:32.006375+00:00
2008-08-18,25.964000701904297,26.993999481201172,25.469999313354492,25.961999893188477,18.050565719604492,15310000,CF,yfinance,2026-02-10T05:08:32.006375+00:00
2008-08-19,25.600000381469727,27.525999069213867,25.489999771118164,26.983999252319336,18.76113510131836,14847000,CF,yfinance,2026-02-10T05:08:32.006375+00:00
2008-08-20,27.261999130249023,28.200000762939453,27.143999099731445,27.979999542236328,19.4536190032959,12834000,CF,yfinance,2026-02-10T05:08:32.006375+00:00
2008-08-21,28.441999435424805,29.31800079345703,27.799999237060547,29.107999801635742,20.237884521484375,12791000,CF,yfinance,2026-02-10T05:08:32.006375+00:00
2008-08-22,28.618000030517578,29.426000595092773,28.107999801635742,28.893999099731445,20.089096069335938,11832000,CF,yfinance,2026-02-10T05:08:32.006375+00:00
2008-08-25,29.697999954223633,30.100000381469727,28.729999542236328,29.3700008392334,20.420040130615234,16401000,CF,yfinance,2026-02-10T05:08:32.006375+00:00
2008-08-26,29.559999465942383,29.899999618530273,29.26799964904785,29.847999572753906,20.75238609313965,45600500,CF,yfinance,2026-02-10T05:08:32.006375+00:00
2008-08-27,30.158000946044922,30.531999588012695,29.8799991607666,30.031999588012695,20.88031005859375,14062500,CF,yfinance,2026-02-10T05:08:32.006375+00:00
2008-08-28,30.368000030517578,30.368000030517578,29.365999221801758,30.1200008392334,20.94149398803711,14443500,CF,yfinance,2026-02-10T05:08:32.006375+00:00
2008-08-29,30.00200080871582,30.79400062561035,30.00200080871582,30.479999542236328,21.191789627075195,9832000,CF,yfinance,2026-02-10T05:08:32.006375+00:00
2008-09-02,29.38599967956543,29.38599967956543,27.510000228881836,27.604000091552734,19.19219207763672,18506000,CF,yfinance,2026-02-10T05:08:32.006375+00:00
2008-09-03,27.51799964904785,28.091999053955078,25.700000762939453,26.868000030517578,18.68048667907715,24910000,CF,yfinance,2026-02-10T05:08:32.006375+00:00
2008-09-04,26.368000030517578,27.107999801635742,24.260000228881836,24.68600082397461,17.163408279418945,25309000,CF,yfinance,2026-02-10T05:08:32.006375+00:00
2008-09-05,24.788000106811523,26.336000442504883,23.781999588012695,26.239999771118164,18.243854522705078,24464000,CF,yfinance,2026-02-10T05:08:32.006375+00:00
2008-09-08,27.106000900268555,27.158000946044922,23.106000900268555,23.895999908447266,16.614147186279297,25167000,CF,yfinance,2026-02-10T05:08:32.006375+00:00
2008-09-09,23.45800018310547,23.45800018310547,20.9060001373291,21.016000747680664,14.611761093139648,37160500,CF,yfinance,2026-02-10T05:08:32.006375+00:00
2008-09-10,21.106000900268555,22.854000091552734,21.027999877929688,21.922000885009766,15.241683006286621,29167000,CF,yfinance,2026-02-10T05:08:32.006375+00:00
2008-09-11,21.357999801635742,23.29199981689453,20.74799919128418,23.25,16.165000915527344,27200500,CF,yfinance,2026-02-10T05:08:32.006375+00:00
2008-09-12,23.222000122070312,24.950000762939453,23.222000122070312,24.552000045776367,17.070241928100586,23623500,CF,yfinance,2026-02-10T05:08:32.006375+00:00
2008-09-15,23.079999923706055,23.920000076293945,21.583999633789062,22.04400062561035,15.326505661010742,22738000,CF,yfinance,2026-02-10T05:08:32.006375+00:00
2008-09-16,21.15999984741211,23.923999786376953,21.00200080871582,23.902000427246094,16.618316650390625,25977000,CF,yfinance,2026-02-10T05:08:32.006375+00:00
2008-09-17,23.329999923706055,24.143999099731445,21.57200050354004,21.940000534057617,15.254195213317871,24917500,CF,yfinance,2026-02-10T05:08:32.006375+00:00
2008-09-18,22.121999740600586,23.5,20.90999984741211,22.06800079345703,15.343188285827637,22566500,CF,yfinance,2026-02-10T05:08:32.006375+00:00
2008-09-19,23.562000274658203,24.148000717163086,22.461999893188477,23.88599967956543,16.607187271118164,17907500,CF,yfinance,2026-02-10T05:08:32.006375+00:00
2008-09-22,23.90999984741211,25.176000595092773,23.8700008392334,24.357999801635742,16.935354232788086,17865500,CF,yfinance,2026-02-10T05:08:32.006375+00:00
2008-09-23,24.27400016784668,24.41200065612793,21.850000381469727,22.722000122070312,15.797893524169922,22772500,CF,yfinance,2026-02-10T05:08:32.006375+00:00
2008-09-24,23.191999435424805,23.700000762939453,22.29800033569336,22.993999481201172,15.987014770507812,15294000,CF,yfinance,2026-02-10T05:08:32.006375+00:00
2008-09-25,22.98200035095215,22.98200035095215,21.261999130249023,22.040000915527344,15.323721885681152,23034500,CF,yfinance,2026-02-10T05:08:32.006375+00:00
2008-09-26,19.827999114990234,19.827999114990234,17.531999588012695,18.356000900268555,12.762353897094727,36195500,CF,yfinance,2026-02-10T05:08:32.006375+00:00
2008-09-29,17.371999740600586,18.288000106811523,16.22599983215332,16.785999298095703,11.670781135559082,28443500,CF,yfinance,2026-02-10T05:08:32.006375+00:00
2008-09-30,17.059999465942383,18.492000579833984,16.63800048828125,18.29199981689453,12.717854499816895,26130000,CF,yfinance,2026-02-10T05:08:32.006375+00:00
2008-10-01,18.365999221801758,18.72599983215332,17.239999771118164,17.72800064086914,12.325729370117188,21577000,CF,yfinance,2026-02-10T05:08:32.006375+00:00
2008-10-02,15.597999572753906,15.661999702453613,10.824000358581543,11.600000381469727,8.065115928649902,76177000,CF,yfinance,2026-02-10T05:08:32.006375+00:00
2008-10-03,12.12399959564209,12.699999809265137,11.071999549865723,11.295999526977539,7.853755950927734,34816500,CF,yfinance,2026-02-10T05:08:32.006375+00:00
2008-10-06,10.260000228881836,10.96399974822998,9.42199993133545,10.815999984741211,7.520029067993164,41498500,CF,yfinance,2026-02-10T05:08:32.006375+00:00
2008-10-07,11.39799976348877,11.715999603271484,10.246000289916992,10.277999877929688,7.14597225189209,39870500,CF,yfinance,2026-02-10T05:08:32.006375+00:00
2008-10-08,9.597999572753906,12.3100004196167,9.477999687194824,11.461999893188477,7.969172477722168,47404000,CF,yfinance,2026-02-10T05:08:32.006375+00:00
2008-10-09,12.057999610900879,13.565999984741211,10.831999778747559,11.166000366210938,7.763370513916016,37330500,CF,yfinance,2026-02-10T05:08:32.006375+00:00
2008-10-10,10.289999961853027,12.387999534606934,9.902000427246094,11.534000396728516,8.0192289352417,35624000,CF,yfinance,2026-02-10T05:08:32.006375+00:00
2008-10-13,12.760000228881836,12.930000305175781,11.640000343322754,12.930000305175781,8.989825248718262,24331500,CF,yfinance,2026-02-10T05:08:32.006375+00:00
2008-10-14,13.402000427246094,13.89799976348877,12.137999534606934,12.833999633789062,8.923078536987305,27274000,CF,yfinance,2026-02-10T05:08:32.006375+00:00
2008-10-15,12.239999771118164,12.239999771118164,11.086000442504883,11.192000389099121,7.781448841094971,24369500,CF,yfinance,2026-02-10T05:08:32.006375+00:00
2008-10-16,11.498000144958496,12.052000045776367,10.319999694824219,11.609999656677246,8.07206916809082,34826000,CF,yfinance,2026-02-10T05:08:32.006375+00:00
2008-10-17,11.178000450134277,12.192000389099121,10.621999740600586,11.069999694824219,7.696624755859375,23806500,CF,yfinance,2026-02-10T05:08:32.006375+00:00
2008-10-20,11.605999946594238,12.218000411987305,11.359999656677246,12.194000244140625,8.478106498718262,20981500,CF,yfinance,2026-02-10T05:08:32.006375+00:00
2008-10-21,11.829999923706055,11.946000099182129,11.105999946594238,11.185999870300293,7.7772746086120605,21211500,CF,yfinance,2026-02-10T05:08:32.006375+00:00
2008-10-22,10.491999626159668,10.729999542236328,9.486000061035156,9.97599983215332,6.936000823974609,27271000,CF,yfinance,2026-02-10T05:08:32.006375+00:00
2008-10-23,10.137999534606934,10.23799991607666,8.520000457763672,8.90999984741211,6.194845199584961,40641000,CF,yfinance,2026-02-10T05:08:32.006375+00:00
2008-10-24,7.599999904632568,9.175999641418457,7.541999816894531,8.878000259399414,6.172595500946045,26969500,CF,yfinance,2026-02-10T05:08:32.006375+00:00
2008-10-27,8.85200023651123,9.5,8.715999603271484,9.050000190734863,6.2921833992004395,28808000,CF,yfinance,2026-02-10T05:08:32.006375+00:00
2008-10-28,9.70199966430664,10.833999633789062,9.215999603271484,10.831999778747559,7.531154155731201,34557000,CF,yfinance,2026-02-10T05:08:32.006375+00:00
2008-10-29,10.824000358581543,11.486000061035156,10.390000343322754,10.755999565124512,7.478310585021973,25600500,CF,yfinance,2026-02-10T05:08:32.006375+00:00
2008-10-30,11.350000381469727,12.314000129699707,11.281999588012695,12.026000022888184,8.36130428314209,30011000,CF,yfinance,2026-02-10T05:08:32.006375+00:00
2008-10-31,11.727999687194824,13.092000007629395,11.727999687194824,12.838000297546387,8.925860404968262,25864500,CF,yfinance,2026-02-10T05:08:32.006375+00:00
2008-11-03,12.8100004196167,13.137999534606934,12.314000129699707,12.534000396728516,8.714498519897461,22552000,CF,yfinance,2026-02-10T05:08:32.006375+00:00
2008-11-04,13.161999702453613,13.565999984741211,12.767999649047852,12.977999687194824,9.023200035095215,29476000,CF,yfinance,2026-02-10T05:08:32.006375+00:00
2008-11-05,12.741999626159668,12.84000015258789,11.800000190734863,11.895999908447266,8.270915985107422,27435500,CF,yfinance,2026-02-10T05:08:32.006375+00:00
2008-11-06,11.531999588012695,11.673999786376953,10.732000350952148,11.043999671936035,7.678549766540527,28563500,CF,yfinance,2026-02-10T05:08:32.006375+00:00
2008-11-07,11.23799991607666,12.196000099182129,10.956000328063965,12.168000221252441,8.460029602050781,23986500,CF,yfinance,2026-02-10T05:08:32.006375+00:00
2008-11-10,12.694000244140625,13.28600025177002,12.204000473022461,12.458000183105469,8.661661148071289,22107500,CF,yfinance,2026-02-10T05:08:32.006375+00:00
2008-11-11,12.031999588012695,12.307999610900879,11.437999725341797,11.781999588012695,8.191658973693848,24649500,CF,yfinance,2026-02-10T05:08:32.006375+00:00
2008-11-12,11.37600040435791,11.37600040435791,10.430000305175781,10.446000099182129,7.275125980377197,27310500,CF,yfinance,2026-02-10T05:08:32.006375+00:00
2008-11-13,10.557999610900879,12.10200023651123,10.0600004196167,12.09000015258789,8.420095443725586,46147500,CF,yfinance,2026-02-10T05:08:32.006375+00:00
2008-11-14,11.704000473022461,12.166000366210938,10.989999771118164,10.994000434875488,7.6567792892456055,29188500,CF,yfinance,2026-02-10T05:08:32.006375+00:00
2008-11-17,10.312000274658203,10.736000061035156,10.041999816894531,10.088000297546387,7.025798797607422,28657000,CF,yfinance,2026-02-10T05:08:32.006375+00:00
2008-11-18,10.255999565124512,10.5,9.605999946594238,10.07800006866455,7.018832683563232,18307500,CF,yfinance,2026-02-10T05:08:32.006375+00:00
2008-11-19,9.98799991607666,10.074000358581543,8.887999534606934,8.89799976348877,6.197020053863525,21282500,CF,yfinance,2026-02-10T05:08:32.006375+00:00
2008-11-20,8.529999732971191,8.826000213623047,7.828000068664551,7.875999927520752,5.485249042510986,30549000,CF,yfinance,2026-02-10T05:08:32.006375+00:00
2008-11-21,8.199999809265137,9.394000053405762,8.199999809265137,9.32800006866455,6.496494770050049,30255500,CF,yfinance,2026-02-10T05:08:32.006375+00:00
2008-11-24,9.59000015258789,9.887999534606934,9.079999923706055,9.232000350952148,6.429635047912598,19165000,CF,yfinance,2026-02-10T05:08:32.006375+00:00
2008-11-25,9.748000144958496,10.062000274658203,9.355999946594238,9.739999771118164,6.7834320068359375,21743000,CF,yfinance,2026-02-10T05:08:32.006375+00:00
2008-11-26,9.435999870300293,10.704000473022461,9.232000350952148,10.62600040435791,7.400484085083008,14242000,CF,yfinance,2026-02-10T05:08:32.006375+00:00
2008-11-28,10.618000030517578,10.722000122070312,10.345999717712402,10.526000022888184,7.330844879150391,4738000,CF,yfinance,2026-02-10T05:08:32.006375+00:00
2008-12-01,10.178000450134277,10.178000450134277,8.795999526977539,8.843999862670898,6.159411907196045,15681500,CF,yfinance,2026-02-10T05:08:32.006375+00:00
2008-12-02,8.527999877929688,9.244000434875488,8.484000205993652,9.1899995803833,6.40038537979126,20072000,CF,yfinance,2026-02-10T05:08:32.006375+00:00
2008-12-03,8.79800033569336,9.48799991607666,8.71399974822998,9.263999938964844,6.4519219398498535,12419500,CF,yfinance,2026-02-10T05:08:32.006375+00:00
2008-12-04,9.100000381469727,9.574000358581543,8.763999938964844,8.920000076293945,6.21234130859375,9971000,CF,yfinance,2026-02-10T05:08:32.006375+00:00
2008-12-05,8.704000473022461,9.432000160217285,8.302000045776367,9.40999984741211,6.553603172302246,13550500,CF,yfinance,2026-02-10T05:08:32.006375+00:00
2008-12-08,9.847999572753906,10.432000160217285,9.847999572753906,10.145999908447266,7.066190719604492,12856000,CF,yfinance,2026-02-10T05:08:32.006375+00:00
2008-12-09,10.0,10.857999801635742,9.78600025177002,10.131999969482422,7.056439399719238,8849500,CF,yfinance,2026-02-10T05:08:32.006375+00:00
2008-12-10,10.520000457763672,10.729999542236328,10.20199966430664,10.460000038146973,7.284878730773926,8186500,CF,yfinance,2026-02-10T05:08:32.006375+00:00
2008-12-11,10.20199966430664,10.781999588012695,9.531999588012695,9.727999687194824,6.775076389312744,11674000,CF,yfinance,2026-02-10T05:08:32.006375+00:00
2008-12-12,9.399999618530273,10.12399959564209,9.173999786376953,9.826000213623047,6.84332799911499,7713000,CF,yfinance,2026-02-10T05:08:32.006375+00:00
2008-12-15,10.008000373840332,10.270000457763672,9.380000114440918,9.565999984741211,6.6622490882873535,9070000,CF,yfinance,2026-02-10T05:08:32.006375+00:00
2008-12-16,9.845999717712402,10.800000190734863,9.845999717712402,10.753999710083008,7.489632606506348,14062000,CF,yfinance,2026-02-10T05:08:32.006375+00:00
2008-12-17,10.680000305175781,11.420000076293945,10.45199966430664,11.100000381469727,7.730609893798828,14410500,CF,yfinance,2026-02-10T05:08:32.006375+00:00
2008-12-18,11.180000305175781,11.180000305175781,10.062000274658203,10.119999885559082,7.04808235168457,8945000,CF,yfinance,2026-02-10T05:08:32.006375+00:00
2008-12-19,9.907999992370605,10.1899995803833,9.25,9.583999633789062,6.674782752990723,10459000,CF,yfinance,2026-02-10T05:08:32.006375+00:00
2008-12-22,9.571999549865723,9.579999923706055,8.899999618530273,9.10200023651123,6.339094638824463,7122000,CF,yfinance,2026-02-10T05:08:32.006375+00:00
2008-12-23,9.105999946594238,9.51200008392334,9.105999946594238,9.300000190734863,6.476995944976807,9943500,CF,yfinance,2026-02-10T05:08:32.006375+00:00
2008-12-24,9.161999702453613,9.456000328063965,9.109999656677246,9.222000122070312,6.422670364379883,2610500,CF,yfinance,2026-02-10T05:08:32.006375+00:00
2008-12-26,9.35200023651123,9.420000076293945,9.02400016784668,9.359999656677246,6.518781661987305,3855500,CF,yfinance,2026-02-10T05:08:32.006375+00:00
2008-12-29,9.404000282287598,9.663999557495117,9.104000091552734,9.34000015258789,6.504852294921875,6251000,CF,yfinance,2026-02-10T05:08:32.006375+00:00
2008-12-30,9.184000015258789,9.5600004196167,9.100000381469727,9.526000022888184,6.634391784667969,7739500,CF,yfinance,2026-02-10T05:08:32.006375+00:00
2008-12-31,9.513999938964844,9.949999809265137,9.36400032043457,9.831999778747559,6.847505569458008,6492500,CF,yfinance,2026-02-10T05:08:32.006375+00:00
2009-01-02,9.87600040435791,10.819999694824219,9.819999694824219,10.72599983215332,7.47012996673584,9227000,CF,yfinance,2026-02-10T05:08:32.006375+00:00
2009-01-05,10.604000091552734,11.527999877929688,10.604000091552734,11.319999694824219,7.883822917938232,13389000,CF,yfinance,2026-02-10T05:08:32.006375+00:00
2009-01-06,11.4399995803833,11.520000457763672,10.520000457763672,11.053999900817871,7.698565483093262,18941500,CF,yfinance,2026-02-10T05:08:32.006375+00:00
2009-01-07,11.199999809265137,11.5,10.607999801635742,10.656000137329102,7.421380043029785,12895000,CF,yfinance,2026-02-10T05:08:32.006375+00:00
2009-01-08,10.3100004196167,11.161999702453613,10.305999755859375,10.934000015258789,7.614995956420898,16941000,CF,yfinance,2026-02-10T05:08:32.006375+00:00
2009-01-09,10.965999603271484,11.137999534606934,10.569999694824219,10.781999588012695,7.509133338928223,12395000,CF,yfinance,2026-02-10T05:08:32.006375+00:00
2009-01-12,10.718000411987305,10.718000411987305,9.3100004196167,9.38599967956543,6.5368876457214355,17041000,CF,yfinance,2026-02-10T05:08:32.006375+00:00
2009-01-13,9.329999923706055,9.78600025177002,9.260000228881836,9.53600025177002,6.641357421875,12997500,CF,yfinance,2026-02-10T05:08:32.006375+00:00
2009-01-14,9.104000091552734,9.239999771118164,8.583999633789062,8.850000381469727,6.1635918617248535,14583500,CF,yfinance,2026-02-10T05:08:32.006375+00:00
2009-01-15,8.920000076293945,9.593999862670898,8.62399959564209,9.446000099182129,6.578675746917725,14312500,CF,yfinance,2026-02-10T05:08:32.006375+00:00
2009-01-16,9.210000038146973,9.9399995803833,9.041999816894531,9.704000473022461,6.758359909057617,25468000,CF,yfinance,2026-02-10T05:08:32.006375+00:00
2009-01-20,9.454000473022461,9.60200023651123,9.020000457763672,9.14799976348877,6.371133804321289,15628500,CF,yfinance,2026-02-10T05:08:32.006375+00:00
2009-01-21,9.501999855041504,9.501999855041504,8.609999656677246,9.128000259399414,6.357205390930176,19742500,CF,yfinance,2026-02-10T05:08:32.006375+00:00
2009-01-22,8.890000343322754,9.314000129699707,8.67199993133545,8.90999984741211,6.205379009246826,20409500,CF,yfinance,2026-02-10T05:08:32.006375+00:00
2009-01-23,8.600000381469727,9.581999778747559,8.460000038146973,9.355999946594238,6.515995025634766,16627500,CF,yfinance,2026-02-10T05:08:32.006375+00:00
2009-01-26,9.461999893188477,10.0,9.215999603271484,9.442000389099121,6.575891017913818,17269500,CF,yfinance,2026-02-10T05:08:32.006375+00:00
2009-01-27,9.552000045776367,9.63599967956543,9.145999908447266,9.26200008392334,6.45053243637085,17992000,CF,yfinance,2026-02-10T05:08:32.006375+00:00
2009-01-28,9.508000373840332,9.960000038146973,9.413999557495117,9.82800006866455,6.844722270965576,18946500,CF,yfinance,2026-02-10T05:08:32.006375+00:00
2009-01-29,9.62399959564209,9.800000190734863,9.479999542236328,9.656000137329102,6.7249274253845215,16874500,CF,yfinance,2026-02-10T05:08:32.006375+00:00
2009-01-30,9.699999809265137,9.935999870300293,9.317999839782715,9.399999618530273,6.546639442443848,18135500,CF,yfinance,2026-02-10T05:08:32.006375+00:00
2009-02-02,9.204000473022461,9.779999732971191,9.109999656677246,9.515999794006348,6.627429485321045,14484500,CF,yfinance,2026-02-10T05:08:32.006375+00:00
2009-02-03,9.593999862670898,9.986000061035156,9.37600040435791,9.758000373840332,6.795966625213623,14196000,CF,yfinance,2026-02-10T05:08:32.006375+00:00
2009-02-04,9.89799976348877,10.604000091552734,9.89799976348877,10.178000450134277,7.088476657867432,20481500,CF,yfinance,2026-02-10T05:08:32.006375+00:00
2009-02-05,10.07800006866455,10.600000381469727,9.907999992370605,10.48799991607666,7.30437707901001,22172500,CF,yfinance,2026-02-10T05:08:32.006375+00:00
2009-02-06,10.605999946594238,11.260000228881836,10.526000022888184,10.925999641418457,7.609423637390137,24157500,CF,yfinance,2026-02-10T05:08:32.006375+00:00
2009-02-09,10.961999893188477,11.343999862670898,10.434000015258789,10.687999725341797,7.443666934967041,17965500,CF,yfinance,2026-02-10T05:08:32.006375+00:00
2009-02-10,10.859999656677246,11.37600040435791,10.527999877929688,10.720000267028809,7.465957164764404,35354000,CF,yfinance,2026-02-10T05:08:32.006375+00:00
2009-02-11,11.355999946594238,11.390000343322754,10.112000465393066,10.442000389099121,7.272342205047607,29442500,CF,yfinance,2026-02-10T05:08:32.006375+00:00
2009-02-12,10.12600040435791,11.039999961853027,10.041999816894531,11.010000228881836,7.6826395988464355,25262500,CF,yfinance,2026-02-10T05:08:32.006375+00:00
2009-02-13,10.807999610900879,11.227999687194824,10.807999610900879,10.935999870300293,7.631000995635986,16148000,CF,yfinance,2026-02-10T05:08:32.006375+00:00
2009-02-17,10.331999778747559,10.515999794006348,10.041999816894531,10.163999557495117,7.092310905456543,20758000,CF,yfinance,2026-02-10T05:08:32.006375+00:00
2009-02-18,10.178000450134277,10.654000282287598,10.14799976348877,10.53600025177002,7.351887226104736,24588000,CF,yfinance,2026-02-10T05:08:32.006375+00:00
2009-02-19,10.668000221252441,11.253999710083008,10.609999656677246,10.907999992370605,7.611464023590088,21606000,CF,yfinance,2026-02-10T05:08:32.006375+00:00
2009-02-20,10.642000198364258,11.232000350952148,10.510000228881836,11.144000053405762,7.776144981384277,25583000,CF,yfinance,2026-02-10T05:08:32.006375+00:00
2009-02-23,11.29800033569336,11.52400016784668,9.9399995803833,10.0,6.977873802185059,36054500,CF,yfinance,2026-02-10T05:08:32.006375+00:00
2009-02-24,10.118000030517578,11.248000144958496,10.062000274658203,11.116000175476074,7.7566022872924805,30274000,CF,yfinance,2026-02-10T05:08:32.006375+00:00
2009-02-25,13.300000190734863,13.315999984741211,12.300000190734863,12.354000091552734,8.620469093322754,86849000,CF,yfinance,2026-02-10T05:08:32.006375+00:00
2009-02-26,12.583999633789062,12.842000007629395,12.42199993133545,12.550000190734863,8.757233619689941,41207500,CF,yfinance,2026-02-10T05:08:32.006375+00:00
2009-02-27,12.142000198364258,13.229999542236328,12.095999717712402,12.866000175476074,8.97773265838623,35245000,CF,yfinance,2026-02-10T05:08:32.006375+00:00
2009-03-02,12.541999816894531,12.6899995803833,11.694000244140625,11.73799991607666,8.190628051757812,23676000,CF,yfinance,2026-02-10T05:08:32.006375+00:00
2009-03-03,12.005999565124512,12.557999610900879,11.871999740600586,12.255999565124512,8.552082061767578,19421000,CF,yfinance,2026-02-10T05:08:32.006375+00:00
2009-03-04,12.60200023651123,12.899999618530273,12.368000030517578,12.54800033569336,8.755839347839355,28831500,CF,yfinance,2026-02-10T05:08:32.006375+00:00
2009-03-05,12.366000175476074,12.682000160217285,11.989999771118164,12.178000450134277,8.497655868530273,19426000,CF,yfinance,2026-02-10T05:08:32.006375+00:00
2009-03-06,12.362000465393066,12.418000221252441,11.720000267028809,12.118000030517578,8.455791473388672,25552000,CF,yfinance,2026-02-10T05:08:32.006375+00:00
2009-03-09,11.70199966430664,12.593999862670898,11.520000457763672,12.312000274658203,8.591158866882324,23402000,CF,yfinance,2026-02-10T05:08:32.006375+00:00
2009-03-10,12.640000343322754,13.11400032043457,12.569999694824219,12.850000381469727,8.966567039489746,22596000,CF,yfinance,2026-02-10T05:08:32.006375+00:00
2009-03-11,12.972000122070312,13.779999732971191,12.87600040435791,13.631999969482422,9.512236595153809,24647500,CF,yfinance,2026-02-10T05:08:32.006375+00:00
2009-03-12,13.531999588012695,13.531999588012695,12.989999771118164,13.47599983215332,9.403383255004883,20520500,CF,yfinance,2026-02-10T05:08:32.006375+00:00
2009-03-13,13.51200008392334,13.899999618530273,13.342000007629395,13.722000122070312,9.575039863586426,15936500,CF,yfinance,2026-02-10T05:08:32.006375+00:00
2009-03-16,13.666000366210938,14.13599967956543,13.5,13.739999771118164,9.587599754333496,20746500,CF,yfinance,2026-02-10T05:08:32.006375+00:00
2009-03-17,13.694000244140625,13.890000343322754,13.399999618530273,13.803999900817871,9.6322603225708,16132500,CF,yfinance,2026-02-10T05:08:32.006375+00:00
2009-03-18,13.670000076293945,13.994000434875488,13.23799991607666,13.833999633789062,9.653189659118652,22445500,CF,yfinance,2026-02-10T05:08:32.006375+00:00
2009-03-19,14.157999992370605,14.331999778747559,13.824000358581543,13.883999824523926,9.688077926635742,16935500,CF,yfinance,2026-02-10T05:08:32.006375+00:00
2009-03-20,13.989999771118164,14.003999710083008,13.53600025177002,13.53600025177002,9.44525146484375,16402500,CF,yfinance,2026-02-10T05:08:32.006375+00:00
2009-03-23,13.819999694824219,14.329999923706055,13.54800033569336,14.23799991607666,9.93509578704834,11684500,CF,yfinance,2026-02-10T05:08:32.006375+00:00
2009-03-24,14.015999794006348,14.833999633789062,13.868000030517578,14.460000038146973,10.090007781982422,14508500,CF,yfinance,2026-02-10T05:08:32.006375+00:00
2009-03-25,14.831999778747559,14.831999778747559,14.208000183105469,14.644000053405762,10.218400001525879,14624500,CF,yfinance,2026-02-10T05:08:32.006375+00:00
2009-03-26,15.029999732971191,15.029999732971191,14.390000343322754,14.800000190734863,10.327251434326172,13713500,CF,yfinance,2026-02-10T05:08:32.006375+00:00
2009-03-27,14.628000259399414,14.97599983215332,14.515999794006348,14.65999984741211,10.229562759399414,14600000,CF,yfinance,2026-02-10T05:08:32.006375+00:00
2009-03-30,14.39799976348877,14.39799976348877,13.956000328063965,14.07800006866455,9.82345199584961,14098000,CF,yfinance,2026-02-10T05:08:32.006375+00:00
2009-03-31,14.251999855041504,14.444000244140625,14.045999526977539,14.22599983215332,9.926721572875977,9455000,CF,yfinance,2026-02-10T05:08:32.006375+00:00
2009-04-01,13.899999618530273,14.557999610900879,13.899999618530273,14.496000289916992,10.115127563476562,13345500,CF,yfinance,2026-02-10T05:08:32.006375+00:00
2009-04-02,14.600000381469727,14.87600040435791,14.430000305175781,14.534000396728516,10.141642570495605,14666000,CF,yfinance,2026-02-10T05:08:32.006375+00:00
2009-04-03,14.5,14.907999992370605,14.399999618530273,14.907999992370605,10.402612686157227,8981000,CF,yfinance,2026-02-10T05:08:32.006375+00:00
2009-04-06,14.555999755859375,14.621999740600586,14.300000190734863,14.541999816894531,10.14722728729248,11990000,CF,yfinance,2026-02-10T05:08:32.006375+00:00
2009-04-07,14.404000282287598,14.458000183105469,14.010000228881836,14.0600004196167,9.810890197753906,8855500,CF,yfinance,2026-02-10T05:08:32.006375+00:00
2009-04-08,13.744000434875488,14.300000190734863,13.741999626159668,14.260000228881836,9.95044994354248,9148000,CF,yfinance,2026-02-10T05:08:32.006375+00:00
2009-04-09,14.550000190734863,14.633999824523926,14.338000297546387,14.605999946594238,10.191884994506836,7428500,CF,yfinance,2026-02-10T05:08:32.006375+00:00
2009-04-13,14.32800006866455,14.718000411987305,14.289999961853027,14.593999862670898,10.183507919311523,6862000,CF,yfinance,2026-02-10T05:08:32.006375+00:00
2009-04-14,14.416000366210938,14.868000030517578,14.416000366210938,14.741999626159668,10.286782264709473,10431000,CF,yfinance,2026-02-10T05:08:32.006375+00:00
2009-04-15,14.550000190734863,14.934000015258789,14.501999855041504,14.89799976348877,10.395639419555664,8673500,CF,yfinance,2026-02-10T05:08:32.006375+00:00
2009-04-16,15.001999855041504,15.076000213623047,14.564000129699707,14.663999557495117,10.232353210449219,7848000,CF,yfinance,2026-02-10T05:08:32.006375+00:00
2009-04-17,14.685999870300293,14.746000289916992,13.958000183105469,13.989999771118164,9.762046813964844,14660000,CF,yfinance,2026-02-10T05:08:32.006375+00:00
2009-04-20,13.800000190734863,13.800000190734863,13.381999969482422,13.477999687194824,9.404777526855469,11123000,CF,yfinance,2026-02-10T05:08:32.006375+00:00
2009-04-21,13.277999877929688,13.789999961853027,13.277999877929688,13.423999786376953,9.367098808288574,11027000,CF,yfinance,2026-02-10T05:08:32.006375+00:00
2009-04-22,13.302000045776367,13.777999877929688,13.157999992370605,13.239999771118164,9.23870849609375,8003500,CF,yfinance,2026-02-10T05:08:32.006375+00:00
2009-04-23,13.227999687194824,13.583999633789062,12.968000411987305,13.381999969482422,9.337793350219727,9169000,CF,yfinance,2026-02-10T05:08:32.006375+00:00
2009-04-24,13.678000450134277,14.404000282287598,13.63599967956543,14.218000411987305,9.921141624450684,10626000,CF,yfinance,2026-02-10T05:08:32.006375+00:00
2009-04-27,13.77400016784668,14.116000175476074,13.616000175476074,13.965999603271484,9.745299339294434,6679000,CF,yfinance,2026-02-10T05:08:32.006375+00:00
2009-04-28,13.684000015258789,14.14799976348877,13.680000305175781,13.935999870300293,9.724363327026367,3763500,CF,yfinance,2026-02-10T05:08:32.006375+00:00
2009-04-29,14.050000190734863,14.581999778747559,14.020000457763672,14.472000122070312,10.09837532043457,6130000,CF,yfinance,2026-02-10T05:08:32.006375+00:00
2009-04-30,14.600000381469727,14.767999649047852,14.27400016784668,14.40999984741211,10.055119514465332,5924000,CF,yfinance,2026-02-10T05:08:32.006375+00:00
2009-05-01,14.407999992370605,15.25,14.345999717712402,14.972000122070312,10.447277069091797,8427500,CF,yfinance,2026-02-10T05:08:32.006375+00:00
2009-05-04,15.196000099182129,15.300000190734863,14.930000305175781,15.069999694824219,10.515657424926758,8343500,CF,yfinance,2026-02-10T05:08:32.006375+00:00
2009-05-05,15.074000358581543,15.211999893188477,14.718000411987305,15.043999671936035,10.497515678405762,5753500,CF,yfinance,2026-02-10T05:08:32.006375+00:00
2009-05-06,15.20199966430664,15.20199966430664,14.446000099182129,14.781999588012695,10.314693450927734,9620000,CF,yfinance,2026-02-10T05:08:32.006375+00:00
2009-05-07,15.001999855041504,15.064000129699707,14.359999656677246,14.444000244140625,10.07884407043457,10630000,CF,yfinance,2026-02-10T05:08:32.006375+00:00
2009-05-08,14.685999870300293,14.79800033569336,14.331999778747559,14.76200008392334,10.300738334655762,6883500,CF,yfinance,2026-02-10T05:08:32.006375+00:00
2009-05-11,15.342000007629395,15.515999794006348,14.862000465393066,15.184000015258789,10.595203399658203,19351500,CF,yfinance,2026-02-10T05:08:32.006375+00:00
2009-05-12,15.265999794006348,15.609999656677246,15.104000091552734,15.460000038146973,10.802022933959961,16026000,CF,yfinance,2026-02-10T05:08:32.006375+00:00
2009-05-13,15.343999862670898,15.666000366210938,14.857999801635742,15.425999641418457,10.778265953063965,13692000,CF,yfinance,2026-02-10T05:08:32.006375+00:00
2009-05-14,15.13599967956543,15.567999839782715,15.128000259399414,15.53600025177002,10.855127334594727,10879500,CF,yfinance,2026-02-10T05:08:32.006375+00:00
2009-05-15,15.5,16.100000381469727,15.5,15.949999809265137,11.144387245178223,13710500,CF,yfinance,2026-02-10T05:08:32.006375+00:00
2009-05-18,16.09600067138672,16.52400016784668,15.973999977111816,16.468000411987305,11.506317138671875,12958000,CF,yfinance,2026-02-10T05:08:32.006375+00:00
2009-05-19,16.389999389648438,16.70599937438965,16.260000228881836,16.312000274658203,11.397323608398438,10851000,CF,yfinance,2026-02-10T05:08:32.006375+00:00
2009-05-20,16.610000610351562,16.922000885009766,16.256000518798828,16.280000686645508,11.37496280670166,10395000,CF,yfinance,2026-02-10T05:08:32.006375+00:00
2009-05-21,16.006000518798828,16.04599952697754,15.656000137329102,15.984000205993652,11.168148040771484,11342000,CF,yfinance,2026-02-10T05:08:32.006375+00:00
2009-05-22,16.20599937438965,16.468000411987305,15.984000205993652,16.152000427246094,11.285529136657715,6560000,CF,yfinance,2026-02-10T05:08:32.006375+00:00
2009-05-26,15.902000427246094,16.63800048828125,15.902000427246094,16.61199951171875,11.606931686401367,6723500,CF,yfinance,2026-02-10T05:08:32.006375+00:00
2009-05-27,16.450000762939453,16.643999099731445,15.843999862670898,15.843999862670898,11.070328712463379,11947000,CF,yfinance,2026-02-10T05:08:32.006375+00:00
2009-05-28,16.106000900268555,16.24799919128418,15.62399959564209,15.678000450134277,10.954338073730469,11438000,CF,yfinance,2026-02-10T05:08:32.006375+00:00
2009-05-29,15.868000030517578,15.934000015258789,15.402000427246094,15.527999877929688,10.84953784942627,15377000,CF,yfinance,2026-02-10T05:08:32.006375+00:00
2009-06-01,15.887999534606934,16.197999954223633,15.843999862670898,16.062000274658203,11.22264575958252,9941000,CF,yfinance,2026-02-10T05:08:32.006375+00:00
2009-06-02,16.02199935913086,16.261999130249023,15.784000396728516,15.982000350952148,11.166748046875,6034000,CF,yfinance,2026-02-10T05:08:32.006375+00:00
2009-06-03,15.59000015258789,15.600000381469727,14.82800006866455,15.571999549865723,10.880281448364258,18507000,CF,yfinance,2026-02-10T05:08:32.006375+00:00
2009-06-04,15.685999870300293,16.06800079345703,15.579999923706055,15.892000198364258,11.103863716125488,8432000,CF,yfinance,2026-02-10T05:08:32.006375+00:00
2009-06-05,16.027999877929688,16.040000915527344,15.48799991607666,15.670000076293945,10.948750495910645,5448500,CF,yfinance,2026-02-10T05:08:32.006375+00:00
2009-06-08,15.569999694824219,15.744000434875488,15.229999542236328,15.697999954223633,10.968317985534668,4076500,CF,yfinance,2026-02-10T05:08:32.006375+00:00
2009-06-09,15.760000228881836,16.091999053955078,15.586000442504883,16.034000396728516,11.203080177307129,5118500,CF,yfinance,2026-02-10T05:08:32.006375+00:00
2009-06-10,16.167999267578125,16.375999450683594,15.800000190734863,16.06599998474121,11.225438117980957,6388000,CF,yfinance,2026-02-10T05:08:32.006375+00:00
2009-06-11,16.219999313354492,16.847999572753906,16.06800079345703,16.56800079345703,11.576193809509277,7471500,CF,yfinance,2026-02-10T05:08:32.006375+00:00
2009-06-12,16.426000595092773,16.742000579833984,16.195999145507812,16.5,11.528677940368652,5543000,CF,yfinance,2026-02-10T05:08:32.006375+00:00
2009-06-15,16.23200035095215,16.243999481201172,15.911999702453613,16.00200080871582,11.18072509765625,3238500,CF,yfinance,2026-02-10T05:08:32.006375+00:00
2009-06-16,16.148000717163086,16.243999481201172,15.600000381469727,15.739999771118164,10.997661590576172,7717000,CF,yfinance,2026-02-10T05:08:32.006375+00:00
2009-06-17,15.314000129699707,15.387999534606934,14.800000190734863,14.895999908447266,10.407949447631836,11179000,CF,yfinance,2026-02-10T05:08:32.006375+00:00
2009-06-18,15.053999900817871,15.100000381469727,14.621999740600586,14.866000175476074,10.386991500854492,13037500,CF,yfinance,2026-02-10T05:08:32.006375+00:00
2009-06-19,15.013999938964844,15.20199966430664,14.859999656677246,14.998000144958496,10.47922134399414,5507500,CF,yfinance,2026-02-10T05:08:32.006375+00:00
2009-06-22,14.755999565124512,15.001999855041504,13.86400032043457,13.86400032043457,9.686883926391602,10497500,CF,yfinance,2026-02-10T05:08:32.006375+00:00
2009-06-23,14.354000091552734,14.600000381469727,14.144000053405762,14.576000213623047,10.184364318847656,17110500,CF,yfinance,2026-02-10T05:08:32.006375+00:00
2009-06-24,14.82800006866455,14.904000282287598,14.630000114440918,14.791999816894531,10.335286140441895,9575500,CF,yfinance,2026-02-10T05:08:32.006375+00:00
2009-06-25,14.697999954223633,15.199999809265137,14.586000442504883,15.199999809265137,10.620355606079102,6279000,CF,yfinance,2026-02-10T05:08:32.006375+00:00
2009-06-26,14.916000366210938,15.284000396728516,14.89799976348877,15.23799991607666,10.646909713745117,8285500,CF,yfinance,2026-02-10T05:08:32.006375+00:00
2009-06-29,14.982000350952148,15.223999977111816,14.880000114440918,15.130000114440918,10.571449279785156,9296000,CF,yfinance,2026-02-10T05:08:32.006375+00:00
2009-06-30,14.989999771118164,15.065999984741211,14.800000190734863,14.82800006866455,10.360437393188477,4914500,CF,yfinance,2026-02-10T05:08:32.006375+00:00
2009-07-01,14.977999687194824,15.065999984741211,14.770000457763672,14.802000045776367,10.342272758483887,2552500,CF,yfinance,2026-02-10T05:08:32.006375+00:00
2009-07-02,14.513999938964844,15.100000381469727,14.513999938964844,14.857999801635742,10.381402969360352,3723000,CF,yfinance,2026-02-10T05:08:32.006375+00:00
2009-07-06,14.65999984741211,14.732000350952148,14.461999893188477,14.682000160217285,10.258429527282715,2456000,CF,yfinance,2026-02-10T05:08:32.006375+00:00
2009-07-07,14.583999633789062,14.727999687194824,14.317999839782715,14.34000015258789,10.019472122192383,3985500,CF,yfinance,2026-02-10T05:08:32.006375+00:00
2009-07-08,14.14799976348877,14.430000305175781,13.968000411987305,14.145999908447266,9.883923530578613,3990000,CF,yfinance,2026-02-10T05:08:32.006375+00:00
2009-07-09,14.342000007629395,14.489999771118164,14.194000244140625,14.38599967956543,10.051612854003906,2261500,CF,yfinance,2026-02-10T05:08:32.006375+00:00
2009-07-10,14.265999794006348,14.59000015258789,13.699999809265137,13.923999786376953,9.72880744934082,6984500,CF,yfinance,2026-02-10T05:08:32.006375+00:00
2009-07-13,13.892000198364258,14.170000076293945,13.588000297546387,14.137999534606934,9.878331184387207,3376500,CF,yfinance,2026-02-10T05:08:32.006375+00:00
2009-07-14,14.185999870300293,14.347999572753906,13.838000297546387,13.946000099182129,9.744176864624023,4922000,CF,yfinance,2026-02-10T05:08:32.006375+00:00
2009-07-15,14.22599983215332,14.265999794006348,13.913999557495117,14.244000434875488,9.95239543914795,4459500,CF,yfinance,2026-02-10T05:08:32.006375+00:00
2009-07-16,14.399999618530273,14.753999710083008,14.399999618530273,14.654000282287598,10.238862037658691,5657000,CF,yfinance,2026-02-10T05:08:32.006375+00:00
2009-07-17,14.680000305175781,14.906000137329102,14.406000137329102,14.595999717712402,10.198338508605957,6421000,CF,yfinance,2026-02-10T05:08:32.006375+00:00
2009-07-20,14.609999656677246,14.79800033569336,14.434000015258789,14.732000350952148,10.293362617492676,4024500,CF,yfinance,2026-02-10T05:08:32.006375+00:00
2009-07-21,15.031999588012695,15.031999588012695,14.538000106811523,14.779999732971191,10.326897621154785,3580000,CF,yfinance,2026-02-10T05:08:32.006375+00:00
2009-07-22,14.581999778747559,14.892000198364258,14.581999778747559,14.746000289916992,10.303145408630371,4004000,CF,yfinance,2026-02-10T05:08:32.006375+00:00
2009-07-23,14.680000305175781,15.416000366210938,14.642000198364258,15.357999801635742,10.730753898620605,9347500,CF,yfinance,2026-02-10T05:08:32.006375+00:00
2009-07-24,15.210000038146973,15.644000053405762,15.210000038146973,15.61400032043457,10.909623146057129,4369500,CF,yfinance,2026-02-10T05:08:32.006375+00:00
2009-07-27,15.654000282287598,15.972000122070312,15.520000457763672,15.76200008392334,11.013033866882324,6226000,CF,yfinance,2026-02-10T05:08:32.006375+00:00
2009-07-28,16.04400062561035,16.131999969482422,15.366000175476074,15.869999885559082,11.088492393493652,14511500,CF,yfinance,2026-02-10T05:08:32.006375+00:00
2009-07-29,15.824000358581543,15.824000358581543,15.434000015258789,15.579999923706055,10.885866165161133,5270000,CF,yfinance,2026-02-10T05:08:32.006375+00:00
2009-07-30,15.907999992370605,16.04599952697754,15.770000457763672,15.814000129699707,11.04936408996582,3116500,CF,yfinance,2026-02-10T05:08:32.006375+00:00
2009-07-31,15.791999816894531,15.977999687194824,15.670000076293945,15.788000106811523,11.031196594238281,3219500,CF,yfinance,2026-02-10T05:08:32.006375+00:00
2009-08-03,16.0,16.36199951171875,15.958000183105469,16.309999465942383,11.395925521850586,3718500,CF,yfinance,2026-02-10T05:08:32.006375+00:00
2009-08-04,16.104000091552734,16.304000854492188,15.866000175476074,16.00200080871582,11.18072509765625,3027500,CF,yfinance,2026-02-10T05:08:32.006375+00:00
2009-08-05,16.18000030517578,16.780000686645508,15.90999984741211,16.54800033569336,11.562216758728027,9848000,CF,yfinance,2026-02-10T05:08:32.006375+00:00
2009-08-06,16.645999908447266,16.709999084472656,16.464000701904297,16.628000259399414,11.61811351776123,4120500,CF,yfinance,2026-02-10T05:08:32.006375+00:00
2009-08-07,16.917999267578125,16.917999267578125,16.393999099731445,16.672000885009766,11.64885425567627,3228500,CF,yfinance,2026-02-10T05:08:32.006375+00:00
2009-08-10,16.591999053955078,16.695999145507812,16.302000045776367,16.4060001373291,11.463001251220703,4448000,CF,yfinance,2026-02-10T05:08:32.006375+00:00
2009-08-11,16.36199951171875,16.538000106811523,16.152000427246094,16.309999465942383,11.395925521850586,3842500,CF,yfinance,2026-02-10T05:08:32.006375+00:00
2009-08-12,16.211999893188477,16.61400032043457,16.211999893188477,16.486000061035156,11.533035278320312,1768500,CF,yfinance,2026-02-10T05:08:32.006375+00:00
2009-08-13,16.691999435424805,16.799999237060547,16.513999938964844,16.6299991607666,11.633773803710938,3805500,CF,yfinance,2026-02-10T05:08:32.006375+00:00
2009-08-14,16.673999786376953,16.687999725341797,16.3700008392334,16.573999404907227,11.594599723815918,2805500,CF,yfinance,2026-02-10T05:08:32.006375+00:00
2009-08-17,16.106000900268555,16.172000885009766,15.699999809265137,15.883999824523926,11.111896514892578,3161500,CF,yfinance,2026-02-10T05:08:32.006375+00:00
2009-08-18,15.998000144958496,16.395999908447266,15.934000015258789,16.29599952697754,11.400121688842773,3020500,CF,yfinance,2026-02-10T05:08:32.006375+00:00
2009-08-19,16.040000915527344,16.58799934387207,16.040000915527344,16.420000076293945,11.48686695098877,2259500,CF,yfinance,2026-02-10T05:08:32.006375+00:00
2009-08-20,16.360000610351562,16.56800079345703,16.27400016784668,16.374000549316406,11.454689025878906,2247500,CF,yfinance,2026-02-10T05:08:32.006375+00:00
2009-08-21,16.658000946044922,16.658000946044922,16.29400062561035,16.357999801635742,11.44349479675293,3494000,CF,yfinance,2026-02-10T05:08:32.006375+00:00
2009-08-24,16.582000732421875,16.81599998474121,16.45800018310547,16.624000549316406,11.629578590393066,5163500,CF,yfinance,2026-02-10T05:08:32.006375+00:00
2009-08-25,16.799999237060547,16.895999908447266,16.356000900268555,16.437999725341797,11.499456405639648,2417000,CF,yfinance,2026-02-10T05:08:32.006375+00:00
2009-08-26,16.365999221801758,16.61400032043457,16.308000564575195,16.54199981689453,11.572212219238281,3363500,CF,yfinance,2026-02-10T05:08:32.006375+00:00
2009-08-27,16.540000915527344,16.576000213623047,16.36199951171875,16.43600082397461,11.498063087463379,2495000,CF,yfinance,2026-02-10T05:08:32.006375+00:00
2009-08-28,16.416000366210938,16.47800064086914,16.118000030517578,16.423999786376953,11.489666938781738,3012000,CF,yfinance,2026-02-10T05:08:32.006375+00:00
2009-08-31,16.16200065612793,16.389999389648438,16.158000946044922,16.332000732421875,11.42530632019043,2900000,CF,yfinance,2026-02-10T05:08:32.006375+00:00
2009-09-01,16.18000030517578,16.639999389648438,16.0,16.0,11.193050384521484,3399500,CF,yfinance,2026-02-10T05:08:32.006375+00:00
2009-09-02,15.92199993133545,16.384000778198242,15.82800006866455,16.332000732421875,11.42530632019043,3644500,CF,yfinance,2026-02-10T05:08:32.006375+00:00
2009-09-03,16.3799991607666,16.715999603271484,16.374000549316406,16.670000076293945,11.661763191223145,4767500,CF,yfinance,2026-02-10T05:08:32.006375+00:00
2009-09-04,16.65399932861328,17.389999389648438,16.61199951171875,17.18600082397461,12.022729873657227,4456000,CF,yfinance,2026-02-10T05:08:32.006375+00:00
2009-09-08,17.29599952697754,17.527999877929688,17.22800064086914,17.38599967956543,12.162647247314453,5106500,CF,yfinance,2026-02-10T05:08:32.006375+00:00
2009-09-09,17.422000885009766,17.75,17.356000900268555,17.615999221801758,12.32354736328125,5319000,CF,yfinance,2026-02-10T05:08:32.006375+00:00
2009-09-10,17.493999481201172,17.642000198364258,17.100000381469727,17.486000061035156,12.232608795166016,10530000,CF,yfinance,2026-02-10T05:08:32.006375+00:00
2009-09-11,17.511999130249023,17.700000762939453,17.399999618530273,17.488000869750977,12.2340087890625,2140000,CF,yfinance,2026-02-10T05:08:32.006375+00:00
2009-09-14,17.222000122070312,17.540000915527344,17.20800018310547,17.450000762939453,12.207420349121094,3933500,CF,yfinance,2026-02-10T05:08:32.006375+00:00
2009-09-15,17.371999740600586,17.695999145507812,17.371999740600586,17.576000213623047,12.295560836791992,10089500,CF,yfinance,2026-02-10T05:08:32.006375+00:00
2009-09-16,17.604000091552734,17.974000930786133,17.42799949645996,17.84000015258789,12.48025131225586,6608000,CF,yfinance,2026-02-10T05:08:32.006375+00:00
2009-09-17,17.72599983215332,18.309999465942383,17.70800018310547,18.011999130249023,12.600576400756836,3627000,CF,yfinance,2026-02-10T05:08:32.006375+00:00
2009-09-18,18.38599967956543,18.38599967956543,17.986000061035156,18.038000106811523,12.618762016296387,3722000,CF,yfinance,2026-02-10T05:08:32.006375+00:00
2009-09-21,17.93199920654297,17.93199920654297,17.558000564575195,17.804000854492188,12.45506763458252,3148000,CF,yfinance,2026-02-10T05:08:32.006375+00:00
2009-09-22,17.99799919128418,17.99799919128418,17.68400001525879,17.777999877929688,12.436878204345703,7936500,CF,yfinance,2026-02-10T05:08:32.006375+00:00
2009-09-23,17.8799991607666,17.88599967956543,17.503999710083008,17.51799964904785,12.254992485046387,3762000,CF,yfinance,2026-02-10T05:08:32.006375+00:00
2009-09-24,17.618000030517578,17.68000030517578,17.152000427246094,17.326000213623047,12.120677947998047,3105000,CF,yfinance,2026-02-10T05:08:32.006375+00:00
2009-09-25,17.187999725341797,17.323999404907227,16.84000015258789,16.857999801635742,11.793280601501465,4343000,CF,yfinance,2026-02-10T05:08:32.006375+00:00
2009-09-28,16.76799964904785,17.211999893188477,16.763999938964844,17.211999893188477,12.040921211242676,1914500,CF,yfinance,2026-02-10T05:08:32.006375+00:00
2009-09-29,17.302000045776367,17.399999618530273,17.076000213623047,17.167999267578125,12.01014232635498,2054500,CF,yfinance,2026-02-10T05:08:32.006375+00:00
2009-09-30,17.219999313354492,17.54400062561035,17.17799949645996,17.246000289916992,12.064705848693848,6569500,CF,yfinance,2026-02-10T05:08:32.006375+00:00
2009-10-01,17.284000396728516,17.31399917602539,16.766000747680664,16.84000015258789,11.78069019317627,2403000,CF,yfinance,2026-02-10T05:08:32.006375+00:00
2009-10-02,16.577999114990234,16.851999282836914,16.417999267578125,16.59000015258789,11.605792045593262,3879000,CF,yfinance,2026-02-10T05:08:32.006375+00:00
2009-10-05,16.667999267578125,16.8439998626709,16.607999801635742,16.841999053955078,11.782085418701172,2353000,CF,yfinance,2026-02-10T05:08:32.006375+00:00
2009-10-06,17.06800079345703,17.47800064086914,16.920000076293945,17.38599967956543,12.162647247314453,4958500,CF,yfinance,2026-02-10T05:08:32.006375+00:00
2009-10-07,17.43199920654297,17.6560001373291,17.357999801635742,17.493999481201172,12.238201141357422,3524000,CF,yfinance,2026-02-10T05:08:32.006375+00:00
2009-10-08,17.579999923706055,17.91200065612793,17.52400016784668,17.91200065612793,12.530620574951172,2845500,CF,yfinance,2026-02-10T05:08:32.006375+00:00
2009-10-09,17.836000442504883,17.908000946044922,17.576000213623047,17.757999420166016,12.422887802124023,2460500,CF,yfinance,2026-02-10T05:08:32.006375+00:00
2009-10-12,17.81599998474121,17.893999099731445,17.5939998626709,17.691999435424805,12.37671947479248,1343500,CF,yfinance,2026-02-10T05:08:32.006375+00:00
2009-10-13,17.61199951171875,17.86400032043457,17.534000396728516,17.79400062561035,12.44807243347168,2759500,CF,yfinance,2026-02-10T05:08:32.006375+00:00
2009-10-14,17.965999603271484,18.173999786376953,17.805999755859375,18.101999282836914,12.663538932800293,2650500,CF,yfinance,2026-02-10T05:08:32.006375+00:00
2009-10-15,18.076000213623047,18.256000518798828,17.851999282836914,18.24799919128418,12.765679359436035,3422000,CF,yfinance,2026-02-10T05:08:32.006375+00:00
2009-10-16,18.030000686645508,18.280000686645508,18.030000686645508,18.125999450683594,12.680327415466309,4668000,CF,yfinance,2026-02-10T05:08:32.006375+00:00
2009-10-19,18.134000778198242,19.025999069213867,18.134000778198242,18.989999771118164,13.28475570678711,9797500,CF,yfinance,2026-02-10T05:08:32.006375+00:00
2009-10-20,18.799999237060547,18.97599983215332,18.420000076293945,18.559999465942383,12.983938217163086,5467000,CF,yfinance,2026-02-10T05:08:32.006375+00:00
2009-10-21,18.43199920654297,18.868000030517578,18.356000900268555,18.52199935913086,12.957353591918945,3840500,CF,yfinance,2026-02-10T05:08:32.006375+00:00
2009-10-22,18.347999572753906,18.889999389648438,18.229999542236328,18.763999938964844,13.126648902893066,3529500,CF,yfinance,2026-02-10T05:08:32.006375+00:00
2009-10-23,18.356000900268555,18.49799919128418,17.805999755859375,17.895999908447266,12.519425392150879,5429000,CF,yfinance,2026-02-10T05:08:32.006375+00:00
2009-10-26,17.922000885009766,18.1200008392334,17.082000732421875,17.082000732421875,11.949980735778809,8047000,CF,yfinance,2026-02-10T05:08:32.006375+00:00
2009-10-27,16.799999237060547,17.441999435424805,16.799999237060547,17.22599983215332,12.050715446472168,5582500,CF,yfinance,2026-02-10T05:08:32.006375+00:00
2009-10-28,17.173999786376953,17.260000228881836,16.628000259399414,16.652000427246094,11.649162292480469,3499500,CF,yfinance,2026-02-10T05:08:32.006375+00:00
2009-10-29,16.8700008392334,17.341999053955078,16.697999954223633,17.200000762939453,12.032529830932617,5183000,CF,yfinance,2026-02-10T05:08:32.006375+00:00
2009-10-30,17.106000900268555,17.209999084472656,16.583999633789062,16.649999618530273,11.64776611328125,5611500,CF,yfinance,2026-02-10T05:08:32.006375+00:00
2009-11-02,16.445999145507812,16.93400001525879,16.375999450683594,16.81800079345703,11.765294075012207,15782500,CF,yfinance,2026-02-10T05:08:32.006375+00:00
2009-11-03,16.711999893188477,17.100000381469727,16.483999252319336,17.086000442504883,11.952775955200195,7923500,CF,yfinance,2026-02-10T05:08:32.006375+00:00
2009-11-04,17.086000442504883,17.510000228881836,17.010000228881836,17.277999877929688,12.0870943069458,11791500,CF,yfinance,2026-02-10T05:08:32.006375+00:00
2009-11-05,16.176000595092773,16.27400016784668,15.753999710083008,15.979999542236328,11.179059028625488,30882500,CF,yfinance,2026-02-10T05:08:32.006375+00:00
2009-11-06,15.913999557495117,16.461999893188477,15.779999732971191,15.8100004196167,11.060137748718262,10939000,CF,yfinance,2026-02-10T05:08:32.006375+00:00
2009-11-09,16.079999923706055,16.187999725341797,15.972000122070312,16.082000732421875,11.250414848327637,6682000,CF,yfinance,2026-02-10T05:08:32.006375+00:00
2009-11-10,16.118000030517578,16.118000030517578,15.390000343322754,15.696000099182129,10.980382919311523,14382000,CF,yfinance,2026-02-10T05:08:32.006375+00:00
2009-11-11,15.862000465393066,16.18400001525879,15.437999725341797,15.944000244140625,11.153873443603516,10253000,CF,yfinance,2026-02-10T05:08:32.006375+00:00
2009-11-12,15.899999618530273,16.766000747680664,15.513999938964844,16.18600082397461,11.337390899658203,15466500,CF,yfinance,2026-02-10T05:08:32.006375+00:00
2009-11-13,16.06999969482422,16.479999542236328,15.739999771118164,16.07200050354004,11.257542610168457,12676000,CF,yfinance,2026-02-10T05:08:32.006375+00:00
2009-11-16,16.11400032043457,16.43000030517578,16.038000106811523,16.257999420166016,11.387825012207031,7541500,CF,yfinance,2026-02-10T05:08:32.006375+00:00
2009-11-17,16.309999465942383,16.989999771118164,16.07200050354004,16.777999877929688,11.752054214477539,9615500,CF,yfinance,2026-02-10T05:08:32.006375+00:00
2009-11-18,16.84000015258789,17.326000213623047,16.81599998474121,17.257999420166016,12.088268280029297,8317500,CF,yfinance,2026-02-10T05:08:32.006375+00:00
2009-11-19,16.719999313354492,16.895999908447266,16.368000030517578,16.573999404907227,11.609160423278809,13492500,CF,yfinance,2026-02-10T05:08:32.006375+00:00
2009-11-20,16.469999313354492,16.836000442504883,16.0,16.54599952697754,11.589550971984863,21092500,CF,yfinance,2026-02-10T05:08:32.006375+00:00
2009-11-23,16.81999969482422,16.874000549316406,16.5,16.607999801635742,11.632978439331055,5665500,CF,yfinance,2026-02-10T05:08:32.006375+00:00
2009-11-24,16.549999237060547,16.697999954223633,16.374000549316406,16.549999237060547,11.592352867126465,3904000,CF,yfinance,2026-02-10T05:08:32.006375+00:00
2009-11-25,16.600000381469727,17.0939998626709,16.531999588012695,16.992000579833984,11.901949882507324,5356000,CF,yfinance,2026-02-10T05:08:32.006375+00:00
2009-11-27,16.54400062561035,16.992000579833984,16.350000381469727,16.788000106811523,11.759060859680176,2891000,CF,yfinance,2026-02-10T05:08:32.006375+00:00
2009-11-30,16.79800033569336,17.15999984741211,16.700000762939453,17.07200050354004,11.957982063293457,5789500,CF,yfinance,2026-02-10T05:08:32.006375+00:00
2009-12-01,17.441999435424805,17.441999435424805,17.145999908447266,17.18000030517578,12.033631324768066,5219500,CF,yfinance,2026-02-10T05:08:32.006375+00:00
2009-12-02,17.100000381469727,18.1560001373291,17.100000381469727,18.054000854492188,12.645817756652832,14889500,CF,yfinance,2026-02-10T05:08:32.006375+00:00
2009-12-03,18.097999572753906,18.115999221801758,17.770000457763672,17.95599937438965,12.577177047729492,5954500,CF,yfinance,2026-02-10T05:08:32.006375+00:00
2009-12-04,18.222000122070312,18.302000045776367,17.5,17.709999084472656,12.404866218566895,4478000,CF,yfinance,2026-02-10T05:08:32.006375+00:00
2009-12-07,17.238000869750977,18.18000030517578,17.238000869750977,17.91200065612793,12.546357154846191,9205000,CF,yfinance,2026-02-10T05:08:32.006375+00:00
2009-12-08,17.857999801635742,18.0,17.128000259399414,17.149999618530273,12.012619972229004,10692500,CF,yfinance,2026-02-10T05:08:32.006375+00:00
2009-12-09,17.29800033569336,17.49799919128418,17.086000442504883,17.323999404907227,12.134495735168457,6227500,CF,yfinance,2026-02-10T05:08:32.006375+00:00
2009-12-10,17.445999145507812,17.729999542236328,17.284000396728516,17.66200065612793,12.371252059936523,6164000,CF,yfinance,2026-02-10T05:08:32.006375+00:00
2009-12-11,17.761999130249023,17.99799919128418,17.68199920654297,17.99799919128418,12.606595039367676,5065000,CF,yfinance,2026-02-10T05:08:32.006375+00:00
2009-12-14,18.06599998474121,18.29199981689453,17.770000457763672,17.950000762939453,12.572977066040039,5062000,CF,yfinance,2026-02-10T05:08:32.006375+00:00
2009-12-15,17.865999221801758,18.218000411987305,17.554000854492188,17.658000946044922,12.368448257446289,6813000,CF,yfinance,2026-02-10T05:08:32.006375+00:00
2009-12-16,17.86400032043457,18.597999572753906,17.832000732421875,18.51799964904785,12.970829963684082,12249000,CF,yfinance,2026-02-10T05:08:32.006375+00:00
2009-12-17,18.233999252319336,18.3799991607666,17.658000946044922,17.65999984741211,12.369848251342773,8233500,CF,yfinance,2026-02-10T05:08:32.006375+00:00
2009-12-18,17.742000579833984,17.922000885009766,17.219999313354492,17.288000106811523,12.109278678894043,7432000,CF,yfinance,2026-02-10T05:08:32.006375+00:00
2009-12-21,17.562000274658203,17.81999969482422,17.031999588012695,17.106000900268555,11.981800079345703,5708000,CF,yfinance,2026-02-10T05:08:32.006375+00:00
2009-12-22,17.059999465942383,17.347999572753906,16.881999969482422,17.29199981689453,12.112081527709961,7683000,CF,yfinance,2026-02-10T05:08:32.006375+00:00
2009-12-23,17.530000686645508,17.947999954223633,17.326000213623047,17.75,12.432884216308594,6701500,CF,yfinance,2026-02-10T05:08:32.006375+00:00
2009-12-24,17.79800033569336,18.030000686645508,17.79800033569336,17.84000015258789,12.495924949645996,1760500,CF,yfinance,2026-02-10T05:08:32.006375+00:00
2009-12-28,17.996000289916992,18.66200065612793,17.937999725341797,18.582000732421875,13.015655517578125,5439500,CF,yfinance,2026-02-10T05:08:32.006375+00:00
2009-12-29,18.56599998474121,18.695999145507812,18.459999084472656,18.66200065612793,13.07168960571289,7057000,CF,yfinance,2026-02-10T05:08:32.006375+00:00
2009-12-30,18.511999130249023,18.643999099731445,18.341999053955078,18.441999435424805,12.91759204864502,2704500,CF,yfinance,2026-02-10T05:08:32.006375+00:00
2009-12-31,18.525999069213867,18.525999069213867,18.152000427246094,18.1560001373291,12.717266082763672,5528000,CF,yfinance,2026-02-10T05:08:32.006375+00:00
2010-01-04,18.47800064086914,18.5,18.106000900268555,18.368000030517578,12.865760803222656,6172000,CF,yfinance,2026-02-10T05:08:32.006375+00:00
2010-01-05,18.441999435424805,18.868000030517578,18.43199920654297,18.666000366210938,13.074494361877441,6662500,CF,yfinance,2026-02-10T05:08:32.006375+00:00
2010-01-06,18.75200080871582,19.459999084472656,18.700000762939453,19.444000244140625,13.619437217712402,6479000,CF,yfinance,2026-02-10T05:08:32.006375+00:00
2010-01-07,19.399999618530273,19.399999618530273,19.010000228881836,19.24799919128418,13.482148170471191,7292000,CF,yfinance,2026-02-10T05:08:32.006375+00:00
2010-01-08,19.197999954223633,19.663999557495117,19.197999954223633,19.66200065612793,13.772135734558105,6128500,CF,yfinance,2026-02-10T05:08:32.006375+00:00
2010-01-11,19.969999313354492,20.577999114990234,19.527999877929688,19.639999389648438,13.756718635559082,10515500,CF,yfinance,2026-02-10T05:08:32.006375+00:00
2010-01-12,19.375999450683594,19.413999557495117,18.729999542236328,18.937999725341797,13.26501178741455,8983000,CF,yfinance,2026-02-10T05:08:32.006375+00:00
2010-01-13,19.100000381469727,19.1299991607666,18.66200065612793,18.983999252319336,13.297233581542969,5108000,CF,yfinance,2026-02-10T05:08:32.006375+00:00
2010-01-14,19.020000457763672,19.118000030517578,18.625999450683594,18.63800048828125,13.054882049560547,6146500,CF,yfinance,2026-02-10T05:08:32.006375+00:00
2010-01-15,19.84600067138672,19.878000259399414,19.025999069213867,19.083999633789062,13.36727523803711,27350500,CF,yfinance,2026-02-10T05:08:32.006375+00:00
2010-01-19,19.224000930786133,20.209999084472656,19.035999298095703,20.1200008392334,14.092933654785156,9930000,CF,yfinance,2026-02-10T05:08:32.006375+00:00
2010-01-20,19.851999282836914,19.923999786376953,19.5,19.79800033569336,13.867402076721191,6307500,CF,yfinance,2026-02-10T05:08:32.006375+00:00
2010-01-21,19.826000213623047,20.266000747680664,19.506000518798828,19.645999908447266,13.760931968688965,6387500,CF,yfinance,2026-02-10T05:08:32.006375+00:00
2010-01-22,19.527999877929688,19.75,19.209999084472656,19.22599983215332,13.466740608215332,4556000,CF,yfinance,2026-02-10T05:08:32.006375+00:00
2010-01-25,19.45199966430664,19.694000244140625,19.20599937438965,19.22800064086914,13.468143463134766,3174500,CF,yfinance,2026-02-10T05:08:32.006375+00:00
2010-01-26,19.079999923706055,19.687999725341797,18.90999984741211,19.229999542236328,13.469541549682617,3740500,CF,yfinance,2026-02-10T05:08:32.006375+00:00
2010-01-27,19.277999877929688,19.40999984741211,19.020000457763672,19.280000686645508,13.504562377929688,2439000,CF,yfinance,2026-02-10T05:08:32.006375+00:00
2010-01-28,19.118000030517578,19.239999771118164,18.780000686645508,19.059999465942383,13.35046100616455,3523500,CF,yfinance,2026-02-10T05:08:32.006375+00:00
2010-01-29,19.304000854492188,19.399999618530273,18.57200050354004,18.57200050354004,13.008657455444336,4284500,CF,yfinance,2026-02-10T05:08:32.006375+00:00
2010-02-01,18.790000915527344,19.18199920654297,18.615999221801758,19.055999755859375,13.347661972045898,4984000,CF,yfinance,2026-02-10T05:08:32.006375+00:00
2010-02-02,19.079999923706055,19.323999404907227,18.898000717163086,19.256000518798828,13.487756729125977,2795000,CF,yfinance,2026-02-10T05:08:32.006375+00:00
2010-02-03,19.579999923706055,19.63599967956543,19.33799934387207,19.422000885009766,13.604029655456543,2123500,CF,yfinance,2026-02-10T05:08:32.006375+00:00
2010-02-04,19.280000686645508,19.280000686645508,18.601999282836914,18.714000701904297,13.108112335205078,4462500,CF,yfinance,2026-02-10T05:08:32.006375+00:00
2010-02-05,18.639999389648438,18.950000762939453,18.356000900268555,18.8439998626709,13.199172973632812,4237000,CF,yfinance,2026-02-10T05:08:32.006375+00:00
2010-02-08,19.142000198364258,19.142000198364258,18.459999084472656,18.464000701904297,12.933000564575195,2869000,CF,yfinance,2026-02-10T05:08:32.006375+00:00
2010-02-09,18.714000701904297,19.284000396728516,18.70599937438965,19.15999984741211,13.420516967773438,4521500,CF,yfinance,2026-02-10T05:08:32.006375+00:00
2010-02-10,19.22599983215332,19.582000732421875,19.167999267578125,19.45800018310547,13.629244804382324,3541500,CF,yfinance,2026-02-10T05:08:32.006375+00:00
2010-02-11,19.579999923706055,20.158000946044922,19.465999603271484,20.02400016784668,14.025697708129883,5061000,CF,yfinance,2026-02-10T05:08:32.006375+00:00
2010-02-12,19.74799919128418,20.172000885009766,19.549999237060547,20.100000381469727,14.078927993774414,7234500,CF,yfinance,2026-02-10T05:08:32.006375+00:00
2010-02-16,20.809999465942383,21.395999908447266,20.38599967956543,20.714000701904297,14.50899887084961,11940500,CF,yfinance,2026-02-10T05:08:32.006375+00:00
2010-02-17,20.899999618530273,21.492000579833984,20.77400016784668,20.93000030517578,14.660303115844727,11225000,CF,yfinance,2026-02-10T05:08:32.006375+00:00
2010-02-18,20.86400032043457,20.875999450683594,20.173999786376953,20.402000427246094,14.304128646850586,11651500,CF,yfinance,2026-02-10T05:08:32.006375+00:00
2010-02-19,20.402000427246094,20.947999954223633,20.402000427246094,20.827999114990234,14.602802276611328,7530500,CF,yfinance,2026-02-10T05:08:32.006375+00:00
2010-02-22,21.118000030517578,21.118000030517578,20.618000030517578,20.729999542236328,14.534098625183105,5328000,CF,yfinance,2026-02-10T05:08:32.006375+00:00
2010-02-23,20.621999740600586,20.827999114990234,20.374000549316406,20.38599967956543,14.292912483215332,4889500,CF,yfinance,2026-02-10T05:08:32.006375+00:00
2010-02-24,20.447999954223633,20.65999984741211,20.115999221801758,20.158000946044922,14.133066177368164,7880000,CF,yfinance,2026-02-10T05:08:32.006375+00:00
2010-02-25,19.91200065612793,21.280000686645508,19.799999237060547,21.077999114990234,14.77808666229248,10770000,CF,yfinance,2026-02-10T05:08:32.006375+00:00
2010-02-26,21.139999389648438,21.290000915527344,20.82200050354004,21.24799919128418,14.897270202636719,3649500,CF,yfinance,2026-02-10T05:08:32.006375+00:00
2010-03-01,21.365999221801758,21.513999938964844,21.118000030517578,21.507999420166016,15.079566955566406,3645000,CF,yfinance,2026-02-10T05:08:32.006375+00:00
2010-03-02,20.365999221801758,21.356000900268555,20.266000747680664,21.284000396728516,14.92251968383789,33642000,CF,yfinance,2026-02-10T05:08:32.006375+00:00
2010-03-03,21.040000915527344,22.0,20.90999984741211,21.356000900268555,14.972997665405273,16783000,CF,yfinance,2026-02-10T05:08:32.006375+00:00
2010-03-04,21.5,21.68199920654297,21.302000045776367,21.645999908447266,15.17631721496582,7001500,CF,yfinance,2026-02-10T05:08:32.006375+00:00
2010-03-05,21.540000915527344,21.540000915527344,20.628000259399414,20.947999954223633,14.686934471130371,16390000,CF,yfinance,2026-02-10T05:08:32.006375+00:00
2010-03-08,20.865999221801758,21.1299991607666,20.531999588012695,20.59600067138672,14.440154075622559,8785500,CF,yfinance,2026-02-10T05:08:32.006375+00:00
2010-03-09,20.5,20.5939998626709,20.003999710083008,20.125999450683594,14.110628128051758,12228000,CF,yfinance,2026-02-10T05:08:32.006375+00:00
2010-03-10,19.799999237060547,20.95599937438965,19.600000381469727,20.709999084472656,14.52008056640625,19365000,CF,yfinance,2026-02-10T05:08:32.006375+00:00
2010-03-11,20.50200080871582,20.507999420166016,20.04199981689453,20.121999740600586,14.107823371887207,13735500,CF,yfinance,2026-02-10T05:08:32.006375+00:00
2010-03-12,19.416000366210938,19.6299991607666,18.972000122070312,19.34600067138672,13.563759803771973,68882000,CF,yfinance,2026-02-10T05:08:32.006375+00:00
2010-03-15,19.059999465942383,19.45199966430664,18.98200035095215,19.275999069213867,13.514676094055176,17520000,CF,yfinance,2026-02-10T05:08:32.006375+00:00
2010-03-16,19.45800018310547,19.483999252319336,19.020000457763672,19.124000549316406,13.408110618591309,19119000,CF,yfinance,2026-02-10T05:08:32.006375+00:00
2010-03-17,19.18000030517578,19.309999465942383,18.763999938964844,18.899999618530273,13.251057624816895,14038500,CF,yfinance,2026-02-10T05:08:32.006375+00:00
2010-03-18,18.81800079345703,18.899999618530273,18.1200008392334,18.624000549316406,13.0575532913208,21590500,CF,yfinance,2026-02-10T05:08:32.006375+00:00
2010-03-19,18.280000686645508,18.739999771118164,18.163999557495117,18.280000686645508,12.816370010375977,13077000,CF,yfinance,2026-02-10T05:08:32.006375+00:00
2010-03-22,18.055999755859375,18.615999221801758,18.055999755859375,18.510000228881836,12.97762680053711,15089000,CF,yfinance,2026-02-10T05:08:32.006375+00:00
2010-03-23,18.510000228881836,18.718000411987305,18.124000549316406,18.34000015258789,12.858440399169922,11861000,CF,yfinance,2026-02-10T05:08:32.006375+00:00
2010-03-24,18.277999877929688,18.709999084472656,18.131999969482422,18.48200035095215,12.957995414733887,8616000,CF,yfinance,2026-02-10T05:08:32.006375+00:00
2010-03-25,18.493999481201172,18.739999771118164,18.0,18.006000518798828,12.624263763427734,9700000,CF,yfinance,2026-02-10T05:08:32.006375+00:00
2010-03-26,18.239999771118164,18.694000244140625,18.1200008392334,18.634000778198242,13.064558029174805,12353000,CF,yfinance,2026-02-10T05:08:32.006375+00:00
2010-03-29,18.8439998626709,18.93000030517578,18.527999877929688,18.586000442504883,13.030911445617676,9049000,CF,yfinance,2026-02-10T05:08:32.006375+00:00
2010-03-30,18.65399932861328,18.65399932861328,18.329999923706055,18.483999252319336,12.95939826965332,4129500,CF,yfinance,2026-02-10T05:08:32.006375+00:00
2010-03-31,18.437999725341797,18.469999313354492,18.163999557495117,18.236000061035156,12.78551959991455,7132500,CF,yfinance,2026-02-10T05:08:32.006375+00:00
2010-04-01,18.3700008392334,18.496000289916992,18.139999389648438,18.48200035095215,12.957995414733887,8243500,CF,yfinance,2026-02-10T05:08:32.006375+00:00
2010-04-05,18.341999053955078,18.600000381469727,18.243999481201172,18.389999389648438,12.893488883972168,4490500,CF,yfinance,2026-02-10T05:08:32.006375+00:00
2010-04-06,18.305999755859375,18.5,18.243999481201172,18.486000061035156,12.960798263549805,5188000,CF,yfinance,2026-02-10T05:08:32.006375+00:00
2010-04-07,18.36400032043457,18.507999420166016,18.15999984741211,18.246000289916992,12.792530059814453,6481000,CF,yfinance,2026-02-10T05:08:32.006375+00:00
2010-04-08,18.347999572753906,18.47599983215332,18.170000076293945,18.299999237060547,12.830388069152832,6700000,CF,yfinance,2026-02-10T05:08:32.006375+00:00
2010-04-09,18.42799949645996,18.600000381469727,18.329999923706055,18.579999923706055,13.02669906616211,14834000,CF,yfinance,2026-02-10T05:08:32.006375+00:00
2010-04-12,18.399999618530273,18.559999465942383,18.356000900268555,18.4060001373291,12.904706001281738,7485000,CF,yfinance,2026-02-10T05:08:32.006375+00:00
2010-04-13,18.077999114990234,18.077999114990234,17.52199935913086,17.781999588012695,12.467212677001953,18939000,CF,yfinance,2026-02-10T05:08:32.006375+00:00
2010-04-14,17.687999725341797,17.83799934387207,17.43000030517578,17.766000747680664,12.456002235412598,10338500,CF,yfinance,2026-02-10T05:08:32.006375+00:00
2010-04-15,17.743999481201172,18.214000701904297,17.72800064086914,18.0,12.620058059692383,20557500,CF,yfinance,2026-02-10T05:08:32.006375+00:00
2010-04-16,18.079999923706055,18.389999389648438,17.8799991607666,18.0,12.620058059692383,63407000,CF,yfinance,2026-02-10T05:08:32.006375+00:00
2010-04-19,17.944000244140625,17.95400047302246,17.158000946044922,17.378000259399414,12.183963775634766,22481500,CF,yfinance,2026-02-10T05:08:32.006375+00:00
2010-04-20,17.45599937438965,17.645999908447266,17.266000747680664,17.45599937438965,12.238646507263184,16118000,CF,yfinance,2026-02-10T05:08:32.006375+00:00
2010-04-21,17.5,17.70400047302246,17.229999542236328,17.527999877929688,12.289127349853516,13418000,CF,yfinance,2026-02-10T05:08:32.006375+00:00
2010-04-22,17.444000244140625,17.591999053955078,17.195999145507812,17.534000396728516,12.293342590332031,11431500,CF,yfinance,2026-02-10T05:08:32.006375+00:00
2010-04-23,17.559999465942383,17.56599998474121,16.950000762939453,17.020000457763672,11.932961463928223,15249500,CF,yfinance,2026-02-10T05:08:32.006375+00:00
2010-04-26,17.288000106811523,17.29400062561035,16.950000762939453,16.97800064086914,11.903517723083496,12975500,CF,yfinance,2026-02-10T05:08:32.006375+00:00
2010-04-27,16.940000534057617,16.961999893188477,16.079999923706055,16.20800018310547,11.36366081237793,23263000,CF,yfinance,2026-02-10T05:08:32.006375+00:00
2010-04-28,16.374000549316406,16.799999237060547,16.261999130249023,16.775999069213867,11.76189136505127,12074000,CF,yfinance,2026-02-10T05:08:32.006375+00:00
2010-04-29,16.79800033569336,17.01799964904785,16.65399932861328,16.97599983215332,11.902113914489746,16273500,CF,yfinance,2026-02-10T05:08:32.006375+00:00
2010-04-30,17.5939998626709,17.5939998626709,16.59600067138672,16.733999252319336,11.732443809509277,17874000,CF,yfinance,2026-02-10T05:08:32.006375+00:00
2010-05-03,17.035999298095703,17.035999298095703,15.965999603271484,16.073999404907227,11.269712448120117,18085000,CF,yfinance,2026-02-10T05:08:32.006375+00:00
2010-05-04,15.881999969482422,15.95199966430664,15.270000457763672,15.593999862670898,10.933176040649414,20677000,CF,yfinance,2026-02-10T05:08:32.006375+00:00
2010-05-05,15.399999618530273,15.972000122070312,15.305999755859375,15.652000427246094,10.973838806152344,13316500,CF,yfinance,2026-02-10T05:08:32.006375+00:00
2010-05-06,15.609999656677246,15.789999961853027,13.79800033569336,14.831999778747559,10.39892864227295,17491500,CF,yfinance,2026-02-10T05:08:32.006375+00:00
2010-05-07,15.029999732971191,15.300000190734863,14.510000228881836,14.65999984741211,10.27833366394043,18959500,CF,yfinance,2026-02-10T05:08:32.006375+00:00
2010-05-10,15.347999572753906,15.371999740600586,14.90999984741211,15.223999977111816,10.6737642288208,14539000,CF,yfinance,2026-02-10T05:08:32.006375+00:00
2010-05-11,15.013999938964844,15.057999610900879,14.350000381469727,14.37399959564209,10.077816009521484,18065500,CF,yfinance,2026-02-10T05:08:32.006375+00:00
2010-05-12,14.631999969482422,14.97599983215332,14.586000442504883,14.881999969482422,10.448518753051758,12562000,CF,yfinance,2026-02-10T05:08:32.006375+00:00
2010-05-13,14.805999755859375,14.958000183105469,14.411999702453613,14.447999954223633,10.143814086914062,7088000,CF,yfinance,2026-02-10T05:08:32.006375+00:00
2010-05-14,14.317999839782715,14.54800033569336,14.065999984741211,14.489999771118164,10.17330265045166,10662500,CF,yfinance,2026-02-10T05:08:32.006375+00:00
2010-05-17,14.789999961853027,14.84000015258789,13.826000213623047,14.227999687194824,9.989352226257324,9965500,CF,yfinance,2026-02-10T05:08:32.006375+00:00
2010-05-18,14.381999969482422,14.82800006866455,14.21399974822998,14.27400016784668,10.021650314331055,15000500,CF,yfinance,2026-02-10T05:08:32.006375+00:00
2010-05-19,14.326000213623047,14.456000328063965,13.902000427246094,14.071999549865723,9.879823684692383,12118000,CF,yfinance,2026-02-10T05:08:32.006375+00:00
2010-05-20,13.753999710083008,13.753999710083008,13.267999649047852,13.307999610900879,9.343426704406738,14942500,CF,yfinance,2026-02-10T05:08:32.006375+00:00
2010-05-21,12.989999771118164,13.722000122070312,12.760000228881836,13.630000114440918,9.569501876831055,16931000,CF,yfinance,2026-02-10T05:08:32.006375+00:00
2010-05-24,13.920000076293945,13.942000389099121,13.399999618530273,13.491999626159668,9.472614288330078,13305000,CF,yfinance,2026-02-10T05:08:32.006375+00:00
2010-05-25,13.107999801635742,13.434000015258789,12.937999725341797,13.407999992370605,9.4136381149292,15076500,CF,yfinance,2026-02-10T05:08:32.006375+00:00
2010-05-26,13.604000091552734,13.604000091552734,13.182000160217285,13.28600025177002,9.327984809875488,13179000,CF,yfinance,2026-02-10T05:08:32.006375+00:00
2010-05-27,13.565999984741211,14.053999900817871,13.430000305175781,14.052000045776367,9.865784645080566,11584500,CF,yfinance,2026-02-10T05:08:32.006375+00:00
2010-05-28,14.045999526977539,14.326000213623047,13.576000213623047,13.718000411987305,9.631284713745117,10073500,CF,yfinance,2026-02-10T05:08:32.006375+00:00
2010-06-01,13.684000015258789,13.869999885559082,13.166000366210938,13.187999725341797,9.259178161621094,9717000,CF,yfinance,2026-02-10T05:08:32.006375+00:00
2010-06-02,13.239999771118164,13.534000396728516,12.87399959564209,13.534000396728516,9.502103805541992,10807500,CF,yfinance,2026-02-10T05:08:32.006375+00:00
2010-06-03,13.697999954223633,13.697999954223633,12.800000190734863,13.065999984741211,9.1735258102417,14904000,CF,yfinance,2026-02-10T05:08:32.006375+00:00
2010-06-04,12.84000015258789,13.0,12.116000175476074,12.185999870300293,8.555685043334961,15756000,CF,yfinance,2026-02-10T05:08:32.006375+00:00
2010-06-07,12.232000350952148,12.38599967956543,11.815999984741211,11.826000213623047,8.302931785583496,13105500,CF,yfinance,2026-02-10T05:08:32.006375+00:00
2010-06-08,11.855999946594238,12.0,11.51200008392334,11.711999893188477,8.222891807556152,12185000,CF,yfinance,2026-02-10T05:08:32.006375+00:00
2010-06-09,11.881999969482422,12.14799976348877,11.706000328063965,11.793999671936035,8.280462265014648,12277000,CF,yfinance,2026-02-10T05:08:32.006375+00:00
2010-06-10,12.267999649047852,12.930000305175781,11.958000183105469,12.855999946594238,9.026079177856445,19574000,CF,yfinance,2026-02-10T05:08:32.006375+00:00
2010-06-11,12.850000381469727,13.069999694824219,12.776000022888184,13.069999694824219,9.176329612731934,13426500,CF,yfinance,2026-02-10T05:08:32.006375+00:00
2010-06-14,13.100000381469727,13.197999954223633,12.411999702453613,12.416000366210938,8.717162132263184,15257000,CF,yfinance,2026-02-10T05:08:32.006375+00:00
2010-06-15,12.508000373840332,12.965999603271484,12.4399995803833,12.949999809265137,9.09207820892334,11194000,CF,yfinance,2026-02-10T05:08:32.006375+00:00
2010-06-16,12.88599967956543,13.118000030517578,12.781999588012695,13.041999816894531,9.156671524047852,11262500,CF,yfinance,2026-02-10T05:08:32.006375+00:00
2010-06-17,13.130000114440918,13.152000427246094,12.687999725341797,13.010000228881836,9.134204864501953,10807000,CF,yfinance,2026-02-10T05:08:32.006375+00:00
2010-06-18,12.979999542236328,12.998000144958496,12.657999992370605,12.850000381469727,9.021869659423828,10962500,CF,yfinance,2026-02-10T05:08:32.006375+00:00
2010-06-21,13.083999633789062,13.236000061035156,12.668000221252441,12.79800033569336,8.985361099243164,7964500,CF,yfinance,2026-02-10T05:08:32.006375+00:00
2010-06-22,12.836000442504883,13.220000267028809,12.836000442504883,12.892000198364258,9.051359176635742,10059500,CF,yfinance,2026-02-10T05:08:32.006375+00:00
2010-06-23,12.935999870300293,13.255999565124512,12.836000442504883,13.196000099182129,9.264795303344727,10931500,CF,yfinance,2026-02-10T05:08:32.006375+00:00
2010-06-24,13.133999824523926,13.248000144958496,12.803999900817871,12.946000099182129,9.089271545410156,9908000,CF,yfinance,2026-02-10T05:08:32.006375+00:00
2010-06-25,13.005999565124512,13.576000213623047,12.857999801635742,13.520000457763672,9.49227237701416,15617500,CF,yfinance,2026-02-10T05:08:32.006375+00:00
2010-06-28,13.444000244140625,13.501999855041504,12.855999946594238,12.916000366210938,9.068208694458008,12591000,CF,yfinance,2026-02-10T05:08:32.006375+00:00
2010-06-29,12.649999618530273,12.73799991607666,12.291999816894531,12.392000198364258,8.700315475463867,9864000,CF,yfinance,2026-02-10T05:08:32.006375+00:00
2010-06-30,12.612000465393066,13.17199993133545,12.60200023651123,12.6899995803833,8.909534454345703,15676000,CF,yfinance,2026-02-10T05:08:32.006375+00:00
2010-07-01,12.826000213623047,13.194000244140625,12.612000465393066,13.097999572753906,9.195991516113281,11812000,CF,yfinance,2026-02-10T05:08:32.006375+00:00
2010-07-02,13.128000259399414,13.854000091552734,12.989999771118164,13.684000015258789,9.607416152954102,17140000,CF,yfinance,2026-02-10T05:08:32.006375+00:00
2010-07-06,13.906000137329102,14.229999542236328,13.302000045776367,13.468000411987305,9.455765724182129,14982500,CF,yfinance,2026-02-10T05:08:32.006375+00:00
2010-07-07,13.586000442504883,14.008000373840332,13.513999938964844,13.98799991607666,9.820850372314453,11844000,CF,yfinance,2026-02-10T05:08:32.006375+00:00
2010-07-08,14.057999610900879,14.979999542236328,14.050000190734863,14.704000473022461,10.323548316955566,18308500,CF,yfinance,2026-02-10T05:08:32.006375+00:00
2010-07-09,14.696000099182129,14.989999771118164,14.592000007629395,14.847999572753906,10.424652099609375,11508500,CF,yfinance,2026-02-10T05:08:32.006375+00:00
2010-07-12,14.824000358581543,14.833999633789062,14.331999778747559,14.6899995803833,10.313720703125,12597500,CF,yfinance,2026-02-10T05:08:32.006375+00:00
2010-07-13,14.899999618530273,15.350000381469727,14.675999641418457,15.149999618530273,10.636682510375977,15630000,CF,yfinance,2026-02-10T05:08:32.006375+00:00
2010-07-14,15.173999786376953,15.390000343322754,14.916000366210938,15.062000274658203,10.574898719787598,12445000,CF,yfinance,2026-02-10T05:08:32.006375+00:00
2010-07-15,15.0600004196167,15.640000343322754,14.956000328063965,15.592000007629395,10.947007179260254,15018000,CF,yfinance,2026-02-10T05:08:32.006375+00:00
2010-07-16,15.472000122070312,15.751999855041504,15.215999603271484,15.392000198364258,10.806589126586914,11648500,CF,yfinance,2026-02-10T05:08:32.006375+00:00
2010-07-19,15.461999893188477,15.461999893188477,14.803999900817871,15.050000190734863,10.566473007202148,10881500,CF,yfinance,2026-02-10T05:08:32.006375+00:00
2010-07-20,14.904000282287598,15.708000183105469,14.802000045776367,15.682000160217285,11.010196685791016,11833000,CF,yfinance,2026-02-10T05:08:32.006375+00:00
2010-07-21,15.854000091552734,15.991999626159668,15.100000381469727,15.338000297546387,10.768671989440918,13987000,CF,yfinance,2026-02-10T05:08:32.006375+00:00
2010-07-22,15.517999649047852,15.87600040435791,15.501999855041504,15.781999588012695,11.080401420593262,12871500,CF,yfinance,2026-02-10T05:08:32.006375+00:00
2010-07-23,15.805999755859375,16.33799934387207,15.78600025177002,16.025999069213867,11.251714706420898,13796000,CF,yfinance,2026-02-10T05:08:32.006375+00:00
2010-07-26,15.970000267028809,16.121999740600586,15.432000160217285,15.579999923706055,10.938577651977539,10280500,CF,yfinance,2026-02-10T05:08:32.006375+00:00
2010-07-27,15.65999984741211,15.675999641418457,15.13599967956543,15.28600025177002,10.73216438293457,7307000,CF,yfinance,2026-02-10T05:08:32.006375+00:00
2010-07-28,15.137999534606934,15.881999969482422,15.100000381469727,15.538000106811523,10.909090042114258,9417000,CF,yfinance,2026-02-10T05:08:32.006375+00:00
2010-07-29,15.680000305175781,16.513999938964844,15.680000305175781,16.200000762939453,11.373873710632324,19555000,CF,yfinance,2026-02-10T05:08:32.006375+00:00
2010-07-30,15.855999946594238,16.423999786376953,15.824000358581543,16.238000869750977,11.400555610656738,12248000,CF,yfinance,2026-02-10T05:08:32.006375+00:00
2010-08-02,16.54199981689453,16.950000762939453,16.445999145507812,16.496000289916992,11.58169174194336,13137500,CF,yfinance,2026-02-10T05:08:32.006375+00:00
2010-08-03,16.3799991607666,16.43000030517578,16.054000854492188,16.215999603271484,11.385110855102539,8387500,CF,yfinance,2026-02-10T05:08:32.006375+00:00
2010-08-04,16.277999877929688,16.746000289916992,16.277999877929688,16.577999114990234,11.639265060424805,13303000,CF,yfinance,2026-02-10T05:08:32.006375+00:00
2010-08-05,16.67799949645996,17.45199966430664,16.67799949645996,17.15999984741211,12.047883033752441,33345000,CF,yfinance,2026-02-10T05:08:32.006375+00:00
2010-08-06,17.18400001525879,17.73200035095215,16.68199920654297,16.86199951171875,11.83865737915039,29730000,CF,yfinance,2026-02-10T05:08:32.006375+00:00
2010-08-09,16.865999221801758,16.865999221801758,16.43000030517578,16.709999084472656,11.731939315795898,12348000,CF,yfinance,2026-02-10T05:08:32.006375+00:00
2010-08-10,16.573999404907227,16.573999404907227,16.09000015258789,16.260000228881836,11.41600227355957,18009000,CF,yfinance,2026-02-10T05:08:32.006375+00:00
2010-08-11,15.977999687194824,16.540000915527344,15.779999732971191,16.38599967956543,11.518630981445312,16207500,CF,yfinance,2026-02-10T05:08:32.006375+00:00
2010-08-12,16.25200080871582,17.010000228881836,16.214000701904297,16.878000259399414,11.86448860168457,15767000,CF,yfinance,2026-02-10T05:08:32.006375+00:00
2010-08-13,17.073999404907227,17.167999267578125,16.496000289916992,16.93000030517578,11.901040077209473,11124500,CF,yfinance,2026-02-10T05:08:32.006375+00:00
2010-08-16,16.860000610351562,17.33799934387207,16.81800079345703,16.917999267578125,11.89260482788086,12476500,CF,yfinance,2026-02-10T05:08:32.006375+00:00
2010-08-17,18.083999633789062,18.479999542236328,17.624000549316406,17.70599937438965,12.44653606414795,25992500,CF,yfinance,2026-02-10T05:08:32.006375+00:00
2010-08-18,17.841999053955078,18.100000381469727,17.399999618530273,17.961999893188477,12.626489639282227,15812500,CF,yfinance,2026-02-10T05:08:32.006375+00:00
2010-08-19,17.989999771118164,18.131999969482422,17.746000289916992,17.770000457763672,12.491523742675781,13774500,CF,yfinance,2026-02-10T05:08:32.006375+00:00
2010-08-20,17.591999053955078,18.034000396728516,17.50200080871582,18.00200080871582,12.65461254119873,14532000,CF,yfinance,2026-02-10T05:08:32.006375+00:00
2010-08-23,18.082000732421875,18.24799919128418,17.757999420166016,17.76799964904785,12.490117073059082,13242500,CF,yfinance,2026-02-10T05:08:32.006375+00:00
2010-08-24,17.43400001525879,17.75200080871582,17.398000717163086,17.416000366210938,12.242679595947266,9713000,CF,yfinance,2026-02-10T05:08:32.006375+00:00
2010-08-25,17.25200080871582,17.441999435424805,17.073999404907227,17.347999572753906,12.19487476348877,8124000,CF,yfinance,2026-02-10T05:08:32.006375+00:00
2010-08-26,17.474000930786133,17.98200035095215,17.347999572753906,17.799999237060547,12.512613296508789,14076500,CF,yfinance,2026-02-10T05:08:32.006375+00:00
2010-08-27,17.940000534057617,18.695999145507812,17.799999237060547,18.631999969482422,13.097467422485352,14944500,CF,yfinance,2026-02-10T05:08:32.006375+00:00
2010-08-30,18.554000854492188,18.59000015258789,18.059999465942383,18.263999938964844,12.838781356811523,9131000,CF,yfinance,2026-02-10T05:08:32.006375+00:00
2010-08-31,18.327999114990234,18.513999938964844,18.1299991607666,18.5,13.004677772521973,12228000,CF,yfinance,2026-02-10T05:08:32.006375+00:00
2010-09-01,18.658000946044922,18.785999298095703,18.304000854492188,18.54199981689453,13.03420639038086,12588500,CF,yfinance,2026-02-10T05:08:32.006375+00:00
2010-09-02,18.47800064086914,18.874000549316406,18.47800064086914,18.639999389648438,13.103096008300781,9195500,CF,yfinance,2026-02-10T05:08:32.006375+00:00
2010-09-03,18.82200050354004,19.110000610351562,18.402000427246094,18.989999771118164,13.349128723144531,13187000,CF,yfinance,2026-02-10T05:08:32.006375+00:00
2010-09-07,18.95199966430664,19.31999969482422,18.802000045776367,19.025999069213867,13.374438285827637,8697500,CF,yfinance,2026-02-10T05:08:32.006375+00:00
2010-09-08,19.06399917602539,19.549999237060547,19.0,19.242000579833984,13.526277542114258,14705000,CF,yfinance,2026-02-10T05:08:32.006375+00:00
2010-09-09,19.525999069213867,19.525999069213867,18.582000732421875,18.812000274658203,13.224005699157715,13572500,CF,yfinance,2026-02-10T05:08:32.006375+00:00
2010-09-10,18.889999389648438,19.63599967956543,18.889999389648438,19.059999465942383,13.398333549499512,18358500,CF,yfinance,2026-02-10T05:08:32.006375+00:00
2010-09-13,19.333999633789062,19.700000762939453,19.236000061035156,19.615999221801758,13.789178848266602,10469000,CF,yfinance,2026-02-10T05:08:32.006375+00:00
2010-09-14,19.503999710083008,19.827999114990234,19.365999221801758,19.672000885009766,13.828548431396484,8744500,CF,yfinance,2026-02-10T05:08:32.006375+00:00
2010-09-15,19.601999282836914,19.70800018310547,19.263999938964844,19.459999084472656,13.679520606994629,8667500,CF,yfinance,2026-02-10T05:08:32.006375+00:00
2010-09-16,19.760000228881836,19.98200035095215,19.625999450683594,19.947999954223633,14.022560119628906,11639000,CF,yfinance,2026-02-10T05:08:32.006375+00:00
2010-09-17,20.040000915527344,20.040000915527344,19.520000457763672,19.972000122070312,14.03943157196045,11496000,CF,yfinance,2026-02-10T05:08:32.006375+00:00
2010-09-20,20.040000915527344,20.79199981689453,20.040000915527344,20.218000411987305,14.212356567382812,14888500,CF,yfinance,2026-02-10T05:08:32.006375+00:00
2010-09-21,20.118000030517578,20.167999267578125,19.56599998474121,19.70400047302246,13.851043701171875,10426500,CF,yfinance,2026-02-10T05:08:32.006375+00:00
2010-09-22,19.972000122070312,20.38599967956543,19.878000259399414,20.285999298095703,14.260157585144043,9635000,CF,yfinance,2026-02-10T05:08:32.006375+00:00
2010-09-23,20.36400032043457,20.393999099731445,19.6560001373291,19.736000061035156,13.873534202575684,12919500,CF,yfinance,2026-02-10T05:08:32.006375+00:00
2010-09-24,20.0,20.191999435424805,19.6200008392334,20.07200050354004,14.10972785949707,12613000,CF,yfinance,2026-02-10T05:08:32.006375+00:00
2010-09-27,20.20199966430664,20.559999465942383,20.167999267578125,20.33799934387207,14.296714782714844,7018000,CF,yfinance,2026-02-10T05:08:32.006375+00:00
2010-09-28,20.5,20.52199935913086,19.899999618530273,20.277999877929688,14.254536628723145,6670500,CF,yfinance,2026-02-10T05:08:32.006375+00:00
2010-09-29,20.100000381469727,20.11400032043457,19.766000747680664,19.8700008392334,13.967733383178711,9969000,CF,yfinance,2026-02-10T05:08:32.006375+00:00
2010-09-30,20.101999282836914,20.17799949645996,18.95400047302246,19.100000381469727,13.426456451416016,23389500,CF,yfinance,2026-02-10T05:08:32.006375+00:00
2010-10-01,19.15399932861328,19.40999984741211,18.709999084472656,18.93000030517578,13.306952476501465,22131500,CF,yfinance,2026-02-10T05:08:32.006375+00:00
2010-10-04,18.996000289916992,18.996000289916992,18.48200035095215,18.82200050354004,13.231033325195312,10646500,CF,yfinance,2026-02-10T05:08:32.006375+00:00
2010-10-05,18.99799919128418,19.746000289916992,18.95599937438965,19.606000900268555,13.782154083251953,16024500,CF,yfinance,2026-02-10T05:08:32.006375+00:00
2010-10-06,19.535999298095703,20.06800079345703,19.535999298095703,19.784000396728516,13.90727710723877,9034500,CF,yfinance,2026-02-10T05:08:32.006375+00:00
2010-10-07,19.9060001373291,20.0,19.558000564575195,19.72800064086914,13.867911338806152,7524500,CF,yfinance,2026-02-10T05:08:32.006375+00:00
2010-10-08,20.827999114990234,22.527999877929688,20.827999114990234,21.979999542236328,15.45096206665039,44032500,CF,yfinance,2026-02-10T05:08:32.006375+00:00
2010-10-11,22.266000747680664,22.777999877929688,21.99799919128418,22.690000534057617,15.950066566467285,20370500,CF,yfinance,2026-02-10T05:08:32.006375+00:00
2010-10-12,22.600000381469727,23.422000885009766,22.600000381469727,23.27400016784668,16.360593795776367,18423000,CF,yfinance,2026-02-10T05:08:32.006375+00:00
2010-10-13,23.312000274658203,23.945999145507812,23.27400016784668,23.67799949645996,16.644588470458984,15722500,CF,yfinance,2026-02-10T05:08:32.006375+00:00
2010-10-14,23.68000030517578,23.81800079345703,23.20800018310547,23.36199951171875,16.422449111938477,11111000,CF,yfinance,2026-02-10T05:08:32.006375+00:00
2010-10-15,23.474000930786133,23.986000061035156,23.222000122070312,23.972000122070312,16.851253509521484,8392000,CF,yfinance,2026-02-10T05:08:32.006375+00:00
2010-10-18,23.961999893188477,24.06999969482422,23.600000381469727,23.770000457763672,16.709259033203125,5786500,CF,yfinance,2026-02-10T05:08:32.006375+00:00
2010-10-19,23.378000259399414,23.554000854492188,22.756000518798828,22.945999145507812,16.130020141601562,13681000,CF,yfinance,2026-02-10T05:08:32.006375+00:00
2010-10-20,23.058000564575195,23.99799919128418,22.857999801635742,23.738000869750977,16.686769485473633,9791500,CF,yfinance,2026-02-10T05:08:32.006375+00:00
2010-10-21,23.784000396728516,23.93000030517578,23.312000274658203,23.667999267578125,16.63755226135254,5914000,CF,yfinance,2026-02-10T05:08:32.006375+00:00
2010-10-22,23.75,23.77199935913086,23.158000946044922,23.530000686645508,16.54054832458496,7831000,CF,yfinance,2026-02-10T05:08:32.006375+00:00
2010-10-25,23.761999130249023,24.40399932861328,23.51799964904785,23.6299991607666,16.610851287841797,9631000,CF,yfinance,2026-02-10T05:08:32.006375+00:00
2010-10-26,23.5,24.392000198364258,23.285999298095703,24.308000564575195,17.087444305419922,9585000,CF,yfinance,2026-02-10T05:08:32.006375+00:00
2010-10-27,24.013999938964844,24.31800079345703,23.65999984741211,24.263999938964844,17.056516647338867,8135500,CF,yfinance,2026-02-10T05:08:32.006375+00:00
2010-10-28,24.375999450683594,24.510000228881836,23.785999298095703,23.827999114990234,16.750036239624023,7527000,CF,yfinance,2026-02-10T05:08:32.006375+00:00
2010-10-29,23.926000595092773,25.027999877929688,23.865999221801758,24.506000518798828,17.226638793945312,17300000,CF,yfinance,2026-02-10T05:08:32.006375+00:00
2010-11-01,24.52199935913086,24.718000411987305,24.00200080871582,24.277999877929688,17.066362380981445,7351000,CF,yfinance,2026-02-10T05:08:32.006375+00:00
2010-11-02,24.597999572753906,24.694000244140625,24.329999923706055,24.450000762939453,17.1872615814209,6679000,CF,yfinance,2026-02-10T05:08:32.006375+00:00
2010-11-03,24.3700008392334,24.399999618530273,23.591999053955078,24.011999130249023,16.87937355041504,10295000,CF,yfinance,2026-02-10T05:08:32.006375+00:00
2010-11-04,24.238000869750977,24.493999481201172,23.974000930786133,24.238000869750977,17.038246154785156,12297000,CF,yfinance,2026-02-10T05:08:32.006375+00:00
2010-11-05,24.04599952697754,25.805999755859375,23.959999084472656,24.493999481201172,17.21820068359375,32691000,CF,yfinance,2026-02-10T05:08:32.006375+00:00
2010-11-08,24.420000076293945,25.030000686645508,24.239999771118164,24.95400047302246,17.54155158996582,8169000,CF,yfinance,2026-02-10T05:08:32.006375+00:00
2010-11-09,25.378000259399414,26.0,24.84000015258789,25.035999298095703,17.599205017089844,11565500,CF,yfinance,2026-02-10T05:08:32.006375+00:00
2010-11-10,25.1200008392334,25.270000457763672,24.54800033569336,24.812000274658203,17.455678939819336,9095500,CF,yfinance,2026-02-10T05:08:32.006375+00:00
2010-11-11,24.724000930786133,25.58799934387207,24.402000427246094,25.549999237060547,17.97488021850586,7896500,CF,yfinance,2026-02-10T05:08:32.006375+00:00
2010-11-12,25.215999603271484,25.253999710083008,23.700000762939453,23.93000030517578,16.835186004638672,16143500,CF,yfinance,2026-02-10T05:08:32.006375+00:00
2010-11-15,24.040000915527344,24.299999237060547,23.350000381469727,23.43600082397461,16.487642288208008,13521500,CF,yfinance,2026-02-10T05:08:32.006375+00:00
2010-11-16,23.299999237060547,23.299999237060547,22.445999145507812,22.90399932861328,16.113370895385742,17870000,CF,yfinance,2026-02-10T05:08:32.006375+00:00
2010-11-17,22.97599983215332,23.639999389648438,22.763999938964844,23.332000732421875,16.41447639465332,16322500,CF,yfinance,2026-02-10T05:08:32.006375+00:00
2010-11-18,23.70199966430664,24.461999893188477,23.607999801635742,24.049999237060547,16.919597625732422,14904500,CF,yfinance,2026-02-10T05:08:32.006375+00:00
2010-11-19,24.0939998626709,24.190000534057617,23.5,23.54199981689453,16.562210083007812,10802000,CF,yfinance,2026-02-10T05:08:32.006375+00:00
2010-11-22,23.711999893188477,24.09000015258789,23.34600067138672,23.600000381469727,16.60301971435547,13026500,CF,yfinance,2026-02-10T05:08:32.006375+00:00
2010-11-23,23.22599983215332,24.45400047302246,22.84000015258789,24.29400062561035,17.091251373291016,14064000,CF,yfinance,2026-02-10T05:08:32.006375+00:00
2010-11-24,24.450000762939453,25.049999237060547,24.36400032043457,24.922000885009766,17.533065795898438,11852500,CF,yfinance,2026-02-10T05:08:32.006375+00:00
2010-11-26,24.993999481201172,25.086000442504883,24.474000930786133,24.562000274658203,17.27980613708496,4264000,CF,yfinance,2026-02-10T05:08:32.006375+00:00
2010-11-29,24.445999145507812,24.58799934387207,23.56599998474121,24.41200065612793,17.174274444580078,9997000,CF,yfinance,2026-02-10T05:08:32.006375+00:00
2010-11-30,24.172000885009766,24.540000915527344,24.040000915527344,24.15399932861328,16.99277114868164,9393500,CF,yfinance,2026-02-10T05:08:32.006375+00:00
2010-12-01,24.68600082397461,24.947999954223633,24.299999237060547,24.808000564575195,17.45286750793457,9460500,CF,yfinance,2026-02-10T05:08:32.006375+00:00
2010-12-02,24.93000030517578,25.288000106811523,24.558000564575195,24.75,17.412065505981445,9099000,CF,yfinance,2026-02-10T05:08:32.006375+00:00
2010-12-03,24.639999389648438,25.559999465942383,24.634000778198242,25.365999221801758,17.845436096191406,7650000,CF,yfinance,2026-02-10T05:08:32.006375+00:00
2010-12-06,25.290000915527344,25.6560001373291,24.923999786376953,25.049999237060547,17.62312126159668,6079000,CF,yfinance,2026-02-10T05:08:32.006375+00:00
2010-12-07,25.243999481201172,25.33799934387207,24.450000762939453,24.52400016784668,17.253067016601562,7552000,CF,yfinance,2026-02-10T05:08:32.006375+00:00
2010-12-08,24.670000076293945,24.670000076293945,23.90999984741211,24.266000747680664,17.071563720703125,7900500,CF,yfinance,2026-02-10T05:08:32.006375+00:00
2010-12-09,24.420000076293945,24.56800079345703,24.079999923706055,24.341999053955078,17.125032424926758,5142000,CF,yfinance,2026-02-10T05:08:32.006375+00:00
2010-12-10,24.350000381469727,24.724000930786133,23.986000061035156,24.601999282836914,17.307939529418945,5922000,CF,yfinance,2026-02-10T05:08:32.006375+00:00
2010-12-13,24.691999435424805,24.940000534057617,23.799999237060547,24.0,16.884428024291992,11399000,CF,yfinance,2026-02-10T05:08:32.006375+00:00
2010-12-14,23.97599983215332,24.06999969482422,23.312000274658203,23.492000579833984,16.52704620361328,9664500,CF,yfinance,2026-02-10T05:08:32.006375+00:00
2010-12-15,23.3799991607666,24.420000076293945,23.27199935913086,23.93400001525879,16.837995529174805,7813500,CF,yfinance,2026-02-10T05:08:32.006375+00:00
2010-12-16,23.961999893188477,24.450000762939453,23.700000762939453,24.357999801635742,17.136287689208984,6463500,CF,yfinance,2026-02-10T05:08:32.006375+00:00
2010-12-17,24.356000900268555,25.049999237060547,24.149999618530273,24.996000289916992,17.585132598876953,13564000,CF,yfinance,2026-02-10T05:08:32.006375+00:00
2010-12-20,25.1560001373291,25.643999099731445,25.079999923706055,25.31800079345703,17.81165885925293,8176000,CF,yfinance,2026-02-10T05:08:32.006375+00:00
2010-12-21,25.426000595092773,25.86199951171875,25.40999984741211,25.836000442504883,18.176090240478516,6619000,CF,yfinance,2026-02-10T05:08:32.006375+00:00
2010-12-22,25.81399917602539,25.899999618530273,25.107999801635742,25.766000747680664,18.12683868408203,7659000,CF,yfinance,2026-02-10T05:08:32.006375+00:00
2010-12-23,25.770000457763672,27.145999908447266,25.610000610351562,26.99799919128418,18.993574142456055,13052000,CF,yfinance,2026-02-10T05:08:32.006375+00:00
2010-12-27,26.850000381469727,27.06800079345703,26.399999618530273,26.84600067138672,18.886638641357422,6194500,CF,yfinance,2026-02-10T05:08:32.006375+00:00
2010-12-28,26.826000213623047,27.035999298095703,26.336000442504883,26.398000717163086,18.571456909179688,6402000,CF,yfinance,2026-02-10T05:08:32.006375+00:00
2010-12-29,26.486000061035156,27.447999954223633,26.20199966430664,26.969999313354492,18.973873138427734,10131000,CF,yfinance,2026-02-10T05:08:32.006375+00:00
2010-12-30,26.940000534057617,27.74799919128418,26.940000534057617,27.333999633789062,19.22994613647461,8572000,CF,yfinance,2026-02-10T05:08:32.006375+00:00
2010-12-31,27.29800033569336,27.54400062561035,27.0,27.030000686645508,19.016088485717773,5298500,CF,yfinance,2026-02-10T05:08:32.006375+00:00
2011-01-03,27.354000091552734,28.040000915527344,27.09600067138672,27.246000289916992,19.168041229248047,10336000,CF,yfinance,2026-02-10T05:08:32.006375+00:00
2011-01-04,27.284000396728516,27.422000885009766,26.56399917602539,26.996000289916992,18.992168426513672,8497500,CF,yfinance,2026-02-10T05:08:32.006375+00:00
2011-01-05,27.110000610351562,27.672000885009766,26.694000244140625,27.399999618530273,19.276382446289062,9502000,CF,yfinance,2026-02-10T05:08:32.006375+00:00
2011-01-06,27.540000915527344,27.784000396728516,27.142000198364258,27.604000091552734,19.419904708862305,9747000,CF,yfinance,2026-02-10T05:08:32.006375+00:00
2011-01-07,27.559999465942383,27.917999267578125,27.260000228881836,27.493999481201172,19.342514038085938,7028000,CF,yfinance,2026-02-10T05:08:32.006375+00:00
2011-01-10,26.871999740600586,27.246000289916992,26.45800018310547,27.097999572753906,19.063922882080078,8874000,CF,yfinance,2026-02-10T05:08:32.006375+00:00
2011-01-11,27.3700008392334,27.549999237060547,26.941999435424805,27.013999938964844,19.00482940673828,7524000,CF,yfinance,2026-02-10T05:08:32.006375+00:00
2011-01-12,27.649999618530273,28.56999969482422,27.47800064086914,28.36199951171875,19.953166961669922,15470000,CF,yfinance,2026-02-10T05:08:32.006375+00:00
2011-01-13,28.270000457763672,28.68600082397461,27.950000762939453,28.493999481201172,20.0460262298584,9257500,CF,yfinance,2026-02-10T05:08:32.006375+00:00
2011-01-14,28.6299991607666,29.299999237060547,28.399999618530273,29.253999710083008,20.580707550048828,11576500,CF,yfinance,2026-02-10T05:08:32.006375+00:00
2011-01-18,29.197999954223633,29.93000030517578,29.11199951171875,29.889999389648438,21.028146743774414,10762500,CF,yfinance,2026-02-10T05:08:32.006375+00:00
2011-01-19,29.694000244140625,29.694000244140625,27.841999053955078,28.034000396728516,19.722415924072266,17105500,CF,yfinance,2026-02-10T05:08:32.006375+00:00
2011-01-20,27.73200035095215,27.736000061035156,26.634000778198242,27.166000366210938,19.11176109313965,18722000,CF,yfinance,2026-02-10T05:08:32.006375+00:00
2011-01-21,27.68199920654297,27.923999786376953,26.562000274658203,26.65999984741211,18.755783081054688,11691500,CF,yfinance,2026-02-10T05:08:32.006375+00:00
2011-01-24,26.621999740600586,27.038000106811523,26.035999298095703,26.45400047302246,18.61086082458496,11780500,CF,yfinance,2026-02-10T05:08:32.006375+00:00
2011-01-25,26.378000259399414,26.447999954223633,25.516000747680664,26.145999908447266,18.39417266845703,15516500,CF,yfinance,2026-02-10T05:08:32.006375+00:00
2011-01-26,26.308000564575195,27.200000762939453,25.91200065612793,26.91200065612793,18.933063507080078,20014500,CF,yfinance,2026-02-10T05:08:32.006375+00:00
2011-01-27,27.552000045776367,27.6299991607666,26.618000030517578,26.75200080871582,18.820507049560547,13058500,CF,yfinance,2026-02-10T05:08:32.006375+00:00
2011-01-28,27.003999710083008,27.003999710083008,26.100000381469727,26.79599952697754,18.851459503173828,14343500,CF,yfinance,2026-02-10T05:08:32.006375+00:00
2011-01-31,26.940000534057617,27.413999557495117,26.652000427246094,27.007999420166016,19.000600814819336,15417500,CF,yfinance,2026-02-10T05:08:32.006375+00:00
2011-02-01,27.24799919128418,27.90999984741211,27.158000946044922,27.68000030517578,19.473371505737305,14631500,CF,yfinance,2026-02-10T05:08:32.006375+00:00
2011-02-02,27.516000747680664,29.02400016784668,27.22599983215332,28.99799919128418,20.40060043334961,14482000,CF,yfinance,2026-02-10T05:08:32.006375+00:00
2011-02-03,28.968000411987305,29.100000381469727,28.04199981689453,28.444000244140625,20.010854721069336,10030000,CF,yfinance,2026-02-10T05:08:32.006375+00:00
2011-02-04,28.492000579833984,28.711999893188477,28.194000244140625,28.531999588012695,20.072765350341797,5880000,CF,yfinance,2026-02-10T05:08:32.006375+00:00
2011-02-07,28.6560001373291,29.469999313354492,28.6560001373291,29.246000289916992,20.575075149536133,9632000,CF,yfinance,2026-02-10T05:08:32.006375+00:00
2011-02-08,29.29800033569336,29.604000091552734,28.72599983215332,29.29400062561035,20.60885238647461,11054500,CF,yfinance,2026-02-10T05:08:32.006375+00:00
2011-02-09,29.902000427246094,30.631999969482422,29.285999298095703,30.40399932861328,21.389753341674805,20849500,CF,yfinance,2026-02-10T05:08:32.006375+00:00
2011-02-10,30.007999420166016,30.766000747680664,29.969999313354492,30.073999404907227,21.171520233154297,10721000,CF,yfinance,2026-02-10T05:08:32.006375+00:00
2011-02-11,29.90999984741211,30.375999450683594,29.642000198364258,30.06800079345703,21.167295455932617,10107500,CF,yfinance,2026-02-10T05:08:32.006375+00:00
2011-02-14,30.06999969482422,30.6299991607666,30.0,30.356000900268555,21.370046615600586,7226500,CF,yfinance,2026-02-10T05:08:32.006375+00:00
2011-02-15,30.263999938964844,30.263999938964844,28.649999618530273,28.780000686645508,20.26056671142578,16144000,CF,yfinance,2026-02-10T05:08:32.006375+00:00
2011-02-16,28.959999084472656,29.399999618530273,28.601999282836914,28.968000411987305,20.392911911010742,10033000,CF,yfinance,2026-02-10T05:08:32.006375+00:00
2011-02-17,28.969999313354492,29.591999053955078,28.84000015258789,29.562000274658203,20.811079025268555,10510500,CF,yfinance,2026-02-10T05:08:32.006375+00:00
2011-02-18,29.506000518798828,29.562000274658203,27.351999282836914,27.573999404907227,19.411561965942383,24821500,CF,yfinance,2026-02-10T05:08:32.006375+00:00
2011-02-22,27.472000122070312,28.43000030517578,26.360000610351562,26.399999618530273,18.58509635925293,21798000,CF,yfinance,2026-02-10T05:08:32.006375+00:00
2011-02-23,26.326000213623047,27.152000427246094,24.68400001525879,26.88800048828125,18.92864227294922,39930500,CF,yfinance,2026-02-10T05:08:32.006375+00:00
2011-02-24,27.016000747680664,27.422000885009766,26.600000381469727,26.804000854492188,18.8695125579834,16601000,CF,yfinance,2026-02-10T05:08:32.006375+00:00
2011-02-25,27.09600067138672,28.040000915527344,27.09600067138672,28.007999420166016,19.71709442138672,11353000,CF,yfinance,2026-02-10T05:08:32.006375+00:00
2011-02-28,28.200000762939453,28.576000213623047,27.540000915527344,28.256000518798828,19.891685485839844,10090500,CF,yfinance,2026-02-10T05:08:32.006375+00:00
2011-03-01,28.50200080871582,28.50200080871582,27.263999938964844,27.393999099731445,19.284852981567383,10023000,CF,yfinance,2026-02-10T05:08:32.006375+00:00
2011-03-02,27.31999969482422,27.65999984741211,26.799999237060547,27.016000747680664,19.01874542236328,10317000,CF,yfinance,2026-02-10T05:08:32.006375+00:00
2011-03-03,27.398000717163086,28.142000198364258,27.275999069213867,28.027999877929688,19.731172561645508,10011000,CF,yfinance,2026-02-10T05:08:32.006375+00:00
2011-03-04,28.006000518798828,28.011999130249023,26.6560001373291,26.86199951171875,18.91033172607422,12964000,CF,yfinance,2026-02-10T05:08:32.006375+00:00
2011-03-07,27.04800033569336,27.149999618530273,25.47599983215332,25.780000686645508,18.14862060546875,18987000,CF,yfinance,2026-02-10T05:08:32.006375+00:00
2011-03-08,25.86199951171875,25.895999908447266,24.97599983215332,25.788000106811523,18.15426254272461,15986500,CF,yfinance,2026-02-10T05:08:32.006375+00:00
2011-03-09,25.538000106811523,25.95599937438965,25.04599952697754,25.305999755859375,17.814937591552734,11115000,CF,yfinance,2026-02-10T05:08:32.006375+00:00
2011-03-10,24.75,25.374000549316406,24.172000885009766,24.79599952697754,17.455909729003906,17989500,CF,yfinance,2026-02-10T05:08:32.006375+00:00
2011-03-11,24.422000885009766,25.447999954223633,24.399999618530273,25.20400047302246,17.74313735961914,8669500,CF,yfinance,2026-02-10T05:08:32.006375+00:00
2011-03-14,24.739999771118164,25.67799949645996,24.606000900268555,25.194000244140625,17.736095428466797,7329500,CF,yfinance,2026-02-10T05:08:32.006375+00:00
2011-03-15,24.200000762939453,25.323999404907227,24.06399917602539,24.95599937438965,17.568546295166016,16697000,CF,yfinance,2026-02-10T05:08:32.006375+00:00
2011-03-16,25.20199966430664,26.0,24.70199966430664,25.378000259399414,17.865633010864258,16909500,CF,yfinance,2026-02-10T05:08:32.006375+00:00
2011-03-17,25.8439998626709,26.20599937438965,25.555999755859375,25.9060001373291,18.237327575683594,9506000,CF,yfinance,2026-02-10T05:08:32.006375+00:00
2011-03-18,26.48200035095215,26.59600067138672,25.327999114990234,25.479999542236328,17.93743324279785,10997500,CF,yfinance,2026-02-10T05:08:32.006375+00:00
2011-03-21,25.077999114990234,25.479999542236328,24.950000762939453,25.42799949645996,17.900829315185547,12439500,CF,yfinance,2026-02-10T05:08:32.006375+00:00
2011-03-22,25.45199966430664,25.45199966430664,24.336000442504883,24.511999130249023,17.2559757232666,15367500,CF,yfinance,2026-02-10T05:08:32.006375+00:00
2011-03-23,24.510000228881836,25.214000701904297,24.00200080871582,25.100000381469727,17.669925689697266,16240500,CF,yfinance,2026-02-10T05:08:32.006375+00:00
2011-03-24,25.215999603271484,25.384000778198242,24.805999755859375,25.163999557495117,17.714977264404297,10579000,CF,yfinance,2026-02-10T05:08:32.006375+00:00
2011-03-25,25.101999282836914,26.610000610351562,25.101999282836914,26.420000076293945,18.59917449951172,15791000,CF,yfinance,2026-02-10T05:08:32.006375+00:00
2011-03-28,26.57200050354004,26.57200050354004,25.534000396728516,25.56399917602539,17.996559143066406,7959000,CF,yfinance,2026-02-10T05:08:32.006375+00:00
2011-03-29,25.63800048828125,26.06800079345703,25.25200080871582,25.95199966430664,18.269712448120117,6391000,CF,yfinance,2026-02-10T05:08:32.006375+00:00
2011-03-30,26.260000228881836,26.583999633789062,25.857999801635742,26.52199935913086,18.67098045349121,6980500,CF,yfinance,2026-02-10T05:08:32.006375+00:00
2011-03-31,27.302000045776367,27.98200035095215,27.218000411987305,27.357999801635742,19.25950813293457,19357500,CF,yfinance,2026-02-10T05:08:32.006375+00:00
2011-04-01,27.5939998626709,28.200000762939453,27.461999893188477,27.857999801635742,19.611494064331055,12333000,CF,yfinance,2026-02-10T05:08:32.006375+00:00
2011-04-04,27.983999252319336,28.444000244140625,27.802000045776367,28.444000244140625,20.02402687072754,8646500,CF,yfinance,2026-02-10T05:08:32.006375+00:00
2011-04-05,28.479999542236328,29.049999237060547,28.233999252319336,28.715999603271484,20.21550750732422,12019000,CF,yfinance,2026-02-10T05:08:32.006375+00:00
2011-04-06,28.841999053955078,28.881999969482422,27.742000579833984,28.06999969482422,19.760740280151367,9833000,CF,yfinance,2026-02-10T05:08:32.006375+00:00
2011-04-07,28.233999252319336,28.389999389648438,27.711999893188477,27.950000762939453,19.6762638092041,9507500,CF,yfinance,2026-02-10T05:08:32.006375+00:00
2011-04-08,27.965999603271484,28.243999481201172,27.40999984741211,27.70800018310547,19.505901336669922,7673500,CF,yfinance,2026-02-10T05:08:32.006375+00:00
2011-04-11,27.600000381469727,27.983999252319336,27.030000686645508,27.086000442504883,19.06802749633789,7740500,CF,yfinance,2026-02-10T05:08:32.006375+00:00
2011-04-12,26.922000885009766,27.049999237060547,26.100000381469727,26.763999938964844,18.84133529663086,10740500,CF,yfinance,2026-02-10T05:08:32.006375+00:00
2011-04-13,26.947999954223633,27.20400047302246,26.350000381469727,26.81800079345703,18.879352569580078,8734500,CF,yfinance,2026-02-10T05:08:32.006375+00:00
2011-04-14,26.600000381469727,26.972000122070312,26.398000717163086,26.738000869750977,18.82304573059082,6016500,CF,yfinance,2026-02-10T05:08:32.006375+00:00
2011-04-15,26.70199966430664,26.70400047302246,25.97800064086914,25.996000289916992,18.300683975219727,13588000,CF,yfinance,2026-02-10T05:08:32.006375+00:00
2011-04-18,25.72800064086914,26.63800048828125,25.52400016784668,26.591999053955078,18.720260620117188,12941000,CF,yfinance,2026-02-10T05:08:32.006375+00:00
2011-04-19,26.56800079345703,27.104000091552734,26.459999084472656,26.97800064086914,18.99199867248535,10135000,CF,yfinance,2026-02-10T05:08:32.006375+00:00
2011-04-20,27.20400047302246,27.327999114990234,26.413999557495117,26.643999099731445,18.75686264038086,10986000,CF,yfinance,2026-02-10T05:08:32.006375+00:00
2011-04-21,26.788000106811523,27.79400062561035,26.722000122070312,27.76799964904785,19.548141479492188,9615000,CF,yfinance,2026-02-10T05:08:32.006375+00:00
2011-04-25,27.805999755859375,28.166000366210938,27.606000900268555,27.788000106811523,19.562225341796875,6921500,CF,yfinance,2026-02-10T05:08:32.006375+00:00
2011-04-26,28.08799934387207,28.26799964904785,27.836000442504883,28.06800079345703,19.759336471557617,8000000,CF,yfinance,2026-02-10T05:08:32.006375+00:00
2011-04-27,28.18199920654297,28.29800033569336,27.27400016784668,27.86199951171875,19.614315032958984,7599000,CF,yfinance,2026-02-10T05:08:32.006375+00:00
2011-04-28,27.81999969482422,28.65999984741211,27.465999603271484,27.781999588012695,19.5579891204834,13496000,CF,yfinance,2026-02-10T05:08:32.006375+00:00
2011-04-29,27.908000946044922,28.496000289916992,27.781999588012695,28.309999465942383,19.929698944091797,6266500,CF,yfinance,2026-02-10T05:08:32.006375+00:00
2011-05-02,28.42799949645996,28.468000411987305,27.75,27.881999969482422,19.628395080566406,6751000,CF,yfinance,2026-02-10T05:08:32.006375+00:00
2011-05-03,27.850000381469727,27.992000579833984,26.42799949645996,26.591999053955078,18.720260620117188,9791000,CF,yfinance,2026-02-10T05:08:32.006375+00:00
2011-05-04,26.65999984741211,26.691999435424805,25.600000381469727,26.062000274658203,18.347145080566406,9305500,CF,yfinance,2026-02-10T05:08:32.006375+00:00
2011-05-05,25.84000015258789,26.738000869750977,25.45800018310547,25.850000381469727,18.19789695739746,10077000,CF,yfinance,2026-02-10T05:08:32.006375+00:00
2011-05-06,26.90399932861328,28.190000534057617,26.895999908447266,27.56399917602539,19.40452766418457,18516500,CF,yfinance,2026-02-10T05:08:32.006375+00:00
2011-05-09,27.604000091552734,28.631999969482422,27.57200050354004,28.559999465942383,20.10568618774414,9685500,CF,yfinance,2026-02-10T05:08:32.006375+00:00
2011-05-10,28.715999603271484,28.79800033569336,28.06399917602539,28.29400062561035,19.918434143066406,8602500,CF,yfinance,2026-02-10T05:08:32.006375+00:00
2011-05-11,28.148000717163086,28.148000717163086,27.09000015258789,27.459999084472656,19.331310272216797,9701000,CF,yfinance,2026-02-10T05:08:32.006375+00:00
2011-05-12,27.392000198364258,27.417999267578125,26.535999298095703,27.007999420166016,19.026968002319336,8725500,CF,yfinance,2026-02-10T05:08:32.006375+00:00
2011-05-13,27.308000564575195,27.329999923706055,26.6200008392334,26.715999603271484,18.821258544921875,8196000,CF,yfinance,2026-02-10T05:08:32.006375+00:00
2011-05-16,26.86199951171875,27.760000228881836,26.56399917602539,26.992000579833984,19.015701293945312,6957500,CF,yfinance,2026-02-10T05:08:32.006375+00:00
2011-05-17,26.93400001525879,27.18000030517578,26.527999877929688,26.850000381469727,18.915660858154297,7556000,CF,yfinance,2026-02-10T05:08:32.006375+00:00
2011-05-18,27.055999755859375,28.329999923706055,26.81399917602539,28.038000106811523,19.752601623535156,12232000,CF,yfinance,2026-02-10T05:08:32.006375+00:00
2011-05-19,28.243999481201172,28.88800048828125,27.757999420166016,28.285999298095703,19.92731475830078,13111000,CF,yfinance,2026-02-10T05:08:32.006375+00:00
2011-05-20,28.238000869750977,28.90399932861328,27.718000411987305,27.812000274658203,19.593379974365234,17318500,CF,yfinance,2026-02-10T05:08:32.006375+00:00
2011-05-23,27.878000259399414,29.591999053955078,27.496000289916992,29.549999237060547,20.817800521850586,21220500,CF,yfinance,2026-02-10T05:08:32.006375+00:00
2011-05-24,29.59600067138672,29.81999969482422,29.20199966430664,29.309999465942383,20.64871597290039,11464000,CF,yfinance,2026-02-10T05:08:32.006375+00:00
2011-05-25,29.31999969482422,30.687999725341797,29.31999969482422,30.197999954223633,21.27430534362793,17868000,CF,yfinance,2026-02-10T05:08:32.006375+00:00
2011-05-26,30.1299991607666,30.606000900268555,29.922000885009766,30.038000106811523,21.161590576171875,10760500,CF,yfinance,2026-02-10T05:08:32.006375+00:00
2011-05-27,30.277999877929688,31.26799964904785,30.246000289916992,31.038000106811523,21.86608123779297,10408000,CF,yfinance,2026-02-10T05:08:32.006375+00:00
2011-05-31,31.61199951171875,31.68400001525879,30.350000381469727,30.756000518798828,21.667421340942383,11484000,CF,yfinance,2026-02-10T05:08:32.006375+00:00
2011-06-01,30.756000518798828,30.812000274658203,29.48200035095215,29.6200008392334,20.867109298706055,11630000,CF,yfinance,2026-02-10T05:08:32.006375+00:00
2011-06-02,29.639999389648438,30.510000228881836,29.535999298095703,30.038000106811523,21.161590576171875,9606500,CF,yfinance,2026-02-10T05:08:32.006375+00:00
2011-06-03,29.694000244140625,30.402000427246094,29.36400032043457,30.281999588012695,21.333480834960938,10273500,CF,yfinance,2026-02-10T05:08:32.006375+00:00
2011-06-06,30.15399932861328,30.941999435424805,29.351999282836914,29.6200008392334,20.867109298706055,10401000,CF,yfinance,2026-02-10T05:08:32.006375+00:00
2011-06-07,29.895999908447266,30.0,29.0,29.413999557495117,20.721986770629883,10619000,CF,yfinance,2026-02-10T05:08:32.006375+00:00
2011-06-08,29.506000518798828,30.00200080871582,28.944000244140625,29.724000930786133,20.94037437438965,11680500,CF,yfinance,2026-02-10T05:08:32.006375+00:00
2011-06-09,30.374000549316406,31.100000381469727,30.173999786376953,30.972000122070312,21.819581985473633,15635000,CF,yfinance,2026-02-10T05:08:32.006375+00:00
2011-06-10,30.805999755859375,31.239999771118164,30.290000915527344,30.511999130249023,21.495521545410156,9966000,CF,yfinance,2026-02-10T05:08:32.006375+00:00
2011-06-13,30.600000381469727,31.173999786376953,29.81399917602539,30.027999877929688,21.154542922973633,7793500,CF,yfinance,2026-02-10T05:08:32.006375+00:00
2011-06-14,30.368000030517578,31.013999938964844,29.95800018310547,30.8799991607666,21.75477409362793,10279000,CF,yfinance,2026-02-10T05:08:32.006375+00:00
2011-06-15,30.520000457763672,30.540000915527344,29.27400016784668,29.600000381469727,20.853023529052734,12409000,CF,yfinance,2026-02-10T05:08:32.006375+00:00
2011-06-16,29.65999984741211,29.847999572753906,27.555999755859375,28.47800064086914,20.06257438659668,19478500,CF,yfinance,2026-02-10T05:08:32.006375+00:00
2011-06-17,28.72800064086914,28.920000076293945,26.920000076293945,27.211999893188477,19.170698165893555,23861500,CF,yfinance,2026-02-10T05:08:32.006375+00:00
2011-06-20,27.760000228881836,27.920000076293945,27.034000396728516,27.714000701904297,19.52434539794922,16095000,CF,yfinance,2026-02-10T05:08:32.006375+00:00
2011-06-21,28.003999710083008,29.402000427246094,27.916000366210938,29.356000900268555,20.681119918823242,11313000,CF,yfinance,2026-02-10T05:08:32.006375+00:00
2011-06-22,29.172000885009766,29.5939998626709,28.479999542236328,28.549999237060547,20.113298416137695,9704000,CF,yfinance,2026-02-10T05:08:32.006375+00:00
2011-06-23,28.058000564575195,28.606000900268555,27.399999618530273,28.5939998626709,20.144304275512695,11411500,CF,yfinance,2026-02-10T05:08:32.006375+00:00
2011-06-24,28.642000198364258,29.351999282836914,28.118000030517578,28.1299991607666,19.817415237426758,8495000,CF,yfinance,2026-02-10T05:08:32.006375+00:00
2011-06-27,28.354000091552734,29.040000915527344,28.01799964904785,28.79599952697754,20.286602020263672,8149500,CF,yfinance,2026-02-10T05:08:32.006375+00:00
2011-06-28,28.8439998626709,29.40999984741211,28.676000595092773,29.393999099731445,20.707897186279297,9350500,CF,yfinance,2026-02-10T05:08:32.006375+00:00
2011-06-29,29.733999252319336,30.209999084472656,29.281999588012695,29.8700008392334,21.043235778808594,13547000,CF,yfinance,2026-02-10T05:08:32.006375+00:00
2011-06-30,28.91200065612793,29.06399917602539,28.076000213623047,28.333999633789062,19.961132049560547,29614500,CF,yfinance,2026-02-10T05:08:32.006375+00:00
2011-07-01,28.645999908447266,28.68600082397461,27.554000854492188,27.90399932861328,19.658199310302734,18511500,CF,yfinance,2026-02-10T05:08:32.006375+00:00
2011-07-05,28.219999313354492,28.76799964904785,27.65399932861328,28.625999450683594,20.166845321655273,17480500,CF,yfinance,2026-02-10T05:08:32.006375+00:00
2011-07-06,28.610000610351562,28.95599937438965,28.257999420166016,28.59000015258789,20.141481399536133,8219000,CF,yfinance,2026-02-10T05:08:32.006375+00:00
2011-07-07,28.99799919128418,29.29400062561035,28.763999938964844,29.13800048828125,20.527544021606445,10202000,CF,yfinance,2026-02-10T05:08:32.006375+00:00
2011-07-08,28.32200050354004,29.857999801635742,28.309999465942383,29.802000045776367,20.995328903198242,12481000,CF,yfinance,2026-02-10T05:08:32.006375+00:00
2011-07-11,29.468000411987305,29.538000106811523,28.5,28.972000122070312,20.410602569580078,10851500,CF,yfinance,2026-02-10T05:08:32.006375+00:00
2011-07-12,29.163999557495117,30.447999954223633,29.16200065612793,29.5,20.782569885253906,19016000,CF,yfinance,2026-02-10T05:08:32.006375+00:00
2011-07-13,29.808000564575195,30.507999420166016,29.805999755859375,30.02199935913086,21.150314331054688,10614500,CF,yfinance,2026-02-10T05:08:32.006375+00:00
2011-07-14,30.219999313354492,30.77400016784668,29.624000549316406,29.95800018310547,21.10523223876953,9526500,CF,yfinance,2026-02-10T05:08:32.006375+00:00
2011-07-15,30.06599998474121,30.847999572753906,29.90399932861328,30.8439998626709,21.72941017150879,9604000,CF,yfinance,2026-02-10T05:08:32.006375+00:00
2011-07-18,30.920000076293945,30.979999542236328,30.049999237060547,30.312000274658203,21.354616165161133,8733000,CF,yfinance,2026-02-10T05:08:32.006375+00:00
2011-07-19,30.770000457763672,31.469999313354492,30.770000457763672,31.329999923706055,22.071792602539062,12361000,CF,yfinance,2026-02-10T05:08:32.006375+00:00
2011-07-20,31.68400001525879,31.799999237060547,31.285999298095703,31.479999542236328,22.177471160888672,8093500,CF,yfinance,2026-02-10T05:08:32.006375+00:00
2011-07-21,31.763999938964844,32.332000732421875,31.600000381469727,32.237998962402344,22.711475372314453,8728000,CF,yfinance,2026-02-10T05:08:32.006375+00:00
2011-07-22,32.17399978637695,32.41999816894531,31.83799934387207,32.04999923706055,22.57903289794922,6480500,CF,yfinance,2026-02-10T05:08:32.006375+00:00
2011-07-25,31.871999740600586,32.650001525878906,31.804000854492188,32.05799865722656,22.58466148376465,7146500,CF,yfinance,2026-02-10T05:08:32.006375+00:00
2011-07-26,32.06999969482422,32.263999938964844,31.43600082397461,31.898000717163086,22.471946716308594,5433500,CF,yfinance,2026-02-10T05:08:32.006375+00:00
2011-07-27,31.606000900268555,31.9060001373291,31.003999710083008,31.173999786376953,21.96190071105957,7297000,CF,yfinance,2026-02-10T05:08:32.006375+00:00
2011-07-28,31.43000030517578,32.38600158691406,31.299999237060547,31.766000747680664,22.378948211669922,6951000,CF,yfinance,2026-02-10T05:08:32.006375+00:00
2011-07-29,30.802000045776367,31.579999923706055,30.45800018310547,31.06399917602539,21.884395599365234,9502500,CF,yfinance,2026-02-10T05:08:32.006375+00:00
2011-08-01,31.634000778198242,31.93400001525879,31.1200008392334,31.450000762939453,22.156335830688477,7532000,CF,yfinance,2026-02-10T05:08:32.006375+00:00
2011-08-02,31.18000030517578,31.920000076293945,30.57200050354004,30.582000732421875,21.544832229614258,11422500,CF,yfinance,2026-02-10T05:08:32.006375+00:00
2011-08-03,30.908000946044922,31.31999969482422,29.577999114990234,31.003999710083008,21.842132568359375,13770500,CF,yfinance,2026-02-10T05:08:32.006375+00:00
2011-08-04,30.628000259399414,30.709999084472656,28.25200080871582,28.31800079345703,19.94985580444336,17023000,CF,yfinance,2026-02-10T05:08:32.006375+00:00
2011-08-05,29.969999313354492,30.163999557495117,27.663999557495117,29.332000732421875,20.66421890258789,22995000,CF,yfinance,2026-02-10T05:08:32.006375+00:00
2011-08-08,27.892000198364258,29.299999237060547,26.8799991607666,27.649999618530273,19.479257583618164,27080500,CF,yfinance,2026-02-10T05:08:32.006375+00:00
2011-08-09,28.233999252319336,30.06399917602539,28.152000427246094,30.006000518798828,21.139049530029297,25691500,CF,yfinance,2026-02-10T05:08:32.006375+00:00
2011-08-10,29.676000595092773,31.718000411987305,29.200000762939453,29.917999267578125,21.07704734802246,21621000,CF,yfinance,2026-02-10T05:08:32.006375+00:00
2011-08-11,31.13599967956543,33.27000045776367,30.809999465942383,32.8380012512207,23.19619369506836,24349500,CF,yfinance,2026-02-10T05:08:32.006375+00:00
2011-08-12,32.6619987487793,33.768001556396484,32.46799850463867,33.63999938964844,23.762710571289062,15688000,CF,yfinance,2026-02-10T05:08:32.006375+00:00
2011-08-15,33.86600112915039,33.99800109863281,33.018001556396484,33.928001403808594,23.966157913208008,13287000,CF,yfinance,2026-02-10T05:08:32.006375+00:00
2011-08-16,33.374000549316406,33.987998962402344,33.02399826049805,33.5620002746582,23.70762062072754,11805000,CF,yfinance,2026-02-10T05:08:32.006375+00:00
2011-08-17,33.709999084472656,34.58399963378906,33.582000732421875,34.38199996948242,24.2868595123291,13319500,CF,yfinance,2026-02-10T05:08:32.006375+00:00
2011-08-18,33.36000061035156,33.599998474121094,32.5260009765625,32.84000015258789,23.19761085510254,15188500,CF,yfinance,2026-02-10T05:08:32.006375+00:00
2011-08-19,32.40399932861328,34.0880012512207,32.231998443603516,32.96200180053711,23.283784866333008,17138000,CF,yfinance,2026-02-10T05:08:32.006375+00:00
2011-08-22,34.051998138427734,34.89400100708008,33.6879997253418,34.11399841308594,24.09754180908203,15672000,CF,yfinance,2026-02-10T05:08:32.006375+00:00
2011-08-23,34.34400177001953,35.790000915527344,34.20399856567383,35.790000915527344,25.281442642211914,16680500,CF,yfinance,2026-02-10T05:08:32.006375+00:00
2011-08-24,35.66600036621094,36.077999114990234,34.347999572753906,35.08000183105469,24.7799072265625,15164000,CF,yfinance,2026-02-10T05:08:32.006375+00:00
2011-08-25,35.119998931884766,35.619998931884766,34.40999984741211,35.034000396728516,24.747413635253906,12037500,CF,yfinance,2026-02-10T05:08:32.006375+00:00
2011-08-26,34.70600128173828,36.12200164794922,34.459999084472656,36.06999969482422,25.479225158691406,11590500,CF,yfinance,2026-02-10T05:08:32.006375+00:00
2011-08-29,36.481998443603516,37.737998962402344,36.40599822998047,37.720001220703125,26.64475440979004,14334000,CF,yfinance,2026-02-10T05:08:32.006375+00:00
2011-08-30,37.35599899291992,38.540000915527344,37.35599899291992,37.95600128173828,26.81147003173828,12804500,CF,yfinance,2026-02-10T05:08:32.006375+00:00
2011-08-31,38.36600112915039,38.518001556396484,35.91999816894531,36.54999923706055,25.81829261779785,14837000,CF,yfinance,2026-02-10T05:08:32.006375+00:00
2011-09-01,36.70600128173828,37.24599838256836,36.19200134277344,36.5,25.782970428466797,9861500,CF,yfinance,2026-02-10T05:08:32.006375+00:00
2011-09-02,35.624000549316406,36.60599899291992,35.172000885009766,36.37799835205078,25.69679832458496,7868500,CF,yfinance,2026-02-10T05:08:32.006375+00:00
2011-09-06,35.698001861572266,37.20000076293945,35.582000732421875,37.13800048828125,26.233640670776367,12049000,CF,yfinance,2026-02-10T05:08:32.006375+00:00
2011-09-07,37.72200012207031,37.72200012207031,36.305999755859375,36.64799880981445,25.887510299682617,9982500,CF,yfinance,2026-02-10T05:08:32.006375+00:00
2011-09-08,36.237998962402344,37.400001525878906,36.189998626708984,37.02000045776367,26.150293350219727,10410500,CF,yfinance,2026-02-10T05:08:32.006375+00:00
2011-09-09,36.608001708984375,37.26599884033203,35.69200134277344,36.018001556396484,25.4424991607666,8345000,CF,yfinance,2026-02-10T05:08:32.006375+00:00
2011-09-12,35.74399948120117,36.45399856567383,34.68000030517578,35.40800094604492,25.011598587036133,11432500,CF,yfinance,2026-02-10T05:08:32.006375+00:00
2011-09-13,35.65800094604492,36.04600143432617,35.0,35.439998626708984,25.034208297729492,9224000,CF,yfinance,2026-02-10T05:08:32.006375+00:00
2011-09-14,35.832000732421875,36.40599822998047,34.77199935913086,35.944000244140625,25.390228271484375,10319500,CF,yfinance,2026-02-10T05:08:32.006375+00:00
2011-09-15,36.04399871826172,36.189998626708984,34.72999954223633,35.07600021362305,24.777082443237305,10789000,CF,yfinance,2026-02-10T05:08:32.006375+00:00
2011-09-16,35.16600036621094,35.375999450683594,34.507999420166016,35.029998779296875,24.744590759277344,9522500,CF,yfinance,2026-02-10T05:08:32.006375+00:00
2011-09-19,34.60599899291992,35.29399871826172,34.25400161743164,35.01599884033203,24.73470115661621,8418500,CF,yfinance,2026-02-10T05:08:32.006375+00:00
2011-09-20,35.189998626708984,35.189998626708984,32.54800033569336,32.73400115966797,23.122732162475586,19515500,CF,yfinance,2026-02-10T05:08:32.006375+00:00
2011-09-21,32.720001220703125,33.40399932861328,30.583999633789062,30.58799934387207,21.606834411621094,17341500,CF,yfinance,2026-02-10T05:08:32.006375+00:00
2011-09-22,29.368000030517578,30.058000564575195,27.70400047302246,29.378000259399414,20.75211524963379,22442000,CF,yfinance,2026-02-10T05:08:32.006375+00:00
2011-09-23,28.88599967956543,29.790000915527344,28.36400032043457,29.13800048828125,20.58258056640625,14399500,CF,yfinance,2026-02-10T05:08:32.006375+00:00
2011-09-26,29.469999313354492,30.513999938964844,27.618000030517578,30.417999267578125,21.486753463745117,17566500,CF,yfinance,2026-02-10T05:08:32.006375+00:00
2011-09-27,30.892000198364258,31.920000076293945,30.5,30.989999771118164,21.89080238342285,15953000,CF,yfinance,2026-02-10T05:08:32.006375+00:00
2011-09-28,30.3439998626709,30.667999267578125,28.892000198364258,28.996000289916992,20.482276916503906,12303000,CF,yfinance,2026-02-10T05:08:32.006375+00:00
2011-09-29,29.666000366210938,30.101999282836914,27.799999237060547,28.187999725341797,19.91152000427246,15941000,CF,yfinance,2026-02-10T05:08:32.006375+00:00
2011-09-30,26.50200080871582,26.799999237060547,24.618000030517578,24.67799949645996,17.432117462158203,25537000,CF,yfinance,2026-02-10T05:08:32.006375+00:00
2011-10-03,24.20199966430664,25.82200050354004,23.899999618530273,24.195999145507812,17.091636657714844,19222500,CF,yfinance,2026-02-10T05:08:32.006375+00:00
2011-10-04,23.74799919128418,24.88800048828125,23.06800079345703,24.81999969482422,17.532428741455078,22000000,CF,yfinance,2026-02-10T05:08:32.006375+00:00
2011-10-05,25.100000381469727,26.945999145507812,24.812000274658203,26.70800018310547,18.866071701049805,16940000,CF,yfinance,2026-02-10T05:08:32.006375+00:00
2011-10-06,26.540000915527344,28.591999053955078,26.52400016784668,28.54800033569336,20.16581916809082,18806000,CF,yfinance,2026-02-10T05:08:32.006375+00:00
2011-10-07,28.743999481201172,28.790000915527344,26.399999618530273,26.941999435424805,19.0313663482666,14775500,CF,yfinance,2026-02-10T05:08:32.006375+00:00
2011-10-10,27.761999130249023,28.916000366210938,27.600000381469727,28.077999114990234,19.833816528320312,9884000,CF,yfinance,2026-02-10T05:08:32.006375+00:00
2011-10-11,27.947999954223633,29.600000381469727,27.874000549316406,29.36199951171875,20.740806579589844,10778000,CF,yfinance,2026-02-10T05:08:32.006375+00:00
2011-10-12,28.992000579833984,29.27400016784668,28.209999084472656,28.920000076293945,20.428590774536133,16784500,CF,yfinance,2026-02-10T05:08:32.006375+00:00
2011-10-13,29.031999588012695,29.68000030517578,28.437999725341797,29.503999710083008,20.84111785888672,8652500,CF,yfinance,2026-02-10T05:08:32.006375+00:00
2011-10-14,30.20800018310547,30.389999389648438,29.31599998474121,30.100000381469727,21.262123107910156,6466000,CF,yfinance,2026-02-10T05:08:32.006375+00:00
2011-10-17,29.944000244140625,29.95199966430664,28.8700008392334,29.04800033569336,20.519006729125977,6719000,CF,yfinance,2026-02-10T05:08:32.006375+00:00
2011-10-18,29.097999572753906,29.993999481201172,28.15999984741211,29.722000122070312,20.995113372802734,8868000,CF,yfinance,2026-02-10T05:08:32.006375+00:00
2011-10-19,29.649999618530273,29.826000213623047,28.5939998626709,28.70400047302246,20.276012420654297,8612500,CF,yfinance,2026-02-10T05:08:32.006375+00:00
2011-10-20,28.559999465942383,29.552000045776367,28.02199935913086,29.461999893188477,20.81144905090332,10693500,CF,yfinance,2026-02-10T05:08:32.006375+00:00
2011-10-21,30.110000610351562,30.68000030517578,29.992000579833984,30.68000030517578,21.671823501586914,8208000,CF,yfinance,2026-02-10T05:08:32.006375+00:00
2011-10-24,30.898000717163086,31.979999542236328,30.898000717163086,31.827999114990234,22.48274803161621,8316000,CF,yfinance,2026-02-10T05:08:32.006375+00:00
2011-10-25,31.697999954223633,32.61800003051758,31.100000381469727,31.579999923706055,22.307565689086914,9391000,CF,yfinance,2026-02-10T05:08:32.006375+00:00
2011-10-26,32.236000061035156,32.529998779296875,30.88599967956543,32.321998596191406,22.831695556640625,9214500,CF,yfinance,2026-02-10T05:08:32.006375+00:00
2011-10-27,33.46200180053711,34.29999923706055,32.56800079345703,33.60200119018555,23.735876083374023,8494500,CF,yfinance,2026-02-10T05:08:32.006375+00:00
2011-10-28,33.75400161743164,34.47800064086914,33.25600051879883,34.02799987792969,24.036792755126953,8357500,CF,yfinance,2026-02-10T05:08:32.006375+00:00
2011-10-31,33.599998474121094,33.599998474121094,32.433998107910156,32.45399856567383,22.924942016601562,6631000,CF,yfinance,2026-02-10T05:08:32.006375+00:00
2011-11-01,31.0,32.77399826049805,30.288000106811523,31.72599983215332,22.410701751708984,14968000,CF,yfinance,2026-02-10T05:08:32.006375+00:00
2011-11-02,32.125999450683594,34.12799835205078,32.099998474121094,33.86199951171875,23.91954231262207,12178000,CF,yfinance,2026-02-10T05:08:32.006375+00:00
2011-11-03,34.13800048828125,35.18199920654297,33.15999984741211,34.86399841308594,24.627330780029297,9584000,CF,yfinance,2026-02-10T05:08:32.006375+00:00
2011-11-04,34.599998474121094,35.39400100708008,34.35200119018555,34.763999938964844,24.556690216064453,6993500,CF,yfinance,2026-02-10T05:08:32.006375+00:00
2011-11-07,34.47800064086914,35.09000015258789,34.30799865722656,34.80400085449219,24.584945678710938,5123000,CF,yfinance,2026-02-10T05:08:32.006375+00:00
2011-11-08,35.01599884033203,35.29800033569336,34.07600021362305,35.284000396728516,24.924015045166016,6315000,CF,yfinance,2026-02-10T05:08:32.006375+00:00
2011-11-09,34.099998474121094,34.582000732421875,33.104000091552734,33.215999603271484,23.516530990600586,10594000,CF,yfinance,2026-02-10T05:08:32.006375+00:00
2011-11-10,33.566001892089844,34.0,32.74399948120117,33.827999114990234,23.949817657470703,8393000,CF,yfinance,2026-02-10T05:08:32.006375+00:00
2011-11-11,34.15599822998047,34.71799850463867,33.99800109863281,34.52399826049805,24.442583084106445,5386500,CF,yfinance,2026-02-10T05:08:32.006375+00:00
2011-11-14,34.47800064086914,34.74800109863281,33.7400016784668,34.194000244140625,24.208940505981445,6025500,CF,yfinance,2026-02-10T05:08:32.006375+00:00
2011-11-15,34.13999938964844,34.61600112915039,33.900001525878906,33.902000427246094,24.002212524414062,6412000,CF,yfinance,2026-02-10T05:08:32.006375+00:00
2011-11-16,33.84000015258789,34.24399948120117,33.31800079345703,33.395999908447266,23.643972396850586,12391000,CF,yfinance,2026-02-10T05:08:32.006375+00:00
2011-11-17,32.65999984741211,32.667999267578125,29.31399917602539,29.63800048828125,20.983346939086914,30245000,CF,yfinance,2026-02-10T05:08:32.006375+00:00
2011-11-18,30.527999877929688,31.399999618530273,30.055999755859375,30.336000442504883,21.477521896362305,20740500,CF,yfinance,2026-02-10T05:08:32.006375+00:00
2011-11-21,29.49799919128418,30.305999755859375,29.200000762939453,29.8700008392334,21.147607803344727,10776500,CF,yfinance,2026-02-10T05:08:32.006375+00:00
2011-11-22,29.836000442504883,30.781999588012695,29.562000274658203,30.20400047302246,21.384077072143555,7523000,CF,yfinance,2026-02-10T05:08:32.006375+00:00
2011-11-23,29.82200050354004,30.1200008392334,28.742000579833984,28.959999084472656,20.503328323364258,9100000,CF,yfinance,2026-02-10T05:08:32.006375+00:00
2011-11-25,28.895999908447266,29.055999755859375,27.81999969482422,27.950000762939453,19.788265228271484,4914500,CF,yfinance,2026-02-10T05:08:32.006375+00:00
2011-11-28,29.288000106811523,29.54199981689453,29.02199935913086,29.20800018310547,20.678905487060547,9130500,CF,yfinance,2026-02-10T05:08:32.006375+00:00
2011-11-29,29.131999969482422,29.489999771118164,28.666000366210938,28.75200080871582,20.356067657470703,7687500,CF,yfinance,2026-02-10T05:08:32.006375+00:00
2011-11-30,29.49799919128418,29.558000564575195,27.621999740600586,27.959999084472656,19.79534149169922,18310000,CF,yfinance,2026-02-10T05:08:32.006375+00:00
2011-12-01,28.341999053955078,29.649999618530273,28.00200080871582,29.395999908447266,20.8120174407959,14084500,CF,yfinance,2026-02-10T05:08:32.006375+00:00
2011-12-02,29.804000854492188,29.808000564575195,27.780000686645508,28.145999908447266,19.927032470703125,13760500,CF,yfinance,2026-02-10T05:08:32.006375+00:00
2011-12-05,28.538000106811523,28.70599937438965,27.57200050354004,28.158000946044922,19.935522079467773,11911000,CF,yfinance,2026-02-10T05:08:32.006375+00:00
2011-12-06,28.865999221801758,29.68000030517578,28.775999069213867,29.36400032043457,20.78936195373535,12614500,CF,yfinance,2026-02-10T05:08:32.006375+00:00
2011-12-07,29.222000122070312,29.97800064086914,29.100000381469727,29.393999099731445,20.810598373413086,9680500,CF,yfinance,2026-02-10T05:08:32.006375+00:00
2011-12-08,29.118000030517578,29.187999725341797,28.20400047302246,28.38599967956543,20.096946716308594,8100500,CF,yfinance,2026-02-10T05:08:32.006375+00:00
2011-12-09,28.308000564575195,28.577999114990234,27.76799964904785,28.312000274658203,20.04454803466797,9790500,CF,yfinance,2026-02-10T05:08:32.006375+00:00
2011-12-12,27.871999740600586,28.062000274658203,27.445999145507812,27.8700008392334,19.731624603271484,8776000,CF,yfinance,2026-02-10T05:08:32.006375+00:00
2011-12-13,28.076000213623047,28.275999069213867,26.552000045776367,26.944000244140625,19.076032638549805,11453500,CF,yfinance,2026-02-10T05:08:32.006375+00:00
2011-12-14,26.854000091552734,26.913999557495117,25.875999450683594,25.993999481201172,18.403438568115234,10325000,CF,yfinance,2026-02-10T05:08:32.006375+00:00
2011-12-15,26.464000701904297,26.493999481201172,25.606000900268555,26.031999588012695,18.43034553527832,8423000,CF,yfinance,2026-02-10T05:08:32.006375+00:00
2011-12-16,26.158000946044922,26.450000762939453,25.881999969482422,25.97800064086914,18.39211082458496,10744000,CF,yfinance,2026-02-10T05:08:32.006375+00:00
2011-12-19,25.986000061035156,26.399999618530273,25.70199966430664,25.974000930786133,18.389278411865234,8103000,CF,yfinance,2026-02-10T05:08:32.006375+00:00
2011-12-20,26.615999221801758,27.695999145507812,26.554000854492188,27.586000442504883,19.53055763244629,8440000,CF,yfinance,2026-02-10T05:08:32.006375+00:00
2011-12-21,27.45400047302246,27.784000396728516,27.229999542236328,27.645999908447266,19.573040008544922,7507000,CF,yfinance,2026-02-10T05:08:32.006375+00:00
2011-12-22,27.81599998474121,28.75,27.802000045776367,28.54800033569336,20.211641311645508,7461000,CF,yfinance,2026-02-10T05:08:32.006375+00:00
2011-12-23,28.658000946044922,29.100000381469727,28.54800033569336,28.829999923706055,20.41128921508789,4522000,CF,yfinance,2026-02-10T05:08:32.006375+00:00
2011-12-27,28.860000610351562,29.308000564575195,28.402000427246094,29.16200065612793,20.64634132385254,5382000,CF,yfinance,2026-02-10T05:08:32.006375+00:00
2011-12-28,29.176000595092773,29.29800033569336,28.257999420166016,28.450000762939453,20.142261505126953,5157500,CF,yfinance,2026-02-10T05:08:32.006375+00:00
2011-12-29,27.856000900268555,28.937999725341797,27.799999237060547,28.79800033569336,20.388639450073242,6649000,CF,yfinance,2026-02-10T05:08:32.006375+00:00
2011-12-30,28.926000595092773,29.45800018310547,28.739999771118164,28.996000289916992,20.52881622314453,5118000,CF,yfinance,2026-02-10T05:08:32.006375+00:00
2012-01-03,29.916000366210938,30.892000198364258,29.916000366210938,30.761999130249023,21.779123306274414,9244500,CF,yfinance,2026-02-10T05:08:32.006375+00:00
2012-01-04,31.312000274658203,31.75,31.09000015258789,31.597999572753906,22.37100601196289,12630500,CF,yfinance,2026-02-10T05:08:32.006375+00:00
2012-01-05,31.496000289916992,32.27799987792969,31.365999221801758,31.93199920654297,22.607467651367188,11741000,CF,yfinance,2026-02-10T05:08:32.006375+00:00
2012-01-06,32.23400115966797,32.23400115966797,31.29400062561035,31.597999572753906,22.37100601196289,9818000,CF,yfinance,2026-02-10T05:08:32.006375+00:00
2012-01-09,31.857999801635742,32.04999923706055,31.601999282836914,31.959999084472656,22.62729263305664,7495000,CF,yfinance,2026-02-10T05:08:32.006375+00:00
2012-01-10,32.801998138427734,33.3380012512207,32.801998138427734,33.242000579833984,23.534936904907227,10012000,CF,yfinance,2026-02-10T05:08:32.006375+00:00
2012-01-11,33.08599853515625,33.534000396728516,32.45199966430664,33.43199920654297,23.669448852539062,9599500,CF,yfinance,2026-02-10T05:08:32.006375+00:00
2012-01-12,32.47999954223633,33.645999908447266,31.81800079345703,33.257999420166016,23.5462703704834,16276000,CF,yfinance,2026-02-10T05:08:32.006375+00:00
2012-01-13,32.9640007019043,34.540000915527344,32.74800109863281,34.5099983215332,24.432659149169922,13429000,CF,yfinance,2026-02-10T05:08:32.006375+00:00
2012-01-17,34.39799880981445,34.89799880981445,34.08399963378906,34.5359992980957,24.451068878173828,11405500,CF,yfinance,2026-02-10T05:08:32.006375+00:00
2012-01-18,34.444000244140625,35.04800033569336,33.29999923706055,33.55799865722656,23.758663177490234,15806500,CF,yfinance,2026-02-10T05:08:32.006375+00:00
2012-01-19,33.79399871826172,34.28799819946289,33.47200012207031,34.236000061035156,24.238672256469727,10312500,CF,yfinance,2026-02-10T05:08:32.006375+00:00
2012-01-20,34.215999603271484,35.52799987792969,34.13800048828125,35.097999572753906,24.848957061767578,12434000,CF,yfinance,2026-02-10T05:08:32.006375+00:00
2012-01-23,35.0,35.237998962402344,34.45000076293945,34.69599914550781,24.564355850219727,8554000,CF,yfinance,2026-02-10T05:08:32.006375+00:00
2012-01-24,34.358001708984375,34.566001892089844,33.599998474121094,34.47200012207031,24.40576171875,7207500,CF,yfinance,2026-02-10T05:08:32.006375+00:00
2012-01-25,34.444000244140625,36.34600067138672,34.25600051879883,36.21200180053711,25.637664794921875,14040000,CF,yfinance,2026-02-10T05:08:32.006375+00:00
2012-01-26,36.150001525878906,36.73400115966797,34.678001403808594,34.810001373291016,24.645065307617188,13136000,CF,yfinance,2026-02-10T05:08:32.006375+00:00
2012-01-27,34.56399917602539,36.332000732421875,34.56399917602539,35.917999267578125,25.429506301879883,9097000,CF,yfinance,2026-02-10T05:08:32.006375+00:00
2012-01-30,35.27000045776367,35.69599914550781,34.619998931884766,35.4119987487793,25.071271896362305,7066000,CF,yfinance,2026-02-10T05:08:32.006375+00:00
2012-01-31,35.99599838256836,36.27199935913086,34.90800094604492,35.47600173950195,25.116580963134766,8864500,CF,yfinance,2026-02-10T05:08:32.006375+00:00
2012-02-01,35.970001220703125,36.94200134277344,35.82600021362305,36.762001037597656,26.027055740356445,11831000,CF,yfinance,2026-02-10T05:08:32.006375+00:00
2012-02-02,36.79999923706055,37.130001068115234,36.41999816894531,36.459999084472656,25.813243865966797,6901000,CF,yfinance,2026-02-10T05:08:32.006375+00:00
2012-02-03,37.00600051879883,37.57400131225586,36.7239990234375,37.349998474121094,26.443355560302734,12004000,CF,yfinance,2026-02-10T05:08:32.006375+00:00
2012-02-06,37.27000045776367,37.70000076293945,36.900001525878906,37.48400115966797,26.538217544555664,8458500,CF,yfinance,2026-02-10T05:08:32.006375+00:00
2012-02-07,37.43199920654297,37.900001525878906,36.731998443603516,37.70000076293945,26.691150665283203,8964000,CF,yfinance,2026-02-10T05:08:32.006375+00:00
2012-02-08,38.00600051879883,38.47999954223633,37.40800094604492,37.902000427246094,26.834163665771484,8640500,CF,yfinance,2026-02-10T05:08:32.006375+00:00
2012-02-09,38.06399917602539,38.47200012207031,37.077999114990234,37.145999908447266,26.298925399780273,12162000,CF,yfinance,2026-02-10T05:08:32.006375+00:00
2012-02-10,36.41400146484375,36.50600051879883,35.90599822998047,36.029998779296875,25.56386375427246,9082500,CF,yfinance,2026-02-10T05:08:32.006375+00:00
2012-02-13,36.50199890136719,36.88399887084961,36.0620002746582,36.46200180053711,25.870376586914062,7692000,CF,yfinance,2026-02-10T05:08:32.006375+00:00
2012-02-14,36.40800094604492,36.444000244140625,35.25400161743164,35.58000183105469,25.244577407836914,10221500,CF,yfinance,2026-02-10T05:08:32.006375+00:00
2012-02-15,35.70199966430664,36.16600036621094,35.41400146484375,35.83599853515625,25.426212310791016,10935500,CF,yfinance,2026-02-10T05:08:32.006375+00:00
2012-02-16,35.827999114990234,36.15599822998047,34.52000045776367,35.178001403808594,24.9593563079834,16774000,CF,yfinance,2026-02-10T05:08:32.006375+00:00
2012-02-17,35.513999938964844,35.89400100708008,35.0,35.768001556396484,25.377967834472656,8556500,CF,yfinance,2026-02-10T05:08:32.006375+00:00
2012-02-21,35.86800003051758,37.582000732421875,35.85200119018555,36.86000061035156,26.15276336669922,10964000,CF,yfinance,2026-02-10T05:08:32.006375+00:00
2012-02-22,36.757999420166016,37.650001525878906,36.757999420166016,37.20800018310547,26.399669647216797,6795000,CF,yfinance,2026-02-10T05:08:32.006375+00:00
2012-02-23,37.11600112915039,37.891998291015625,36.400001525878906,37.4640007019043,26.581310272216797,9543500,CF,yfinance,2026-02-10T05:08:32.006375+00:00
2012-02-24,37.45600128173828,37.65999984741211,36.71799850463867,36.7760009765625,26.09316062927246,5951000,CF,yfinance,2026-02-10T05:08:32.006375+00:00
2012-02-27,36.56999969482422,37.95800018310547,36.25,37.82600021362305,26.83814239501953,9697000,CF,yfinance,2026-02-10T05:08:32.006375+00:00
2012-02-28,37.902000427246094,39.09600067138672,37.7760009765625,38.3120002746582,27.1829833984375,12929000,CF,yfinance,2026-02-10T05:08:32.006375+00:00
2012-02-29,38.53799819946289,38.69200134277344,36.95000076293945,37.20000076293945,26.39398956298828,13543000,CF,yfinance,2026-02-10T05:08:32.006375+00:00
2012-03-01,37.86399841308594,37.94200134277344,36.97999954223633,37.84600067138672,26.852346420288086,8942500,CF,yfinance,2026-02-10T05:08:32.006375+00:00
2012-03-02,37.70399856567383,38.400001525878906,37.36399841308594,37.650001525878906,26.713285446166992,7566500,CF,yfinance,2026-02-10T05:08:32.006375+00:00
2012-03-05,36.939998626708984,37.15999984741211,35.2400016784668,35.59600067138672,25.255935668945312,15667000,CF,yfinance,2026-02-10T05:08:32.006375+00:00
2012-03-06,34.84000015258789,34.95000076293945,33.66999816894531,33.79399871826172,23.977386474609375,16498500,CF,yfinance,2026-02-10T05:08:32.006375+00:00
2012-03-07,34.40800094604492,35.52000045776367,34.13600158691406,35.167999267578125,24.952260971069336,12469000,CF,yfinance,2026-02-10T05:08:32.006375+00:00
2012-03-08,35.900001525878906,36.70000076293945,35.59000015258789,36.599998474121094,25.96828842163086,10796000,CF,yfinance,2026-02-10T05:08:32.006375+00:00
2012-03-09,36.57600021362305,36.832000732421875,35.625999450683594,35.74599838256836,25.362354278564453,9707000,CF,yfinance,2026-02-10T05:08:32.006375+00:00
2012-03-12,35.69599914550781,36.50199890136719,35.69599914550781,36.0,25.542577743530273,7742000,CF,yfinance,2026-02-10T05:08:32.006375+00:00
2012-03-13,36.41999816894531,36.58599853515625,35.61600112915039,36.05400085449219,25.580896377563477,8057000,CF,yfinance,2026-02-10T05:08:32.006375+00:00
2012-03-14,35.917999267578125,36.374000549316406,35.67399978637695,36.29999923706055,25.75543785095215,6978500,CF,yfinance,2026-02-10T05:08:32.006375+00:00
2012-03-15,36.448001861572266,36.79999923706055,36.02000045776367,36.22999954223633,25.705774307250977,6130500,CF,yfinance,2026-02-10T05:08:32.006375+00:00
2012-03-16,36.465999603271484,37.31999969482422,36.400001525878906,36.84199905395508,26.13998794555664,10972500,CF,yfinance,2026-02-10T05:08:32.006375+00:00
2012-03-19,37.02199935913086,37.45199966430664,36.59000015258789,36.63399887084961,25.992414474487305,7211000,CF,yfinance,2026-02-10T05:08:32.006375+00:00
2012-03-20,36.922000885009766,37.439998626708984,36.34000015258789,36.79800033569336,26.108768463134766,9910500,CF,yfinance,2026-02-10T05:08:32.006375+00:00
2012-03-21,36.91999816894531,37.33399963378906,36.60599899291992,37.20800018310547,26.399669647216797,6113500,CF,yfinance,2026-02-10T05:08:32.006375+00:00
2012-03-22,36.79999923706055,37.26599884033203,36.15999984741211,36.487998962402344,25.88882064819336,7281000,CF,yfinance,2026-02-10T05:08:32.006375+00:00
2012-03-23,36.981998443603516,37.86000061035156,36.77000045776367,37.75199890136719,26.7856502532959,10601500,CF,yfinance,2026-02-10T05:08:32.006375+00:00
2012-03-26,38.0099983215332,38.27799987792969,37.11800003051758,37.60599899291992,26.68206214904785,9769500,CF,yfinance,2026-02-10T05:08:32.006375+00:00
2012-03-27,37.650001525878906,38.27799987792969,37.45000076293945,37.50600051879883,26.611112594604492,7263500,CF,yfinance,2026-02-10T05:08:32.006375+00:00
2012-03-28,37.56399917602539,37.582000732421875,36.013999938964844,36.624000549316406,25.98531723022461,8399000,CF,yfinance,2026-02-10T05:08:32.006375+00:00
2012-03-29,36.2859992980957,36.45000076293945,35.0359992980957,35.900001525878906,25.47163200378418,13241000,CF,yfinance,2026-02-10T05:08:32.006375+00:00
2012-03-30,36.58599853515625,36.9640007019043,36.051998138427734,36.529998779296875,25.918615341186523,9451000,CF,yfinance,2026-02-10T05:08:32.006375+00:00
2012-04-02,36.63999938964844,37.65599822998047,36.33000183105469,37.55799865722656,26.648006439208984,7546500,CF,yfinance,2026-02-10T05:08:32.006375+00:00
2012-04-03,37.58599853515625,37.95600128173828,37.23400115966797,37.65599822998047,26.71754264831543,7662500,CF,yfinance,2026-02-10T05:08:32.006375+00:00
2012-04-04,37.18600082397461,37.737998962402344,37.02399826049805,37.41999816894531,26.550085067749023,7704000,CF,yfinance,2026-02-10T05:08:32.006375+00:00
2012-04-05,37.4640007019043,37.987998962402344,37.013999938964844,37.327999114990234,26.484817504882812,6170000,CF,yfinance,2026-02-10T05:08:32.006375+00:00
2012-04-09,36.63800048828125,37.12799835205078,36.349998474121094,36.54800033569336,25.9313907623291,6197000,CF,yfinance,2026-02-10T05:08:32.006375+00:00
2012-04-10,36.301998138427734,36.75,35.63800048828125,35.80799865722656,25.406347274780273,8053000,CF,yfinance,2026-02-10T05:08:32.006375+00:00
2012-04-11,36.33399963378906,36.84000015258789,36.2760009765625,36.369998931884766,25.805103302001953,6962500,CF,yfinance,2026-02-10T05:08:32.006375+00:00
2012-04-12,36.55799865722656,38.099998474121094,36.46799850463867,37.77799987792969,26.804094314575195,8651500,CF,yfinance,2026-02-10T05:08:32.006375+00:00
2012-04-13,37.77000045776367,38.18000030517578,37.11000061035156,37.25,26.42947006225586,8254500,CF,yfinance,2026-02-10T05:08:32.006375+00:00
2012-04-16,37.439998626708984,37.79399871826172,36.33000183105469,36.555999755859375,25.937070846557617,7831500,CF,yfinance,2026-02-10T05:08:32.006375+00:00
2012-04-17,36.79399871826172,37.54999923706055,36.5,37.349998474121094,26.500429153442383,5731500,CF,yfinance,2026-02-10T05:08:32.006375+00:00
2012-04-18,37.060001373291016,37.965999603271484,36.917999267578125,37.25400161743164,26.43231201171875,8351000,CF,yfinance,2026-02-10T05:08:32.006375+00:00
2012-04-19,37.35599899291992,37.67599868774414,36.82600021362305,37.15999984741211,26.36562156677246,4456000,CF,yfinance,2026-02-10T05:08:32.006375+00:00
2012-04-20,37.290000915527344,37.715999603271484,37.20800018310547,37.33399963378906,26.489072799682617,4301500,CF,yfinance,2026-02-10T05:08:32.006375+00:00
2012-04-23,36.79999923706055,37.097999572753906,35.94200134277344,36.46200180053711,25.870376586914062,7323000,CF,yfinance,2026-02-10T05:08:32.006375+00:00
2012-04-24,36.42599868774414,36.9379997253418,36.10200119018555,36.279998779296875,25.741249084472656,6243000,CF,yfinance,2026-02-10T05:08:32.006375+00:00
2012-04-25,37.22600173950195,38.470001220703125,37.0260009765625,38.448001861572266,27.279476165771484,10589500,CF,yfinance,2026-02-10T05:08:32.006375+00:00
2012-04-26,38.25,39.05799865722656,37.88800048828125,38.597999572753906,27.385900497436523,9908000,CF,yfinance,2026-02-10T05:08:32.006375+00:00
2012-04-27,38.76599884033203,39.87799835205078,38.57600021362305,39.59400177001953,28.092571258544922,10014500,CF,yfinance,2026-02-10T05:08:32.006375+00:00
2012-04-30,39.55799865722656,39.736000061035156,38.54600143432617,38.61199951171875,27.395841598510742,7803500,CF,yfinance,2026-02-10T05:08:32.006375+00:00
2012-05-01,38.61600112915039,39.374000549316406,38.172000885009766,39.04199981689453,27.700925827026367,8024000,CF,yfinance,2026-02-10T05:08:32.006375+00:00
2012-05-02,39.50199890136719,40.24800109863281,39.24800109863281,40.0260009765625,28.399089813232422,11891000,CF,yfinance,2026-02-10T05:08:32.006375+00:00
2012-05-03,40.20199966430664,40.66400146484375,38.959999084472656,39.49599838256836,28.02304458618164,11698000,CF,yfinance,2026-02-10T05:08:32.006375+00:00
2012-05-04,38.847999572753906,38.98400115966797,36.321998596191406,36.78200149536133,26.097421646118164,19186500,CF,yfinance,2026-02-10T05:08:32.006375+00:00
2012-05-07,36.1619987487793,37.47200012207031,36.066001892089844,36.78200149536133,26.097421646118164,9500000,CF,yfinance,2026-02-10T05:08:32.006375+00:00
2012-05-08,36.45800018310547,36.652000427246094,35.49399948120117,36.58000183105469,25.95408821105957,10623000,CF,yfinance,2026-02-10T05:08:32.006375+00:00
2012-05-09,35.05799865722656,35.90599822998047,34.70000076293945,35.03799819946289,24.860023498535156,11982500,CF,yfinance,2026-02-10T05:08:32.006375+00:00
2012-05-10,35.513999938964844,35.54600143432617,34.24599838256836,34.433998107910156,24.43146514892578,10419500,CF,yfinance,2026-02-10T05:08:32.006375+00:00
2012-05-11,34.07400131225586,34.88999938964844,33.619998931884766,34.43600082397461,24.489788055419922,8198500,CF,yfinance,2026-02-10T05:08:32.006375+00:00
2012-05-14,33.79600143432617,33.92399978637695,33.13999938964844,33.15599822998047,23.579492568969727,9742500,CF,yfinance,2026-02-10T05:08:32.006375+00:00
2012-05-15,33.391998291015625,33.70000076293945,32.604000091552734,32.71200180053711,23.26373863220215,7894000,CF,yfinance,2026-02-10T05:08:32.006375+00:00
2012-05-16,32.88800048828125,33.301998138427734,31.90999984741211,32.10599899291992,22.832765579223633,8395500,CF,yfinance,2026-02-10T05:08:32.006375+00:00
2012-05-17,32.36199951171875,32.551998138427734,30.833999633789062,30.850000381469727,21.939542770385742,12876000,CF,yfinance,2026-02-10T05:08:32.006375+00:00
2012-05-18,31.134000778198242,32.06800079345703,31.054000854492188,31.402000427246094,22.33210563659668,10754500,CF,yfinance,2026-02-10T05:08:32.006375+00:00
2012-05-21,31.323999404907227,33.31399917602539,31.323999404907227,33.22999954223633,23.63212776184082,9178000,CF,yfinance,2026-02-10T05:08:32.006375+00:00
2012-05-22,33.42599868774414,33.42599868774414,32.08399963378906,32.29600143432617,22.9678955078125,10864500,CF,yfinance,2026-02-10T05:08:32.006375+00:00
2012-05-23,31.959999084472656,33.56800079345703,31.784000396728516,33.4640007019043,23.79853630065918,8844500,CF,yfinance,2026-02-10T05:08:32.006375+00:00
2012-05-24,33.67599868774414,34.35599899291992,33.04199981689453,33.61600112915039,23.906635284423828,9899000,CF,yfinance,2026-02-10T05:08:32.006375+00:00
2012-05-25,33.599998474121094,33.88800048828125,33.03799819946289,33.3120002746582,23.69043731689453,6077500,CF,yfinance,2026-02-10T05:08:32.006375+00:00
2012-05-29,33.698001861572266,34.7599983215332,33.6879997253418,34.63999938964844,24.634868621826172,7242000,CF,yfinance,2026-02-10T05:08:32.006375+00:00
2012-05-30,34.16999816894531,34.88199996948242,33.86600112915039,34.51599884033203,24.546688079833984,8409500,CF,yfinance,2026-02-10T05:08:32.006375+00:00
2012-05-31,34.428001403808594,34.56399917602539,33.80400085449219,34.19200134277344,24.316272735595703,7319500,CF,yfinance,2026-02-10T05:08:32.006375+00:00
2012-06-01,33.20800018310547,33.52000045776367,32.14400100708008,32.417999267578125,23.054655075073242,9137000,CF,yfinance,2026-02-10T05:08:32.006375+00:00
2012-06-04,32.624000549316406,32.73400115966797,31.32200050354004,31.950000762939453,22.72183609008789,7351500,CF,yfinance,2026-02-10T05:08:32.006375+00:00
2012-06-05,31.804000854492188,33.52000045776367,31.804000854492188,33.36800003051758,23.73026466369629,6859000,CF,yfinance,2026-02-10T05:08:32.006375+00:00
2012-06-06,33.81999969482422,34.215999603271484,33.68600082397461,33.784000396728516,24.026111602783203,6429000,CF,yfinance,2026-02-10T05:08:32.006375+00:00
2012-06-07,34.48400115966797,34.53799819946289,33.15999984741211,33.27000045776367,23.660566329956055,7134000,CF,yfinance,2026-02-10T05:08:32.006375+00:00
2012-06-08,33.236000061035156,34.104000091552734,32.84000015258789,34.104000091552734,24.25368309020996,5424000,CF,yfinance,2026-02-10T05:08:32.006375+00:00
2012-06-11,34.70199966430664,34.757999420166016,33.263999938964844,33.284000396728516,23.670522689819336,5418000,CF,yfinance,2026-02-10T05:08:32.006375+00:00
2012-06-12,33.63600158691406,33.900001525878906,33.15999984741211,33.74800109863281,24.000505447387695,4728000,CF,yfinance,2026-02-10T05:08:32.006375+00:00
2012-06-13,33.667999267578125,33.667999267578125,32.56399917602539,32.827999114990234,23.346229553222656,6099500,CF,yfinance,2026-02-10T05:08:32.006375+00:00
2012-06-14,32.858001708984375,33.08000183105469,32.375999450683594,32.762001037597656,23.29929542541504,4299000,CF,yfinance,2026-02-10T05:08:32.006375+00:00
2012-06-15,32.90399932861328,33.11199951171875,32.428001403808594,33.02199935913086,23.48419952392578,4717500,CF,yfinance,2026-02-10T05:08:32.006375+00:00
2012-06-18,32.82400131225586,34.33000183105469,32.82400131225586,34.18199920654297,24.309160232543945,5705500,CF,yfinance,2026-02-10T05:08:32.006375+00:00
2012-06-19,34.560001373291016,36.18199920654297,34.555999755859375,36.172000885009766,25.7243709564209,11775500,CF,yfinance,2026-02-10T05:08:32.006375+00:00
2012-06-20,36.19599914550781,36.28799819946289,35.37799835205078,35.891998291015625,25.525243759155273,7205000,CF,yfinance,2026-02-10T05:08:32.006375+00:00
2012-06-21,35.92399978637695,36.04999923706055,34.880001068115234,35.01599884033203,24.902267456054688,4247500,CF,yfinance,2026-02-10T05:08:32.006375+00:00
2012-06-22,35.2239990234375,35.7599983215332,35.11199951171875,35.53799819946289,25.273496627807617,8324500,CF,yfinance,2026-02-10T05:08:32.006375+00:00
2012-06-25,36.007999420166016,37.15599822998047,35.902000427246094,36.731998443603516,26.122634887695312,9535500,CF,yfinance,2026-02-10T05:08:32.006375+00:00
2012-06-26,37.104000091552734,38.150001525878906,37.040000915527344,37.7859992980957,26.87220573425293,10385000,CF,yfinance,2026-02-10T05:08:32.006375+00:00
2012-06-27,38.119998931884766,38.79999923706055,37.70800018310547,38.077999114990234,27.07986831665039,9526000,CF,yfinance,2026-02-10T05:08:32.006375+00:00
2012-06-28,37.375999450683594,38.0620002746582,37.178001403808594,38.007999420166016,27.03008460998535,6864000,CF,yfinance,2026-02-10T05:08:32.006375+00:00
2012-06-29,39.124000549316406,39.15999984741211,38.30400085449219,38.74800109863281,27.55634880065918,7836000,CF,yfinance,2026-02-10T05:08:32.006375+00:00
2012-07-02,39.152000427246094,39.34199905395508,38.310001373291016,38.6879997253418,27.513687133789062,4511000,CF,yfinance,2026-02-10T05:08:32.006375+00:00
2012-07-03,38.88399887084961,39.9900016784668,38.88399887084961,39.869998931884766,28.35428237915039,5408500,CF,yfinance,2026-02-10T05:08:32.006375+00:00
2012-07-05,39.8120002746582,40.465999603271484,39.448001861572266,39.95199966430664,28.41259765625,6126000,CF,yfinance,2026-02-10T05:08:32.006375+00:00
2012-07-06,39.36199951171875,39.540000915527344,38.939998626708984,39.23400115966797,27.90196990966797,4816000,CF,yfinance,2026-02-10T05:08:32.006375+00:00
2012-07-09,39.599998474121094,39.85200119018555,38.95399856567383,39.130001068115234,27.82801628112793,5185500,CF,yfinance,2026-02-10T05:08:32.006375+00:00
2012-07-10,39.26599884033203,39.36800003051758,38.02000045776367,38.194000244140625,27.162363052368164,5317500,CF,yfinance,2026-02-10T05:08:32.006375+00:00
2012-07-11,39.20000076293945,39.50400161743164,38.30799865722656,38.9379997253418,27.69146728515625,9862000,CF,yfinance,2026-02-10T05:08:32.006375+00:00
2012-07-12,38.62200164794922,38.96200180053711,38.03200149536133,38.698001861572266,27.52079200744629,6614000,CF,yfinance,2026-02-10T05:08:32.006375+00:00
2012-07-13,38.83399963378906,39.29999923706055,38.5099983215332,39.040000915527344,27.764009475708008,5044500,CF,yfinance,2026-02-10T05:08:32.006375+00:00
2012-07-16,38.86600112915039,40.06999969482422,38.599998474121094,39.72999954223633,28.254724502563477,7034000,CF,yfinance,2026-02-10T05:08:32.006375+00:00
2012-07-17,39.97600173950195,41.02199935913086,39.97600173950195,40.72800064086914,28.9644718170166,9860000,CF,yfinance,2026-02-10T05:08:32.006375+00:00
2012-07-18,41.13600158691406,41.68600082397461,40.869998931884766,41.24399948120117,29.331430435180664,8133500,CF,yfinance,2026-02-10T05:08:32.006375+00:00
2012-07-19,41.194000244140625,41.22200012207031,40.45000076293945,40.72999954223633,28.965877532958984,5322000,CF,yfinance,2026-02-10T05:08:32.006375+00:00
2012-07-20,40.29800033569336,40.948001861572266,39.79999923706055,40.55400085449219,28.84071922302246,6477000,CF,yfinance,2026-02-10T05:08:32.006375+00:00
2012-07-23,39.625999450683594,40.20600128173828,39.236000061035156,39.5880012512207,28.153728485107422,6257500,CF,yfinance,2026-02-10T05:08:32.006375+00:00
2012-07-24,39.7400016784668,40.0,38.27399826049805,38.79399871826172,27.589069366455078,8485000,CF,yfinance,2026-02-10T05:08:32.006375+00:00
2012-07-25,39.13999938964844,39.34000015258789,38.23400115966797,39.11800003051758,27.819473266601562,6127000,CF,yfinance,2026-02-10T05:08:32.006375+00:00
2012-07-26,39.41999816894531,39.720001220703125,38.439998626708984,38.92399978637695,27.681514739990234,6254500,CF,yfinance,2026-02-10T05:08:32.006375+00:00
2012-07-27,39.34600067138672,40.2400016784668,38.99599838256836,40.05799865722656,28.48798370361328,6388500,CF,yfinance,2026-02-10T05:08:32.006375+00:00
2012-07-30,40.14799880981445,40.17599868774414,39.347999572753906,39.5,28.091154098510742,4470000,CF,yfinance,2026-02-10T05:08:32.006375+00:00
2012-07-31,39.64400100708008,39.762001037597656,38.986000061035156,39.152000427246094,27.843652725219727,5781500,CF,yfinance,2026-02-10T05:08:32.006375+00:00
2012-08-01,39.45800018310547,39.67399978637695,38.900001525878906,38.92399978637695,27.681514739990234,4405500,CF,yfinance,2026-02-10T05:08:32.006375+00:00
2012-08-02,38.46200180053711,39.31999969482422,38.17599868774414,38.87799835205078,27.64879608154297,5628500,CF,yfinance,2026-02-10T05:08:32.006375+00:00
2012-08-03,40.12799835205078,41.02199935913086,40.00600051879883,40.40399932861328,28.734045028686523,9359500,CF,yfinance,2026-02-10T05:08:32.006375+00:00
2012-08-06,40.742000579833984,40.89799880981445,39.72200012207031,40.69200134277344,28.938861846923828,7447500,CF,yfinance,2026-02-10T05:08:32.006375+00:00
2012-08-07,40.54199981689453,41.53200149536133,39.992000579833984,41.2140007019043,29.31008529663086,12021000,CF,yfinance,2026-02-10T05:08:32.006375+00:00
2012-08-08,41.150001525878906,42.25,40.97600173950195,41.486000061035156,29.50351905822754,7572000,CF,yfinance,2026-02-10T05:08:32.006375+00:00
2012-08-09,41.28200149536133,43.0359992980957,41.220001220703125,42.571998596191406,30.275856018066406,8576000,CF,yfinance,2026-02-10T05:08:32.006375+00:00
2012-08-10,42.40399932861328,42.52000045776367,41.32400131225586,41.59000015258789,29.633180618286133,8698000,CF,yfinance,2026-02-10T05:08:32.006375+00:00
2012-08-13,41.95399856567383,42.055999755859375,41.33599853515625,41.74399948120117,29.742895126342773,5535500,CF,yfinance,2026-02-10T05:08:32.006375+00:00
2012-08-14,42.040000915527344,42.2400016784668,41.5260009765625,41.62200164794922,29.655977249145508,4484000,CF,yfinance,2026-02-10T05:08:32.006375+00:00
2012-08-15,41.736000061035156,42.33599853515625,41.54399871826172,42.30400085449219,30.14190673828125,4752500,CF,yfinance,2026-02-10T05:08:32.006375+00:00
2012-08-16,42.29800033569336,43.369998931884766,42.11600112915039,43.21799850463867,30.79313850402832,6517500,CF,yfinance,2026-02-10T05:08:32.006375+00:00
2012-08-17,43.27199935913086,43.49599838256836,43.08399963378906,43.32600021362305,30.87009048461914,4126500,CF,yfinance,2026-02-10T05:08:32.006375+00:00
2012-08-20,43.29999923706055,43.650001525878906,42.59000015258789,43.11600112915039,30.720455169677734,5050500,CF,yfinance,2026-02-10T05:08:32.006375+00:00
2012-08-21,43.007999420166016,43.36000061035156,42.099998474121094,42.279998779296875,30.124797821044922,4659000,CF,yfinance,2026-02-10T05:08:32.006375+00:00
2012-08-22,42.25400161743164,42.7599983215332,41.8120002746582,42.7599983215332,30.4668025970459,3584000,CF,yfinance,2026-02-10T05:08:32.006375+00:00
2012-08-23,42.5099983215332,42.60200119018555,41.25600051879883,41.34600067138672,29.459325790405273,5011000,CF,yfinance,2026-02-10T05:08:32.006375+00:00
2012-08-24,41.41600036621094,41.77799987792969,41.13199996948242,41.518001556396484,29.58186912536621,4541500,CF,yfinance,2026-02-10T05:08:32.006375+00:00
2012-08-27,41.52399826049805,41.52399826049805,41.055999755859375,41.1879997253418,29.346750259399414,2724000,CF,yfinance,2026-02-10T05:08:32.006375+00:00
2012-08-28,41.0,41.52399826049805,40.875999450683594,41.36000061035156,29.46929359436035,3799000,CF,yfinance,2026-02-10T05:08:32.006375+00:00
2012-08-29,41.5359992980957,41.597999572753906,40.96200180053711,41.5,29.569034576416016,4152500,CF,yfinance,2026-02-10T05:08:32.006375+00:00
2012-08-30,41.4379997253418,41.4379997253418,40.4900016784668,40.71200180053711,29.00759506225586,2829500,CF,yfinance,2026-02-10T05:08:32.006375+00:00
2012-08-31,41.08000183105469,41.65399932861328,40.625999450683594,41.402000427246094,29.49922752380371,3456000,CF,yfinance,2026-02-10T05:08:32.006375+00:00
2012-09-04,41.36600112915039,41.827999114990234,40.513999938964844,40.95000076293945,29.177165985107422,4803500,CF,yfinance,2026-02-10T05:08:32.006375+00:00
2012-09-05,41.38800048828125,41.79199981689453,40.63199996948242,41.652000427246094,29.67734718322754,4859500,CF,yfinance,2026-02-10T05:08:32.006375+00:00
2012-09-06,42.00199890136719,42.66999816894531,41.80799865722656,42.57600021362305,30.33570098876953,4576500,CF,yfinance,2026-02-10T05:08:32.006375+00:00
2012-09-07,42.64400100708008,43.26599884033203,42.64400100708008,42.99399948120117,30.633527755737305,4164500,CF,yfinance,2026-02-10T05:08:32.006375+00:00
2012-09-10,43.301998138427734,43.301998138427734,42.43000030517578,42.43000030517578,30.231678009033203,3828000,CF,yfinance,2026-02-10T05:08:32.006375+00:00
2012-09-11,42.400001525878906,42.97600173950195,42.2239990234375,42.257999420166016,30.109119415283203,4228000,CF,yfinance,2026-02-10T05:08:32.006375+00:00
2012-09-12,41.81800079345703,43.41999816894531,41.81800079345703,42.917999267578125,30.579383850097656,7160500,CF,yfinance,2026-02-10T05:08:32.006375+00:00
2012-09-13,42.99800109863281,44.35200119018555,42.61600112915039,44.09000015258789,31.4144344329834,6150000,CF,yfinance,2026-02-10T05:08:32.006375+00:00
2012-09-14,45.02000045776367,45.597999572753906,44.36399841308594,44.737998962402344,31.876148223876953,7374500,CF,yfinance,2026-02-10T05:08:32.006375+00:00
2012-09-17,44.369998931884766,44.369998931884766,43.667999267578125,44.082000732421875,31.40874481201172,4473000,CF,yfinance,2026-02-10T05:08:32.006375+00:00
2012-09-18,44.10599899291992,44.599998474121094,43.481998443603516,43.96200180053711,31.323251724243164,3919000,CF,yfinance,2026-02-10T05:08:32.006375+00:00
2012-09-19,44.00199890136719,44.81399917602539,44.00199890136719,44.56399917602539,31.752180099487305,5435500,CF,yfinance,2026-02-10T05:08:32.006375+00:00
2012-09-20,44.29199981689453,44.354000091552734,43.22200012207031,43.986000061035156,31.340347290039062,6714500,CF,yfinance,2026-02-10T05:08:32.006375+00:00
2012-09-21,44.32600021362305,44.400001525878906,43.650001525878906,43.7400016784668,31.165056228637695,4856000,CF,yfinance,2026-02-10T05:08:32.006375+00:00
2012-09-24,43.22200012207031,43.70000076293945,43.22200012207031,43.35599899291992,30.891448974609375,2839500,CF,yfinance,2026-02-10T05:08:32.006375+00:00
2012-09-25,43.444000244140625,43.75,42.79800033569336,42.827999114990234,30.51525115966797,4277500,CF,yfinance,2026-02-10T05:08:32.006375+00:00
2012-09-26,42.869998931884766,43.422000885009766,42.619998931884766,43.18000030517578,30.76605796813965,3967500,CF,yfinance,2026-02-10T05:08:32.006375+00:00
2012-09-27,43.57600021362305,44.13399887084961,43.31800079345703,44.02399826049805,31.367414474487305,3731000,CF,yfinance,2026-02-10T05:08:32.006375+00:00
2012-09-28,44.06999969482422,44.5880012512207,44.02000045776367,44.448001861572266,31.669519424438477,6344000,CF,yfinance,2026-02-10T05:08:32.006375+00:00
2012-10-01,44.608001708984375,45.29999923706055,44.58000183105469,44.902000427246094,31.992992401123047,4890000,CF,yfinance,2026-02-10T05:08:32.006375+00:00
2012-10-02,44.625999450683594,44.88800048828125,43.965999603271484,44.40399932861328,31.638164520263672,5485500,CF,yfinance,2026-02-10T05:08:32.006375+00:00
2012-10-03,44.108001708984375,44.380001068115234,43.6619987487793,43.99599838256836,31.347469329833984,5138000,CF,yfinance,2026-02-10T05:08:32.006375+00:00
2012-10-04,44.15399932861328,44.72999954223633,44.02399826049805,44.720001220703125,31.86332130432129,3842000,CF,yfinance,2026-02-10T05:08:32.006375+00:00
2012-10-05,45.03200149536133,45.11000061035156,44.13199996948242,44.38399887084961,31.623926162719727,3586500,CF,yfinance,2026-02-10T05:08:32.006375+00:00
2012-10-08,44.15399932861328,44.22999954223633,43.459999084472656,43.63399887084961,31.08953094482422,3769500,CF,yfinance,2026-02-10T05:08:32.006375+00:00
2012-10-09,43.49599838256836,44.104000091552734,43.30799865722656,43.63399887084961,31.08953094482422,3921000,CF,yfinance,2026-02-10T05:08:32.006375+00:00
2012-10-10,43.4379997253418,43.694000244140625,42.63399887084961,42.72999954223633,30.445423126220703,5349000,CF,yfinance,2026-02-10T05:08:32.006375+00:00
2012-10-11,43.150001525878906,43.986000061035156,42.92599868774414,42.95600128173828,30.6064510345459,5940500,CF,yfinance,2026-02-10T05:08:32.006375+00:00
2012-10-12,43.082000732421875,43.10599899291992,42.0099983215332,42.10200119018555,29.99797821044922,4557500,CF,yfinance,2026-02-10T05:08:32.006375+00:00
2012-10-15,41.400001525878906,42.018001556396484,41.310001373291016,41.95399856567383,29.89252471923828,3792000,CF,yfinance,2026-02-10T05:08:32.006375+00:00
2012-10-16,42.18600082397461,43.0620002746582,42.04199981689453,42.652000427246094,30.389854431152344,4847000,CF,yfinance,2026-02-10T05:08:32.006375+00:00
2012-10-17,42.54999923706055,43.375999450683594,42.38999938964844,43.19200134277344,30.774616241455078,3227000,CF,yfinance,2026-02-10T05:08:32.006375+00:00
2012-10-18,42.965999603271484,43.060001373291016,42.15999984741211,42.31999969482422,30.153305053710938,4021500,CF,yfinance,2026-02-10T05:08:32.006375+00:00
2012-10-19,42.071998596191406,42.23400115966797,41.11199951171875,41.33599853515625,29.45220184326172,6944500,CF,yfinance,2026-02-10T05:08:32.006375+00:00
2012-10-22,41.08000183105469,41.97800064086914,41.08000183105469,41.9640007019043,29.8996524810791,4184500,CF,yfinance,2026-02-10T05:08:32.006375+00:00
2012-10-23,41.150001525878906,41.305999755859375,40.17399978637695,41.11000061035156,29.291175842285156,6074500,CF,yfinance,2026-02-10T05:08:32.006375+00:00
2012-10-24,41.40999984741211,41.540000915527344,40.88199996948242,41.0,29.212797164916992,4314500,CF,yfinance,2026-02-10T05:08:32.006375+00:00
2012-10-25,41.11800003051758,41.11800003051758,40.31399917602539,40.72200012207031,29.014713287353516,4154500,CF,yfinance,2026-02-10T05:08:32.006375+00:00
2012-10-26,40.832000732421875,41.20399856567383,40.40999984741211,40.9640007019043,29.187143325805664,2930000,CF,yfinance,2026-02-10T05:08:32.006375+00:00
2012-10-31,41.02199935913086,41.43199920654297,40.75400161743164,41.03799819946289,29.239864349365234,2908000,CF,yfinance,2026-02-10T05:08:32.006375+00:00
2012-11-01,41.125999450683594,42.20000076293945,40.98400115966797,42.17599868774414,30.050701141357422,4021500,CF,yfinance,2026-02-10T05:08:32.006375+00:00
2012-11-02,41.20000076293945,42.055999755859375,39.7140007019043,39.805999755859375,28.362062454223633,11445500,CF,yfinance,2026-02-10T05:08:32.006375+00:00
2012-11-05,39.624000549316406,41.29600143432617,39.624000549316406,41.09600067138672,29.28119468688965,6241500,CF,yfinance,2026-02-10T05:08:32.006375+00:00
2012-11-06,41.597999572753906,41.7599983215332,41.0,41.26599884033203,29.402320861816406,6785000,CF,yfinance,2026-02-10T05:08:32.006375+00:00
2012-11-07,40.58000183105469,40.79999923706055,40.0260009765625,40.39799880981445,28.783863067626953,4825000,CF,yfinance,2026-02-10T05:08:32.006375+00:00
2012-11-08,40.507999420166016,40.540000915527344,38.380001068115234,39.150001525878906,27.894670486450195,8141500,CF,yfinance,2026-02-10T05:08:32.006375+00:00
2012-11-09,38.784000396728516,39.93600082397461,38.56399917602539,39.20800018310547,27.935977935791016,4387000,CF,yfinance,2026-02-10T05:08:32.006375+00:00
2012-11-12,39.375999450683594,39.736000061035156,39.11000061035156,39.439998626708984,28.101274490356445,3561000,CF,yfinance,2026-02-10T05:08:32.006375+00:00
2012-11-13,39.24399948120117,39.987998962402344,39.11199951171875,39.45399856567383,28.111255645751953,4918500,CF,yfinance,2026-02-10T05:08:32.006375+00:00
2012-11-14,38.99399948120117,39.92399978637695,38.92599868774414,39.04800033569336,27.878507614135742,4256000,CF,yfinance,2026-02-10T05:08:32.006375+00:00
2012-11-15,39.17599868774414,39.667999267578125,38.61600112915039,38.959999084472656,27.815677642822266,5145500,CF,yfinance,2026-02-10T05:08:32.006375+00:00
2012-11-16,39.18600082397461,39.50400161743164,38.869998931884766,39.11600112915039,27.927064895629883,5038000,CF,yfinance,2026-02-10T05:08:32.006375+00:00
2012-11-19,39.79800033569336,40.78200149536133,39.534000396728516,40.72999954223633,29.079376220703125,5539500,CF,yfinance,2026-02-10T05:08:32.006375+00:00
2012-11-20,40.560001373291016,41.439998626708984,40.358001708984375,41.16400146484375,29.38924217224121,4277500,CF,yfinance,2026-02-10T05:08:32.006375+00:00
2012-11-21,40.94200134277344,41.52799987792969,40.84000015258789,41.45000076293945,29.593416213989258,3092000,CF,yfinance,2026-02-10T05:08:32.006375+00:00
2012-11-23,41.762001037597656,42.034000396728516,41.652000427246094,42.02399826049805,30.003246307373047,1976000,CF,yfinance,2026-02-10T05:08:32.006375+00:00
2012-11-26,41.94599914550781,41.95800018310547,41.01599884033203,41.67599868774414,29.754776000976562,2945000,CF,yfinance,2026-02-10T05:08:32.006375+00:00
2012-11-27,41.73400115966797,42.082000732421875,41.551998138427734,41.65800094604492,29.741947174072266,3350500,CF,yfinance,2026-02-10T05:08:32.006375+00:00
2012-11-28,41.20000076293945,41.784000396728516,40.84400177001953,41.70800018310547,29.777624130249023,3465500,CF,yfinance,2026-02-10T05:08:32.006375+00:00
2012-11-29,42.02199935913086,42.95000076293945,41.99399948120117,42.65999984741211,30.45731544494629,6061000,CF,yfinance,2026-02-10T05:08:32.006375+00:00
2012-11-30,42.678001403808594,42.9119987487793,42.422000885009766,42.805999755859375,30.561542510986328,4628500,CF,yfinance,2026-02-10T05:08:32.006375+00:00
2012-12-03,42.68600082397461,43.0,41.79999923706055,41.85599899291992,29.883296966552734,5032500,CF,yfinance,2026-02-10T05:08:32.006375+00:00
2012-12-04,41.779998779296875,42.64799880981445,41.71799850463867,42.50400161743164,30.34593391418457,5058000,CF,yfinance,2026-02-10T05:08:32.006375+00:00
2012-12-05,42.630001068115234,42.68000030517578,42.09000015258789,42.347999572753906,30.23456573486328,3737500,CF,yfinance,2026-02-10T05:08:32.006375+00:00
2012-12-06,42.37799835205078,42.70000076293945,41.84199905395508,42.34199905395508,30.230289459228516,2653000,CF,yfinance,2026-02-10T05:08:32.006375+00:00
2012-12-07,42.7760009765625,42.7760009765625,42.2599983215332,42.46200180053711,30.315956115722656,2194000,CF,yfinance,2026-02-10T05:08:32.006375+00:00
2012-12-10,42.433998107910156,42.87799835205078,42.36800003051758,42.737998962402344,30.51299285888672,2455000,CF,yfinance,2026-02-10T05:08:32.006375+00:00
2012-12-11,42.895999908447266,43.70000076293945,42.77000045776367,43.444000244140625,31.017044067382812,3903500,CF,yfinance,2026-02-10T05:08:32.006375+00:00
2012-12-12,43.183998107910156,43.37200164794922,41.75400161743164,41.9379997253418,29.941831588745117,7208000,CF,yfinance,2026-02-10T05:08:32.006375+00:00
2012-12-13,41.86800003051758,41.98400115966797,40.24399948120117,40.50199890136719,28.916597366333008,8679000,CF,yfinance,2026-02-10T05:08:32.006375+00:00
2012-12-14,40.20800018310547,41.38999938964844,40.20800018310547,41.198001861572266,29.413509368896484,4317500,CF,yfinance,2026-02-10T05:08:32.006375+00:00
2012-12-17,41.34600067138672,41.35200119018555,40.380001068115234,41.051998138427734,29.309274673461914,5433500,CF,yfinance,2026-02-10T05:08:32.006375+00:00
2012-12-18,41.18000030517578,41.47600173950195,40.619998931884766,41.09600067138672,29.340688705444336,5285500,CF,yfinance,2026-02-10T05:08:32.006375+00:00
2012-12-19,41.15599822998047,41.67599868774414,41.108001708984375,41.13199996948242,29.36639404296875,3622000,CF,yfinance,2026-02-10T05:08:32.006375+00:00
2012-12-20,41.0,41.051998138427734,40.13600158691406,40.85599899291992,29.169343948364258,5220000,CF,yfinance,2026-02-10T05:08:32.006375+00:00
2012-12-21,40.099998474121094,40.58599853515625,39.91999816894531,39.959999084472656,28.52964210510254,5537500,CF,yfinance,2026-02-10T05:08:32.006375+00:00
2012-12-24,39.91600036621094,40.37200164794922,39.68000030517578,40.242000579833984,28.730960845947266,1713500,CF,yfinance,2026-02-10T05:08:32.006375+00:00
2012-12-26,40.369998931884766,40.779998779296875,40.152000427246094,40.433998107910156,28.868059158325195,1787000,CF,yfinance,2026-02-10T05:08:32.006375+00:00
2012-12-27,40.512001037597656,40.7239990234375,39.79999923706055,40.28200149536133,28.759546279907227,3223000,CF,yfinance,2026-02-10T05:08:32.006375+00:00
2012-12-28,39.97800064086914,40.29800033569336,39.84600067138672,39.928001403808594,28.506793975830078,2297000,CF,yfinance,2026-02-10T05:08:32.006375+00:00
2012-12-31,39.77399826049805,40.79600143432617,39.69599914550781,40.63199996948242,29.00941276550293,4129500,CF,yfinance,2026-02-10T05:08:32.006375+00:00
2013-01-02,41.78799819946289,41.944000244140625,41.00400161743164,41.448001861572266,29.591999053955078,5048500,CF,yfinance,2026-02-10T05:08:32.006375+00:00
2013-01-03,41.4119987487793,41.86000061035156,41.097999572753906,41.25199890136719,29.452064514160156,4025500,CF,yfinance,2026-02-10T05:08:32.006375+00:00
2013-01-04,41.48400115966797,42.36199951171875,41.48400115966797,42.17599868774414,30.111757278442383,4534000,CF,yfinance,2026-02-10T05:08:32.006375+00:00
2013-01-07,42.013999938964844,42.13999938964844,41.38199996948242,42.018001556396484,29.998958587646484,3604000,CF,yfinance,2026-02-10T05:08:32.006375+00:00
2013-01-08,41.88600158691406,41.88600158691406,41.24599838256836,41.402000427246094,29.55916404724121,5063000,CF,yfinance,2026-02-10T05:08:32.006375+00:00
2013-01-09,41.400001525878906,43.16999816894531,41.400001525878906,42.849998474121094,30.592958450317383,8226500,CF,yfinance,2026-02-10T05:08:32.006375+00:00
2013-01-10,43.20600128173828,43.641998291015625,42.641998291015625,43.49399948120117,31.05276107788086,9967500,CF,yfinance,2026-02-10T05:08:32.006375+00:00
2013-01-11,43.52399826049805,43.95600128173828,43.15599822998047,43.63399887084961,31.152700424194336,9884500,CF,yfinance,2026-02-10T05:08:32.006375+00:00
2013-01-14,43.645999908447266,43.90800094604492,43.400001525878906,43.737998962402344,31.22696304321289,3598500,CF,yfinance,2026-02-10T05:08:32.006375+00:00
2013-01-15,43.71799850463867,43.763999938964844,43.20000076293945,43.402000427246094,30.987075805664062,3780500,CF,yfinance,2026-02-10T05:08:32.006375+00:00
2013-01-16,43.27199935913086,43.84400177001953,43.06800079345703,43.56999969482422,31.107023239135742,3215500,CF,yfinance,2026-02-10T05:08:32.006375+00:00
2013-01-17,43.779998779296875,43.779998779296875,43.36199951171875,43.47999954223633,31.042757034301758,3353000,CF,yfinance,2026-02-10T05:08:32.006375+00:00
2013-01-18,43.698001861572266,44.11600112915039,43.27000045776367,43.8120002746582,31.2797908782959,4615000,CF,yfinance,2026-02-10T05:08:32.006375+00:00
2013-01-22,44.02000045776367,44.880001068115234,43.917999267578125,44.736000061035156,31.939477920532227,5348500,CF,yfinance,2026-02-10T05:08:32.006375+00:00
2013-01-23,44.736000061035156,45.051998138427734,44.58399963378906,44.75600051879883,31.95376968383789,3909500,CF,yfinance,2026-02-10T05:08:32.006375+00:00
2013-01-24,44.84600067138672,45.61399841308594,44.768001556396484,45.29399871826172,32.33787155151367,5863500,CF,yfinance,2026-02-10T05:08:32.006375+00:00
2013-01-25,46.00199890136719,46.29999923706055,45.347999572753906,46.055999755859375,32.881900787353516,5307000,CF,yfinance,2026-02-10T05:08:32.006375+00:00
2013-01-28,46.13199996948242,46.13199996948242,45.36800003051758,45.63800048828125,32.5834846496582,3861000,CF,yfinance,2026-02-10T05:08:32.006375+00:00
2013-01-29,45.63999938964844,45.959999084472656,45.59600067138672,45.816001892089844,32.71056365966797,2386000,CF,yfinance,2026-02-10T05:08:32.006375+00:00
2013-01-30,45.77000045776367,46.68600082397461,45.71200180053711,46.097999572753906,32.91188049316406,3845000,CF,yfinance,2026-02-10T05:08:32.006375+00:00
2013-01-31,45.784000396728516,46.26599884033203,45.48400115966797,45.83399963378906,32.72340393066406,3785000,CF,yfinance,2026-02-10T05:08:32.006375+00:00
2013-02-01,46.35599899291992,46.35599899291992,45.84600067138672,45.992000579833984,32.836212158203125,4059000,CF,yfinance,2026-02-10T05:08:32.006375+00:00
2013-02-04,45.875999450683594,46.02399826049805,45.641998291015625,45.78200149536133,32.686283111572266,4546000,CF,yfinance,2026-02-10T05:08:32.006375+00:00
2013-02-05,45.986000061035156,46.15399932861328,45.45000076293945,45.50400161743164,32.48780822753906,3279500,CF,yfinance,2026-02-10T05:08:32.006375+00:00
2013-02-06,45.18000030517578,45.58599853515625,45.060001373291016,45.183998107910156,32.259334564208984,2493000,CF,yfinance,2026-02-10T05:08:32.006375+00:00
2013-02-07,45.46200180053711,45.68600082397461,44.83599853515625,45.066001892089844,32.17508316040039,3040500,CF,yfinance,2026-02-10T05:08:32.006375+00:00
2013-02-08,45.08000183105469,45.40599822998047,44.79999923706055,45.231998443603516,32.293609619140625,2335500,CF,yfinance,2026-02-10T05:08:32.006375+00:00
2013-02-11,45.242000579833984,45.465999603271484,44.86000061035156,45.124000549316406,32.216495513916016,1680000,CF,yfinance,2026-02-10T05:08:32.006375+00:00
2013-02-12,45.34400177001953,45.34400177001953,44.02199935913086,44.06800079345703,31.462556838989258,5382000,CF,yfinance,2026-02-10T05:08:32.006375+00:00
2013-02-13,44.141998291015625,44.38399887084961,43.22200012207031,43.577999114990234,31.11272621154785,5664000,CF,yfinance,2026-02-10T05:08:32.006375+00:00
2013-02-14,43.74399948120117,43.832000732421875,43.22200012207031,43.571998596191406,31.165647506713867,3483000,CF,yfinance,2026-02-10T05:08:32.006375+00:00
2013-02-15,43.5099983215332,43.582000732421875,42.89400100708008,43.33399963378906,30.995426177978516,5778000,CF,yfinance,2026-02-10T05:08:32.006375+00:00
2013-02-19,43.47999954223633,43.97999954223633,43.316001892089844,43.70600128173828,31.261497497558594,5283500,CF,yfinance,2026-02-10T05:08:32.006375+00:00
2013-02-20,43.38800048828125,43.38800048828125,41.2599983215332,41.41400146484375,29.622116088867188,13309000,CF,yfinance,2026-02-10T05:08:32.006375+00:00
2013-02-21,40.63600158691406,41.03799819946289,39.91999816894531,40.7859992980957,29.172924041748047,9966000,CF,yfinance,2026-02-10T05:08:32.006375+00:00
2013-02-22,40.742000579833984,40.779998779296875,39.80400085449219,40.30400085449219,28.82816505432129,7476500,CF,yfinance,2026-02-10T05:08:32.006375+00:00
2013-02-25,40.52199935913086,40.64799880981445,39.444000244140625,39.45199966430664,28.218753814697266,7406000,CF,yfinance,2026-02-10T05:08:32.006375+00:00
2013-02-26,39.61000061035156,39.737998962402344,37.9640007019043,39.04600143432617,27.92835807800293,15498000,CF,yfinance,2026-02-10T05:08:32.006375+00:00
2013-02-27,39.012001037597656,40.0260009765625,38.9119987487793,39.77399826049805,28.44906234741211,6256500,CF,yfinance,2026-02-10T05:08:32.006375+00:00
2013-02-28,39.66999816894531,40.470001220703125,39.52799987792969,40.16600036621094,28.729454040527344,6466500,CF,yfinance,2026-02-10T05:08:32.006375+00:00
2013-03-01,39.90999984741211,40.395999908447266,39.62200164794922,40.29999923706055,28.82529640197754,6805500,CF,yfinance,2026-02-10T05:08:32.006375+00:00
2013-03-04,40.20000076293945,40.236000061035156,39.7140007019043,40.08399963378906,28.67079734802246,8081000,CF,yfinance,2026-02-10T05:08:32.006375+00:00
2013-03-05,40.27799987792969,40.66999816894531,40.066001892089844,40.305999755859375,28.82957649230957,4758000,CF,yfinance,2026-02-10T05:08:32.006375+00:00
2013-03-06,40.56999969482422,40.88199996948242,40.24800109863281,40.40399932861328,28.89968490600586,5719000,CF,yfinance,2026-02-10T05:08:32.006375+00:00
2013-03-07,40.422000885009766,40.72200012207031,40.11000061035156,40.551998138427734,29.005542755126953,5078500,CF,yfinance,2026-02-10T05:08:32.006375+00:00
2013-03-08,40.801998138427734,41.52000045776367,40.374000549316406,41.428001403808594,29.632123947143555,6631500,CF,yfinance,2026-02-10T05:08:32.006375+00:00
2013-03-11,41.38800048828125,41.720001220703125,41.06999969482422,41.630001068115234,29.776613235473633,5606500,CF,yfinance,2026-02-10T05:08:32.006375+00:00
2013-03-12,41.54199981689453,41.59600067138672,41.099998474121094,41.34400177001953,29.572046279907227,4883500,CF,yfinance,2026-02-10T05:08:32.006375+00:00
2013-03-13,41.369998931884766,41.59400177001953,40.62799835205078,40.78200149536133,29.170055389404297,5518000,CF,yfinance,2026-02-10T05:08:32.006375+00:00
2013-03-14,40.94200134277344,40.97200012207031,40.35599899291992,40.70199966430664,29.112829208374023,5442000,CF,yfinance,2026-02-10T05:08:32.006375+00:00
2013-03-15,40.41999816894531,41.08399963378906,40.3380012512207,40.77799987792969,29.167194366455078,8223000,CF,yfinance,2026-02-10T05:08:32.006375+00:00
2013-03-18,40.198001861572266,40.59600067138672,39.79999923706055,40.41400146484375,28.906850814819336,7721000,CF,yfinance,2026-02-10T05:08:32.006375+00:00
2013-03-19,40.44200134277344,40.534000396728516,39.04999923706055,39.28200149536133,28.097148895263672,6925000,CF,yfinance,2026-02-10T05:08:32.006375+00:00
2013-03-20,39.57600021362305,39.599998474121094,39.09199905395508,39.29999923706055,28.110031127929688,4876000,CF,yfinance,2026-02-10T05:08:32.006375+00:00
2013-03-21,39.099998474121094,39.1879997253418,38.75,38.77199935913086,27.732370376586914,4104000,CF,yfinance,2026-02-10T05:08:32.006375+00:00
2013-03-22,38.83000183105469,38.970001220703125,38.46200180053711,38.650001525878906,27.645111083984375,3787000,CF,yfinance,2026-02-10T05:08:32.006375+00:00
2013-03-25,38.79600143432617,38.86600112915039,38.02199935913086,38.301998138427734,27.396188735961914,5644500,CF,yfinance,2026-02-10T05:08:32.006375+00:00
2013-03-26,38.49599838256836,38.70000076293945,38.05799865722656,38.66600036621094,27.656551361083984,4869500,CF,yfinance,2026-02-10T05:08:32.006375+00:00
2013-03-27,38.24800109863281,38.66400146484375,38.02399826049805,38.35200119018555,27.431961059570312,5202000,CF,yfinance,2026-02-10T05:08:32.006375+00:00
2013-03-28,38.358001708984375,38.78799819946289,37.948001861572266,38.07400131225586,27.233112335205078,5176500,CF,yfinance,2026-02-10T05:08:32.006375+00:00
2013-04-01,37.95800018310547,38.05799865722656,37.71200180053711,38.00400161743164,27.183053970336914,5311000,CF,yfinance,2026-02-10T05:08:32.006375+00:00
2013-04-02,38.13999938964844,38.268001556396484,36.987998962402344,37.2239990234375,26.625133514404297,8886000,CF,yfinance,2026-02-10T05:08:32.006375+00:00
2013-04-03,37.4119987487793,37.59199905395508,36.858001708984375,37.48400115966797,26.81110382080078,8097500,CF,yfinance,2026-02-10T05:08:32.006375+00:00
2013-04-04,37.402000427246094,38.09600067138672,37.391998291015625,38.013999938964844,27.190189361572266,5128000,CF,yfinance,2026-02-10T05:08:32.006375+00:00
2013-04-05,37.380001068115234,38.05799865722656,37.36800003051758,37.99399948120117,27.175891876220703,4175000,CF,yfinance,2026-02-10T05:08:32.006375+00:00
2013-04-08,37.9640007019043,38.055999755859375,37.599998474121094,37.9379997253418,27.135835647583008,2060000,CF,yfinance,2026-02-10T05:08:32.006375+00:00
2013-04-09,38.09600067138672,38.70000076293945,38.034000396728516,38.19599914550781,27.320384979248047,4078000,CF,yfinance,2026-02-10T05:08:32.006375+00:00
2013-04-10,38.29999923706055,38.433998107910156,37.7400016784668,38.22800064086914,27.34326171875,4794500,CF,yfinance,2026-02-10T05:08:32.006375+00:00
2013-04-11,38.22800064086914,38.22800064086914,37.61000061035156,37.698001861572266,26.96417236328125,4363000,CF,yfinance,2026-02-10T05:08:32.006375+00:00
2013-04-12,37.55799865722656,37.55799865722656,36.183998107910156,36.448001861572266,26.070091247558594,11530000,CF,yfinance,2026-02-10T05:08:32.006375+00:00
2013-04-15,36.10599899291992,36.23400115966797,35.08000183105469,35.097999572753906,25.104469299316406,6342500,CF,yfinance,2026-02-10T05:08:32.006375+00:00
2013-04-16,35.36199951171875,35.645999908447266,35.00600051879883,35.39799880981445,25.31905174255371,6024500,CF,yfinance,2026-02-10T05:08:32.006375+00:00
2013-04-17,35.124000549316406,35.124000549316406,34.10599899291992,34.566001892089844,24.723955154418945,6846500,CF,yfinance,2026-02-10T05:08:32.006375+00:00
2013-04-18,34.72200012207031,35.95199966430664,34.72200012207031,35.61199951171875,25.47211456298828,7600500,CF,yfinance,2026-02-10T05:08:32.006375+00:00
2013-04-19,35.74399948120117,36.07400131225586,35.40399932861328,35.83000183105469,25.628055572509766,4802500,CF,yfinance,2026-02-10T05:08:32.006375+00:00
2013-04-22,35.76599884033203,35.95600128173828,35.20600128173828,35.62799835205078,25.48356819152832,3885500,CF,yfinance,2026-02-10T05:08:32.006375+00:00
2013-04-23,35.80799865722656,35.987998962402344,35.119998931884766,35.88399887084961,25.666671752929688,7082000,CF,yfinance,2026-02-10T05:08:32.006375+00:00
2013-04-24,36.00400161743164,37.5,35.97600173950195,37.417999267578125,26.76388931274414,5579500,CF,yfinance,2026-02-10T05:08:32.006375+00:00
2013-04-25,37.60599899291992,38.73400115966797,37.599998474121094,38.237998962402344,27.350406646728516,6469500,CF,yfinance,2026-02-10T05:08:32.006375+00:00
2013-04-26,38.04800033569336,38.08399963378906,37.04399871826172,37.150001525878906,26.57220458984375,3629500,CF,yfinance,2026-02-10T05:08:32.006375+00:00
2013-04-29,37.54999923706055,37.7599983215332,37.13800048828125,37.7599983215332,27.00851821899414,4331000,CF,yfinance,2026-02-10T05:08:32.006375+00:00
2013-04-30,37.76599884033203,37.784000396728516,37.108001708984375,37.301998138427734,26.68091583251953,5158000,CF,yfinance,2026-02-10T05:08:32.006375+00:00
2013-05-01,37.152000427246094,37.152000427246094,36.53799819946289,36.6879997253418,26.241750717163086,4084000,CF,yfinance,2026-02-10T05:08:32.006375+00:00
2013-05-02,36.847999572753906,36.99800109863281,36.284000396728516,36.79199981689453,26.31614112854004,3530000,CF,yfinance,2026-02-10T05:08:32.006375+00:00
2013-05-03,37.13800048828125,37.27799987792969,36.678001403808594,36.79999923706055,26.321853637695312,5067500,CF,yfinance,2026-02-10T05:08:32.006375+00:00
2013-05-06,36.90599822998047,37.30400085449219,36.72600173950195,37.2239990234375,26.625133514404297,3018000,CF,yfinance,2026-02-10T05:08:32.006375+00:00
2013-05-07,37.24599838256836,37.79999923706055,37.124000549316406,37.4379997253418,26.7781982421875,6189000,CF,yfinance,2026-02-10T05:08:32.006375+00:00
2013-05-08,37.22200012207031,38.263999938964844,37.0,38.141998291015625,27.281749725341797,6325000,CF,yfinance,2026-02-10T05:08:32.006375+00:00
2013-05-09,38.2239990234375,39.47600173950195,38.20000076293945,38.99800109863281,27.894018173217773,6552000,CF,yfinance,2026-02-10T05:08:32.006375+00:00
2013-05-10,39.290000915527344,39.34199905395508,38.02799987792969,38.99399948120117,27.891151428222656,5105500,CF,yfinance,2026-02-10T05:08:32.006375+00:00
2013-05-13,38.731998443603516,38.87200164794922,38.130001068115234,38.33399963378906,27.41908836364746,4076000,CF,yfinance,2026-02-10T05:08:32.006375+00:00
2013-05-14,38.316001892089844,38.599998474121094,38.060001373291016,38.56399917602539,27.583595275878906,3272000,CF,yfinance,2026-02-10T05:08:32.006375+00:00
2013-05-15,38.178001403808594,38.571998596191406,37.7599983215332,38.02399826049805,27.253881454467773,5987500,CF,yfinance,2026-02-10T05:08:32.006375+00:00
2013-05-16,38.08000183105469,38.68199920654297,37.7239990234375,38.150001525878906,27.344194412231445,3486500,CF,yfinance,2026-02-10T05:08:32.006375+00:00
2013-05-17,38.24399948120117,38.38600158691406,37.81800079345703,38.104000091552734,27.31121826171875,4896000,CF,yfinance,2026-02-10T05:08:32.006375+00:00
2013-05-20,37.93000030517578,38.349998474121094,37.68199920654297,38.29600143432617,27.448848724365234,3076500,CF,yfinance,2026-02-10T05:08:32.006375+00:00
2013-05-21,38.220001220703125,38.821998596191406,37.68600082397461,37.70600128173828,27.025962829589844,4552000,CF,yfinance,2026-02-10T05:08:32.006375+00:00
2013-05-22,37.7140007019043,38.5359992980957,37.470001220703125,37.784000396728516,27.08186149597168,5118500,CF,yfinance,2026-02-10T05:08:32.006375+00:00
2013-05-23,37.27799987792969,38.02199935913086,37.055999755859375,37.7760009765625,27.07613182067871,3848000,CF,yfinance,2026-02-10T05:08:32.006375+00:00
2013-05-24,37.52799987792969,37.529998779296875,36.970001220703125,37.34600067138672,26.767927169799805,2825000,CF,yfinance,2026-02-10T05:08:32.006375+00:00
2013-05-28,37.88600158691406,38.124000549316406,37.608001708984375,37.7760009765625,27.07613182067871,2905000,CF,yfinance,2026-02-10T05:08:32.006375+00:00
2013-05-29,37.678001403808594,39.04800033569336,37.52000045776367,38.79999923706055,27.810096740722656,4744000,CF,yfinance,2026-02-10T05:08:32.006375+00:00
2013-05-30,38.93199920654297,39.09000015258789,38.51599884033203,38.93600082397461,27.907577514648438,3846500,CF,yfinance,2026-02-10T05:08:32.006375+00:00
2013-05-31,38.72999954223633,38.849998474121094,38.183998107910156,38.19200134277344,27.37430763244629,3332000,CF,yfinance,2026-02-10T05:08:32.006375+00:00
2013-06-03,38.31800079345703,38.74599838256836,38.15599822998047,38.71200180053711,27.747013092041016,3644500,CF,yfinance,2026-02-10T05:08:32.006375+00:00
2013-06-04,38.63199996948242,39.06800079345703,38.38199996948242,38.80400085449219,27.812952041625977,3979500,CF,yfinance,2026-02-10T05:08:32.006375+00:00
2013-06-05,38.63199996948242,39.152000427246094,38.30400085449219,38.36199951171875,27.49614143371582,6121000,CF,yfinance,2026-02-10T05:08:32.006375+00:00
2013-06-06,38.18000030517578,38.63600158691406,37.84000015258789,38.57600021362305,27.649534225463867,4133000,CF,yfinance,2026-02-10T05:08:32.006375+00:00
2013-06-07,38.619998931884766,38.97999954223633,38.45399856567383,38.88399887084961,27.870296478271484,3222000,CF,yfinance,2026-02-10T05:08:32.006375+00:00
2013-06-10,39.055999755859375,39.25,38.50600051879883,38.75600051879883,27.778553009033203,3093500,CF,yfinance,2026-02-10T05:08:32.006375+00:00
2013-06-11,38.37200164794922,38.37200164794922,37.518001556396484,37.551998138427734,26.915569305419922,3718500,CF,yfinance,2026-02-10T05:08:32.006375+00:00
2013-06-12,37.77799987792969,37.97800064086914,36.58599853515625,36.70000076293945,26.30490493774414,5485000,CF,yfinance,2026-02-10T05:08:32.006375+00:00
2013-06-13,36.34400177001953,37.16600036621094,36.33599853515625,37.12799835205078,26.611675262451172,3792500,CF,yfinance,2026-02-10T05:08:32.006375+00:00
2013-06-14,37.00199890136719,37.27399826049805,36.619998931884766,36.9119987487793,26.456846237182617,4663500,CF,yfinance,2026-02-10T05:08:32.006375+00:00
2013-06-17,37.06999969482422,37.17599868774414,36.70000076293945,36.97600173950195,26.502735137939453,4412000,CF,yfinance,2026-02-10T05:08:32.006375+00:00
2013-06-18,36.944000244140625,37.86000061035156,36.944000244140625,37.72600173950195,27.040306091308594,3956000,CF,yfinance,2026-02-10T05:08:32.006375+00:00
2013-06-19,37.88999938964844,38.30400085449219,37.59199905395508,37.95399856567383,27.203710556030273,6050000,CF,yfinance,2026-02-10T05:08:32.006375+00:00
2013-06-20,37.24599838256836,37.41600036621094,36.630001068115234,36.88399887084961,26.43678855895996,6656500,CF,yfinance,2026-02-10T05:08:32.006375+00:00
2013-06-21,37.03200149536133,37.0880012512207,36.20000076293945,36.534000396728516,26.185914993286133,7893000,CF,yfinance,2026-02-10T05:08:32.006375+00:00
2013-06-24,36.03799819946289,36.03799819946289,34.922000885009766,35.26599884033203,25.277084350585938,5787000,CF,yfinance,2026-02-10T05:08:32.006375+00:00
2013-06-25,35.49800109863281,35.56999969482422,34.93600082397461,34.97200012207031,25.06633949279785,5597000,CF,yfinance,2026-02-10T05:08:32.006375+00:00
2013-06-26,35.13999938964844,35.790000915527344,34.80400085449219,35.375999450683594,25.35592269897461,4409000,CF,yfinance,2026-02-10T05:08:32.006375+00:00
2013-06-27,35.599998474121094,35.599998474121094,34.86000061035156,35.07600021362305,25.140892028808594,6226500,CF,yfinance,2026-02-10T05:08:32.006375+00:00
2013-06-28,34.97800064086914,35.34199905395508,34.29999923706055,34.29999923706055,24.584686279296875,10343000,CF,yfinance,2026-02-10T05:08:32.006375+00:00
2013-07-01,34.64400100708008,34.84400177001953,34.0359992980957,34.055999755859375,24.409805297851562,7855000,CF,yfinance,2026-02-10T05:08:32.006375+00:00
2013-07-02,34.178001403808594,34.77000045776367,33.86600112915039,34.36800003051758,24.633434295654297,6442500,CF,yfinance,2026-02-10T05:08:32.006375+00:00
2013-07-03,34.38399887084961,35.03200149536133,34.38399887084961,35.00400161743164,25.089282989501953,2809500,CF,yfinance,2026-02-10T05:08:32.006375+00:00
2013-07-05,35.20399856567383,35.25199890136719,34.45000076293945,35.09000015258789,25.150924682617188,3990500,CF,yfinance,2026-02-10T05:08:32.006375+00:00
2013-07-08,35.301998138427734,35.625999450683594,35.19599914550781,35.375999450683594,25.35592269897461,2895500,CF,yfinance,2026-02-10T05:08:32.006375+00:00
2013-07-09,35.625999450683594,36.44599914550781,35.58399963378906,36.2400016784668,25.975196838378906,4941500,CF,yfinance,2026-02-10T05:08:32.006375+00:00
2013-07-10,36.27000045776367,36.492000579833984,35.762001037597656,36.167999267578125,25.923583984375,3528000,CF,yfinance,2026-02-10T05:08:32.006375+00:00
2013-07-11,36.731998443603516,37.52000045776367,36.599998474121094,37.5099983215332,26.88547706604004,6049000,CF,yfinance,2026-02-10T05:08:32.006375+00:00
2013-07-12,36.39400100708008,37.4900016784668,36.39400100708008,36.827999114990234,26.396650314331055,4202000,CF,yfinance,2026-02-10T05:08:32.006375+00:00
2013-07-15,36.928001403808594,37.108001708984375,36.2239990234375,37.066001892089844,26.567235946655273,3810500,CF,yfinance,2026-02-10T05:08:32.006375+00:00
2013-07-16,37.04199981689453,37.14799880981445,35.99800109863281,36.23400115966797,25.970897674560547,3642000,CF,yfinance,2026-02-10T05:08:32.006375+00:00
2013-07-17,36.5099983215332,36.87200164794922,36.34199905395508,36.72200012207031,26.320669174194336,2566500,CF,yfinance,2026-02-10T05:08:32.006375+00:00
2013-07-18,36.79199981689453,37.1619987487793,36.53799819946289,36.59199905395508,26.227493286132812,3670000,CF,yfinance,2026-02-10T05:08:32.006375+00:00
2013-07-19,36.731998443603516,37.00600051879883,36.551998138427734,36.784000396728516,26.3651065826416,2891500,CF,yfinance,2026-02-10T05:08:32.006375+00:00
2013-07-22,36.83399963378906,37.11600112915039,36.486000061035156,36.513999938964844,26.17159080505371,2768500,CF,yfinance,2026-02-10T05:08:32.006375+00:00
2013-07-23,36.599998474121094,36.65599822998047,36.14799880981445,36.20000076293945,25.946533203125,3417000,CF,yfinance,2026-02-10T05:08:32.006375+00:00
2013-07-24,36.150001525878906,36.29600143432617,35.56399917602539,35.95199966430664,25.768770217895508,3422500,CF,yfinance,2026-02-10T05:08:32.006375+00:00
2013-07-25,35.70000076293945,36.1879997253418,35.50400161743164,36.02399826049805,25.82037353515625,3609000,CF,yfinance,2026-02-10T05:08:32.006375+00:00
2013-07-26,35.99800109863281,36.29600143432617,35.69599914550781,36.20000076293945,25.946533203125,2422000,CF,yfinance,2026-02-10T05:08:32.006375+00:00
2013-07-29,36.071998596191406,40.55400085449219,35.86199951171875,40.459999084472656,28.999900817871094,28285500,CF,yfinance,2026-02-10T05:08:32.006375+00:00
2013-07-30,39.34400177001953,40.6879997253418,39.25,39.448001861572266,28.27454376220703,20524000,CF,yfinance,2026-02-10T05:08:32.006375+00:00
2013-07-31,39.439998626708984,39.88199996948242,39.012001037597656,39.20199966430664,28.098230361938477,7076500,CF,yfinance,2026-02-10T05:08:32.006375+00:00
2013-08-01,39.683998107910156,39.86000061035156,38.981998443603516,39.19599914550781,28.093914031982422,6348000,CF,yfinance,2026-02-10T05:08:32.006375+00:00
2013-08-02,39.14799880981445,39.27000045776367,38.36399841308594,38.667999267578125,27.715478897094727,4752500,CF,yfinance,2026-02-10T05:08:32.006375+00:00
2013-08-05,38.60200119018555,38.91400146484375,38.374000549316406,38.61800003051758,27.67963981628418,3618500,CF,yfinance,2026-02-10T05:08:32.006375+00:00
2013-08-06,38.69599914550781,38.69599914550781,37.29999923706055,37.90800094604492,27.17074203491211,7566500,CF,yfinance,2026-02-10T05:08:32.006375+00:00
2013-08-07,38.5,38.5260009765625,37.02199935913086,37.97600173950195,27.219480514526367,8002000,CF,yfinance,2026-02-10T05:08:32.006375+00:00
2013-08-08,38.41999816894531,39.04399871826172,38.19599914550781,38.38199996948242,27.510482788085938,5621000,CF,yfinance,2026-02-10T05:08:32.006375+00:00
2013-08-09,38.262001037597656,38.59600067138672,37.220001220703125,37.650001525878906,26.985816955566406,6451000,CF,yfinance,2026-02-10T05:08:32.006375+00:00
2013-08-12,37.43199920654297,38.09400177001953,37.26599884033203,38.02399826049805,27.253881454467773,4830000,CF,yfinance,2026-02-10T05:08:32.006375+00:00
2013-08-13,38.040000915527344,38.27000045776367,37.779998779296875,38.00600051879883,27.240983963012695,4782000,CF,yfinance,2026-02-10T05:08:32.006375+00:00
2013-08-14,37.52199935913086,38.152000427246094,37.465999603271484,37.61000061035156,27.014001846313477,3174000,CF,yfinance,2026-02-10T05:08:32.006375+00:00
2013-08-15,37.236000061035156,38.2599983215332,37.13399887084961,38.097999572753906,27.364519119262695,5133000,CF,yfinance,2026-02-10T05:08:32.006375+00:00
2013-08-16,37.965999603271484,38.08000183105469,37.32600021362305,37.56800079345703,26.983844757080078,4622500,CF,yfinance,2026-02-10T05:08:32.006375+00:00
2013-08-19,37.56800079345703,37.7140007019043,37.29600143432617,37.29999923706055,26.791345596313477,4405000,CF,yfinance,2026-02-10T05:08:32.006375+00:00
2013-08-20,37.433998107910156,37.85599899291992,37.125999450683594,37.577999114990234,26.991025924682617,3141000,CF,yfinance,2026-02-10T05:08:32.006375+00:00
2013-08-21,37.577999114990234,38.43199920654297,37.54199981689453,38.20000076293945,27.43778419494629,4814000,CF,yfinance,2026-02-10T05:08:32.006375+00:00
2013-08-22,38.402000427246094,38.948001861572266,38.33599853515625,38.784000396728516,27.857257843017578,2220500,CF,yfinance,2026-02-10T05:08:32.006375+00:00
2013-08-23,38.83399963378906,38.91600036621094,38.60599899291992,38.86000061035156,27.91183853149414,2472500,CF,yfinance,2026-02-10T05:08:32.006375+00:00
2013-08-26,39.145999908447266,40.15599822998047,39.145999908447266,39.41400146484375,28.309768676757812,3189000,CF,yfinance,2026-02-10T05:08:32.006375+00:00
2013-08-27,38.88399887084961,39.24399948120117,38.66400146484375,38.689998626708984,27.78974723815918,2675500,CF,yfinance,2026-02-10T05:08:32.006375+00:00
2013-08-28,38.512001037597656,38.68000030517578,37.65399932861328,37.97800064086914,27.278331756591797,4342000,CF,yfinance,2026-02-10T05:08:32.006375+00:00
2013-08-29,37.92599868774414,38.1879997253418,37.7239990234375,37.86600112915039,27.197887420654297,2483500,CF,yfinance,2026-02-10T05:08:32.006375+00:00
2013-08-30,37.9739990234375,38.332000732421875,37.84400177001953,38.06800079345703,27.342973709106445,3296500,CF,yfinance,2026-02-10T05:08:32.006375+00:00
2013-09-03,38.492000579833984,38.891998291015625,38.24399948120117,38.32600021362305,27.52829933166504,3410000,CF,yfinance,2026-02-10T05:08:32.006375+00:00
2013-09-04,38.19599914550781,38.650001525878906,37.88800048828125,38.44599914550781,27.614479064941406,1696500,CF,yfinance,2026-02-10T05:08:32.006375+00:00
2013-09-05,38.487998962402344,38.79600143432617,38.119998931884766,38.50199890136719,27.65471076965332,2697500,CF,yfinance,2026-02-10T05:08:32.006375+00:00
2013-09-06,38.645999908447266,39.25199890136719,38.5,38.8380012512207,27.89604377746582,3467500,CF,yfinance,2026-02-10T05:08:32.006375+00:00
2013-09-09,39.060001373291016,39.624000549316406,38.880001068115234,39.1619987487793,28.128765106201172,4772500,CF,yfinance,2026-02-10T05:08:32.006375+00:00
2013-09-10,39.24399948120117,39.97200012207031,39.082000732421875,39.53799819946289,28.39883041381836,3651500,CF,yfinance,2026-02-10T05:08:32.006375+00:00
2013-09-11,39.95000076293945,39.9900016784668,39.060001373291016,39.641998291015625,28.473535537719727,3307000,CF,yfinance,2026-02-10T05:08:32.006375+00:00
2013-09-12,39.54199981689453,39.75199890136719,38.53799819946289,38.875999450683594,27.923336029052734,4297000,CF,yfinance,2026-02-10T05:08:32.006375+00:00
2013-09-13,38.32600021362305,39.29999923706055,38.32600021362305,38.76599884033203,27.844331741333008,3956500,CF,yfinance,2026-02-10T05:08:32.006375+00:00
2013-09-16,39.400001525878906,40.63800048828125,38.86399841308594,40.13600158691406,28.82835578918457,6630500,CF,yfinance,2026-02-10T05:08:32.006375+00:00
2013-09-17,40.097999572753906,40.36800003051758,39.67399978637695,40.152000427246094,28.839839935302734,5293500,CF,yfinance,2026-02-10T05:08:32.006375+00:00
2013-09-18,40.15999984741211,41.487998962402344,39.9739990234375,41.400001525878906,29.736234664916992,5046500,CF,yfinance,2026-02-10T05:08:32.006375+00:00
2013-09-19,41.513999938964844,41.81399917602539,41.029998779296875,41.2239990234375,29.609825134277344,5737500,CF,yfinance,2026-02-10T05:08:32.006375+00:00
2013-09-20,41.902000427246094,42.13399887084961,41.332000732421875,41.63399887084961,29.90432357788086,7059000,CF,yfinance,2026-02-10T05:08:32.006375+00:00
2013-09-23,41.630001068115234,41.928001403808594,41.34199905395508,41.577999114990234,29.86409568786621,3004500,CF,yfinance,2026-02-10T05:08:32.006375+00:00
2013-09-24,41.66999816894531,42.04199981689453,41.35599899291992,41.59600067138672,29.87702178955078,5583500,CF,yfinance,2026-02-10T05:08:32.006375+00:00
2013-09-25,42.34000015258789,43.29800033569336,42.01599884033203,42.801998138427734,30.743257522583008,7295500,CF,yfinance,2026-02-10T05:08:32.006375+00:00
2013-09-26,42.939998626708984,42.944000244140625,42.32600021362305,42.470001220703125,30.50478744506836,2853500,CF,yfinance,2026-02-10T05:08:32.006375+00:00
2013-09-27,42.18600082397461,42.672000885009766,42.0,42.09600067138672,30.23615837097168,2449000,CF,yfinance,2026-02-10T05:08:32.006375+00:00
2013-09-30,41.762001037597656,42.75600051879883,41.36000061035156,42.16600036621094,30.28643226623535,3506500,CF,yfinance,2026-02-10T05:08:32.006375+00:00
2013-10-01,42.0,42.70399856567383,41.827999114990234,42.194000244140625,30.306547164916992,3672000,CF,yfinance,2026-02-10T05:08:32.006375+00:00
2013-10-02,41.74800109863281,42.779998779296875,41.72999954223633,42.779998779296875,30.727441787719727,4149000,CF,yfinance,2026-02-10T05:08:32.006375+00:00
2013-10-03,42.507999420166016,42.79999923706055,42.11399841308594,42.36199951171875,30.42721176147461,2839000,CF,yfinance,2026-02-10T05:08:32.006375+00:00
2013-10-04,42.400001525878906,43.34000015258789,42.257999420166016,43.2760009765625,31.083717346191406,5206500,CF,yfinance,2026-02-10T05:08:32.006375+00:00
2013-10-07,42.89799880981445,43.4379997253418,42.81800079345703,42.9119987487793,30.822254180908203,2662500,CF,yfinance,2026-02-10T05:08:32.006375+00:00
2013-10-08,42.84000015258789,42.965999603271484,41.47999954223633,41.74399948120117,29.98332405090332,3736000,CF,yfinance,2026-02-10T05:08:32.006375+00:00
2013-10-09,41.959999084472656,41.959999084472656,40.85599899291992,41.29199981689453,29.658662796020508,6500000,CF,yfinance,2026-02-10T05:08:32.006375+00:00
2013-10-10,41.847999572753906,41.902000427246094,41.082000732421875,41.38399887084961,29.72475242614746,4694500,CF,yfinance,2026-02-10T05:08:32.006375+00:00
2013-10-11,41.31399917602539,41.35200119018555,40.608001708984375,40.90999984741211,29.384281158447266,3385000,CF,yfinance,2026-02-10T05:08:32.006375+00:00
2013-10-14,40.9379997253418,41.332000732421875,40.86000061035156,41.215999603271484,29.60408592224121,2190500,CF,yfinance,2026-02-10T05:08:32.006375+00:00
2013-10-15,41.11800003051758,41.79999923706055,40.757999420166016,41.03200149536133,29.471921920776367,1890500,CF,yfinance,2026-02-10T05:08:32.006375+00:00
2013-10-16,41.29199981689453,42.24800109863281,41.060001373291016,41.78799819946289,30.014930725097656,3006000,CF,yfinance,2026-02-10T05:08:32.006375+00:00
2013-10-17,41.82600021362305,42.17599868774414,41.69200134277344,41.90800094604492,30.10112190246582,3030500,CF,yfinance,2026-02-10T05:08:32.006375+00:00
2013-10-18,42.63199996948242,43.28799819946289,41.70800018310547,43.03200149536133,30.908447265625,9431000,CF,yfinance,2026-02-10T05:08:32.006375+00:00
2013-10-21,43.124000549316406,43.53200149536133,42.7400016784668,43.194000244140625,31.024810791015625,5483500,CF,yfinance,2026-02-10T05:08:32.006375+00:00
2013-10-22,43.20000076293945,43.34600067138672,42.65399932861328,43.16400146484375,31.003265380859375,4677000,CF,yfinance,2026-02-10T05:08:32.006375+00:00
2013-10-23,42.95199966430664,43.03200149536133,42.22600173950195,42.5099983215332,30.533523559570312,2525000,CF,yfinance,2026-02-10T05:08:32.006375+00:00
2013-10-24,42.34400177001953,42.34400177001953,41.349998474121094,42.0260009765625,30.185884475708008,3848000,CF,yfinance,2026-02-10T05:08:32.006375+00:00
2013-10-25,42.03200149536133,42.11800003051758,41.465999603271484,41.92399978637695,30.112621307373047,2809500,CF,yfinance,2026-02-10T05:08:32.006375+00:00
2013-10-28,43.400001525878906,44.125999450683594,43.30799865722656,43.672000885009766,31.36813735961914,6206000,CF,yfinance,2026-02-10T05:08:32.006375+00:00
2013-10-29,43.448001861572266,43.79600143432617,42.77199935913086,43.24399948120117,31.060731887817383,3326000,CF,yfinance,2026-02-10T05:08:32.006375+00:00
2013-10-30,43.42599868774414,43.68000030517578,42.9379997253418,43.27399826049805,31.082273483276367,2119000,CF,yfinance,2026-02-10T05:08:32.006375+00:00
2013-10-31,43.20600128173828,43.4900016784668,42.8120002746582,43.119998931884766,30.971656799316406,2516000,CF,yfinance,2026-02-10T05:08:32.006375+00:00
2013-11-01,43.0,43.21799850463867,42.65999984741211,42.987998962402344,30.876840591430664,2904000,CF,yfinance,2026-02-10T05:08:32.006375+00:00
2013-11-04,43.209999084472656,43.694000244140625,43.04199981689453,43.5260009765625,31.26327133178711,3363500,CF,yfinance,2026-02-10T05:08:32.006375+00:00
2013-11-05,42.41400146484375,42.641998291015625,41.45600128173828,41.900001525878906,30.095380783081055,9374500,CF,yfinance,2026-02-10T05:08:32.006375+00:00
2013-11-06,41.84199905395508,42.45399856567383,41.84199905395508,42.327999114990234,30.402795791625977,4788000,CF,yfinance,2026-02-10T05:08:32.006375+00:00
2013-11-07,42.21799850463867,42.75,42.11199951171875,42.152000427246094,30.276384353637695,5122500,CF,yfinance,2026-02-10T05:08:32.006375+00:00
2013-11-08,42.2239990234375,43.94599914550781,42.02000045776367,43.87200164794922,31.511798858642578,7010500,CF,yfinance,2026-02-10T05:08:32.006375+00:00
2013-11-11,43.97200012207031,44.29600143432617,43.70000076293945,44.099998474121094,31.67556381225586,3212000,CF,yfinance,2026-02-10T05:08:32.006375+00:00
2013-11-12,43.86199951171875,44.09000015258789,43.32600021362305,43.65599822998047,31.356657028198242,4474500,CF,yfinance,2026-02-10T05:08:32.006375+00:00
2013-11-13,43.22999954223633,43.91600036621094,43.20000076293945,43.47999954223633,31.373979568481445,3479000,CF,yfinance,2026-02-10T05:08:32.006375+00:00
2013-11-14,43.7599983215332,44.0,43.35599899291992,43.742000579833984,31.563024520874023,2553500,CF,yfinance,2026-02-10T05:08:32.006375+00:00
2013-11-15,43.70399856567383,44.07600021362305,43.58000183105469,43.779998779296875,31.590431213378906,4391500,CF,yfinance,2026-02-10T05:08:32.006375+00:00
2013-11-18,43.8120002746582,44.04999923706055,43.20000076293945,43.262001037597656,31.216670989990234,3079500,CF,yfinance,2026-02-10T05:08:32.006375+00:00
2013-11-19,43.16600036621094,43.38199996948242,42.81800079345703,42.895999908447266,30.952577590942383,3332000,CF,yfinance,2026-02-10T05:08:32.006375+00:00
2013-11-20,42.96200180053711,43.14799880981445,42.73400115966797,42.891998291015625,30.949695587158203,2129500,CF,yfinance,2026-02-10T05:08:32.006375+00:00
2013-11-21,43.09199905395508,43.19599914550781,42.72800064086914,42.92399978637695,30.9727783203125,1925000,CF,yfinance,2026-02-10T05:08:32.006375+00:00
2013-11-22,43.02799987792969,43.08599853515625,42.67599868774414,43.03799819946289,31.055030822753906,2483500,CF,yfinance,2026-02-10T05:08:32.006375+00:00
2013-11-25,42.99599838256836,43.09000015258789,42.66600036621094,42.72800064086914,30.83135223388672,4129000,CF,yfinance,2026-02-10T05:08:32.006375+00:00
2013-11-26,42.874000549316406,43.16400146484375,42.54399871826172,42.86800003051758,30.93235969543457,2134500,CF,yfinance,2026-02-10T05:08:32.006375+00:00
2013-11-27,42.933998107910156,43.534000396728516,42.917999267578125,43.29999923706055,31.24408721923828,2169000,CF,yfinance,2026-02-10T05:08:32.006375+00:00
2013-11-29,43.375999450683594,43.981998443603516,43.17599868774414,43.47600173950195,31.371089935302734,905000,CF,yfinance,2026-02-10T05:08:32.006375+00:00
2013-12-02,43.571998596191406,43.959999084472656,43.37799835205078,43.402000427246094,31.31768035888672,2542000,CF,yfinance,2026-02-10T05:08:32.006375+00:00
2013-12-03,43.38999938964844,43.5,42.7400016784668,42.8380012512207,30.910722732543945,2671500,CF,yfinance,2026-02-10T05:08:32.006375+00:00
2013-12-04,45.41999816894531,47.486000061035156,45.0,47.41400146484375,34.21263885498047,21233000,CF,yfinance,2026-02-10T05:08:32.006375+00:00
2013-12-05,47.65800094604492,47.880001068115234,46.96200180053711,47.124000549316406,34.003387451171875,9026500,CF,yfinance,2026-02-10T05:08:32.006375+00:00
2013-12-06,47.582000732421875,47.63800048828125,46.55400085449219,46.61800003051758,33.63825988769531,3563500,CF,yfinance,2026-02-10T05:08:32.006375+00:00
2013-12-09,46.61800003051758,46.821998596191406,46.150001525878906,46.31800079345703,33.42179870605469,3618000,CF,yfinance,2026-02-10T05:08:32.006375+00:00
2013-12-10,46.31800079345703,46.736000061035156,45.832000732421875,45.95399856567383,33.159149169921875,3364000,CF,yfinance,2026-02-10T05:08:32.006375+00:00
2013-12-11,46.0,46.0,45.486000061035156,45.619998931884766,32.91813659667969,2510500,CF,yfinance,2026-02-10T05:08:32.006375+00:00
2013-12-12,45.5,45.7239990234375,45.08399963378906,45.13399887084961,32.56745147705078,3031500,CF,yfinance,2026-02-10T05:08:32.006375+00:00
2013-12-13,45.29800033569336,45.61199951171875,45.03799819946289,45.11000061035156,32.55013656616211,2676500,CF,yfinance,2026-02-10T05:08:32.006375+00:00
2013-12-16,45.38199996948242,45.5359992980957,44.50199890136719,45.32600021362305,32.705997467041016,4086500,CF,yfinance,2026-02-10T05:08:32.006375+00:00
2013-12-17,45.12799835205078,46.082000732421875,45.099998474121094,45.93000030517578,33.14181900024414,4771500,CF,yfinance,2026-02-10T05:08:32.006375+00:00
2013-12-18,45.805999755859375,46.040000915527344,44.65599822998047,45.64799880981445,32.9383430480957,3936000,CF,yfinance,2026-02-10T05:08:32.006375+00:00
2013-12-19,45.231998443603516,45.948001861572266,45.231998443603516,45.604000091552734,32.90658950805664,2485000,CF,yfinance,2026-02-10T05:08:32.006375+00:00
2013-12-20,45.2760009765625,45.689998626708984,45.2760009765625,45.599998474121094,32.9036979675293,4103000,CF,yfinance,2026-02-10T05:08:32.006375+00:00
2013-12-23,45.95000076293945,46.54800033569336,45.61800003051758,46.2239990234375,33.35396957397461,2569000,CF,yfinance,2026-02-10T05:08:32.006375+00:00
2013-12-24,46.16600036621094,46.72200012207031,46.16600036621094,46.32400131225586,33.42613983154297,954500,CF,yfinance,2026-02-10T05:08:32.006375+00:00
2013-12-26,46.47800064086914,46.900001525878906,46.395999908447266,46.529998779296875,33.57475662231445,1269000,CF,yfinance,2026-02-10T05:08:32.006375+00:00
2013-12-27,46.529998779296875,46.61600112915039,45.88999938964844,46.22600173950195,33.355403900146484,1941000,CF,yfinance,2026-02-10T05:08:32.006375+00:00
2013-12-30,46.327999114990234,46.5359992980957,45.64400100708008,46.36399841308594,33.454978942871094,2246000,CF,yfinance,2026-02-10T05:08:32.006375+00:00
2013-12-31,46.36000061035156,46.7400016784668,46.284000396728516,46.608001708984375,33.63105773925781,2059000,CF,yfinance,2026-02-10T05:08:32.006375+00:00
2014-01-02,46.60599899291992,47.36000061035156,46.45800018310547,46.737998962402344,33.72484588623047,3460000,CF,yfinance,2026-02-10T05:08:32.006375+00:00
2014-01-03,46.88199996948242,46.97999954223633,46.237998962402344,46.41600036621094,33.49250411987305,2272500,CF,yfinance,2026-02-10T05:08:32.006375+00:00
2014-01-06,46.63199996948242,46.74399948120117,45.70399856567383,45.79800033569336,33.04657745361328,4105000,CF,yfinance,2026-02-10T05:08:32.006375+00:00
2014-01-07,45.79999923706055,46.150001525878906,45.119998931884766,46.09199905395508,33.25870132446289,4197500,CF,yfinance,2026-02-10T05:08:32.006375+00:00
2014-01-08,45.82600021362305,47.060001373291016,45.757999420166016,46.71200180053711,33.70609664916992,6478500,CF,yfinance,2026-02-10T05:08:32.006375+00:00
2014-01-09,46.650001525878906,48.332000732421875,46.599998474121094,47.99800109863281,34.634033203125,7422000,CF,yfinance,2026-02-10T05:08:32.006375+00:00
2014-01-10,48.145999908447266,49.38999938964844,48.018001556396484,49.231998443603516,35.52445602416992,5428500,CF,yfinance,2026-02-10T05:08:32.006375+00:00
2014-01-13,49.040000915527344,49.555999755859375,48.698001861572266,48.928001403808594,35.305091857910156,5027500,CF,yfinance,2026-02-10T05:08:32.006375+00:00
2014-01-14,48.790000915527344,49.810001373291016,48.709999084472656,49.13199996948242,35.45230484008789,5386500,CF,yfinance,2026-02-10T05:08:32.006375+00:00
2014-01-15,49.305999755859375,49.7400016784668,49.2400016784668,49.68600082397461,35.85204315185547,3444500,CF,yfinance,2026-02-10T05:08:32.006375+00:00
2014-01-16,49.41999816894531,49.81999969482422,49.2400016784668,49.689998626708984,35.854949951171875,2134500,CF,yfinance,2026-02-10T05:08:32.006375+00:00
2014-01-17,49.768001556396484,49.768001556396484,48.99399948120117,49.1619987487793,35.47394561767578,2040500,CF,yfinance,2026-02-10T05:08:32.006375+00:00
2014-01-21,49.439998626708984,49.810001373291016,49.20199966430664,49.301998138427734,35.57497024536133,2913500,CF,yfinance,2026-02-10T05:08:32.006375+00:00
2014-01-22,49.305999755859375,49.459999084472656,48.31800079345703,48.487998962402344,34.98761749267578,3268000,CF,yfinance,2026-02-10T05:08:32.006375+00:00
2014-01-23,48.391998291015625,48.95399856567383,47.599998474121094,47.93199920654297,34.58641052246094,4231000,CF,yfinance,2026-02-10T05:08:32.006375+00:00
2014-01-24,47.77199935913086,47.77199935913086,46.52799987792969,46.5359992980957,33.57909393310547,3944000,CF,yfinance,2026-02-10T05:08:32.006375+00:00
2014-01-27,46.61000061035156,46.83399963378906,46.040000915527344,46.358001708984375,33.450660705566406,3984000,CF,yfinance,2026-02-10T05:08:32.006375+00:00
2014-01-28,46.380001068115234,47.236000061035156,46.17399978637695,46.981998443603516,33.900917053222656,4228000,CF,yfinance,2026-02-10T05:08:32.006375+00:00
2014-01-29,46.40800094604492,46.95000076293945,45.891998291015625,45.91400146484375,33.130271911621094,4803000,CF,yfinance,2026-02-10T05:08:32.006375+00:00
2014-01-30,46.02000045776367,47.18000030517578,45.50199890136719,46.51599884033203,33.56467056274414,4244000,CF,yfinance,2026-02-10T05:08:32.006375+00:00
2014-01-31,46.0260009765625,46.667999267578125,46.007999420166016,46.172000885009766,33.31644058227539,3682500,CF,yfinance,2026-02-10T05:08:32.006375+00:00
2014-02-03,46.268001556396484,46.56800079345703,45.15800094604492,45.22600173950195,32.63383865356445,4644500,CF,yfinance,2026-02-10T05:08:32.006375+00:00
2014-02-04,45.22600173950195,45.9379997253418,44.61600112915039,44.98400115966797,32.4592170715332,4521000,CF,yfinance,2026-02-10T05:08:32.006375+00:00
2014-02-05,44.68600082397461,45.69200134277344,44.02399826049805,45.54999923706055,32.867637634277344,4413000,CF,yfinance,2026-02-10T05:08:32.006375+00:00
2014-02-06,45.625999450683594,46.104000091552734,45.50199890136719,45.986000061035156,33.182220458984375,2893500,CF,yfinance,2026-02-10T05:08:32.006375+00:00
2014-02-07,46.02000045776367,46.875999450683594,45.959999084472656,46.8120002746582,33.77824401855469,3340000,CF,yfinance,2026-02-10T05:08:32.006375+00:00
2014-02-10,46.77399826049805,47.534000396728516,46.52199935913086,46.577999114990234,33.60939407348633,4617000,CF,yfinance,2026-02-10T05:08:32.006375+00:00
2014-02-11,46.7859992980957,47.0260009765625,46.141998291015625,46.21200180053711,33.34530258178711,5338000,CF,yfinance,2026-02-10T05:08:32.006375+00:00
2014-02-12,45.88800048828125,46.0,45.29800033569336,45.736000061035156,33.14527893066406,9237500,CF,yfinance,2026-02-10T05:08:32.006375+00:00
2014-02-13,45.577999114990234,46.4379997253418,45.439998626708984,46.24599838256836,33.514896392822266,8174500,CF,yfinance,2026-02-10T05:08:32.006375+00:00
2014-02-14,46.29999923706055,46.6879997253418,46.01599884033203,46.33000183105469,33.57575988769531,7555000,CF,yfinance,2026-02-10T05:08:32.006375+00:00
2014-02-18,46.20000076293945,46.374000549316406,44.4640007019043,45.237998962402344,32.78438186645508,11800000,CF,yfinance,2026-02-10T05:08:32.006375+00:00
2014-02-19,47.349998474121094,49.91999816894531,47.27799987792969,47.52399826049805,34.44105911254883,14528000,CF,yfinance,2026-02-10T05:08:32.006375+00:00
2014-02-20,47.70000076293945,48.354000091552734,47.6879997253418,48.172000885009766,34.91067886352539,4620500,CF,yfinance,2026-02-10T05:08:32.006375+00:00
2014-02-21,48.2400016784668,48.875999450683594,47.9119987487793,48.59400177001953,35.21650695800781,5020000,CF,yfinance,2026-02-10T05:08:32.006375+00:00
2014-02-24,48.444000244140625,49.20399856567383,48.444000244140625,48.55799865722656,35.1904182434082,6802000,CF,yfinance,2026-02-10T05:08:32.006375+00:00
2014-02-25,48.56999969482422,49.04999923706055,48.54999923706055,48.58599853515625,35.21070861816406,3799000,CF,yfinance,2026-02-10T05:08:32.006375+00:00
2014-02-26,48.736000061035156,49.16600036621094,48.529998779296875,48.85599899291992,35.40637969970703,3136500,CF,yfinance,2026-02-10T05:08:32.006375+00:00
2014-02-27,48.61399841308594,49.93000030517578,48.56999969482422,49.810001373291016,36.09775161743164,4751500,CF,yfinance,2026-02-10T05:08:32.006375+00:00
2014-02-28,50.0,50.2599983215332,49.82400131225586,50.18000030517578,36.36589431762695,4825500,CF,yfinance,2026-02-10T05:08:32.006375+00:00
2014-03-03,50.60200119018555,51.39799880981445,50.507999420166016,51.17399978637695,37.086246490478516,6819000,CF,yfinance,2026-02-10T05:08:32.006375+00:00
2014-03-04,51.50400161743164,51.810001373291016,50.72200012207031,51.40399932861328,37.25294494628906,6935000,CF,yfinance,2026-02-10T05:08:32.006375+00:00
2014-03-05,51.41999816894531,52.90599822998047,50.95800018310547,52.555999755859375,38.08780288696289,5446000,CF,yfinance,2026-02-10T05:08:32.006375+00:00
2014-03-06,52.40800094604492,53.16999816894531,52.22200012207031,52.82600021362305,38.28346633911133,4220500,CF,yfinance,2026-02-10T05:08:32.006375+00:00
2014-03-07,52.922000885009766,53.551998138427734,51.97600173950195,52.21799850463867,37.842838287353516,6431000,CF,yfinance,2026-02-10T05:08:32.006375+00:00
2014-03-10,52.18000030517578,53.13199996948242,51.52799987792969,52.895999908447266,38.33420944213867,4458500,CF,yfinance,2026-02-10T05:08:32.006375+00:00
2014-03-11,52.84600067138672,52.84600067138672,51.492000579833984,51.50400161743164,37.32541275024414,5753000,CF,yfinance,2026-02-10T05:08:32.006375+00:00
2014-03-12,51.0,51.400001525878906,50.36199951171875,51.14799880981445,37.06741714477539,6832500,CF,yfinance,2026-02-10T05:08:32.006375+00:00
2014-03-13,51.29999923706055,51.486000061035156,50.0880012512207,50.305999755859375,36.45722198486328,5756500,CF,yfinance,2026-02-10T05:08:32.006375+00:00
2014-03-14,50.20000076293945,50.54800033569336,49.992000579833984,50.4640007019043,36.571712493896484,5250500,CF,yfinance,2026-02-10T05:08:32.006375+00:00
2014-03-17,50.63600158691406,51.11800003051758,50.10599899291992,50.18000030517578,36.36589431762695,3351500,CF,yfinance,2026-02-10T05:08:32.006375+00:00
2014-03-18,50.20000076293945,50.9900016784668,50.18199920654297,50.93199920654297,36.9108772277832,3366500,CF,yfinance,2026-02-10T05:08:32.006375+00:00
2014-03-19,50.895999908447266,51.263999938964844,50.20399856567383,50.459999084472656,36.56880569458008,2403000,CF,yfinance,2026-02-10T05:08:32.006375+00:00
2014-03-20,50.33000183105469,50.678001403808594,49.98400115966797,50.290000915527344,36.44561767578125,3137000,CF,yfinance,2026-02-10T05:08:32.006375+00:00
2014-03-21,50.74399948120117,51.25199890136719,50.50199890136719,50.79999923706055,36.81521224975586,6171500,CF,yfinance,2026-02-10T05:08:32.006375+00:00
2014-03-24,51.007999420166016,51.321998596191406,50.16999816894531,50.54399871826172,36.62969207763672,4399500,CF,yfinance,2026-02-10T05:08:32.006375+00:00
2014-03-25,50.75,51.38199996948242,50.60200119018555,50.944000244140625,36.91957092285156,2831000,CF,yfinance,2026-02-10T05:08:32.006375+00:00
2014-03-26,51.375999450683594,51.4739990234375,50.30400085449219,50.31999969482422,36.467342376708984,2648500,CF,yfinance,2026-02-10T05:08:32.006375+00:00
2014-03-27,50.25400161743164,51.0099983215332,50.066001892089844,50.94200134277344,36.91812515258789,3607000,CF,yfinance,2026-02-10T05:08:32.006375+00:00
2014-03-28,50.77199935913086,51.79399871826172,50.77199935913086,51.55799865722656,37.36453628540039,3178000,CF,yfinance,2026-02-10T05:08:32.006375+00:00
2014-03-31,51.61600112915039,52.2599983215332,50.70800018310547,52.12799835205078,37.77762222290039,5067500,CF,yfinance,2026-02-10T05:08:32.006375+00:00
2014-04-01,52.31999969482422,53.38800048828125,51.75400161743164,53.2760009765625,38.60959243774414,5828500,CF,yfinance,2026-02-10T05:08:32.006375+00:00
2014-04-02,52.61800003051758,53.38199996948242,52.27799987792969,53.0880012512207,38.47334289550781,4946500,CF,yfinance,2026-02-10T05:08:32.006375+00:00
2014-04-03,52.42399978637695,52.79800033569336,51.78200149536133,51.9640007019043,37.65877914428711,4240000,CF,yfinance,2026-02-10T05:08:32.006375+00:00
2014-04-04,52.20000076293945,52.36800003051758,50.92399978637695,51.124000549316406,37.050025939941406,4025500,CF,yfinance,2026-02-10T05:08:32.006375+00:00
2014-04-07,51.1879997253418,51.47800064086914,50.12200164794922,50.369998931884766,36.50358200073242,3089500,CF,yfinance,2026-02-10T05:08:32.006375+00:00
2014-04-08,50.47600173950195,51.11399841308594,50.321998596191406,50.88600158691406,36.877525329589844,3372500,CF,yfinance,2026-02-10T05:08:32.006375+00:00
2014-04-09,50.88600158691406,51.53200149536133,50.77199935913086,51.082000732421875,37.01958084106445,3270000,CF,yfinance,2026-02-10T05:08:32.006375+00:00
2014-04-10,50.49800109863281,50.79999923706055,49.00199890136719,49.152000427246094,35.62088394165039,5645500,CF,yfinance,2026-02-10T05:08:32.006375+00:00
2014-04-11,48.82600021362305,48.90599822998047,47.47600173950195,47.54399871826172,34.45555877685547,7857000,CF,yfinance,2026-02-10T05:08:32.006375+00:00
2014-04-14,46.8120002746582,48.237998962402344,46.47999954223633,48.198001861572266,34.92952346801758,4398500,CF,yfinance,2026-02-10T05:08:32.006375+00:00
2014-04-15,48.2400016784668,48.694000244140625,47.7400016784668,48.172000885009766,34.91067886352539,3759000,CF,yfinance,2026-02-10T05:08:32.006375+00:00
2014-04-16,48.58599853515625,49.58399963378906,48.417999267578125,49.54399871826172,35.90497589111328,3509500,CF,yfinance,2026-02-10T05:08:32.006375+00:00
2014-04-17,49.36000061035156,49.42399978637695,48.46200180053711,48.46799850463867,35.12519073486328,3128500,CF,yfinance,2026-02-10T05:08:32.006375+00:00
2014-04-21,48.61800003051758,48.61800003051758,48.071998596191406,48.24399948120117,34.96285629272461,2634500,CF,yfinance,2026-02-10T05:08:32.006375+00:00
2014-04-22,48.183998107910156,48.4900016784668,47.06399917602539,48.38600158691406,35.06576156616211,4145500,CF,yfinance,2026-02-10T05:08:32.006375+00:00
2014-04-23,48.54199981689453,48.96799850463867,48.36199951171875,48.63800048828125,35.2484016418457,2712000,CF,yfinance,2026-02-10T05:08:32.006375+00:00
2014-04-24,48.8120002746582,48.8120002746582,48.0,48.05799865722656,34.82805633544922,2679000,CF,yfinance,2026-02-10T05:08:32.006375+00:00
2014-04-25,47.95800018310547,48.36600112915039,47.66600036621094,48.13800048828125,34.88604736328125,3173000,CF,yfinance,2026-02-10T05:08:32.006375+00:00
2014-04-28,48.25400161743164,48.72800064086914,48.0,48.400001525878906,35.07591247558594,2120500,CF,yfinance,2026-02-10T05:08:32.006375+00:00
2014-04-29,48.70600128173828,49.10599899291992,48.27199935913086,48.88999938964844,35.43102264404297,2828000,CF,yfinance,2026-02-10T05:08:32.006375+00:00
2014-04-30,48.869998931884766,49.2400016784668,48.57600021362305,49.034000396728516,35.53538131713867,2026000,CF,yfinance,2026-02-10T05:08:32.006375+00:00
2014-05-01,48.948001861572266,49.06399917602539,48.347999572753906,48.400001525878906,35.07591247558594,2867500,CF,yfinance,2026-02-10T05:08:32.006375+00:00
2014-05-02,48.448001861572266,48.900001525878906,48.310001373291016,48.67399978637695,35.274478912353516,1950000,CF,yfinance,2026-02-10T05:08:32.006375+00:00
2014-05-05,48.49399948120117,49.012001037597656,48.439998626708984,48.90399932861328,35.4411506652832,1468500,CF,yfinance,2026-02-10T05:08:32.006375+00:00
2014-05-06,48.72600173950195,49.03200149536133,48.14799880981445,48.70399856567383,35.29623031616211,2264000,CF,yfinance,2026-02-10T05:08:32.006375+00:00
2014-05-07,48.810001373291016,49.06800079345703,48.279998779296875,48.97200012207031,35.490447998046875,2594500,CF,yfinance,2026-02-10T05:08:32.006375+00:00
2014-05-08,48.2400016784668,49.645999908447266,46.79999923706055,48.27399826049805,34.984596252441406,7675500,CF,yfinance,2026-02-10T05:08:32.006375+00:00
2014-05-09,48.10200119018555,48.31399917602539,46.869998931884766,47.13199996948242,34.156982421875,5447500,CF,yfinance,2026-02-10T05:08:32.006375+00:00
2014-05-12,47.448001861572266,48.7760009765625,47.20199966430664,48.33599853515625,35.02952194213867,5475500,CF,yfinance,2026-02-10T05:08:32.006375+00:00
2014-05-13,48.81800079345703,50.0,48.46200180053711,49.79199981689453,36.0847053527832,5239000,CF,yfinance,2026-02-10T05:08:32.006375+00:00
2014-05-14,49.70000076293945,50.11000061035156,49.534000396728516,49.599998474121094,36.09054183959961,3882500,CF,yfinance,2026-02-10T05:08:32.006375+00:00
2014-05-15,49.290000915527344,49.40599822998047,47.5880012512207,47.84000015258789,34.809898376464844,5513500,CF,yfinance,2026-02-10T05:08:32.006375+00:00
2014-05-16,47.70800018310547,48.29999923706055,47.327999114990234,48.14799880981445,35.03399658203125,8121500,CF,yfinance,2026-02-10T05:08:32.006375+00:00
2014-05-19,48.178001403808594,49.54600143432617,47.875999450683594,49.25,35.83585739135742,4061500,CF,yfinance,2026-02-10T05:08:32.006375+00:00
2014-05-20,49.22800064086914,49.93000030517578,49.183998107910156,49.35599899291992,35.912967681884766,3406000,CF,yfinance,2026-02-10T05:08:32.006375+00:00
2014-05-21,49.439998626708984,49.880001068115234,48.97200012207031,49.099998474121094,35.726715087890625,3942000,CF,yfinance,2026-02-10T05:08:32.006375+00:00
2014-05-22,49.08399963378906,49.40999984741211,48.61199951171875,48.922000885009766,35.597190856933594,3803000,CF,yfinance,2026-02-10T05:08:32.006375+00:00
2014-05-23,48.96200180053711,49.35200119018555,48.66400146484375,49.332000732421875,35.8955192565918,2806500,CF,yfinance,2026-02-10T05:08:32.006375+00:00
2014-05-27,49.354000091552734,49.81399917602539,49.16600036621094,49.46799850463867,35.99448013305664,2874000,CF,yfinance,2026-02-10T05:08:32.006375+00:00
2014-05-28,49.38399887084961,49.71799850463867,48.354000091552734,48.374000549316406,35.19845962524414,3987500,CF,yfinance,2026-02-10T05:08:32.006375+00:00
2014-05-29,48.4640007019043,48.91400146484375,47.99599838256836,48.46799850463867,35.266849517822266,3622000,CF,yfinance,2026-02-10T05:08:32.006375+00:00
2014-05-30,48.2239990234375,48.827999114990234,48.172000885009766,48.6619987487793,35.40800476074219,4403000,CF,yfinance,2026-02-10T05:08:32.006375+00:00
2014-06-02,48.66400146484375,49.327999114990234,48.66400146484375,48.900001525878906,35.581180572509766,3580000,CF,yfinance,2026-02-10T05:08:32.006375+00:00
2014-06-03,48.87799835205078,49.45000076293945,48.76599884033203,48.88800048828125,35.57246017456055,3298500,CF,yfinance,2026-02-10T05:08:32.006375+00:00
2014-06-04,48.869998931884766,49.18000030517578,48.61000061035156,48.986000061035156,35.643760681152344,4229000,CF,yfinance,2026-02-10T05:08:32.006375+00:00
2014-06-05,49.25,49.47800064086914,48.599998474121094,48.97600173950195,35.6364860534668,2516000,CF,yfinance,2026-02-10T05:08:32.006375+00:00
2014-06-06,49.2400016784668,49.369998931884766,48.900001525878906,49.097999572753906,35.725242614746094,2434500,CF,yfinance,2026-02-10T05:08:32.006375+00:00
2014-06-09,49.060001373291016,49.39799880981445,48.52799987792969,48.75199890136719,35.47350311279297,2819000,CF,yfinance,2026-02-10T05:08:32.006375+00:00
2014-06-10,48.65599822998047,48.65599822998047,48.097999572753906,48.57600021362305,35.345436096191406,2596500,CF,yfinance,2026-02-10T05:08:32.006375+00:00
2014-06-11,48.22999954223633,48.22999954223633,47.678001403808594,47.849998474121094,34.817176818847656,3085000,CF,yfinance,2026-02-10T05:08:32.006375+00:00
2014-06-12,47.630001068115234,47.83399963378906,46.992000579833984,47.18600082397461,34.33403015136719,3154500,CF,yfinance,2026-02-10T05:08:32.006375+00:00
2014-06-13,47.152000427246094,47.18199920654297,46.67599868774414,47.04800033569336,34.23362350463867,2969000,CF,yfinance,2026-02-10T05:08:32.006375+00:00
2014-06-16,47.0359992980957,47.9379997253418,47.0,47.88399887084961,34.8419075012207,4368000,CF,yfinance,2026-02-10T05:08:32.006375+00:00
2014-06-17,47.77199935913086,48.380001068115234,47.529998779296875,48.310001373291016,35.151878356933594,2268500,CF,yfinance,2026-02-10T05:08:32.006375+00:00
2014-06-18,48.577999114990234,48.84400177001953,48.2400016784668,48.7760009765625,35.4909553527832,2682500,CF,yfinance,2026-02-10T05:08:32.006375+00:00
2014-06-19,48.94599914550781,49.34000015258789,48.38800048828125,49.198001861572266,35.79802703857422,3479000,CF,yfinance,2026-02-10T05:08:32.006375+00:00
2014-06-20,49.39799880981445,49.5260009765625,48.874000549316406,49.198001861572266,35.79802703857422,3683000,CF,yfinance,2026-02-10T05:08:32.006375+00:00
2014-06-23,49.108001708984375,49.39799880981445,48.86000061035156,49.10599899291992,35.731082916259766,1648500,CF,yfinance,2026-02-10T05:08:32.006375+00:00
2014-06-24,49.02799987792969,49.03200149536133,48.16999816894531,48.20600128173828,35.07621383666992,2562000,CF,yfinance,2026-02-10T05:08:32.006375+00:00
2014-06-25,47.96799850463867,48.62200164794922,47.93199920654297,48.34600067138672,35.17807388305664,2270000,CF,yfinance,2026-02-10T05:08:32.006375+00:00
2014-06-26,48.52000045776367,48.52000045776367,47.78200149536133,48.29600143432617,35.14170455932617,2136000,CF,yfinance,2026-02-10T05:08:32.006375+00:00
2014-06-27,48.00199890136719,48.141998291015625,47.69599914550781,48.05400085449219,34.965614318847656,3029500,CF,yfinance,2026-02-10T05:08:32.006375+00:00
2014-06-30,48.13600158691406,48.63999938964844,47.91600036621094,48.10599899291992,35.003448486328125,4273500,CF,yfinance,2026-02-10T05:08:32.006375+00:00
2014-07-01,48.45600128173828,48.91400146484375,48.22600173950195,48.81800079345703,35.52153396606445,2922500,CF,yfinance,2026-02-10T05:08:32.006375+00:00
2014-07-02,48.77199935913086,49.097999572753906,48.42399978637695,48.93000030517578,35.603004455566406,2516500,CF,yfinance,2026-02-10T05:08:32.006375+00:00
2014-07-03,48.944000244140625,49.13999938964844,48.71200180053711,49.08399963378906,35.71506118774414,1533000,CF,yfinance,2026-02-10T05:08:32.006375+00:00
2014-07-07,48.987998962402344,49.11800003051758,48.37200164794922,48.439998626708984,35.24647521972656,2680500,CF,yfinance,2026-02-10T05:08:32.006375+00:00
2014-07-08,48.36000061035156,49.0260009765625,47.9640007019043,49.0,35.653953552246094,3787000,CF,yfinance,2026-02-10T05:08:32.006375+00:00
2014-07-09,48.986000061035156,48.986000061035156,48.5359992980957,48.62799835205078,35.383270263671875,2170000,CF,yfinance,2026-02-10T05:08:32.006375+00:00
2014-07-10,48.066001892089844,48.29600143432617,47.77199935913086,48.09199905395508,34.99325942993164,2349000,CF,yfinance,2026-02-10T05:08:32.006375+00:00
2014-07-11,47.97200012207031,48.145999908447266,47.709999084472656,47.95600128173828,34.89430618286133,1730500,CF,yfinance,2026-02-10T05:08:32.006375+00:00
2014-07-14,48.10599899291992,48.220001220703125,47.832000732421875,48.2140007019043,35.08202362060547,2826500,CF,yfinance,2026-02-10T05:08:32.006375+00:00
2014-07-15,48.31800079345703,48.768001556396484,48.2400016784668,48.61000061035156,35.370174407958984,2214000,CF,yfinance,2026-02-10T05:08:32.006375+00:00
2014-07-16,48.763999938964844,49.077999114990234,48.763999938964844,49.066001892089844,35.70197296142578,2252000,CF,yfinance,2026-02-10T05:08:32.006375+00:00
2014-07-17,48.79800033569336,51.055999755859375,48.75,50.16999816894531,36.505271911621094,7626000,CF,yfinance,2026-02-10T05:08:32.006375+00:00
2014-07-18,50.25,50.599998474121094,49.93199920654297,50.507999420166016,36.751216888427734,4470500,CF,yfinance,2026-02-10T05:08:32.006375+00:00
2014-07-21,50.257999420166016,50.597999572753906,50.02799987792969,50.45000076293945,36.70902633666992,2247000,CF,yfinance,2026-02-10T05:08:32.006375+00:00
2014-07-22,50.64400100708008,51.0620002746582,50.513999938964844,50.76599884033203,36.93893814086914,2531000,CF,yfinance,2026-02-10T05:08:32.006375+00:00
2014-07-23,50.810001373291016,50.847999572753906,50.33599853515625,50.4379997253418,36.70028305053711,2258000,CF,yfinance,2026-02-10T05:08:32.006375+00:00
2014-07-24,50.91400146484375,51.45800018310547,50.720001220703125,50.9119987487793,37.045188903808594,4598000,CF,yfinance,2026-02-10T05:08:32.006375+00:00
2014-07-25,50.689998626708984,50.86600112915039,50.428001403808594,50.52199935913086,36.761390686035156,2133000,CF,yfinance,2026-02-10T05:08:32.006375+00:00
2014-07-28,50.3380012512207,51.01599884033203,50.33000183105469,50.99800109863281,37.107749938964844,2445000,CF,yfinance,2026-02-10T05:08:32.006375+00:00
2014-07-29,50.99599838256836,51.27199935913086,50.810001373291016,51.00600051879883,37.11356735229492,2035500,CF,yfinance,2026-02-10T05:08:32.006375+00:00
2014-07-30,51.12200164794922,51.33599853515625,50.79800033569336,50.92399978637695,37.053916931152344,2176500,CF,yfinance,2026-02-10T05:08:32.006375+00:00
2014-07-31,50.50400161743164,50.880001068115234,49.981998443603516,50.06800079345703,36.431060791015625,3498500,CF,yfinance,2026-02-10T05:08:32.006375+00:00
2014-08-01,49.39799880981445,50.59199905395508,49.39799880981445,50.518001556396484,36.75848388671875,2940500,CF,yfinance,2026-02-10T05:08:32.006375+00:00
2014-08-04,50.652000427246094,50.694000244140625,50.07400131225586,50.486000061035156,36.73521041870117,3333000,CF,yfinance,2026-02-10T05:08:32.006375+00:00
2014-08-05,50.07600021362305,50.83399963378906,49.86800003051758,49.933998107910156,36.333560943603516,4289500,CF,yfinance,2026-02-10T05:08:32.006375+00:00
2014-08-06,49.57400131225586,50.7400016784668,49.459999084472656,50.61399841308594,36.82834243774414,4784000,CF,yfinance,2026-02-10T05:08:32.006375+00:00
2014-08-07,50.84000015258789,50.84199905395508,48.13399887084961,48.762001037597656,35.48076629638672,10106000,CF,yfinance,2026-02-10T05:08:32.006375+00:00
2014-08-08,48.72200012207031,49.39400100708008,48.513999938964844,49.374000549316406,35.92607116699219,3829500,CF,yfinance,2026-02-10T05:08:32.006375+00:00
2014-08-11,49.59000015258789,49.689998626708984,49.13600158691406,49.38999938964844,35.937721252441406,2821500,CF,yfinance,2026-02-10T05:08:32.006375+00:00
2014-08-12,49.38999938964844,49.89400100708008,49.31399917602539,49.5620002746582,36.06288528442383,2206500,CF,yfinance,2026-02-10T05:08:32.006375+00:00
2014-08-13,49.63600158691406,49.694000244140625,49.051998138427734,49.2400016784668,35.82858657836914,2857500,CF,yfinance,2026-02-10T05:08:32.006375+00:00
2014-08-14,49.2140007019043,49.69599914550781,49.03200149536133,49.486000061035156,36.22831344604492,2964500,CF,yfinance,2026-02-10T05:08:32.006375+00:00
2014-08-15,49.604000091552734,50.59199905395508,49.5620002746582,50.481998443603516,36.95746612548828,4703000,CF,yfinance,2026-02-10T05:08:32.006375+00:00
2014-08-18,50.83000183105469,51.47600173950195,50.6879997253418,51.38800048828125,37.620750427246094,3237500,CF,yfinance,2026-02-10T05:08:32.006375+00:00
2014-08-19,51.650001525878906,52.220001220703125,51.215999603271484,51.3120002746582,37.56509780883789,4015000,CF,yfinance,2026-02-10T05:08:32.006375+00:00
2014-08-20,51.29600143432617,51.52199935913086,50.86000061035156,51.492000579833984,37.69688034057617,1801000,CF,yfinance,2026-02-10T05:08:32.006375+00:00
2014-08-21,51.731998443603516,52.051998138427734,51.22999954223633,51.7400016784668,37.8784294128418,2769500,CF,yfinance,2026-02-10T05:08:32.006375+00:00
2014-08-22,51.672000885009766,51.97800064086914,51.198001861572266,51.23400115966797,37.50799560546875,1711000,CF,yfinance,2026-02-10T05:08:32.006375+00:00
2014-08-25,51.321998596191406,51.67599868774414,51.20199966430664,51.58399963378906,37.764225006103516,1558000,CF,yfinance,2026-02-10T05:08:32.006375+00:00
2014-08-26,51.7140007019043,51.8380012512207,51.39799880981445,51.763999938964844,37.89601516723633,1640000,CF,yfinance,2026-02-10T05:08:32.006375+00:00
2014-08-27,51.90800094604492,52.145999908447266,51.779998779296875,51.93600082397461,38.021934509277344,2296500,CF,yfinance,2026-02-10T05:08:32.006375+00:00
2014-08-28,51.65800094604492,52.11800003051758,51.347999572753906,52.04999923706055,38.10538101196289,2332000,CF,yfinance,2026-02-10T05:08:32.006375+00:00
2014-08-29,52.03799819946289,52.198001861572266,51.2859992980957,51.534000396728516,37.72762680053711,2275000,CF,yfinance,2026-02-10T05:08:32.006375+00:00
2014-09-02,51.79600143432617,51.810001373291016,51.104000091552734,51.30400085449219,37.55924606323242,2837500,CF,yfinance,2026-02-10T05:08:32.006375+00:00
2014-09-03,51.71200180053711,51.77799987792969,51.10200119018555,51.141998291015625,37.440650939941406,2051500,CF,yfinance,2026-02-10T05:08:32.006375+00:00
2014-09-04,51.310001373291016,51.310001373291016,50.61199951171875,50.89400100708008,37.259090423583984,2156000,CF,yfinance,2026-02-10T05:08:32.006375+00:00
2014-09-05,50.757999420166016,50.832000732421875,50.37200164794922,50.77799987792969,37.174156188964844,3739000,CF,yfinance,2026-02-10T05:08:32.006375+00:00
2014-09-08,50.6879997253418,50.77000045776367,50.39799880981445,50.61600112915039,37.05556869506836,1836500,CF,yfinance,2026-02-10T05:08:32.006375+00:00
2014-09-09,50.84000015258789,50.86800003051758,50.066001892089844,50.194000244140625,36.74661636352539,3383000,CF,yfinance,2026-02-10T05:08:32.006375+00:00
2014-09-10,50.231998443603516,50.347999572753906,49.641998291015625,50.29999923706055,36.82423782348633,3606500,CF,yfinance,2026-02-10T05:08:32.006375+00:00
2014-09-11,49.91400146484375,50.46799850463867,49.7239990234375,50.15399932861328,36.71733856201172,1855500,CF,yfinance,2026-02-10T05:08:32.006375+00:00
2014-09-12,50.10200119018555,50.358001708984375,49.84199905395508,50.12799835205078,36.698307037353516,2155500,CF,yfinance,2026-02-10T05:08:32.006375+00:00
2014-09-15,50.099998474121094,50.487998962402344,50.012001037597656,50.40800094604492,36.903282165527344,2948000,CF,yfinance,2026-02-10T05:08:32.006375+00:00
2014-09-16,50.29999923706055,51.099998474121094,50.24800109863281,50.891998291015625,37.257625579833984,2523500,CF,yfinance,2026-02-10T05:08:32.006375+00:00
2014-09-17,50.9640007019043,51.59400177001953,50.900001525878906,51.262001037597656,37.52850341796875,3059500,CF,yfinance,2026-02-10T05:08:32.006375+00:00
2014-09-18,51.54600143432617,52.04999923706055,51.34000015258789,51.94200134277344,38.02632522583008,2781000,CF,yfinance,2026-02-10T05:08:32.006375+00:00
2014-09-19,52.20399856567383,52.50199890136719,51.67599868774414,51.67599868774414,37.83159255981445,5362000,CF,yfinance,2026-02-10T05:08:32.006375+00:00
2014-09-22,51.64400100708008,51.75400161743164,50.95199966430664,51.15599822998047,37.45089340209961,3632500,CF,yfinance,2026-02-10T05:08:32.006375+00:00
2014-09-23,53.45000076293945,55.02799987792969,52.066001892089844,53.874000549316406,39.44072341918945,17822000,CF,yfinance,2026-02-10T05:08:32.006375+00:00
2014-09-24,53.571998596191406,54.959999084472656,53.236000061035156,54.465999603271484,39.874122619628906,6451000,CF,yfinance,2026-02-10T05:08:32.006375+00:00
2014-09-25,54.395999908447266,54.709999084472656,53.86399841308594,54.209999084472656,39.68669891357422,3924000,CF,yfinance,2026-02-10T05:08:32.006375+00:00
2014-09-26,54.150001525878906,56.01599884033203,53.97200012207031,55.571998596191406,40.683807373046875,4967500,CF,yfinance,2026-02-10T05:08:32.006375+00:00
2014-09-29,55.150001525878906,56.06800079345703,54.79999923706055,55.7239990234375,40.79508972167969,6573000,CF,yfinance,2026-02-10T05:08:32.006375+00:00
2014-09-30,55.645999908447266,55.9640007019043,55.20000076293945,55.84400177001953,40.8829345703125,5656000,CF,yfinance,2026-02-10T05:08:32.006375+00:00
2014-10-01,55.832000732421875,56.38999938964844,53.847999572753906,53.849998474121094,39.42314529418945,6556500,CF,yfinance,2026-02-10T05:08:32.006375+00:00
2014-10-02,53.47200012207031,55.27799987792969,52.763999938964844,55.19200134277344,40.40562057495117,5590500,CF,yfinance,2026-02-10T05:08:32.006375+00:00
2014-10-03,55.35599899291992,55.79999923706055,54.981998443603516,55.00400161743164,40.267967224121094,3864500,CF,yfinance,2026-02-10T05:08:32.006375+00:00
2014-10-06,55.321998596191406,55.321998596191406,54.26599884033203,54.62200164794922,39.98833465576172,3098000,CF,yfinance,2026-02-10T05:08:32.006375+00:00
2014-10-07,54.5,58.05799865722656,54.5,56.551998138427734,41.40126419067383,7929000,CF,yfinance,2026-02-10T05:08:32.006375+00:00
2014-10-08,56.5359992980957,56.60599899291992,54.055999755859375,56.055999755859375,41.038143157958984,6463500,CF,yfinance,2026-02-10T05:08:32.006375+00:00
2014-10-09,56.242000579833984,56.242000579833984,53.77799987792969,54.209999084472656,39.68669891357422,5076500,CF,yfinance,2026-02-10T05:08:32.006375+00:00
2014-10-10,53.93600082397461,54.439998626708984,52.597999572753906,53.22200012207031,38.963382720947266,4742500,CF,yfinance,2026-02-10T05:08:32.006375+00:00
2014-10-13,53.194000244140625,53.513999938964844,50.459999084472656,50.56399917602539,37.01749801635742,4321500,CF,yfinance,2026-02-10T05:08:32.006375+00:00
2014-10-14,50.310001373291016,50.77399826049805,48.762001037597656,50.52799987792969,36.99113464355469,5607000,CF,yfinance,2026-02-10T05:08:32.006375+00:00
2014-10-15,50.0,51.316001892089844,47.891998291015625,50.854000091552734,37.229801177978516,7247000,CF,yfinance,2026-02-10T05:08:32.006375+00:00
2014-10-16,49.83399963378906,51.44599914550781,49.459999084472656,50.77000045776367,37.16830825805664,4664000,CF,yfinance,2026-02-10T05:08:32.006375+00:00
2014-10-17,49.402000427246094,50.54399871826172,48.69599914550781,48.992000579833984,35.86664962768555,11429000,CF,yfinance,2026-02-10T05:08:32.006375+00:00
2014-10-20,49.125999450683594,49.939998626708984,48.821998596191406,49.65999984741211,36.35568618774414,3726500,CF,yfinance,2026-02-10T05:08:32.006375+00:00
2014-10-21,50.09600067138672,50.757999420166016,49.709999084472656,50.582000732421875,37.030677795410156,3710000,CF,yfinance,2026-02-10T05:08:32.006375+00:00
2014-10-22,50.689998626708984,51.65999984741211,50.604000091552734,50.90599822998047,37.267879486083984,4627000,CF,yfinance,2026-02-10T05:08:32.006375+00:00
2014-10-23,51.75199890136719,53.54199981689453,50.91400146484375,51.13999938964844,37.43917465209961,3069000,CF,yfinance,2026-02-10T05:08:32.006375+00:00
2014-10-24,51.39400100708008,52.2760009765625,51.060001373291016,52.082000732421875,38.128807067871094,3128500,CF,yfinance,2026-02-10T05:08:32.006375+00:00
2014-10-27,51.61199951171875,51.61199951171875,50.61800003051758,51.00400161743164,37.33961868286133,3724500,CF,yfinance,2026-02-10T05:08:32.006375+00:00
2014-10-28,51.31999969482422,52.13199996948242,51.2599983215332,52.06800079345703,38.11855697631836,3067500,CF,yfinance,2026-02-10T05:08:32.006375+00:00
2014-10-29,52.10200119018555,52.33000183105469,50.92399978637695,51.47800064086914,37.68662643432617,4776500,CF,yfinance,2026-02-10T05:08:32.006375+00:00
2014-10-30,51.077999114990234,52.23400115966797,50.91600036621094,51.847999572753906,37.9575080871582,3105000,CF,yfinance,2026-02-10T05:08:32.006375+00:00
2014-10-31,52.50400161743164,53.0359992980957,51.439998626708984,52.0,38.06877136230469,4045500,CF,yfinance,2026-02-10T05:08:32.006375+00:00
2014-11-03,52.25,52.34400177001953,51.00400161743164,51.220001220703125,37.49776077270508,3802500,CF,yfinance,2026-02-10T05:08:32.006375+00:00
2014-11-04,51.0,51.354000091552734,50.290000915527344,50.49399948120117,36.966251373291016,4622000,CF,yfinance,2026-02-10T05:08:32.006375+00:00
2014-11-05,50.742000579833984,51.53799819946289,50.39400100708008,50.72600173950195,37.13609313964844,5831000,CF,yfinance,2026-02-10T05:08:32.006375+00:00
2014-11-06,48.507999420166016,51.231998443603516,48.20600128173828,50.30400085449219,36.82715606689453,6183000,CF,yfinance,2026-02-10T05:08:32.006375+00:00
2014-11-07,50.507999420166016,51.099998474121094,49.933998107910156,50.183998107910156,36.73929214477539,3812500,CF,yfinance,2026-02-10T05:08:32.006375+00:00
2014-11-10,50.395999908447266,51.24599838256836,49.61800003051758,50.880001068115234,37.24882125854492,5035000,CF,yfinance,2026-02-10T05:08:32.006375+00:00
2014-11-11,50.880001068115234,53.757999420166016,50.880001068115234,53.36199951171875,39.06589126586914,6256000,CF,yfinance,2026-02-10T05:08:32.006375+00:00
2014-11-12,53.040000915527344,53.53200149536133,52.6879997253418,53.2760009765625,39.22344207763672,3353000,CF,yfinance,2026-02-10T05:08:32.006375+00:00
2014-11-13,53.141998291015625,53.7400016784668,53.124000549316406,53.42399978637695,39.33241271972656,2950500,CF,yfinance,2026-02-10T05:08:32.006375+00:00
2014-11-14,53.39799880981445,53.790000915527344,52.77399826049805,53.22200012207031,39.18367385864258,3101500,CF,yfinance,2026-02-10T05:08:32.006375+00:00
2014-11-17,53.16999816894531,54.38999938964844,53.15599822998047,54.00199890136719,39.75794982910156,2812500,CF,yfinance,2026-02-10T05:08:32.006375+00:00
2014-11-18,54.11199951171875,54.672000885009766,53.577999114990234,53.9379997253418,39.71083450317383,3126500,CF,yfinance,2026-02-10T05:08:32.006375+00:00
2014-11-19,55.06800079345703,55.72800064086914,54.013999938964844,54.40599822998047,40.05537414550781,3425500,CF,yfinance,2026-02-10T05:08:32.006375+00:00
2014-11-20,54.4900016784668,54.959999084472656,54.07600021362305,54.61399841308594,40.20852279663086,2701000,CF,yfinance,2026-02-10T05:08:32.006375+00:00
2014-11-21,55.56399917602539,56.055999755859375,55.012001037597656,55.67599868774414,40.99039077758789,4875500,CF,yfinance,2026-02-10T05:08:32.006375+00:00
2014-11-24,55.63999938964844,55.768001556396484,55.08599853515625,55.42599868774414,40.806331634521484,3275000,CF,yfinance,2026-02-10T05:08:32.006375+00:00
2014-11-25,55.27000045776367,55.61800003051758,54.512001037597656,54.512001037597656,40.13343048095703,4077000,CF,yfinance,2026-02-10T05:08:32.006375+00:00
2014-11-26,54.439998626708984,54.65999984741211,53.29999923706055,54.327999114990234,39.997955322265625,2916000,CF,yfinance,2026-02-10T05:08:32.006375+00:00
2014-11-28,53.96799850463867,54.28200149536133,53.41400146484375,53.630001068115234,39.484073638916016,2723500,CF,yfinance,2026-02-10T05:08:32.006375+00:00
2014-12-01,53.54399871826172,54.198001861572266,52.93600082397461,53.422000885009766,39.33092498779297,3268500,CF,yfinance,2026-02-10T05:08:32.006375+00:00
2014-12-02,53.33599853515625,54.18600082397461,53.00400161743164,53.64400100708008,39.494384765625,2671500,CF,yfinance,2026-02-10T05:08:32.006375+00:00
2014-12-03,53.63399887084961,54.79800033569336,53.513999938964844,53.99800109863281,39.7550048828125,3803500,CF,yfinance,2026-02-10T05:08:32.006375+00:00
2014-12-04,53.79999923706055,54.36600112915039,53.42599868774414,53.992000579833984,39.750579833984375,2744500,CF,yfinance,2026-02-10T05:08:32.006375+00:00
2014-12-05,54.22999954223633,54.39400100708008,53.50600051879883,53.66600036621094,39.51057052612305,2442500,CF,yfinance,2026-02-10T05:08:32.006375+00:00
2014-12-08,53.24800109863281,53.40800094604492,52.34600067138672,52.790000915527344,38.86562728881836,3365000,CF,yfinance,2026-02-10T05:08:32.006375+00:00
2014-12-09,51.810001373291016,52.28799819946289,51.071998596191406,52.141998291015625,38.388553619384766,4742000,CF,yfinance,2026-02-10T05:08:32.006375+00:00
2014-12-10,51.97600173950195,51.98400115966797,50.40399932861328,50.492000579833984,37.17376708984375,4438500,CF,yfinance,2026-02-10T05:08:32.006375+00:00
2014-12-11,50.492000579833984,50.821998596191406,50.040000915527344,50.38399887084961,37.094261169433594,4560000,CF,yfinance,2026-02-10T05:08:32.006375+00:00
2014-12-12,50.257999420166016,50.487998962402344,49.58000183105469,49.7599983215332,36.634864807128906,3168500,CF,yfinance,2026-02-10T05:08:32.006375+00:00
2014-12-15,49.821998596191406,50.60200119018555,49.284000396728516,49.597999572753906,36.515586853027344,4260000,CF,yfinance,2026-02-10T05:08:32.006375+00:00
2014-12-16,49.00199890136719,50.4119987487793,48.96200180053711,49.77399826049805,36.64516067504883,4818000,CF,yfinance,2026-02-10T05:08:32.006375+00:00
2014-12-17,50.141998291015625,51.459999084472656,49.7859992980957,51.35200119018555,37.80691909790039,3574000,CF,yfinance,2026-02-10T05:08:32.006375+00:00
2014-12-18,52.060001373291016,52.189998626708984,51.0359992980957,51.87200164794922,38.18976974487305,2969500,CF,yfinance,2026-02-10T05:08:32.006375+00:00
2014-12-19,52.720001220703125,53.4900016784668,52.00400161743164,53.189998626708984,39.160125732421875,4308000,CF,yfinance,2026-02-10T05:08:32.006375+00:00
2014-12-22,53.52199935913086,54.194000244140625,52.97800064086914,54.09400177001953,39.825687408447266,2779000,CF,yfinance,2026-02-10T05:08:32.006375+00:00
2014-12-23,54.57600021362305,55.880001068115234,54.35599899291992,55.72999954223633,41.0301628112793,4757000,CF,yfinance,2026-02-10T05:08:32.006375+00:00
2014-12-24,55.73400115966797,55.73400115966797,54.90399932861328,55.097999572753906,40.56485366821289,2348500,CF,yfinance,2026-02-10T05:08:32.006375+00:00
2014-12-26,55.29800033569336,55.61199951171875,54.66400146484375,54.922000885009766,40.43527603149414,2241000,CF,yfinance,2026-02-10T05:08:32.006375+00:00
2014-12-29,54.922000885009766,55.36600112915039,54.402000427246094,54.58000183105469,40.18349075317383,2523500,CF,yfinance,2026-02-10T05:08:32.006375+00:00
2014-12-30,54.33599853515625,55.17599868774414,54.21799850463867,54.70399856567383,40.274776458740234,1816000,CF,yfinance,2026-02-10T05:08:32.006375+00:00
2014-12-31,54.61199951171875,55.27000045776367,54.29999923706055,54.507999420166016,40.13047409057617,1975000,CF,yfinance,2026-02-10T05:08:32.006375+00:00
2015-01-02,54.84600067138672,55.74399948120117,54.597999572753906,55.58000183105469,40.91971206665039,3689000,CF,yfinance,2026-02-10T05:08:32.006375+00:00
2015-01-05,55.84000015258789,56.38800048828125,55.029998779296875,55.38999938964844,40.77982711791992,4224000,CF,yfinance,2026-02-10T05:08:32.006375+00:00
2015-01-06,56.00400161743164,57.30400085449219,55.93000030517578,56.5359992980957,41.62355422973633,5571500,CF,yfinance,2026-02-10T05:08:32.006375+00:00
2015-01-07,56.95399856567383,58.54399871826172,56.95399856567383,58.14799880981445,42.81034851074219,6901000,CF,yfinance,2026-02-10T05:08:32.006375+00:00
2015-01-08,58.84000015258789,59.0260009765625,58.06399917602539,58.95600128173828,43.40523147583008,3931000,CF,yfinance,2026-02-10T05:08:32.006375+00:00
2015-01-09,59.05400085449219,59.880001068115234,58.849998474121094,59.43600082397461,43.758609771728516,4201000,CF,yfinance,2026-02-10T05:08:32.006375+00:00
2015-01-12,59.14799880981445,60.15999984741211,58.20199966430664,59.52399826049805,43.823402404785156,5121000,CF,yfinance,2026-02-10T05:08:32.006375+00:00
2015-01-13,59.91400146484375,60.61800003051758,59.00199890136719,59.847999572753906,44.06195831298828,4941500,CF,yfinance,2026-02-10T05:08:32.006375+00:00
2015-01-14,59.2140007019043,59.68199920654297,57.20000076293945,57.86800003051758,42.604217529296875,5592000,CF,yfinance,2026-02-10T05:08:32.006375+00:00
2015-01-15,58.67599868774414,59.242000579833984,57.599998474121094,57.74800109863281,42.515865325927734,6182000,CF,yfinance,2026-02-10T05:08:32.006375+00:00
2015-01-16,58.0,59.608001708984375,57.69200134277344,59.5260009765625,43.824886322021484,4406000,CF,yfinance,2026-02-10T05:08:32.006375+00:00
2015-01-20,60.54800033569336,61.279998779296875,59.678001403808594,60.6619987487793,44.6612434387207,5395000,CF,yfinance,2026-02-10T05:08:32.006375+00:00
2015-01-21,60.65999984741211,60.810001373291016,59.95600128173828,60.45199966430664,44.50663757324219,1938000,CF,yfinance,2026-02-10T05:08:32.006375+00:00
2015-01-22,60.79999923706055,61.5099983215332,60.400001525878906,61.45000076293945,45.24139404296875,2890000,CF,yfinance,2026-02-10T05:08:32.006375+00:00
2015-01-23,61.422000885009766,61.5880012512207,60.290000915527344,60.349998474121094,44.43154525756836,2938000,CF,yfinance,2026-02-10T05:08:32.006375+00:00
2015-01-26,60.178001403808594,60.95000076293945,59.92399978637695,60.763999938964844,44.73634719848633,1520500,CF,yfinance,2026-02-10T05:08:32.006375+00:00
2015-01-27,60.400001525878906,61.66400146484375,60.29800033569336,61.242000579833984,45.0882568359375,2736500,CF,yfinance,2026-02-10T05:08:32.006375+00:00
2015-01-28,61.6619987487793,61.6619987487793,60.12799835205078,60.22999954223633,44.34320068359375,1484000,CF,yfinance,2026-02-10T05:08:32.006375+00:00
2015-01-29,60.31999969482422,61.402000427246094,59.55799865722656,61.358001708984375,45.17366027832031,2644000,CF,yfinance,2026-02-10T05:08:32.006375+00:00
2015-01-30,60.75400161743164,62.124000549316406,60.61600112915039,61.07600021362305,44.96605682373047,2503000,CF,yfinance,2026-02-10T05:08:32.006375+00:00
2015-02-02,61.486000061035156,61.599998474121094,59.91400146484375,60.95399856567383,44.876216888427734,2370500,CF,yfinance,2026-02-10T05:08:32.006375+00:00
2015-02-03,61.007999420166016,61.38999938964844,59.61399841308594,60.20800018310547,44.32700729370117,3930000,CF,yfinance,2026-02-10T05:08:32.006375+00:00
2015-02-04,59.83000183105469,60.369998931884766,59.242000579833984,59.4119987487793,43.7409553527832,3811000,CF,yfinance,2026-02-10T05:08:32.006375+00:00
2015-02-05,59.928001403808594,60.36199951171875,59.2599983215332,59.91999816894531,44.114967346191406,3120000,CF,yfinance,2026-02-10T05:08:32.006375+00:00
2015-02-06,59.95800018310547,59.95800018310547,58.40399932861328,59.327999114990234,43.67911148071289,3735500,CF,yfinance,2026-02-10T05:08:32.006375+00:00
2015-02-09,58.98400115966797,59.72200012207031,58.79999923706055,59.402000427246094,43.73359680175781,2271000,CF,yfinance,2026-02-10T05:08:32.006375+00:00
2015-02-10,59.4900016784668,60.03200149536133,58.65800094604492,59.608001708984375,43.88525390625,2367000,CF,yfinance,2026-02-10T05:08:32.006375+00:00
2015-02-11,59.72600173950195,60.15999984741211,59.374000549316406,59.757999420166016,43.99569320678711,3135500,CF,yfinance,2026-02-10T05:08:32.006375+00:00
2015-02-12,59.900001525878906,60.79600143432617,59.50400161743164,60.52000045776367,44.781517028808594,2420500,CF,yfinance,2026-02-10T05:08:32.006375+00:00
2015-02-13,60.492000579833984,60.895999908447266,60.00199890136719,60.279998779296875,44.603939056396484,2582000,CF,yfinance,2026-02-10T05:08:32.006375+00:00
2015-02-17,60.03799819946289,60.481998443603516,59.30400085449219,59.742000579833984,44.205841064453125,3932500,CF,yfinance,2026-02-10T05:08:32.006375+00:00
2015-02-18,58.31999969482422,59.98400115966797,58.25199890136719,59.2400016784668,43.834388732910156,6091500,CF,yfinance,2026-02-10T05:08:32.006375+00:00
2015-02-19,59.29800033569336,61.31800079345703,59.0,60.875999450683594,45.04494094848633,3864500,CF,yfinance,2026-02-10T05:08:32.006375+00:00
2015-02-20,60.63999938964844,61.72999954223633,60.189998626708984,61.678001403808594,45.638370513916016,3010500,CF,yfinance,2026-02-10T05:08:32.006375+00:00
2015-02-23,61.77799987792969,62.737998962402344,61.77799987792969,62.5359992980957,46.27324295043945,2911500,CF,yfinance,2026-02-10T05:08:32.006375+00:00
2015-02-24,62.2400016784668,62.88600158691406,61.66400146484375,62.375999450683594,46.15485763549805,2399000,CF,yfinance,2026-02-10T05:08:32.006375+00:00
2015-02-25,62.4640007019043,62.625999450683594,61.17599868774414,61.448001861572266,45.468177795410156,3061000,CF,yfinance,2026-02-10T05:08:32.006375+00:00
2015-02-26,61.38999938964844,61.779998779296875,60.32600021362305,61.321998596191406,45.37495040893555,2460000,CF,yfinance,2026-02-10T05:08:32.006375+00:00
2015-02-27,61.395999908447266,61.74399948120117,60.97600173950195,61.24599838256836,45.31871032714844,3321000,CF,yfinance,2026-02-10T05:08:32.006375+00:00
2015-03-02,61.24599838256836,62.619998931884766,60.6619987487793,62.27399826049805,46.07938766479492,4309000,CF,yfinance,2026-02-10T05:08:32.006375+00:00
2015-03-03,62.099998474121094,62.53799819946289,61.7599983215332,62.24599838256836,46.05865478515625,3154000,CF,yfinance,2026-02-10T05:08:32.006375+00:00
2015-03-04,62.104000091552734,62.7239990234375,60.83599853515625,60.987998962402344,45.127811431884766,3243500,CF,yfinance,2026-02-10T05:08:32.006375+00:00
2015-03-05,60.99800109863281,61.29199981689453,60.48400115966797,60.65800094604492,44.883628845214844,2231500,CF,yfinance,2026-02-10T05:08:32.006375+00:00
2015-03-06,60.27399826049805,60.400001525878906,59.400001525878906,59.608001708984375,44.106685638427734,3336000,CF,yfinance,2026-02-10T05:08:32.006375+00:00
2015-03-09,59.87799835205078,61.051998138427734,59.7140007019043,60.854000091552734,45.02865982055664,2410500,CF,yfinance,2026-02-10T05:08:32.006375+00:00
2015-03-10,59.88999938964844,60.231998443603516,58.395999908447266,58.58399963378906,43.34897994995117,5369000,CF,yfinance,2026-02-10T05:08:32.006375+00:00
2015-03-11,58.96799850463867,59.189998626708984,58.09000015258789,58.15399932861328,43.03080368041992,5811500,CF,yfinance,2026-02-10T05:08:32.006375+00:00
2015-03-12,58.694000244140625,59.040000915527344,57.922000885009766,58.380001068115234,43.19803237915039,2365000,CF,yfinance,2026-02-10T05:08:32.006375+00:00
2015-03-13,58.125999450683594,58.672000885009766,57.801998138427734,58.52799987792969,43.30753707885742,2303500,CF,yfinance,2026-02-10T05:08:32.006375+00:00
2015-03-16,58.54399871826172,59.00400161743164,58.33399963378906,58.60200119018555,43.362300872802734,2199000,CF,yfinance,2026-02-10T05:08:32.006375+00:00
2015-03-17,58.20199966430664,58.64400100708008,57.7859992980957,57.88600158691406,42.832496643066406,3147000,CF,yfinance,2026-02-10T05:08:32.006375+00:00
2015-03-18,57.55400085449219,59.25,56.970001220703125,58.959999084472656,43.62720489501953,4174500,CF,yfinance,2026-02-10T05:08:32.006375+00:00
2015-03-19,58.52399826049805,58.917999267578125,58.0,58.00600051879883,42.921295166015625,3447000,CF,yfinance,2026-02-10T05:08:32.006375+00:00
2015-03-20,58.45800018310547,58.61800003051758,57.65800094604492,58.04600143432617,42.95087814331055,5802000,CF,yfinance,2026-02-10T05:08:32.006375+00:00
2015-03-23,58.20000076293945,58.566001892089844,57.93199920654297,57.99800109863281,42.91537857055664,2793000,CF,yfinance,2026-02-10T05:08:32.006375+00:00
2015-03-24,57.71200180053711,59.13600158691406,57.599998474121094,59.00199890136719,43.65827178955078,3950000,CF,yfinance,2026-02-10T05:08:32.006375+00:00
2015-03-25,59.28200149536133,60.11800003051758,58.737998962402344,58.75,43.4718017578125,2591500,CF,yfinance,2026-02-10T05:08:32.006375+00:00
2015-03-26,58.67399978637695,59.624000549316406,58.52799987792969,58.849998474121094,43.545799255371094,3369500,CF,yfinance,2026-02-10T05:08:32.006375+00:00
2015-03-27,58.70800018310547,58.849998474121094,57.59199905395508,57.731998443603516,42.71854782104492,2519500,CF,yfinance,2026-02-10T05:08:32.006375+00:00
2015-03-30,57.93600082397461,58.630001068115234,57.93600082397461,58.19599914550781,43.06187438964844,2027500,CF,yfinance,2026-02-10T05:08:32.006375+00:00
2015-03-31,57.5880012512207,58.03799819946289,56.54800033569336,56.736000061035156,41.9815559387207,4118500,CF,yfinance,2026-02-10T05:08:32.006375+00:00
2015-04-01,56.9379997253418,57.17599868774414,56.0880012512207,56.827999114990234,42.04963684082031,3446000,CF,yfinance,2026-02-10T05:08:32.006375+00:00
2015-04-02,56.47800064086914,57.18000030517578,55.70000076293945,56.04399871826172,41.469520568847656,2750000,CF,yfinance,2026-02-10T05:08:32.006375+00:00
2015-04-06,55.891998291015625,56.71200180053711,55.599998474121094,56.263999938964844,41.632293701171875,2843000,CF,yfinance,2026-02-10T05:08:32.006375+00:00
2015-04-07,56.30400085449219,57.0,56.12200164794922,56.25,41.6219367980957,2309500,CF,yfinance,2026-02-10T05:08:32.006375+00:00
2015-04-08,56.29999923706055,57.36399841308594,56.29999923706055,56.9900016784668,42.16950607299805,3686000,CF,yfinance,2026-02-10T05:08:32.006375+00:00
2015-04-09,56.624000549316406,57.529998779296875,56.624000549316406,56.96200180053711,42.14878845214844,2999000,CF,yfinance,2026-02-10T05:08:32.006375+00:00
2015-04-10,56.96200180053711,57.29199981689453,56.32600021362305,56.90399932861328,42.10586929321289,2990000,CF,yfinance,2026-02-10T05:08:32.006375+00:00
2015-04-13,57.24800109863281,57.577999114990234,56.6619987487793,56.801998138427734,42.0303840637207,2145500,CF,yfinance,2026-02-10T05:08:32.006375+00:00
2015-04-14,56.74399948120117,56.79399871826172,55.79600143432617,56.47999954223633,41.79212951660156,2496000,CF,yfinance,2026-02-10T05:08:32.006375+00:00
2015-04-15,56.46799850463867,57.683998107910156,56.46799850463867,57.33599853515625,42.42551803588867,2995500,CF,yfinance,2026-02-10T05:08:32.006375+00:00
2015-04-16,56.99599838256836,59.15800094604492,56.80400085449219,58.59199905395508,43.35490036010742,3791000,CF,yfinance,2026-02-10T05:08:32.006375+00:00
2015-04-17,58.44599914550781,59.42399978637695,58.1879997253418,58.24599838256836,43.098880767822266,4181000,CF,yfinance,2026-02-10T05:08:32.006375+00:00
2015-04-20,58.290000915527344,58.763999938964844,57.45600128173828,57.59400177001953,42.61643600463867,3357000,CF,yfinance,2026-02-10T05:08:32.006375+00:00
2015-04-21,57.44200134277344,57.790000915527344,57.119998931884766,57.16400146484375,42.298248291015625,3734500,CF,yfinance,2026-02-10T05:08:32.006375+00:00
2015-04-22,57.15599822998047,57.395999908447266,56.391998291015625,57.12799835205078,42.27163314819336,2095000,CF,yfinance,2026-02-10T05:08:32.006375+00:00
2015-04-23,57.189998626708984,58.28200149536133,57.007999420166016,57.95399856567383,42.882816314697266,2699500,CF,yfinance,2026-02-10T05:08:32.006375+00:00
2015-04-24,57.97200012207031,58.95399856567383,57.869998931884766,58.88800048828125,43.57392120361328,2612000,CF,yfinance,2026-02-10T05:08:32.006375+00:00
2015-04-27,58.948001861572266,59.11000061035156,57.65800094604492,57.709999084472656,42.70225524902344,3453000,CF,yfinance,2026-02-10T05:08:32.006375+00:00
2015-04-28,57.40999984741211,57.762001037597656,56.652000427246094,57.56800079345703,42.597190856933594,2579500,CF,yfinance,2026-02-10T05:08:32.006375+00:00
2015-04-29,57.762001037597656,58.540000915527344,57.257999420166016,58.29999923706055,43.138832092285156,2321500,CF,yfinance,2026-02-10T05:08:32.006375+00:00
2015-04-30,58.40399932861328,58.428001403808594,57.358001708984375,57.49399948120117,42.542442321777344,3720000,CF,yfinance,2026-02-10T05:08:32.006375+00:00
2015-05-01,57.96200180053711,59.21200180053711,57.534000396728516,58.900001525878906,43.58280944824219,2690500,CF,yfinance,2026-02-10T05:08:32.006375+00:00
2015-05-04,58.763999938964844,59.45800018310547,58.67599868774414,58.7599983215332,43.479209899902344,2145000,CF,yfinance,2026-02-10T05:08:32.006375+00:00
2015-05-05,58.87799835205078,59.10599899291992,57.95600128173828,58.04199981689453,42.94792938232422,2902000,CF,yfinance,2026-02-10T05:08:32.006375+00:00
2015-05-06,58.04999923706055,59.0880012512207,57.97600173950195,58.91999816894531,43.59760665893555,3096500,CF,yfinance,2026-02-10T05:08:32.006375+00:00
2015-05-07,58.880001068115234,60.310001373291016,57.928001403808594,60.018001556396484,44.41006088256836,5851500,CF,yfinance,2026-02-10T05:08:32.006375+00:00
2015-05-08,62.097999572753906,62.66600036621094,61.06800079345703,62.172000885009766,46.0038948059082,5826000,CF,yfinance,2026-02-10T05:08:32.006375+00:00
2015-05-11,62.34199905395508,62.599998474121094,61.1619987487793,61.678001403808594,45.638370513916016,4730500,CF,yfinance,2026-02-10T05:08:32.006375+00:00
2015-05-12,61.30400085449219,61.492000579833984,60.62200164794922,60.66400146484375,44.8880729675293,3069000,CF,yfinance,2026-02-10T05:08:32.006375+00:00
2015-05-13,60.28200149536133,61.25,60.20800018310547,61.06800079345703,45.41156768798828,2431000,CF,yfinance,2026-02-10T05:08:32.006375+00:00
2015-05-14,61.125999450683594,61.374000549316406,60.52199935913086,60.858001708984375,45.25542449951172,3494000,CF,yfinance,2026-02-10T05:08:32.006375+00:00
2015-05-15,60.79399871826172,61.55799865722656,60.52199935913086,61.34600067138672,45.61830139160156,3747000,CF,yfinance,2026-02-10T05:08:32.006375+00:00
2015-05-18,61.374000549316406,61.948001861572266,61.20800018310547,61.513999938964844,45.74323654174805,3205500,CF,yfinance,2026-02-10T05:08:32.006375+00:00
2015-05-19,61.65399932861328,62.082000732421875,61.30400085449219,62.04999923706055,46.141822814941406,3025500,CF,yfinance,2026-02-10T05:08:32.006375+00:00
2015-05-20,62.02000045776367,62.599998474121094,61.65999984741211,62.19200134277344,46.24742126464844,3211000,CF,yfinance,2026-02-10T05:08:32.006375+00:00
2015-05-21,62.27799987792969,64.11399841308594,61.93199920654297,63.417999267578125,47.15910339355469,5429500,CF,yfinance,2026-02-10T05:08:32.006375+00:00
2015-05-22,63.854000091552734,64.47799682617188,63.02000045776367,64.18399810791016,47.72871398925781,3883500,CF,yfinance,2026-02-10T05:08:32.006375+00:00
2015-05-26,63.810001373291016,64.10800170898438,63.402000427246094,63.81800079345703,47.45654296875,3857500,CF,yfinance,2026-02-10T05:08:32.006375+00:00
2015-05-27,63.97200012207031,64.41999816894531,63.44599914550781,64.26599884033203,47.78968811035156,3289500,CF,yfinance,2026-02-10T05:08:32.006375+00:00
2015-05-28,64.30000305175781,64.63800048828125,63.65800094604492,64.33000183105469,47.837284088134766,3170500,CF,yfinance,2026-02-10T05:08:32.006375+00:00
2015-05-29,64.41400146484375,64.53399658203125,63.17599868774414,63.17599868774414,46.979129791259766,4641000,CF,yfinance,2026-02-10T05:08:32.006375+00:00
2015-06-01,63.34600067138672,63.99800109863281,62.81399917602539,63.321998596191406,47.087703704833984,3301000,CF,yfinance,2026-02-10T05:08:32.006375+00:00
2015-06-02,63.36399841308594,64.26599884033203,63.237998962402344,63.854000091552734,47.483314514160156,2634500,CF,yfinance,2026-02-10T05:08:32.006375+00:00
2015-06-03,64.03399658203125,64.73799896240234,63.46799850463867,64.36399841308594,47.862571716308594,3247000,CF,yfinance,2026-02-10T05:08:32.006375+00:00
2015-06-04,63.98400115966797,64.37999725341797,63.56399917602539,63.694000244140625,47.36433029174805,4398000,CF,yfinance,2026-02-10T05:08:32.006375+00:00
2015-06-05,63.40399932861328,64.24600219726562,63.20000076293945,63.57400131225586,47.27509689331055,3168000,CF,yfinance,2026-02-10T05:08:32.006375+00:00
2015-06-08,63.534000396728516,63.99599838256836,63.01599884033203,63.06399917602539,46.89584732055664,1880500,CF,yfinance,2026-02-10T05:08:32.006375+00:00
2015-06-09,62.9379997253418,63.52000045776367,62.827999114990234,63.11800003051758,46.93600082397461,1668000,CF,yfinance,2026-02-10T05:08:32.006375+00:00
2015-06-10,63.45800018310547,64.36799621582031,63.36600112915039,64.08399963378906,47.65434646606445,1777000,CF,yfinance,2026-02-10T05:08:32.006375+00:00
2015-06-11,64.10800170898438,64.7959976196289,63.72200012207031,63.85200119018555,47.48182678222656,2527000,CF,yfinance,2026-02-10T05:08:32.006375+00:00
2015-06-12,63.689998626708984,63.97600173950195,63.20199966430664,63.231998443603516,47.02077865600586,1686500,CF,yfinance,2026-02-10T05:08:32.006375+00:00
2015-06-15,62.832000732421875,63.599998474121094,62.400001525878906,63.518001556396484,47.23345947265625,2345000,CF,yfinance,2026-02-10T05:08:32.006375+00:00
2015-06-16,63.560001373291016,64.36199951171875,63.0,64.16400146484375,47.71384048461914,2503000,CF,yfinance,2026-02-10T05:08:32.006375+00:00
2015-06-17,63.69200134277344,63.70000076293945,62.28200149536133,63.33599853515625,47.098114013671875,4303500,CF,yfinance,2026-02-10T05:08:32.006375+00:00
2015-06-18,63.369998931884766,65.02999877929688,63.369998931884766,64.25,47.77779006958008,2587700,CF,yfinance,2026-02-10T05:08:32.006375+00:00
2015-06-19,64.12000274658203,64.30000305175781,62.959999084472656,63.2400016784668,47.0267333984375,3696500,CF,yfinance,2026-02-10T05:08:32.006375+00:00
2015-06-22,63.5099983215332,64.19000244140625,63.09000015258789,64.19000244140625,47.73318099975586,2793300,CF,yfinance,2026-02-10T05:08:32.006375+00:00
2015-06-23,64.30000305175781,64.58000183105469,63.630001068115234,63.63999938964844,47.324180603027344,1383700,CF,yfinance,2026-02-10T05:08:32.006375+00:00
2015-06-24,63.33000183105469,63.869998931884766,63.0099983215332,63.099998474121094,46.92262649536133,1244600,CF,yfinance,2026-02-10T05:08:32.006375+00:00
2015-06-25,63.18000030517578,64.12000274658203,63.099998474121094,63.959999084472656,47.5621337890625,1939800,CF,yfinance,2026-02-10T05:08:32.006375+00:00
2015-06-26,64.66999816894531,65.69000244140625,63.70000076293945,63.810001373291016,47.450592041015625,5489300,CF,yfinance,2026-02-10T05:08:32.006375+00:00
2015-06-29,63.41999816894531,64.1500015258789,62.5,62.560001373291016,46.52106857299805,1527300,CF,yfinance,2026-02-10T05:08:32.006375+00:00
2015-06-30,62.97999954223633,65.04000091552734,62.779998779296875,64.27999877929688,47.800086975097656,3076200,CF,yfinance,2026-02-10T05:08:32.006375+00:00
2015-07-01,64.31999969482422,65.75,64.05999755859375,65.0999984741211,48.40987014770508,2593200,CF,yfinance,2026-02-10T05:08:32.006375+00:00
2015-07-02,65.37999725341797,65.55000305175781,64.44999694824219,64.54000091552734,47.993446350097656,1819000,CF,yfinance,2026-02-10T05:08:32.006375+00:00
2015-07-06,63.970001220703125,64.30000305175781,63.22999954223633,63.54999923706055,47.25724792480469,2214200,CF,yfinance,2026-02-10T05:08:32.006375+00:00
2015-07-07,63.400001525878906,63.459999084472656,61.18000030517578,62.11000061035156,46.186424255371094,3043900,CF,yfinance,2026-02-10T05:08:32.006375+00:00
2015-07-08,61.61000061035156,61.61000061035156,60.150001525878906,60.150001525878906,44.72894287109375,2792800,CF,yfinance,2026-02-10T05:08:32.006375+00:00
2015-07-09,60.84000015258789,61.599998474121094,60.5099983215332,60.79999923706055,45.2122917175293,2407200,CF,yfinance,2026-02-10T05:08:32.006375+00:00
2015-07-10,61.540000915527344,61.84000015258789,61.18000030517578,61.709999084472656,45.88899230957031,1324300,CF,yfinance,2026-02-10T05:08:32.006375+00:00
2015-07-13,62.029998779296875,62.619998931884766,61.65999984741211,62.099998474121094,46.17898941040039,1463800,CF,yfinance,2026-02-10T05:08:32.006375+00:00
2015-07-14,61.959999084472656,63.18000030517578,61.709999084472656,62.68000030517578,46.610313415527344,1558300,CF,yfinance,2026-02-10T05:08:32.006375+00:00
2015-07-15,62.650001525878906,62.790000915527344,62.029998779296875,62.150001525878906,46.21617889404297,1120600,CF,yfinance,2026-02-10T05:08:32.006375+00:00
2015-07-16,62.41999816894531,62.81999969482422,62.06999969482422,62.7400016784668,46.65492248535156,1322700,CF,yfinance,2026-02-10T05:08:32.006375+00:00
2015-07-17,62.59000015258789,70.31999969482422,60.959999084472656,68.91999816894531,51.25048828125,9629500,CF,yfinance,2026-02-10T05:08:32.006375+00:00
2015-07-20,67.47000122070312,67.61000061035156,64.5999984741211,65.0,48.33549880981445,5547800,CF,yfinance,2026-02-10T05:08:32.006375+00:00
2015-07-21,64.91999816894531,65.52999877929688,63.83000183105469,63.939998626708984,47.547264099121094,2083700,CF,yfinance,2026-02-10T05:08:32.006375+00:00
2015-07-22,63.22999954223633,63.22999954223633,61.720001220703125,62.52000045776367,46.49131774902344,2108900,CF,yfinance,2026-02-10T05:08:32.006375+00:00
2015-07-23,62.619998931884766,63.25,62.040000915527344,62.31999969482422,46.34259033203125,1355700,CF,yfinance,2026-02-10T05:08:32.006375+00:00
2015-07-24,61.880001068115234,61.880001068115234,60.369998931884766,60.849998474121094,45.249473571777344,1619200,CF,yfinance,2026-02-10T05:08:32.006375+00:00
2015-07-27,60.34000015258789,60.34000015258789,58.75,59.09000015258789,43.9406852722168,2620100,CF,yfinance,2026-02-10T05:08:32.006375+00:00
2015-07-28,59.43000030517578,59.439998626708984,58.209999084472656,58.900001525878906,43.799415588378906,2096300,CF,yfinance,2026-02-10T05:08:32.006375+00:00
2015-07-29,59.099998474121094,59.68000030517578,58.599998474121094,59.22999954223633,44.04480743408203,1472500,CF,yfinance,2026-02-10T05:08:32.006375+00:00
2015-07-30,59.369998931884766,60.029998779296875,58.95000076293945,59.119998931884766,43.96299743652344,1081600,CF,yfinance,2026-02-10T05:08:32.006375+00:00
2015-07-31,59.27000045776367,59.869998931884766,58.95000076293945,59.20000076293945,44.022483825683594,1251500,CF,yfinance,2026-02-10T05:08:32.006375+00:00
2015-08-03,59.0,59.59000015258789,58.20000076293945,59.02000045776367,43.88864517211914,1400100,CF,yfinance,2026-02-10T05:08:32.006375+00:00
2015-08-04,59.45000076293945,61.02000045776367,59.13999938964844,60.529998779296875,45.011505126953125,1855700,CF,yfinance,2026-02-10T05:08:32.006375+00:00
2015-08-05,61.150001525878906,62.040000915527344,60.22999954223633,61.619998931884766,45.82207107543945,2368600,CF,yfinance,2026-02-10T05:08:32.006375+00:00
2015-08-06,65.94000244140625,67.16000366210938,62.90999984741211,63.0,46.84825897216797,5808100,CF,yfinance,2026-02-10T05:08:32.006375+00:00
2015-08-07,62.66999816894531,63.619998931884766,57.779998779296875,58.939998626708984,43.82915115356445,4121900,CF,yfinance,2026-02-10T05:08:32.006375+00:00
2015-08-10,59.56999969482422,62.27000045776367,59.09000015258789,60.95000076293945,45.32382583618164,4793600,CF,yfinance,2026-02-10T05:08:32.006375+00:00
2015-08-11,59.22999954223633,59.689998626708984,56.7400016784668,57.27000045776367,42.58729934692383,4470500,CF,yfinance,2026-02-10T05:08:32.006375+00:00
2015-08-12,56.880001068115234,62.0099983215332,56.58000183105469,61.63999938964844,46.078311920166016,6556300,CF,yfinance,2026-02-10T05:08:32.006375+00:00
2015-08-13,61.959999084472656,63.900001525878906,60.70000076293945,63.220001220703125,47.25941848754883,2862000,CF,yfinance,2026-02-10T05:08:32.006375+00:00
2015-08-14,63.61000061035156,65.12000274658203,63.150001525878906,63.83000183105469,47.71541976928711,3147300,CF,yfinance,2026-02-10T05:08:32.006375+00:00
2015-08-17,63.83000183105469,64.05000305175781,62.779998779296875,64.02999877929688,47.864933013916016,1763700,CF,yfinance,2026-02-10T05:08:32.006375+00:00
2015-08-18,63.689998626708984,63.79999923706055,62.79999923706055,63.470001220703125,47.446311950683594,2097000,CF,yfinance,2026-02-10T05:08:32.006375+00:00
2015-08-19,63.290000915527344,63.54999923706055,61.880001068115234,61.93000030517578,46.29508972167969,1767800,CF,yfinance,2026-02-10T05:08:32.006375+00:00
2015-08-20,61.70000076293945,62.5099983215332,60.470001220703125,61.06999969482422,45.6522102355957,2102700,CF,yfinance,2026-02-10T05:08:32.006375+00:00
2015-08-21,60.79999923706055,60.81999969482422,59.220001220703125,59.52000045776367,44.4935188293457,2531400,CF,yfinance,2026-02-10T05:08:32.006375+00:00
2015-08-24,56.04999923706055,59.869998931884766,55.400001525878906,55.900001525878906,41.78743362426758,3180600,CF,yfinance,2026-02-10T05:08:32.006375+00:00
2015-08-25,59.04999923706055,59.36000061035156,55.75,55.790000915527344,41.7052116394043,2338100,CF,yfinance,2026-02-10T05:08:32.006375+00:00
2015-08-26,56.97999954223633,57.0099983215332,54.630001068115234,56.11000061035156,41.94441223144531,3260000,CF,yfinance,2026-02-10T05:08:32.006375+00:00
2015-08-27,57.4900016784668,58.2599983215332,56.36000061035156,57.880001068115234,43.267555236816406,2321000,CF,yfinance,2026-02-10T05:08:32.006375+00:00
2015-08-28,57.43000030517578,57.70000076293945,56.65999984741211,57.470001220703125,42.9610710144043,2415100,CF,yfinance,2026-02-10T05:08:32.006375+00:00
2015-08-31,57.45000076293945,58.540000915527344,56.93000030517578,57.380001068115234,42.8937873840332,2285200,CF,yfinance,2026-02-10T05:08:32.006375+00:00
2015-09-01,55.900001525878906,57.06999969482422,54.29999923706055,54.84000015258789,40.99504852294922,3155400,CF,yfinance,2026-02-10T05:08:32.006375+00:00
2015-09-02,55.56999969482422,56.08000183105469,54.439998626708984,55.54999923706055,41.525787353515625,2107300,CF,yfinance,2026-02-10T05:08:32.006375+00:00
2015-09-03,55.59000015258789,57.22999954223633,55.47999954223633,56.970001220703125,42.58729934692383,2438700,CF,yfinance,2026-02-10T05:08:32.006375+00:00
2015-09-04,55.88999938964844,56.56999969482422,55.20000076293945,55.47999954223633,41.473472595214844,1546300,CF,yfinance,2026-02-10T05:08:32.006375+00:00
2015-09-08,56.86000061035156,57.439998626708984,56.33000183105469,56.90999984741211,42.54244613647461,1569300,CF,yfinance,2026-02-10T05:08:32.006375+00:00
2015-09-09,57.869998931884766,58.900001525878906,56.810001373291016,56.959999084472656,42.5798225402832,1631200,CF,yfinance,2026-02-10T05:08:32.006375+00:00
2015-09-10,56.849998474121094,57.08000183105469,56.0,56.400001525878906,42.16120147705078,872200,CF,yfinance,2026-02-10T05:08:32.006375+00:00
2015-09-11,55.869998931884766,56.40999984741211,55.0,55.880001068115234,41.77248764038086,1358100,CF,yfinance,2026-02-10T05:08:32.006375+00:00
2015-09-14,55.91999816894531,56.0,53.65999984741211,53.849998474121094,40.254981994628906,2836600,CF,yfinance,2026-02-10T05:08:32.006375+00:00
2015-09-15,53.88999938964844,55.0,53.31999969482422,54.779998779296875,40.950191497802734,2067400,CF,yfinance,2026-02-10T05:08:32.006375+00:00
2015-09-16,54.7599983215332,55.25,54.5,54.779998779296875,40.950191497802734,1620000,CF,yfinance,2026-02-10T05:08:32.006375+00:00
2015-09-17,54.70000076293945,55.7400016784668,53.720001220703125,53.849998474121094,40.254981994628906,2014800,CF,yfinance,2026-02-10T05:08:32.006375+00:00
2015-09-18,53.36000061035156,53.36000061035156,51.54999923706055,52.029998779296875,38.89445495605469,4422700,CF,yfinance,2026-02-10T05:08:32.006375+00:00
2015-09-21,52.52000045776367,53.0,51.43000030517578,51.720001220703125,38.662715911865234,1375200,CF,yfinance,2026-02-10T05:08:32.006375+00:00
2015-09-22,50.93000030517578,51.369998931884766,49.900001525878906,51.099998474121094,38.19924545288086,4703800,CF,yfinance,2026-02-10T05:08:32.006375+00:00
2015-09-23,51.310001373291016,51.599998474121094,47.36000061035156,47.7400016784668,35.68750762939453,3225600,CF,yfinance,2026-02-10T05:08:32.006375+00:00
2015-09-24,47.27000045776367,47.72999954223633,45.5,46.41999816894531,34.700767517089844,5144800,CF,yfinance,2026-02-10T05:08:32.006375+00:00
2015-09-25,47.06999969482422,47.16999816894531,46.119998931884766,46.369998931884766,34.66338348388672,3829500,CF,yfinance,2026-02-10T05:08:32.006375+00:00
2015-09-28,45.88999938964844,46.099998474121094,44.04999923706055,44.060001373291016,32.93656921386719,2524200,CF,yfinance,2026-02-10T05:08:32.006375+00:00
2015-09-29,44.25,45.15999984741211,43.880001068115234,44.189998626708984,33.033748626708984,2486600,CF,yfinance,2026-02-10T05:08:32.006375+00:00
2015-09-30,44.869998931884766,45.529998779296875,43.97999954223633,44.900001525878906,33.564491271972656,3822400,CF,yfinance,2026-02-10T05:08:32.006375+00:00
2015-10-01,44.970001220703125,45.439998626708984,44.029998779296875,44.79999923706055,33.4897575378418,2517400,CF,yfinance,2026-02-10T05:08:32.006375+00:00
2015-10-02,44.0,47.41999816894531,43.849998474121094,47.11000061035156,35.21656799316406,3561200,CF,yfinance,2026-02-10T05:08:32.006375+00:00
2015-10-05,47.70000076293945,49.84000015258789,47.650001525878906,49.040000915527344,36.659305572509766,3874300,CF,yfinance,2026-02-10T05:08:32.006375+00:00
2015-10-06,48.81999969482422,50.150001525878906,48.81999969482422,49.54999923706055,37.04056167602539,2780700,CF,yfinance,2026-02-10T05:08:32.006375+00:00
2015-10-07,49.459999084472656,52.279998779296875,49.380001068115234,52.220001220703125,39.0364875793457,4222700,CF,yfinance,2026-02-10T05:08:32.006375+00:00
2015-10-08,51.72999954223633,53.31999969482422,51.400001525878906,52.86000061035156,39.51491928100586,2981000,CF,yfinance,2026-02-10T05:08:32.006375+00:00
2015-10-09,53.34000015258789,53.66999816894531,50.66999816894531,50.779998779296875,37.96002197265625,2529400,CF,yfinance,2026-02-10T05:08:32.006375+00:00
2015-10-12,50.380001068115234,50.72999954223633,49.2599983215332,50.380001068115234,37.66101837158203,2107900,CF,yfinance,2026-02-10T05:08:32.006375+00:00
2015-10-13,49.93000030517578,51.599998474121094,49.2400016784668,51.08000183105469,38.18429183959961,3530900,CF,yfinance,2026-02-10T05:08:32.006375+00:00
2015-10-14,51.400001525878906,52.70000076293945,50.90999984741211,52.529998779296875,39.268218994140625,2660300,CF,yfinance,2026-02-10T05:08:32.006375+00:00
2015-10-15,52.81999969482422,53.650001525878906,51.869998931884766,53.40999984741211,39.92605972290039,2668800,CF,yfinance,2026-02-10T05:08:32.006375+00:00
2015-10-16,53.560001373291016,53.68000030517578,51.7400016784668,52.31999969482422,39.11124038696289,2153600,CF,yfinance,2026-02-10T05:08:32.006375+00:00
2015-10-19,52.0,52.209999084472656,51.119998931884766,51.47999954223633,38.48330307006836,2130100,CF,yfinance,2026-02-10T05:08:32.006375+00:00
2015-10-20,51.61000061035156,52.9900016784668,51.459999084472656,51.77000045776367,38.700103759765625,1593600,CF,yfinance,2026-02-10T05:08:32.006375+00:00
2015-10-21,52.54999923706055,53.0,51.130001068115234,52.209999084472656,39.02901077270508,2615900,CF,yfinance,2026-02-10T05:08:32.006375+00:00
2015-10-22,52.560001373291016,53.9900016784668,52.27000045776367,53.70000076293945,40.14284896850586,2228000,CF,yfinance,2026-02-10T05:08:32.006375+00:00
2015-10-23,54.209999084472656,54.27000045776367,53.43000030517578,54.119998931884766,40.456809997558594,2087900,CF,yfinance,2026-02-10T05:08:32.006375+00:00
2015-10-26,53.7599983215332,54.06999969482422,52.880001068115234,53.099998474121094,39.6943244934082,1701300,CF,yfinance,2026-02-10T05:08:32.006375+00:00
2015-10-27,52.61000061035156,52.869998931884766,51.18000030517578,51.56999969482422,38.55057144165039,1807700,CF,yfinance,2026-02-10T05:08:32.006375+00:00
2015-10-28,51.61000061035156,52.400001525878906,51.02000045776367,52.2599983215332,39.06639099121094,2016500,CF,yfinance,2026-02-10T05:08:32.006375+00:00
2015-10-29,52.209999084472656,52.209999084472656,51.029998779296875,51.29999923706055,38.3487548828125,1664500,CF,yfinance,2026-02-10T05:08:32.006375+00:00
2015-10-30,51.380001068115234,51.83000183105469,50.5,50.77000045776367,37.952552795410156,2875200,CF,yfinance,2026-02-10T05:08:32.006375+00:00
2015-11-02,51.0099983215332,52.65999984741211,50.630001068115234,52.349998474121094,39.1336669921875,2798200,CF,yfinance,2026-02-10T05:08:32.006375+00:00
2015-11-03,52.130001068115234,53.130001068115234,51.349998474121094,51.959999084472656,38.842132568359375,2132500,CF,yfinance,2026-02-10T05:08:32.006375+00:00
2015-11-04,52.220001220703125,52.91999816894531,51.29999923706055,51.7599983215332,38.692623138427734,2423000,CF,yfinance,2026-02-10T05:08:32.006375+00:00
2015-11-05,48.61000061035156,48.97999954223633,45.70000076293945,46.84000015258789,35.01472854614258,9152000,CF,yfinance,2026-02-10T05:08:32.006375+00:00
2015-11-06,46.79999923706055,47.38999938964844,46.0099983215332,46.52000045776367,34.7755241394043,3656800,CF,yfinance,2026-02-10T05:08:32.006375+00:00
2015-11-09,46.380001068115234,48.310001373291016,46.119998931884766,48.16999816894531,36.008949279785156,4186300,CF,yfinance,2026-02-10T05:08:32.006375+00:00
2015-11-10,48.0099983215332,48.33000183105469,47.13999938964844,47.34000015258789,35.388492584228516,2767400,CF,yfinance,2026-02-10T05:08:32.006375+00:00
2015-11-11,47.52000045776367,48.060001373291016,46.06999969482422,47.61000061035156,35.59033966064453,2469200,CF,yfinance,2026-02-10T05:08:32.006375+00:00
2015-11-12,46.93000030517578,47.84000015258789,46.66999816894531,47.11000061035156,35.43988037109375,2677600,CF,yfinance,2026-02-10T05:08:32.006375+00:00
2015-11-13,47.130001068115234,48.65999984741211,46.720001220703125,48.04999923706055,36.14702224731445,2304000,CF,yfinance,2026-02-10T05:08:32.006375+00:00
2015-11-16,47.7599983215332,48.27000045776367,46.939998626708984,47.970001220703125,36.08683776855469,2307400,CF,yfinance,2026-02-10T05:08:32.006375+00:00
2015-11-17,49.7599983215332,50.86000061035156,48.279998779296875,49.4900016784668,37.230308532714844,3720600,CF,yfinance,2026-02-10T05:08:32.006375+00:00
2015-11-18,49.36000061035156,50.369998931884766,49.04999923706055,49.58000183105469,37.298004150390625,2529700,CF,yfinance,2026-02-10T05:08:32.006375+00:00
2015-11-19,48.95000076293945,49.0,46.439998626708984,46.56999969482422,35.03364944458008,4682900,CF,yfinance,2026-02-10T05:08:32.006375+00:00
2015-11-20,46.36000061035156,46.79999923706055,43.56999969482422,43.900001525878906,33.025062561035156,6019000,CF,yfinance,2026-02-10T05:08:32.006375+00:00
2015-11-23,43.790000915527344,45.470001220703125,43.650001525878906,45.0,33.852569580078125,3765400,CF,yfinance,2026-02-10T05:08:32.006375+00:00
2015-11-24,44.90999984741211,46.0,44.0,45.79999923706055,34.45439910888672,2698300,CF,yfinance,2026-02-10T05:08:32.006375+00:00
2015-11-25,45.689998626708984,46.150001525878906,45.04999923706055,45.369998931884766,34.13091278076172,1358000,CF,yfinance,2026-02-10T05:08:32.006375+00:00
2015-11-27,45.209999084472656,45.33000183105469,44.599998474121094,45.11000061035156,33.935306549072266,1031100,CF,yfinance,2026-02-10T05:08:32.006375+00:00
2015-11-30,45.040000915527344,46.61000061035156,44.93000030517578,46.13999938964844,34.71015548706055,3049500,CF,yfinance,2026-02-10T05:08:32.006375+00:00
2015-12-01,46.45000076293945,46.75,44.79999923706055,45.0,33.852569580078125,2580600,CF,yfinance,2026-02-10T05:08:32.006375+00:00
2015-12-02,46.59000015258789,46.59000015258789,44.25,45.060001373291016,33.897708892822266,2812700,CF,yfinance,2026-02-10T05:08:32.006375+00:00
2015-12-03,45.349998474121094,46.66999816894531,45.25,45.86000061035156,34.49952697753906,3297600,CF,yfinance,2026-02-10T05:08:32.006375+00:00
2015-12-04,45.4900016784668,45.869998931884766,44.130001068115234,44.439998626708984,33.43130111694336,3110400,CF,yfinance,2026-02-10T05:08:32.006375+00:00
2015-12-07,44.11000061035156,44.119998931884766,42.369998931884766,43.25,32.53608322143555,2816800,CF,yfinance,2026-02-10T05:08:32.006375+00:00
2015-12-08,42.58000183105469,43.380001068115234,41.83000183105469,42.08000183105469,31.65592384338379,2465400,CF,yfinance,2026-02-10T05:08:32.006375+00:00
2015-12-09,42.68000030517578,43.77000045776367,42.29999923706055,43.119998931884766,32.43828201293945,2196300,CF,yfinance,2026-02-10T05:08:32.006375+00:00
2015-12-10,43.09000015258789,43.709999084472656,42.099998474121094,42.2400016784668,31.776287078857422,1298700,CF,yfinance,2026-02-10T05:08:32.006375+00:00
2015-12-11,42.2400016784668,42.34000015258789,40.33000183105469,41.11000061035156,30.926198959350586,2740700,CF,yfinance,2026-02-10T05:08:32.006375+00:00
2015-12-14,40.810001373291016,41.380001068115234,39.63999938964844,40.06999969482422,30.143835067749023,2195700,CF,yfinance,2026-02-10T05:08:32.006375+00:00
2015-12-15,40.349998474121094,41.47999954223633,40.189998626708984,40.810001373291016,30.70051383972168,2161800,CF,yfinance,2026-02-10T05:08:32.006375+00:00
2015-12-16,41.4900016784668,42.040000915527344,40.15999984741211,41.43000030517578,31.16693115234375,2483100,CF,yfinance,2026-02-10T05:08:32.006375+00:00
2015-12-17,41.310001373291016,42.04999923706055,40.529998779296875,41.2400016784668,31.024009704589844,3183600,CF,yfinance,2026-02-10T05:08:32.006375+00:00
2015-12-18,41.11000061035156,43.0,41.08000183105469,41.61000061035156,31.302345275878906,4144300,CF,yfinance,2026-02-10T05:08:32.006375+00:00
2015-12-21,41.7599983215332,43.790000915527344,41.11000061035156,41.31999969482422,31.084177017211914,2648400,CF,yfinance,2026-02-10T05:08:32.006375+00:00
2015-12-22,41.34000015258789,43.029998779296875,40.970001220703125,42.7400016784668,32.15241622924805,2161000,CF,yfinance,2026-02-10T05:08:32.006375+00:00
2015-12-23,42.95000076293945,44.599998474121094,42.72999954223633,44.16999816894531,33.22816467285156,2343500,CF,yfinance,2026-02-10T05:08:32.006375+00:00
2015-12-24,44.09000015258789,44.36000061035156,43.20000076293945,43.25,32.53608322143555,1650100,CF,yfinance,2026-02-10T05:08:32.006375+00:00
2015-12-28,43.040000915527344,43.40999984741211,42.09000015258789,42.2400016784668,31.776287078857422,1373300,CF,yfinance,2026-02-10T05:08:32.006375+00:00
2015-12-29,42.380001068115234,42.9900016784668,42.04999923706055,42.63999938964844,32.077186584472656,1612000,CF,yfinance,2026-02-10T05:08:32.006375+00:00
2015-12-30,42.38999938964844,42.58000183105469,41.060001373291016,41.15999984741211,30.96381950378418,1568700,CF,yfinance,2026-02-10T05:08:32.006375+00:00
2015-12-31,40.75,41.290000915527344,40.470001220703125,40.810001373291016,30.70051383972168,2020100,CF,yfinance,2026-02-10T05:08:32.006375+00:00
2016-01-04,40.060001373291016,40.95000076293945,39.83000183105469,40.5,30.467313766479492,3262500,CF,yfinance,2026-02-10T05:08:32.006375+00:00
2016-01-05,40.380001068115234,40.65999984741211,39.150001525878906,39.22999954223633,29.51191520690918,2690000,CF,yfinance,2026-02-10T05:08:32.006375+00:00
2016-01-06,38.650001525878906,38.709999084472656,35.27000045776367,35.84000015258789,26.961681365966797,4711800,CF,yfinance,2026-02-10T05:08:32.006375+00:00
2016-01-07,35.310001373291016,36.65999984741211,33.689998626708984,34.13999938964844,25.682815551757812,5010600,CF,yfinance,2026-02-10T05:08:32.006375+00:00
2016-01-08,34.400001525878906,35.099998474121094,33.709999084472656,33.81999969482422,25.44208335876465,4130100,CF,yfinance,2026-02-10T05:08:32.006375+00:00
2016-01-11,34.0099983215332,34.06999969482422,32.2599983215332,32.45000076293945,24.411460876464844,3657100,CF,yfinance,2026-02-10T05:08:32.006375+00:00
2016-01-12,33.130001068115234,33.380001068115234,31.68000030517578,32.540000915527344,24.47916603088379,4327700,CF,yfinance,2026-02-10T05:08:32.006375+00:00
2016-01-13,32.869998931884766,33.40999984741211,31.559999465942383,31.760000228881836,23.89239501953125,5147200,CF,yfinance,2026-02-10T05:08:32.006375+00:00
2016-01-14,31.969999313354492,33.150001525878906,31.170000076293945,32.619998931884766,24.539348602294922,3893000,CF,yfinance,2026-02-10T05:08:32.006375+00:00
2016-01-15,31.6299991607666,32.459999084472656,30.920000076293945,31.56999969482422,23.749454498291016,4766300,CF,yfinance,2026-02-10T05:08:32.006375+00:00
2016-01-19,32.040000915527344,32.13999938964844,29.8799991607666,30.25,22.75644874572754,3758300,CF,yfinance,2026-02-10T05:08:32.006375+00:00
2016-01-20,29.8799991607666,29.8799991607666,26.100000381469727,29.219999313354492,21.981599807739258,10964700,CF,yfinance,2026-02-10T05:08:32.006375+00:00
2016-01-21,29.18000030517578,31.110000610351562,29.1200008392334,30.270000457763672,22.771495819091797,5881700,CF,yfinance,2026-02-10T05:08:32.006375+00:00
2016-01-22,31.110000610351562,32.029998779296875,29.65999984741211,29.959999084472656,22.538288116455078,6338700,CF,yfinance,2026-02-10T05:08:32.006375+00:00
2016-01-25,29.489999771118164,29.549999237060547,28.239999771118164,28.600000381469727,21.51519203186035,4118900,CF,yfinance,2026-02-10T05:08:32.006375+00:00
2016-01-26,28.469999313354492,29.850000381469727,28.0,29.489999771118164,22.184720993041992,4090400,CF,yfinance,2026-02-10T05:08:32.006375+00:00
2016-01-27,29.850000381469727,30.969999313354492,28.979999542236328,30.059999465942383,22.61351776123047,4075500,CF,yfinance,2026-02-10T05:08:32.006375+00:00
2016-01-28,30.219999313354492,30.5,29.399999618530273,30.329999923706055,22.816633224487305,3438100,CF,yfinance,2026-02-10T05:08:32.006375+00:00
2016-01-29,30.3799991607666,30.850000381469727,29.719999313354492,30.0,22.568382263183594,4995800,CF,yfinance,2026-02-10T05:08:32.006375+00:00
2016-02-01,29.90999984741211,30.639999389648438,28.969999313354492,30.239999771118164,22.748924255371094,3907600,CF,yfinance,2026-02-10T05:08:32.006375+00:00
2016-02-02,30.100000381469727,30.100000381469727,28.739999771118164,29.450000762939453,22.154624938964844,3132800,CF,yfinance,2026-02-10T05:08:32.006375+00:00
2016-02-03,29.770000457763672,30.229999542236328,28.209999084472656,30.049999237060547,22.605995178222656,5209200,CF,yfinance,2026-02-10T05:08:32.006375+00:00
2016-02-04,30.200000762939453,30.829999923706055,29.600000381469727,30.59000015258789,23.012222290039062,5454100,CF,yfinance,2026-02-10T05:08:32.006375+00:00
2016-02-05,30.34000015258789,30.68000030517578,29.420000076293945,29.969999313354492,22.545806884765625,4216800,CF,yfinance,2026-02-10T05:08:32.006375+00:00
2016-02-08,29.200000762939453,29.389999389648438,26.739999771118164,28.010000228881836,21.071346282958984,5207100,CF,yfinance,2026-02-10T05:08:32.006375+00:00
2016-02-09,27.719999313354492,29.739999771118164,27.399999618530273,28.469999313354492,21.41739273071289,4988200,CF,yfinance,2026-02-10T05:08:32.006375+00:00
2016-02-10,28.3799991607666,29.040000915527344,27.760000228881836,27.829999923706055,21.158891677856445,2537700,CF,yfinance,2026-02-10T05:08:32.006375+00:00
2016-02-11,26.90999984741211,29.420000076293945,26.290000915527344,29.040000915527344,22.07884407043457,5154700,CF,yfinance,2026-02-10T05:08:32.006375+00:00
2016-02-12,29.809999465942383,30.639999389648438,28.979999542236328,30.0,22.808725357055664,6065900,CF,yfinance,2026-02-10T05:08:32.006375+00:00
2016-02-16,30.459999084472656,31.690000534057617,29.690000534057617,31.139999389648438,23.675453186035156,6133300,CF,yfinance,2026-02-10T05:08:32.006375+00:00
2016-02-17,31.290000915527344,32.290000915527344,30.81999969482422,31.700000762939453,24.101219177246094,5982800,CF,yfinance,2026-02-10T05:08:32.006375+00:00
2016-02-18,33.0,34.4900016784668,32.72999954223633,34.369998931884766,26.131195068359375,7372000,CF,yfinance,2026-02-10T05:08:32.006375+00:00
2016-02-19,34.189998626708984,34.189998626708984,32.810001373291016,33.0,25.0895938873291,5569800,CF,yfinance,2026-02-10T05:08:32.006375+00:00
2016-02-22,33.0,34.040000915527344,33.0,33.540000915527344,25.500146865844727,3942600,CF,yfinance,2026-02-10T05:08:32.006375+00:00
2016-02-23,33.04999923706055,33.45000076293945,32.099998474121094,32.130001068115234,24.42814064025879,3902300,CF,yfinance,2026-02-10T05:08:32.006375+00:00
2016-02-24,31.84000015258789,31.979999542236328,30.040000915527344,31.75,24.139236450195312,5881600,CF,yfinance,2026-02-10T05:08:32.006375+00:00
2016-02-25,32.130001068115234,33.650001525878906,31.56999969482422,33.15999984741211,25.211244583129883,4092700,CF,yfinance,2026-02-10T05:08:32.006375+00:00
2016-02-26,33.529998779296875,35.130001068115234,33.529998779296875,34.95000076293945,26.572166442871094,5623300,CF,yfinance,2026-02-10T05:08:32.006375+00:00
2016-02-29,35.08000183105469,37.13999938964844,34.93000030517578,36.459999084472656,27.7202091217041,6216700,CF,yfinance,2026-02-10T05:08:32.006375+00:00
2016-03-01,37.0,37.720001220703125,35.83000183105469,36.25,27.56053352355957,3386900,CF,yfinance,2026-02-10T05:08:32.006375+00:00
2016-03-02,35.0,35.93000030517578,34.38999938964844,34.7400016784668,26.41250228881836,5036700,CF,yfinance,2026-02-10T05:08:32.006375+00:00
2016-03-03,35.2599983215332,36.38999938964844,34.849998474121094,36.189998626708984,27.514921188354492,3969700,CF,yfinance,2026-02-10T05:08:32.006375+00:00
2016-03-04,36.43000030517578,36.93000030517578,34.5099983215332,34.59000015258789,26.298452377319336,6190100,CF,yfinance,2026-02-10T05:08:32.006375+00:00
2016-03-07,34.779998779296875,37.08000183105469,34.599998474121094,36.880001068115234,28.039520263671875,5204700,CF,yfinance,2026-02-10T05:08:32.006375+00:00
2016-03-08,36.63999938964844,37.02000045776367,35.22999954223633,35.2599983215332,26.80784797668457,3753100,CF,yfinance,2026-02-10T05:08:32.006375+00:00
2016-03-09,35.529998779296875,36.189998626708984,34.70000076293945,35.41999816894531,26.929500579833984,3198900,CF,yfinance,2026-02-10T05:08:32.006375+00:00
2016-03-10,35.380001068115234,35.41999816894531,32.88999938964844,33.63999938964844,25.576181411743164,4271400,CF,yfinance,2026-02-10T05:08:32.006375+00:00
2016-03-11,34.61000061035156,36.63999938964844,34.459999084472656,35.63999938964844,27.096757888793945,4947100,CF,yfinance,2026-02-10T05:08:32.006375+00:00
2016-03-14,35.47999954223633,36.220001220703125,35.189998626708984,35.540000915527344,27.02073860168457,3345200,CF,yfinance,2026-02-10T05:08:32.006375+00:00
2016-03-15,35.439998626708984,35.47999954223633,33.130001068115234,33.630001068115234,25.56858253479004,3642000,CF,yfinance,2026-02-10T05:08:32.006375+00:00
2016-03-16,33.41999816894531,34.16999816894531,32.83000183105469,34.150001525878906,25.963932037353516,3973000,CF,yfinance,2026-02-10T05:08:32.006375+00:00
2016-03-17,34.47999954223633,35.189998626708984,33.9900016784668,35.04999923706055,26.648193359375,3742700,CF,yfinance,2026-02-10T05:08:32.006375+00:00
2016-03-18,35.25,35.93000030517578,34.540000915527344,34.9900016784668,26.602575302124023,3921100,CF,yfinance,2026-02-10T05:08:32.006375+00:00
2016-03-21,34.81999969482422,35.47999954223633,34.70000076293945,35.060001373291016,26.655797958374023,2339700,CF,yfinance,2026-02-10T05:08:32.006375+00:00
2016-03-22,34.630001068115234,34.709999084472656,33.91999816894531,33.93000030517578,25.796676635742188,3007200,CF,yfinance,2026-02-10T05:08:32.006375+00:00
2016-03-23,33.7599983215332,33.790000915527344,32.880001068115234,32.970001220703125,25.066789627075195,3035300,CF,yfinance,2026-02-10T05:08:32.006375+00:00
2016-03-24,32.439998626708984,32.439998626708984,31.450000762939453,31.940000534057617,24.28368377685547,4183300,CF,yfinance,2026-02-10T05:08:32.006375+00:00
2016-03-28,31.479999542236328,32.33000183105469,30.850000381469727,31.790000915527344,24.16965103149414,3901000,CF,yfinance,2026-02-10T05:08:32.006375+00:00
2016-03-29,31.469999313354492,32.27000045776367,30.770000457763672,31.90999984741211,24.260879516601562,2598300,CF,yfinance,2026-02-10T05:08:32.006375+00:00
2016-03-30,32.04999923706055,32.400001525878906,31.6200008392334,31.979999542236328,24.314098358154297,2715600,CF,yfinance,2026-02-10T05:08:32.006375+00:00
2016-03-31,31.90999984741211,32.18000030517578,30.799999237060547,31.34000015258789,23.8275089263916,4166300,CF,yfinance,2026-02-10T05:08:32.006375+00:00
2016-04-01,30.8700008392334,32.279998779296875,29.899999618530273,32.130001068115234,24.42814064025879,3874600,CF,yfinance,2026-02-10T05:08:32.006375+00:00
2016-04-04,31.889999389648438,32.31999969482422,31.079999923706055,31.209999084472656,23.728673934936523,2445500,CF,yfinance,2026-02-10T05:08:32.006375+00:00
2016-04-05,30.040000915527344,31.34000015258789,29.670000076293945,30.110000610351562,22.892356872558594,4790600,CF,yfinance,2026-02-10T05:08:32.006375+00:00
2016-04-06,29.6299991607666,30.139999389648438,28.700000762939453,29.31999969482422,22.291723251342773,4996900,CF,yfinance,2026-02-10T05:08:32.006375+00:00
2016-04-07,29.100000381469727,29.649999618530273,28.75,29.190000534057617,22.192888259887695,5144500,CF,yfinance,2026-02-10T05:08:32.006375+00:00
2016-04-08,29.559999465942383,30.56999969482422,29.540000915527344,29.770000457763672,22.633852005004883,3354500,CF,yfinance,2026-02-10T05:08:32.006375+00:00
2016-04-11,30.149999618530273,30.75,29.81999969482422,30.149999618530273,22.92276382446289,3028300,CF,yfinance,2026-02-10T05:08:32.006375+00:00
2016-04-12,30.190000534057617,30.75,29.510000228881836,30.540000915527344,23.21928596496582,3270700,CF,yfinance,2026-02-10T05:08:32.006375+00:00
2016-04-13,30.850000381469727,31.459999084472656,30.549999237060547,31.219999313354492,23.73628044128418,4429600,CF,yfinance,2026-02-10T05:08:32.006375+00:00
2016-04-14,30.59000015258789,30.940000534057617,30.149999618530273,30.59000015258789,23.257293701171875,4094700,CF,yfinance,2026-02-10T05:08:32.006375+00:00
2016-04-15,30.440000534057617,31.3700008392334,30.100000381469727,31.030000686645508,23.591819763183594,3523800,CF,yfinance,2026-02-10T05:08:32.006375+00:00
2016-04-18,30.649999618530273,31.649999618530273,30.5,31.3700008392334,23.850322723388672,2509400,CF,yfinance,2026-02-10T05:08:32.006375+00:00
2016-04-19,31.31999969482422,33.880001068115234,31.280000686645508,33.70000076293945,25.621807098388672,4677200,CF,yfinance,2026-02-10T05:08:32.006375+00:00
2016-04-20,33.91999816894531,35.20000076293945,33.470001220703125,34.869998931884766,26.511341094970703,6447000,CF,yfinance,2026-02-10T05:08:32.006375+00:00
2016-04-21,35.0,35.84000015258789,34.189998626708984,34.2400016784668,26.032360076904297,3663600,CF,yfinance,2026-02-10T05:08:32.006375+00:00
2016-04-22,34.4900016784668,35.029998779296875,33.04999923706055,33.2400016784668,25.27206802368164,3580000,CF,yfinance,2026-02-10T05:08:32.006375+00:00
2016-04-25,33.20000076293945,33.9900016784668,33.04999923706055,33.16999816894531,25.218847274780273,2275400,CF,yfinance,2026-02-10T05:08:32.006375+00:00
2016-04-26,33.209999084472656,34.099998474121094,33.06999969482422,33.689998626708984,25.614194869995117,2266500,CF,yfinance,2026-02-10T05:08:32.006375+00:00
2016-04-27,33.66999816894531,33.84000015258789,32.4900016784668,33.790000915527344,25.690229415893555,3059800,CF,yfinance,2026-02-10T05:08:32.006375+00:00
2016-04-28,33.119998931884766,35.16999816894531,32.689998626708984,34.31999969482422,26.09317970275879,3609600,CF,yfinance,2026-02-10T05:08:32.006375+00:00
2016-04-29,34.130001068115234,34.560001373291016,32.709999084472656,33.06999969482422,25.14281463623047,2902900,CF,yfinance,2026-02-10T05:08:32.006375+00:00
2016-05-02,33.15999984741211,33.47999954223633,32.209999084472656,33.34000015258789,25.348098754882812,2476200,CF,yfinance,2026-02-10T05:08:32.006375+00:00
2016-05-03,32.95000076293945,33.029998779296875,31.190000534057617,31.670000076293945,24.078413009643555,3431500,CF,yfinance,2026-02-10T05:08:32.006375+00:00
2016-05-04,31.149999618530273,32.20000076293945,30.799999237060547,32.11000061035156,24.41294288635254,5012600,CF,yfinance,2026-02-10T05:08:32.006375+00:00
2016-05-05,31.0,32.040000915527344,30.030000686645508,30.790000915527344,23.40935707092285,7510900,CF,yfinance,2026-02-10T05:08:32.006375+00:00
2016-05-06,30.489999771118164,31.760000228881836,30.450000762939453,31.0,23.569011688232422,2945400,CF,yfinance,2026-02-10T05:08:32.006375+00:00
2016-05-09,30.979999542236328,31.149999618530273,30.31999969482422,30.40999984741211,23.12044334411621,2339800,CF,yfinance,2026-02-10T05:08:32.006375+00:00
2016-05-10,30.389999389648438,30.809999465942383,28.8799991607666,30.5,23.18886947631836,5296000,CF,yfinance,2026-02-10T05:08:32.006375+00:00
2016-05-11,30.049999237060547,30.290000915527344,29.1200008392334,29.459999084472656,22.620662689208984,3785100,CF,yfinance,2026-02-10T05:08:32.006375+00:00
2016-05-12,30.290000915527344,30.420000076293945,27.579999923706055,27.850000381469727,21.384431838989258,5469800,CF,yfinance,2026-02-10T05:08:32.006375+00:00
2016-05-13,27.920000076293945,28.260000228881836,27.149999618530273,27.649999618530273,21.230867385864258,4671700,CF,yfinance,2026-02-10T05:08:32.006375+00:00
2016-05-16,27.790000915527344,28.799999237060547,27.780000686645508,28.6200008392334,21.975677490234375,3367900,CF,yfinance,2026-02-10T05:08:32.006375+00:00
2016-05-17,28.350000381469727,29.239999771118164,28.299999237060547,29.1200008392334,22.359600067138672,3500500,CF,yfinance,2026-02-10T05:08:32.006375+00:00
2016-05-18,29.06999969482422,29.739999771118164,28.360000610351562,28.579999923706055,21.94495964050293,3720900,CF,yfinance,2026-02-10T05:08:32.006375+00:00
2016-05-19,28.6299991607666,29.219999313354492,28.229999542236328,28.739999771118164,22.067819595336914,3459100,CF,yfinance,2026-02-10T05:08:32.006375+00:00
2016-05-20,28.799999237060547,29.040000915527344,28.31999969482422,28.59000015258789,21.9526424407959,4374900,CF,yfinance,2026-02-10T05:08:32.006375+00:00
2016-05-23,30.059999465942383,30.760000228881836,29.5,29.850000381469727,22.920127868652344,8479100,CF,yfinance,2026-02-10T05:08:32.006375+00:00
2016-05-24,29.510000228881836,29.600000381469727,27.3799991607666,27.610000610351562,21.200159072875977,12225600,CF,yfinance,2026-02-10T05:08:32.006375+00:00
2016-05-25,28.0,29.700000762939453,27.899999618530273,29.520000457763672,22.666736602783203,7885300,CF,yfinance,2026-02-10T05:08:32.006375+00:00
2016-05-26,29.959999084472656,30.149999618530273,28.860000610351562,28.959999084472656,22.236740112304688,6052400,CF,yfinance,2026-02-10T05:08:32.006375+00:00
2016-05-27,28.899999618530273,29.360000610351562,27.520000457763672,27.700000762939453,21.26926040649414,6984100,CF,yfinance,2026-02-10T05:08:32.006375+00:00
2016-05-31,27.700000762939453,27.739999771118164,27.0,27.65999984741211,21.238540649414062,6090900,CF,yfinance,2026-02-10T05:08:32.006375+00:00
2016-06-01,27.65999984741211,27.729999542236328,27.0,27.639999389648438,21.223190307617188,3921000,CF,yfinance,2026-02-10T05:08:32.006375+00:00
2016-06-02,27.639999389648438,28.270000457763672,27.5,27.979999542236328,21.48426055908203,6262400,CF,yfinance,2026-02-10T05:08:32.006375+00:00
2016-06-03,27.93000030517578,28.700000762939453,27.610000610351562,28.610000610351562,21.968002319335938,4223300,CF,yfinance,2026-02-10T05:08:32.006375+00:00
2016-06-06,29.450000762939453,31.15999984741211,29.200000762939453,31.149999618530273,23.918317794799805,7725100,CF,yfinance,2026-02-10T05:08:32.006375+00:00
2016-06-07,31.389999389648438,32.41999816894531,31.299999237060547,31.959999084472656,24.540273666381836,6240700,CF,yfinance,2026-02-10T05:08:32.006375+00:00
2016-06-08,31.969999313354492,32.08000183105469,30.579999923706055,31.079999923706055,23.864574432373047,3669000,CF,yfinance,2026-02-10T05:08:32.006375+00:00
2016-06-09,30.59000015258789,30.59000015258789,29.469999313354492,29.790000915527344,22.874053955078125,4885900,CF,yfinance,2026-02-10T05:08:32.006375+00:00
2016-06-10,29.399999618530273,30.030000686645508,28.829999923706055,29.229999542236328,22.44406509399414,4878800,CF,yfinance,2026-02-10T05:08:32.006375+00:00
2016-06-13,29.43000030517578,30.06999969482422,28.579999923706055,28.6200008392334,21.975677490234375,3452300,CF,yfinance,2026-02-10T05:08:32.006375+00:00
2016-06-14,28.579999923706055,29.170000076293945,27.43000030517578,27.729999542236328,21.29229164123535,4068000,CF,yfinance,2026-02-10T05:08:32.006375+00:00
2016-06-15,27.81999969482422,28.329999923706055,27.25,27.68000030517578,21.253904342651367,4606300,CF,yfinance,2026-02-10T05:08:32.006375+00:00
2016-06-16,27.399999618530273,27.799999237060547,26.549999237060547,27.59000015258789,21.184797286987305,4312900,CF,yfinance,2026-02-10T05:08:32.006375+00:00
2016-06-17,27.649999618530273,28.729999542236328,27.6299991607666,28.350000381469727,21.76836585998535,6613200,CF,yfinance,2026-02-10T05:08:32.006375+00:00
2016-06-20,28.540000915527344,29.25,27.90999984741211,27.959999084472656,21.46889305114746,3462700,CF,yfinance,2026-02-10T05:08:32.006375+00:00
2016-06-21,27.8700008392334,28.049999237060547,27.149999618530273,27.309999465942383,20.969802856445312,4617900,CF,yfinance,2026-02-10T05:08:32.006375+00:00
2016-06-22,27.5,27.770000457763672,26.969999313354492,27.020000457763672,20.747129440307617,3785900,CF,yfinance,2026-02-10T05:08:32.006375+00:00
2016-06-23,27.190000534057617,27.65999984741211,26.829999923706055,27.639999389648438,21.223190307617188,4862500,CF,yfinance,2026-02-10T05:08:32.006375+00:00
2016-06-24,26.540000915527344,26.6200008392334,24.760000228881836,25.43000030517578,19.52625274658203,11112200,CF,yfinance,2026-02-10T05:08:32.006375+00:00
2016-06-27,24.940000534057617,24.969999313354492,23.149999618530273,23.479999542236328,18.028961181640625,7575800,CF,yfinance,2026-02-10T05:08:32.006375+00:00
2016-06-28,23.860000610351562,24.479999542236328,23.600000381469727,24.059999465942383,18.47431182861328,6589500,CF,yfinance,2026-02-10T05:08:32.006375+00:00
2016-06-29,24.469999313354492,24.6299991607666,23.959999084472656,24.34000015258789,18.68930435180664,5769300,CF,yfinance,2026-02-10T05:08:32.006375+00:00
2016-06-30,24.360000610351562,24.84000015258789,23.6299991607666,24.100000381469727,18.505023956298828,4517800,CF,yfinance,2026-02-10T05:08:32.006375+00:00
2016-07-01,23.920000076293945,24.420000076293945,23.760000228881836,24.219999313354492,18.59716796875,4839400,CF,yfinance,2026-02-10T05:08:32.006375+00:00
2016-07-05,24.09000015258789,24.239999771118164,23.25,23.540000915527344,18.075035095214844,3709800,CF,yfinance,2026-02-10T05:08:32.006375+00:00
2016-07-06,23.31999969482422,23.780000686645508,22.75,23.75,18.236276626586914,4798300,CF,yfinance,2026-02-10T05:08:32.006375+00:00
2016-07-07,23.90999984741211,24.31999969482422,23.3799991607666,23.5,18.044322967529297,3029800,CF,yfinance,2026-02-10T05:08:32.006375+00:00
2016-07-08,24.149999618530273,24.969999313354492,23.850000381469727,24.860000610351562,19.08858299255371,3839000,CF,yfinance,2026-02-10T05:08:32.006375+00:00
2016-07-11,25.020000457763672,25.360000610351562,24.6200008392334,24.670000076293945,18.942697525024414,3699000,CF,yfinance,2026-02-10T05:08:32.006375+00:00
2016-07-12,25.0,26.489999771118164,24.8799991607666,26.030000686645508,19.986961364746094,4371900,CF,yfinance,2026-02-10T05:08:32.006375+00:00
2016-07-13,26.06999969482422,27.010000228881836,25.6299991607666,26.920000076293945,20.67034149169922,4906700,CF,yfinance,2026-02-10T05:08:32.006375+00:00
2016-07-14,27.459999084472656,28.31999969482422,27.329999923706055,27.8700008392334,21.399791717529297,7391400,CF,yfinance,2026-02-10T05:08:32.006375+00:00
2016-07-15,27.989999771118164,28.020000457763672,27.030000686645508,27.440000534057617,21.069631576538086,4032100,CF,yfinance,2026-02-10T05:08:32.006375+00:00
2016-07-18,27.34000015258789,27.81999969482422,26.40999984741211,27.690000534057617,21.26158332824707,3904700,CF,yfinance,2026-02-10T05:08:32.006375+00:00
2016-07-19,27.200000762939453,27.280000686645508,26.350000381469727,26.549999237060547,20.38623809814453,5392000,CF,yfinance,2026-02-10T05:08:32.006375+00:00
2016-07-20,26.59000015258789,27.100000381469727,26.190000534057617,26.610000610351562,20.43231201171875,4148300,CF,yfinance,2026-02-10T05:08:32.006375+00:00
2016-07-21,26.739999771118164,27.06999969482422,26.200000762939453,26.290000915527344,20.186603546142578,3071900,CF,yfinance,2026-02-10T05:08:32.006375+00:00
2016-07-22,26.190000534057617,26.40999984741211,25.149999618530273,25.18000030517578,19.33429718017578,4531400,CF,yfinance,2026-02-10T05:08:32.006375+00:00
2016-07-25,25.15999984741211,25.420000076293945,24.540000915527344,25.329999923706055,19.449472427368164,5723900,CF,yfinance,2026-02-10T05:08:32.006375+00:00
2016-07-26,25.299999237060547,25.93000030517578,25.059999465942383,25.799999237060547,19.81035614013672,2880600,CF,yfinance,2026-02-10T05:08:32.006375+00:00
2016-07-27,25.860000610351562,26.329999923706055,25.190000534057617,25.40999984741211,19.51089859008789,3841800,CF,yfinance,2026-02-10T05:08:32.006375+00:00
2016-07-28,25.1200008392334,25.18000030517578,24.350000381469727,24.65999984741211,18.93501853942871,3735700,CF,yfinance,2026-02-10T05:08:32.006375+00:00
2016-07-29,24.549999237060547,24.75,23.75,24.68000030517578,18.95037841796875,4340600,CF,yfinance,2026-02-10T05:08:32.006375+00:00
2016-08-01,24.459999084472656,24.780000686645508,23.979999542236328,24.420000076293945,18.7507381439209,3612200,CF,yfinance,2026-02-10T05:08:32.006375+00:00
2016-08-02,24.350000381469727,25.1200008392334,24.049999237060547,24.489999771118164,18.804481506347656,3772600,CF,yfinance,2026-02-10T05:08:32.006375+00:00
2016-08-03,24.489999771118164,25.149999618530273,24.290000915527344,24.520000457763672,18.827526092529297,3937200,CF,yfinance,2026-02-10T05:08:32.006375+00:00
2016-08-04,22.719999313354492,22.950000762939453,20.770000457763672,21.43000030517578,16.45488739013672,25849300,CF,yfinance,2026-02-10T05:08:32.006375+00:00
2016-08-05,21.280000686645508,22.15999984741211,21.049999237060547,22.09000015258789,16.9616641998291,8896600,CF,yfinance,2026-02-10T05:08:32.006375+00:00
2016-08-08,22.239999771118164,23.280000686645508,22.15999984741211,23.190000534057617,17.806285858154297,6405100,CF,yfinance,2026-02-10T05:08:32.006375+00:00
2016-08-09,23.149999618530273,23.3700008392334,22.0,22.1200008392334,16.984697341918945,7150500,CF,yfinance,2026-02-10T05:08:32.006375+00:00
2016-08-10,22.110000610351562,22.31999969482422,21.479999542236328,21.56999969482422,16.5623779296875,8197500,CF,yfinance,2026-02-10T05:08:32.006375+00:00
2016-08-11,21.3700008392334,22.270000457763672,21.229999542236328,22.260000228881836,17.333269119262695,6181100,CF,yfinance,2026-02-10T05:08:32.006375+00:00
2016-08-12,22.219999313354492,22.760000228881836,21.989999771118164,22.350000381469727,17.403345108032227,9086300,CF,yfinance,2026-02-10T05:08:32.006375+00:00
2016-08-15,22.56999969482422,23.219999313354492,22.540000915527344,23.200000762939453,18.065221786499023,4954400,CF,yfinance,2026-02-10T05:08:32.006375+00:00
2016-08-16,23.290000915527344,23.440000534057617,23.049999237060547,23.200000762939453,18.065221786499023,6010200,CF,yfinance,2026-02-10T05:08:32.006375+00:00
2016-08-17,23.489999771118164,23.969999313354492,22.940000534057617,23.309999465942383,18.150875091552734,5654300,CF,yfinance,2026-02-10T05:08:32.006375+00:00
2016-08-18,23.270000457763672,23.329999923706055,22.579999923706055,22.739999771118164,17.707029342651367,5635100,CF,yfinance,2026-02-10T05:08:32.006375+00:00
2016-08-19,22.540000915527344,23.170000076293945,22.329999923706055,23.020000457763672,17.92506217956543,5068300,CF,yfinance,2026-02-10T05:08:32.006375+00:00
2016-08-22,23.030000686645508,23.719999313354492,22.799999237060547,23.690000534057617,18.4467716217041,3705700,CF,yfinance,2026-02-10T05:08:32.006375+00:00
2016-08-23,24.389999389648438,25.549999237060547,24.360000610351562,24.829999923706055,19.334453582763672,7825300,CF,yfinance,2026-02-10T05:08:32.006375+00:00
2016-08-24,24.93000030517578,24.950000762939453,23.969999313354492,24.040000915527344,18.719310760498047,6321200,CF,yfinance,2026-02-10T05:08:32.006375+00:00
2016-08-25,23.940000534057617,24.59000015258789,23.940000534057617,24.229999542236328,18.867244720458984,4955300,CF,yfinance,2026-02-10T05:08:32.006375+00:00
2016-08-26,24.559999465942383,24.799999237060547,23.8799991607666,23.979999542236328,18.672582626342773,5168800,CF,yfinance,2026-02-10T05:08:32.006375+00:00
2016-08-29,24.450000762939453,25.110000610351562,24.350000381469727,24.979999542236328,19.451263427734375,4905700,CF,yfinance,2026-02-10T05:08:32.006375+00:00
2016-08-30,24.979999542236328,26.729999542236328,24.8799991607666,26.170000076293945,20.377880096435547,13912700,CF,yfinance,2026-02-10T05:08:32.006375+00:00
2016-08-31,25.969999313354492,26.75,25.68000030517578,26.0,20.245508193969727,8891500,CF,yfinance,2026-02-10T05:08:32.006375+00:00
2016-09-01,26.110000610351562,26.18000030517578,25.469999313354492,25.600000381469727,19.934032440185547,4141100,CF,yfinance,2026-02-10T05:08:32.006375+00:00
2016-09-02,25.829999923706055,26.15999984741211,25.469999313354492,25.940000534057617,20.198781967163086,3713600,CF,yfinance,2026-02-10T05:08:32.006375+00:00
2016-09-06,25.959999084472656,26.15999984741211,25.510000228881836,25.649999618530273,19.972970962524414,3120100,CF,yfinance,2026-02-10T05:08:32.006375+00:00
2016-09-07,25.729999542236328,26.1299991607666,25.280000686645508,25.530000686645508,19.87952995300293,3876500,CF,yfinance,2026-02-10T05:08:32.006375+00:00
2016-09-08,25.399999618530273,26.469999313354492,25.389999389648438,25.959999084472656,20.214357376098633,5459500,CF,yfinance,2026-02-10T05:08:32.006375+00:00
2016-09-09,25.719999313354492,25.93000030517578,25.0,25.0,19.466833114624023,4990700,CF,yfinance,2026-02-10T05:08:32.006375+00:00
2016-09-12,24.920000076293945,25.65999984741211,24.700000762939453,25.510000228881836,19.863954544067383,4649100,CF,yfinance,2026-02-10T05:08:32.006375+00:00
2016-09-13,25.0,25.0,23.65999984741211,24.010000228881836,18.695945739746094,6289300,CF,yfinance,2026-02-10T05:08:32.006375+00:00
2016-09-14,24.06999969482422,24.149999618530273,23.350000381469727,24.030000686645508,18.711523056030273,6467400,CF,yfinance,2026-02-10T05:08:32.006375+00:00
2016-09-15,23.940000534057617,24.399999618530273,23.56999969482422,24.09000015258789,18.75823974609375,5359100,CF,yfinance,2026-02-10T05:08:32.006375+00:00
2016-09-16,23.739999771118164,24.200000762939453,23.719999313354492,24.020000457763672,18.703737258911133,3944100,CF,yfinance,2026-02-10T05:08:32.006375+00:00
2016-09-19,24.15999984741211,24.290000915527344,23.649999618530273,23.68000030517578,18.438982009887695,3471200,CF,yfinance,2026-02-10T05:08:32.006375+00:00
2016-09-20,23.850000381469727,23.850000381469727,23.139999389648438,23.299999237060547,18.143091201782227,5300100,CF,yfinance,2026-02-10T05:08:32.006375+00:00
2016-09-21,23.6200008392334,23.850000381469727,22.8799991607666,23.030000686645508,17.932846069335938,8173500,CF,yfinance,2026-02-10T05:08:32.006375+00:00
2016-09-22,23.170000076293945,23.709999084472656,23.1299991607666,23.229999542236328,18.088573455810547,4750500,CF,yfinance,2026-02-10T05:08:32.006375+00:00
2016-09-23,23.1299991607666,23.31999969482422,22.290000915527344,22.6299991607666,17.62137794494629,6960800,CF,yfinance,2026-02-10T05:08:32.006375+00:00
2016-09-26,22.540000915527344,22.90999984741211,22.260000228881836,22.639999389648438,17.62916374206543,4950600,CF,yfinance,2026-02-10T05:08:32.006375+00:00
2016-09-27,22.440000534057617,22.920000076293945,22.200000762939453,22.889999389648438,17.823829650878906,5472400,CF,yfinance,2026-02-10T05:08:32.006375+00:00
2016-09-28,23.049999237060547,24.030000686645508,23.030000686645508,23.950000762939453,18.64922332763672,5773800,CF,yfinance,2026-02-10T05:08:32.006375+00:00
2016-09-29,23.90999984741211,24.68000030517578,23.719999313354492,24.200000762939453,18.843891143798828,4468900,CF,yfinance,2026-02-10T05:08:32.006375+00:00
2016-09-30,24.299999237060547,24.729999542236328,23.950000762939453,24.350000381469727,18.960695266723633,4186300,CF,yfinance,2026-02-10T05:08:32.006375+00:00
2016-10-03,24.270000457763672,24.389999389648438,23.829999923706055,24.209999084472656,18.851675033569336,4257700,CF,yfinance,2026-02-10T05:08:32.006375+00:00
2016-10-04,24.280000686645508,24.709999084472656,24.149999618530273,24.399999618530273,18.9996280670166,3865700,CF,yfinance,2026-02-10T05:08:32.006375+00:00
2016-10-05,24.56999969482422,25.149999618530273,24.209999084472656,24.860000610351562,19.35781478881836,4704200,CF,yfinance,2026-02-10T05:08:32.006375+00:00
2016-10-06,24.770000457763672,25.110000610351562,24.010000228881836,24.65999984741211,19.20208740234375,4226500,CF,yfinance,2026-02-10T05:08:32.006375+00:00
2016-10-07,24.670000076293945,24.770000457763672,23.940000534057617,23.950000762939453,18.64922332763672,3901500,CF,yfinance,2026-02-10T05:08:32.006375+00:00
2016-10-10,24.15999984741211,24.350000381469727,23.799999237060547,23.860000610351562,18.579145431518555,3346600,CF,yfinance,2026-02-10T05:08:32.006375+00:00
2016-10-11,23.75,23.829999923706055,23.25,23.459999084472656,18.267675399780273,4050600,CF,yfinance,2026-02-10T05:08:32.006375+00:00
2016-10-12,23.479999542236328,23.56999969482422,22.559999465942383,22.920000076293945,17.847198486328125,4706800,CF,yfinance,2026-02-10T05:08:32.006375+00:00
2016-10-13,22.610000610351562,23.170000076293945,22.0,23.040000915527344,17.94063377380371,6075200,CF,yfinance,2026-02-10T05:08:32.006375+00:00
2016-10-14,23.25,23.559999465942383,22.219999313354492,22.280000686645508,17.348840713500977,4740900,CF,yfinance,2026-02-10T05:08:32.006375+00:00
2016-10-17,22.270000457763672,22.790000915527344,22.229999542236328,22.600000381469727,17.5980167388916,5070700,CF,yfinance,2026-02-10T05:08:32.006375+00:00
2016-10-18,22.860000610351562,23.6299991607666,22.729999542236328,23.459999084472656,18.267675399780273,5603400,CF,yfinance,2026-02-10T05:08:32.006375+00:00
2016-10-19,23.3700008392334,24.40999984741211,23.270000457763672,24.149999618530273,18.80495834350586,6426100,CF,yfinance,2026-02-10T05:08:32.006375+00:00
2016-10-20,23.799999237060547,25.360000610351562,23.530000686645508,24.979999542236328,19.451263427734375,8322600,CF,yfinance,2026-02-10T05:08:32.006375+00:00
2016-10-21,25.030000686645508,26.209999084472656,24.770000457763672,25.920000076293945,20.183212280273438,8578300,CF,yfinance,2026-02-10T05:08:32.006375+00:00
2016-10-24,25.920000076293945,25.940000534057617,25.0,25.350000381469727,19.73936653137207,4582100,CF,yfinance,2026-02-10T05:08:32.006375+00:00
2016-10-25,25.389999389648438,25.799999237060547,25.200000762939453,25.540000915527344,19.887317657470703,4860100,CF,yfinance,2026-02-10T05:08:32.006375+00:00
2016-10-26,25.450000762939453,26.0,25.239999771118164,25.549999237060547,19.895099639892578,4572000,CF,yfinance,2026-02-10T05:08:32.006375+00:00
2016-10-27,25.8700008392334,25.950000762939453,24.459999084472656,24.530000686645508,19.100858688354492,4568300,CF,yfinance,2026-02-10T05:08:32.006375+00:00
2016-10-28,24.6200008392334,24.93000030517578,24.09000015258789,24.520000457763672,19.093074798583984,4721800,CF,yfinance,2026-02-10T05:08:32.006375+00:00
2016-10-31,24.459999084472656,24.799999237060547,23.940000534057617,24.010000228881836,18.695945739746094,3501100,CF,yfinance,2026-02-10T05:08:32.006375+00:00
2016-11-01,24.149999618530273,25.010000228881836,23.920000076293945,24.889999389648438,19.38118553161621,7449100,CF,yfinance,2026-02-10T05:08:32.006375+00:00
2016-11-02,24.790000915527344,25.110000610351562,24.559999465942383,24.700000762939453,19.23323631286621,5569300,CF,yfinance,2026-02-10T05:08:32.006375+00:00
2016-11-03,23.56999969482422,23.56999969482422,22.18000030517578,22.600000381469727,17.5980167388916,19321100,CF,yfinance,2026-02-10T05:08:32.006375+00:00
2016-11-04,22.649999618530273,23.420000076293945,22.579999923706055,23.110000610351562,17.995141983032227,7892000,CF,yfinance,2026-02-10T05:08:32.006375+00:00
2016-11-07,23.510000228881836,23.65999984741211,23.1200008392334,23.290000915527344,18.13530921936035,5833500,CF,yfinance,2026-02-10T05:08:32.006375+00:00
2016-11-08,23.200000762939453,24.489999771118164,23.040000915527344,24.34000015258789,18.952905654907227,8295300,CF,yfinance,2026-02-10T05:08:32.006375+00:00
2016-11-09,24.049999237060547,26.719999313354492,23.729999542236328,26.479999542236328,20.619272232055664,10914600,CF,yfinance,2026-02-10T05:08:32.006375+00:00
2016-11-10,26.530000686645508,28.229999542236328,26.530000686645508,27.1299991607666,21.36748504638672,9181500,CF,yfinance,2026-02-10T05:08:32.006375+00:00
2016-11-11,27.100000381469727,28.0,26.90999984741211,27.780000686645508,21.87942886352539,7297400,CF,yfinance,2026-02-10T05:08:32.006375+00:00
2016-11-14,27.829999923706055,28.299999237060547,27.420000076293945,28.200000762939453,22.210214614868164,5719800,CF,yfinance,2026-02-10T05:08:32.006375+00:00
2016-11-15,28.040000915527344,28.25,27.40999984741211,27.799999237060547,21.89517593383789,5607000,CF,yfinance,2026-02-10T05:08:32.006375+00:00
2016-11-16,27.700000762939453,27.850000381469727,27.440000534057617,27.440000534057617,21.611642837524414,3502500,CF,yfinance,2026-02-10T05:08:32.006375+00:00
2016-11-17,27.6200008392334,27.780000686645508,26.950000762939453,27.09000015258789,21.335983276367188,5538600,CF,yfinance,2026-02-10T05:08:32.006375+00:00
2016-11-18,26.969999313354492,29.030000686645508,26.969999313354492,28.959999084472656,22.808786392211914,7934300,CF,yfinance,2026-02-10T05:08:32.006375+00:00
2016-11-21,29.579999923706055,30.239999771118164,29.3799991607666,29.8700008392334,23.52550506591797,7051100,CF,yfinance,2026-02-10T05:08:32.006375+00:00
2016-11-22,29.760000228881836,29.760000228881836,27.920000076293945,28.389999389648438,22.35984992980957,9453200,CF,yfinance,2026-02-10T05:08:32.006375+00:00
2016-11-23,28.309999465942383,28.469999313354492,27.770000457763672,28.3799991607666,22.351978302001953,6702000,CF,yfinance,2026-02-10T05:08:32.006375+00:00
2016-11-25,28.479999542236328,28.93000030517578,28.170000076293945,28.549999237060547,22.485870361328125,1755200,CF,yfinance,2026-02-10T05:08:32.006375+00:00
2016-11-28,28.459999084472656,28.790000915527344,27.90999984741211,28.190000534057617,22.202335357666016,3159800,CF,yfinance,2026-02-10T05:08:32.006375+00:00
2016-11-29,27.899999618530273,28.1299991607666,27.34000015258789,27.43000030517578,21.60376739501953,3933600,CF,yfinance,2026-02-10T05:08:32.006375+00:00
2016-11-30,27.979999542236328,29.309999465942383,27.81999969482422,28.940000534057617,22.793033599853516,6436700,CF,yfinance,2026-02-10T05:08:32.006375+00:00
2016-12-01,29.09000015258789,29.950000762939453,28.559999465942383,28.719999313354492,22.619762420654297,5958900,CF,yfinance,2026-02-10T05:08:32.006375+00:00
2016-12-02,28.790000915527344,29.610000610351562,28.059999465942383,28.3799991607666,22.351978302001953,5097300,CF,yfinance,2026-02-10T05:08:32.006375+00:00
2016-12-05,28.790000915527344,29.290000915527344,28.299999237060547,28.579999923706055,22.509496688842773,7761800,CF,yfinance,2026-02-10T05:08:32.006375+00:00
2016-12-06,28.290000915527344,28.780000686645508,27.81999969482422,28.56999969482422,22.501625061035156,6881700,CF,yfinance,2026-02-10T05:08:32.006375+00:00
2016-12-07,28.559999465942383,30.110000610351562,28.5,29.719999313354492,23.407358169555664,6748400,CF,yfinance,2026-02-10T05:08:32.006375+00:00
2016-12-08,29.920000076293945,30.75,29.719999313354492,30.3700008392334,23.91929817199707,4430700,CF,yfinance,2026-02-10T05:08:32.006375+00:00
2016-12-09,30.43000030517578,30.950000762939453,30.040000915527344,30.950000762939453,24.376102447509766,4674500,CF,yfinance,2026-02-10T05:08:32.006375+00:00
2016-12-12,30.81999969482422,30.8700008392334,28.670000076293945,29.0,22.840290069580078,6049600,CF,yfinance,2026-02-10T05:08:32.006375+00:00
2016-12-13,29.06999969482422,29.299999237060547,28.049999237060547,28.40999984741211,22.375608444213867,6542500,CF,yfinance,2026-02-10T05:08:32.006375+00:00
2016-12-14,28.280000686645508,28.84000015258789,28.030000686645508,28.110000610351562,22.139333724975586,3011900,CF,yfinance,2026-02-10T05:08:32.006375+00:00
2016-12-15,27.969999313354492,29.079999923706055,27.75,28.649999618530273,22.56463050842285,4453900,CF,yfinance,2026-02-10T05:08:32.006375+00:00
2016-12-16,28.579999923706055,29.610000610351562,28.219999313354492,29.479999542236328,23.218341827392578,10461700,CF,yfinance,2026-02-10T05:08:32.006375+00:00
2016-12-19,29.15999984741211,29.5,28.139999389648438,28.290000915527344,22.28110122680664,5416900,CF,yfinance,2026-02-10T05:08:32.006375+00:00
2016-12-20,28.469999313354492,29.09000015258789,28.290000915527344,28.989999771118164,22.832414627075195,3921800,CF,yfinance,2026-02-10T05:08:32.006375+00:00
2016-12-21,29.110000610351562,29.110000610351562,28.549999237060547,28.899999618530273,22.761537551879883,3782400,CF,yfinance,2026-02-10T05:08:32.006375+00:00
2016-12-22,28.969999313354492,30.170000076293945,28.81999969482422,30.110000610351562,23.714521408081055,4335200,CF,yfinance,2026-02-10T05:08:32.006375+00:00
2016-12-23,30.110000610351562,30.809999465942383,29.610000610351562,30.709999084472656,24.187076568603516,5475500,CF,yfinance,2026-02-10T05:08:32.006375+00:00
2016-12-27,30.90999984741211,32.11000061035156,30.719999313354492,31.950000762939453,25.1637020111084,6222900,CF,yfinance,2026-02-10T05:08:32.006375+00:00
2016-12-28,32.11000061035156,32.61000061035156,31.280000686645508,31.6299991607666,24.911663055419922,3653400,CF,yfinance,2026-02-10T05:08:32.006375+00:00
2016-12-29,31.520000457763672,32.040000915527344,31.440000534057617,31.899999618530273,25.124313354492188,4220100,CF,yfinance,2026-02-10T05:08:32.006375+00:00
2016-12-30,31.809999465942383,32.15999984741211,31.079999923706055,31.479999542236328,24.79353141784668,4181300,CF,yfinance,2026-02-10T05:08:32.006375+00:00
2017-01-03,32.02000045776367,32.59000015258789,31.65999984741211,31.8700008392334,25.100692749023438,6719700,CF,yfinance,2026-02-10T05:08:32.006375+00:00
2017-01-04,32.11000061035156,33.040000915527344,32.040000915527344,33.040000915527344,26.022184371948242,5479500,CF,yfinance,2026-02-10T05:08:32.006375+00:00
2017-01-05,33.040000915527344,33.400001525878906,32.31999969482422,33.04999923706055,26.030052185058594,5949600,CF,yfinance,2026-02-10T05:08:32.006375+00:00
2017-01-06,33.06999969482422,33.5,33.02000045776367,33.470001220703125,26.360843658447266,2840200,CF,yfinance,2026-02-10T05:08:32.006375+00:00
2017-01-09,33.470001220703125,33.95000076293945,33.06999969482422,33.77000045776367,26.59712028503418,4523200,CF,yfinance,2026-02-10T05:08:32.006375+00:00
2017-01-10,33.40999984741211,33.779998779296875,32.400001525878906,32.72999954223633,25.778024673461914,6816000,CF,yfinance,2026-02-10T05:08:32.006375+00:00
2017-01-11,32.869998931884766,34.2400016784668,32.86000061035156,34.189998626708984,26.92791175842285,6500000,CF,yfinance,2026-02-10T05:08:32.006375+00:00
2017-01-12,33.93000030517578,34.56999969482422,33.40999984741211,34.5099983215332,27.179941177368164,5902000,CF,yfinance,2026-02-10T05:08:32.006375+00:00
2017-01-13,34.369998931884766,34.70000076293945,33.34000015258789,33.97999954223633,26.76252555847168,4144900,CF,yfinance,2026-02-10T05:08:32.006375+00:00
2017-01-17,34.22999954223633,34.2599983215332,32.86000061035156,32.88999938964844,25.904043197631836,4777800,CF,yfinance,2026-02-10T05:08:32.006375+00:00
2017-01-18,32.88999938964844,32.91999816894531,32.290000915527344,32.31999969482422,25.455106735229492,5392300,CF,yfinance,2026-02-10T05:08:32.006375+00:00
2017-01-19,32.58000183105469,32.720001220703125,31.989999771118164,32.25,25.399974822998047,5020000,CF,yfinance,2026-02-10T05:08:32.006375+00:00
2017-01-20,33.720001220703125,34.34000015258789,33.040000915527344,34.20000076293945,26.935794830322266,7960500,CF,yfinance,2026-02-10T05:08:32.006375+00:00
2017-01-23,34.0,35.290000915527344,33.91999816894531,35.25,27.762767791748047,7577100,CF,yfinance,2026-02-10T05:08:32.006375+00:00
2017-01-24,35.630001068115234,37.130001068115234,35.560001373291016,36.849998474121094,29.022920608520508,10489100,CF,yfinance,2026-02-10T05:08:32.006375+00:00
2017-01-25,37.11000061035156,37.16999816894531,36.02000045776367,36.540000915527344,28.778764724731445,4964000,CF,yfinance,2026-02-10T05:08:32.006375+00:00
2017-01-26,34.810001373291016,36.47999954223633,34.5,36.209999084472656,28.51885986328125,6072700,CF,yfinance,2026-02-10T05:08:32.006375+00:00
2017-01-27,36.470001220703125,36.79999923706055,35.790000915527344,36.5099983215332,28.75514030456543,4210200,CF,yfinance,2026-02-10T05:08:32.006375+00:00
2017-01-30,36.279998779296875,36.279998779296875,35.119998931884766,35.38999938964844,27.873022079467773,4156200,CF,yfinance,2026-02-10T05:08:32.006375+00:00
2017-01-31,35.7400016784668,36.099998474121094,35.15999984741211,35.290000915527344,27.79425811767578,4355300,CF,yfinance,2026-02-10T05:08:32.006375+00:00
2017-02-01,35.34000015258789,36.689998626708984,35.2599983215332,36.630001068115234,28.849658966064453,4594800,CF,yfinance,2026-02-10T05:08:32.006375+00:00
2017-02-02,36.40999984741211,36.40999984741211,35.31999969482422,35.630001068115234,28.06205177307129,3911000,CF,yfinance,2026-02-10T05:08:32.006375+00:00
2017-02-03,35.790000915527344,36.13999938964844,35.540000915527344,35.68000030517578,28.1014347076416,3189400,CF,yfinance,2026-02-10T05:08:32.006375+00:00
2017-02-06,35.70000076293945,35.75,34.77000045776367,35.4900016784668,27.951793670654297,3882500,CF,yfinance,2026-02-10T05:08:32.006375+00:00
2017-02-07,35.04999923706055,35.560001373291016,34.349998474121094,34.88999938964844,27.479232788085938,4909000,CF,yfinance,2026-02-10T05:08:32.006375+00:00
2017-02-08,34.900001525878906,35.16999816894531,34.40999984741211,34.939998626708984,27.518611907958984,3068300,CF,yfinance,2026-02-10T05:08:32.006375+00:00
2017-02-09,34.900001525878906,35.0099983215332,34.45000076293945,34.4900016784668,27.164194107055664,3718800,CF,yfinance,2026-02-10T05:08:32.006375+00:00
2017-02-10,34.75,35.900001525878906,34.58000183105469,35.84000015258789,28.227449417114258,4172300,CF,yfinance,2026-02-10T05:08:32.006375+00:00
2017-02-13,36.08000183105469,37.099998474121094,36.02000045776367,36.709999084472656,28.91265296936035,6424300,CF,yfinance,2026-02-10T05:08:32.006375+00:00
2017-02-14,36.47999954223633,36.56999969482422,35.779998779296875,36.31999969482422,28.605497360229492,7961300,CF,yfinance,2026-02-10T05:08:32.006375+00:00
2017-02-15,36.20000076293945,36.2599983215332,34.31999969482422,34.4900016784668,27.390432357788086,9226000,CF,yfinance,2026-02-10T05:08:32.006375+00:00
2017-02-16,33.68000030517578,35.709999084472656,33.380001068115234,33.52000045776367,26.62010383605957,10609500,CF,yfinance,2026-02-10T05:08:32.006375+00:00
2017-02-17,33.5099983215332,34.150001525878906,33.310001373291016,34.11000061035156,27.08865737915039,6668800,CF,yfinance,2026-02-10T05:08:32.006375+00:00
2017-02-21,34.18000030517578,34.540000915527344,33.439998626708984,33.93000030517578,26.945711135864258,5137500,CF,yfinance,2026-02-10T05:08:32.006375+00:00
2017-02-22,33.7599983215332,33.97999954223633,33.189998626708984,33.220001220703125,26.38185691833496,3145900,CF,yfinance,2026-02-10T05:08:32.006375+00:00
2017-02-23,33.2400016784668,33.2599983215332,31.079999923706055,31.81999969482422,25.270036697387695,7986100,CF,yfinance,2026-02-10T05:08:32.006375+00:00
2017-02-24,31.420000076293945,31.510000228881836,30.579999923706055,31.149999618530273,24.737951278686523,5696400,CF,yfinance,2026-02-10T05:08:32.006375+00:00
2017-02-27,31.100000381469727,31.540000915527344,30.920000076293945,31.489999771118164,25.00796890258789,3897800,CF,yfinance,2026-02-10T05:08:32.006375+00:00
2017-02-28,31.149999618530273,32.13999938964844,31.020000457763672,31.420000076293945,24.952381134033203,5672500,CF,yfinance,2026-02-10T05:08:32.006375+00:00
2017-03-01,31.989999771118164,32.27000045776367,31.360000610351562,32.150001525878906,25.53211212158203,5653800,CF,yfinance,2026-02-10T05:08:32.006375+00:00
2017-03-02,32.150001525878906,32.29999923706055,31.530000686645508,31.559999465942383,25.063562393188477,4037600,CF,yfinance,2026-02-10T05:08:32.006375+00:00
2017-03-03,31.469999313354492,31.530000686645508,30.84000015258789,30.950000762939453,24.579118728637695,5302300,CF,yfinance,2026-02-10T05:08:32.006375+00:00
2017-03-06,30.790000915527344,31.079999923706055,30.420000076293945,30.829999923706055,24.483823776245117,3378200,CF,yfinance,2026-02-10T05:08:32.006375+00:00
2017-03-07,30.670000076293945,30.75,29.8799991607666,30.200000762939453,23.98350715637207,5349400,CF,yfinance,2026-02-10T05:08:32.006375+00:00
2017-03-08,30.1200008392334,30.450000762939453,29.540000915527344,29.6200008392334,23.52289581298828,4775900,CF,yfinance,2026-02-10T05:08:32.006375+00:00
2017-03-09,29.90999984741211,30.889999389648438,29.0,29.34000015258789,23.300533294677734,5520000,CF,yfinance,2026-02-10T05:08:32.006375+00:00
2017-03-10,29.389999389648438,29.610000610351562,29.0,29.420000076293945,23.364063262939453,3142400,CF,yfinance,2026-02-10T05:08:32.006375+00:00
2017-03-13,29.68000030517578,29.68000030517578,29.200000762939453,29.420000076293945,23.364063262939453,4511600,CF,yfinance,2026-02-10T05:08:32.006375+00:00
2017-03-14,29.18000030517578,29.18000030517578,28.489999771118164,28.68000030517578,22.776391983032227,4798400,CF,yfinance,2026-02-10T05:08:32.006375+00:00
2017-03-15,28.829999923706055,29.389999389648438,28.489999771118164,28.850000381469727,22.91139793395996,6407100,CF,yfinance,2026-02-10T05:08:32.006375+00:00
2017-03-16,29.100000381469727,29.15999984741211,28.350000381469727,28.709999084472656,22.800212860107422,4926600,CF,yfinance,2026-02-10T05:08:32.006375+00:00
2017-03-17,28.959999084472656,29.579999923706055,28.93000030517578,29.290000915527344,23.26082420349121,9977100,CF,yfinance,2026-02-10T05:08:32.006375+00:00
2017-03-20,29.979999542236328,30.399999618530273,29.649999618530273,30.389999389648438,24.1343994140625,6302000,CF,yfinance,2026-02-10T05:08:32.006375+00:00
2017-03-21,30.459999084472656,30.530000686645508,29.399999618530273,29.540000915527344,23.45935821533203,5078300,CF,yfinance,2026-02-10T05:08:32.006375+00:00
2017-03-22,29.290000915527344,29.579999923706055,28.719999313354492,29.229999542236328,23.213172912597656,4495800,CF,yfinance,2026-02-10T05:08:32.006375+00:00
2017-03-23,29.059999465942383,29.520000457763672,28.8700008392334,29.389999389648438,23.340242385864258,3676400,CF,yfinance,2026-02-10T05:08:32.006375+00:00
2017-03-24,29.489999771118164,29.700000762939453,28.979999542236328,29.18000030517578,23.173465728759766,6549100,CF,yfinance,2026-02-10T05:08:32.006375+00:00
2017-03-27,28.739999771118164,29.510000228881836,28.649999618530273,29.239999771118164,23.22111701965332,3387200,CF,yfinance,2026-02-10T05:08:32.006375+00:00
2017-03-28,29.260000228881836,30.420000076293945,29.1299991607666,30.239999771118164,24.015274047851562,3948200,CF,yfinance,2026-02-10T05:08:32.006375+00:00
2017-03-29,30.270000457763672,31.100000381469727,30.270000457763672,30.860000610351562,24.50765037536621,4344400,CF,yfinance,2026-02-10T05:08:32.006375+00:00
2017-03-30,30.6200008392334,30.860000610351562,29.479999542236328,29.670000076293945,23.562610626220703,6368400,CF,yfinance,2026-02-10T05:08:32.006375+00:00
2017-03-31,29.670000076293945,29.790000915527344,28.899999618530273,29.350000381469727,23.308481216430664,7377700,CF,yfinance,2026-02-10T05:08:32.006375+00:00
2017-04-03,29.420000076293945,29.670000076293945,28.139999389648438,28.420000076293945,22.569910049438477,5237500,CF,yfinance,2026-02-10T05:08:32.006375+00:00
2017-04-04,28.420000076293945,29.25,28.280000686645508,29.229999542236328,23.213172912597656,5140800,CF,yfinance,2026-02-10T05:08:32.006375+00:00
2017-04-05,29.389999389648438,29.520000457763672,28.760000228881836,28.799999237060547,22.87169647216797,3893000,CF,yfinance,2026-02-10T05:08:32.006375+00:00
2017-04-06,28.850000381469727,29.709999084472656,28.760000228881836,29.65999984741211,23.55466651916504,3638700,CF,yfinance,2026-02-10T05:08:32.006375+00:00
2017-04-07,29.540000915527344,29.850000381469727,29.200000762939453,29.510000228881836,23.435544967651367,2923000,CF,yfinance,2026-02-10T05:08:32.006375+00:00
2017-04-10,29.530000686645508,30.06999969482422,29.360000610351562,29.860000610351562,23.713497161865234,2306900,CF,yfinance,2026-02-10T05:08:32.006375+00:00
2017-04-11,29.81999969482422,30.010000228881836,29.520000457763672,29.649999618530273,23.54671859741211,4062100,CF,yfinance,2026-02-10T05:08:32.006375+00:00
2017-04-12,29.399999618530273,29.479999542236328,28.489999771118164,28.6200008392334,22.728744506835938,5074600,CF,yfinance,2026-02-10T05:08:32.006375+00:00
2017-04-13,28.5,28.850000381469727,28.280000686645508,28.420000076293945,22.569910049438477,2695900,CF,yfinance,2026-02-10T05:08:32.006375+00:00
2017-04-17,28.5,28.5,27.3799991607666,27.510000228881836,21.84722328186035,4606900,CF,yfinance,2026-02-10T05:08:32.006375+00:00
2017-04-18,27.270000457763672,27.270000457763672,26.739999771118164,27.079999923706055,21.50574493408203,4645600,CF,yfinance,2026-02-10T05:08:32.006375+00:00
2017-04-19,27.06999969482422,27.239999771118164,26.360000610351562,26.600000381469727,21.124544143676758,3468300,CF,yfinance,2026-02-10T05:08:32.006375+00:00
2017-04-20,26.700000762939453,26.950000762939453,26.530000686645508,26.579999923706055,21.108659744262695,3749900,CF,yfinance,2026-02-10T05:08:32.006375+00:00
2017-04-21,26.459999084472656,26.5,25.81999969482422,26.0,20.648048400878906,3916300,CF,yfinance,2026-02-10T05:08:32.006375+00:00
2017-04-24,26.309999465942383,26.459999084472656,25.899999618530273,26.40999984741211,20.973651885986328,3341800,CF,yfinance,2026-02-10T05:08:32.006375+00:00
2017-04-25,26.670000076293945,27.549999237060547,26.450000762939453,27.34000015258789,21.712221145629883,5093800,CF,yfinance,2026-02-10T05:08:32.006375+00:00
2017-04-26,27.18000030517578,27.450000762939453,26.979999542236328,27.260000228881836,21.64868927001953,3773900,CF,yfinance,2026-02-10T05:08:32.006375+00:00
2017-04-27,27.56999969482422,27.6299991607666,26.899999618530273,27.43000030517578,21.783695220947266,3005100,CF,yfinance,2026-02-10T05:08:32.006375+00:00
2017-04-28,27.559999465942383,27.559999465942383,26.709999084472656,26.739999771118164,21.23572540283203,3567800,CF,yfinance,2026-02-10T05:08:32.006375+00:00
2017-05-01,26.8799991607666,26.920000076293945,26.3700008392334,26.729999542236328,21.227787017822266,3794400,CF,yfinance,2026-02-10T05:08:32.006375+00:00
2017-05-02,26.6200008392334,26.6299991607666,25.940000534057617,26.3700008392334,20.941896438598633,7617700,CF,yfinance,2026-02-10T05:08:32.006375+00:00
2017-05-03,26.18000030517578,26.239999771118164,25.040000915527344,25.510000228881836,20.258920669555664,8303500,CF,yfinance,2026-02-10T05:08:32.006375+00:00
2017-05-04,26.200000762939453,27.469999313354492,26.059999465942383,27.06999969482422,21.4977970123291,13283800,CF,yfinance,2026-02-10T05:08:32.006375+00:00
2017-05-05,27.3700008392334,28.68000030517578,27.15999984741211,28.420000076293945,22.569910049438477,6661600,CF,yfinance,2026-02-10T05:08:32.006375+00:00
2017-05-08,28.760000228881836,29.329999923706055,27.65999984741211,27.760000228881836,22.045764923095703,6447400,CF,yfinance,2026-02-10T05:08:32.006375+00:00
2017-05-09,27.899999618530273,28.010000228881836,27.31999969482422,27.420000076293945,21.7757511138916,3804900,CF,yfinance,2026-02-10T05:08:32.006375+00:00
2017-05-10,27.469999313354492,27.920000076293945,27.420000076293945,27.6200008392334,21.93458366394043,3696000,CF,yfinance,2026-02-10T05:08:32.006375+00:00
2017-05-11,27.170000076293945,27.579999923706055,26.639999389648438,27.200000762939453,21.83823585510254,2958500,CF,yfinance,2026-02-10T05:08:32.006375+00:00
2017-05-12,27.18000030517578,27.549999237060547,26.639999389648438,26.780000686645508,21.50102996826172,2755900,CF,yfinance,2026-02-10T05:08:32.006375+00:00
2017-05-15,27.040000915527344,28.040000915527344,26.969999313354492,27.739999771118164,22.27179718017578,3953300,CF,yfinance,2026-02-10T05:08:32.006375+00:00
2017-05-16,27.799999237060547,28.209999084472656,27.68000030517578,28.06999969482422,22.536741256713867,5121400,CF,yfinance,2026-02-10T05:08:32.006375+00:00
2017-05-17,28.06999969482422,28.170000076293945,27.329999923706055,27.459999084472656,22.046987533569336,3669700,CF,yfinance,2026-02-10T05:08:32.006375+00:00
2017-05-18,27.0,27.510000228881836,26.780000686645508,27.40999984741211,22.00684356689453,2674200,CF,yfinance,2026-02-10T05:08:32.006375+00:00
2017-05-19,27.56999969482422,28.93000030517578,27.549999237060547,28.559999465942383,22.930152893066406,4975700,CF,yfinance,2026-02-10T05:08:32.006375+00:00
2017-05-22,28.690000534057617,28.850000381469727,27.780000686645508,28.290000915527344,22.713375091552734,2727200,CF,yfinance,2026-02-10T05:08:32.006375+00:00
2017-05-23,28.399999618530273,29.110000610351562,28.329999923706055,28.950000762939453,23.243276596069336,4142100,CF,yfinance,2026-02-10T05:08:32.006375+00:00
2017-05-24,28.959999084472656,29.290000915527344,28.309999465942383,28.440000534057617,22.83380699157715,3147800,CF,yfinance,2026-02-10T05:08:32.006375+00:00
2017-05-25,28.65999984741211,29.06999969482422,27.700000762939453,28.09000015258789,22.552799224853516,4854000,CF,yfinance,2026-02-10T05:08:32.006375+00:00
2017-05-26,27.989999771118164,28.190000534057617,27.6299991607666,28.1299991607666,22.58491325378418,2486500,CF,yfinance,2026-02-10T05:08:32.006375+00:00
2017-05-30,28.0,28.3700008392334,27.889999389648438,27.90999984741211,22.408283233642578,2743900,CF,yfinance,2026-02-10T05:08:32.006375+00:00
2017-05-31,27.920000076293945,28.1200008392334,26.719999313354492,26.899999618530273,21.59737205505371,4788400,CF,yfinance,2026-02-10T05:08:32.006375+00:00
2017-06-01,26.899999618530273,27.489999771118164,26.75,27.030000686645508,21.701751708984375,4141700,CF,yfinance,2026-02-10T05:08:32.006375+00:00
2017-06-02,26.93000030517578,26.989999771118164,25.790000915527344,26.399999618530273,21.195938110351562,6658200,CF,yfinance,2026-02-10T05:08:32.006375+00:00
2017-06-05,26.329999923706055,26.440000534057617,25.920000076293945,26.280000686645508,21.099590301513672,3496500,CF,yfinance,2026-02-10T05:08:32.006375+00:00
2017-06-06,26.190000534057617,26.40999984741211,25.649999618530273,26.100000381469727,20.955076217651367,3795500,CF,yfinance,2026-02-10T05:08:32.006375+00:00
2017-06-07,26.1200008392334,26.239999771118164,25.770000457763672,26.219999313354492,21.051422119140625,4920300,CF,yfinance,2026-02-10T05:08:32.006375+00:00
2017-06-08,26.219999313354492,27.25,26.0,26.770000457763672,21.493005752563477,3705300,CF,yfinance,2026-02-10T05:08:32.006375+00:00
2017-06-09,26.770000457763672,27.479999542236328,26.600000381469727,27.25,21.87838363647461,5114900,CF,yfinance,2026-02-10T05:08:32.006375+00:00
2017-06-12,27.209999084472656,28.489999771118164,27.079999923706055,27.360000610351562,21.96670150756836,5512400,CF,yfinance,2026-02-10T05:08:32.006375+00:00
2017-06-13,27.440000534057617,28.5,27.079999923706055,28.479999542236328,22.865921020507812,3257100,CF,yfinance,2026-02-10T05:08:32.006375+00:00
2017-06-14,28.5,28.5,27.329999923706055,27.3700008392334,21.9747314453125,3376000,CF,yfinance,2026-02-10T05:08:32.006375+00:00
2017-06-15,27.15999984741211,27.280000686645508,26.6299991607666,26.75,21.476947784423828,3486600,CF,yfinance,2026-02-10T05:08:32.006375+00:00
2017-06-16,26.75,27.579999923706055,26.6200008392334,27.579999923706055,22.143335342407227,4027500,CF,yfinance,2026-02-10T05:08:32.006375+00:00
2017-06-19,27.760000228881836,28.270000457763672,27.760000228881836,28.239999771118164,22.673227310180664,3114900,CF,yfinance,2026-02-10T05:08:32.006375+00:00
2017-06-20,28.020000457763672,28.020000457763672,27.1299991607666,27.18000030517578,21.822181701660156,3732600,CF,yfinance,2026-02-10T05:08:32.006375+00:00
2017-06-21,27.299999237060547,27.510000228881836,26.6200008392334,26.700000762939453,21.436803817749023,2810000,CF,yfinance,2026-02-10T05:08:32.006375+00:00
2017-06-22,26.59000015258789,27.610000610351562,26.510000228881836,27.34000015258789,21.95064353942871,3179400,CF,yfinance,2026-02-10T05:08:32.006375+00:00
2017-06-23,27.299999237060547,27.479999542236328,26.780000686645508,27.450000762939453,22.03895378112793,4262400,CF,yfinance,2026-02-10T05:08:32.006375+00:00
2017-06-26,27.579999923706055,27.65999984741211,27.079999923706055,27.40999984741211,22.00684356689453,3752900,CF,yfinance,2026-02-10T05:08:32.006375+00:00
2017-06-27,27.489999771118164,27.809999465942383,26.84000015258789,26.8700008392334,21.573287963867188,3353900,CF,yfinance,2026-02-10T05:08:32.006375+00:00
2017-06-28,27.1299991607666,27.549999237060547,27.040000915527344,27.170000076293945,21.814151763916016,2460700,CF,yfinance,2026-02-10T05:08:32.006375+00:00
2017-06-29,27.399999618530273,28.040000915527344,27.360000610351562,27.43000030517578,22.022899627685547,4403900,CF,yfinance,2026-02-10T05:08:32.006375+00:00
2017-06-30,27.489999771118164,28.079999923706055,26.959999084472656,27.959999084472656,22.448423385620117,4521400,CF,yfinance,2026-02-10T05:08:32.006375+00:00
2017-07-03,28.200000762939453,29.3700008392334,28.18000030517578,29.219999313354492,23.46004867553711,4050700,CF,yfinance,2026-02-10T05:08:32.006375+00:00
2017-07-05,29.34000015258789,29.34000015258789,28.350000381469727,28.719999313354492,23.058610916137695,5108500,CF,yfinance,2026-02-10T05:08:32.006375+00:00
2017-07-06,28.610000610351562,28.860000610351562,27.530000686645508,27.579999923706055,22.143335342407227,3710200,CF,yfinance,2026-02-10T05:08:32.006375+00:00
2017-07-07,27.600000381469727,27.93000030517578,27.270000457763672,27.889999389648438,22.39222526550293,3339400,CF,yfinance,2026-02-10T05:08:32.006375+00:00
2017-07-10,27.850000381469727,29.959999084472656,27.729999542236328,29.719999313354492,23.861486434936523,7721300,CF,yfinance,2026-02-10T05:08:32.006375+00:00
2017-07-11,29.709999084472656,30.059999465942383,28.68000030517578,29.440000534057617,23.63668441772461,4628500,CF,yfinance,2026-02-10T05:08:32.006375+00:00
2017-07-12,29.670000076293945,30.43000030517578,28.600000381469727,28.920000076293945,23.21918487548828,6523100,CF,yfinance,2026-02-10T05:08:32.006375+00:00
2017-07-13,28.860000610351562,29.700000762939453,28.299999237060547,29.510000228881836,23.692886352539062,4243700,CF,yfinance,2026-02-10T05:08:32.006375+00:00
2017-07-14,29.559999465942383,29.8799991607666,29.290000915527344,29.489999771118164,23.676828384399414,3695800,CF,yfinance,2026-02-10T05:08:32.006375+00:00
2017-07-17,29.459999084472656,29.860000610351562,28.93000030517578,29.270000457763672,23.50019645690918,3076300,CF,yfinance,2026-02-10T05:08:32.006375+00:00
2017-07-18,29.229999542236328,29.469999313354492,28.81999969482422,29.43000030517578,23.628650665283203,3003500,CF,yfinance,2026-02-10T05:08:32.006375+00:00
2017-07-19,29.610000610351562,30.84000015258789,29.600000381469727,30.809999465942383,24.736623764038086,5647400,CF,yfinance,2026-02-10T05:08:32.006375+00:00
2017-07-20,30.950000762939453,31.31999969482422,30.399999618530273,31.1299991607666,24.993547439575195,4044000,CF,yfinance,2026-02-10T05:08:32.006375+00:00
2017-07-21,30.940000534057617,31.309999465942383,30.889999389648438,31.139999389648438,25.001569747924805,2669300,CF,yfinance,2026-02-10T05:08:32.006375+00:00
2017-07-24,30.950000762939453,31.010000228881836,30.1299991607666,30.219999313354492,24.26292610168457,4873200,CF,yfinance,2026-02-10T05:08:32.006375+00:00
2017-07-25,30.559999465942383,30.979999542236328,29.899999618530273,30.170000076293945,24.2227840423584,6840900,CF,yfinance,2026-02-10T05:08:32.006375+00:00
2017-07-26,29.850000381469727,30.010000228881836,28.639999389648438,28.8799991607666,23.187074661254883,8457200,CF,yfinance,2026-02-10T05:08:32.006375+00:00
2017-07-27,28.93000030517578,29.200000762939453,28.440000534057617,28.809999465942383,23.130868911743164,4933600,CF,yfinance,2026-02-10T05:08:32.006375+00:00
2017-07-28,28.739999771118164,29.229999542236328,28.739999771118164,28.989999771118164,23.275388717651367,2708000,CF,yfinance,2026-02-10T05:08:32.006375+00:00
2017-07-31,29.040000915527344,29.56999969482422,28.979999542236328,29.350000381469727,23.564428329467773,6794500,CF,yfinance,2026-02-10T05:08:32.006375+00:00
2017-08-01,29.479999542236328,29.520000457763672,28.260000228881836,29.219999313354492,23.46004867553711,6144200,CF,yfinance,2026-02-10T05:08:32.006375+00:00
2017-08-02,29.190000534057617,29.280000686645508,28.489999771118164,28.719999313354492,23.058610916137695,5361500,CF,yfinance,2026-02-10T05:08:32.006375+00:00
2017-08-03,28.389999389648438,30.780000686645508,27.770000457763672,30.709999084472656,24.65633201599121,9932000,CF,yfinance,2026-02-10T05:08:32.006375+00:00
2017-08-04,30.860000610351562,32.369998931884766,30.850000381469727,32.209999084472656,25.860652923583984,8358500,CF,yfinance,2026-02-10T05:08:32.006375+00:00
2017-08-07,32.349998474121094,32.349998474121094,31.260000228881836,31.93000030517578,25.635847091674805,4184000,CF,yfinance,2026-02-10T05:08:32.006375+00:00
2017-08-08,31.860000610351562,32.220001220703125,31.280000686645508,31.489999771118164,25.282581329345703,5247800,CF,yfinance,2026-02-10T05:08:32.006375+00:00
2017-08-09,31.239999771118164,31.920000076293945,31.1299991607666,31.8799991607666,25.595699310302734,3585900,CF,yfinance,2026-02-10T05:08:32.006375+00:00
2017-08-10,31.600000381469727,32.59000015258789,30.65999984741211,30.760000228881836,24.696481704711914,6247600,CF,yfinance,2026-02-10T05:08:32.006375+00:00
2017-08-11,30.56999969482422,30.84000015258789,30.209999084472656,30.510000228881836,24.737022399902344,3853800,CF,yfinance,2026-02-10T05:08:32.006375+00:00
2017-08-14,30.799999237060547,30.799999237060547,30.200000762939453,30.219999313354492,24.501890182495117,2369400,CF,yfinance,2026-02-10T05:08:32.006375+00:00
2017-08-15,30.06999969482422,30.420000076293945,29.600000381469727,30.299999237060547,24.566755294799805,2819900,CF,yfinance,2026-02-10T05:08:32.006375+00:00
2017-08-16,30.299999237060547,30.739999771118164,30.040000915527344,30.209999084472656,24.493783950805664,2348500,CF,yfinance,2026-02-10T05:08:32.006375+00:00
2017-08-17,30.18000030517578,30.299999237060547,29.059999465942383,29.15999984741211,23.64246368408203,4758700,CF,yfinance,2026-02-10T05:08:32.006375+00:00
2017-08-18,29.079999923706055,29.3700008392334,28.549999237060547,29.030000686645508,23.537059783935547,3399500,CF,yfinance,2026-02-10T05:08:32.006375+00:00
2017-08-21,29.09000015258789,29.3700008392334,28.889999389648438,29.18000030517578,23.658679962158203,2154000,CF,yfinance,2026-02-10T05:08:32.006375+00:00
2017-08-22,29.200000762939453,29.6200008392334,29.1299991607666,29.239999771118164,23.707319259643555,2849100,CF,yfinance,2026-02-10T05:08:32.006375+00:00
2017-08-23,29.06999969482422,29.389999389648438,28.90999984741211,28.93000030517578,23.455976486206055,1873200,CF,yfinance,2026-02-10T05:08:32.006375+00:00
2017-08-24,28.940000534057617,29.170000076293945,28.649999618530273,29.030000686645508,23.537059783935547,3038000,CF,yfinance,2026-02-10T05:08:32.006375+00:00
2017-08-25,29.190000534057617,29.190000534057617,28.829999923706055,28.979999542236328,23.49652099609375,2082800,CF,yfinance,2026-02-10T05:08:32.006375+00:00
2017-08-28,29.100000381469727,29.459999084472656,28.790000915527344,29.030000686645508,23.537059783935547,4411800,CF,yfinance,2026-02-10T05:08:32.006375+00:00
2017-08-29,28.700000762939453,28.850000381469727,28.469999313354492,28.829999923706055,23.374902725219727,2052700,CF,yfinance,2026-02-10T05:08:32.006375+00:00
2017-08-30,28.799999237060547,29.149999618530273,28.559999465942383,28.940000534057617,23.464092254638672,2158500,CF,yfinance,2026-02-10T05:08:32.006375+00:00
2017-08-31,29.110000610351562,29.31999969482422,28.790000915527344,28.989999771118164,23.504627227783203,3119700,CF,yfinance,2026-02-10T05:08:32.006375+00:00
2017-09-01,28.989999771118164,30.079999923706055,28.889999389648438,29.979999542236328,24.30730628967285,3970000,CF,yfinance,2026-02-10T05:08:32.006375+00:00
2017-09-05,30.0,30.389999389648438,28.950000762939453,29.079999923706055,23.577598571777344,4924000,CF,yfinance,2026-02-10T05:08:32.006375+00:00
2017-09-06,29.260000228881836,31.350000381469727,29.209999084472656,31.200000762939453,25.296457290649414,5988900,CF,yfinance,2026-02-10T05:08:32.006375+00:00
2017-09-07,31.200000762939453,31.799999237060547,30.90999984741211,31.68000030517578,25.685632705688477,3975400,CF,yfinance,2026-02-10T05:08:32.006375+00:00
2017-09-08,31.649999618530273,32.27000045776367,31.469999313354492,32.040000915527344,25.977521896362305,3834900,CF,yfinance,2026-02-10T05:08:32.006375+00:00
2017-09-11,32.29999923706055,32.7599983215332,31.959999084472656,32.310001373291016,26.196426391601562,3500300,CF,yfinance,2026-02-10T05:08:32.006375+00:00
2017-09-12,32.5,33.560001373291016,31.920000076293945,32.189998626708984,26.099136352539062,5621500,CF,yfinance,2026-02-10T05:08:32.006375+00:00
2017-09-13,32.29999923706055,32.470001220703125,31.75,32.099998474121094,26.026159286499023,2184900,CF,yfinance,2026-02-10T05:08:32.006375+00:00
2017-09-14,32.06999969482422,32.439998626708984,31.899999618530273,32.36000061035156,26.23697280883789,3406300,CF,yfinance,2026-02-10T05:08:32.006375+00:00
2017-09-15,32.279998779296875,33.0,32.2400016784668,32.88999938964844,26.666685104370117,4864000,CF,yfinance,2026-02-10T05:08:32.006375+00:00
2017-09-18,33.470001220703125,36.5099983215332,33.31999969482422,35.099998474121094,28.458520889282227,10287800,CF,yfinance,2026-02-10T05:08:32.006375+00:00
2017-09-19,35.25,36.130001068115234,35.20000076293945,35.540000915527344,28.815261840820312,5590000,CF,yfinance,2026-02-10T05:08:32.006375+00:00
2017-09-20,35.630001068115234,36.0099983215332,34.86000061035156,35.189998626708984,28.531478881835938,4621300,CF,yfinance,2026-02-10T05:08:32.006375+00:00
2017-09-21,35.13999938964844,36.099998474121094,35.02000045776367,35.959999084472656,29.155792236328125,3249500,CF,yfinance,2026-02-10T05:08:32.006375+00:00
2017-09-22,35.83000183105469,35.9900016784668,35.130001068115234,35.22999954223633,28.563920974731445,3144600,CF,yfinance,2026-02-10T05:08:32.006375+00:00
2017-09-25,35.45000076293945,36.0099983215332,35.22999954223633,35.90999984741211,29.115243911743164,3658600,CF,yfinance,2026-02-10T05:08:32.006375+00:00
2017-09-26,35.779998779296875,35.880001068115234,34.33000183105469,34.880001068115234,28.28014373779297,5100100,CF,yfinance,2026-02-10T05:08:32.006375+00:00
2017-09-27,34.880001068115234,35.349998474121094,34.38999938964844,35.09000015258789,28.450403213500977,3814900,CF,yfinance,2026-02-10T05:08:32.006375+00:00
2017-09-28,35.279998779296875,35.790000915527344,34.43000030517578,34.84000015258789,28.247713088989258,4499000,CF,yfinance,2026-02-10T05:08:32.006375+00:00
2017-09-29,34.720001220703125,35.20000076293945,34.11000061035156,35.15999984741211,28.507164001464844,4052800,CF,yfinance,2026-02-10T05:08:32.006375+00:00
2017-10-02,35.11000061035156,35.529998779296875,34.689998626708984,35.400001525878906,28.701751708984375,3315700,CF,yfinance,2026-02-10T05:08:32.006375+00:00
2017-10-03,35.529998779296875,35.720001220703125,35.029998779296875,35.38999938964844,28.693641662597656,3332800,CF,yfinance,2026-02-10T05:08:32.006375+00:00
2017-10-04,35.41999816894531,35.86000061035156,34.90999984741211,35.099998474121094,28.458520889282227,2334400,CF,yfinance,2026-02-10T05:08:32.006375+00:00
2017-10-05,35.16999816894531,35.25,34.83000183105469,35.029998779296875,28.401758193969727,2199000,CF,yfinance,2026-02-10T05:08:32.006375+00:00
2017-10-06,34.869998931884766,34.900001525878906,33.97999954223633,34.20000076293945,27.72881317138672,3331500,CF,yfinance,2026-02-10T05:08:32.006375+00:00
2017-10-09,34.36000061035156,34.68000030517578,33.93000030517578,34.439998626708984,27.92339324951172,2712400,CF,yfinance,2026-02-10T05:08:32.006375+00:00
2017-10-10,34.439998626708984,34.560001373291016,34.04999923706055,34.47999954223633,27.95583152770996,2979800,CF,yfinance,2026-02-10T05:08:32.006375+00:00
2017-10-11,34.5,34.959999084472656,33.95000076293945,34.90999984741211,28.304468154907227,5852100,CF,yfinance,2026-02-10T05:08:32.006375+00:00
2017-10-12,34.91999816894531,35.869998931884766,34.90999984741211,35.84000015258789,29.058496475219727,4026600,CF,yfinance,2026-02-10T05:08:32.006375+00:00
2017-10-13,36.06999969482422,37.0,35.93000030517578,36.79999923706055,29.83684730529785,6124100,CF,yfinance,2026-02-10T05:08:32.006375+00:00
2017-10-16,36.7599983215332,37.290000915527344,36.470001220703125,36.88999938964844,29.90981101989746,4278200,CF,yfinance,2026-02-10T05:08:32.006375+00:00
2017-10-17,36.900001525878906,37.38999938964844,36.470001220703125,37.0,29.999006271362305,4643600,CF,yfinance,2026-02-10T05:08:32.006375+00:00
2017-10-18,37.02000045776367,37.310001373291016,36.2599983215332,36.83000183105469,29.861167907714844,3160900,CF,yfinance,2026-02-10T05:08:32.006375+00:00
2017-10-19,36.540000915527344,36.77000045776367,36.0099983215332,36.33000183105469,29.455780029296875,3192800,CF,yfinance,2026-02-10T05:08:32.006375+00:00
2017-10-20,36.75,37.02000045776367,36.36000061035156,36.9900016784668,29.99089241027832,3194000,CF,yfinance,2026-02-10T05:08:32.006375+00:00
2017-10-23,36.900001525878906,37.189998626708984,36.279998779296875,36.310001373291016,29.4395694732666,2501000,CF,yfinance,2026-02-10T05:08:32.006375+00:00
2017-10-24,36.7400016784668,37.68000030517578,36.560001373291016,37.61000061035156,30.493587493896484,3257400,CF,yfinance,2026-02-10T05:08:32.006375+00:00
2017-10-25,37.470001220703125,38.0099983215332,37.16999816894531,37.68000030517578,30.550342559814453,3350300,CF,yfinance,2026-02-10T05:08:32.006375+00:00
2017-10-26,37.310001373291016,37.529998779296875,36.619998931884766,37.45000076293945,30.363853454589844,2317400,CF,yfinance,2026-02-10T05:08:32.006375+00:00
2017-10-27,37.150001525878906,37.529998779296875,36.66999816894531,37.11000061035156,30.08818817138672,2659100,CF,yfinance,2026-02-10T05:08:32.006375+00:00
2017-10-30,37.5099983215332,38.060001373291016,37.33000183105469,37.369998931884766,30.299001693725586,3952100,CF,yfinance,2026-02-10T05:08:32.006375+00:00
2017-10-31,37.619998931884766,38.099998474121094,37.41999816894531,37.97999954223633,30.793581008911133,4838600,CF,yfinance,2026-02-10T05:08:32.006375+00:00
2017-11-01,38.25,38.5,37.58000183105469,38.040000915527344,30.84222412109375,4439000,CF,yfinance,2026-02-10T05:08:32.006375+00:00
2017-11-02,38.7400016784668,39.040000915527344,36.709999084472656,38.54999923706055,31.255722045898438,5965800,CF,yfinance,2026-02-10T05:08:32.006375+00:00
2017-11-03,38.75,38.849998474121094,37.810001373291016,38.599998474121094,31.296253204345703,3506300,CF,yfinance,2026-02-10T05:08:32.006375+00:00
2017-11-06,38.66999816894531,39.31999969482422,38.599998474121094,39.209999084472656,31.79083824157715,3938600,CF,yfinance,2026-02-10T05:08:32.006375+00:00
2017-11-07,37.7400016784668,38.0,36.41999816894531,36.88999938964844,29.90981101989746,6080500,CF,yfinance,2026-02-10T05:08:32.006375+00:00
2017-11-08,36.970001220703125,37.86000061035156,36.52000045776367,37.779998779296875,30.631418228149414,3320500,CF,yfinance,2026-02-10T05:08:32.006375+00:00
2017-11-09,37.52000045776367,38.0099983215332,36.77000045776367,37.13999938964844,30.11251449584961,3156500,CF,yfinance,2026-02-10T05:08:32.006375+00:00
2017-11-10,37.2599983215332,37.91999816894531,37.0,37.279998779296875,30.226016998291016,3391300,CF,yfinance,2026-02-10T05:08:32.006375+00:00
2017-11-13,36.959999084472656,37.720001220703125,36.83000183105469,37.369998931884766,30.299001693725586,2634900,CF,yfinance,2026-02-10T05:08:32.006375+00:00
2017-11-14,35.68000030517578,36.619998931884766,35.0099983215332,35.52000045776367,29.032115936279297,3518800,CF,yfinance,2026-02-10T05:08:32.006375+00:00
2017-11-15,35.11000061035156,35.5,33.5,35.31999969482422,28.868640899658203,4213100,CF,yfinance,2026-02-10T05:08:32.006375+00:00
2017-11-16,35.349998474121094,36.83000183105469,35.29999923706055,36.16999816894531,29.56338119506836,3147300,CF,yfinance,2026-02-10T05:08:32.006375+00:00
2017-11-17,35.88999938964844,36.040000915527344,35.25,35.47999954223633,28.999420166015625,4330200,CF,yfinance,2026-02-10T05:08:32.006375+00:00
2017-11-20,35.34000015258789,35.86000061035156,35.029998779296875,35.779998779296875,29.2446231842041,2332800,CF,yfinance,2026-02-10T05:08:32.006375+00:00
2017-11-21,35.959999084472656,36.88999938964844,35.959999084472656,36.45000076293945,29.792232513427734,2559800,CF,yfinance,2026-02-10T05:08:32.006375+00:00
2017-11-22,36.689998626708984,36.79999923706055,36.16999816894531,36.310001373291016,29.677820205688477,2567900,CF,yfinance,2026-02-10T05:08:32.006375+00:00
2017-11-24,35.81999969482422,36.31999969482422,35.38999938964844,35.939998626708984,29.375389099121094,1893100,CF,yfinance,2026-02-10T05:08:32.006375+00:00
2017-11-27,36.04999923706055,36.40999984741211,35.84000015258789,35.91999816894531,29.359046936035156,3235600,CF,yfinance,2026-02-10T05:08:32.006375+00:00
2017-11-28,35.810001373291016,36.540000915527344,35.720001220703125,36.45000076293945,29.792232513427734,3180700,CF,yfinance,2026-02-10T05:08:32.006375+00:00
2017-11-29,36.56999969482422,37.029998779296875,36.279998779296875,36.849998474121094,30.119182586669922,2799900,CF,yfinance,2026-02-10T05:08:32.006375+00:00
2017-11-30,36.77000045776367,37.630001068115234,36.77000045776367,37.470001220703125,30.62593650817871,2683600,CF,yfinance,2026-02-10T05:08:32.006375+00:00
2017-12-01,37.59000015258789,37.849998474121094,36.7599983215332,37.59000015258789,30.72402000427246,2837100,CF,yfinance,2026-02-10T05:08:32.006375+00:00
2017-12-04,37.95000076293945,38.689998626708984,36.84000015258789,36.900001525878906,30.16005516052246,4266400,CF,yfinance,2026-02-10T05:08:32.006375+00:00
2017-12-05,36.81999969482422,37.970001220703125,36.709999084472656,37.36000061035156,30.536027908325195,3051800,CF,yfinance,2026-02-10T05:08:32.006375+00:00
2017-12-06,37.02000045776367,37.2400016784668,36.52000045776367,36.54999923706055,29.87396812438965,3585900,CF,yfinance,2026-02-10T05:08:32.006375+00:00
2017-12-07,37.18000030517578,38.29999923706055,36.5099983215332,38.220001220703125,31.238935470581055,2349700,CF,yfinance,2026-02-10T05:08:32.006375+00:00
2017-12-08,38.40999984741211,39.68000030517578,38.400001525878906,39.2599983215332,32.08898162841797,4567200,CF,yfinance,2026-02-10T05:08:32.006375+00:00
2017-12-11,39.25,39.63999938964844,39.099998474121094,39.400001525878906,32.203407287597656,3051100,CF,yfinance,2026-02-10T05:08:32.006375+00:00
2017-12-12,39.279998779296875,41.79999923706055,39.20000076293945,40.599998474121094,33.18423080444336,7533700,CF,yfinance,2026-02-10T05:08:32.006375+00:00
2017-12-13,40.77000045776367,41.40999984741211,40.599998474121094,41.2599983215332,33.723670959472656,3007900,CF,yfinance,2026-02-10T05:08:32.006375+00:00
2017-12-14,41.06999969482422,41.459999084472656,40.91999816894531,41.02000045776367,33.52751159667969,3845500,CF,yfinance,2026-02-10T05:08:32.006375+00:00
2017-12-15,40.939998626708984,41.16999816894531,39.95000076293945,41.09000015258789,33.58472442626953,5468800,CF,yfinance,2026-02-10T05:08:32.006375+00:00
2017-12-18,41.45000076293945,41.63999938964844,40.599998474121094,40.93000030517578,33.453956604003906,4759000,CF,yfinance,2026-02-10T05:08:32.006375+00:00
2017-12-19,41.06999969482422,41.619998931884766,40.81999969482422,41.20000076293945,33.674625396728516,3126600,CF,yfinance,2026-02-10T05:08:32.006375+00:00
2017-12-20,41.290000915527344,41.36000061035156,40.849998474121094,40.880001068115234,33.4130859375,2258100,CF,yfinance,2026-02-10T05:08:32.006375+00:00
2017-12-21,40.93000030517578,41.31999969482422,40.880001068115234,41.25,33.71549987792969,3096000,CF,yfinance,2026-02-10T05:08:32.006375+00:00
2017-12-22,41.36000061035156,42.06999969482422,41.099998474121094,41.709999084472656,34.09147644042969,5559700,CF,yfinance,2026-02-10T05:08:32.006375+00:00
2017-12-26,41.79999923706055,43.040000915527344,41.709999084472656,42.849998474121094,35.02326202392578,1853400,CF,yfinance,2026-02-10T05:08:32.006375+00:00
2017-12-27,42.540000915527344,43.099998474121094,42.209999084472656,43.06999969482422,35.20306396484375,3087400,CF,yfinance,2026-02-10T05:08:32.006375+00:00
2017-12-28,42.939998626708984,43.41999816894531,42.459999084472656,42.61000061035156,34.827091217041016,1870800,CF,yfinance,2026-02-10T05:08:32.006375+00:00
2017-12-29,42.939998626708984,43.290000915527344,42.290000915527344,42.540000915527344,34.7698860168457,1426200,CF,yfinance,2026-02-10T05:08:32.006375+00:00
2018-01-02,42.86000061035156,43.31999969482422,42.5099983215332,43.13999938964844,35.260292053222656,2330600,CF,yfinance,2026-02-10T05:08:32.006375+00:00
2018-01-03,43.349998474121094,43.540000915527344,43.02000045776367,43.150001525878906,35.268463134765625,1757500,CF,yfinance,2026-02-10T05:08:32.006375+00:00
2018-01-04,43.400001525878906,43.689998626708984,42.849998474121094,43.599998474121094,35.636260986328125,1718700,CF,yfinance,2026-02-10T05:08:32.006375+00:00
2018-01-05,43.849998474121094,43.97999954223633,43.349998474121094,43.66999816894531,35.69347381591797,2077100,CF,yfinance,2026-02-10T05:08:32.006375+00:00
2018-01-08,43.86000061035156,43.939998626708984,42.58000183105469,42.720001220703125,34.91699981689453,3349500,CF,yfinance,2026-02-10T05:08:32.006375+00:00
2018-01-09,42.709999084472656,43.06999969482422,42.290000915527344,42.470001220703125,34.71266555786133,3381100,CF,yfinance,2026-02-10T05:08:32.006375+00:00
2018-01-10,42.220001220703125,42.630001068115234,41.70000076293945,42.41999816894531,34.671791076660156,2251700,CF,yfinance,2026-02-10T05:08:32.006375+00:00
2018-01-11,42.470001220703125,43.720001220703125,42.369998931884766,43.720001220703125,35.734344482421875,2639900,CF,yfinance,2026-02-10T05:08:32.006375+00:00
2018-01-12,43.529998779296875,43.83000183105469,43.150001525878906,43.52000045776367,35.57087707519531,2260500,CF,yfinance,2026-02-10T05:08:32.006375+00:00
2018-01-16,42.939998626708984,42.970001220703125,40.529998779296875,40.709999084472656,33.274139404296875,6781100,CF,yfinance,2026-02-10T05:08:32.006375+00:00
2018-01-17,41.029998779296875,41.029998779296875,39.349998474121094,39.560001373291016,32.33418273925781,5651600,CF,yfinance,2026-02-10T05:08:32.006375+00:00
2018-01-18,40.34000015258789,41.029998779296875,39.90999984741211,40.08000183105469,32.75920867919922,6375600,CF,yfinance,2026-02-10T05:08:32.006375+00:00
2018-01-19,40.369998931884766,40.630001068115234,39.54999923706055,40.38999938964844,33.0125846862793,3539900,CF,yfinance,2026-02-10T05:08:32.006375+00:00
2018-01-22,40.27000045776367,40.86000061035156,40.27000045776367,40.84000015258789,33.38039779663086,2273200,CF,yfinance,2026-02-10T05:08:32.006375+00:00
2018-01-23,40.650001525878906,41.689998626708984,40.34000015258789,41.29999923706055,33.75637435913086,2560900,CF,yfinance,2026-02-10T05:08:32.006375+00:00
2018-01-24,41.459999084472656,42.06999969482422,41.029998779296875,41.63999938964844,34.03425979614258,2422200,CF,yfinance,2026-02-10T05:08:32.006375+00:00
2018-01-25,42.0,42.09000015258789,40.31999969482422,40.40999984741211,33.028926849365234,1814400,CF,yfinance,2026-02-10T05:08:32.006375+00:00
2018-01-26,40.599998474121094,42.22999954223633,40.27000045776367,42.130001068115234,34.434757232666016,2758300,CF,yfinance,2026-02-10T05:08:32.006375+00:00
2018-01-29,41.900001525878906,42.52000045776367,41.459999084472656,42.099998474121094,34.41024398803711,2208000,CF,yfinance,2026-02-10T05:08:32.006375+00:00
2018-01-30,41.810001373291016,42.349998474121094,41.4900016784668,42.0,34.328514099121094,2245800,CF,yfinance,2026-02-10T05:08:32.006375+00:00
2018-01-31,42.08000183105469,42.68000030517578,41.459999084472656,42.439998626708984,34.68814468383789,2730400,CF,yfinance,2026-02-10T05:08:32.006375+00:00
2018-02-01,42.18000030517578,42.970001220703125,41.5099983215332,41.56999969482422,33.977054595947266,1961700,CF,yfinance,2026-02-10T05:08:32.006375+00:00
2018-02-02,41.310001373291016,41.310001373291016,39.58000183105469,39.90999984741211,32.62026596069336,1911100,CF,yfinance,2026-02-10T05:08:32.006375+00:00
2018-02-05,39.560001373291016,40.4900016784668,38.099998474121094,38.20000076293945,31.222610473632812,3665800,CF,yfinance,2026-02-10T05:08:32.006375+00:00
2018-02-06,37.16999816894531,39.33000183105469,36.84000015258789,39.040000915527344,31.909164428710938,3752500,CF,yfinance,2026-02-10T05:08:32.006375+00:00
2018-02-07,38.709999084472656,40.369998931884766,38.65999984741211,39.47999954223633,32.2688102722168,3264400,CF,yfinance,2026-02-10T05:08:32.006375+00:00
2018-02-08,39.5,39.9900016784668,37.38999938964844,37.459999084472656,30.617759704589844,4103200,CF,yfinance,2026-02-10T05:08:32.006375+00:00
2018-02-09,37.79999923706055,38.18000030517578,35.900001525878906,37.619998931884766,30.74854278564453,4032900,CF,yfinance,2026-02-10T05:08:32.006375+00:00
2018-02-12,38.16999816894531,38.880001068115234,37.63999938964844,38.439998626708984,31.418750762939453,3115600,CF,yfinance,2026-02-10T05:08:32.006375+00:00
2018-02-13,38.36000061035156,39.25,37.900001525878906,39.0,31.87645721435547,2372700,CF,yfinance,2026-02-10T05:08:32.006375+00:00
2018-02-14,38.63999938964844,40.08000183105469,38.47999954223633,39.65999984741211,32.415916442871094,2757800,CF,yfinance,2026-02-10T05:08:32.006375+00:00
2018-02-15,40.900001525878906,41.11000061035156,39.09000015258789,40.88999938964844,33.67599105834961,3996000,CF,yfinance,2026-02-10T05:08:32.006375+00:00
2018-02-16,40.779998779296875,41.029998779296875,40.20000076293945,40.36000061035156,33.239498138427734,2884800,CF,yfinance,2026-02-10T05:08:32.006375+00:00
2018-02-20,40.560001373291016,41.95000076293945,40.29999923706055,41.81999969482422,34.441917419433594,3877400,CF,yfinance,2026-02-10T05:08:32.006375+00:00
2018-02-21,42.209999084472656,43.77000045776367,42.06999969482422,42.630001068115234,35.1090202331543,4653400,CF,yfinance,2026-02-10T05:08:32.006375+00:00
2018-02-22,42.90999984741211,43.650001525878906,42.81999969482422,42.970001220703125,35.38903045654297,2980100,CF,yfinance,2026-02-10T05:08:32.006375+00:00
2018-02-23,43.43000030517578,44.20000076293945,43.0,44.119998931884766,36.33614730834961,2733400,CF,yfinance,2026-02-10T05:08:32.006375+00:00
2018-02-26,44.36000061035156,44.47999954223633,42.380001068115234,42.66999816894531,35.1419563293457,3492000,CF,yfinance,2026-02-10T05:08:32.006375+00:00
2018-02-27,42.099998474121094,42.70000076293945,41.630001068115234,41.77000045776367,34.40073013305664,2721900,CF,yfinance,2026-02-10T05:08:32.006375+00:00
2018-02-28,41.7599983215332,42.63999938964844,41.220001220703125,41.2400016784668,33.9642448425293,2944400,CF,yfinance,2026-02-10T05:08:32.006375+00:00
2018-03-01,41.380001068115234,42.5,41.04999923706055,41.650001525878906,34.301910400390625,2841200,CF,yfinance,2026-02-10T05:08:32.006375+00:00
2018-03-02,41.47999954223633,42.060001373291016,40.529998779296875,41.869998931884766,34.48310089111328,2348500,CF,yfinance,2026-02-10T05:08:32.006375+00:00
2018-03-05,42.63999938964844,44.79999923706055,42.5,44.560001373291016,36.69851303100586,9383200,CF,yfinance,2026-02-10T05:08:32.006375+00:00
2018-03-06,44.939998626708984,45.0,43.060001373291016,43.20000076293945,35.57844924926758,5640100,CF,yfinance,2026-02-10T05:08:32.006375+00:00
2018-03-07,42.52000045776367,43.11000061035156,41.41999816894531,41.90999984741211,34.51603698730469,3685100,CF,yfinance,2026-02-10T05:08:32.006375+00:00
2018-03-08,41.27000045776367,41.27000045776367,39.61000061035156,40.88999938964844,33.67599105834961,7437300,CF,yfinance,2026-02-10T05:08:32.006375+00:00
2018-03-09,41.29999923706055,42.060001373291016,40.349998474121094,41.5,34.178367614746094,4000800,CF,yfinance,2026-02-10T05:08:32.006375+00:00
2018-03-12,41.34000015258789,42.02000045776367,41.0099983215332,41.880001068115234,34.49132537841797,3971400,CF,yfinance,2026-02-10T05:08:32.006375+00:00
2018-03-13,41.5,41.959999084472656,40.20000076293945,40.380001068115234,33.25597381591797,3633000,CF,yfinance,2026-02-10T05:08:32.006375+00:00
2018-03-14,40.400001525878906,40.709999084472656,39.79999923706055,40.310001373291016,33.19832992553711,3796300,CF,yfinance,2026-02-10T05:08:32.006375+00:00
2018-03-15,40.33000183105469,40.56999969482422,38.869998931884766,38.9900016784668,32.111202239990234,3669800,CF,yfinance,2026-02-10T05:08:32.006375+00:00
2018-03-16,38.9900016784668,39.119998931884766,38.08000183105469,38.33000183105469,31.567646026611328,4597400,CF,yfinance,2026-02-10T05:08:32.006375+00:00
2018-03-19,38.119998931884766,38.529998779296875,37.209999084472656,37.689998626708984,31.040550231933594,4161400,CF,yfinance,2026-02-10T05:08:32.006375+00:00
2018-03-20,37.86000061035156,38.290000915527344,37.36000061035156,37.95000076293945,31.25467872619629,3274600,CF,yfinance,2026-02-10T05:08:32.006375+00:00
2018-03-21,37.939998626708984,39.15999984741211,37.849998474121094,38.65999984741211,31.839418411254883,2502500,CF,yfinance,2026-02-10T05:08:32.006375+00:00
2018-03-22,38.09000015258789,38.75,37.25,37.27000045776367,30.69464874267578,2163100,CF,yfinance,2026-02-10T05:08:32.006375+00:00
2018-03-23,37.22999954223633,37.869998931884766,36.79999923706055,36.91999816894531,30.406387329101562,3327700,CF,yfinance,2026-02-10T05:08:32.006375+00:00
2018-03-26,37.380001068115234,37.61000061035156,36.630001068115234,37.349998474121094,30.76053237915039,2579000,CF,yfinance,2026-02-10T05:08:32.006375+00:00
2018-03-27,37.529998779296875,38.0099983215332,37.11000061035156,37.5,30.884077072143555,4438400,CF,yfinance,2026-02-10T05:08:32.006375+00:00
2018-03-28,36.880001068115234,37.369998931884766,36.369998931884766,36.4900016784668,30.05225944519043,2522600,CF,yfinance,2026-02-10T05:08:32.006375+00:00
2018-03-29,36.72999954223633,37.869998931884766,36.689998626708984,37.72999954223633,31.0734920501709,3083900,CF,yfinance,2026-02-10T05:08:32.006375+00:00
2018-04-02,37.61000061035156,37.7400016784668,36.38999938964844,36.619998931884766,30.159332275390625,3022800,CF,yfinance,2026-02-10T05:08:32.006375+00:00
2018-04-03,36.86000061035156,37.16999816894531,36.529998779296875,36.97999954223633,30.455812454223633,2036600,CF,yfinance,2026-02-10T05:08:32.006375+00:00
2018-04-04,36.209999084472656,37.16999816894531,35.70000076293945,37.11000061035156,30.56287384033203,3302000,CF,yfinance,2026-02-10T05:08:32.006375+00:00
2018-04-05,37.43000030517578,38.88999938964844,37.25,38.58000183105469,31.773540496826172,4174100,CF,yfinance,2026-02-10T05:08:32.006375+00:00
2018-04-06,37.970001220703125,38.439998626708984,36.529998779296875,36.83000183105469,30.332275390625,3400200,CF,yfinance,2026-02-10T05:08:32.006375+00:00
2018-04-09,37.11000061035156,37.75,36.54999923706055,37.15999984741211,30.604063034057617,1960400,CF,yfinance,2026-02-10T05:08:32.006375+00:00
2018-04-10,37.63999938964844,37.81999969482422,37.0,37.27000045776367,30.69464874267578,2852400,CF,yfinance,2026-02-10T05:08:32.006375+00:00
2018-04-11,37.15999984741211,37.81999969482422,37.15999984741211,37.40999984741211,30.80994987487793,1913700,CF,yfinance,2026-02-10T05:08:32.006375+00:00
2018-04-12,37.650001525878906,38.5,37.0,38.20000076293945,31.460588455200195,2122700,CF,yfinance,2026-02-10T05:08:32.006375+00:00
2018-04-13,38.380001068115234,38.54999923706055,37.779998779296875,38.43000030517578,31.650005340576172,1955700,CF,yfinance,2026-02-10T05:08:32.006375+00:00
2018-04-16,38.70000076293945,38.83000183105469,38.33000183105469,38.45000076293945,31.666461944580078,1634700,CF,yfinance,2026-02-10T05:08:32.006375+00:00
2018-04-17,38.65999984741211,39.400001525878906,38.189998626708984,39.08000183105469,32.18532943725586,1805900,CF,yfinance,2026-02-10T05:08:32.006375+00:00
2018-04-18,39.29999923706055,40.349998474121094,39.0,40.02000045776367,32.959476470947266,2064700,CF,yfinance,2026-02-10T05:08:32.006375+00:00
2018-04-19,39.93000030517578,40.0099983215332,39.2400016784668,39.63999938964844,32.646522521972656,1192400,CF,yfinance,2026-02-10T05:08:32.006375+00:00
2018-04-20,39.56999969482422,39.650001525878906,38.529998779296875,38.720001220703125,31.88882827758789,2575400,CF,yfinance,2026-02-10T05:08:32.006375+00:00
2018-04-23,38.66999816894531,39.38999938964844,38.41999816894531,39.0,32.119422912597656,1899300,CF,yfinance,2026-02-10T05:08:32.006375+00:00
2018-04-24,39.22999954223633,39.81999969482422,38.41999816894531,38.939998626708984,32.07001876831055,1958800,CF,yfinance,2026-02-10T05:08:32.006375+00:00
2018-04-25,38.93000030517578,39.7599983215332,38.709999084472656,39.61000061035156,32.6218147277832,2016800,CF,yfinance,2026-02-10T05:08:32.006375+00:00
2018-04-26,39.849998474121094,40.099998474121094,39.650001525878906,39.81999969482422,32.79476547241211,1782100,CF,yfinance,2026-02-10T05:08:32.006375+00:00
2018-04-27,39.79999923706055,39.83000183105469,39.060001373291016,39.529998779296875,32.5559196472168,2162900,CF,yfinance,2026-02-10T05:08:32.006375+00:00
2018-04-30,39.470001220703125,39.88999938964844,38.59000015258789,38.79999923706055,31.954721450805664,2701200,CF,yfinance,2026-02-10T05:08:32.006375+00:00
2018-05-01,38.52000045776367,38.72999954223633,38.130001068115234,38.66999816894531,31.8476505279541,2255200,CF,yfinance,2026-02-10T05:08:32.006375+00:00
2018-05-02,38.689998626708984,39.79999923706055,38.689998626708984,39.06999969482422,32.177085876464844,3195900,CF,yfinance,2026-02-10T05:08:32.006375+00:00
2018-05-03,37.41999816894531,39.04999923706055,37.349998474121094,38.27000045776367,31.51822853088379,2831400,CF,yfinance,2026-02-10T05:08:32.006375+00:00
2018-05-04,38.369998931884766,38.849998474121094,37.7599983215332,38.5099983215332,31.715885162353516,2611900,CF,yfinance,2026-02-10T05:08:32.006375+00:00
2018-05-07,38.470001220703125,38.5099983215332,37.16999816894531,37.72999954223633,31.0734920501709,3183900,CF,yfinance,2026-02-10T05:08:32.006375+00:00
2018-05-08,37.400001525878906,37.88999938964844,37.02000045776367,37.790000915527344,31.12291145324707,3292800,CF,yfinance,2026-02-10T05:08:32.006375+00:00
2018-05-09,38.349998474121094,39.22999954223633,38.119998931884766,38.75,31.913537979125977,3209200,CF,yfinance,2026-02-10T05:08:32.006375+00:00
2018-05-10,38.689998626708984,39.779998779296875,38.689998626708984,39.40999984741211,32.45710372924805,1378200,CF,yfinance,2026-02-10T05:08:32.006375+00:00
2018-05-11,39.16999816894531,39.91999816894531,39.04999923706055,39.5,32.531219482421875,1939700,CF,yfinance,2026-02-10T05:08:32.006375+00:00
2018-05-14,39.650001525878906,40.65999984741211,39.650001525878906,40.470001220703125,33.58515930175781,2573000,CF,yfinance,2026-02-10T05:08:32.006375+00:00
2018-05-15,40.4900016784668,42.040000915527344,40.470001220703125,41.7400016784668,34.63910675048828,3740100,CF,yfinance,2026-02-10T05:08:32.006375+00:00
2018-05-16,41.689998626708984,41.810001373291016,40.33000183105469,40.54999923706055,33.65155792236328,3478000,CF,yfinance,2026-02-10T05:08:32.006375+00:00
2018-05-17,40.56999969482422,41.27000045776367,40.470001220703125,41.099998474121094,34.10798645019531,2315900,CF,yfinance,2026-02-10T05:08:32.006375+00:00
2018-05-18,41.02000045776367,41.560001373291016,40.77000045776367,41.349998474121094,34.31545639038086,1973000,CF,yfinance,2026-02-10T05:08:32.006375+00:00
2018-05-21,41.66999816894531,42.58000183105469,41.52000045776367,42.06999969482422,34.9129753112793,1944400,CF,yfinance,2026-02-10T05:08:32.006375+00:00
2018-05-22,42.150001525878906,42.4900016784668,41.810001373291016,41.86000061035156,34.73869705200195,1790600,CF,yfinance,2026-02-10T05:08:32.006375+00:00
2018-05-23,41.4900016784668,41.4900016784668,40.09000015258789,41.2599983215332,34.240760803222656,2050700,CF,yfinance,2026-02-10T05:08:32.006375+00:00
2018-05-24,41.02000045776367,41.7599983215332,40.97999954223633,41.40999984741211,34.365257263183594,2513000,CF,yfinance,2026-02-10T05:08:32.006375+00:00
2018-05-25,41.279998779296875,41.7599983215332,40.38999938964844,41.65999984741211,34.57271957397461,1920300,CF,yfinance,2026-02-10T05:08:32.006375+00:00
2018-05-29,41.2599983215332,41.900001525878906,40.91999816894531,41.16999816894531,34.16607666015625,3015600,CF,yfinance,2026-02-10T05:08:32.006375+00:00
2018-05-30,41.31999969482422,41.900001525878906,41.09000015258789,41.540000915527344,34.47314453125,1700100,CF,yfinance,2026-02-10T05:08:32.006375+00:00
2018-05-31,41.5099983215332,41.66999816894531,40.83000183105469,41.13999938964844,34.14118194580078,1958000,CF,yfinance,2026-02-10T05:08:32.006375+00:00
2018-06-01,41.45000076293945,41.58000183105469,40.29999923706055,40.470001220703125,33.58515930175781,2212000,CF,yfinance,2026-02-10T05:08:32.006375+00:00
2018-06-04,40.70000076293945,40.95000076293945,40.2599983215332,40.56999969482422,33.66815185546875,1822500,CF,yfinance,2026-02-10T05:08:32.006375+00:00
2018-06-05,40.83000183105469,42.380001068115234,40.70000076293945,41.34000015258789,34.30716323852539,4019100,CF,yfinance,2026-02-10T05:08:32.006375+00:00
2018-06-06,41.41999816894531,42.599998474121094,41.06999969482422,42.560001373291016,35.31961441040039,2597500,CF,yfinance,2026-02-10T05:08:32.006375+00:00
2018-06-07,42.7400016784668,43.25,42.459999084472656,42.88999938964844,35.59347152709961,2031500,CF,yfinance,2026-02-10T05:08:32.006375+00:00
2018-06-08,42.779998779296875,43.41999816894531,41.84000015258789,43.18000030517578,35.83414077758789,3296300,CF,yfinance,2026-02-10T05:08:32.006375+00:00
2018-06-11,43.02000045776367,43.279998779296875,42.72999954223633,43.06999969482422,35.74284744262695,2822000,CF,yfinance,2026-02-10T05:08:32.006375+00:00
2018-06-12,43.060001373291016,43.90999984741211,42.93000030517578,43.54999923706055,36.141197204589844,2614000,CF,yfinance,2026-02-10T05:08:32.006375+00:00
2018-06-13,43.529998779296875,44.43000030517578,43.060001373291016,44.310001373291016,36.77189636230469,3118900,CF,yfinance,2026-02-10T05:08:32.006375+00:00
2018-06-14,44.599998474121094,45.08000183105469,43.810001373291016,44.91999816894531,37.27812576293945,3474300,CF,yfinance,2026-02-10T05:08:32.006375+00:00
2018-06-15,44.66999816894531,44.86000061035156,44.029998779296875,44.58000183105469,36.99596405029297,5347200,CF,yfinance,2026-02-10T05:08:32.006375+00:00
2018-06-18,44.25,46.040000915527344,44.13999938964844,45.95000076293945,38.13290023803711,3374500,CF,yfinance,2026-02-10T05:08:32.006375+00:00
2018-06-19,45.0099983215332,45.310001373291016,43.2400016784668,45.20000076293945,37.5104866027832,4574200,CF,yfinance,2026-02-10T05:08:32.006375+00:00
2018-06-20,45.34000015258789,45.43000030517578,44.2599983215332,44.58000183105469,36.99596405029297,1817400,CF,yfinance,2026-02-10T05:08:32.006375+00:00
2018-06-21,45.09000015258789,45.79999923706055,44.689998626708984,44.90999984741211,37.26982498168945,2833600,CF,yfinance,2026-02-10T05:08:32.006375+00:00
2018-06-22,45.43000030517578,46.20000076293945,45.119998931884766,45.29999923706055,37.59347915649414,4035600,CF,yfinance,2026-02-10T05:08:32.006375+00:00
2018-06-25,44.58000183105469,44.75,43.83000183105469,43.9900016784668,36.50634002685547,2567600,CF,yfinance,2026-02-10T05:08:32.006375+00:00
2018-06-26,44.16999816894531,44.4900016784668,43.849998474121094,44.099998474121094,36.59762954711914,1605900,CF,yfinance,2026-02-10T05:08:32.006375+00:00
2018-06-27,44.38999938964844,45.13999938964844,43.70000076293945,43.81999969482422,36.36526107788086,2074200,CF,yfinance,2026-02-10T05:08:32.006375+00:00
2018-06-28,45.58000183105469,45.97999954223633,44.0,44.290000915527344,36.75531005859375,3690200,CF,yfinance,2026-02-10T05:08:32.006375+00:00
2018-06-29,44.77000045776367,45.380001068115234,44.380001068115234,44.400001525878906,36.846588134765625,2382600,CF,yfinance,2026-02-10T05:08:32.006375+00:00
2018-07-02,44.130001068115234,44.220001220703125,43.11000061035156,43.400001525878906,36.01671600341797,3049100,CF,yfinance,2026-02-10T05:08:32.006375+00:00
2018-07-03,43.779998779296875,44.36000061035156,43.380001068115234,44.2599983215332,36.73039627075195,1363000,CF,yfinance,2026-02-10T05:08:32.006375+00:00
2018-07-05,44.349998474121094,44.650001525878906,42.7599983215332,43.04999923706055,35.726253509521484,3234600,CF,yfinance,2026-02-10T05:08:32.006375+00:00
2018-07-06,42.790000915527344,43.099998474121094,42.2599983215332,42.880001068115234,35.58517837524414,2979100,CF,yfinance,2026-02-10T05:08:32.006375+00:00
2018-07-09,43.06999969482422,43.77000045776367,43.06999969482422,43.599998474121094,36.18268585205078,2168800,CF,yfinance,2026-02-10T05:08:32.006375+00:00
2018-07-10,43.619998931884766,44.25,43.25,43.63999938964844,36.215877532958984,2721100,CF,yfinance,2026-02-10T05:08:32.006375+00:00
2018-07-11,43.22999954223633,43.56999969482422,42.36000061035156,42.560001373291016,35.31961441040039,3550300,CF,yfinance,2026-02-10T05:08:32.006375+00:00
2018-07-12,43.16999816894531,43.25,42.20000076293945,43.119998931884766,35.784358978271484,2833800,CF,yfinance,2026-02-10T05:08:32.006375+00:00
2018-07-13,42.91999816894531,43.189998626708984,42.11000061035156,42.310001373291016,35.112144470214844,2997700,CF,yfinance,2026-02-10T05:08:32.006375+00:00
2018-07-16,42.20000076293945,42.619998931884766,41.4900016784668,42.2400016784668,35.05405807495117,2755800,CF,yfinance,2026-02-10T05:08:32.006375+00:00
2018-07-17,42.77000045776367,43.150001525878906,42.369998931884766,42.72999954223633,35.46070098876953,2178700,CF,yfinance,2026-02-10T05:08:32.006375+00:00
2018-07-18,43.36000061035156,43.61000061035156,42.650001525878906,42.880001068115234,35.58517837524414,2011600,CF,yfinance,2026-02-10T05:08:32.006375+00:00
2018-07-19,42.810001373291016,43.040000915527344,42.279998779296875,42.79999923706055,35.51878356933594,2225500,CF,yfinance,2026-02-10T05:08:32.006375+00:00
2018-07-20,42.459999084472656,43.33000183105469,42.459999084472656,43.040000915527344,35.71795654296875,2204100,CF,yfinance,2026-02-10T05:08:32.006375+00:00
2018-07-23,43.130001068115234,43.4900016784668,43.040000915527344,43.27000045776367,35.90882873535156,1705100,CF,yfinance,2026-02-10T05:08:32.006375+00:00
2018-07-24,43.83000183105469,44.97999954223633,43.349998474121094,43.529998779296875,36.12459945678711,3060400,CF,yfinance,2026-02-10T05:08:32.006375+00:00
2018-07-25,43.720001220703125,44.40999984741211,43.11000061035156,44.29999923706055,36.763607025146484,2713700,CF,yfinance,2026-02-10T05:08:32.006375+00:00
2018-07-26,44.18000030517578,45.4900016784668,44.09000015258789,45.27000045776367,37.56859588623047,2165800,CF,yfinance,2026-02-10T05:08:32.006375+00:00
2018-07-27,45.31999969482422,45.52000045776367,44.41999816894531,44.5,36.92957305908203,1881100,CF,yfinance,2026-02-10T05:08:32.006375+00:00
2018-07-30,44.61000061035156,45.16999816894531,43.86000061035156,43.95000076293945,36.473140716552734,1901100,CF,yfinance,2026-02-10T05:08:32.006375+00:00
2018-07-31,44.29999923706055,44.7400016784668,44.099998474121094,44.41999816894531,36.86318588256836,2248500,CF,yfinance,2026-02-10T05:08:32.006375+00:00
2018-08-01,44.18000030517578,44.650001525878906,43.70000076293945,44.130001068115234,36.62252426147461,2426600,CF,yfinance,2026-02-10T05:08:32.006375+00:00
2018-08-02,47.04999923706055,49.7599983215332,46.130001068115234,49.5,41.07897186279297,7277600,CF,yfinance,2026-02-10T05:08:32.006375+00:00
2018-08-03,49.869998931884766,49.95000076293945,48.630001068115234,49.06999969482422,40.72212219238281,2990500,CF,yfinance,2026-02-10T05:08:32.006375+00:00
2018-08-06,49.0,49.72999954223633,48.63999938964844,49.099998474121094,40.74702072143555,2722700,CF,yfinance,2026-02-10T05:08:32.006375+00:00
2018-08-07,49.209999084472656,49.900001525878906,48.54999923706055,48.709999084472656,40.42337417602539,2113500,CF,yfinance,2026-02-10T05:08:32.006375+00:00
2018-08-08,49.29999923706055,49.38999938964844,48.529998779296875,48.56999969482422,40.30717086791992,2239300,CF,yfinance,2026-02-10T05:08:32.006375+00:00
2018-08-09,48.56999969482422,49.79999923706055,48.31999969482422,49.75,41.28643798828125,2565700,CF,yfinance,2026-02-10T05:08:32.006375+00:00
2018-08-10,49.38999938964844,50.540000915527344,49.04999923706055,49.27000045776367,40.88809585571289,2631000,CF,yfinance,2026-02-10T05:08:32.006375+00:00
2018-08-13,48.90999984741211,49.54999923706055,48.279998779296875,48.459999084472656,40.21590042114258,2147800,CF,yfinance,2026-02-10T05:08:32.006375+00:00
2018-08-14,48.41999816894531,48.75,47.959999084472656,48.0,40.08228302001953,2196400,CF,yfinance,2026-02-10T05:08:32.006375+00:00
2018-08-15,47.59000015258789,47.59000015258789,46.599998474121094,47.09000015258789,39.322391510009766,3622000,CF,yfinance,2026-02-10T05:08:32.006375+00:00
2018-08-16,47.58000183105469,48.11000061035156,47.189998626708984,47.290000915527344,39.48939895629883,2506800,CF,yfinance,2026-02-10T05:08:32.006375+00:00
2018-08-17,47.45000076293945,48.20000076293945,47.2599983215332,47.52000045776367,39.68145751953125,4033000,CF,yfinance,2026-02-10T05:08:32.006375+00:00
2018-08-20,47.86000061035156,49.34000015258789,47.779998779296875,48.810001373291016,40.75868225097656,2487600,CF,yfinance,2026-02-10T05:08:32.006375+00:00
2018-08-21,48.54999923706055,49.310001373291016,48.16999816894531,48.220001220703125,40.2660026550293,2689000,CF,yfinance,2026-02-10T05:08:32.006375+00:00
2018-08-22,48.400001525878906,48.84000015258789,48.2599983215332,48.65999984741211,40.633419036865234,2029800,CF,yfinance,2026-02-10T05:08:32.006375+00:00
2018-08-23,48.630001068115234,49.56999969482422,48.540000915527344,49.459999084472656,41.30145263671875,2448500,CF,yfinance,2026-02-10T05:08:32.006375+00:00
2018-08-24,49.56999969482422,50.040000915527344,49.29999923706055,49.95000076293945,41.71063232421875,1367400,CF,yfinance,2026-02-10T05:08:32.006375+00:00
2018-08-27,50.25,51.04999923706055,50.060001373291016,50.630001068115234,42.278465270996094,1935100,CF,yfinance,2026-02-10T05:08:32.006375+00:00
2018-08-28,50.880001068115234,50.88999938964844,50.31999969482422,50.709999084472656,42.34525680541992,1927200,CF,yfinance,2026-02-10T05:08:32.006375+00:00
2018-08-29,50.75,51.79999923706055,50.68000030517578,51.63999938964844,43.12185287475586,2154800,CF,yfinance,2026-02-10T05:08:32.006375+00:00
2018-08-30,51.5,51.880001068115234,51.369998931884766,51.529998779296875,43.029998779296875,2294700,CF,yfinance,2026-02-10T05:08:32.006375+00:00
2018-08-31,51.20000076293945,52.040000915527344,51.20000076293945,51.95000076293945,43.38072204589844,2340300,CF,yfinance,2026-02-10T05:08:32.006375+00:00
2018-09-04,51.869998931884766,52.06999969482422,51.11000061035156,51.849998474121094,43.297218322753906,3020800,CF,yfinance,2026-02-10T05:08:32.006375+00:00
2018-09-05,51.619998931884766,51.63999938964844,50.060001373291016,51.2400016784668,42.787837982177734,2609300,CF,yfinance,2026-02-10T05:08:32.006375+00:00
2018-09-06,51.16999816894531,51.72999954223633,50.63999938964844,50.95000076293945,42.545684814453125,1620200,CF,yfinance,2026-02-10T05:08:32.006375+00:00
2018-09-07,50.5,51.2400016784668,50.209999084472656,50.93000030517578,42.528968811035156,1578100,CF,yfinance,2026-02-10T05:08:32.006375+00:00
2018-09-10,51.22999954223633,51.900001525878906,51.119998931884766,51.470001220703125,42.97990417480469,1788100,CF,yfinance,2026-02-10T05:08:32.006375+00:00
2018-09-11,51.560001373291016,52.709999084472656,51.150001525878906,52.33000183105469,43.69804382324219,2356500,CF,yfinance,2026-02-10T05:08:32.006375+00:00
2018-09-12,52.33000183105469,52.900001525878906,51.72999954223633,52.58000183105469,43.90680694580078,2149700,CF,yfinance,2026-02-10T05:08:32.006375+00:00
2018-09-13,52.84000015258789,53.16999816894531,51.220001220703125,51.29999923706055,42.83794403076172,2505100,CF,yfinance,2026-02-10T05:08:32.006375+00:00
2018-09-14,50.959999084472656,51.70000076293945,50.88999938964844,51.54999923706055,43.04670333862305,1859400,CF,yfinance,2026-02-10T05:08:32.006375+00:00
2018-09-17,51.7400016784668,52.709999084472656,51.70000076293945,51.95000076293945,43.38072204589844,1911600,CF,yfinance,2026-02-10T05:08:32.006375+00:00
2018-09-18,52.33000183105469,52.869998931884766,51.95000076293945,52.5,43.839996337890625,2207700,CF,yfinance,2026-02-10T05:08:32.006375+00:00
2018-09-19,52.779998779296875,54.029998779296875,52.650001525878906,53.130001068115234,44.36608123779297,2167800,CF,yfinance,2026-02-10T05:08:32.006375+00:00
2018-09-20,53.36000061035156,53.810001373291016,53.130001068115234,53.310001373291016,44.516395568847656,1907500,CF,yfinance,2026-02-10T05:08:32.006375+00:00
2018-09-21,53.75,53.970001220703125,52.720001220703125,52.810001373291016,44.09886169433594,3890500,CF,yfinance,2026-02-10T05:08:32.006375+00:00
2018-09-24,52.83000183105469,53.52000045776367,52.68000030517578,52.810001373291016,44.09886169433594,1401000,CF,yfinance,2026-02-10T05:08:32.006375+00:00
2018-09-25,53.040000915527344,55.13999938964844,53.040000915527344,54.2599983215332,45.30968475341797,2711700,CF,yfinance,2026-02-10T05:08:32.006375+00:00
2018-09-26,54.220001220703125,55.41999816894531,53.849998474121094,54.880001068115234,45.82741165161133,2867200,CF,yfinance,2026-02-10T05:08:32.006375+00:00
2018-09-27,54.959999084472656,55.470001220703125,53.47999954223633,53.77000045776367,44.900516510009766,2807000,CF,yfinance,2026-02-10T05:08:32.006375+00:00
2018-09-28,54.02000045776367,55.0,53.58000183105469,54.439998626708984,45.459991455078125,2762500,CF,yfinance,2026-02-10T05:08:32.006375+00:00
2018-10-01,54.7400016784668,55.59000015258789,54.040000915527344,54.79999923706055,45.76060104370117,2513200,CF,yfinance,2026-02-10T05:08:32.006375+00:00
2018-10-02,55.220001220703125,56.40999984741211,54.959999084472656,55.810001373291016,46.60400390625,2918100,CF,yfinance,2026-02-10T05:08:32.006375+00:00
2018-10-03,55.77000045776367,55.81999969482422,54.75,55.31999969482422,46.19483947753906,2974200,CF,yfinance,2026-02-10T05:08:32.006375+00:00
2018-10-04,55.529998779296875,56.5099983215332,55.08000183105469,56.060001373291016,46.812767028808594,2466600,CF,yfinance,2026-02-10T05:08:32.006375+00:00
2018-10-05,56.099998474121094,56.18000030517578,54.34000015258789,55.02000045776367,45.94432067871094,2227600,CF,yfinance,2026-02-10T05:08:32.006375+00:00
2018-10-08,55.04999923706055,55.689998626708984,54.5,55.33000183105469,46.203182220458984,2187100,CF,yfinance,2026-02-10T05:08:32.006375+00:00
2018-10-09,55.0099983215332,55.91999816894531,54.65999984741211,54.810001373291016,45.76897430419922,1828500,CF,yfinance,2026-02-10T05:08:32.006375+00:00
2018-10-10,55.4900016784668,55.790000915527344,50.310001373291016,50.34000015258789,42.03629684448242,6335700,CF,yfinance,2026-02-10T05:08:32.006375+00:00
2018-10-11,50.61000061035156,52.52000045776367,50.25,51.130001068115234,42.69599151611328,4174600,CF,yfinance,2026-02-10T05:08:32.006375+00:00
2018-10-12,52.43000030517578,53.630001068115234,52.06999969482422,52.43000030517578,43.78154754638672,2872600,CF,yfinance,2026-02-10T05:08:32.006375+00:00
2018-10-15,51.97999954223633,52.400001525878906,50.58000183105469,50.790000915527344,42.412071228027344,3843000,CF,yfinance,2026-02-10T05:08:32.006375+00:00
2018-10-16,51.04999923706055,52.349998474121094,50.599998474121094,52.29999923706055,43.6729850769043,1821200,CF,yfinance,2026-02-10T05:08:32.006375+00:00
2018-10-17,52.41999816894531,52.72999954223633,50.849998474121094,51.5,43.00495529174805,2331800,CF,yfinance,2026-02-10T05:08:32.006375+00:00
2018-10-18,51.25,51.939998626708984,50.65999984741211,50.81999969482422,42.43712615966797,2700200,CF,yfinance,2026-02-10T05:08:32.006375+00:00
2018-10-19,51.02000045776367,51.779998779296875,50.59000015258789,50.63999938964844,42.28681182861328,2838100,CF,yfinance,2026-02-10T05:08:32.006375+00:00
2018-10-22,50.84000015258789,50.9900016784668,48.529998779296875,49.060001373291016,40.96744155883789,3619300,CF,yfinance,2026-02-10T05:08:32.006375+00:00
2018-10-23,47.88999938964844,48.130001068115234,46.36000061035156,47.189998626708984,39.405906677246094,4975300,CF,yfinance,2026-02-10T05:08:32.006375+00:00
2018-10-24,47.189998626708984,47.38999938964844,44.13999938964844,44.290000915527344,36.98426818847656,5598000,CF,yfinance,2026-02-10T05:08:32.006375+00:00
2018-10-25,44.77000045776367,45.38999938964844,44.41999816894531,44.880001068115234,37.4769401550293,2881000,CF,yfinance,2026-02-10T05:08:32.006375+00:00
2018-10-26,44.189998626708984,45.36000061035156,43.310001373291016,44.380001068115234,37.059425354003906,4528100,CF,yfinance,2026-02-10T05:08:32.006375+00:00
2018-10-29,45.029998779296875,45.97999954223633,44.34000015258789,44.83000183105469,37.43518829345703,5626700,CF,yfinance,2026-02-10T05:08:32.006375+00:00
2018-10-30,44.90999984741211,46.560001373291016,44.33000183105469,46.25,38.620948791503906,4730300,CF,yfinance,2026-02-10T05:08:32.006375+00:00
2018-10-31,47.790000915527344,49.08000183105469,47.599998474121094,48.029998779296875,40.10732650756836,6425600,CF,yfinance,2026-02-10T05:08:32.006375+00:00
2018-11-01,47.959999084472656,51.5099983215332,47.380001068115234,51.04999923706055,42.629180908203125,9045800,CF,yfinance,2026-02-10T05:08:32.006375+00:00
2018-11-02,51.79999923706055,52.16999816894531,49.52000045776367,49.68000030517578,41.485172271728516,4156900,CF,yfinance,2026-02-10T05:08:32.006375+00:00
2018-11-05,49.5,49.84000015258789,48.68000030517578,49.4900016784668,41.326507568359375,3091100,CF,yfinance,2026-02-10T05:08:32.006375+00:00
2018-11-06,50.0099983215332,51.66999816894531,50.0099983215332,51.63999938964844,43.12185287475586,2695400,CF,yfinance,2026-02-10T05:08:32.006375+00:00
2018-11-07,51.880001068115234,53.84000015258789,51.38999938964844,53.54999923706055,44.71680450439453,3584900,CF,yfinance,2026-02-10T05:08:32.006375+00:00
2018-11-08,53.43000030517578,54.08000183105469,53.02000045776367,53.66999816894531,44.8170051574707,2556400,CF,yfinance,2026-02-10T05:08:32.006375+00:00
2018-11-09,53.11000061035156,53.11000061035156,51.470001220703125,52.220001220703125,43.6061897277832,3510800,CF,yfinance,2026-02-10T05:08:32.006375+00:00
2018-11-12,52.349998474121094,52.43000030517578,50.709999084472656,51.27000045776367,42.812889099121094,2907600,CF,yfinance,2026-02-10T05:08:32.006375+00:00
2018-11-13,51.20000076293945,51.689998626708984,49.47999954223633,49.540000915527344,41.368255615234375,3540200,CF,yfinance,2026-02-10T05:08:32.006375+00:00
2018-11-14,47.709999084472656,48.529998779296875,44.61000061035156,45.029998779296875,37.83128356933594,7804200,CF,yfinance,2026-02-10T05:08:32.006375+00:00
2018-11-15,44.880001068115234,46.779998779296875,44.7599983215332,46.61000061035156,39.15871047973633,5113500,CF,yfinance,2026-02-10T05:08:32.006375+00:00
2018-11-16,46.43000030517578,47.439998626708984,46.18000030517578,47.09000015258789,39.56196212768555,3283900,CF,yfinance,2026-02-10T05:08:32.006375+00:00
2018-11-19,46.79999923706055,47.2599983215332,45.279998779296875,45.5099983215332,38.234554290771484,3185000,CF,yfinance,2026-02-10T05:08:32.006375+00:00
2018-11-20,44.709999084472656,45.380001068115234,43.220001220703125,43.560001373291016,36.59628677368164,4903200,CF,yfinance,2026-02-10T05:08:32.006375+00:00
2018-11-21,43.779998779296875,44.619998931884766,43.70000076293945,44.20000076293945,37.13397979736328,4925700,CF,yfinance,2026-02-10T05:08:32.006375+00:00
2018-11-23,43.75,43.90999984741211,42.939998626708984,43.220001220703125,36.31064987182617,2614000,CF,yfinance,2026-02-10T05:08:32.006375+00:00
2018-11-26,43.88999938964844,44.41999816894531,43.61000061035156,44.060001373291016,37.01633834838867,3101800,CF,yfinance,2026-02-10T05:08:32.006375+00:00
2018-11-27,43.790000915527344,44.029998779296875,42.689998626708984,43.189998626708984,36.28544998168945,3078800,CF,yfinance,2026-02-10T05:08:32.006375+00:00
2018-11-28,43.33000183105469,43.58000183105469,42.29999923706055,42.56999969482422,35.76457214355469,4287000,CF,yfinance,2026-02-10T05:08:32.006375+00:00
2018-11-29,42.5,43.97999954223633,42.130001068115234,43.5,36.54587936401367,4639300,CF,yfinance,2026-02-10T05:08:32.006375+00:00
2018-11-30,43.0,43.290000915527344,41.95000076293945,42.189998626708984,35.44530487060547,4877500,CF,yfinance,2026-02-10T05:08:32.006375+00:00
2018-12-03,43.4900016784668,44.70000076293945,43.45000076293945,43.86000061035156,36.848331451416016,6773700,CF,yfinance,2026-02-10T05:08:32.006375+00:00
2018-12-04,43.58000183105469,43.93000030517578,42.20000076293945,42.54999923706055,35.74774932861328,3853100,CF,yfinance,2026-02-10T05:08:32.006375+00:00
2018-12-06,41.779998779296875,42.150001525878906,39.9900016784668,41.560001373291016,34.916019439697266,4323500,CF,yfinance,2026-02-10T05:08:32.006375+00:00
2018-12-07,41.68000030517578,42.619998931884766,40.84000015258789,41.029998779296875,34.470741271972656,3549400,CF,yfinance,2026-02-10T05:08:32.006375+00:00
2018-12-10,40.83000183105469,41.61000061035156,40.290000915527344,41.33000183105469,34.7227897644043,2255200,CF,yfinance,2026-02-10T05:08:32.006375+00:00
2018-12-11,42.15999984741211,42.72999954223633,41.16999816894531,41.349998474121094,34.739593505859375,2476200,CF,yfinance,2026-02-10T05:08:32.006375+00:00
2018-12-12,42.150001525878906,42.7400016784668,41.93000030517578,41.95000076293945,35.243690490722656,3906500,CF,yfinance,2026-02-10T05:08:32.006375+00:00
2018-12-13,42.18000030517578,42.83000183105469,41.45000076293945,41.63999938964844,34.98322677612305,2988800,CF,yfinance,2026-02-10T05:08:32.006375+00:00
2018-12-14,41.06999969482422,42.4900016784668,41.02000045776367,42.060001373291016,35.33608627319336,4800600,CF,yfinance,2026-02-10T05:08:32.006375+00:00
2018-12-17,42.04999923706055,42.790000915527344,41.119998931884766,41.369998931884766,34.75640106201172,2980400,CF,yfinance,2026-02-10T05:08:32.006375+00:00
2018-12-18,41.779998779296875,42.56999969482422,41.290000915527344,41.7599983215332,35.08404541015625,3670300,CF,yfinance,2026-02-10T05:08:32.006375+00:00
2018-12-19,42.310001373291016,43.529998779296875,41.709999084472656,41.91999816894531,35.21847152709961,4043100,CF,yfinance,2026-02-10T05:08:32.006375+00:00
2018-12-20,41.630001068115234,41.869998931884766,40.13999938964844,40.83000183105469,34.30272674560547,3375700,CF,yfinance,2026-02-10T05:08:32.006375+00:00
2018-12-21,40.61000061035156,41.630001068115234,40.470001220703125,41.029998779296875,34.470741271972656,5111600,CF,yfinance,2026-02-10T05:08:32.006375+00:00
2018-12-24,40.59000015258789,41.400001525878906,40.09000015258789,40.11000061035156,33.697818756103516,1218700,CF,yfinance,2026-02-10T05:08:32.006375+00:00
2018-12-26,40.36000061035156,42.619998931884766,40.189998626708984,42.599998474121094,35.78976058959961,2000000,CF,yfinance,2026-02-10T05:08:32.006375+00:00
2018-12-27,43.150001525878906,43.2400016784668,41.56999969482422,43.2400016784668,36.327457427978516,2465400,CF,yfinance,2026-02-10T05:08:32.006375+00:00
2018-12-28,43.38999938964844,43.4900016784668,42.09000015258789,42.369998931884766,35.59653091430664,1756700,CF,yfinance,2026-02-10T05:08:32.006375+00:00
2018-12-31,42.52000045776367,43.79999923706055,42.5099983215332,43.5099983215332,36.55427932739258,1966300,CF,yfinance,2026-02-10T05:08:32.006375+00:00
2019-01-02,42.709999084472656,43.0,41.810001373291016,42.029998779296875,35.31088638305664,2806700,CF,yfinance,2026-02-10T05:08:32.006375+00:00
2019-01-03,41.40999984741211,41.849998474121094,40.34000015258789,40.56999969482422,34.084285736083984,3252100,CF,yfinance,2026-02-10T05:08:32.006375+00:00
2019-01-04,41.540000915527344,44.29999923706055,41.470001220703125,43.959999084472656,36.93233871459961,3218900,CF,yfinance,2026-02-10T05:08:32.006375+00:00
2019-01-07,44.0,45.38999938964844,43.599998474121094,44.11000061035156,37.0583610534668,2379600,CF,yfinance,2026-02-10T05:08:32.006375+00:00
2019-01-08,44.650001525878906,45.54999923706055,44.470001220703125,45.38999938964844,38.13373565673828,2890500,CF,yfinance,2026-02-10T05:08:32.006375+00:00
2019-01-09,45.849998474121094,46.5099983215332,44.5,45.029998779296875,37.83128356933594,3407800,CF,yfinance,2026-02-10T05:08:32.006375+00:00
2019-01-10,44.40999984741211,45.38999938964844,44.0,45.04999923706055,37.84808349609375,1723500,CF,yfinance,2026-02-10T05:08:32.006375+00:00
2019-01-11,44.83000183105469,45.349998474121094,43.810001373291016,44.400001525878906,37.30200958251953,1995400,CF,yfinance,2026-02-10T05:08:32.006375+00:00
2019-01-14,43.2400016784668,43.75,42.97999954223633,43.189998626708984,36.28544998168945,3398700,CF,yfinance,2026-02-10T05:08:32.006375+00:00
2019-01-15,42.88999938964844,43.66999816894531,42.59000015258789,43.29999923706055,36.377864837646484,1793700,CF,yfinance,2026-02-10T05:08:32.006375+00:00
2019-01-16,42.97999954223633,42.9900016784668,41.119998931884766,42.59000015258789,35.78135681152344,2967500,CF,yfinance,2026-02-10T05:08:32.006375+00:00
2019-01-17,42.529998779296875,44.040000915527344,42.4900016784668,43.790000915527344,36.78952407836914,1647800,CF,yfinance,2026-02-10T05:08:32.006375+00:00
2019-01-18,44.150001525878906,44.81999969482422,43.779998779296875,44.18000030517578,37.11717987060547,2425300,CF,yfinance,2026-02-10T05:08:32.006375+00:00
2019-01-22,43.7599983215332,43.9900016784668,41.599998474121094,41.86000061035156,35.168060302734375,2356800,CF,yfinance,2026-02-10T05:08:32.006375+00:00
2019-01-23,42.13999938964844,42.619998931884766,41.38999938964844,42.119998931884766,35.38649368286133,2690700,CF,yfinance,2026-02-10T05:08:32.006375+00:00
2019-01-24,42.119998931884766,42.25,40.97999954223633,41.2599983215332,34.663970947265625,2374100,CF,yfinance,2026-02-10T05:08:32.006375+00:00
2019-01-25,41.9900016784668,42.689998626708984,41.5,42.54999923706055,35.74774932861328,2064500,CF,yfinance,2026-02-10T05:08:32.006375+00:00
2019-01-28,42.0,43.18000030517578,41.720001220703125,42.970001220703125,36.100616455078125,2325400,CF,yfinance,2026-02-10T05:08:32.006375+00:00
2019-01-29,43.31999969482422,44.0,42.61000061035156,42.77000045776367,35.932586669921875,2110600,CF,yfinance,2026-02-10T05:08:32.006375+00:00
2019-01-30,43.189998626708984,43.279998779296875,42.119998931884766,43.060001373291016,36.17622756958008,1701000,CF,yfinance,2026-02-10T05:08:32.006375+00:00
2019-01-31,42.310001373291016,43.689998626708984,42.040000915527344,43.650001525878906,36.671905517578125,2306100,CF,yfinance,2026-02-10T05:08:32.006375+00:00
2019-02-01,43.84000015258789,43.97999954223633,42.959999084472656,43.5,36.54587936401367,2175600,CF,yfinance,2026-02-10T05:08:32.006375+00:00
2019-02-04,43.31999969482422,43.47999954223633,42.52000045776367,42.65999984741211,35.84016036987305,2356200,CF,yfinance,2026-02-10T05:08:32.006375+00:00
2019-02-05,42.7400016784668,43.380001068115234,42.52000045776367,42.95000076293945,36.083797454833984,1955800,CF,yfinance,2026-02-10T05:08:32.006375+00:00
2019-02-06,42.7599983215332,42.9900016784668,42.25,42.41999816894531,35.6385383605957,1802300,CF,yfinance,2026-02-10T05:08:32.006375+00:00
2019-02-07,42.099998474121094,42.2599983215332,40.7400016784668,41.310001373291016,34.70598602294922,3543900,CF,yfinance,2026-02-10T05:08:32.006375+00:00
2019-02-08,41.209999084472656,41.970001220703125,40.709999084472656,41.86000061035156,35.168060302734375,3097200,CF,yfinance,2026-02-10T05:08:32.006375+00:00
2019-02-11,41.97999954223633,42.34000015258789,41.380001068115234,41.959999084472656,35.25208282470703,3250600,CF,yfinance,2026-02-10T05:08:32.006375+00:00
2019-02-12,42.470001220703125,43.130001068115234,42.029998779296875,42.90999984741211,36.05019760131836,2719000,CF,yfinance,2026-02-10T05:08:32.006375+00:00
2019-02-13,43.16999816894531,43.380001068115234,42.4900016784668,42.63999938964844,35.8233642578125,3768900,CF,yfinance,2026-02-10T05:08:32.006375+00:00
2019-02-14,42.36000061035156,45.150001525878906,42.2400016784668,42.540000915527344,35.99259567260742,6675600,CF,yfinance,2026-02-10T05:08:32.006375+00:00
2019-02-15,42.720001220703125,42.720001220703125,41.209999084472656,41.77000045776367,35.341102600097656,3650500,CF,yfinance,2026-02-10T05:08:32.006375+00:00
2019-02-19,41.459999084472656,42.2599983215332,41.130001068115234,42.0099983215332,35.54416275024414,3184400,CF,yfinance,2026-02-10T05:08:32.006375+00:00
2019-02-20,42.2400016784668,44.779998779296875,42.04999923706055,44.58000183105469,37.71860885620117,3326900,CF,yfinance,2026-02-10T05:08:32.006375+00:00
2019-02-21,44.81999969482422,45.43000030517578,43.709999084472656,43.9900016784668,37.21940994262695,3336800,CF,yfinance,2026-02-10T05:08:32.006375+00:00
2019-02-22,44.20000076293945,44.630001068115234,43.38999938964844,44.06999969482422,37.28710174560547,2292100,CF,yfinance,2026-02-10T05:08:32.006375+00:00
2019-02-25,44.29999923706055,44.70000076293945,43.16999816894531,43.25,36.59330749511719,2859300,CF,yfinance,2026-02-10T05:08:32.006375+00:00
2019-02-26,43.36000061035156,43.66999816894531,42.2400016784668,43.189998626708984,36.54254913330078,2705000,CF,yfinance,2026-02-10T05:08:32.006375+00:00
2019-02-27,43.18000030517578,43.63999938964844,43.0,43.349998474121094,36.677921295166016,2107100,CF,yfinance,2026-02-10T05:08:32.006375+00:00
2019-02-28,43.09000015258789,43.380001068115234,41.86000061035156,42.20000076293945,35.70491027832031,3765600,CF,yfinance,2026-02-10T05:08:32.006375+00:00
2019-03-01,42.540000915527344,42.95000076293945,41.9900016784668,42.279998779296875,35.772605895996094,2572200,CF,yfinance,2026-02-10T05:08:32.006375+00:00
2019-03-04,42.779998779296875,43.04999923706055,41.47999954223633,42.08000183105469,35.603389739990234,2953100,CF,yfinance,2026-02-10T05:08:32.006375+00:00
2019-03-05,41.900001525878906,42.16999816894531,41.16999816894531,41.279998779296875,34.926513671875,2815600,CF,yfinance,2026-02-10T05:08:32.006375+00:00
2019-03-06,41.209999084472656,41.709999084472656,41.040000915527344,41.25,34.90113067626953,3010300,CF,yfinance,2026-02-10T05:08:32.006375+00:00
2019-03-07,41.0,41.279998779296875,40.029998779296875,40.27000045776367,34.071964263916016,2771000,CF,yfinance,2026-02-10T05:08:32.006375+00:00
2019-03-08,39.81999969482422,40.529998779296875,38.900001525878906,40.290000915527344,34.088890075683594,2269900,CF,yfinance,2026-02-10T05:08:32.006375+00:00
2019-03-11,40.4900016784668,41.459999084472656,40.02000045776367,41.439998626708984,35.0618896484375,3031000,CF,yfinance,2026-02-10T05:08:32.006375+00:00
2019-03-12,41.54999923706055,42.7400016784668,41.529998779296875,41.75,35.32417678833008,3832200,CF,yfinance,2026-02-10T05:08:32.006375+00:00
2019-03-13,42.0,43.119998931884766,41.869998931884766,43.0,36.38178634643555,4060100,CF,yfinance,2026-02-10T05:08:32.006375+00:00
2019-03-14,43.02000045776367,43.18000030517578,42.619998931884766,42.709999084472656,36.136409759521484,3787400,CF,yfinance,2026-02-10T05:08:32.006375+00:00
2019-03-15,42.970001220703125,43.369998931884766,42.650001525878906,43.04999923706055,36.42409133911133,4732600,CF,yfinance,2026-02-10T05:08:32.006375+00:00
2019-03-18,43.20000076293945,43.2599983215332,42.36000061035156,42.470001220703125,35.93336868286133,1692200,CF,yfinance,2026-02-10T05:08:32.006375+00:00
2019-03-19,42.61000061035156,42.779998779296875,41.88999938964844,42.09000015258789,35.61184310913086,2643100,CF,yfinance,2026-02-10T05:08:32.006375+00:00
2019-03-20,41.849998474121094,42.18000030517578,41.529998779296875,41.59000015258789,35.188804626464844,2020700,CF,yfinance,2026-02-10T05:08:32.006375+00:00
2019-03-21,41.4900016784668,41.56999969482422,40.68000030517578,41.11000061035156,34.78269577026367,3431800,CF,yfinance,2026-02-10T05:08:32.006375+00:00
2019-03-22,40.779998779296875,41.0,38.970001220703125,39.0099983215332,33.005889892578125,4735100,CF,yfinance,2026-02-10T05:08:32.006375+00:00
2019-03-25,39.11000061035156,39.70000076293945,38.939998626708984,39.59000015258789,33.49663162231445,2811500,CF,yfinance,2026-02-10T05:08:32.006375+00:00
2019-03-26,39.970001220703125,40.0,39.029998779296875,39.72999954223633,33.61508560180664,2962400,CF,yfinance,2026-02-10T05:08:32.006375+00:00
2019-03-27,39.61000061035156,40.5099983215332,39.560001373291016,40.20000076293945,34.012733459472656,1920400,CF,yfinance,2026-02-10T05:08:32.006375+00:00
2019-03-28,40.43000030517578,41.380001068115234,40.11000061035156,40.36000061035156,34.14811325073242,2360700,CF,yfinance,2026-02-10T05:08:32.006375+00:00
2019-03-29,40.470001220703125,40.970001220703125,40.209999084472656,40.880001068115234,34.58808898925781,2154300,CF,yfinance,2026-02-10T05:08:32.006375+00:00
2019-04-01,41.45000076293945,41.84000015258789,40.77000045776367,41.81999969482422,35.38340377807617,2043600,CF,yfinance,2026-02-10T05:08:32.006375+00:00
2019-04-02,41.939998626708984,42.18000030517578,41.470001220703125,41.68000030517578,35.26495361328125,2531700,CF,yfinance,2026-02-10T05:08:32.006375+00:00
2019-04-03,42.15999984741211,43.2400016784668,42.15999984741211,42.93000030517578,36.322566986083984,3200900,CF,yfinance,2026-02-10T05:08:32.006375+00:00
2019-04-04,42.7400016784668,43.20000076293945,42.41999816894531,43.18000030517578,36.53408432006836,1624100,CF,yfinance,2026-02-10T05:08:32.006375+00:00
2019-04-05,43.2599983215332,43.54999923706055,42.90999984741211,43.47999954223633,36.78791427612305,2300800,CF,yfinance,2026-02-10T05:08:32.006375+00:00
2019-04-08,43.63999938964844,43.720001220703125,42.97999954223633,43.560001373291016,36.855594635009766,1645000,CF,yfinance,2026-02-10T05:08:32.006375+00:00
2019-04-09,43.130001068115234,43.209999084472656,42.540000915527344,42.75,36.170257568359375,1773900,CF,yfinance,2026-02-10T05:08:32.006375+00:00
2019-04-10,42.7599983215332,42.959999084472656,42.16999816894531,42.54999923706055,36.001041412353516,1663000,CF,yfinance,2026-02-10T05:08:32.006375+00:00
2019-04-11,42.2400016784668,42.650001525878906,41.939998626708984,42.25,35.74721908569336,1292600,CF,yfinance,2026-02-10T05:08:32.006375+00:00
2019-04-12,42.79999923706055,43.150001525878906,42.16999816894531,42.58000183105469,36.02643585205078,1374300,CF,yfinance,2026-02-10T05:08:32.006375+00:00
2019-04-15,42.540000915527344,43.13999938964844,42.52000045776367,42.869998931884766,36.27179718017578,1383500,CF,yfinance,2026-02-10T05:08:32.006375+00:00
2019-04-16,42.869998931884766,44.08000183105469,42.5,43.86000061035156,37.10941696166992,2148200,CF,yfinance,2026-02-10T05:08:32.006375+00:00
2019-04-17,44.099998474121094,44.90999984741211,43.95000076293945,44.619998931884766,37.7524528503418,4331200,CF,yfinance,2026-02-10T05:08:32.006375+00:00
2019-04-18,43.439998626708984,45.310001373291016,42.83000183105469,45.13999938964844,38.192413330078125,4662100,CF,yfinance,2026-02-10T05:08:32.006375+00:00
2019-04-22,44.939998626708984,45.720001220703125,44.86000061035156,44.95000076293945,38.03165817260742,3036000,CF,yfinance,2026-02-10T05:08:32.006375+00:00
2019-04-23,44.70000076293945,45.0,43.310001373291016,44.56999969482422,37.71015167236328,3199900,CF,yfinance,2026-02-10T05:08:32.006375+00:00
2019-04-24,44.43000030517578,44.650001525878906,43.56999969482422,44.54999923706055,37.6932258605957,1552100,CF,yfinance,2026-02-10T05:08:32.006375+00:00
2019-04-25,44.220001220703125,44.7400016784668,44.060001373291016,44.06999969482422,37.28710174560547,1848500,CF,yfinance,2026-02-10T05:08:32.006375+00:00
2019-04-26,44.560001373291016,45.529998779296875,44.2400016784668,45.15999984741211,38.209346771240234,1758300,CF,yfinance,2026-02-10T05:08:32.006375+00:00
2019-04-29,44.70000076293945,45.34000015258789,43.970001220703125,44.91999816894531,38.00627136230469,2209000,CF,yfinance,2026-02-10T05:08:32.006375+00:00
2019-04-30,45.04999923706055,45.279998779296875,44.40999984741211,44.779998779296875,37.88782501220703,2535700,CF,yfinance,2026-02-10T05:08:32.006375+00:00
2019-05-01,44.40999984741211,44.689998626708984,43.189998626708984,43.290000915527344,36.62716293334961,2746400,CF,yfinance,2026-02-10T05:08:32.006375+00:00
2019-05-02,43.189998626708984,45.0,42.66999816894531,43.459999084472656,36.770973205566406,3895300,CF,yfinance,2026-02-10T05:08:32.006375+00:00
2019-05-03,43.86000061035156,44.33000183105469,43.2599983215332,44.220001220703125,37.414024353027344,1467400,CF,yfinance,2026-02-10T05:08:32.006375+00:00
2019-05-06,43.02000045776367,44.20000076293945,42.720001220703125,43.79999923706055,37.05866622924805,1731500,CF,yfinance,2026-02-10T05:08:32.006375+00:00
2019-05-07,43.279998779296875,43.290000915527344,41.220001220703125,41.52000045776367,35.12957763671875,3940400,CF,yfinance,2026-02-10T05:08:32.006375+00:00
2019-05-08,41.369998931884766,42.040000915527344,40.91999816894531,41.84000015258789,35.40031433105469,3473900,CF,yfinance,2026-02-10T05:08:32.006375+00:00
2019-05-09,41.20000076293945,41.310001373291016,40.54999923706055,41.150001525878906,34.816524505615234,2153500,CF,yfinance,2026-02-10T05:08:32.006375+00:00
2019-05-10,40.97999954223633,41.84000015258789,40.47999954223633,41.619998931884766,35.21418762207031,2373000,CF,yfinance,2026-02-10T05:08:32.006375+00:00
2019-05-13,40.61000061035156,40.91999816894531,39.84000015258789,40.81999969482422,34.537322998046875,2481800,CF,yfinance,2026-02-10T05:08:32.006375+00:00
2019-05-14,40.880001068115234,41.52000045776367,40.40999984741211,41.189998626708984,35.10838317871094,2688800,CF,yfinance,2026-02-10T05:08:32.006375+00:00
2019-05-15,41.130001068115234,42.150001525878906,40.970001220703125,41.91999816894531,35.73060989379883,1670300,CF,yfinance,2026-02-10T05:08:32.006375+00:00
2019-05-16,42.25,43.099998474121094,42.08000183105469,42.75,36.43806076049805,2936200,CF,yfinance,2026-02-10T05:08:32.006375+00:00
2019-05-17,42.31999969482422,43.18000030517578,42.31999969482422,42.470001220703125,36.19940185546875,1699100,CF,yfinance,2026-02-10T05:08:32.006375+00:00
2019-05-20,41.939998626708984,42.27000045776367,41.2599983215332,41.290000915527344,35.19361114501953,1886100,CF,yfinance,2026-02-10T05:08:32.006375+00:00
2019-05-21,41.869998931884766,42.2599983215332,41.599998474121094,42.08000183105469,35.866981506347656,2445400,CF,yfinance,2026-02-10T05:08:32.006375+00:00
2019-05-22,41.470001220703125,41.9900016784668,41.08000183105469,41.13999938964844,35.065765380859375,2699400,CF,yfinance,2026-02-10T05:08:32.006375+00:00
2019-05-23,40.459999084472656,40.81999969482422,39.970001220703125,40.5,34.520267486572266,2493500,CF,yfinance,2026-02-10T05:08:32.006375+00:00
2019-05-24,41.040000915527344,41.25,40.56999969482422,40.79999923706055,34.775970458984375,1918800,CF,yfinance,2026-02-10T05:08:32.006375+00:00
2019-05-28,40.77000045776367,40.86000061035156,39.97999954223633,40.25,34.30717849731445,2161200,CF,yfinance,2026-02-10T05:08:32.006375+00:00
2019-05-29,39.83000183105469,40.27000045776367,39.709999084472656,39.83000183105469,33.94919204711914,1973900,CF,yfinance,2026-02-10T05:08:32.006375+00:00
2019-05-30,39.84000015258789,40.75,39.75,40.59000015258789,34.596981048583984,1855700,CF,yfinance,2026-02-10T05:08:32.006375+00:00
2019-05-31,39.84000015258789,40.38999938964844,39.16999816894531,40.2400016784668,34.298648834228516,2460900,CF,yfinance,2026-02-10T05:08:32.006375+00:00
2019-06-03,40.150001525878906,41.4900016784668,40.119998931884766,41.40999984741211,35.29590606689453,3181700,CF,yfinance,2026-02-10T05:08:32.006375+00:00
2019-06-04,42.15999984741211,43.5099983215332,41.79999923706055,43.5099983215332,37.08584213256836,3378700,CF,yfinance,2026-02-10T05:08:32.006375+00:00
2019-06-05,43.4900016784668,43.4900016784668,41.869998931884766,42.52000045776367,36.24201583862305,2509000,CF,yfinance,2026-02-10T05:08:32.006375+00:00
2019-06-06,42.310001373291016,43.58000183105469,42.0,43.369998931884766,36.96650695800781,2020200,CF,yfinance,2026-02-10T05:08:32.006375+00:00
2019-06-07,43.5,43.5,41.47999954223633,42.029998779296875,35.824363708496094,2804000,CF,yfinance,2026-02-10T05:08:32.006375+00:00
2019-06-10,42.220001220703125,42.61000061035156,41.63999938964844,41.939998626708984,35.74765396118164,2257100,CF,yfinance,2026-02-10T05:08:32.006375+00:00
2019-06-11,42.560001373291016,42.61000061035156,41.880001068115234,42.08000183105469,35.866981506347656,2748300,CF,yfinance,2026-02-10T05:08:32.006375+00:00
2019-06-12,42.119998931884766,43.43000030517578,42.09000015258789,43.11000061035156,36.744903564453125,2182600,CF,yfinance,2026-02-10T05:08:32.006375+00:00
2019-06-13,44.04999923706055,45.16999816894531,43.7599983215332,45.13999938964844,38.47517776489258,3260600,CF,yfinance,2026-02-10T05:08:32.006375+00:00
2019-06-14,45.02000045776367,46.66999816894531,44.619998931884766,46.0,39.20820236206055,2993900,CF,yfinance,2026-02-10T05:08:32.006375+00:00
2019-06-17,46.439998626708984,46.959999084472656,46.040000915527344,46.529998779296875,39.659950256347656,2971100,CF,yfinance,2026-02-10T05:08:32.006375+00:00
2019-06-18,46.810001373291016,47.849998474121094,46.560001373291016,47.220001220703125,40.248069763183594,2838400,CF,yfinance,2026-02-10T05:08:32.006375+00:00
2019-06-19,47.119998931884766,47.439998626708984,46.36000061035156,46.470001220703125,39.60881042480469,2791100,CF,yfinance,2026-02-10T05:08:32.006375+00:00
2019-06-20,47.27000045776367,47.349998474121094,46.150001525878906,46.86000061035156,39.941219329833984,2545000,CF,yfinance,2026-02-10T05:08:32.006375+00:00
2019-06-21,46.88999938964844,47.709999084472656,46.720001220703125,46.77000045776367,39.8645133972168,3086800,CF,yfinance,2026-02-10T05:08:32.006375+00:00
2019-06-24,46.849998474121094,47.470001220703125,46.47999954223633,47.04999923706055,40.10317611694336,2093100,CF,yfinance,2026-02-10T05:08:32.006375+00:00
2019-06-25,47.400001525878906,47.91999816894531,47.130001068115234,47.47999954223633,40.46968460083008,2824000,CF,yfinance,2026-02-10T05:08:32.006375+00:00
2019-06-26,47.4900016784668,47.59000015258789,46.77000045776367,46.79999923706055,39.89007568359375,1431300,CF,yfinance,2026-02-10T05:08:32.006375+00:00
2019-06-27,47.06999969482422,47.58000183105469,46.45000076293945,47.13999938964844,40.17988204956055,1661800,CF,yfinance,2026-02-10T05:08:32.006375+00:00
2019-06-28,47.15999984741211,47.77000045776367,46.2400016784668,46.709999084472656,39.81336975097656,4454200,CF,yfinance,2026-02-10T05:08:32.006375+00:00
2019-07-01,46.79999923706055,47.45000076293945,44.90999984741211,46.52000045776367,39.651432037353516,2787900,CF,yfinance,2026-02-10T05:08:32.006375+00:00
2019-07-02,46.400001525878906,46.75,45.650001525878906,46.290000915527344,39.45537185668945,2375800,CF,yfinance,2026-02-10T05:08:32.006375+00:00
2019-07-03,46.5,46.959999084472656,46.310001373291016,46.63999938964844,39.75370788574219,641200,CF,yfinance,2026-02-10T05:08:32.006375+00:00
2019-07-05,46.09000015258789,46.540000915527344,45.79999923706055,46.29999923706055,39.46391296386719,1191300,CF,yfinance,2026-02-10T05:08:32.006375+00:00
2019-07-08,46.2400016784668,46.2400016784668,45.25,45.52000045776367,38.799076080322266,1627600,CF,yfinance,2026-02-10T05:08:32.006375+00:00
2019-07-09,45.189998626708984,45.279998779296875,44.369998931884766,44.38999938964844,37.835899353027344,2618000,CF,yfinance,2026-02-10T05:08:32.006375+00:00
2019-07-10,44.650001525878906,45.29999923706055,44.099998474121094,44.220001220703125,37.69102478027344,1972000,CF,yfinance,2026-02-10T05:08:32.006375+00:00
2019-07-11,43.9900016784668,44.95000076293945,43.810001373291016,44.939998626708984,38.30470657348633,2426700,CF,yfinance,2026-02-10T05:08:32.006375+00:00
2019-07-12,45.099998474121094,46.400001525878906,44.869998931884766,46.16999816894531,39.35310745239258,2653700,CF,yfinance,2026-02-10T05:08:32.006375+00:00
2019-07-15,46.5,48.18000030517578,46.2599983215332,47.880001068115234,40.810630798339844,2268000,CF,yfinance,2026-02-10T05:08:32.006375+00:00
2019-07-16,47.880001068115234,48.63999938964844,47.540000915527344,47.709999084472656,40.66572570800781,1769900,CF,yfinance,2026-02-10T05:08:32.006375+00:00
2019-07-17,47.66999816894531,47.84000015258789,46.9900016784668,47.41999816894531,40.41854476928711,1469700,CF,yfinance,2026-02-10T05:08:32.006375+00:00
2019-07-18,47.040000915527344,47.459999084472656,46.560001373291016,46.97999954223633,40.04351806640625,1771700,CF,yfinance,2026-02-10T05:08:32.006375+00:00
2019-07-19,47.060001373291016,47.349998474121094,46.880001068115234,47.15999984741211,40.196937561035156,1344500,CF,yfinance,2026-02-10T05:08:32.006375+00:00
2019-07-22,47.18000030517578,47.38999938964844,46.90999984741211,47.34000015258789,40.35036087036133,1298500,CF,yfinance,2026-02-10T05:08:32.006375+00:00
2019-07-23,47.689998626708984,48.41999816894531,47.310001373291016,48.34000015258789,41.20270538330078,1758100,CF,yfinance,2026-02-10T05:08:32.006375+00:00
2019-07-24,48.47999954223633,48.9900016784668,48.08000183105469,48.91999816894531,41.697059631347656,2151100,CF,yfinance,2026-02-10T05:08:32.006375+00:00
2019-07-25,48.4900016784668,48.810001373291016,48.02000045776367,48.380001068115234,41.2368049621582,2012500,CF,yfinance,2026-02-10T05:08:32.006375+00:00
2019-07-26,48.439998626708984,48.4900016784668,47.77000045776367,48.150001525878906,41.040775299072266,1607600,CF,yfinance,2026-02-10T05:08:32.006375+00:00
2019-07-29,48.08000183105469,48.2400016784668,47.5,47.52000045776367,40.5037727355957,1760000,CF,yfinance,2026-02-10T05:08:32.006375+00:00
2019-07-30,47.040000915527344,49.77000045776367,47.0,49.7400016784668,42.39600372314453,2611100,CF,yfinance,2026-02-10T05:08:32.006375+00:00
2019-07-31,49.720001220703125,50.61000061035156,49.290000915527344,49.560001373291016,42.24258041381836,2685500,CF,yfinance,2026-02-10T05:08:32.006375+00:00
2019-08-01,52.2400016784668,55.150001525878906,51.38999938964844,52.349998474121094,44.62063980102539,6314900,CF,yfinance,2026-02-10T05:08:32.006375+00:00
2019-08-02,52.650001525878906,53.0,51.36000061035156,52.68000030517578,44.901912689208984,2917800,CF,yfinance,2026-02-10T05:08:32.006375+00:00
2019-08-05,51.7400016784668,51.939998626708984,49.869998931884766,50.7400016784668,43.24835968017578,3704100,CF,yfinance,2026-02-10T05:08:32.006375+00:00
2019-08-06,52.0,52.439998626708984,50.279998779296875,50.939998626708984,43.41880798339844,3856400,CF,yfinance,2026-02-10T05:08:32.006375+00:00
2019-08-07,50.279998779296875,50.720001220703125,49.63999938964844,50.45000076293945,43.00117111206055,2174400,CF,yfinance,2026-02-10T05:08:32.006375+00:00
2019-08-08,50.91999816894531,52.20000076293945,50.47999954223633,52.150001525878906,44.45018005371094,2800900,CF,yfinance,2026-02-10T05:08:32.006375+00:00
2019-08-09,52.33000183105469,52.33000183105469,50.40999984741211,51.040000915527344,43.504058837890625,2993200,CF,yfinance,2026-02-10T05:08:32.006375+00:00
2019-08-12,50.939998626708984,50.939998626708984,48.290000915527344,48.88999938964844,41.67150115966797,3208900,CF,yfinance,2026-02-10T05:08:32.006375+00:00
2019-08-13,49.0099983215332,50.09000015258789,48.11000061035156,48.77000045776367,41.56922149658203,3072600,CF,yfinance,2026-02-10T05:08:32.006375+00:00
2019-08-14,48.279998779296875,48.369998931884766,47.04999923706055,47.20000076293945,40.48003387451172,3032900,CF,yfinance,2026-02-10T05:08:32.006375+00:00
2019-08-15,47.54999923706055,47.790000915527344,46.52000045776367,46.939998626708984,40.25705337524414,1967600,CF,yfinance,2026-02-10T05:08:32.006375+00:00
2019-08-16,47.27000045776367,48.36000061035156,46.75,48.18000030517578,41.32050704956055,1992400,CF,yfinance,2026-02-10T05:08:32.006375+00:00
2019-08-19,48.560001373291016,48.849998474121094,48.2599983215332,48.720001220703125,41.783634185791016,2342600,CF,yfinance,2026-02-10T05:08:32.006375+00:00
2019-08-20,48.47999954223633,48.68000030517578,47.880001068115234,48.040000915527344,41.200439453125,1326500,CF,yfinance,2026-02-10T05:08:32.006375+00:00
2019-08-21,48.5099983215332,48.9900016784668,47.810001373291016,48.88999938964844,41.929420471191406,1894900,CF,yfinance,2026-02-10T05:08:32.006375+00:00
2019-08-22,49.25,50.13999938964844,48.459999084472656,48.540000915527344,41.62925720214844,2190300,CF,yfinance,2026-02-10T05:08:32.006375+00:00
2019-08-23,47.81999969482422,48.45000076293945,46.91999816894531,47.119998931884766,40.41141891479492,2445100,CF,yfinance,2026-02-10T05:08:32.006375+00:00
2019-08-26,47.70000076293945,47.720001220703125,46.970001220703125,47.2400016784668,40.514347076416016,1210300,CF,yfinance,2026-02-10T05:08:32.006375+00:00
2019-08-27,47.619998931884766,47.68000030517578,46.45000076293945,46.689998626708984,40.04263687133789,1352500,CF,yfinance,2026-02-10T05:08:32.006375+00:00
2019-08-28,46.36000061035156,47.599998474121094,46.06999969482422,47.310001373291016,40.57437515258789,1314000,CF,yfinance,2026-02-10T05:08:32.006375+00:00
2019-08-29,48.40999984741211,48.970001220703125,47.970001220703125,48.2599983215332,41.38910675048828,1451500,CF,yfinance,2026-02-10T05:08:32.006375+00:00
2019-08-30,48.650001525878906,48.91999816894531,47.95000076293945,48.189998626708984,41.32907485961914,1574600,CF,yfinance,2026-02-10T05:08:32.006375+00:00
2019-09-03,47.689998626708984,48.08000183105469,46.970001220703125,47.25,40.522911071777344,1885700,CF,yfinance,2026-02-10T05:08:32.006375+00:00
2019-09-04,48.38999938964844,48.43000030517578,47.349998474121094,47.7599983215332,40.96030044555664,1610300,CF,yfinance,2026-02-10T05:08:32.006375+00:00
2019-09-05,48.38999938964844,48.650001525878906,47.97999954223633,48.16999816894531,41.31192398071289,3450500,CF,yfinance,2026-02-10T05:08:32.006375+00:00
2019-09-06,48.31999969482422,48.939998626708984,47.959999084472656,48.63999938964844,41.715023040771484,1328000,CF,yfinance,2026-02-10T05:08:32.006375+00:00
2019-09-09,48.7400016784668,49.2400016784668,48.43000030517578,48.849998474121094,41.89511489868164,1340800,CF,yfinance,2026-02-10T05:08:32.006375+00:00
2019-09-10,49.119998931884766,50.95000076293945,48.630001068115234,50.779998779296875,43.55033874511719,2122300,CF,yfinance,2026-02-10T05:08:32.006375+00:00
2019-09-11,50.779998779296875,51.54999923706055,50.18000030517578,50.380001068115234,43.207298278808594,2342800,CF,yfinance,2026-02-10T05:08:32.006375+00:00
2019-09-12,50.81999969482422,50.81999969482422,49.08000183105469,49.099998474121094,42.109519958496094,2014900,CF,yfinance,2026-02-10T05:08:32.006375+00:00
2019-09-13,49.5,50.29999923706055,49.099998474121094,49.90999984741211,42.804203033447266,2246200,CF,yfinance,2026-02-10T05:08:32.006375+00:00
2019-09-16,50.2599983215332,52.29999923706055,50.15999984741211,51.34000015258789,44.03060531616211,2840900,CF,yfinance,2026-02-10T05:08:32.006375+00:00
2019-09-17,50.81999969482422,51.15999984741211,50.130001068115234,50.58000183105469,43.37881851196289,1369800,CF,yfinance,2026-02-10T05:08:32.006375+00:00
2019-09-18,50.33000183105469,51.0,50.04999923706055,50.650001525878906,43.438846588134766,1688800,CF,yfinance,2026-02-10T05:08:32.006375+00:00
2019-09-19,50.43000030517578,50.7400016784668,50.0,50.0099983215332,42.88996505737305,1986700,CF,yfinance,2026-02-10T05:08:32.006375+00:00
2019-09-20,50.209999084472656,50.54999923706055,49.25,49.290000915527344,42.27247619628906,2484900,CF,yfinance,2026-02-10T05:08:32.006375+00:00
2019-09-23,48.9900016784668,49.97999954223633,48.779998779296875,49.90999984741211,42.804203033447266,2061500,CF,yfinance,2026-02-10T05:08:32.006375+00:00
2019-09-24,49.79999923706055,49.9900016784668,48.58000183105469,48.880001068115234,41.92083740234375,2581300,CF,yfinance,2026-02-10T05:08:32.006375+00:00
2019-09-25,49.0,49.5,48.61000061035156,48.66999816894531,41.74074172973633,1360200,CF,yfinance,2026-02-10T05:08:32.006375+00:00
2019-09-26,49.02000045776367,49.58000183105469,48.61000061035156,49.220001220703125,42.212440490722656,1688400,CF,yfinance,2026-02-10T05:08:32.006375+00:00
2019-09-27,49.36000061035156,49.7599983215332,48.349998474121094,48.650001525878906,41.72359085083008,1694300,CF,yfinance,2026-02-10T05:08:32.006375+00:00
2019-09-30,48.7400016784668,49.38999938964844,47.540000915527344,49.20000076293945,42.195289611816406,3328700,CF,yfinance,2026-02-10T05:08:32.006375+00:00
2019-10-01,49.43000030517578,50.08000183105469,48.790000915527344,49.130001068115234,42.135257720947266,2135300,CF,yfinance,2026-02-10T05:08:32.006375+00:00
2019-10-02,48.470001220703125,48.849998474121094,47.59000015258789,48.279998779296875,41.40626525878906,1919000,CF,yfinance,2026-02-10T05:08:32.006375+00:00
2019-10-03,48.13999938964844,48.9900016784668,47.599998474121094,48.7599983215332,41.81793212890625,1434800,CF,yfinance,2026-02-10T05:08:32.006375+00:00
2019-10-04,48.79999923706055,48.849998474121094,47.599998474121094,48.779998779296875,41.835086822509766,2138700,CF,yfinance,2026-02-10T05:08:32.006375+00:00
2019-10-07,48.83000183105469,49.70000076293945,48.70000076293945,48.90999984741211,41.94658279418945,1636300,CF,yfinance,2026-02-10T05:08:32.006375+00:00
2019-10-08,48.4900016784668,49.43000030517578,48.18000030517578,48.86000061035156,41.90370178222656,1919900,CF,yfinance,2026-02-10T05:08:32.006375+00:00
2019-10-09,49.400001525878906,49.52000045776367,48.650001525878906,48.84000015258789,41.88653564453125,1282500,CF,yfinance,2026-02-10T05:08:32.006375+00:00
2019-10-10,49.470001220703125,50.04999923706055,48.66999816894531,49.150001525878906,42.15241241455078,1633100,CF,yfinance,2026-02-10T05:08:32.006375+00:00
2019-10-11,50.0,51.060001373291016,49.86000061035156,50.619998931884766,43.413116455078125,2443400,CF,yfinance,2026-02-10T05:08:32.006375+00:00
2019-10-14,50.220001220703125,50.2599983215332,48.93000030517578,48.970001220703125,41.99802780151367,1565100,CF,yfinance,2026-02-10T05:08:32.006375+00:00
2019-10-15,49.0099983215332,49.619998931884766,48.4900016784668,48.58000183105469,41.663578033447266,2038100,CF,yfinance,2026-02-10T05:08:32.006375+00:00
2019-10-16,48.5099983215332,49.25,48.36000061035156,48.90999984741211,41.94658279418945,1863000,CF,yfinance,2026-02-10T05:08:32.006375+00:00
2019-10-17,49.0,49.20000076293945,48.20000076293945,48.459999084472656,41.56064987182617,2538000,CF,yfinance,2026-02-10T05:08:32.006375+00:00
2019-10-18,48.34000015258789,48.400001525878906,47.709999084472656,47.77000045776367,40.968875885009766,2432100,CF,yfinance,2026-02-10T05:08:32.006375+00:00
2019-10-21,48.33000183105469,48.33000183105469,46.2599983215332,46.459999084472656,39.84538650512695,2548100,CF,yfinance,2026-02-10T05:08:32.006375+00:00
2019-10-22,46.4900016784668,46.79999923706055,45.58000183105469,46.40999984741211,39.80250930786133,2133000,CF,yfinance,2026-02-10T05:08:32.006375+00:00
2019-10-23,46.349998474121094,46.38999938964844,45.560001373291016,45.81999969482422,39.296504974365234,1884100,CF,yfinance,2026-02-10T05:08:32.006375+00:00
2019-10-24,45.9900016784668,46.09000015258789,45.38999938964844,45.470001220703125,38.996337890625,1506000,CF,yfinance,2026-02-10T05:08:32.006375+00:00
2019-10-25,45.45000076293945,46.63999938964844,45.209999084472656,46.13999938964844,39.57094192504883,1657700,CF,yfinance,2026-02-10T05:08:32.006375+00:00
2019-10-28,46.36000061035156,46.720001220703125,45.810001373291016,45.83000183105469,39.30508041381836,1548700,CF,yfinance,2026-02-10T05:08:32.006375+00:00
2019-10-29,45.5,47.279998779296875,45.5,46.869998931884766,40.197017669677734,2023200,CF,yfinance,2026-02-10T05:08:32.006375+00:00
2019-10-30,46.779998779296875,47.459999084472656,46.5099983215332,47.040000915527344,40.342811584472656,3807800,CF,yfinance,2026-02-10T05:08:32.006375+00:00
2019-10-31,46.0,46.5,43.31999969482422,45.349998474121094,38.89341735839844,4872100,CF,yfinance,2026-02-10T05:08:32.006375+00:00
2019-11-01,45.4900016784668,46.33000183105469,44.9900016784668,46.27000045776367,39.68244934082031,2666100,CF,yfinance,2026-02-10T05:08:32.006375+00:00
2019-11-04,46.77000045776367,47.86000061035156,46.59000015258789,47.619998931884766,40.840240478515625,2613500,CF,yfinance,2026-02-10T05:08:32.006375+00:00
2019-11-05,47.529998779296875,48.38999938964844,47.34000015258789,47.72999954223633,40.93457794189453,2548000,CF,yfinance,2026-02-10T05:08:32.006375+00:00
2019-11-06,47.66999816894531,48.06999969482422,46.38999938964844,46.38999938964844,39.785362243652344,1629800,CF,yfinance,2026-02-10T05:08:32.006375+00:00
2019-11-07,46.72999954223633,46.9900016784668,46.22999954223633,46.630001068115234,39.991180419921875,1177400,CF,yfinance,2026-02-10T05:08:32.006375+00:00
2019-11-08,46.41999816894531,46.900001525878906,45.77000045776367,46.630001068115234,39.991180419921875,1812100,CF,yfinance,2026-02-10T05:08:32.006375+00:00
2019-11-11,46.2599983215332,46.540000915527344,45.650001525878906,46.45000076293945,39.836814880371094,961800,CF,yfinance,2026-02-10T05:08:32.006375+00:00
2019-11-12,46.540000915527344,48.029998779296875,46.33000183105469,47.90999984741211,41.08894348144531,2890800,CF,yfinance,2026-02-10T05:08:32.006375+00:00
2019-11-13,47.43000030517578,47.43000030517578,46.22999954223633,46.84000015258789,40.17128372192383,1800300,CF,yfinance,2026-02-10T05:08:32.006375+00:00
2019-11-14,45.84000015258789,46.45000076293945,45.75,46.36000061035156,40.01591873168945,1739500,CF,yfinance,2026-02-10T05:08:32.006375+00:00
2019-11-15,46.65999984741211,46.900001525878906,45.869998931884766,45.93000030517578,39.64476013183594,1251500,CF,yfinance,2026-02-10T05:08:32.006375+00:00
2019-11-18,45.630001068115234,45.83000183105469,44.81999969482422,45.130001068115234,38.95423126220703,1421600,CF,yfinance,2026-02-10T05:08:32.006375+00:00
2019-11-19,45.45000076293945,46.0099983215332,45.22999954223633,45.7599983215332,39.498023986816406,1803900,CF,yfinance,2026-02-10T05:08:32.006375+00:00
2019-11-20,45.54999923706055,45.88999938964844,45.060001373291016,45.099998474121094,38.92833709716797,1691100,CF,yfinance,2026-02-10T05:08:32.006375+00:00
2019-11-21,45.119998931884766,45.689998626708984,44.77000045776367,45.400001525878906,39.187286376953125,1866100,CF,yfinance,2026-02-10T05:08:32.006375+00:00
2019-11-22,45.54999923706055,45.81999969482422,44.72999954223633,44.95000076293945,38.79887008666992,1581000,CF,yfinance,2026-02-10T05:08:32.006375+00:00
2019-11-25,45.52000045776367,46.310001373291016,45.45000076293945,46.290000915527344,39.95549011230469,1813700,CF,yfinance,2026-02-10T05:08:32.006375+00:00
2019-11-26,46.349998474121094,46.369998931884766,45.52000045776367,45.720001220703125,39.4635009765625,1677700,CF,yfinance,2026-02-10T05:08:32.006375+00:00
2019-11-27,45.709999084472656,45.9900016784668,45.310001373291016,45.650001525878906,39.403072357177734,1636700,CF,yfinance,2026-02-10T05:08:32.006375+00:00
2019-11-29,45.58000183105469,46.310001373291016,45.58000183105469,46.209999084472656,39.886444091796875,779000,CF,yfinance,2026-02-10T05:08:32.006375+00:00
2019-12-02,46.09000015258789,46.22999954223633,45.52000045776367,45.689998626708984,39.437591552734375,1686400,CF,yfinance,2026-02-10T05:08:32.006375+00:00
2019-12-03,45.029998779296875,45.29999923706055,44.34000015258789,44.95000076293945,38.79887008666992,1475200,CF,yfinance,2026-02-10T05:08:32.006375+00:00
2019-12-04,45.20000076293945,45.849998474121094,44.7599983215332,44.77000045776367,38.643497467041016,1408300,CF,yfinance,2026-02-10T05:08:32.006375+00:00
2019-12-05,44.970001220703125,45.09000015258789,44.2599983215332,44.45000076293945,38.36729049682617,1361800,CF,yfinance,2026-02-10T05:08:32.006375+00:00
2019-12-06,44.88999938964844,45.54999923706055,44.77000045776367,45.34000015258789,39.135494232177734,2255900,CF,yfinance,2026-02-10T05:08:32.006375+00:00
2019-12-09,45.54999923706055,45.790000915527344,45.09000015258789,45.400001525878906,39.187286376953125,1646600,CF,yfinance,2026-02-10T05:08:32.006375+00:00
2019-12-10,44.349998474121094,44.54999923706055,43.66999816894531,44.02000045776367,37.99612808227539,2176400,CF,yfinance,2026-02-10T05:08:32.006375+00:00
2019-12-11,43.939998626708984,45.099998474121094,43.84000015258789,44.560001373291016,38.46223831176758,2835800,CF,yfinance,2026-02-10T05:08:32.006375+00:00
2019-12-12,44.439998626708984,45.779998779296875,44.20000076293945,45.400001525878906,39.187286376953125,2968700,CF,yfinance,2026-02-10T05:08:32.006375+00:00
2019-12-13,45.400001525878906,45.900001525878906,44.779998779296875,45.13999938964844,38.962860107421875,2441700,CF,yfinance,2026-02-10T05:08:32.006375+00:00
2019-12-16,45.849998474121094,47.310001373291016,45.72999954223633,46.880001068115234,40.46476364135742,2631900,CF,yfinance,2026-02-10T05:08:32.006375+00:00
2019-12-17,46.880001068115234,47.22999954223633,46.560001373291016,46.91999816894531,40.49928283691406,2422600,CF,yfinance,2026-02-10T05:08:32.006375+00:00
2019-12-18,46.83000183105469,46.84000015258789,45.650001525878906,46.529998779296875,40.16264724731445,2936300,CF,yfinance,2026-02-10T05:08:32.006375+00:00
2019-12-19,46.290000915527344,46.75,46.04999923706055,46.380001068115234,40.033172607421875,2002700,CF,yfinance,2026-02-10T05:08:32.006375+00:00
2019-12-20,46.65999984741211,48.5099983215332,46.43000030517578,48.279998779296875,41.67317581176758,6009100,CF,yfinance,2026-02-10T05:08:32.006375+00:00
2019-12-23,48.13999938964844,48.31999969482422,47.439998626708984,47.75,41.21570587158203,1496900,CF,yfinance,2026-02-10T05:08:32.006375+00:00
2019-12-24,47.689998626708984,48.220001220703125,47.689998626708984,47.939998626708984,41.37969207763672,293900,CF,yfinance,2026-02-10T05:08:32.006375+00:00
2019-12-26,47.939998626708984,48.5099983215332,47.93000030517578,48.459999084472656,41.828548431396484,873300,CF,yfinance,2026-02-10T05:08:32.006375+00:00
2019-12-27,48.880001068115234,48.880001068115234,47.540000915527344,47.54999923706055,41.04307174682617,1306400,CF,yfinance,2026-02-10T05:08:32.006375+00:00
2019-12-30,47.790000915527344,47.86000061035156,47.279998779296875,47.36000061035156,40.87907791137695,975400,CF,yfinance,2026-02-10T05:08:32.006375+00:00
2019-12-31,47.20000076293945,47.79999923706055,47.15999984741211,47.7400016784668,41.20706558227539,1016400,CF,yfinance,2026-02-10T05:08:32.006375+00:00
2020-01-02,48.189998626708984,48.189998626708984,46.029998779296875,46.400001525878906,40.050445556640625,2653500,CF,yfinance,2026-02-10T05:08:32.006375+00:00
2020-01-03,46.369998931884766,47.209999084472656,45.970001220703125,46.08000183105469,39.774234771728516,2349600,CF,yfinance,2026-02-10T05:08:32.006375+00:00
2020-01-06,45.75,46.220001220703125,45.02000045776367,46.0,39.70517349243164,2283300,CF,yfinance,2026-02-10T05:08:32.006375+00:00
2020-01-07,45.72999954223633,46.41999816894531,45.560001373291016,45.58000183105469,39.34265899658203,1944500,CF,yfinance,2026-02-10T05:08:32.006375+00:00
2020-01-08,45.369998931884766,45.93000030517578,45.02000045776367,45.790000915527344,39.52392578125,2121500,CF,yfinance,2026-02-10T05:08:32.006375+00:00
2020-01-09,45.939998626708984,45.959999084472656,44.790000915527344,45.56999969482422,39.334022521972656,1762600,CF,yfinance,2026-02-10T05:08:32.006375+00:00
2020-01-10,45.5,45.77000045776367,44.63999938964844,44.77000045776367,38.643497467041016,2206800,CF,yfinance,2026-02-10T05:08:32.006375+00:00
2020-01-13,44.90999984741211,45.439998626708984,44.5,45.34000015258789,39.135494232177734,1500900,CF,yfinance,2026-02-10T05:08:32.006375+00:00
2020-01-14,45.220001220703125,46.0,45.220001220703125,45.41999816894531,39.204551696777344,1259800,CF,yfinance,2026-02-10T05:08:32.006375+00:00
2020-01-15,45.31999969482422,46.06999969482422,45.29999923706055,45.650001525878906,39.403072357177734,1268200,CF,yfinance,2026-02-10T05:08:32.006375+00:00
2020-01-16,45.47999954223633,45.939998626708984,45.09000015258789,45.88999938964844,39.6102294921875,1273500,CF,yfinance,2026-02-10T05:08:32.006375+00:00
2020-01-17,45.959999084472656,46.33000183105469,45.47999954223633,46.13999938964844,39.826019287109375,2871600,CF,yfinance,2026-02-10T05:08:32.006375+00:00
2020-01-21,45.86000061035156,45.86000061035156,44.209999084472656,44.25,38.194664001464844,2183200,CF,yfinance,2026-02-10T05:08:32.006375+00:00
2020-01-22,44.0099983215332,44.31999969482422,41.91999816894531,42.709999084472656,36.86538314819336,5417700,CF,yfinance,2026-02-10T05:08:32.006375+00:00
2020-01-23,42.029998779296875,42.68000030517578,41.290000915527344,42.5,36.68413162231445,2973400,CF,yfinance,2026-02-10T05:08:32.006375+00:00
2020-01-24,42.47999954223633,42.4900016784668,40.90999984741211,40.93000030517578,35.3289909362793,2503800,CF,yfinance,2026-02-10T05:08:32.006375+00:00
2020-01-27,39.91999816894531,40.25,39.33000183105469,39.41999816894531,34.025611877441406,2633800,CF,yfinance,2026-02-10T05:08:32.006375+00:00
2020-01-28,39.7400016784668,40.15999984741211,39.25,39.95000076293945,34.483089447021484,2371600,CF,yfinance,2026-02-10T05:08:32.006375+00:00
2020-01-29,40.15999984741211,40.84000015258789,40.08000183105469,40.27000045776367,34.75929641723633,1912900,CF,yfinance,2026-02-10T05:08:32.006375+00:00
2020-01-30,40.040000915527344,40.7599983215332,39.900001525878906,40.68000030517578,35.11319351196289,1964800,CF,yfinance,2026-02-10T05:08:32.006375+00:00
2020-01-31,40.2599983215332,40.4900016784668,40.060001373291016,40.279998779296875,34.76792526245117,2050800,CF,yfinance,2026-02-10T05:08:32.006375+00:00
2020-02-03,40.27000045776367,40.84000015258789,39.40999984741211,39.75,34.310455322265625,2850500,CF,yfinance,2026-02-10T05:08:32.006375+00:00
2020-02-04,40.279998779296875,41.16999816894531,40.08000183105469,41.06999969482422,35.4498176574707,2297400,CF,yfinance,2026-02-10T05:08:32.006375+00:00
2020-02-05,41.689998626708984,42.7599983215332,41.33000183105469,42.709999084472656,36.86538314819336,2784800,CF,yfinance,2026-02-10T05:08:32.006375+00:00
2020-02-06,42.869998931884766,42.93000030517578,42.16999816894531,42.25,36.468345642089844,2801100,CF,yfinance,2026-02-10T05:08:32.006375+00:00
2020-02-07,41.880001068115234,42.209999084472656,41.70000076293945,42.16999816894531,36.39928436279297,1679900,CF,yfinance,2026-02-10T05:08:32.006375+00:00
2020-02-10,41.70000076293945,42.56999969482422,41.439998626708984,41.66999816894531,35.967716217041016,2085300,CF,yfinance,2026-02-10T05:08:32.006375+00:00
2020-02-11,41.90999984741211,42.650001525878906,41.75,42.16999816894531,36.39928436279297,1929600,CF,yfinance,2026-02-10T05:08:32.006375+00:00
2020-02-12,42.20000076293945,42.2599983215332,41.310001373291016,41.61000061035156,35.915931701660156,2376300,CF,yfinance,2026-02-10T05:08:32.006375+00:00
2020-02-13,41.29999923706055,41.40999984741211,39.18000030517578,39.34000015258789,34.20315933227539,4897000,CF,yfinance,2026-02-10T05:08:32.006375+00:00
2020-02-14,38.119998931884766,40.040000915527344,38.0,38.29999923706055,33.29895782470703,5653800,CF,yfinance,2026-02-10T05:08:32.006375+00:00
2020-02-18,38.0099983215332,38.459999084472656,37.58000183105469,38.15999984741211,33.17723846435547,5994100,CF,yfinance,2026-02-10T05:08:32.006375+00:00
2020-02-19,38.15999984741211,40.040000915527344,38.15999984741211,39.380001068115234,34.23794174194336,3313100,CF,yfinance,2026-02-10T05:08:32.006375+00:00
2020-02-20,39.58000183105469,40.599998474121094,39.38999938964844,39.47999954223633,34.32487487792969,2972200,CF,yfinance,2026-02-10T05:08:32.006375+00:00
2020-02-21,39.83000183105469,40.18000030517578,39.31999969482422,39.349998474121094,34.21185302734375,2065700,CF,yfinance,2026-02-10T05:08:32.006375+00:00
2020-02-24,38.40999984741211,39.29999923706055,37.709999084472656,38.83000183105469,33.759761810302734,3445100,CF,yfinance,2026-02-10T05:08:32.006375+00:00
2020-02-25,39.0099983215332,39.5,37.43000030517578,37.63999938964844,32.72513961791992,3288000,CF,yfinance,2026-02-10T05:08:32.006375+00:00
2020-02-26,37.93000030517578,38.75,36.959999084472656,37.060001373291016,32.220863342285156,3028600,CF,yfinance,2026-02-10T05:08:32.006375+00:00
2020-02-27,36.5,37.68000030517578,35.91999816894531,36.130001068115234,31.412303924560547,4420200,CF,yfinance,2026-02-10T05:08:32.006375+00:00
2020-02-28,35.220001220703125,36.9900016784668,35.18000030517578,36.86000061035156,32.04698944091797,4338500,CF,yfinance,2026-02-10T05:08:32.006375+00:00
2020-03-02,37.279998779296875,38.27000045776367,36.97999954223633,38.220001220703125,33.229408264160156,4818900,CF,yfinance,2026-02-10T05:08:32.006375+00:00
2020-03-03,37.81999969482422,39.0099983215332,37.22999954223633,38.13999938964844,33.159854888916016,4247000,CF,yfinance,2026-02-10T05:08:32.006375+00:00
2020-03-04,38.5099983215332,38.939998626708984,38.04999923706055,38.75,33.6901969909668,3329000,CF,yfinance,2026-02-10T05:08:32.006375+00:00
2020-03-05,37.61000061035156,38.22999954223633,37.41999816894531,37.9900016784668,33.02943420410156,3076700,CF,yfinance,2026-02-10T05:08:32.006375+00:00
2020-03-06,37.20000076293945,37.4900016784668,36.09000015258789,36.84000015258789,32.029598236083984,3800800,CF,yfinance,2026-02-10T05:08:32.006375+00:00
2020-03-09,34.40999984741211,34.810001373291016,31.1299991607666,31.170000076293945,27.099960327148438,4896900,CF,yfinance,2026-02-10T05:08:32.006375+00:00
2020-03-10,32.63999938964844,32.86000061035156,29.31999969482422,30.729999542236328,26.71741485595703,6353500,CF,yfinance,2026-02-10T05:08:32.006375+00:00
2020-03-11,30.040000915527344,30.239999771118164,27.899999618530273,28.34000015258789,24.639490127563477,5032900,CF,yfinance,2026-02-10T05:08:32.006375+00:00
2020-03-12,25.899999618530273,26.889999389648438,23.850000381469727,24.420000076293945,21.23134422302246,3919300,CF,yfinance,2026-02-10T05:08:32.006375+00:00
2020-03-13,25.600000381469727,27.700000762939453,23.229999542236328,27.68000030517578,24.065670013427734,4126900,CF,yfinance,2026-02-10T05:08:32.006375+00:00
2020-03-16,24.0,26.479999542236328,23.809999465942383,24.0,20.866191864013672,4077900,CF,yfinance,2026-02-10T05:08:32.006375+00:00
2020-03-17,24.8799991607666,25.43000030517578,22.889999389648438,24.149999618530273,20.996599197387695,4179700,CF,yfinance,2026-02-10T05:08:32.006375+00:00
2020-03-18,22.290000915527344,23.5,19.729999542236328,21.139999389648438,18.379634857177734,4980100,CF,yfinance,2026-02-10T05:08:32.006375+00:00
2020-03-19,21.040000915527344,23.899999618530273,20.420000076293945,22.979999542236328,19.979373931884766,3167000,CF,yfinance,2026-02-10T05:08:32.006375+00:00
2020-03-20,23.530000686645508,24.299999237060547,21.959999084472656,22.25,19.344696044921875,4254900,CF,yfinance,2026-02-10T05:08:32.006375+00:00
2020-03-23,22.18000030517578,22.90999984741211,21.43000030517578,22.040000915527344,19.162118911743164,2874000,CF,yfinance,2026-02-10T05:08:32.006375+00:00
2020-03-24,23.139999389648438,25.780000686645508,22.530000686645508,25.6200008392334,22.274654388427734,3700700,CF,yfinance,2026-02-10T05:08:32.006375+00:00
2020-03-25,26.0,28.889999389648438,25.260000228881836,27.020000457763672,23.491853713989258,4271400,CF,yfinance,2026-02-10T05:08:32.006375+00:00
2020-03-26,27.329999923706055,28.959999084472656,26.850000381469727,28.25,24.56123924255371,3507800,CF,yfinance,2026-02-10T05:08:32.006375+00:00
2020-03-27,27.139999389648438,27.139999389648438,25.40999984741211,25.549999237060547,22.213794708251953,2497800,CF,yfinance,2026-02-10T05:08:32.006375+00:00
2020-03-30,25.510000228881836,26.93000030517578,25.100000381469727,26.6200008392334,23.144075393676758,3062400,CF,yfinance,2026-02-10T05:08:32.006375+00:00
2020-03-31,26.559999465942383,28.0,26.559999465942383,27.200000762939453,23.648345947265625,3959000,CF,yfinance,2026-02-10T05:08:32.006375+00:00
2020-04-01,25.90999984741211,26.729999542236328,25.579999923706055,25.850000381469727,22.474624633789062,4352000,CF,yfinance,2026-02-10T05:08:32.006375+00:00
2020-04-02,26.0,28.200000762939453,25.260000228881836,25.700000762939453,22.344213485717773,3539600,CF,yfinance,2026-02-10T05:08:32.006375+00:00
2020-04-03,26.190000534057617,26.360000610351562,25.440000534057617,25.770000457763672,22.405065536499023,2670200,CF,yfinance,2026-02-10T05:08:32.006375+00:00
2020-04-06,27.239999771118164,27.969999313354492,27.0,27.5,23.909177780151367,4857700,CF,yfinance,2026-02-10T05:08:32.006375+00:00
2020-04-07,29.1200008392334,30.389999389648438,28.229999542236328,28.959999084472656,25.17853355407715,5101400,CF,yfinance,2026-02-10T05:08:32.006375+00:00
2020-04-08,29.020000457763672,30.0,29.020000457763672,29.84000015258789,25.943628311157227,2977500,CF,yfinance,2026-02-10T05:08:32.006375+00:00
2020-04-09,30.690000534057617,32.16999816894531,30.239999771118164,31.010000228881836,26.960853576660156,4559500,CF,yfinance,2026-02-10T05:08:32.006375+00:00
2020-04-13,30.520000457763672,31.059999465942383,29.34000015258789,29.90999984741211,26.004484176635742,3892400,CF,yfinance,2026-02-10T05:08:32.006375+00:00
2020-04-14,30.469999313354492,30.979999542236328,29.299999237060547,30.049999237060547,26.126205444335938,2393200,CF,yfinance,2026-02-10T05:08:32.006375+00:00
2020-04-15,28.670000076293945,28.8799991607666,27.600000381469727,28.1200008392334,24.44821548461914,2585200,CF,yfinance,2026-02-10T05:08:32.006375+00:00
2020-04-16,28.030000686645508,28.350000381469727,26.559999465942383,26.920000076293945,23.4049072265625,3233100,CF,yfinance,2026-02-10T05:08:32.006375+00:00
2020-04-17,28.030000686645508,28.8700008392334,27.719999313354492,28.290000915527344,24.596019744873047,5346800,CF,yfinance,2026-02-10T05:08:32.006375+00:00
2020-04-20,27.3799991607666,28.479999542236328,27.030000686645508,27.549999237060547,23.95264434814453,3636300,CF,yfinance,2026-02-10T05:08:32.006375+00:00
2020-04-21,26.600000381469727,27.309999465942383,26.34000015258789,26.860000610351562,23.352739334106445,2592100,CF,yfinance,2026-02-10T05:08:32.006375+00:00
2020-04-22,27.65999984741211,27.65999984741211,26.559999465942383,27.309999465942383,23.743980407714844,3398700,CF,yfinance,2026-02-10T05:08:32.006375+00:00
2020-04-23,27.84000015258789,28.75,27.489999771118164,27.850000381469727,24.213470458984375,2631000,CF,yfinance,2026-02-10T05:08:32.006375+00:00
2020-04-24,28.229999542236328,28.459999084472656,27.450000762939453,28.0,24.34388542175293,2659300,CF,yfinance,2026-02-10T05:08:32.006375+00:00
2020-04-27,27.90999984741211,28.65999984741211,27.790000915527344,28.3700008392334,24.665569305419922,1503700,CF,yfinance,2026-02-10T05:08:32.006375+00:00
2020-04-28,29.0,29.1299991607666,27.690000534057617,28.040000915527344,24.3786678314209,2879600,CF,yfinance,2026-02-10T05:08:32.006375+00:00
2020-04-29,29.139999389648438,29.68000030517578,28.760000228881836,29.010000228881836,25.22200584411621,3109200,CF,yfinance,2026-02-10T05:08:32.006375+00:00
2020-04-30,28.639999389648438,28.639999389648438,27.290000915527344,27.5,23.909177780151367,3258100,CF,yfinance,2026-02-10T05:08:32.006375+00:00
2020-05-01,26.979999542236328,27.059999465942383,25.989999771118164,26.610000610351562,23.135385513305664,2404500,CF,yfinance,2026-02-10T05:08:32.006375+00:00
2020-05-04,25.950000762939453,26.329999923706055,25.450000762939453,26.280000686645508,22.848474502563477,2530400,CF,yfinance,2026-02-10T05:08:32.006375+00:00
2020-05-05,26.950000762939453,28.1200008392334,26.770000457763672,27.309999465942383,23.743980407714844,2488600,CF,yfinance,2026-02-10T05:08:32.006375+00:00
2020-05-06,27.3799991607666,27.719999313354492,26.25,26.270000457763672,22.839780807495117,1400100,CF,yfinance,2026-02-10T05:08:32.006375+00:00
2020-05-07,28.200000762939453,28.84000015258789,27.40999984741211,27.540000915527344,23.943954467773438,3241800,CF,yfinance,2026-02-10T05:08:32.006375+00:00
2020-05-08,28.100000381469727,29.200000762939453,28.059999465942383,29.030000686645508,25.23939323425293,1875200,CF,yfinance,2026-02-10T05:08:32.006375+00:00
2020-05-11,26.670000076293945,27.610000610351562,26.350000381469727,27.459999084472656,23.874393463134766,2805900,CF,yfinance,2026-02-10T05:08:32.006375+00:00
2020-05-12,27.3799991607666,27.850000381469727,26.049999237060547,26.09000015258789,22.68328094482422,2324600,CF,yfinance,2026-02-10T05:08:32.006375+00:00
2020-05-13,26.020000457763672,26.329999923706055,24.399999618530273,24.59000015258789,21.379146575927734,2611600,CF,yfinance,2026-02-10T05:08:32.006375+00:00
2020-05-14,23.709999084472656,24.649999618530273,23.049999237060547,24.6299991607666,21.67840003967285,5888300,CF,yfinance,2026-02-10T05:08:32.006375+00:00
2020-05-15,24.420000076293945,24.829999923706055,24.1299991607666,24.81999969482422,21.84563446044922,3761800,CF,yfinance,2026-02-10T05:08:32.006375+00:00
2020-05-18,26.09000015258789,26.950000762939453,25.959999084472656,26.389999389648438,23.22749137878418,4787200,CF,yfinance,2026-02-10T05:08:32.006375+00:00
2020-05-19,26.56999969482422,27.84000015258789,25.81999969482422,27.190000534057617,23.931621551513672,3498300,CF,yfinance,2026-02-10T05:08:32.006375+00:00
2020-05-20,27.5,27.969999313354492,27.260000228881836,27.510000228881836,24.213272094726562,2607400,CF,yfinance,2026-02-10T05:08:32.006375+00:00
2020-05-21,27.5,27.860000610351562,27.309999465942383,27.700000762939453,24.380504608154297,2005800,CF,yfinance,2026-02-10T05:08:32.006375+00:00
2020-05-22,27.649999618530273,27.780000686645508,27.270000457763672,27.59000015258789,24.28368377685547,1487200,CF,yfinance,2026-02-10T05:08:32.006375+00:00
2020-05-26,28.25,29.479999542236328,28.25,29.15999984741211,25.665538787841797,2787200,CF,yfinance,2026-02-10T05:08:32.006375+00:00
2020-05-27,30.049999237060547,30.360000610351562,29.530000686645508,29.969999313354492,26.378469467163086,1832400,CF,yfinance,2026-02-10T05:08:32.006375+00:00
2020-05-28,30.389999389648438,30.43000030517578,29.09000015258789,29.239999771118164,25.735950469970703,1817400,CF,yfinance,2026-02-10T05:08:32.006375+00:00
2020-05-29,28.90999984741211,29.770000457763672,28.68000030517578,29.3700008392334,25.85037612915039,2673000,CF,yfinance,2026-02-10T05:08:32.006375+00:00
2020-06-01,29.25,29.959999084472656,28.93000030517578,29.59000015258789,26.04400634765625,1628100,CF,yfinance,2026-02-10T05:08:32.006375+00:00
2020-06-02,29.760000228881836,31.1200008392334,29.760000228881836,30.90999984741211,27.205820083618164,3898000,CF,yfinance,2026-02-10T05:08:32.006375+00:00
2020-06-03,31.40999984741211,32.31999969482422,31.399999618530273,31.90999984741211,28.085983276367188,2322300,CF,yfinance,2026-02-10T05:08:32.006375+00:00
2020-06-04,31.65999984741211,32.06999969482422,31.020000457763672,31.75,27.945152282714844,1781200,CF,yfinance,2026-02-10T05:08:32.006375+00:00
2020-06-05,33.15999984741211,33.529998779296875,32.54999923706055,32.720001220703125,28.798917770385742,2757800,CF,yfinance,2026-02-10T05:08:32.006375+00:00
2020-06-08,33.400001525878906,34.04999923706055,32.72999954223633,32.97999954223633,29.02775764465332,2610200,CF,yfinance,2026-02-10T05:08:32.006375+00:00
2020-06-09,32.15999984741211,32.400001525878906,31.510000228881836,31.93000030517578,28.103588104248047,2126200,CF,yfinance,2026-02-10T05:08:32.006375+00:00
2020-06-10,31.8700008392334,31.93000030517578,30.850000381469727,30.8799991607666,27.17941665649414,2391200,CF,yfinance,2026-02-10T05:08:32.006375+00:00
2020-06-11,29.25,29.709999084472656,27.690000534057617,28.139999389648438,24.76777458190918,2749600,CF,yfinance,2026-02-10T05:08:32.006375+00:00
2020-06-12,29.469999313354492,29.729999542236328,28.43000030517578,29.399999618530273,25.876771926879883,1649900,CF,yfinance,2026-02-10T05:08:32.006375+00:00
2020-06-15,28.34000015258789,29.709999084472656,28.049999237060547,29.43000030517578,25.903182983398438,1625700,CF,yfinance,2026-02-10T05:08:32.006375+00:00
2020-06-16,31.100000381469727,31.100000381469727,29.809999465942383,30.809999465942383,27.117807388305664,2284300,CF,yfinance,2026-02-10T05:08:32.006375+00:00
2020-06-17,31.06999969482422,31.06999969482422,30.030000686645508,30.229999542236328,26.60731315612793,1527300,CF,yfinance,2026-02-10T05:08:32.006375+00:00
2020-06-18,29.8700008392334,30.520000457763672,29.6299991607666,29.989999771118164,26.396074295043945,1827900,CF,yfinance,2026-02-10T05:08:32.006375+00:00
2020-06-19,30.729999542236328,30.729999542236328,29.6299991607666,29.889999389648438,26.308059692382812,2920900,CF,yfinance,2026-02-10T05:08:32.006375+00:00
2020-06-22,29.610000610351562,30.290000915527344,29.149999618530273,30.149999618530273,26.53689956665039,1782700,CF,yfinance,2026-02-10T05:08:32.006375+00:00
2020-06-23,30.549999237060547,30.600000381469727,29.510000228881836,29.799999237060547,26.228839874267578,2538400,CF,yfinance,2026-02-10T05:08:32.006375+00:00
2020-06-24,29.190000534057617,29.299999237060547,27.790000915527344,27.84000015258789,24.50372314453125,2011500,CF,yfinance,2026-02-10T05:08:32.006375+00:00
2020-06-25,27.579999923706055,27.90999984741211,26.969999313354492,27.540000915527344,24.239681243896484,3506700,CF,yfinance,2026-02-10T05:08:32.006375+00:00
2020-06-26,27.299999237060547,27.790000915527344,27.190000534057617,27.450000762939453,24.160459518432617,3512800,CF,yfinance,2026-02-10T05:08:32.006375+00:00
2020-06-29,27.729999542236328,27.950000762939453,27.329999923706055,27.549999237060547,24.248476028442383,2023500,CF,yfinance,2026-02-10T05:08:32.006375+00:00
2020-06-30,27.290000915527344,28.329999923706055,26.959999084472656,28.139999389648438,24.76777458190918,2901900,CF,yfinance,2026-02-10T05:08:32.006375+00:00
2020-07-01,28.229999542236328,29.209999084472656,28.170000076293945,28.540000915527344,25.119840621948242,2582000,CF,yfinance,2026-02-10T05:08:32.006375+00:00
2020-07-02,29.219999313354492,29.889999389648438,29.020000457763672,29.3799991607666,25.859174728393555,1956800,CF,yfinance,2026-02-10T05:08:32.006375+00:00
2020-07-06,30.06999969482422,30.350000381469727,29.290000915527344,29.760000228881836,26.193635940551758,2037000,CF,yfinance,2026-02-10T05:08:32.006375+00:00
2020-07-07,29.34000015258789,29.799999237060547,28.979999542236328,29.219999313354492,25.718351364135742,1758100,CF,yfinance,2026-02-10T05:08:32.006375+00:00
2020-07-08,29.18000030517578,29.350000381469727,27.649999618530273,27.739999771118164,24.415708541870117,2460100,CF,yfinance,2026-02-10T05:08:32.006375+00:00
2020-07-09,27.93000030517578,27.969999313354492,26.59000015258789,26.899999618530273,23.67637062072754,2232900,CF,yfinance,2026-02-10T05:08:32.006375+00:00
2020-07-10,26.68000030517578,28.15999984741211,26.68000030517578,28.1200008392334,24.75016975402832,1781800,CF,yfinance,2026-02-10T05:08:32.006375+00:00
2020-07-13,29.420000076293945,30.209999084472656,29.25,29.75,26.184839248657227,2843400,CF,yfinance,2026-02-10T05:08:32.006375+00:00
2020-07-14,29.579999923706055,30.06999969482422,29.06999969482422,29.639999389648438,26.0880184173584,2529900,CF,yfinance,2026-02-10T05:08:32.006375+00:00
2020-07-15,30.389999389648438,31.190000534057617,30.270000457763672,30.639999389648438,26.968177795410156,2135400,CF,yfinance,2026-02-10T05:08:32.006375+00:00
2020-07-16,30.469999313354492,30.6299991607666,29.81999969482422,29.959999084472656,26.369665145874023,2439100,CF,yfinance,2026-02-10T05:08:32.006375+00:00
2020-07-17,30.079999923706055,30.8700008392334,30.06999969482422,30.360000610351562,26.72173500061035,1888500,CF,yfinance,2026-02-10T05:08:32.006375+00:00
2020-07-20,30.200000762939453,30.350000381469727,29.079999923706055,29.15999984741211,25.665538787841797,1619100,CF,yfinance,2026-02-10T05:08:32.006375+00:00
2020-07-21,29.34000015258789,30.1200008392334,29.34000015258789,29.799999237060547,26.228839874267578,2018400,CF,yfinance,2026-02-10T05:08:32.006375+00:00
2020-07-22,29.559999465942383,30.299999237060547,29.389999389648438,30.229999542236328,26.60731315612793,1583800,CF,yfinance,2026-02-10T05:08:32.006375+00:00
2020-07-23,30.15999984741211,30.969999313354492,29.670000076293945,30.3799991607666,26.73933219909668,1921700,CF,yfinance,2026-02-10T05:08:32.006375+00:00
2020-07-24,30.489999771118164,30.979999542236328,30.170000076293945,30.579999923706055,26.915367126464844,1553300,CF,yfinance,2026-02-10T05:08:32.006375+00:00
2020-07-27,30.540000915527344,31.75,30.510000228881836,31.360000610351562,27.601898193359375,2389600,CF,yfinance,2026-02-10T05:08:32.006375+00:00
2020-07-28,31.030000686645508,31.1200008392334,30.030000686645508,30.219999313354492,26.598508834838867,2715400,CF,yfinance,2026-02-10T05:08:32.006375+00:00
2020-07-29,30.479999542236328,31.479999542236328,30.360000610351562,31.360000610351562,27.601898193359375,2463700,CF,yfinance,2026-02-10T05:08:32.006375+00:00
2020-07-30,30.780000686645508,31.1299991607666,30.100000381469727,30.809999465942383,27.117807388305664,2369300,CF,yfinance,2026-02-10T05:08:32.006375+00:00
2020-07-31,30.739999771118164,31.579999923706055,30.559999465942383,31.329999923706055,27.575490951538086,8099900,CF,yfinance,2026-02-10T05:08:32.006375+00:00
2020-08-03,31.43000030517578,31.940000534057617,31.3799991607666,31.450000762939453,27.681114196777344,3977400,CF,yfinance,2026-02-10T05:08:32.006375+00:00
2020-08-04,31.940000534057617,32.84000015258789,31.760000228881836,32.380001068115234,28.499664306640625,3885800,CF,yfinance,2026-02-10T05:08:32.006375+00:00
2020-08-05,32.86000061035156,33.20000076293945,32.630001068115234,32.91999816894531,28.974946975708008,3937500,CF,yfinance,2026-02-10T05:08:32.006375+00:00
2020-08-06,33.810001373291016,34.47999954223633,33.34000015258789,33.38999938964844,29.388620376586914,3692200,CF,yfinance,2026-02-10T05:08:32.006375+00:00
2020-08-07,34.25,34.25,32.68000030517578,33.130001068115234,29.15978240966797,4069100,CF,yfinance,2026-02-10T05:08:32.006375+00:00
2020-08-10,33.599998474121094,35.13999938964844,33.45000076293945,34.880001068115234,30.700071334838867,4003100,CF,yfinance,2026-02-10T05:08:32.006375+00:00
2020-08-11,35.66999816894531,36.119998931884766,35.119998931884766,35.4900016784668,31.23696517944336,3023500,CF,yfinance,2026-02-10T05:08:32.006375+00:00
2020-08-12,35.90999984741211,36.11000061035156,34.59000015258789,34.880001068115234,30.700071334838867,2317600,CF,yfinance,2026-02-10T05:08:32.006375+00:00
2020-08-13,34.59000015258789,35.16999816894531,34.43000030517578,34.959999084472656,30.77048110961914,1818700,CF,yfinance,2026-02-10T05:08:32.006375+00:00
2020-08-14,34.63999938964844,35.119998931884766,34.47999954223633,35.099998474121094,31.161104202270508,2245100,CF,yfinance,2026-02-10T05:08:32.006375+00:00
2020-08-17,35.18000030517578,35.47999954223633,34.29999923706055,34.380001068115234,30.52190589904785,1969300,CF,yfinance,2026-02-10T05:08:32.006375+00:00
2020-08-18,34.33000183105469,34.880001068115234,33.939998626708984,34.4900016784668,30.61956024169922,2002200,CF,yfinance,2026-02-10T05:08:32.006375+00:00
2020-08-19,34.349998474121094,34.619998931884766,33.400001525878906,33.58000183105469,29.811676025390625,1955900,CF,yfinance,2026-02-10T05:08:32.006375+00:00
2020-08-20,33.130001068115234,33.349998474121094,32.790000915527344,33.099998474121094,29.385540008544922,1982700,CF,yfinance,2026-02-10T05:08:32.006375+00:00
2020-08-21,32.83000183105469,32.93000030517578,32.209999084472656,32.369998931884766,28.737462997436523,1895900,CF,yfinance,2026-02-10T05:08:32.006375+00:00
2020-08-24,32.689998626708984,33.75,32.619998931884766,33.56999969482422,29.802797317504883,1793700,CF,yfinance,2026-02-10T05:08:32.006375+00:00
2020-08-25,33.83000183105469,34.15999984741211,33.22999954223633,33.43000030517578,29.678512573242188,1632700,CF,yfinance,2026-02-10T05:08:32.006375+00:00
2020-08-26,33.41999816894531,33.560001373291016,32.720001220703125,33.4900016784668,29.73177719116211,2238600,CF,yfinance,2026-02-10T05:08:32.006375+00:00
2020-08-27,33.52000045776367,33.560001373291016,32.90999984741211,33.2400016784668,29.50983428955078,2331000,CF,yfinance,2026-02-10T05:08:32.006375+00:00
2020-08-28,33.41999816894531,33.470001220703125,32.65999984741211,33.209999084472656,29.483196258544922,1489000,CF,yfinance,2026-02-10T05:08:32.006375+00:00
2020-08-31,33.27000045776367,33.31999969482422,32.619998931884766,32.630001068115234,28.968290328979492,1591900,CF,yfinance,2026-02-10T05:08:32.006375+00:00
2020-09-01,32.380001068115234,33.40999984741211,32.130001068115234,33.40999984741211,29.660757064819336,1670600,CF,yfinance,2026-02-10T05:08:32.006375+00:00
2020-09-02,33.52000045776367,33.97999954223633,33.08000183105469,33.970001220703125,30.157917022705078,2100500,CF,yfinance,2026-02-10T05:08:32.006375+00:00
2020-09-03,34.029998779296875,34.16999816894531,32.709999084472656,33.209999084472656,29.483196258544922,2109500,CF,yfinance,2026-02-10T05:08:32.006375+00:00
2020-09-04,33.540000915527344,33.7599983215332,32.790000915527344,33.18000030517578,29.456565856933594,2047400,CF,yfinance,2026-02-10T05:08:32.006375+00:00
2020-09-08,32.56999969482422,32.7400016784668,31.530000686645508,32.02000045776367,28.42673683166504,2436100,CF,yfinance,2026-02-10T05:08:32.006375+00:00
2020-09-09,32.22999954223633,32.40999984741211,31.81999969482422,32.33000183105469,28.701955795288086,1368600,CF,yfinance,2026-02-10T05:08:32.006375+00:00
2020-09-10,32.52000045776367,32.7400016784668,32.119998931884766,32.25,28.63092613220215,1791700,CF,yfinance,2026-02-10T05:08:32.006375+00:00
2020-09-11,32.459999084472656,33.52000045776367,32.38999938964844,33.369998931884766,29.625242233276367,2115700,CF,yfinance,2026-02-10T05:08:32.006375+00:00
2020-09-14,33.5,33.79999923706055,33.06999969482422,33.689998626708984,29.909324645996094,1554000,CF,yfinance,2026-02-10T05:08:32.006375+00:00
2020-09-15,33.689998626708984,33.7400016784668,32.970001220703125,32.970001220703125,29.2701358795166,1647900,CF,yfinance,2026-02-10T05:08:32.006375+00:00
2020-09-16,33.08000183105469,33.68000030517578,32.650001525878906,33.349998474121094,29.607486724853516,1928600,CF,yfinance,2026-02-10T05:08:32.006375+00:00
2020-09-17,32.36000061035156,34.72999954223633,32.20000076293945,34.63999938964844,30.752721786499023,3444400,CF,yfinance,2026-02-10T05:08:32.006375+00:00
2020-09-18,34.970001220703125,35.630001068115234,33.68000030517578,34.0099983215332,30.19342041015625,6327200,CF,yfinance,2026-02-10T05:08:32.006375+00:00
2020-09-21,33.20000076293945,33.2400016784668,31.09000015258789,31.610000610351562,28.062746047973633,2825000,CF,yfinance,2026-02-10T05:08:32.006375+00:00
2020-09-22,31.469999313354492,31.719999313354492,31.139999389648438,31.25,27.74315071105957,2094400,CF,yfinance,2026-02-10T05:08:32.006375+00:00
2020-09-23,31.149999618530273,31.940000534057617,30.899999618530273,30.920000076293945,27.450178146362305,2006400,CF,yfinance,2026-02-10T05:08:32.006375+00:00
2020-09-24,30.75,31.09000015258789,30.1200008392334,30.690000534057617,27.245994567871094,1910100,CF,yfinance,2026-02-10T05:08:32.006375+00:00
2020-09-25,30.399999618530273,30.579999923706055,29.969999313354492,30.420000076293945,27.006288528442383,2000300,CF,yfinance,2026-02-10T05:08:32.006375+00:00
2020-09-28,31.149999618530273,31.5,30.889999389648438,30.950000762939453,27.4768123626709,1434200,CF,yfinance,2026-02-10T05:08:32.006375+00:00
2020-09-29,30.899999618530273,30.899999618530273,29.770000457763672,29.860000610351562,26.50913429260254,1600500,CF,yfinance,2026-02-10T05:08:32.006375+00:00
2020-09-30,30.040000915527344,31.079999923706055,29.989999771118164,30.709999084472656,27.263750076293945,2333800,CF,yfinance,2026-02-10T05:08:32.006375+00:00
2020-10-01,30.6200008392334,30.889999389648438,29.770000457763672,29.8799991607666,26.526887893676758,1981100,CF,yfinance,2026-02-10T05:08:32.006375+00:00
2020-10-02,29.489999771118164,30.850000381469727,29.299999237060547,30.56999969482422,27.13945960998535,1552800,CF,yfinance,2026-02-10T05:08:32.006375+00:00
2020-10-05,30.75,31.770000457763672,30.719999313354492,31.530000686645508,27.991727828979492,1586300,CF,yfinance,2026-02-10T05:08:32.006375+00:00
2020-10-06,31.920000076293945,32.619998931884766,31.25,31.290000915527344,27.778657913208008,1561100,CF,yfinance,2026-02-10T05:08:32.006375+00:00
2020-10-07,31.639999389648438,31.8700008392334,30.93000030517578,30.950000762939453,27.4768123626709,2115100,CF,yfinance,2026-02-10T05:08:32.006375+00:00
2020-10-08,31.34000015258789,31.860000610351562,31.110000610351562,31.860000610351562,28.284698486328125,1239200,CF,yfinance,2026-02-10T05:08:32.006375+00:00
2020-10-09,31.959999084472656,32.279998779296875,30.969999313354492,31.329999923706055,27.814170837402344,1865100,CF,yfinance,2026-02-10T05:08:32.006375+00:00
2020-10-12,31.1200008392334,31.170000076293945,29.389999389648438,29.520000457763672,26.207286834716797,3649500,CF,yfinance,2026-02-10T05:08:32.006375+00:00
2020-10-13,29.3700008392334,29.959999084472656,29.18000030517578,29.450000762939453,26.1451416015625,2173100,CF,yfinance,2026-02-10T05:08:32.006375+00:00
2020-10-14,29.299999237060547,30.489999771118164,29.059999465942383,29.809999465942383,26.46474266052246,2120000,CF,yfinance,2026-02-10T05:08:32.006375+00:00
2020-10-15,29.3799991607666,29.850000381469727,29.170000076293945,29.65999984741211,26.331579208374023,1166500,CF,yfinance,2026-02-10T05:08:32.006375+00:00
2020-10-16,29.780000686645508,29.8799991607666,29.149999618530273,29.280000686645508,25.994216918945312,1736500,CF,yfinance,2026-02-10T05:08:32.006375+00:00
2020-10-19,29.280000686645508,29.5,28.81999969482422,28.8799991607666,25.639110565185547,1515800,CF,yfinance,2026-02-10T05:08:32.006375+00:00
2020-10-20,29.15999984741211,29.25,28.040000915527344,28.059999465942383,24.9111270904541,2007300,CF,yfinance,2026-02-10T05:08:32.006375+00:00
2020-10-21,27.860000610351562,27.989999771118164,26.8799991607666,27.25,24.192031860351562,3455000,CF,yfinance,2026-02-10T05:08:32.006375+00:00
2020-10-22,27.360000610351562,28.010000228881836,27.309999465942383,27.920000076293945,24.78683853149414,2552000,CF,yfinance,2026-02-10T05:08:32.006375+00:00
2020-10-23,28.100000381469727,28.440000534057617,27.530000686645508,27.579999923706055,24.48499298095703,1629300,CF,yfinance,2026-02-10T05:08:32.006375+00:00
2020-10-26,27.25,27.25,26.440000534057617,26.829999923706055,23.819156646728516,1987900,CF,yfinance,2026-02-10T05:08:32.006375+00:00
2020-10-27,26.700000762939453,26.959999084472656,26.100000381469727,26.15999984741211,23.22434425354004,3015200,CF,yfinance,2026-02-10T05:08:32.006375+00:00
2020-10-28,25.479999542236328,26.219999313354492,25.299999237060547,25.709999084472656,22.82484245300293,2833900,CF,yfinance,2026-02-10T05:08:32.006375+00:00
2020-10-29,25.5,26.899999618530273,25.489999771118164,26.780000686645508,23.77476692199707,2491000,CF,yfinance,2026-02-10T05:08:32.006375+00:00
2020-10-30,26.68000030517578,27.6299991607666,26.420000076293945,27.610000610351562,24.51162338256836,3016800,CF,yfinance,2026-02-10T05:08:32.006375+00:00
2020-11-02,28.010000228881836,28.290000915527344,27.649999618530273,28.06999969482422,24.92000389099121,2695500,CF,yfinance,2026-02-10T05:08:32.006375+00:00
2020-11-03,27.969999313354492,28.030000686645508,26.68000030517578,27.020000457763672,23.987838745117188,3184400,CF,yfinance,2026-02-10T05:08:32.006375+00:00
2020-11-04,27.18000030517578,27.239999771118164,26.049999237060547,26.65999984741211,23.668237686157227,1953100,CF,yfinance,2026-02-10T05:08:32.006375+00:00
2020-11-05,25.959999084472656,28.020000457763672,25.959999084472656,27.34000015258789,24.271928787231445,3778300,CF,yfinance,2026-02-10T05:08:32.006375+00:00
2020-11-06,27.360000610351562,28.290000915527344,27.059999465942383,27.329999923706055,24.26304817199707,2970600,CF,yfinance,2026-02-10T05:08:32.006375+00:00
2020-11-09,29.1200008392334,30.510000228881836,28.3700008392334,28.959999084472656,25.710128784179688,3954300,CF,yfinance,2026-02-10T05:08:32.006375+00:00
2020-11-10,29.329999923706055,30.360000610351562,28.8799991607666,30.110000610351562,26.7310791015625,3732600,CF,yfinance,2026-02-10T05:08:32.006375+00:00
2020-11-11,30.399999618530273,31.5,30.360000610351562,30.549999237060547,27.121702194213867,3968700,CF,yfinance,2026-02-10T05:08:32.006375+00:00
2020-11-12,30.170000076293945,30.489999771118164,29.729999542236328,30.139999389648438,26.757707595825195,2638700,CF,yfinance,2026-02-10T05:08:32.006375+00:00
2020-11-13,30.209999084472656,30.950000762939453,30.209999084472656,30.889999389648438,27.69925308227539,2732000,CF,yfinance,2026-02-10T05:08:32.006375+00:00
2020-11-16,31.799999237060547,32.540000915527344,31.149999618530273,32.400001525878906,29.053279876708984,4326700,CF,yfinance,2026-02-10T05:08:32.006375+00:00
2020-11-17,32.11000061035156,32.59000015258789,31.719999313354492,32.220001220703125,28.89186668395996,3007900,CF,yfinance,2026-02-10T05:08:32.006375+00:00
2020-11-18,32.5,33.279998779296875,32.279998779296875,32.45000076293945,29.098114013671875,3256700,CF,yfinance,2026-02-10T05:08:32.006375+00:00
2020-11-19,32.5,32.70000076293945,31.889999389648438,32.150001525878906,28.829105377197266,2743900,CF,yfinance,2026-02-10T05:08:32.006375+00:00
2020-11-20,32.31999969482422,33.66999816894531,32.220001220703125,33.5,30.03965187072754,2933400,CF,yfinance,2026-02-10T05:08:32.006375+00:00
2020-11-23,34.029998779296875,36.09000015258789,34.029998779296875,35.81999969482422,32.1200065612793,4581300,CF,yfinance,2026-02-10T05:08:32.006375+00:00
2020-11-24,36.22999954223633,38.77000045776367,36.22999954223633,38.650001525878906,34.657691955566406,6318500,CF,yfinance,2026-02-10T05:08:32.006375+00:00
2020-11-25,38.2400016784668,38.709999084472656,37.31999969482422,38.16999816894531,34.22727584838867,3442500,CF,yfinance,2026-02-10T05:08:32.006375+00:00
2020-11-27,38.560001373291016,39.40999984741211,38.279998779296875,38.77000045776367,34.765296936035156,2427000,CF,yfinance,2026-02-10T05:08:32.006375+00:00
2020-11-30,38.38999938964844,38.439998626708984,37.08000183105469,37.29999923706055,33.4471435546875,3320300,CF,yfinance,2026-02-10T05:08:32.006375+00:00
2020-12-01,37.900001525878906,38.150001525878906,37.38999938964844,37.5,33.6264762878418,2424300,CF,yfinance,2026-02-10T05:08:32.006375+00:00
2020-12-02,37.33000183105469,38.25,37.25,37.849998474121094,33.94032669067383,2798800,CF,yfinance,2026-02-10T05:08:32.006375+00:00
2020-12-03,38.08000183105469,38.65999984741211,37.81999969482422,38.130001068115234,34.191402435302734,2267300,CF,yfinance,2026-02-10T05:08:32.006375+00:00
2020-12-04,38.38999938964844,39.900001525878906,38.20000076293945,39.56999969482422,35.48265838623047,2861600,CF,yfinance,2026-02-10T05:08:32.006375+00:00
2020-12-07,39.2599983215332,39.369998931884766,38.0,38.27000045776367,34.31694793701172,1981100,CF,yfinance,2026-02-10T05:08:32.006375+00:00
2020-12-08,37.95000076293945,38.709999084472656,37.900001525878906,38.52000045776367,34.5411262512207,1624500,CF,yfinance,2026-02-10T05:08:32.006375+00:00
2020-12-09,38.90999984741211,39.41999816894531,38.54999923706055,39.060001373291016,35.02534103393555,1778700,CF,yfinance,2026-02-10T05:08:32.006375+00:00
2020-12-10,38.59000015258789,39.34000015258789,38.54999923706055,39.11000061035156,35.07017517089844,1793700,CF,yfinance,2026-02-10T05:08:32.006375+00:00
2020-12-11,38.65999984741211,39.459999084472656,38.619998931884766,39.369998931884766,35.303321838378906,1696700,CF,yfinance,2026-02-10T05:08:32.006375+00:00
2020-12-14,39.65999984741211,40.060001373291016,38.779998779296875,38.81999969482422,34.810142517089844,2477900,CF,yfinance,2026-02-10T05:08:32.006375+00:00
2020-12-15,39.400001525878906,39.40999984741211,38.02000045776367,38.349998474121094,34.388671875,2553900,CF,yfinance,2026-02-10T05:08:32.006375+00:00
2020-12-16,38.54999923706055,38.54999923706055,37.06999969482422,37.779998779296875,33.87755584716797,2179400,CF,yfinance,2026-02-10T05:08:32.006375+00:00
2020-12-17,38.119998931884766,38.15999984741211,37.45000076293945,37.540000915527344,33.662353515625,1855700,CF,yfinance,2026-02-10T05:08:32.006375+00:00
2020-12-18,37.4900016784668,37.720001220703125,36.970001220703125,37.63999938964844,33.75202178955078,4424600,CF,yfinance,2026-02-10T05:08:32.006375+00:00
2020-12-21,36.88999938964844,37.650001525878906,36.65999984741211,37.540000915527344,33.662353515625,1692300,CF,yfinance,2026-02-10T05:08:32.006375+00:00
2020-12-22,37.61000061035156,37.61000061035156,36.209999084472656,36.220001220703125,32.478702545166016,1723700,CF,yfinance,2026-02-10T05:08:32.006375+00:00
2020-12-23,36.5099983215332,37.09000015258789,36.29999923706055,36.77000045776367,32.971885681152344,1263800,CF,yfinance,2026-02-10T05:08:32.006375+00:00
2020-12-24,36.709999084472656,36.88999938964844,36.38999938964844,36.810001373291016,33.00775146484375,255800,CF,yfinance,2026-02-10T05:08:32.006375+00:00
2020-12-28,37.0099983215332,38.56999969482422,37.0099983215332,37.20000076293945,33.35746383666992,1606300,CF,yfinance,2026-02-10T05:08:32.006375+00:00
2020-12-29,37.31999969482422,37.77000045776367,36.63999938964844,36.95000076293945,33.13329315185547,1073100,CF,yfinance,2026-02-10T05:08:32.006375+00:00
2020-12-30,36.849998474121094,38.2599983215332,36.849998474121094,37.970001220703125,34.04793167114258,1388200,CF,yfinance,2026-02-10T05:08:32.006375+00:00
2020-12-31,37.93000030517578,39.20000076293945,37.58000183105469,38.709999084472656,34.71148681640625,1556400,CF,yfinance,2026-02-10T05:08:32.006375+00:00
2021-01-04,39.0,39.599998474121094,38.060001373291016,38.529998779296875,34.55009078979492,2668100,CF,yfinance,2026-02-10T05:08:32.006375+00:00
2021-01-05,38.70000076293945,40.4900016784668,38.70000076293945,40.06999969482422,35.931007385253906,2632200,CF,yfinance,2026-02-10T05:08:32.006375+00:00
2021-01-06,40.880001068115234,43.29999923706055,40.34000015258789,42.70000076293945,38.28934860229492,4689000,CF,yfinance,2026-02-10T05:08:32.006375+00:00
2021-01-07,43.5,43.97999954223633,42.58000183105469,42.77000045776367,38.35212707519531,3248200,CF,yfinance,2026-02-10T05:08:32.006375+00:00
2021-01-08,43.04999923706055,43.2599983215332,42.13999938964844,43.15999984741211,38.701839447021484,3449300,CF,yfinance,2026-02-10T05:08:32.006375+00:00
2021-01-11,42.15999984741211,43.459999084472656,41.900001525878906,43.11000061035156,38.65700912475586,2159500,CF,yfinance,2026-02-10T05:08:32.006375+00:00
2021-01-12,43.52000045776367,45.959999084472656,42.95000076293945,45.7400016784668,41.01533889770508,3698600,CF,yfinance,2026-02-10T05:08:32.006375+00:00
2021-01-13,46.20000076293945,47.0,44.970001220703125,45.290000915527344,40.6118278503418,2976800,CF,yfinance,2026-02-10T05:08:32.006375+00:00
2021-01-14,45.369998931884766,45.95000076293945,45.290000915527344,45.29999923706055,40.620792388916016,2216200,CF,yfinance,2026-02-10T05:08:32.006375+00:00
2021-01-15,45.16999816894531,45.66999816894531,44.33000183105469,45.560001373291016,40.85393142700195,2531500,CF,yfinance,2026-02-10T05:08:32.006375+00:00
2021-01-19,45.97999954223633,46.189998626708984,44.5,44.9900016784668,40.34281539916992,2465300,CF,yfinance,2026-02-10T05:08:32.006375+00:00
2021-01-20,45.22999954223633,45.36000061035156,43.7400016784668,44.130001068115234,39.5716438293457,1766200,CF,yfinance,2026-02-10T05:08:32.006375+00:00
2021-01-21,44.31999969482422,44.560001373291016,43.220001220703125,43.459999084472656,38.9708366394043,1742600,CF,yfinance,2026-02-10T05:08:32.006375+00:00
2021-01-22,42.790000915527344,43.72999954223633,42.54999923706055,43.400001525878906,38.91705322265625,1457300,CF,yfinance,2026-02-10T05:08:32.006375+00:00
2021-01-25,43.029998779296875,43.65999984741211,42.150001525878906,43.470001220703125,38.979827880859375,2102600,CF,yfinance,2026-02-10T05:08:32.006375+00:00
2021-01-26,43.95000076293945,44.2400016784668,41.88999938964844,41.97999954223633,37.64372634887695,2150400,CF,yfinance,2026-02-10T05:08:32.006375+00:00
2021-01-27,41.099998474121094,41.7400016784668,39.869998931884766,40.880001068115234,36.657344818115234,3581200,CF,yfinance,2026-02-10T05:08:32.006375+00:00
2021-01-28,41.5,42.400001525878906,41.18000030517578,42.20000076293945,37.84100341796875,3499000,CF,yfinance,2026-02-10T05:08:32.006375+00:00
2021-01-29,42.040000915527344,42.970001220703125,41.0,41.380001068115234,37.10569763183594,4684900,CF,yfinance,2026-02-10T05:08:32.006375+00:00
2021-02-01,41.88999938964844,43.31999969482422,41.880001068115234,42.970001220703125,38.531463623046875,2131800,CF,yfinance,2026-02-10T05:08:32.006375+00:00
2021-02-02,43.650001525878906,43.84000015258789,42.65999984741211,43.400001525878906,38.91705322265625,1786200,CF,yfinance,2026-02-10T05:08:32.006375+00:00
2021-02-03,43.56999969482422,44.220001220703125,42.68000030517578,42.79999923706055,38.37902069091797,1992700,CF,yfinance,2026-02-10T05:08:32.006375+00:00
2021-02-04,42.720001220703125,43.68000030517578,42.310001373291016,43.16999816894531,38.7108039855957,1774700,CF,yfinance,2026-02-10T05:08:32.006375+00:00
2021-02-05,43.689998626708984,44.70000076293945,42.75,43.13999938964844,38.68390655517578,1217100,CF,yfinance,2026-02-10T05:08:32.006375+00:00
2021-02-08,43.68000030517578,44.41999816894531,43.33000183105469,43.970001220703125,39.42817306518555,1443800,CF,yfinance,2026-02-10T05:08:32.006375+00:00
2021-02-09,44.040000915527344,44.22999954223633,43.400001525878906,43.9900016784668,39.44609832763672,1431900,CF,yfinance,2026-02-10T05:08:32.006375+00:00
2021-02-10,44.41999816894531,44.41999816894531,42.150001525878906,43.2400016784668,38.7735710144043,1939900,CF,yfinance,2026-02-10T05:08:32.006375+00:00
2021-02-11,43.47999954223633,43.5,42.43000030517578,43.15999984741211,38.701839447021484,1444400,CF,yfinance,2026-02-10T05:08:32.006375+00:00
2021-02-12,42.58000183105469,44.400001525878906,42.5099983215332,44.36000061035156,40.056312561035156,1494400,CF,yfinance,2026-02-10T05:08:32.006375+00:00
2021-02-16,44.599998474121094,45.560001373291016,43.880001068115234,45.2400016784668,40.8509407043457,2338600,CF,yfinance,2026-02-10T05:08:32.006375+00:00
2021-02-17,44.88999938964844,45.45000076293945,44.09000015258789,45.060001373291016,40.68840408325195,1804700,CF,yfinance,2026-02-10T05:08:32.006375+00:00
2021-02-18,45.349998474121094,46.7400016784668,42.849998474121094,43.869998931884766,39.61385726928711,3421500,CF,yfinance,2026-02-10T05:08:32.006375+00:00
2021-02-19,44.4900016784668,45.849998474121094,44.06999969482422,45.7599983215332,41.32048034667969,2241400,CF,yfinance,2026-02-10T05:08:32.006375+00:00
2021-02-22,45.880001068115234,47.45000076293945,45.31999969482422,46.869998931884766,42.32279586791992,2543000,CF,yfinance,2026-02-10T05:08:32.006375+00:00
2021-02-23,46.86000061035156,47.0,44.709999084472656,46.75,42.21444320678711,1566900,CF,yfinance,2026-02-10T05:08:32.006375+00:00
2021-02-24,46.65999984741211,48.880001068115234,46.65999984741211,48.61000061035156,43.893985748291016,2143300,CF,yfinance,2026-02-10T05:08:32.006375+00:00
2021-02-25,48.58000183105469,48.599998474121094,46.27000045776367,46.65999984741211,42.1331672668457,1496700,CF,yfinance,2026-02-10T05:08:32.006375+00:00
2021-02-26,46.540000915527344,46.540000915527344,44.40999984741211,45.279998779296875,40.887046813964844,2101100,CF,yfinance,2026-02-10T05:08:32.006375+00:00
2021-03-01,46.09000015258789,46.959999084472656,45.650001525878906,45.900001525878906,41.446903228759766,1645700,CF,yfinance,2026-02-10T05:08:32.006375+00:00
2021-03-02,45.91999816894531,46.33000183105469,45.369998931884766,46.0099983215332,41.54622268676758,1868200,CF,yfinance,2026-02-10T05:08:32.006375+00:00
2021-03-03,46.16999816894531,47.810001373291016,46.16999816894531,46.91999816894531,42.367950439453125,2470600,CF,yfinance,2026-02-10T05:08:32.006375+00:00
2021-03-04,46.83000183105469,47.34000015258789,44.4900016784668,45.529998779296875,41.1128044128418,2910200,CF,yfinance,2026-02-10T05:08:32.006375+00:00
2021-03-05,46.15999984741211,47.209999084472656,43.939998626708984,47.119998931884766,42.54853439331055,2987800,CF,yfinance,2026-02-10T05:08:32.006375+00:00
2021-03-08,47.59000015258789,50.70000076293945,47.5,49.58000183105469,44.7698860168457,7132900,CF,yfinance,2026-02-10T05:08:32.006375+00:00
2021-03-09,49.470001220703125,49.810001373291016,48.11000061035156,48.130001068115234,43.4605598449707,2763200,CF,yfinance,2026-02-10T05:08:32.006375+00:00
2021-03-10,48.29999923706055,49.4900016784668,47.560001373291016,49.33000183105469,44.54413604736328,2093200,CF,yfinance,2026-02-10T05:08:32.006375+00:00
2021-03-11,50.41999816894531,51.029998779296875,49.75,50.540000915527344,45.63674545288086,2637400,CF,yfinance,2026-02-10T05:08:32.006375+00:00
2021-03-12,50.630001068115234,51.2400016784668,48.90999984741211,49.2599983215332,44.480926513671875,1698200,CF,yfinance,2026-02-10T05:08:32.006375+00:00
2021-03-15,49.560001373291016,50.939998626708984,49.15999984741211,50.880001068115234,45.943756103515625,1926900,CF,yfinance,2026-02-10T05:08:32.006375+00:00
2021-03-16,50.900001525878906,51.0,48.369998931884766,48.90999984741211,44.16488265991211,2225500,CF,yfinance,2026-02-10T05:08:32.006375+00:00
2021-03-17,48.45000076293945,50.099998474121094,48.400001525878906,50.08000183105469,45.221370697021484,1840100,CF,yfinance,2026-02-10T05:08:32.006375+00:00
2021-03-18,50.0,50.66999816894531,48.150001525878906,48.349998474121094,43.659217834472656,1915300,CF,yfinance,2026-02-10T05:08:32.006375+00:00
2021-03-19,48.13999938964844,48.83000183105469,46.5,48.16999816894531,43.49666976928711,4339600,CF,yfinance,2026-02-10T05:08:32.006375+00:00
2021-03-22,48.290000915527344,48.45000076293945,46.5099983215332,46.869998931884766,42.32279586791992,1747400,CF,yfinance,2026-02-10T05:08:32.006375+00:00
2021-03-23,46.0,46.400001525878906,44.38999938964844,44.790000915527344,40.44459915161133,2988900,CF,yfinance,2026-02-10T05:08:32.006375+00:00
2021-03-24,45.40999984741211,45.83000183105469,44.70000076293945,44.75,40.40848159790039,1634000,CF,yfinance,2026-02-10T05:08:32.006375+00:00
2021-03-25,44.27000045776367,45.4900016784668,43.369998931884766,45.189998626708984,40.8057861328125,1623600,CF,yfinance,2026-02-10T05:08:32.006375+00:00
2021-03-26,46.0,46.43000030517578,45.18000030517578,46.20000076293945,41.71779251098633,1446400,CF,yfinance,2026-02-10T05:08:32.006375+00:00
2021-03-29,46.0,47.459999084472656,45.91999816894531,45.970001220703125,41.5101203918457,1875000,CF,yfinance,2026-02-10T05:08:32.006375+00:00
2021-03-30,45.75,46.2400016784668,45.040000915527344,45.43000030517578,41.02250671386719,1579600,CF,yfinance,2026-02-10T05:08:32.006375+00:00
2021-03-31,45.29999923706055,46.029998779296875,43.91999816894531,45.380001068115234,40.977352142333984,3187500,CF,yfinance,2026-02-10T05:08:32.006375+00:00
2021-04-01,45.72999954223633,46.47999954223633,45.02000045776367,45.90999984741211,41.4559326171875,1854000,CF,yfinance,2026-02-10T05:08:32.006375+00:00
2021-04-05,46.70000076293945,46.81999969482422,44.9900016784668,45.41999816894531,41.013465881347656,1560800,CF,yfinance,2026-02-10T05:08:32.006375+00:00
2021-04-06,45.22999954223633,45.79999923706055,44.959999084472656,45.61000061035156,41.18504333496094,1650000,CF,yfinance,2026-02-10T05:08:32.006375+00:00
2021-04-07,45.880001068115234,46.22999954223633,45.25,46.08000183105469,41.60943603515625,1211200,CF,yfinance,2026-02-10T05:08:32.006375+00:00
2021-04-08,45.869998931884766,46.189998626708984,44.689998626708984,45.52000045776367,41.10376739501953,1925700,CF,yfinance,2026-02-10T05:08:32.006375+00:00
2021-04-09,45.52000045776367,46.220001220703125,45.5,46.0099983215332,41.54622268676758,1286400,CF,yfinance,2026-02-10T05:08:32.006375+00:00
2021-04-12,46.40999984741211,46.470001220703125,45.220001220703125,45.470001220703125,41.058624267578125,1541100,CF,yfinance,2026-02-10T05:08:32.006375+00:00
2021-04-13,45.36000061035156,45.599998474121094,44.31999969482422,45.20000076293945,40.814823150634766,1529600,CF,yfinance,2026-02-10T05:08:32.006375+00:00
2021-04-14,45.5,47.70000076293945,45.47999954223633,47.220001220703125,42.63883590698242,2449300,CF,yfinance,2026-02-10T05:08:32.006375+00:00
2021-04-15,47.61000061035156,47.88999938964844,46.70000076293945,47.369998931884766,42.77427673339844,1291700,CF,yfinance,2026-02-10T05:08:32.006375+00:00
2021-04-16,47.77000045776367,48.33000183105469,46.970001220703125,47.310001373291016,42.72011184692383,1304700,CF,yfinance,2026-02-10T05:08:32.006375+00:00
2021-04-19,47.5,47.77000045776367,46.470001220703125,46.90999984741211,42.35891342163086,1499000,CF,yfinance,2026-02-10T05:08:32.006375+00:00
2021-04-20,46.5,46.91999816894531,45.2599983215332,46.22999954223633,41.7448844909668,1992700,CF,yfinance,2026-02-10T05:08:32.006375+00:00
2021-04-21,46.20000076293945,47.790000915527344,45.5,47.709999084472656,43.0813102722168,1595400,CF,yfinance,2026-02-10T05:08:32.006375+00:00
2021-04-22,47.779998779296875,48.33000183105469,47.09000015258789,47.150001525878906,42.57563400268555,1972100,CF,yfinance,2026-02-10T05:08:32.006375+00:00
2021-04-23,47.2400016784668,47.84000015258789,46.77000045776367,47.31999969482422,42.7291374206543,1523800,CF,yfinance,2026-02-10T05:08:32.006375+00:00
2021-04-26,47.79999923706055,48.810001373291016,47.59000015258789,48.470001220703125,43.7675666809082,2089000,CF,yfinance,2026-02-10T05:08:32.006375+00:00
2021-04-27,48.470001220703125,49.439998626708984,47.84000015258789,48.9900016784668,44.23712921142578,1466000,CF,yfinance,2026-02-10T05:08:32.006375+00:00
2021-04-28,49.209999084472656,50.20000076293945,48.900001525878906,49.560001373291016,44.7518310546875,1639300,CF,yfinance,2026-02-10T05:08:32.006375+00:00
2021-04-29,50.34000015258789,50.459999084472656,49.11000061035156,49.630001068115234,44.81503677368164,1496900,CF,yfinance,2026-02-10T05:08:32.006375+00:00
2021-04-30,49.099998474121094,49.7400016784668,48.529998779296875,48.630001068115234,43.912044525146484,1087700,CF,yfinance,2026-02-10T05:08:32.006375+00:00
2021-05-03,49.15999984741211,50.189998626708984,49.099998474121094,49.61000061035156,44.79697036743164,1966300,CF,yfinance,2026-02-10T05:08:32.006375+00:00
2021-05-04,49.119998931884766,49.970001220703125,48.31999969482422,49.619998931884766,44.80599594116211,2210000,CF,yfinance,2026-02-10T05:08:32.006375+00:00
2021-05-05,49.970001220703125,50.720001220703125,49.439998626708984,50.08000183105469,45.221370697021484,1953200,CF,yfinance,2026-02-10T05:08:32.006375+00:00
2021-05-06,48.650001525878906,52.25,48.2400016784668,52.16999816894531,47.10859680175781,3593900,CF,yfinance,2026-02-10T05:08:32.006375+00:00
2021-05-07,52.83000183105469,55.209999084472656,52.459999084472656,55.099998474121094,49.75434112548828,3743700,CF,yfinance,2026-02-10T05:08:32.006375+00:00
2021-05-10,55.68000030517578,55.970001220703125,54.529998779296875,54.650001525878906,49.34800720214844,2904900,CF,yfinance,2026-02-10T05:08:32.006375+00:00
2021-05-11,53.70000076293945,55.689998626708984,52.88999938964844,54.369998931884766,49.095157623291016,2922900,CF,yfinance,2026-02-10T05:08:32.006375+00:00
2021-05-12,54.220001220703125,54.810001373291016,53.689998626708984,53.93000030517578,48.69785690307617,2369000,CF,yfinance,2026-02-10T05:08:32.006375+00:00
2021-05-13,54.0,54.810001373291016,52.68000030517578,53.56999969482422,48.37277603149414,2043500,CF,yfinance,2026-02-10T05:08:32.006375+00:00
2021-05-14,53.7599983215332,54.65999984741211,53.380001068115234,54.34000015258789,49.34440994262695,1450600,CF,yfinance,2026-02-10T05:08:32.006375+00:00
2021-05-17,54.0,54.90999984741211,53.720001220703125,54.61000061035156,49.589595794677734,2005800,CF,yfinance,2026-02-10T05:08:32.006375+00:00
2021-05-18,55.040000915527344,57.189998626708984,54.540000915527344,54.56999969482422,49.55326843261719,3714300,CF,yfinance,2026-02-10T05:08:32.006375+00:00
2021-05-19,53.619998931884766,53.790000915527344,52.2400016784668,52.95000076293945,48.08219909667969,2580300,CF,yfinance,2026-02-10T05:08:32.006375+00:00
2021-05-20,52.900001525878906,53.209999084472656,51.40999984741211,52.08000183105469,47.292179107666016,2670800,CF,yfinance,2026-02-10T05:08:32.006375+00:00
2021-05-21,52.77000045776367,53.380001068115234,52.279998779296875,52.33000183105469,47.51919937133789,1226800,CF,yfinance,2026-02-10T05:08:32.006375+00:00
2021-05-24,52.779998779296875,53.29999923706055,52.43000030517578,53.029998779296875,48.15484619140625,1222500,CF,yfinance,2026-02-10T05:08:32.006375+00:00
2021-05-25,53.130001068115234,54.2599983215332,51.7400016784668,51.790000915527344,47.028846740722656,2090500,CF,yfinance,2026-02-10T05:08:32.006375+00:00
2021-05-26,51.75,52.209999084472656,51.060001373291016,51.9900016784668,47.210453033447266,2081100,CF,yfinance,2026-02-10T05:08:32.006375+00:00
2021-05-27,52.56999969482422,53.099998474121094,52.5,52.83000183105469,47.973236083984375,2080100,CF,yfinance,2026-02-10T05:08:32.006375+00:00
2021-05-28,53.0,53.31999969482422,52.36000061035156,53.16999816894531,48.2819709777832,1271600,CF,yfinance,2026-02-10T05:08:32.006375+00:00
2021-06-01,54.189998626708984,55.279998779296875,54.0,55.189998626708984,50.116275787353516,2434300,CF,yfinance,2026-02-10T05:08:32.006375+00:00
2021-06-02,55.40999984741211,55.439998626708984,54.439998626708984,54.5099983215332,49.49878692626953,1294300,CF,yfinance,2026-02-10T05:08:32.006375+00:00
2021-06-03,54.08000183105469,55.06999969482422,53.619998931884766,55.02000045776367,49.96189498901367,1318700,CF,yfinance,2026-02-10T05:08:32.006375+00:00
2021-06-04,55.349998474121094,55.93000030517578,54.7400016784668,55.36000061035156,50.2706413269043,1323700,CF,yfinance,2026-02-10T05:08:32.006375+00:00
2021-06-07,56.25,56.58000183105469,55.2599983215332,55.54999923706055,50.44317626953125,1095000,CF,yfinance,2026-02-10T05:08:32.006375+00:00
2021-06-08,54.959999084472656,55.959999084472656,54.400001525878906,55.560001373291016,50.4522590637207,1336500,CF,yfinance,2026-02-10T05:08:32.006375+00:00
2021-06-09,55.59000015258789,55.689998626708984,54.40999984741211,55.5,50.39777755737305,1259200,CF,yfinance,2026-02-10T05:08:32.006375+00:00
2021-06-10,55.79999923706055,56.119998931884766,53.709999084472656,53.7400016784668,48.79957962036133,2016200,CF,yfinance,2026-02-10T05:08:32.006375+00:00
2021-06-11,54.20000076293945,54.88999938964844,53.459999084472656,53.79999923706055,48.85405731201172,1274400,CF,yfinance,2026-02-10T05:08:32.006375+00:00
2021-06-14,53.790000915527344,54.16999816894531,52.40999984741211,52.689998626708984,47.846099853515625,2180200,CF,yfinance,2026-02-10T05:08:32.006375+00:00
2021-06-15,52.970001220703125,53.59000015258789,52.060001373291016,53.4900016784668,48.57256317138672,1850800,CF,yfinance,2026-02-10T05:08:32.006375+00:00
2021-06-16,53.470001220703125,53.470001220703125,52.02000045776367,52.380001068115234,47.564598083496094,1884500,CF,yfinance,2026-02-10T05:08:32.006375+00:00
2021-06-17,52.08000183105469,52.20000076293945,48.9900016784668,50.0,45.40339660644531,4118500,CF,yfinance,2026-02-10T05:08:32.006375+00:00
2021-06-18,49.310001373291016,50.150001525878906,48.66999816894531,48.79999923706055,44.3137092590332,4299200,CF,yfinance,2026-02-10T05:08:32.006375+00:00
2021-06-21,49.79999923706055,52.34000015258789,49.720001220703125,51.41999816894531,46.69285583496094,3540700,CF,yfinance,2026-02-10T05:08:32.006375+00:00
2021-06-22,51.70000076293945,52.040000915527344,50.66999816894531,51.33000183105469,46.61112976074219,1840600,CF,yfinance,2026-02-10T05:08:32.006375+00:00
2021-06-23,51.61000061035156,52.2400016784668,51.040000915527344,51.09000015258789,46.393192291259766,1653300,CF,yfinance,2026-02-10T05:08:32.006375+00:00
2021-06-24,51.27000045776367,51.56999969482422,50.7400016784668,50.810001373291016,46.13893508911133,1781200,CF,yfinance,2026-02-10T05:08:32.006375+00:00
2021-06-25,51.2400016784668,51.90999984741211,50.939998626708984,51.33000183105469,46.61112976074219,2099300,CF,yfinance,2026-02-10T05:08:32.006375+00:00
2021-06-28,51.380001068115234,51.380001068115234,48.84000015258789,48.97999954223633,44.477169036865234,2380100,CF,yfinance,2026-02-10T05:08:32.006375+00:00
2021-06-29,49.529998779296875,50.31999969482422,48.790000915527344,49.189998626708984,44.66786575317383,1843600,CF,yfinance,2026-02-10T05:08:32.006375+00:00
2021-06-30,49.31999969482422,51.56999969482422,49.20000076293945,51.45000076293945,46.72010040283203,4119500,CF,yfinance,2026-02-10T05:08:32.006375+00:00
2021-07-01,53.849998474121094,54.540000915527344,52.04999923706055,52.41999816894531,47.600929260253906,2783700,CF,yfinance,2026-02-10T05:08:32.006375+00:00
2021-07-02,52.290000915527344,52.400001525878906,51.150001525878906,51.59000015258789,46.847225189208984,1512000,CF,yfinance,2026-02-10T05:08:32.006375+00:00
2021-07-06,51.65999984741211,51.65999984741211,49.220001220703125,49.84000015258789,45.25810623168945,2116900,CF,yfinance,2026-02-10T05:08:32.006375+00:00
2021-07-07,49.869998931884766,50.720001220703125,48.970001220703125,50.09000015258789,45.48513412475586,1559500,CF,yfinance,2026-02-10T05:08:32.006375+00:00
2021-07-08,49.08000183105469,50.47999954223633,48.34000015258789,49.650001525878906,45.085575103759766,1852200,CF,yfinance,2026-02-10T05:08:32.006375+00:00
2021-07-09,50.59000015258789,51.119998931884766,49.970001220703125,50.65999984741211,46.00273132324219,1269700,CF,yfinance,2026-02-10T05:08:32.006375+00:00
2021-07-12,49.88999938964844,50.95000076293945,49.5,50.599998474121094,45.9482307434082,1206400,CF,yfinance,2026-02-10T05:08:32.006375+00:00
2021-07-13,50.61000061035156,50.61000061035156,49.31999969482422,49.77000045776367,45.194541931152344,1162200,CF,yfinance,2026-02-10T05:08:32.006375+00:00
2021-07-14,49.86000061035156,50.560001373291016,49.290000915527344,49.59000015258789,45.031089782714844,946600,CF,yfinance,2026-02-10T05:08:32.006375+00:00
2021-07-15,49.060001373291016,49.91999816894531,48.68000030517578,49.040000915527344,44.531654357910156,918500,CF,yfinance,2026-02-10T05:08:32.006375+00:00
2021-07-16,49.150001525878906,49.630001068115234,46.77000045776367,47.15999984741211,42.82448959350586,2301300,CF,yfinance,2026-02-10T05:08:32.006375+00:00
2021-07-19,45.84000015258789,46.33000183105469,45.2400016784668,45.970001220703125,41.743892669677734,1732400,CF,yfinance,2026-02-10T05:08:32.006375+00:00
2021-07-20,46.18000030517578,47.540000915527344,45.75,46.95000076293945,42.633792877197266,1612800,CF,yfinance,2026-02-10T05:08:32.006375+00:00
2021-07-21,47.66999816894531,47.939998626708984,47.13999938964844,47.900001525878906,43.4964485168457,2347500,CF,yfinance,2026-02-10T05:08:32.006375+00:00
2021-07-22,47.47999954223633,47.599998474121094,46.560001373291016,47.220001220703125,42.878963470458984,1380100,CF,yfinance,2026-02-10T05:08:32.006375+00:00
2021-07-23,47.459999084472656,47.86000061035156,46.66999816894531,47.310001373291016,42.960693359375,1808600,CF,yfinance,2026-02-10T05:08:32.006375+00:00
2021-07-26,47.40999984741211,47.81999969482422,46.66999816894531,47.68000030517578,43.29668426513672,1824300,CF,yfinance,2026-02-10T05:08:32.006375+00:00
2021-07-27,47.04999923706055,47.900001525878906,46.04999923706055,47.369998931884766,43.01517868041992,2274600,CF,yfinance,2026-02-10T05:08:32.006375+00:00
2021-07-28,47.58000183105469,48.16999816894531,47.0099983215332,47.720001220703125,43.333011627197266,1442600,CF,yfinance,2026-02-10T05:08:32.006375+00:00
2021-07-29,48.369998931884766,48.38999938964844,47.369998931884766,47.630001068115234,43.251277923583984,1604800,CF,yfinance,2026-02-10T05:08:32.006375+00:00
2021-07-30,47.63999938964844,49.08000183105469,47.16999816894531,47.25,42.906211853027344,4314300,CF,yfinance,2026-02-10T05:08:32.006375+00:00
2021-08-02,47.459999084472656,47.75,45.90999984741211,45.959999084472656,41.73480224609375,2771900,CF,yfinance,2026-02-10T05:08:32.006375+00:00
2021-08-03,46.13999938964844,46.56999969482422,44.939998626708984,46.45000076293945,42.17976379394531,2851100,CF,yfinance,2026-02-10T05:08:32.006375+00:00
2021-08-04,46.15999984741211,46.58000183105469,44.91999816894531,45.04999923706055,40.90846252441406,2457600,CF,yfinance,2026-02-10T05:08:32.006375+00:00
2021-08-05,45.119998931884766,45.93000030517578,45.08000183105469,45.189998626708984,41.03559112548828,1755300,CF,yfinance,2026-02-10T05:08:32.006375+00:00
2021-08-06,45.77000045776367,46.349998474121094,45.5,46.189998626708984,41.94365692138672,2051500,CF,yfinance,2026-02-10T05:08:32.006375+00:00
2021-08-09,46.119998931884766,47.25,45.63999938964844,47.06999969482422,42.74276351928711,3726100,CF,yfinance,2026-02-10T05:08:32.006375+00:00
2021-08-10,46.380001068115234,48.7400016784668,46.29999923706055,47.81999969482422,43.42380905151367,3693800,CF,yfinance,2026-02-10T05:08:32.006375+00:00
2021-08-11,48.25,49.16999816894531,47.599998474121094,48.310001373291016,43.86876678466797,2404700,CF,yfinance,2026-02-10T05:08:32.006375+00:00
2021-08-12,48.16999816894531,49.439998626708984,47.04999923706055,49.029998779296875,44.522579193115234,2915500,CF,yfinance,2026-02-10T05:08:32.006375+00:00
2021-08-13,48.560001373291016,49.63999938964844,48.150001525878906,48.380001068115234,44.20280456542969,2316500,CF,yfinance,2026-02-10T05:08:32.006375+00:00
2021-08-16,47.540000915527344,47.65999984741211,46.13999938964844,46.38999938964844,42.38462448120117,1644200,CF,yfinance,2026-02-10T05:08:32.006375+00:00
2021-08-17,46.79999923706055,46.79999923706055,44.650001525878906,45.56999969482422,41.63540267944336,1720500,CF,yfinance,2026-02-10T05:08:32.006375+00:00
2021-08-18,45.90999984741211,47.0099983215332,45.59000015258789,45.77000045776367,41.81814956665039,1931800,CF,yfinance,2026-02-10T05:08:32.006375+00:00
2021-08-19,44.65999984741211,45.130001068115234,43.189998626708984,43.34000015258789,39.59796142578125,2490900,CF,yfinance,2026-02-10T05:08:32.006375+00:00
2021-08-20,43.529998779296875,44.939998626708984,43.529998779296875,44.470001220703125,40.630393981933594,2259500,CF,yfinance,2026-02-10T05:08:32.006375+00:00
2021-08-23,44.95000076293945,45.400001525878906,44.72999954223633,44.79999923706055,40.93190002441406,1393000,CF,yfinance,2026-02-10T05:08:32.006375+00:00
2021-08-24,45.0,46.0099983215332,45.0,45.11000061035156,41.21513366699219,1156400,CF,yfinance,2026-02-10T05:08:32.006375+00:00
2021-08-25,44.9900016784668,45.86000061035156,44.5,45.66999816894531,41.726783752441406,1359000,CF,yfinance,2026-02-10T05:08:32.006375+00:00
2021-08-26,45.45000076293945,45.79999923706055,44.34000015258789,44.52000045776367,40.67607116699219,1142400,CF,yfinance,2026-02-10T05:08:32.006375+00:00
2021-08-27,44.560001373291016,45.599998474121094,44.560001373291016,45.22999954223633,41.32476806640625,1729600,CF,yfinance,2026-02-10T05:08:32.006375+00:00
2021-08-30,45.63999938964844,45.63999938964844,44.400001525878906,44.810001373291016,40.9410285949707,984400,CF,yfinance,2026-02-10T05:08:32.006375+00:00
2021-08-31,44.72999954223633,45.79999923706055,44.68000030517578,45.41999816894531,41.49837112426758,1972500,CF,yfinance,2026-02-10T05:08:32.006375+00:00
2021-09-01,45.38999938964844,45.45000076293945,44.310001373291016,44.97999954223633,41.09635543823242,1785300,CF,yfinance,2026-02-10T05:08:32.006375+00:00
2021-09-02,44.9900016784668,46.09000015258789,44.9900016784668,45.959999084472656,41.991737365722656,2630900,CF,yfinance,2026-02-10T05:08:32.006375+00:00
2021-09-03,46.11000061035156,46.31999969482422,45.29999923706055,45.43000030517578,41.50749588012695,1268800,CF,yfinance,2026-02-10T05:08:32.006375+00:00
2021-09-07,45.290000915527344,46.290000915527344,45.08000183105469,46.16999816894531,42.18360900878906,1582900,CF,yfinance,2026-02-10T05:08:32.006375+00:00
2021-09-08,46.290000915527344,46.47999954223633,44.529998779296875,44.59000015258789,40.740028381347656,1778500,CF,yfinance,2026-02-10T05:08:32.006375+00:00
2021-09-09,44.119998931884766,45.779998779296875,44.040000915527344,45.400001525878906,41.48008728027344,2064500,CF,yfinance,2026-02-10T05:08:32.006375+00:00
2021-09-10,45.9900016784668,46.2400016784668,44.83000183105469,45.63999938964844,41.69936752319336,1649700,CF,yfinance,2026-02-10T05:08:32.006375+00:00
2021-09-13,46.0,46.54999923706055,45.52000045776367,46.40999984741211,42.40288543701172,1487500,CF,yfinance,2026-02-10T05:08:32.006375+00:00
2021-09-14,46.7400016784668,47.58000183105469,45.79999923706055,46.119998931884766,42.137916564941406,2349400,CF,yfinance,2026-02-10T05:08:32.006375+00:00
2021-09-15,46.40999984741211,48.65999984741211,46.310001373291016,48.439998626708984,44.25761032104492,3018300,CF,yfinance,2026-02-10T05:08:32.006375+00:00
2021-09-16,48.13999938964844,50.040000915527344,48.099998474121094,49.02000045776367,44.787532806396484,4543800,CF,yfinance,2026-02-10T05:08:32.006375+00:00
2021-09-17,49.04999923706055,49.7599983215332,48.54999923706055,49.099998474121094,44.860626220703125,5514600,CF,yfinance,2026-02-10T05:08:32.006375+00:00
2021-09-20,47.31999969482422,48.310001373291016,46.83000183105469,48.06999969482422,43.91956329345703,2440700,CF,yfinance,2026-02-10T05:08:32.006375+00:00
2021-09-21,48.619998931884766,49.470001220703125,47.84000015258789,48.9900016784668,44.7601318359375,2291600,CF,yfinance,2026-02-10T05:08:32.006375+00:00
2021-09-22,49.869998931884766,50.81999969482422,49.709999084472656,50.41999816894531,46.066646575927734,2061500,CF,yfinance,2026-02-10T05:08:32.006375+00:00
2021-09-23,51.400001525878906,53.54999923706055,51.31999969482422,53.4900016784668,48.8715934753418,4816500,CF,yfinance,2026-02-10T05:08:32.006375+00:00
2021-09-24,53.13999938964844,55.34000015258789,52.720001220703125,54.84000015258789,50.10502243041992,5578200,CF,yfinance,2026-02-10T05:08:32.006375+00:00
2021-09-27,55.70000076293945,57.099998474121094,55.36000061035156,56.09000015258789,51.24709701538086,4255200,CF,yfinance,2026-02-10T05:08:32.006375+00:00
2021-09-28,56.0,57.0099983215332,55.70000076293945,56.63999938964844,51.749610900878906,3526700,CF,yfinance,2026-02-10T05:08:32.006375+00:00
2021-09-29,56.79999923706055,56.79999923706055,55.83000183105469,56.52000045776367,51.63997268676758,2142800,CF,yfinance,2026-02-10T05:08:32.006375+00:00
2021-09-30,56.709999084472656,56.88999938964844,55.70000076293945,55.81999969482422,51.00041961669922,3671400,CF,yfinance,2026-02-10T05:08:32.006375+00:00
2021-10-01,56.709999084472656,61.2599983215332,56.709999084472656,61.13999938964844,55.86106491088867,7615500,CF,yfinance,2026-02-10T05:08:32.006375+00:00
2021-10-04,61.380001068115234,62.060001373291016,59.810001373291016,60.7400016784668,55.4956169128418,4170100,CF,yfinance,2026-02-10T05:08:32.006375+00:00
2021-10-05,61.02000045776367,61.61000061035156,59.84000015258789,60.43000030517578,55.21238327026367,4236500,CF,yfinance,2026-02-10T05:08:32.006375+00:00
2021-10-06,59.33000183105469,59.9900016784668,58.119998931884766,59.849998474121094,54.68246078491211,4244200,CF,yfinance,2026-02-10T05:08:32.006375+00:00
2021-10-07,59.97999954223633,61.65999984741211,59.939998626708984,60.65999984741211,55.42251968383789,4388700,CF,yfinance,2026-02-10T05:08:32.006375+00:00
2021-10-08,60.86000061035156,61.310001373291016,60.18000030517578,61.060001373291016,55.78797912597656,2126700,CF,yfinance,2026-02-10T05:08:32.006375+00:00
2021-10-11,62.33000183105469,63.400001525878906,61.810001373291016,62.13999938964844,56.77473068237305,2980900,CF,yfinance,2026-02-10T05:08:32.006375+00:00
2021-10-12,61.97999954223633,62.88999938964844,60.630001068115234,60.900001525878906,55.64180374145508,3146900,CF,yfinance,2026-02-10T05:08:32.006375+00:00
2021-10-13,60.7599983215332,61.13999938964844,59.93000030517578,60.349998474121094,55.13928985595703,2369500,CF,yfinance,2026-02-10T05:08:32.006375+00:00
2021-10-14,61.13999938964844,61.36000061035156,59.709999084472656,60.540000915527344,55.31287384033203,2267100,CF,yfinance,2026-02-10T05:08:32.006375+00:00
2021-10-15,61.209999084472656,61.209999084472656,58.970001220703125,59.0,53.90584182739258,3146600,CF,yfinance,2026-02-10T05:08:32.006375+00:00
2021-10-18,58.7599983215332,61.20000076293945,58.58000183105469,60.970001220703125,55.70576095581055,3569800,CF,yfinance,2026-02-10T05:08:32.006375+00:00
2021-10-19,61.040000915527344,61.11000061035156,59.83000183105469,60.560001373291016,55.33115768432617,3152900,CF,yfinance,2026-02-10T05:08:32.006375+00:00
2021-10-20,60.560001373291016,62.439998626708984,59.810001373291016,60.41999816894531,55.20323944091797,2567600,CF,yfinance,2026-02-10T05:08:32.006375+00:00
2021-10-21,60.029998779296875,60.540000915527344,59.2400016784668,59.9900016784668,54.81037139892578,2576000,CF,yfinance,2026-02-10T05:08:32.006375+00:00
2021-10-22,60.29999923706055,61.09000015258789,59.63999938964844,59.66999816894531,54.51799392700195,1451700,CF,yfinance,2026-02-10T05:08:32.006375+00:00
2021-10-25,60.43000030517578,61.25,58.95000076293945,59.130001068115234,54.02462387084961,1905600,CF,yfinance,2026-02-10T05:08:32.006375+00:00
2021-10-26,59.20000076293945,59.20000076293945,57.9900016784668,58.540000915527344,53.48556137084961,2178400,CF,yfinance,2026-02-10T05:08:32.006375+00:00
2021-10-27,58.20000076293945,58.349998474121094,56.380001068115234,56.7400016784668,51.84097671508789,3701800,CF,yfinance,2026-02-10T05:08:32.006375+00:00
2021-10-28,57.2400016784668,58.09000015258789,56.7599983215332,57.56999969482422,52.59931564331055,1523200,CF,yfinance,2026-02-10T05:08:32.006375+00:00
2021-10-29,57.220001220703125,57.459999084472656,56.29999923706055,56.79999923706055,51.895790100097656,3624700,CF,yfinance,2026-02-10T05:08:32.006375+00:00
2021-11-01,57.06999969482422,58.41999816894531,57.029998779296875,57.59000015258789,52.61758804321289,1699700,CF,yfinance,2026-02-10T05:08:32.006375+00:00
2021-11-02,57.040000915527344,57.470001220703125,55.650001525878906,56.40999984741211,51.53947067260742,3371400,CF,yfinance,2026-02-10T05:08:32.006375+00:00
2021-11-03,56.40999984741211,58.560001373291016,55.290000915527344,58.11000061035156,53.092689514160156,3941900,CF,yfinance,2026-02-10T05:08:32.006375+00:00
2021-11-04,58.779998779296875,60.83000183105469,57.97999954223633,58.5,53.449012756347656,2958600,CF,yfinance,2026-02-10T05:08:32.006375+00:00
2021-11-05,58.400001525878906,59.79999923706055,58.380001068115234,59.20000076293945,54.08857727050781,2415000,CF,yfinance,2026-02-10T05:08:32.006375+00:00
2021-11-08,60.11000061035156,63.349998474121094,59.900001525878906,62.540000915527344,57.140201568603516,3991100,CF,yfinance,2026-02-10T05:08:32.006375+00:00
2021-11-09,62.400001525878906,63.41999816894531,61.34000015258789,63.220001220703125,57.7614860534668,2239700,CF,yfinance,2026-02-10T05:08:32.006375+00:00
2021-11-10,62.81999969482422,64.66999816894531,62.25,62.970001220703125,57.5330696105957,3615600,CF,yfinance,2026-02-10T05:08:32.006375+00:00
2021-11-11,63.5,64.16000366210938,63.380001068115234,63.79999923706055,58.29140853881836,2068700,CF,yfinance,2026-02-10T05:08:32.006375+00:00
2021-11-12,63.470001220703125,65.52999877929688,63.400001525878906,64.56999969482422,59.273643493652344,2275900,CF,yfinance,2026-02-10T05:08:32.006375+00:00
2021-11-15,64.58000183105469,65.58000183105469,63.470001220703125,65.55000305175781,60.17325210571289,2744000,CF,yfinance,2026-02-10T05:08:32.006375+00:00
2021-11-16,65.37999725341797,65.83000183105469,64.11000061035156,65.4800033569336,60.1089973449707,3412900,CF,yfinance,2026-02-10T05:08:32.006375+00:00
2021-11-17,65.62000274658203,66.72000122070312,65.11000061035156,65.27999877929688,59.92539978027344,3280800,CF,yfinance,2026-02-10T05:08:32.006375+00:00
2021-11-18,65.91000366210938,68.08999633789062,65.41000366210938,67.56999969482422,62.02755355834961,5345600,CF,yfinance,2026-02-10T05:08:32.006375+00:00
2021-11-19,66.44999694824219,66.5,65.05999755859375,65.19000244140625,59.8427848815918,2867600,CF,yfinance,2026-02-10T05:08:32.006375+00:00
2021-11-22,65.69999694824219,66.08000183105469,64.9000015258789,65.01000213623047,59.67755126953125,2349300,CF,yfinance,2026-02-10T05:08:32.006375+00:00
2021-11-23,65.2699966430664,66.26000213623047,64.08999633789062,65.23999786376953,59.888675689697266,2368800,CF,yfinance,2026-02-10T05:08:32.006375+00:00
2021-11-24,64.62999725341797,65.73999786376953,64.4800033569336,65.13999938964844,59.796878814697266,1138800,CF,yfinance,2026-02-10T05:08:32.006375+00:00
2021-11-26,63.0099983215332,63.599998474121094,62.029998779296875,62.79999923706055,57.6488151550293,1396100,CF,yfinance,2026-02-10T05:08:32.006375+00:00
2021-11-29,64.30000305175781,64.81999969482422,62.209999084472656,62.959999084472656,57.79569625854492,2443900,CF,yfinance,2026-02-10T05:08:32.006375+00:00
2021-11-30,62.310001373291016,63.38999938964844,60.31999969482422,60.59000015258789,55.6201057434082,3416800,CF,yfinance,2026-02-10T05:08:32.006375+00:00
2021-12-01,62.16999816894531,62.599998474121094,57.25,57.290000915527344,52.590789794921875,3835100,CF,yfinance,2026-02-10T05:08:32.006375+00:00
2021-12-02,57.70000076293945,59.70000076293945,57.70000076293945,59.29999923706055,54.435909271240234,2226900,CF,yfinance,2026-02-10T05:08:32.006375+00:00
2021-12-03,59.77000045776367,60.68000030517578,58.5099983215332,59.209999084472656,54.353294372558594,3344300,CF,yfinance,2026-02-10T05:08:32.006375+00:00
2021-12-06,59.900001525878906,60.130001068115234,58.459999084472656,58.91999816894531,54.08708190917969,2034800,CF,yfinance,2026-02-10T05:08:32.006375+00:00
2021-12-07,59.880001068115234,61.13999938964844,59.810001373291016,60.02000045776367,55.09685134887695,2432700,CF,yfinance,2026-02-10T05:08:32.006375+00:00
2021-12-08,60.47999954223633,60.9900016784668,59.880001068115234,60.099998474121094,55.1702880859375,1855500,CF,yfinance,2026-02-10T05:08:32.006375+00:00
2021-12-09,59.40999984741211,59.91999816894531,58.459999084472656,58.52000045776367,53.719886779785156,1990000,CF,yfinance,2026-02-10T05:08:32.006375+00:00
2021-12-10,61.15999984741211,62.47999954223633,59.86000061035156,61.16999816894531,56.152523040771484,2990900,CF,yfinance,2026-02-10T05:08:32.006375+00:00
2021-12-13,60.95000076293945,61.540000915527344,60.150001525878906,61.220001220703125,56.198429107666016,2157200,CF,yfinance,2026-02-10T05:08:32.006375+00:00
2021-12-14,60.91999816894531,62.70000076293945,60.63999938964844,62.2400016784668,57.134769439697266,3464700,CF,yfinance,2026-02-10T05:08:32.006375+00:00
2021-12-15,62.06999969482422,63.880001068115234,60.88999938964844,63.560001373291016,58.34648895263672,3064300,CF,yfinance,2026-02-10T05:08:32.006375+00:00
2021-12-16,63.880001068115234,66.0999984741211,63.880001068115234,64.30999755859375,59.034969329833984,2919100,CF,yfinance,2026-02-10T05:08:32.006375+00:00
2021-12-17,64.62000274658203,66.0,64.0,64.80999755859375,59.493953704833984,6094500,CF,yfinance,2026-02-10T05:08:32.006375+00:00
2021-12-20,63.790000915527344,64.27999877929688,62.189998626708984,64.13999938964844,58.87891387939453,2464600,CF,yfinance,2026-02-10T05:08:32.006375+00:00
2021-12-21,65.0199966430664,68.94000244140625,64.94000244140625,68.58999633789062,62.96389389038086,3728600,CF,yfinance,2026-02-10T05:08:32.006375+00:00
2021-12-22,68.54000091552734,71.73999786376953,68.52999877929688,71.7300033569336,65.84634399414062,3451500,CF,yfinance,2026-02-10T05:08:32.006375+00:00
2021-12-23,71.5999984741211,72.94999694824219,70.41000366210938,72.30000305175781,66.36959075927734,2760000,CF,yfinance,2026-02-10T05:08:32.006375+00:00
2021-12-27,72.5,73.88999938964844,71.06999969482422,73.86000061035156,67.80165100097656,2191600,CF,yfinance,2026-02-10T05:08:32.006375+00:00
2021-12-28,73.72000122070312,74.7699966430664,73.44000244140625,74.31999969482422,68.22388458251953,1470800,CF,yfinance,2026-02-10T05:08:32.006375+00:00
2021-12-29,73.87999725341797,74.62000274658203,73.31999969482422,73.76000213623047,67.70982360839844,1824000,CF,yfinance,2026-02-10T05:08:32.006375+00:00
2021-12-30,73.45999908447266,73.68000030517578,71.7300033569336,71.87999725341797,65.98404693603516,1915500,CF,yfinance,2026-02-10T05:08:32.006375+00:00
2021-12-31,71.70999908447266,71.75,70.0999984741211,70.77999877929688,64.9742660522461,2251000,CF,yfinance,2026-02-10T05:08:32.006375+00:00
2022-01-03,71.54000091552734,72.30999755859375,70.08999633789062,70.58999633789062,64.79984283447266,2637600,CF,yfinance,2026-02-10T05:08:32.006375+00:00
2022-01-04,71.3499984741211,72.19999694824219,70.55000305175781,71.12999725341797,65.29558563232422,2867300,CF,yfinance,2026-02-10T05:08:32.006375+00:00
2022-01-05,72.19000244140625,72.27999877929688,68.91999816894531,68.97000122070312,63.31272506713867,3275000,CF,yfinance,2026-02-10T05:08:32.006375+00:00
2022-01-06,69.41999816894531,69.77999877929688,66.66000366210938,69.23999786376953,63.560569763183594,2915100,CF,yfinance,2026-02-10T05:08:32.006375+00:00
2022-01-07,69.25,70.18000030517578,68.97000122070312,69.13999938964844,63.46877670288086,1763600,CF,yfinance,2026-02-10T05:08:32.006375+00:00
2022-01-10,68.43000030517578,68.58000183105469,65.81999969482422,67.47000122070312,61.935760498046875,2573100,CF,yfinance,2026-02-10T05:08:32.006375+00:00
2022-01-11,67.52999877929688,69.55000305175781,66.68000030517578,69.16000366210938,63.48716354370117,2226200,CF,yfinance,2026-02-10T05:08:32.006375+00:00
2022-01-12,69.98999786376953,70.80999755859375,67.48999786376953,67.9000015258789,62.33049392700195,3185100,CF,yfinance,2026-02-10T05:08:32.006375+00:00
2022-01-13,66.94000244140625,67.97000122070312,65.5,65.58000183105469,60.200801849365234,2951700,CF,yfinance,2026-02-10T05:08:32.006375+00:00
2022-01-14,64.7300033569336,66.83000183105469,63.81999969482422,66.44000244140625,60.990264892578125,2966000,CF,yfinance,2026-02-10T05:08:32.006375+00:00
2022-01-18,66.4800033569336,68.4800033569336,66.29000091552734,68.25,62.651790618896484,3112400,CF,yfinance,2026-02-10T05:08:32.006375+00:00
2022-01-19,68.4800033569336,69.36000061035156,66.75,66.9000015258789,61.41251754760742,3702700,CF,yfinance,2026-02-10T05:08:32.006375+00:00
2022-01-20,67.13999938964844,67.45999908447266,64.25,64.30000305175781,59.02579116821289,2790100,CF,yfinance,2026-02-10T05:08:32.006375+00:00
2022-01-21,64.2300033569336,67.12999725341797,63.099998474121094,66.0,60.58635330200195,7154000,CF,yfinance,2026-02-10T05:08:32.006375+00:00
2022-01-24,65.0,69.43000030517578,64.87000274658203,68.36000061035156,62.75277328491211,7000200,CF,yfinance,2026-02-10T05:08:32.006375+00:00
2022-01-25,68.01000213623047,72.25,66.16000366210938,71.45999908447266,65.59849548339844,6337200,CF,yfinance,2026-02-10T05:08:32.006375+00:00
2022-01-26,71.37999725341797,72.47000122070312,66.80999755859375,67.80000305175781,62.23869705200195,4869300,CF,yfinance,2026-02-10T05:08:32.006375+00:00
2022-01-27,68.63999938964844,70.5199966430664,67.05999755859375,68.37999725341797,62.7711181640625,3826900,CF,yfinance,2026-02-10T05:08:32.006375+00:00
2022-01-28,68.62999725341797,71.13999938964844,68.3499984741211,71.0999984741211,65.26800537109375,3461200,CF,yfinance,2026-02-10T05:08:32.006375+00:00
2022-01-31,70.5,70.63999938964844,67.80000305175781,68.87000274658203,63.22093963623047,2978100,CF,yfinance,2026-02-10T05:08:32.006375+00:00
2022-02-01,69.81999969482422,74.7300033569336,69.4000015258789,74.45999908447266,68.35240173339844,5439600,CF,yfinance,2026-02-10T05:08:32.006375+00:00
2022-02-02,73.94000244140625,75.80999755859375,71.69999694824219,74.55999755859375,68.4441909790039,4016200,CF,yfinance,2026-02-10T05:08:32.006375+00:00
2022-02-03,73.87999725341797,74.58000183105469,72.63999938964844,73.5999984741211,67.56295776367188,3507900,CF,yfinance,2026-02-10T05:08:32.006375+00:00
2022-02-04,73.43000030517578,75.79000091552734,73.0,75.05999755859375,68.90318298339844,3544800,CF,yfinance,2026-02-10T05:08:32.006375+00:00
2022-02-07,74.95999908447266,75.9800033569336,71.76000213623047,72.45999908447266,66.5164566040039,3568800,CF,yfinance,2026-02-10T05:08:32.006375+00:00
2022-02-08,72.43000030517578,73.30999755859375,70.5199966430664,73.2300033569336,67.22331237792969,2121600,CF,yfinance,2026-02-10T05:08:32.006375+00:00
2022-02-09,74.0,74.51000213623047,72.66999816894531,73.04000091552734,67.04888916015625,1849800,CF,yfinance,2026-02-10T05:08:32.006375+00:00
2022-02-10,72.47000122070312,76.43000030517578,71.61000061035156,73.76000213623047,67.70982360839844,4033000,CF,yfinance,2026-02-10T05:08:32.006375+00:00
2022-02-11,73.63999938964844,77.23999786376953,72.27999877929688,76.73999786376953,70.44538879394531,4717700,CF,yfinance,2026-02-10T05:08:32.006375+00:00
2022-02-14,75.48999786376953,75.62999725341797,69.2699966430664,71.45999908447266,65.85594177246094,5943100,CF,yfinance,2026-02-10T05:08:32.006375+00:00
2022-02-15,70.44999694824219,72.81999969482422,66.94999694824219,72.22000122070312,66.55632781982422,4017500,CF,yfinance,2026-02-10T05:08:32.006375+00:00
2022-02-16,69.12000274658203,75.80000305175781,68.87000274658203,74.41999816894531,68.58380889892578,5741900,CF,yfinance,2026-02-10T05:08:32.006375+00:00
2022-02-17,73.75,77.2699966430664,73.5,76.19000244140625,70.21500396728516,4559500,CF,yfinance,2026-02-10T05:08:32.006375+00:00
2022-02-18,76.05000305175781,76.66000366210938,72.54000091552734,73.2699966430664,67.52399444580078,3062100,CF,yfinance,2026-02-10T05:08:32.006375+00:00
2022-02-22,75.83999633789062,76.79000091552734,72.7300033569336,73.83000183105469,68.04008483886719,4612600,CF,yfinance,2026-02-10T05:08:32.006375+00:00
2022-02-23,73.41999816894531,75.62999725341797,73.41999816894531,74.4800033569336,68.63909912109375,3430300,CF,yfinance,2026-02-10T05:08:32.006375+00:00
2022-02-24,77.08000183105469,79.80999755859375,75.69000244140625,78.55999755859375,72.39913940429688,6971200,CF,yfinance,2026-02-10T05:08:32.006375+00:00
2022-02-25,78.08000183105469,79.80999755859375,75.29000091552734,79.5,73.26543426513672,4681100,CF,yfinance,2026-02-10T05:08:32.006375+00:00
2022-02-28,80.16999816894531,81.22000122070312,79.29000091552734,81.19000244140625,74.82289123535156,6488200,CF,yfinance,2026-02-10T05:08:32.006375+00:00
2022-03-01,81.95999908447266,84.69999694824219,80.9800033569336,82.3499984741211,75.89192962646484,4542900,CF,yfinance,2026-02-10T05:08:32.006375+00:00
2022-03-02,84.0,86.41999816894531,83.18000030517578,84.69000244140625,78.04841613769531,4422500,CF,yfinance,2026-02-10T05:08:32.006375+00:00
2022-03-03,85.12999725341797,87.98999786376953,84.19999694824219,87.0999984741211,80.2694091796875,5754200,CF,yfinance,2026-02-10T05:08:32.006375+00:00
2022-03-04,86.81999969482422,91.88999938964844,86.48999786376953,91.25,84.09394836425781,8087700,CF,yfinance,2026-02-10T05:08:32.006375+00:00
2022-03-07,92.0199966430664,100.5199966430664,91.95999908447266,95.69000244140625,88.18576049804688,9925200,CF,yfinance,2026-02-10T05:08:32.006375+00:00
2022-03-08,92.91999816894531,100.27999877929688,91.05000305175781,93.27999877929688,85.96475219726562,8582500,CF,yfinance,2026-02-10T05:08:32.006375+00:00
2022-03-09,89.5,92.4800033569336,84.69999694824219,92.33999633789062,85.09847259521484,7765300,CF,yfinance,2026-02-10T05:08:32.006375+00:00
2022-03-10,94.31999969482422,99.62000274658203,93.13999938964844,97.25,89.62342071533203,7326200,CF,yfinance,2026-02-10T05:08:32.006375+00:00
2022-03-11,93.25,98.06999969482422,93.25,96.05000305175781,88.51753997802734,3663900,CF,yfinance,2026-02-10T05:08:32.006375+00:00
2022-03-14,96.05000305175781,96.37000274658203,91.5,94.93000030517578,87.48536682128906,3781100,CF,yfinance,2026-02-10T05:08:32.006375+00:00
2022-03-15,93.41000366210938,95.12999725341797,88.66000366210938,94.86000061035156,87.42086029052734,5288800,CF,yfinance,2026-02-10T05:08:32.006375+00:00
2022-03-16,95.0,96.5,86.2300033569336,88.16000366210938,81.24629211425781,7324300,CF,yfinance,2026-02-10T05:08:32.006375+00:00
2022-03-17,90.44999694824219,92.29000091552734,88.6500015258789,92.20999908447266,84.97866821289062,5448500,CF,yfinance,2026-02-10T05:08:32.006375+00:00
2022-03-18,93.29000091552734,95.54000091552734,92.69000244140625,95.25,87.78025817871094,9451700,CF,yfinance,2026-02-10T05:08:32.006375+00:00
2022-03-21,98.58000183105469,102.5999984741211,97.66000366210938,101.30999755859375,93.36502075195312,5205300,CF,yfinance,2026-02-10T05:08:32.006375+00:00
2022-03-22,101.77999877929688,103.16999816894531,98.5,100.0,92.15775299072266,3603100,CF,yfinance,2026-02-10T05:08:32.006375+00:00
2022-03-23,101.73999786376953,104.88999938964844,100.91999816894531,103.58999633789062,95.46623229980469,4220800,CF,yfinance,2026-02-10T05:08:32.006375+00:00
2022-03-24,104.29000091552734,107.80999755859375,103.56999969482422,106.4000015258789,98.05587005615234,4466100,CF,yfinance,2026-02-10T05:08:32.006375+00:00
2022-03-25,106.5,109.80000305175781,106.33000183105469,109.5199966430664,100.93119049072266,3602200,CF,yfinance,2026-02-10T05:08:32.006375+00:00
2022-03-28,106.45999908447266,107.19000244140625,103.04000091552734,105.12000274658203,96.87623596191406,3602200,CF,yfinance,2026-02-10T05:08:32.006375+00:00
2022-03-29,96.23999786376953,100.01000213623047,89.02999877929688,99.77999877929688,91.95500946044922,7748900,CF,yfinance,2026-02-10T05:08:32.006375+00:00
2022-03-30,102.12999725341797,105.19000244140625,100.5199966430664,101.01000213623047,93.08856201171875,2952700,CF,yfinance,2026-02-10T05:08:32.006375+00:00
2022-03-31,101.0,106.5,100.69999694824219,103.05999755859375,94.97779083251953,4350000,CF,yfinance,2026-02-10T05:08:32.006375+00:00
2022-04-01,102.06999969482422,104.98999786376953,97.9000015258789,99.79000091552734,91.96424102783203,3943700,CF,yfinance,2026-02-10T05:08:32.006375+00:00
2022-04-04,102.44999694824219,102.87000274658203,99.81999969482422,101.73999786376953,93.76130676269531,3365300,CF,yfinance,2026-02-10T05:08:32.006375+00:00
2022-04-05,102.81999969482422,104.9800033569336,101.95999908447266,102.7699966430664,94.71052551269531,3040900,CF,yfinance,2026-02-10T05:08:32.006375+00:00
2022-04-06,104.38999938964844,109.69000244140625,102.04000091552734,102.38999938964844,94.36033630371094,4766200,CF,yfinance,2026-02-10T05:08:32.006375+00:00
2022-04-07,103.0,106.19000244140625,102.94000244140625,105.20999908447266,96.95917510986328,2840600,CF,yfinance,2026-02-10T05:08:32.006375+00:00
2022-04-08,107.30999755859375,110.4000015258789,105.33999633789062,108.20999908447266,99.7238998413086,3849400,CF,yfinance,2026-02-10T05:08:32.006375+00:00
2022-04-11,108.0,108.16000366210938,104.0199966430664,107.05000305175781,98.65487670898438,2656700,CF,yfinance,2026-02-10T05:08:32.006375+00:00
2022-04-12,108.44999694824219,110.8499984741211,107.30000305175781,109.81999969482422,101.20764923095703,3141900,CF,yfinance,2026-02-10T05:08:32.006375+00:00
2022-04-13,112.16999816894531,113.48999786376953,105.12000274658203,109.01000213623047,100.461181640625,3211700,CF,yfinance,2026-02-10T05:08:32.006375+00:00
2022-04-14,107.43000030517578,110.4000015258789,106.66000366210938,108.41000366210938,99.9082260131836,3082800,CF,yfinance,2026-02-10T05:08:32.006375+00:00
2022-04-18,108.29000091552734,111.68000030517578,106.66000366210938,110.02999877929688,101.40117645263672,2700300,CF,yfinance,2026-02-10T05:08:32.006375+00:00
2022-04-19,109.8499984741211,110.5999984741211,105.55999755859375,107.0,98.6087875366211,3646700,CF,yfinance,2026-02-10T05:08:32.006375+00:00
2022-04-20,105.98999786376953,107.30999755859375,101.83000183105469,106.13999938964844,97.8162612915039,3175900,CF,yfinance,2026-02-10T05:08:32.006375+00:00
2022-04-21,106.23999786376953,106.23999786376953,98.80000305175781,99.36000061035156,91.56796264648438,3313600,CF,yfinance,2026-02-10T05:08:32.006375+00:00
2022-04-22,99.12000274658203,102.08000183105469,96.33000183105469,96.94000244140625,89.33773803710938,3684000,CF,yfinance,2026-02-10T05:08:32.006375+00:00
2022-04-25,94.7300033569336,95.80000305175781,90.2699966430664,94.44999694824219,87.04299926757812,5061500,CF,yfinance,2026-02-10T05:08:32.006375+00:00
2022-04-26,96.41999816894531,98.88999938964844,92.75,95.0,87.54987335205078,4388100,CF,yfinance,2026-02-10T05:08:32.006375+00:00
2022-04-27,95.91000366210938,97.87999725341797,92.72000122070312,97.11000061035156,89.49439239501953,2378200,CF,yfinance,2026-02-10T05:08:32.006375+00:00
2022-04-28,97.19000244140625,99.22000122070312,94.94999694824219,98.54000091552734,90.8122787475586,1976600,CF,yfinance,2026-02-10T05:08:32.006375+00:00
2022-04-29,99.58000183105469,100.9000015258789,96.41000366210938,96.83000183105469,89.23635864257812,2980500,CF,yfinance,2026-02-10T05:08:32.006375+00:00
2022-05-02,96.26000213623047,98.79000091552734,94.83999633789062,96.44000244140625,88.87693786621094,2795400,CF,yfinance,2026-02-10T05:08:32.006375+00:00
2022-05-03,95.8499984741211,102.30999755859375,95.31999969482422,100.66000366210938,92.76602172851562,2763700,CF,yfinance,2026-02-10T05:08:32.006375+00:00
2022-05-04,101.95999908447266,102.30000305175781,98.36000061035156,102.02999877929688,94.02857208251953,2864900,CF,yfinance,2026-02-10T05:08:32.006375+00:00
2022-05-05,102.55999755859375,106.68000030517578,97.01000213623047,100.29000091552734,92.42501831054688,3735300,CF,yfinance,2026-02-10T05:08:32.006375+00:00
2022-05-06,100.36000061035156,100.83999633789062,95.83999633789062,99.81999969482422,91.99188232421875,2944900,CF,yfinance,2026-02-10T05:08:32.006375+00:00
2022-05-09,97.01000213623047,97.30999755859375,90.05999755859375,90.87999725341797,83.75297546386719,3551000,CF,yfinance,2026-02-10T05:08:32.006375+00:00
2022-05-10,93.20999908447266,95.51000213623047,90.30999755859375,93.3499984741211,86.02928161621094,2770400,CF,yfinance,2026-02-10T05:08:32.006375+00:00
2022-05-11,94.76000213623047,98.04000091552734,93.25,95.58999633789062,88.0936050415039,3358300,CF,yfinance,2026-02-10T05:08:32.006375+00:00
2022-05-12,95.83000183105469,99.12999725341797,93.29000091552734,98.62999725341797,90.89520263671875,2826600,CF,yfinance,2026-02-10T05:08:32.006375+00:00
2022-05-13,100.83000183105469,106.44999694824219,100.55000305175781,103.86000061035156,96.10481262207031,3517600,CF,yfinance,2026-02-10T05:08:32.006375+00:00
2022-05-16,106.11000061035156,110.36000061035156,105.36000061035156,107.01000213623047,99.01959991455078,3192200,CF,yfinance,2026-02-10T05:08:32.006375+00:00
2022-05-17,108.9000015258789,109.5,102.62999725341797,108.44999694824219,100.35208892822266,3082200,CF,yfinance,2026-02-10T05:08:32.006375+00:00
2022-05-18,107.83000183105469,108.5,99.41999816894531,101.61000061035156,94.02283477783203,3940100,CF,yfinance,2026-02-10T05:08:32.006375+00:00
2022-05-19,100.19000244140625,102.38999938964844,97.55999755859375,100.3499984741211,92.85690307617188,3020700,CF,yfinance,2026-02-10T05:08:32.006375+00:00
2022-05-20,101.66999816894531,102.23999786376953,92.68000030517578,95.79000091552734,88.63739776611328,3684400,CF,yfinance,2026-02-10T05:08:32.006375+00:00
2022-05-23,96.56999969482422,101.66999816894531,96.23999786376953,101.08999633789062,93.54163360595703,2593400,CF,yfinance,2026-02-10T05:08:32.006375+00:00
2022-05-24,100.0,100.9800033569336,98.2699966430664,100.12000274658203,92.64407348632812,2294600,CF,yfinance,2026-02-10T05:08:32.006375+00:00
2022-05-25,98.94000244140625,102.2300033569336,98.54000091552734,100.56999969482422,93.06047821044922,2267000,CF,yfinance,2026-02-10T05:08:32.006375+00:00
2022-05-26,99.73999786376953,100.48999786376953,95.11000061035156,96.70999908447266,89.48870086669922,3553000,CF,yfinance,2026-02-10T05:08:32.006375+00:00
2022-05-27,95.94999694824219,95.94999694824219,92.12999725341797,95.72000122070312,88.5726089477539,4033400,CF,yfinance,2026-02-10T05:08:32.006375+00:00
2022-05-31,97.69999694824219,101.70999908447266,96.83999633789062,98.7699966430664,91.3948745727539,6283200,CF,yfinance,2026-02-10T05:08:32.006375+00:00
2022-06-01,98.93000030517578,99.5,94.13999938964844,95.51000213623047,88.37831115722656,2877400,CF,yfinance,2026-02-10T05:08:32.006375+00:00
2022-06-02,95.56999969482422,98.83999633789062,94.88999938964844,97.51000213623047,90.2289810180664,2145500,CF,yfinance,2026-02-10T05:08:32.006375+00:00
2022-06-03,96.72000122070312,97.05999755859375,94.06999969482422,95.86000061035156,88.70215606689453,1980900,CF,yfinance,2026-02-10T05:08:32.006375+00:00
2022-06-06,96.75,97.06999969482422,93.43000030517578,94.30999755859375,87.26789093017578,2877100,CF,yfinance,2026-02-10T05:08:32.006375+00:00
2022-06-07,93.30000305175781,94.12000274658203,91.95999908447266,92.4000015258789,85.50052642822266,3898300,CF,yfinance,2026-02-10T05:08:32.006375+00:00
2022-06-08,90.0,93.47000122070312,88.4800033569336,89.83999633789062,83.13167572021484,4520400,CF,yfinance,2026-02-10T05:08:32.006375+00:00
2022-06-09,89.0,91.66000366210938,87.45999908447266,88.88999938964844,82.25260925292969,4250100,CF,yfinance,2026-02-10T05:08:32.006375+00:00
2022-06-10,88.61000061035156,92.44000244140625,87.30999755859375,87.72000122070312,81.16998291015625,3466100,CF,yfinance,2026-02-10T05:08:32.006375+00:00
2022-06-13,86.12999725341797,88.94000244140625,84.5999984741211,86.38999938964844,79.93928527832031,4311100,CF,yfinance,2026-02-10T05:08:32.006375+00:00
2022-06-14,87.36000061035156,94.7699966430664,87.36000061035156,93.25,86.28705596923828,5720500,CF,yfinance,2026-02-10T05:08:32.006375+00:00
2022-06-15,92.45999908447266,94.26000213623047,90.19999694824219,92.06999969482422,85.1951675415039,4799900,CF,yfinance,2026-02-10T05:08:32.006375+00:00
2022-06-16,89.30999755859375,95.44999694824219,89.01000213623047,90.61000061035156,83.84416961669922,5236200,CF,yfinance,2026-02-10T05:08:32.006375+00:00
2022-06-17,87.87000274658203,90.4000015258789,86.30000305175781,86.93000030517578,80.43897247314453,8468100,CF,yfinance,2026-02-10T05:08:32.006375+00:00
2022-06-21,88.93000030517578,91.5199966430664,88.86000061035156,90.7300033569336,83.95523834228516,4391700,CF,yfinance,2026-02-10T05:08:32.006375+00:00
2022-06-22,87.68000030517578,90.16999816894531,87.22000122070312,88.58000183105469,81.96576690673828,4334800,CF,yfinance,2026-02-10T05:08:32.006375+00:00
2022-06-23,88.68000030517578,89.02999877929688,80.3499984741211,80.5999984741211,74.58161926269531,4906800,CF,yfinance,2026-02-10T05:08:32.006375+00:00
2022-06-24,81.5,85.1500015258789,80.37999725341797,83.31999969482422,77.09851837158203,8492100,CF,yfinance,2026-02-10T05:08:32.006375+00:00
2022-06-27,84.5,87.33999633789062,83.72000122070312,86.81999969482422,80.33720397949219,2772700,CF,yfinance,2026-02-10T05:08:32.006375+00:00
2022-06-28,88.6500015258789,90.73999786376953,86.87000274658203,87.81999969482422,81.26251220703125,2411500,CF,yfinance,2026-02-10T05:08:32.006375+00:00
2022-06-29,88.19999694824219,89.0999984741211,85.22000122070312,86.37000274658203,79.9207992553711,2325800,CF,yfinance,2026-02-10T05:08:32.006375+00:00
2022-06-30,84.79000091552734,86.83000183105469,83.58999633789062,85.7300033569336,79.32857513427734,2825200,CF,yfinance,2026-02-10T05:08:32.006375+00:00
2022-07-01,84.83999633789062,87.2300033569336,83.16000366210938,85.27999877929688,78.91217803955078,2304000,CF,yfinance,2026-02-10T05:08:32.006375+00:00
2022-07-05,82.5199966430664,84.94000244140625,81.80000305175781,83.55000305175781,77.31134796142578,3560400,CF,yfinance,2026-02-10T05:08:32.006375+00:00
2022-07-06,83.08999633789062,84.5199966430664,79.70999908447266,83.58999633789062,77.34837341308594,3250300,CF,yfinance,2026-02-10T05:08:32.006375+00:00
2022-07-07,85.87999725341797,87.0199966430664,84.38999938964844,84.62999725341797,78.31070709228516,2752600,CF,yfinance,2026-02-10T05:08:32.006375+00:00
2022-07-08,85.76000213623047,86.18000030517578,82.75,86.0,79.57840728759766,2599800,CF,yfinance,2026-02-10T05:08:32.006375+00:00
2022-07-11,84.25,86.94999694824219,84.25,86.33999633789062,79.89302062988281,2307500,CF,yfinance,2026-02-10T05:08:32.006375+00:00
2022-07-12,85.31999969482422,87.62999725341797,84.51000213623047,85.41000366210938,79.03246307373047,2248000,CF,yfinance,2026-02-10T05:08:32.006375+00:00
2022-07-13,84.80000305175781,87.18000030517578,84.13999938964844,85.54000091552734,79.15276336669922,1800100,CF,yfinance,2026-02-10T05:08:32.006375+00:00
2022-07-14,82.33999633789062,83.08999633789062,79.18000030517578,80.6500015258789,74.62789154052734,3470900,CF,yfinance,2026-02-10T05:08:32.006375+00:00
2022-07-15,81.75,84.83000183105469,80.87000274658203,84.55000305175781,78.23668670654297,2430300,CF,yfinance,2026-02-10T05:08:32.006375+00:00
2022-07-18,85.12999725341797,86.88999938964844,80.4000015258789,83.62999725341797,77.38538360595703,4474300,CF,yfinance,2026-02-10T05:08:32.006375+00:00
2022-07-19,83.63999938964844,87.69999694824219,83.38999938964844,86.91000366210938,80.42047119140625,2563000,CF,yfinance,2026-02-10T05:08:32.006375+00:00
2022-07-20,85.5999984741211,86.51000213623047,84.2699966430664,85.58999633789062,79.19902801513672,1708800,CF,yfinance,2026-02-10T05:08:32.006375+00:00
2022-07-21,83.88999938964844,85.45999908447266,83.38999938964844,85.30999755859375,78.93993377685547,1748400,CF,yfinance,2026-02-10T05:08:32.006375+00:00
2022-07-22,85.54000091552734,87.3499984741211,84.5199966430664,84.80999755859375,78.4772720336914,1916400,CF,yfinance,2026-02-10T05:08:32.006375+00:00
2022-07-25,85.83000183105469,90.33999633789062,85.37999725341797,90.27999877929688,83.538818359375,1979700,CF,yfinance,2026-02-10T05:08:32.006375+00:00
2022-07-26,91.56999969482422,92.31999969482422,89.52999877929688,90.4000015258789,83.64985656738281,1766900,CF,yfinance,2026-02-10T05:08:32.006375+00:00
2022-07-27,90.5,95.37000274658203,89.31999969482422,94.62999725341797,87.56401062011719,2853800,CF,yfinance,2026-02-10T05:08:32.006375+00:00
2022-07-28,95.38999938964844,97.29000091552734,93.66999816894531,93.94999694824219,86.93478393554688,2189900,CF,yfinance,2026-02-10T05:08:32.006375+00:00
2022-07-29,95.30999755859375,96.02999877929688,93.7300033569336,95.48999786376953,88.35980224609375,1856100,CF,yfinance,2026-02-10T05:08:32.006375+00:00
2022-08-01,95.04000091552734,95.27999877929688,92.29000091552734,94.44000244140625,87.38819885253906,2251200,CF,yfinance,2026-02-10T05:08:32.006375+00:00
2022-08-02,93.94999694824219,101.27999877929688,93.94999694824219,98.16999816894531,90.83967590332031,3898700,CF,yfinance,2026-02-10T05:08:32.006375+00:00
2022-08-03,100.0,102.20999908447266,96.41999816894531,96.91999816894531,89.68302154541016,2750100,CF,yfinance,2026-02-10T05:08:32.006375+00:00
2022-08-04,96.5,100.62000274658203,94.41999816894531,99.05000305175781,91.65397644042969,2349400,CF,yfinance,2026-02-10T05:08:32.006375+00:00
2022-08-05,98.45999908447266,100.83000183105469,98.31999969482422,100.05000305175781,92.57931518554688,1648700,CF,yfinance,2026-02-10T05:08:32.006375+00:00
2022-08-08,100.73999786376953,102.38999938964844,98.61000061035156,99.44000244140625,92.01483917236328,2122400,CF,yfinance,2026-02-10T05:08:32.006375+00:00
2022-08-09,100.2300033569336,102.87999725341797,100.01000213623047,102.5999984741211,94.93888854980469,2184600,CF,yfinance,2026-02-10T05:08:32.006375+00:00
2022-08-10,105.2300033569336,105.2300033569336,101.25,102.30999755859375,94.6705551147461,1802700,CF,yfinance,2026-02-10T05:08:32.006375+00:00
2022-08-11,103.37000274658203,104.48999786376953,102.04000091552734,102.37000274658203,94.72605895996094,1331600,CF,yfinance,2026-02-10T05:08:32.006375+00:00
2022-08-12,101.41000366210938,104.63999938964844,101.0,104.5199966430664,97.09491729736328,1172200,CF,yfinance,2026-02-10T05:08:32.006375+00:00
2022-08-15,101.44999694824219,103.01000213623047,99.80999755859375,102.62999725341797,95.33917236328125,2273000,CF,yfinance,2026-02-10T05:08:32.006375+00:00
2022-08-16,103.72000122070312,105.5,103.11000061035156,103.2300033569336,95.89656066894531,1465600,CF,yfinance,2026-02-10T05:08:32.006375+00:00
2022-08-17,102.8499984741211,105.56999969482422,102.4000015258789,103.5999984741211,96.24028015136719,1841800,CF,yfinance,2026-02-10T05:08:32.006375+00:00
2022-08-18,104.4000015258789,104.95999908447266,101.80000305175781,102.37000274658203,95.09764862060547,1137100,CF,yfinance,2026-02-10T05:08:32.006375+00:00
2022-08-19,102.0,103.80999755859375,100.69999694824219,103.5,96.14739227294922,1478100,CF,yfinance,2026-02-10T05:08:32.006375+00:00
2022-08-22,103.12999725341797,107.01000213623047,103.12999725341797,105.63999938964844,98.13534545898438,1905600,CF,yfinance,2026-02-10T05:08:32.006375+00:00
2022-08-23,107.0,110.94999694824219,106.76000213623047,109.05000305175781,101.30310821533203,2090400,CF,yfinance,2026-02-10T05:08:32.006375+00:00
2022-08-24,109.18000030517578,112.87000274658203,109.0999984741211,112.5,104.50801849365234,3041300,CF,yfinance,2026-02-10T05:08:32.006375+00:00
2022-08-25,115.0199966430664,117.56999969482422,114.72000122070312,117.4000015258789,109.0599365234375,4175800,CF,yfinance,2026-02-10T05:08:32.006375+00:00
2022-08-26,118.0,119.5999984741211,116.61000061035156,118.3499984741211,109.94243621826172,2570800,CF,yfinance,2026-02-10T05:08:32.006375+00:00
2022-08-29,116.0,116.68000030517578,112.43000030517578,113.33999633789062,105.28833770751953,2995500,CF,yfinance,2026-02-10T05:08:32.006375+00:00
2022-08-30,111.4000015258789,111.5999984741211,105.19000244140625,106.0,98.46977996826172,3745600,CF,yfinance,2026-02-10T05:08:32.006375+00:00
2022-08-31,104.58999633789062,105.19000244140625,102.3499984741211,103.45999908447266,96.11022186279297,3539800,CF,yfinance,2026-02-10T05:08:32.006375+00:00
2022-09-01,102.26000213623047,103.0,100.2300033569336,102.41999816894531,95.14410400390625,2319500,CF,yfinance,2026-02-10T05:08:32.006375+00:00
2022-09-02,104.33000183105469,107.0999984741211,102.33999633789062,106.86000061035156,99.26869201660156,3288500,CF,yfinance,2026-02-10T05:08:32.006375+00:00
2022-09-06,107.04000091552734,108.30000305175781,102.80000305175781,102.91999816894531,95.60856628417969,3239300,CF,yfinance,2026-02-10T05:08:32.006375+00:00
2022-09-07,101.04000091552734,102.91999816894531,100.05000305175781,102.33000183105469,95.06048583984375,2411900,CF,yfinance,2026-02-10T05:08:32.006375+00:00
2022-09-08,102.63999938964844,103.44000244140625,100.91000366210938,102.45999908447266,95.18125915527344,1570500,CF,yfinance,2026-02-10T05:08:32.006375+00:00
2022-09-09,104.83000183105469,105.76000213623047,103.44000244140625,103.68000030517578,96.31458282470703,1524200,CF,yfinance,2026-02-10T05:08:32.006375+00:00
2022-09-12,103.76000213623047,103.76000213623047,97.05999755859375,99.4800033569336,92.4129638671875,4037700,CF,yfinance,2026-02-10T05:08:32.006375+00:00
2022-09-13,98.52999877929688,102.94000244140625,98.2699966430664,100.1500015258789,93.03536224365234,2894300,CF,yfinance,2026-02-10T05:08:32.006375+00:00
2022-09-14,100.37000274658203,103.76000213623047,99.70999908447266,103.08999633789062,95.76649475097656,2778600,CF,yfinance,2026-02-10T05:08:32.006375+00:00
2022-09-15,101.9000015258789,102.55999755859375,99.5,101.12000274658203,93.93646240234375,1992400,CF,yfinance,2026-02-10T05:08:32.006375+00:00
2022-09-16,99.44000244140625,99.9000015258789,95.30999755859375,98.58999633789062,91.58617401123047,7463000,CF,yfinance,2026-02-10T05:08:32.006375+00:00
2022-09-19,96.31999969482422,103.63999938964844,95.80999755859375,103.47000122070312,96.1195068359375,2840200,CF,yfinance,2026-02-10T05:08:32.006375+00:00
2022-09-20,102.36000061035156,105.56999969482422,100.12999725341797,104.30999755859375,96.89983367919922,2851200,CF,yfinance,2026-02-10T05:08:32.006375+00:00
2022-09-21,105.94999694824219,106.55000305175781,101.66999816894531,101.69999694824219,94.47523498535156,1871200,CF,yfinance,2026-02-10T05:08:32.006375+00:00
2022-09-22,103.12000274658203,104.33999633789062,101.4000015258789,101.52999877929688,94.31732177734375,1466400,CF,yfinance,2026-02-10T05:08:32.006375+00:00
2022-09-23,98.5,99.23999786376953,92.33000183105469,93.79000091552734,87.12718200683594,3227200,CF,yfinance,2026-02-10T05:08:32.006375+00:00
2022-09-26,92.5999984741211,95.87000274658203,90.25,90.36000061035156,83.94084167480469,2755600,CF,yfinance,2026-02-10T05:08:32.006375+00:00
2022-09-27,91.77999877929688,97.13999938964844,91.77999877929688,95.87000274658203,89.05940246582031,3452400,CF,yfinance,2026-02-10T05:08:32.006375+00:00
2022-09-28,96.33999633789062,100.51000213623047,95.4800033569336,100.20999908447266,93.09109497070312,2876900,CF,yfinance,2026-02-10T05:08:32.006375+00:00
2022-09-29,98.56999969482422,99.29000091552734,95.95999908447266,97.05999755859375,90.16487121582031,2258800,CF,yfinance,2026-02-10T05:08:32.006375+00:00
2022-09-30,96.4800033569336,98.04000091552734,94.94000244140625,96.25,89.41242218017578,2670100,CF,yfinance,2026-02-10T05:08:32.006375+00:00
2022-10-03,101.04000091552734,101.37000274658203,98.62999725341797,100.30000305175781,93.1747055053711,3186200,CF,yfinance,2026-02-10T05:08:32.006375+00:00
2022-10-04,102.26000213623047,105.41999816894531,102.0,105.05999755859375,97.59654998779297,2923500,CF,yfinance,2026-02-10T05:08:32.006375+00:00
2022-10-05,103.83999633789062,105.08999633789062,101.54000091552734,102.55000305175781,95.2648696899414,1767900,CF,yfinance,2026-02-10T05:08:32.006375+00:00
2022-10-06,102.02999877929688,107.73999786376953,102.02999877929688,105.7300033569336,98.21896362304688,2751300,CF,yfinance,2026-02-10T05:08:32.006375+00:00
2022-10-07,105.58999633789062,106.41000366210938,103.19999694824219,104.80000305175781,97.35504150390625,1928700,CF,yfinance,2026-02-10T05:08:32.006375+00:00
2022-10-10,105.73999786376953,108.27999877929688,103.77999877929688,106.52999877929688,98.96212005615234,2184500,CF,yfinance,2026-02-10T05:08:32.006375+00:00
2022-10-11,105.37000274658203,106.76000213623047,102.5,102.83000183105469,95.52497863769531,2056900,CF,yfinance,2026-02-10T05:08:32.006375+00:00
2022-10-12,102.06999969482422,103.29000091552734,99.45999908447266,102.55000305175781,95.2648696899414,1740200,CF,yfinance,2026-02-10T05:08:32.006375+00:00
2022-10-13,102.18000030517578,107.4000015258789,100.87999725341797,107.02999877929688,99.4266128540039,1939700,CF,yfinance,2026-02-10T05:08:32.006375+00:00
2022-10-14,108.30999755859375,108.30999755859375,97.22000122070312,98.04000091552734,91.07525634765625,3243500,CF,yfinance,2026-02-10T05:08:32.006375+00:00
2022-10-17,99.55000305175781,101.16999816894531,98.0999984741211,98.87999725341797,91.85558319091797,2324700,CF,yfinance,2026-02-10T05:08:32.006375+00:00
2022-10-18,101.19000244140625,103.9000015258789,99.69000244140625,100.23999786376953,93.11895751953125,3414900,CF,yfinance,2026-02-10T05:08:32.006375+00:00
2022-10-19,99.70999908447266,103.3499984741211,99.70999908447266,100.66000366210938,93.50912475585938,2103100,CF,yfinance,2026-02-10T05:08:32.006375+00:00
2022-10-20,102.41000366210938,105.62999725341797,100.95999908447266,104.41999816894531,97.00202178955078,3011000,CF,yfinance,2026-02-10T05:08:32.006375+00:00
2022-10-21,104.80999755859375,107.76000213623047,102.19999694824219,107.37000274658203,99.74246215820312,2654100,CF,yfinance,2026-02-10T05:08:32.006375+00:00
2022-10-24,107.2699966430664,107.54000091552734,103.05000305175781,104.12999725341797,96.73262786865234,2181900,CF,yfinance,2026-02-10T05:08:32.006375+00:00
2022-10-25,104.0,107.9000015258789,103.55000305175781,107.69999694824219,100.04901885986328,1962300,CF,yfinance,2026-02-10T05:08:32.006375+00:00
2022-10-26,108.25,109.12999725341797,105.16000366210938,105.33000183105469,97.84737396240234,1833900,CF,yfinance,2026-02-10T05:08:32.006375+00:00
2022-10-27,106.38999938964844,108.18000030517578,105.94000244140625,106.94999694824219,99.35228729248047,2161800,CF,yfinance,2026-02-10T05:08:32.006375+00:00
2022-10-28,106.98999786376953,110.58999633789062,103.91999816894531,105.68000030517578,98.17250061035156,2783500,CF,yfinance,2026-02-10T05:08:32.006375+00:00
2022-10-31,106.0999984741211,109.9000015258789,104.70999908447266,106.26000213623047,98.71131134033203,3382300,CF,yfinance,2026-02-10T05:08:32.006375+00:00
2022-11-01,108.0,108.5,105.11000061035156,107.80000305175781,100.14191436767578,1829000,CF,yfinance,2026-02-10T05:08:32.006375+00:00
2022-11-02,106.0,107.44999694824219,101.8499984741211,103.16999816894531,95.8408203125,3706200,CF,yfinance,2026-02-10T05:08:32.006375+00:00
2022-11-03,97.5,106.94999694824219,95.44000244140625,105.23999786376953,97.76377868652344,5399800,CF,yfinance,2026-02-10T05:08:32.006375+00:00
2022-11-04,108.0999984741211,110.79000091552734,104.87000274658203,105.37999725341797,97.8938217163086,2441800,CF,yfinance,2026-02-10T05:08:32.006375+00:00
2022-11-07,105.33999633789062,105.69000244140625,102.7699966430664,104.30999755859375,96.89983367919922,2130700,CF,yfinance,2026-02-10T05:08:32.006375+00:00
2022-11-08,104.41000366210938,109.37999725341797,104.11000061035156,108.6500015258789,100.93153381347656,1908200,CF,yfinance,2026-02-10T05:08:32.006375+00:00
2022-11-09,106.88999938964844,109.41000366210938,104.13999938964844,104.66000366210938,97.22496795654297,1975200,CF,yfinance,2026-02-10T05:08:32.006375+00:00
2022-11-10,106.66000366210938,109.62000274658203,104.08000183105469,108.48999786376953,100.78288269042969,2379200,CF,yfinance,2026-02-10T05:08:32.006375+00:00
2022-11-11,109.37000274658203,112.44000244140625,102.05999755859375,102.81999969482422,95.51568603515625,5020900,CF,yfinance,2026-02-10T05:08:32.006375+00:00
2022-11-14,102.2699966430664,108.3499984741211,102.16999816894531,107.76000213623047,100.49569702148438,3169500,CF,yfinance,2026-02-10T05:08:32.006375+00:00
2022-11-15,109.0,109.25,102.8499984741211,106.91000366210938,99.70301055908203,3457400,CF,yfinance,2026-02-10T05:08:32.006375+00:00
2022-11-16,105.43000030517578,106.04000091552734,101.87000274658203,102.69999694824219,95.77681732177734,1988400,CF,yfinance,2026-02-10T05:08:32.006375+00:00
2022-11-17,101.13999938964844,103.12000274658203,100.27999877929688,102.16000366210938,95.27322387695312,1608900,CF,yfinance,2026-02-10T05:08:32.006375+00:00
2022-11-18,101.66999816894531,102.86000061035156,98.18000030517578,101.33999633789062,94.50848388671875,1705400,CF,yfinance,2026-02-10T05:08:32.006375+00:00
2022-11-21,100.25,103.94000244140625,98.83999633789062,102.7699966430664,95.84208679199219,2007400,CF,yfinance,2026-02-10T05:08:32.006375+00:00
2022-11-22,104.73999786376953,109.79000091552734,104.70999908447266,109.68000030517578,102.28626251220703,3093100,CF,yfinance,2026-02-10T05:08:32.006375+00:00
2022-11-23,108.0,108.93000030517578,105.37000274658203,106.30999755859375,99.14346313476562,1714400,CF,yfinance,2026-02-10T05:08:32.006375+00:00
2022-11-25,106.3499984741211,109.77999877929688,106.18000030517578,108.62000274658203,101.29773712158203,1044400,CF,yfinance,2026-02-10T05:08:32.006375+00:00
2022-11-28,107.31999969482422,109.01000213623047,104.3499984741211,104.4000015258789,97.36219787597656,2407000,CF,yfinance,2026-02-10T05:08:32.006375+00:00
2022-11-29,106.25,108.12999725341797,105.12999725341797,106.4000015258789,99.2273941040039,2055800,CF,yfinance,2026-02-10T05:08:32.006375+00:00
2022-11-30,107.44999694824219,109.0,103.41000366210938,108.19000244140625,100.89671325683594,8646900,CF,yfinance,2026-02-10T05:08:32.006375+00:00
2022-12-01,108.5999984741211,108.5999984741211,103.55000305175781,103.63999938964844,96.6534423828125,2446000,CF,yfinance,2026-02-10T05:08:32.006375+00:00
2022-12-02,103.58999633789062,106.04000091552734,102.93000030517578,104.38999938964844,97.35289001464844,1784400,CF,yfinance,2026-02-10T05:08:32.006375+00:00
2022-12-05,107.0,108.87000274658203,102.73999786376953,103.4800033569336,96.50424194335938,2578100,CF,yfinance,2026-02-10T05:08:32.006375+00:00
2022-12-06,103.55000305175781,104.62999725341797,100.62000274658203,101.5,94.65771484375,1557900,CF,yfinance,2026-02-10T05:08:32.006375+00:00
2022-12-07,100.91000366210938,102.16000366210938,99.72000122070312,100.5199966430664,93.74375915527344,2893200,CF,yfinance,2026-02-10T05:08:32.006375+00:00
2022-12-08,102.43000030517578,103.01000213623047,99.98999786376953,100.13999938964844,93.38936614990234,1578700,CF,yfinance,2026-02-10T05:08:32.006375+00:00
2022-12-09,99.7699966430664,101.12000274658203,98.6500015258789,98.69999694824219,92.04644775390625,1387400,CF,yfinance,2026-02-10T05:08:32.006375+00:00
2022-12-12,98.63999938964844,99.25,97.18000030517578,98.70999908447266,92.05577850341797,2606900,CF,yfinance,2026-02-10T05:08:32.006375+00:00
2022-12-13,100.5,101.06999969482422,97.7300033569336,97.80999755859375,91.21644592285156,1971400,CF,yfinance,2026-02-10T05:08:32.006375+00:00
2022-12-14,98.06999969482422,98.27999877929688,93.0,93.0,86.730712890625,3514500,CF,yfinance,2026-02-10T05:08:32.006375+00:00
2022-12-15,92.75,95.23999786376953,92.5199966430664,94.55000305175781,88.17621612548828,2696200,CF,yfinance,2026-02-10T05:08:32.006375+00:00
2022-12-16,93.33999633789062,95.29000091552734,92.66000366210938,95.06999969482422,88.6611557006836,4982500,CF,yfinance,2026-02-10T05:08:32.006375+00:00
2022-12-19,95.33000183105469,96.2699966430664,92.02999877929688,92.72000122070312,86.4695816040039,2250500,CF,yfinance,2026-02-10T05:08:32.006375+00:00
2022-12-20,93.5,94.41999816894531,92.48999786376953,93.55000305175781,87.24362182617188,1511100,CF,yfinance,2026-02-10T05:08:32.006375+00:00
2022-12-21,93.80000305175781,94.23999786376953,92.0,93.52999877929688,87.22496795654297,1671900,CF,yfinance,2026-02-10T05:08:32.006375+00:00
2022-12-22,93.33999633789062,93.33999633789062,88.31999969482422,89.9000015258789,83.83969116210938,2950100,CF,yfinance,2026-02-10T05:08:32.006375+00:00
2022-12-23,90.68000030517578,91.43000030517578,90.0,90.73999786376953,84.62305450439453,1500100,CF,yfinance,2026-02-10T05:08:32.006375+00:00
2022-12-27,90.75,91.1500015258789,87.22000122070312,87.5999984741211,81.6947250366211,2532200,CF,yfinance,2026-02-10T05:08:32.006375+00:00
2022-12-28,87.0,87.9800033569336,85.83999633789062,86.33999633789062,80.5196533203125,2085900,CF,yfinance,2026-02-10T05:08:32.006375+00:00
2022-12-29,86.27999877929688,87.30999755859375,85.1500015258789,85.51000213623047,79.74562072753906,2154200,CF,yfinance,2026-02-10T05:08:32.006375+00:00
2022-12-30,85.3499984741211,85.94999694824219,84.47000122070312,85.19999694824219,79.45651245117188,1673400,CF,yfinance,2026-02-10T05:08:32.006375+00:00
2023-01-03,84.69000244140625,84.98999786376953,81.29000091552734,81.94999694824219,76.42559814453125,6213200,CF,yfinance,2026-02-10T05:08:32.006375+00:00
2023-01-04,81.62000274658203,82.68000030517578,80.31999969482422,82.41000366210938,76.8545913696289,4831600,CF,yfinance,2026-02-10T05:08:32.006375+00:00
2023-01-05,82.11000061035156,84.38999938964844,81.63999938964844,83.77999877929688,78.13223266601562,3301900,CF,yfinance,2026-02-10T05:08:32.006375+00:00
2023-01-06,83.9000015258789,85.75,82.66000366210938,84.41000366210938,78.71976470947266,2961600,CF,yfinance,2026-02-10T05:08:32.006375+00:00
2023-01-09,84.7699966430664,86.52999877929688,84.0199966430664,86.0,80.20259094238281,3717200,CF,yfinance,2026-02-10T05:08:32.006375+00:00
2023-01-10,86.69000244140625,86.98999786376953,82.41000366210938,83.0,77.40481567382812,3567500,CF,yfinance,2026-02-10T05:08:32.006375+00:00
2023-01-11,83.2699966430664,84.80000305175781,82.51000213623047,84.05000305175781,78.38404083251953,2817000,CF,yfinance,2026-02-10T05:08:32.006375+00:00
2023-01-12,84.13999938964844,86.5199966430664,83.30999755859375,86.30999755859375,80.49168395996094,2924300,CF,yfinance,2026-02-10T05:08:32.006375+00:00
2023-01-13,85.33000183105469,87.08999633789062,84.69999694824219,86.91000366210938,81.05125427246094,2072600,CF,yfinance,2026-02-10T05:08:32.006375+00:00
2023-01-17,87.36000061035156,88.08000183105469,85.9800033569336,86.0,80.20259094238281,2764200,CF,yfinance,2026-02-10T05:08:32.006375+00:00
2023-01-18,86.75,87.37999725341797,84.1500015258789,84.62999725341797,78.92491912841797,2650200,CF,yfinance,2026-02-10T05:08:32.006375+00:00
2023-01-19,85.4000015258789,85.81999969482422,83.29000091552734,85.38999938964844,79.63369750976562,2256300,CF,yfinance,2026-02-10T05:08:32.006375+00:00
2023-01-20,84.94999694824219,86.5199966430664,84.0999984741211,86.4800033569336,80.65021514892578,1700300,CF,yfinance,2026-02-10T05:08:32.006375+00:00
2023-01-23,86.79000091552734,87.19000244140625,84.79000091552734,85.5199966430664,79.75495147705078,2410400,CF,yfinance,2026-02-10T05:08:32.006375+00:00
2023-01-24,85.0,86.0,82.83000183105469,84.94000244140625,79.21404266357422,2632900,CF,yfinance,2026-02-10T05:08:32.006375+00:00
2023-01-25,84.11000061035156,84.94000244140625,82.68000030517578,83.76000213623047,78.11357879638672,2683300,CF,yfinance,2026-02-10T05:08:32.006375+00:00
2023-01-26,84.38999938964844,85.13999938964844,82.86000061035156,85.0999984741211,79.36324310302734,2834500,CF,yfinance,2026-02-10T05:08:32.006375+00:00
2023-01-27,84.70999908447266,85.69000244140625,83.01000213623047,83.08000183105469,77.47943115234375,2923900,CF,yfinance,2026-02-10T05:08:32.006375+00:00
2023-01-30,82.2699966430664,83.66999816894531,81.80999755859375,82.69999694824219,77.12504577636719,2546100,CF,yfinance,2026-02-10T05:08:32.006375+00:00
2023-01-31,82.68000030517578,84.83999633789062,82.5,84.69999694824219,78.9902114868164,2171900,CF,yfinance,2026-02-10T05:08:32.006375+00:00
2023-02-01,84.01000213623047,86.66000366210938,83.30999755859375,85.27999877929688,79.53112030029297,2421500,CF,yfinance,2026-02-10T05:08:32.006375+00:00
2023-02-02,85.18000030517578,86.98999786376953,84.38999938964844,85.02999877929688,79.29795837402344,3237400,CF,yfinance,2026-02-10T05:08:32.006375+00:00
2023-02-03,84.91000366210938,86.58000183105469,84.6500015258789,85.93000030517578,80.13729095458984,2393900,CF,yfinance,2026-02-10T05:08:32.006375+00:00
2023-02-06,86.12999725341797,86.5999984741211,85.19000244140625,85.98999786376953,80.19324493408203,2104200,CF,yfinance,2026-02-10T05:08:32.006375+00:00
2023-02-07,86.08000183105469,86.45999908447266,82.7699966430664,84.25,78.57057189941406,2990800,CF,yfinance,2026-02-10T05:08:32.006375+00:00
2023-02-08,84.58000183105469,85.0999984741211,83.37999725341797,84.12000274658203,78.44932556152344,1802100,CF,yfinance,2026-02-10T05:08:32.006375+00:00
2023-02-09,84.94999694824219,87.26000213623047,84.6500015258789,86.80000305175781,80.94865417480469,3077600,CF,yfinance,2026-02-10T05:08:32.006375+00:00
2023-02-10,86.9800033569336,91.2300033569336,86.9800033569336,90.48999786376953,84.38990783691406,4156800,CF,yfinance,2026-02-10T05:08:32.006375+00:00
2023-02-13,89.30000305175781,89.61000061035156,86.66999816894531,86.8499984741211,80.99527740478516,3286100,CF,yfinance,2026-02-10T05:08:32.006375+00:00
2023-02-14,85.93000030517578,86.22000122070312,84.4000015258789,85.52999877929688,80.13333892822266,2117900,CF,yfinance,2026-02-10T05:08:32.006375+00:00
2023-02-15,84.43000030517578,85.05999755859375,83.47000122070312,85.01000213623047,79.64614868164062,2440900,CF,yfinance,2026-02-10T05:08:32.006375+00:00
2023-02-16,83.31999969482422,88.83000183105469,82.30000305175781,85.30999755859375,79.9272232055664,4259400,CF,yfinance,2026-02-10T05:08:32.006375+00:00
2023-02-17,84.08999633789062,86.06999969482422,82.01000213623047,82.3499984741211,77.15399932861328,3330400,CF,yfinance,2026-02-10T05:08:32.006375+00:00
2023-02-21,81.12999725341797,84.20999908447266,81.0999984741211,83.4800033569336,78.21268463134766,3523400,CF,yfinance,2026-02-10T05:08:32.006375+00:00
2023-02-22,84.66999816894531,86.62999725341797,84.05000305175781,85.4000015258789,80.01153564453125,3690400,CF,yfinance,2026-02-10T05:08:32.006375+00:00
2023-02-23,84.62999725341797,86.7300033569336,84.0,86.27999877929688,80.83600616455078,2489800,CF,yfinance,2026-02-10T05:08:32.006375+00:00
2023-02-24,85.83000183105469,85.9800033569336,83.69999694824219,85.58999633789062,80.18953704833984,2260300,CF,yfinance,2026-02-10T05:08:32.006375+00:00
2023-02-27,85.58999633789062,86.4800033569336,84.62999725341797,85.29000091552734,79.90847778320312,2810700,CF,yfinance,2026-02-10T05:08:32.006375+00:00
2023-02-28,85.5199966430664,87.4800033569336,85.33999633789062,85.88999938964844,80.47061920166016,3417600,CF,yfinance,2026-02-10T05:08:32.006375+00:00
2023-03-01,85.79000091552734,86.66000366210938,84.88999938964844,85.1500015258789,79.77731323242188,2164900,CF,yfinance,2026-02-10T05:08:32.006375+00:00
2023-03-02,84.44000244140625,86.94999694824219,83.23999786376953,86.87999725341797,81.39813995361328,2800200,CF,yfinance,2026-02-10T05:08:32.006375+00:00
2023-03-03,86.7300033569336,87.43000030517578,85.62000274658203,86.16000366210938,80.72357940673828,2219000,CF,yfinance,2026-02-10T05:08:32.006375+00:00
2023-03-06,85.55999755859375,86.30000305175781,84.4800033569336,86.01000213623047,80.58305358886719,1940900,CF,yfinance,2026-02-10T05:08:32.006375+00:00
2023-03-07,85.16999816894531,85.16999816894531,82.7300033569336,83.19000244140625,77.94100189208984,2227000,CF,yfinance,2026-02-10T05:08:32.006375+00:00
2023-03-08,83.27999877929688,84.69000244140625,82.80000305175781,84.2699966430664,78.95282745361328,2046100,CF,yfinance,2026-02-10T05:08:32.006375+00:00
2023-03-09,84.4800033569336,84.94999694824219,81.06999969482422,81.11000061035156,75.99222564697266,2288200,CF,yfinance,2026-02-10T05:08:32.006375+00:00
2023-03-10,80.75,81.7699966430664,78.2300033569336,78.47000122070312,73.518798828125,2905500,CF,yfinance,2026-02-10T05:08:32.006375+00:00
2023-03-13,76.98999786376953,77.0999984741211,75.05999755859375,75.23999786376953,70.49259185791016,3494300,CF,yfinance,2026-02-10T05:08:32.006375+00:00
2023-03-14,76.12000274658203,77.66999816894531,74.0199966430664,74.61000061035156,69.90235900878906,3367600,CF,yfinance,2026-02-10T05:08:32.006375+00:00
2023-03-15,73.0999984741211,73.93000030517578,70.69000244140625,72.4800033569336,67.90674591064453,3833900,CF,yfinance,2026-02-10T05:08:32.006375+00:00
2023-03-16,71.66999816894531,73.55999755859375,70.76000213623047,73.05999755859375,68.45014953613281,3746800,CF,yfinance,2026-02-10T05:08:32.006375+00:00
2023-03-17,72.80000305175781,73.29000091552734,70.7300033569336,70.93000030517578,66.45455169677734,7624500,CF,yfinance,2026-02-10T05:08:32.006375+00:00
2023-03-20,72.4000015258789,73.58000183105469,70.5999984741211,72.56999969482422,67.9910659790039,3539600,CF,yfinance,2026-02-10T05:08:32.006375+00:00
2023-03-21,74.55000305175781,75.63999938964844,74.12000274658203,74.69000244140625,69.97728729248047,2363000,CF,yfinance,2026-02-10T05:08:32.006375+00:00
2023-03-22,74.77999877929688,74.97000122070312,71.12999725341797,71.19000244140625,66.69815063476562,2481500,CF,yfinance,2026-02-10T05:08:32.006375+00:00
2023-03-23,71.68000030517578,72.33000183105469,68.94999694824219,70.0,65.58324432373047,4168700,CF,yfinance,2026-02-10T05:08:32.006375+00:00
2023-03-24,69.33000183105469,69.58000183105469,67.94999694824219,69.30000305175781,64.92739868164062,3389800,CF,yfinance,2026-02-10T05:08:32.006375+00:00
2023-03-27,70.75,71.04000091552734,68.04000091552734,69.86000061035156,65.45206451416016,2879600,CF,yfinance,2026-02-10T05:08:32.006375+00:00
2023-03-28,70.0,71.41000366210938,69.5999984741211,70.2699966430664,65.836181640625,1744300,CF,yfinance,2026-02-10T05:08:32.006375+00:00
2023-03-29,71.5999984741211,73.52999877929688,71.12999725341797,72.30000305175781,67.73809814453125,2876100,CF,yfinance,2026-02-10T05:08:32.006375+00:00
2023-03-30,73.30999755859375,73.30999755859375,71.51000213623047,71.87999725341797,67.34458923339844,2188700,CF,yfinance,2026-02-10T05:08:32.006375+00:00
2023-03-31,72.0199966430664,72.91999816894531,71.63999938964844,72.48999786376953,67.9161148071289,2596800,CF,yfinance,2026-02-10T05:08:32.006375+00:00
2023-04-03,73.75,74.19999694824219,72.08000183105469,73.66999816894531,69.02165222167969,3085800,CF,yfinance,2026-02-10T05:08:32.006375+00:00
2023-04-04,72.9800033569336,73.0199966430664,71.26000213623047,72.87000274658203,68.27214813232422,2136400,CF,yfinance,2026-02-10T05:08:32.006375+00:00
2023-04-05,72.16000366210938,73.30000305175781,71.3499984741211,73.16000366210938,68.54383087158203,3212100,CF,yfinance,2026-02-10T05:08:32.006375+00:00
2023-04-06,72.80000305175781,72.80999755859375,71.29000091552734,71.45999908447266,66.95109558105469,2295800,CF,yfinance,2026-02-10T05:08:32.006375+00:00
2023-04-10,72.81999969482422,75.62000274658203,72.81999969482422,73.70999908447266,69.05913543701172,2204600,CF,yfinance,2026-02-10T05:08:32.006375+00:00
2023-04-11,73.95999908447266,78.23999786376953,73.95999908447266,77.55999755859375,72.66621398925781,4724000,CF,yfinance,2026-02-10T05:08:32.006375+00:00
2023-04-12,77.38999938964844,77.91000366210938,75.9000015258789,77.05999755859375,72.19775390625,2345400,CF,yfinance,2026-02-10T05:08:32.006375+00:00
2023-04-13,76.81999969482422,77.86000061035156,76.22000122070312,77.04000091552734,72.17902374267578,2209200,CF,yfinance,2026-02-10T05:08:32.006375+00:00
2023-04-14,77.86000061035156,78.66000366210938,76.5199966430664,77.08000183105469,72.21649169921875,1419200,CF,yfinance,2026-02-10T05:08:32.006375+00:00
2023-04-17,77.02999877929688,78.33000183105469,76.98999786376953,78.01000213623047,73.08781433105469,1950800,CF,yfinance,2026-02-10T05:08:32.006375+00:00
2023-04-18,77.30000305175781,77.5,74.12000274658203,75.05999755859375,70.3239517211914,3019600,CF,yfinance,2026-02-10T05:08:32.006375+00:00
2023-04-19,74.31999969482422,75.12999725341797,72.63999938964844,74.4000015258789,69.70559692382812,2009700,CF,yfinance,2026-02-10T05:08:32.006375+00:00
2023-04-20,73.47000122070312,74.75,73.08999633789062,74.45999908447266,69.76181030273438,1735500,CF,yfinance,2026-02-10T05:08:32.006375+00:00
2023-04-21,74.06999969482422,74.54000091552734,73.25,74.44000244140625,69.74307250976562,2048500,CF,yfinance,2026-02-10T05:08:32.006375+00:00
2023-04-24,74.5199966430664,75.0,73.91000366210938,74.5999984741211,69.89297485351562,1432700,CF,yfinance,2026-02-10T05:08:32.006375+00:00
2023-04-25,73.4000015258789,73.95999908447266,72.19999694824219,72.33000183105469,67.76622772216797,1656900,CF,yfinance,2026-02-10T05:08:32.006375+00:00
2023-04-26,72.19000244140625,73.02999877929688,71.33999633789062,71.5199966430664,67.00731658935547,1652900,CF,yfinance,2026-02-10T05:08:32.006375+00:00
2023-04-27,71.86000061035156,72.02999877929688,69.55000305175781,70.11000061035156,65.686279296875,2323600,CF,yfinance,2026-02-10T05:08:32.006375+00:00
2023-04-28,69.41999816894531,71.6500015258789,68.66999816894531,71.58000183105469,67.06353759765625,2584900,CF,yfinance,2026-02-10T05:08:32.006375+00:00
2023-05-01,71.80000305175781,72.16999816894531,70.54000091552734,71.94999694824219,67.41018676757812,2665700,CF,yfinance,2026-02-10T05:08:32.006375+00:00
2023-05-02,72.2699966430664,74.76000213623047,69.30999755859375,74.05999755859375,69.38703918457031,5104900,CF,yfinance,2026-02-10T05:08:32.006375+00:00
2023-05-03,75.23999786376953,76.16999816894531,73.83999633789062,73.8499984741211,69.19029998779297,2806200,CF,yfinance,2026-02-10T05:08:32.006375+00:00
2023-05-04,73.45999908447266,73.97000122070312,69.72000122070312,70.06999969482422,65.64881134033203,2973100,CF,yfinance,2026-02-10T05:08:32.006375+00:00
2023-05-05,71.30999755859375,71.30999755859375,68.80000305175781,69.63999938964844,65.24594116210938,3319400,CF,yfinance,2026-02-10T05:08:32.006375+00:00
2023-05-08,70.9000015258789,71.44000244140625,67.33999633789062,67.58000183105469,63.315914154052734,2918500,CF,yfinance,2026-02-10T05:08:32.006375+00:00
2023-05-09,67.06999969482422,68.08000183105469,66.25,67.79000091552734,63.51267623901367,3053000,CF,yfinance,2026-02-10T05:08:32.006375+00:00
2023-05-10,68.9800033569336,69.08999633789062,66.62000274658203,67.79000091552734,63.51267623901367,2303100,CF,yfinance,2026-02-10T05:08:32.006375+00:00
2023-05-11,64.3499984741211,67.3499984741211,63.810001373291016,67.18000030517578,62.941158294677734,4541000,CF,yfinance,2026-02-10T05:08:32.006375+00:00
2023-05-12,67.19999694824219,67.68000030517578,65.63999938964844,66.52999877929688,62.70552444458008,1975200,CF,yfinance,2026-02-10T05:08:32.006375+00:00
2023-05-15,67.0,67.69000244140625,66.45999908447266,67.29000091552734,63.42184829711914,3148100,CF,yfinance,2026-02-10T05:08:32.006375+00:00
2023-05-16,66.68000030517578,67.25,64.88999938964844,64.93000030517578,61.197505950927734,2673400,CF,yfinance,2026-02-10T05:08:32.006375+00:00
2023-05-17,64.38999938964844,65.33999633789062,63.630001068115234,64.12000274658203,60.4340705871582,3773300,CF,yfinance,2026-02-10T05:08:32.006375+00:00
2023-05-18,64.6500015258789,65.80999755859375,63.45000076293945,65.70999908447266,61.93265914916992,2600800,CF,yfinance,2026-02-10T05:08:32.006375+00:00
2023-05-19,66.12000274658203,67.30999755859375,65.97000122070312,66.22000122070312,62.413352966308594,2543800,CF,yfinance,2026-02-10T05:08:32.006375+00:00
2023-05-22,66.48999786376953,67.66000366210938,65.22000122070312,67.04000091552734,63.18621063232422,2321200,CF,yfinance,2026-02-10T05:08:32.006375+00:00
2023-05-23,66.66999816894531,67.72000122070312,65.7699966430664,67.48999786376953,63.6103401184082,1894200,CF,yfinance,2026-02-10T05:08:32.006375+00:00
2023-05-24,67.73999786376953,67.8499984741211,65.5999984741211,65.76000213623047,61.97979736328125,1619400,CF,yfinance,2026-02-10T05:08:32.006375+00:00
2023-05-25,65.01000213623047,65.63999938964844,63.84000015258789,63.86000061035156,60.18901443481445,1984600,CF,yfinance,2026-02-10T05:08:32.006375+00:00
2023-05-26,64.30999755859375,64.66000366210938,62.54999923706055,62.849998474121094,59.2370719909668,2167700,CF,yfinance,2026-02-10T05:08:32.006375+00:00
2023-05-30,62.29999923706055,62.56999969482422,60.439998626708984,62.0099983215332,58.44535827636719,3242000,CF,yfinance,2026-02-10T05:08:32.006375+00:00
2023-05-31,61.540000915527344,62.58000183105469,60.61000061035156,61.5099983215332,57.974098205566406,5287600,CF,yfinance,2026-02-10T05:08:32.006375+00:00
2023-06-01,62.0,62.0,60.08000183105469,60.2400016784668,56.7771110534668,3296300,CF,yfinance,2026-02-10T05:08:32.006375+00:00
2023-06-02,61.18000030517578,63.66999816894531,60.939998626708984,62.90999984741211,59.29362487792969,2780200,CF,yfinance,2026-02-10T05:08:32.006375+00:00
2023-06-05,63.810001373291016,65.19999694824219,63.56999969482422,63.86000061035156,60.18901443481445,2195100,CF,yfinance,2026-02-10T05:08:32.006375+00:00
2023-06-06,62.54999923706055,66.83000183105469,62.2599983215332,66.70999908447266,62.875179290771484,2933200,CF,yfinance,2026-02-10T05:08:32.006375+00:00
2023-06-07,67.43000030517578,69.66000366210938,67.0999984741211,68.41999816894531,64.48689270019531,3012100,CF,yfinance,2026-02-10T05:08:32.006375+00:00
2023-06-08,67.95999908447266,68.91999816894531,65.75,67.36000061035156,63.48780822753906,2484400,CF,yfinance,2026-02-10T05:08:32.006375+00:00
2023-06-09,67.58999633789062,68.91999816894531,66.5,67.97000122070312,64.06275177001953,2021500,CF,yfinance,2026-02-10T05:08:32.006375+00:00
2023-06-12,67.37000274658203,68.36000061035156,67.23999786376953,68.11000061035156,64.1947021484375,2020600,CF,yfinance,2026-02-10T05:08:32.006375+00:00
2023-06-13,69.36000061035156,69.86000061035156,68.63999938964844,69.44999694824219,65.45767211914062,2002100,CF,yfinance,2026-02-10T05:08:32.006375+00:00
2023-06-14,69.5,69.83999633789062,66.97000122070312,67.80000305175781,63.902523040771484,2064000,CF,yfinance,2026-02-10T05:08:32.006375+00:00
2023-06-15,68.19999694824219,70.62999725341797,68.19999694824219,70.08000183105469,66.05146026611328,3237400,CF,yfinance,2026-02-10T05:08:32.006375+00:00
2023-06-16,70.9000015258789,71.69999694824219,69.75,71.2699966430664,67.17304229736328,5874200,CF,yfinance,2026-02-10T05:08:32.006375+00:00
2023-06-20,70.80000305175781,71.83999633789062,70.29000091552734,71.75,67.62545776367188,3625800,CF,yfinance,2026-02-10T05:08:32.006375+00:00
2023-06-21,71.62999725341797,73.51000213623047,71.62999725341797,72.91000366210938,68.71878051757812,2834700,CF,yfinance,2026-02-10T05:08:32.006375+00:00
2023-06-22,72.4000015258789,72.48999786376953,70.55999755859375,71.2300033569336,67.1353530883789,2339800,CF,yfinance,2026-02-10T05:08:32.006375+00:00
2023-06-23,70.43000030517578,71.38999938964844,69.16000366210938,70.55999755859375,66.50386047363281,5900100,CF,yfinance,2026-02-10T05:08:32.006375+00:00
2023-06-26,70.86000061035156,71.12000274658203,69.54000091552734,70.0199966430664,65.99491119384766,1718900,CF,yfinance,2026-02-10T05:08:32.006375+00:00
2023-06-27,69.68000030517578,70.19999694824219,67.58999633789062,70.06999969482422,66.04203796386719,1924600,CF,yfinance,2026-02-10T05:08:32.006375+00:00
2023-06-28,70.13999938964844,70.23999786376953,68.02999877929688,68.25,64.32665252685547,1705000,CF,yfinance,2026-02-10T05:08:32.006375+00:00
2023-06-29,68.61000061035156,70.37000274658203,68.33999633789062,70.31999969482422,66.27765655517578,1838200,CF,yfinance,2026-02-10T05:08:32.006375+00:00
2023-06-30,70.7300033569336,71.36000061035156,69.04000091552734,69.41999816894531,65.42939758300781,2095300,CF,yfinance,2026-02-10T05:08:32.006375+00:00
2023-07-03,69.3499984741211,70.83000183105469,69.0,70.43000030517578,66.38134765625,983700,CF,yfinance,2026-02-10T05:08:32.006375+00:00
2023-07-05,69.77999877929688,70.45999908447266,69.0999984741211,70.12000274658203,66.08916473388672,2108100,CF,yfinance,2026-02-10T05:08:32.006375+00:00
2023-07-06,69.52999877929688,69.5999984741211,67.97000122070312,69.20999908447266,65.23147583007812,1743000,CF,yfinance,2026-02-10T05:08:32.006375+00:00
2023-07-07,68.91999816894531,72.72000122070312,68.51000213623047,71.8499984741211,67.7197036743164,2821100,CF,yfinance,2026-02-10T05:08:32.006375+00:00
2023-07-10,70.19000244140625,71.9800033569336,69.75,70.0999984741211,66.07032012939453,2229900,CF,yfinance,2026-02-10T05:08:32.006375+00:00
2023-07-11,70.83999633789062,72.86000061035156,70.08999633789062,72.81999969482422,68.63395690917969,2500800,CF,yfinance,2026-02-10T05:08:32.006375+00:00
2023-07-12,73.58999633789062,73.97000122070312,72.12999725341797,72.22000122070312,68.06844329833984,2257100,CF,yfinance,2026-02-10T05:08:32.006375+00:00
2023-07-13,72.0,74.30000305175781,72.0,73.94999694824219,69.69898223876953,2754000,CF,yfinance,2026-02-10T05:08:32.006375+00:00
2023-07-14,74.22000122070312,74.5,73.0999984741211,73.73999786376953,69.50106811523438,2637500,CF,yfinance,2026-02-10T05:08:32.006375+00:00
2023-07-17,74.22000122070312,74.38999938964844,73.6500015258789,73.93000030517578,69.68014526367188,1840900,CF,yfinance,2026-02-10T05:08:32.006375+00:00
2023-07-18,73.93000030517578,77.91999816894531,73.63999938964844,76.3499984741211,71.9610366821289,3534900,CF,yfinance,2026-02-10T05:08:32.006375+00:00
2023-07-19,76.86000061035156,79.7699966430664,76.80000305175781,78.27999877929688,73.78009033203125,3765100,CF,yfinance,2026-02-10T05:08:32.006375+00:00
2023-07-20,79.44999694824219,79.80000305175781,77.83999633789062,79.0199966430664,74.4775390625,1679100,CF,yfinance,2026-02-10T05:08:32.006375+00:00
2023-07-21,78.8499984741211,79.58999633789062,77.87000274658203,79.04000091552734,74.49640655517578,1692400,CF,yfinance,2026-02-10T05:08:32.006375+00:00
2023-07-24,79.91000366210938,81.52999877929688,79.83999633789062,80.55000305175781,75.91959381103516,2157400,CF,yfinance,2026-02-10T05:08:32.006375+00:00
2023-07-25,80.88999938964844,81.4000015258789,80.12000274658203,81.08000183105469,76.41912841796875,1934000,CF,yfinance,2026-02-10T05:08:32.006375+00:00
2023-07-26,80.75,82.31999969482422,80.51000213623047,81.6500015258789,76.95635223388672,2285500,CF,yfinance,2026-02-10T05:08:32.006375+00:00
2023-07-27,81.83999633789062,82.61000061035156,81.37999725341797,81.4800033569336,76.79613494873047,2125400,CF,yfinance,2026-02-10T05:08:32.006375+00:00
2023-07-28,82.05000305175781,82.11000061035156,80.2300033569336,81.2300033569336,76.56050109863281,2051600,CF,yfinance,2026-02-10T05:08:32.006375+00:00
2023-07-31,80.68000030517578,82.16000366210938,80.68000030517578,82.08000183105469,77.36164855957031,1949400,CF,yfinance,2026-02-10T05:08:32.006375+00:00
2023-08-01,82.08999633789062,82.61000061035156,80.87999725341797,81.27999877929688,76.60762786865234,2380100,CF,yfinance,2026-02-10T05:08:32.006375+00:00
2023-08-02,80.63999938964844,82.12000274658203,79.41000366210938,80.6500015258789,76.01383972167969,2128300,CF,yfinance,2026-02-10T05:08:32.006375+00:00
2023-08-03,84.23999786376953,84.30000305175781,79.18000030517578,81.2300033569336,76.56050109863281,2852000,CF,yfinance,2026-02-10T05:08:32.006375+00:00
2023-08-04,81.55999755859375,84.19999694824219,81.19000244140625,81.23999786376953,76.5699234008789,1925600,CF,yfinance,2026-02-10T05:08:32.006375+00:00
2023-08-07,81.0,81.19999694824219,79.76000213623047,80.48999786376953,75.86304473876953,1891800,CF,yfinance,2026-02-10T05:08:32.006375+00:00
2023-08-08,79.3499984741211,79.9800033569336,78.41000366210938,79.26000213623047,74.70374298095703,2588300,CF,yfinance,2026-02-10T05:08:32.006375+00:00
2023-08-09,81.26000213623047,83.20999908447266,80.80999755859375,82.76000213623047,78.00255584716797,2381600,CF,yfinance,2026-02-10T05:08:32.006375+00:00
2023-08-10,82.80000305175781,83.01000213623047,79.8499984741211,79.95999908447266,75.363525390625,2499000,CF,yfinance,2026-02-10T05:08:32.006375+00:00
2023-08-11,79.95999908447266,80.66000366210938,79.58999633789062,79.88999938964844,75.29752349853516,2459400,CF,yfinance,2026-02-10T05:08:32.006375+00:00
2023-08-14,78.0,78.5199966430664,76.83000183105469,78.05999755859375,73.94294738769531,2209400,CF,yfinance,2026-02-10T05:08:32.006375+00:00
2023-08-15,77.26000213623047,79.20999908447266,76.93000030517578,77.1500015258789,73.08094787597656,2026100,CF,yfinance,2026-02-10T05:08:32.006375+00:00
2023-08-16,77.0,78.05999755859375,76.68000030517578,76.73999786376953,72.69257354736328,1655100,CF,yfinance,2026-02-10T05:08:32.006375+00:00
2023-08-17,77.22000122070312,78.80999755859375,77.22000122070312,77.8499984741211,73.74403381347656,1733300,CF,yfinance,2026-02-10T05:08:32.006375+00:00
2023-08-18,76.87000274658203,79.58999633789062,76.7300033569336,79.05000305175781,74.8807373046875,2636900,CF,yfinance,2026-02-10T05:08:32.006375+00:00
2023-08-21,79.36000061035156,79.91999816894531,78.81999969482422,79.12999725341797,74.95650482177734,1395000,CF,yfinance,2026-02-10T05:08:32.006375+00:00
2023-08-22,79.19000244140625,79.69000244140625,76.70999908447266,76.75,72.70206451416016,1715700,CF,yfinance,2026-02-10T05:08:32.006375+00:00
2023-08-23,76.41000366210938,76.41000366210938,74.05999755859375,74.4000015258789,70.47599792480469,2258000,CF,yfinance,2026-02-10T05:08:32.006375+00:00
2023-08-24,73.91000366210938,74.02999877929688,72.4000015258789,73.55999755859375,69.68028259277344,2350400,CF,yfinance,2026-02-10T05:08:32.006375+00:00
2023-08-25,73.9800033569336,74.22000122070312,73.16000366210938,73.58000183105469,69.6992416381836,1629100,CF,yfinance,2026-02-10T05:08:32.006375+00:00
2023-08-28,73.70999908447266,76.45999908447266,73.6500015258789,75.33000183105469,71.35694885253906,1236600,CF,yfinance,2026-02-10T05:08:32.006375+00:00
2023-08-29,75.4000015258789,76.4800033569336,75.19999694824219,76.45999908447266,72.42735290527344,1129700,CF,yfinance,2026-02-10T05:08:32.006375+00:00
2023-08-30,76.26000213623047,76.93000030517578,75.11000061035156,76.7699966430664,72.72100067138672,1154500,CF,yfinance,2026-02-10T05:08:32.006375+00:00
2023-08-31,76.81999969482422,77.87000274658203,75.9000015258789,77.06999969482422,73.00516510009766,1948700,CF,yfinance,2026-02-10T05:08:32.006375+00:00
2023-09-01,78.0,79.44000244140625,78.0,79.20999908447266,75.03228759765625,1387600,CF,yfinance,2026-02-10T05:08:32.006375+00:00
2023-09-05,82.12000274658203,84.44000244140625,81.94000244140625,82.55999755859375,78.20561981201172,3300200,CF,yfinance,2026-02-10T05:08:32.006375+00:00
2023-09-06,82.19000244140625,82.43000030517578,80.01000213623047,81.02999877929688,76.75630950927734,2153500,CF,yfinance,2026-02-10T05:08:32.006375+00:00
2023-09-07,80.70999908447266,82.08000183105469,80.05000305175781,80.8499984741211,76.58580780029297,2941300,CF,yfinance,2026-02-10T05:08:32.006375+00:00
2023-09-08,81.58000183105469,83.86000061035156,81.33000183105469,83.73999786376953,79.3233871459961,3123200,CF,yfinance,2026-02-10T05:08:32.006375+00:00
2023-09-11,84.19999694824219,85.25,81.72000122070312,81.81999969482422,77.504638671875,2765900,CF,yfinance,2026-02-10T05:08:32.006375+00:00
2023-09-12,81.72000122070312,82.98999786376953,81.06999969482422,81.68000030517578,77.37203216552734,1755400,CF,yfinance,2026-02-10T05:08:32.006375+00:00
2023-09-13,82.26000213623047,82.26000213623047,80.41999816894531,80.87000274658203,76.6047592163086,1094400,CF,yfinance,2026-02-10T05:08:32.006375+00:00
2023-09-14,81.91999816894531,84.2699966430664,81.26000213623047,83.95999908447266,79.53177642822266,2269700,CF,yfinance,2026-02-10T05:08:32.006375+00:00
2023-09-15,83.98999786376953,84.19999694824219,81.7699966430664,82.0999984741211,77.7698745727539,4109500,CF,yfinance,2026-02-10T05:08:32.006375+00:00
2023-09-18,82.87999725341797,82.9800033569336,80.37999725341797,81.26000213623047,76.97417449951172,1345800,CF,yfinance,2026-02-10T05:08:32.006375+00:00
2023-09-19,81.55999755859375,83.12000274658203,81.5199966430664,82.9000015258789,78.5276870727539,2287700,CF,yfinance,2026-02-10T05:08:32.006375+00:00
2023-09-20,83.27999877929688,85.94999694824219,83.0999984741211,83.6500015258789,79.23811340332031,3978600,CF,yfinance,2026-02-10T05:08:32.006375+00:00
2023-09-21,83.4800033569336,84.4800033569336,83.0,83.52999877929688,79.12445831298828,2089100,CF,yfinance,2026-02-10T05:08:32.006375+00:00
2023-09-22,83.80999755859375,85.02999877929688,83.54000091552734,84.20999908447266,79.76860046386719,2609700,CF,yfinance,2026-02-10T05:08:32.006375+00:00
2023-09-25,84.1500015258789,86.26000213623047,83.97000122070312,85.94000244140625,81.40735626220703,1932900,CF,yfinance,2026-02-10T05:08:32.006375+00:00
2023-09-26,85.83999633789062,87.9000015258789,84.70999908447266,85.12999725341797,80.64007568359375,2807000,CF,yfinance,2026-02-10T05:08:32.006375+00:00
2023-09-27,85.69000244140625,85.69000244140625,83.04000091552734,83.44999694824219,79.0486831665039,1760900,CF,yfinance,2026-02-10T05:08:32.006375+00:00
2023-09-28,83.61000061035156,86.13999938964844,83.30000305175781,85.97000122070312,81.43576049804688,2150800,CF,yfinance,2026-02-10T05:08:32.006375+00:00
2023-09-29,86.2300033569336,87.37000274658203,85.44000244140625,85.73999786376953,81.2178955078125,2231500,CF,yfinance,2026-02-10T05:08:32.006375+00:00
2023-10-02,85.48999786376953,85.48999786376953,83.08000183105469,83.70999908447266,79.29495239257812,2132800,CF,yfinance,2026-02-10T05:08:32.006375+00:00
2023-10-03,82.76000213623047,83.12000274658203,81.5199966430664,82.29000091552734,77.94986724853516,2162200,CF,yfinance,2026-02-10T05:08:32.006375+00:00
2023-10-04,82.41999816894531,83.62999725341797,81.0,82.0199966430664,77.694091796875,2428900,CF,yfinance,2026-02-10T05:08:32.006375+00:00
2023-10-05,81.48999786376953,83.12000274658203,81.0,81.05000305175781,76.77526092529297,1877900,CF,yfinance,2026-02-10T05:08:32.006375+00:00
2023-10-06,80.58000183105469,81.94000244140625,79.86000061035156,80.91000366210938,76.64264678955078,1614300,CF,yfinance,2026-02-10T05:08:32.006375+00:00
2023-10-09,82.16999816894531,86.12999725341797,82.16999816894531,86.02999877929688,81.49260711669922,1998800,CF,yfinance,2026-02-10T05:08:32.006375+00:00
2023-10-10,86.1500015258789,87.81999969482422,84.68000030517578,85.41000366210938,80.90530395507812,2905000,CF,yfinance,2026-02-10T05:08:32.006375+00:00
2023-10-11,85.19000244140625,85.38999938964844,83.2699966430664,84.0,79.56966400146484,1831800,CF,yfinance,2026-02-10T05:08:32.006375+00:00
2023-10-12,84.41999816894531,85.2300033569336,83.72000122070312,85.04000091552734,80.55481719970703,1940000,CF,yfinance,2026-02-10T05:08:32.006375+00:00
2023-10-13,85.72000122070312,86.47000122070312,83.88999938964844,84.55000305175781,80.09066009521484,1423800,CF,yfinance,2026-02-10T05:08:32.006375+00:00
2023-10-16,85.25,85.25,83.66000366210938,84.31999969482422,79.87278747558594,1874200,CF,yfinance,2026-02-10T05:08:32.006375+00:00
2023-10-17,84.63999938964844,86.93000030517578,84.45999908447266,86.55000305175781,81.98518371582031,1871800,CF,yfinance,2026-02-10T05:08:32.006375+00:00
2023-10-18,86.11000061035156,86.76000213623047,83.6500015258789,84.73999786376953,80.2706298828125,2507600,CF,yfinance,2026-02-10T05:08:32.006375+00:00
2023-10-19,84.47000122070312,86.79000091552734,83.94000244140625,85.68000030517578,81.16105651855469,2435800,CF,yfinance,2026-02-10T05:08:32.006375+00:00
2023-10-20,84.83000183105469,84.93000030517578,82.44000244140625,82.9800033569336,78.60346984863281,2227300,CF,yfinance,2026-02-10T05:08:32.006375+00:00
2023-10-23,81.76000213623047,82.5999984741211,80.26000213623047,80.2699966430664,76.03639221191406,1708800,CF,yfinance,2026-02-10T05:08:32.006375+00:00
2023-10-24,81.26000213623047,81.36000061035156,80.08999633789062,80.36000061035156,76.12165069580078,1531000,CF,yfinance,2026-02-10T05:08:32.006375+00:00
2023-10-25,80.25,81.37000274658203,80.0999984741211,80.87999725341797,76.61421203613281,1167800,CF,yfinance,2026-02-10T05:08:32.006375+00:00
2023-10-26,81.05000305175781,81.41999816894531,79.97000122070312,80.2699966430664,76.03639221191406,1132100,CF,yfinance,2026-02-10T05:08:32.006375+00:00
2023-10-27,80.04000091552734,80.16999816894531,78.61000061035156,79.87999725341797,75.66696166992188,1676100,CF,yfinance,2026-02-10T05:08:32.006375+00:00
2023-10-30,80.5,82.63999938964844,80.5,81.2300033569336,76.94575500488281,1798100,CF,yfinance,2026-02-10T05:08:32.006375+00:00
2023-10-31,80.6500015258789,81.43000030517578,79.7300033569336,79.77999877929688,75.57222747802734,1829300,CF,yfinance,2026-02-10T05:08:32.006375+00:00
2023-11-01,80.16999816894531,80.68000030517578,78.9000015258789,79.26000213623047,75.07967376708984,1978100,CF,yfinance,2026-02-10T05:08:32.006375+00:00
2023-11-02,78.47000122070312,80.62999725341797,76.8499984741211,80.31999969482422,76.0837631225586,2820100,CF,yfinance,2026-02-10T05:08:32.006375+00:00
2023-11-03,80.0,81.86000061035156,79.69999694824219,81.55000305175781,77.24888610839844,2069800,CF,yfinance,2026-02-10T05:08:32.006375+00:00
2023-11-06,81.08000183105469,81.08000183105469,79.16999816894531,79.19000244140625,75.01335144042969,2119600,CF,yfinance,2026-02-10T05:08:32.006375+00:00
2023-11-07,79.0,79.37000274658203,77.94999694824219,78.4800033569336,74.34080505371094,1894700,CF,yfinance,2026-02-10T05:08:32.006375+00:00
2023-11-08,79.5,81.23999786376953,79.26000213623047,79.93000030517578,75.7143325805664,1646500,CF,yfinance,2026-02-10T05:08:32.006375+00:00
2023-11-09,80.87999725341797,81.9000015258789,79.94000244140625,80.27999877929688,76.0458755493164,1579900,CF,yfinance,2026-02-10T05:08:32.006375+00:00
2023-11-10,80.45999908447266,80.54000091552734,78.4800033569336,79.52999877929688,75.33543395996094,2044400,CF,yfinance,2026-02-10T05:08:32.006375+00:00
2023-11-13,79.33000183105469,80.63999938964844,79.2300033569336,79.8499984741211,75.6385498046875,1851000,CF,yfinance,2026-02-10T05:08:32.006375+00:00
2023-11-14,79.56999969482422,80.86000061035156,79.3499984741211,80.05000305175781,76.20976257324219,1644600,CF,yfinance,2026-02-10T05:08:32.006375+00:00
2023-11-15,79.87999725341797,80.91999816894531,79.68000030517578,80.41999816894531,76.56201171875,2081200,CF,yfinance,2026-02-10T05:08:32.006375+00:00
2023-11-16,81.06999969482422,82.98999786376953,79.66000366210938,80.11000061035156,76.26689147949219,1704700,CF,yfinance,2026-02-10T05:08:32.006375+00:00
2023-11-17,80.54000091552734,80.69999694824219,77.44000244140625,77.45999908447266,73.7440185546875,2624900,CF,yfinance,2026-02-10T05:08:32.006375+00:00
2023-11-20,77.6500015258789,78.01000213623047,76.83000183105469,76.9800033569336,73.28704071044922,2505300,CF,yfinance,2026-02-10T05:08:32.006375+00:00
2023-11-21,76.69999694824219,77.31999969482422,75.01000213623047,76.48999786376953,72.82054901123047,3367800,CF,yfinance,2026-02-10T05:08:32.006375+00:00
2023-11-22,75.2699966430664,76.48999786376953,74.08000183105469,76.41000366210938,72.744384765625,2606300,CF,yfinance,2026-02-10T05:08:32.006375+00:00
2023-11-24,76.58999633789062,79.13999938964844,76.26000213623047,78.36000061035156,74.60083770751953,2034200,CF,yfinance,2026-02-10T05:08:32.006375+00:00
2023-11-27,77.61000061035156,78.01000213623047,75.69000244140625,75.9000015258789,72.25885772705078,1974400,CF,yfinance,2026-02-10T05:08:32.006375+00:00
2023-11-28,75.56999969482422,76.08000183105469,74.73999786376953,75.5999984741211,71.97323608398438,2004100,CF,yfinance,2026-02-10T05:08:32.006375+00:00
2023-11-29,75.58999633789062,75.76000213623047,74.58000183105469,74.75,71.16401672363281,2814300,CF,yfinance,2026-02-10T05:08:32.006375+00:00
2023-11-30,75.0,75.51000213623047,73.8499984741211,75.1500015258789,71.5448226928711,5084600,CF,yfinance,2026-02-10T05:08:32.006375+00:00
2023-12-01,75.9000015258789,76.91999816894531,75.19999694824219,76.30999755859375,72.64918518066406,3364700,CF,yfinance,2026-02-10T05:08:32.006375+00:00
2023-12-04,75.68000030517578,76.38999938964844,73.0999984741211,73.86000061035156,70.31671142578125,2547300,CF,yfinance,2026-02-10T05:08:32.006375+00:00
2023-12-05,73.87999725341797,74.66000366210938,72.80000305175781,73.22000122070312,69.70741271972656,2849100,CF,yfinance,2026-02-10T05:08:32.006375+00:00
2023-12-06,73.48999786376953,74.7300033569336,73.37999725341797,74.30000305175781,70.73560333251953,2103600,CF,yfinance,2026-02-10T05:08:32.006375+00:00
2023-12-07,75.38999938964844,78.1500015258789,75.0,77.52999877929688,73.81065368652344,3275600,CF,yfinance,2026-02-10T05:08:32.006375+00:00
2023-12-08,77.55999755859375,78.2699966430664,75.72000122070312,76.55999755859375,72.8871841430664,1790000,CF,yfinance,2026-02-10T05:08:32.006375+00:00
2023-12-11,76.56999969482422,76.80000305175781,74.7699966430664,75.4800033569336,71.85899353027344,1655400,CF,yfinance,2026-02-10T05:08:32.006375+00:00
2023-12-12,75.0,75.0,73.0,74.16999816894531,70.6118392944336,1577300,CF,yfinance,2026-02-10T05:08:32.006375+00:00
2023-12-13,74.31999969482422,76.38999938964844,74.12999725341797,76.2300033569336,72.5730209350586,2091600,CF,yfinance,2026-02-10T05:08:32.006375+00:00
2023-12-14,77.19000244140625,78.63999938964844,76.69000244140625,76.87999725341797,73.19183349609375,2178200,CF,yfinance,2026-02-10T05:08:32.006375+00:00
2023-12-15,76.70999908447266,76.94999694824219,75.43000030517578,76.23999786376953,72.58255004882812,4097900,CF,yfinance,2026-02-10T05:08:32.006375+00:00
2023-12-18,78.37999725341797,78.86000061035156,76.98999786376953,77.19999694824219,73.4964828491211,2134400,CF,yfinance,2026-02-10T05:08:32.006375+00:00
2023-12-19,77.01000213623047,78.93000030517578,76.87000274658203,78.30999755859375,74.55323028564453,2036000,CF,yfinance,2026-02-10T05:08:32.006375+00:00
2023-12-20,77.73999786376953,79.19000244140625,77.6500015258789,77.7699966430664,74.03913116455078,1753300,CF,yfinance,2026-02-10T05:08:32.006375+00:00
2023-12-21,78.2300033569336,80.19000244140625,77.0,79.83000183105469,76.00032806396484,2762500,CF,yfinance,2026-02-10T05:08:32.006375+00:00
2023-12-22,80.19999694824219,80.88999938964844,79.26000213623047,80.44999694824219,76.59056091308594,1598900,CF,yfinance,2026-02-10T05:08:32.006375+00:00
2023-12-26,80.38999938964844,81.63999938964844,80.31999969482422,80.6500015258789,76.78097534179688,923400,CF,yfinance,2026-02-10T05:08:32.006375+00:00
2023-12-27,80.43000030517578,81.08999633789062,80.12000274658203,80.51000213623047,76.64769744873047,804600,CF,yfinance,2026-02-10T05:08:32.006375+00:00
2023-12-28,80.38999938964844,81.27999877929688,79.62000274658203,79.66000366210938,75.8384780883789,801900,CF,yfinance,2026-02-10T05:08:32.006375+00:00
2023-12-29,79.02999877929688,79.77999877929688,78.3499984741211,79.5,75.68614959716797,1162700,CF,yfinance,2026-02-10T05:08:32.006375+00:00
2024-01-02,79.75,81.7699966430664,79.68000030517578,81.61000061035156,77.6949234008789,2091100,CF,yfinance,2026-02-10T05:08:32.006375+00:00
2024-01-03,81.2300033569336,83.26000213623047,80.86000061035156,82.69999694824219,78.73263549804688,2160400,CF,yfinance,2026-02-10T05:08:32.006375+00:00
2024-01-04,83.41999816894531,83.9800033569336,80.62000274658203,81.13999938964844,77.24747467041016,1795200,CF,yfinance,2026-02-10T05:08:32.006375+00:00
2024-01-05,81.30000305175781,81.61000061035156,80.22000122070312,81.13999938964844,77.24747467041016,2719300,CF,yfinance,2026-02-10T05:08:32.006375+00:00
2024-01-08,80.16000366210938,80.33999633789062,78.2300033569336,79.19000244140625,75.39102172851562,1529700,CF,yfinance,2026-02-10T05:08:32.006375+00:00
2024-01-09,79.1500015258789,79.98999786376953,78.22000122070312,78.37999725341797,74.619873046875,2098400,CF,yfinance,2026-02-10T05:08:32.006375+00:00
2024-01-10,78.23999786376953,79.36000061035156,77.61000061035156,78.08000183105469,74.33428192138672,1646100,CF,yfinance,2026-02-10T05:08:32.006375+00:00
2024-01-11,78.0999984741211,78.97000122070312,77.83000183105469,78.77999877929688,75.00067901611328,1687100,CF,yfinance,2026-02-10T05:08:32.006375+00:00
2024-01-12,79.54000091552734,79.62000274658203,76.54000091552734,77.19000244140625,73.48697662353516,1621700,CF,yfinance,2026-02-10T05:08:32.006375+00:00
2024-01-16,76.58000183105469,76.6500015258789,75.04000091552734,76.16999816894531,72.51589965820312,2213000,CF,yfinance,2026-02-10T05:08:32.006375+00:00
2024-01-17,75.30000305175781,75.86000061035156,74.70999908447266,75.22000122070312,71.61148071289062,1826500,CF,yfinance,2026-02-10T05:08:32.006375+00:00
2024-01-18,75.19999694824219,75.19999694824219,73.69999694824219,75.0199966430664,71.42106628417969,2024800,CF,yfinance,2026-02-10T05:08:32.006375+00:00
2024-01-19,75.0199966430664,75.19999694824219,73.79000091552734,74.98999786376953,71.39250183105469,2126500,CF,yfinance,2026-02-10T05:08:32.006375+00:00
2024-01-22,74.7699966430664,75.30000305175781,73.6500015258789,74.97000122070312,71.37347412109375,1608900,CF,yfinance,2026-02-10T05:08:32.006375+00:00
2024-01-23,75.70999908447266,77.01000213623047,75.3499984741211,76.05999755859375,72.41117858886719,1813500,CF,yfinance,2026-02-10T05:08:32.006375+00:00
2024-01-24,76.33000183105469,76.80999755859375,75.80000305175781,76.7699966430664,73.08711242675781,1444400,CF,yfinance,2026-02-10T05:08:32.006375+00:00
2024-01-25,76.91000366210938,77.3499984741211,75.05000305175781,76.94999694824219,73.25847625732422,1672400,CF,yfinance,2026-02-10T05:08:32.006375+00:00
2024-01-26,77.44000244140625,77.97000122070312,76.73999786376953,77.48999786376953,73.77257537841797,1686300,CF,yfinance,2026-02-10T05:08:32.006375+00:00
2024-01-29,77.26000213623047,77.75,76.69000244140625,77.48999786376953,73.77257537841797,1627200,CF,yfinance,2026-02-10T05:08:32.006375+00:00
2024-01-30,76.88999938964844,77.83000183105469,76.61000061035156,77.4000015258789,73.68688201904297,1565300,CF,yfinance,2026-02-10T05:08:32.006375+00:00
2024-01-31,76.12000274658203,76.70999908447266,75.13999938964844,75.51000213623047,71.88756561279297,2281500,CF,yfinance,2026-02-10T05:08:32.006375+00:00
2024-02-01,76.9800033569336,77.16000366210938,75.83000183105469,76.83999633789062,73.15374755859375,2716400,CF,yfinance,2026-02-10T05:08:32.006375+00:00
2024-02-02,76.55000305175781,76.87000274658203,75.20999908447266,76.5199966430664,72.8490982055664,1635600,CF,yfinance,2026-02-10T05:08:32.006375+00:00
2024-02-05,75.38999938964844,76.95999908447266,74.97000122070312,76.0999984741211,72.44926452636719,1544200,CF,yfinance,2026-02-10T05:08:32.006375+00:00
2024-02-06,75.93000030517578,77.30999755859375,75.58000183105469,76.13999938964844,72.48734283447266,1885500,CF,yfinance,2026-02-10T05:08:32.006375+00:00
2024-02-07,76.20999908447266,76.54000091552734,75.45999908447266,76.36000061035156,72.69678497314453,1279300,CF,yfinance,2026-02-10T05:08:32.006375+00:00
2024-02-08,76.02999877929688,76.5999984741211,75.51000213623047,76.51000213623047,72.839599609375,1066700,CF,yfinance,2026-02-10T05:08:32.006375+00:00
2024-02-09,76.83000183105469,78.51000213623047,76.66999816894531,78.08000183105469,74.33428192138672,1806400,CF,yfinance,2026-02-10T05:08:32.006375+00:00
2024-02-12,78.12000274658203,79.2699966430664,77.91000366210938,78.86000061035156,75.07685089111328,1789100,CF,yfinance,2026-02-10T05:08:32.006375+00:00
2024-02-13,78.45999908447266,78.86000061035156,76.5199966430664,77.0199966430664,73.32511901855469,2215600,CF,yfinance,2026-02-10T05:08:32.006375+00:00
2024-02-14,77.19999694824219,77.88999938964844,76.16999816894531,77.58000183105469,74.34087371826172,2217600,CF,yfinance,2026-02-10T05:08:32.006375+00:00
2024-02-15,77.86000061035156,80.31999969482422,76.69999694824219,76.80000305175781,73.59343719482422,4278900,CF,yfinance,2026-02-10T05:08:32.006375+00:00
2024-02-16,77.58000183105469,78.22000122070312,76.55999755859375,77.69999694824219,74.45585632324219,2498800,CF,yfinance,2026-02-10T05:08:32.006375+00:00
2024-02-20,77.23999786376953,78.05000305175781,76.80000305175781,77.19000244140625,73.96714782714844,2815000,CF,yfinance,2026-02-10T05:08:32.006375+00:00
2024-02-21,77.0,78.62999725341797,76.12000274658203,77.7699966430664,74.52293395996094,2314600,CF,yfinance,2026-02-10T05:08:32.006375+00:00
2024-02-22,77.8499984741211,80.20999908447266,77.61000061035156,79.69999694824219,76.37235260009766,2169000,CF,yfinance,2026-02-10T05:08:32.006375+00:00
2024-02-23,79.30000305175781,81.30999755859375,79.08000183105469,80.41000366210938,77.0527114868164,2677200,CF,yfinance,2026-02-10T05:08:32.006375+00:00
2024-02-26,79.97000122070312,81.06999969482422,79.70999908447266,80.44000244140625,77.08146667480469,1784700,CF,yfinance,2026-02-10T05:08:32.006375+00:00
2024-02-27,80.44000244140625,80.8499984741211,79.70999908447266,79.77999877929688,76.44900512695312,1983000,CF,yfinance,2026-02-10T05:08:32.006375+00:00
2024-02-28,79.19000244140625,80.76000213623047,79.19000244140625,79.9000015258789,76.56400299072266,2758300,CF,yfinance,2026-02-10T05:08:32.006375+00:00
2024-02-29,79.4800033569336,81.2699966430664,79.0199966430664,80.72000122070312,77.34976196289062,3609100,CF,yfinance,2026-02-10T05:08:32.006375+00:00
2024-03-01,81.0,82.83999633789062,80.75,82.5,79.05545043945312,2834600,CF,yfinance,2026-02-10T05:08:32.006375+00:00
2024-03-04,82.43000030517578,83.22000122070312,79.80999755859375,79.86000061035156,76.52567291259766,4053700,CF,yfinance,2026-02-10T05:08:32.006375+00:00
2024-03-05,79.72000122070312,81.23999786376953,79.33999633789062,79.5199966430664,76.19986724853516,2841100,CF,yfinance,2026-02-10T05:08:32.006375+00:00
2024-03-06,81.91000366210938,83.30000305175781,80.94000244140625,81.58000183105469,78.17387390136719,3852000,CF,yfinance,2026-02-10T05:08:32.006375+00:00
2024-03-07,82.19000244140625,84.4000015258789,81.7699966430664,83.87999725341797,80.37782287597656,2535900,CF,yfinance,2026-02-10T05:08:32.006375+00:00
2024-03-08,84.0199966430664,85.62000274658203,83.2699966430664,84.33999633789062,80.81861877441406,3233100,CF,yfinance,2026-02-10T05:08:32.006375+00:00
2024-03-11,84.08000183105469,85.16000366210938,83.44000244140625,85.06999969482422,81.51814270019531,2033500,CF,yfinance,2026-02-10T05:08:32.006375+00:00
2024-03-12,85.36000061035156,85.70999908447266,84.41999816894531,85.41000366210938,81.84394836425781,2567600,CF,yfinance,2026-02-10T05:08:32.006375+00:00
2024-03-13,85.7300033569336,86.33000183105469,84.62999725341797,84.68000030517578,81.1444320678711,2443000,CF,yfinance,2026-02-10T05:08:32.006375+00:00
2024-03-14,84.37000274658203,84.93000030517578,83.27999877929688,83.87000274658203,80.36825561523438,2667400,CF,yfinance,2026-02-10T05:08:32.006375+00:00
2024-03-15,83.52999877929688,85.0999984741211,83.18000030517578,83.41999816894531,79.9370346069336,16560700,CF,yfinance,2026-02-10T05:08:32.006375+00:00
2024-03-18,84.12000274658203,86.41999816894531,83.29000091552734,85.9800033569336,82.39015197753906,3171600,CF,yfinance,2026-02-10T05:08:32.006375+00:00
2024-03-19,85.94000244140625,86.43000030517578,85.02999877929688,86.29000091552734,82.68720245361328,2641600,CF,yfinance,2026-02-10T05:08:32.006375+00:00
2024-03-20,86.0999984741211,87.04000091552734,85.33000183105469,86.13999938964844,82.54347229003906,2396100,CF,yfinance,2026-02-10T05:08:32.006375+00:00
2024-03-21,86.38999938964844,86.8499984741211,85.19000244140625,85.6500015258789,82.07392883300781,2275600,CF,yfinance,2026-02-10T05:08:32.006375+00:00
2024-03-22,85.80000305175781,86.31999969482422,83.33999633789062,83.66000366210938,80.1670150756836,2298500,CF,yfinance,2026-02-10T05:08:32.006375+00:00
2024-03-25,84.08999633789062,84.58000183105469,82.75,83.01000213623047,79.54414367675781,2381900,CF,yfinance,2026-02-10T05:08:32.006375+00:00
2024-03-26,82.94999694824219,83.55999755859375,81.80000305175781,81.80999755859375,78.39424896240234,2441800,CF,yfinance,2026-02-10T05:08:32.006375+00:00
2024-03-27,82.19999694824219,82.9000015258789,81.83000183105469,82.61000061035156,79.16085815429688,2419900,CF,yfinance,2026-02-10T05:08:32.006375+00:00
2024-03-28,82.83000183105469,83.94000244140625,81.91999816894531,83.20999908447266,79.73580169677734,2325200,CF,yfinance,2026-02-10T05:08:32.006375+00:00
2024-04-01,83.5,83.76000213623047,82.66999816894531,83.33000183105469,79.8508071899414,1424800,CF,yfinance,2026-02-10T05:08:32.006375+00:00
2024-04-02,83.54000091552734,85.05000305175781,82.33000183105469,82.94000244140625,79.47708129882812,1746100,CF,yfinance,2026-02-10T05:08:32.006375+00:00
2024-04-03,83.0199966430664,83.44000244140625,82.44999694824219,83.20999908447266,79.73580169677734,1543200,CF,yfinance,2026-02-10T05:08:32.006375+00:00
2024-04-04,83.66000366210938,86.2699966430664,82.83999633789062,86.18000030517578,82.58180236816406,3585300,CF,yfinance,2026-02-10T05:08:32.006375+00:00
2024-04-05,85.31999969482422,86.19000244140625,84.33999633789062,85.11000061035156,81.55647277832031,2755300,CF,yfinance,2026-02-10T05:08:32.006375+00:00
2024-04-08,85.20999908447266,85.4800033569336,79.68000030517578,79.79000091552734,76.45861053466797,4609500,CF,yfinance,2026-02-10T05:08:32.006375+00:00
2024-04-09,80.0,81.41999816894531,79.5,81.12000274658203,77.73307037353516,2607500,CF,yfinance,2026-02-10T05:08:32.006375+00:00
2024-04-10,79.4800033569336,81.08999633789062,78.8499984741211,80.88999938964844,77.51264953613281,3303900,CF,yfinance,2026-02-10T05:08:32.006375+00:00
2024-04-11,80.6500015258789,81.0199966430664,79.87000274658203,80.83999633789062,77.46475219726562,2348000,CF,yfinance,2026-02-10T05:08:32.006375+00:00
2024-04-12,79.79000091552734,80.83000183105469,77.94000244140625,78.0999984741211,74.83916473388672,3429800,CF,yfinance,2026-02-10T05:08:32.006375+00:00
2024-04-15,78.37999725341797,79.45999908447266,77.62999725341797,78.06999969482422,74.81040954589844,2419600,CF,yfinance,2026-02-10T05:08:32.006375+00:00
2024-04-16,78.11000061035156,78.80999755859375,77.66999816894531,77.75,74.50376892089844,2027600,CF,yfinance,2026-02-10T05:08:32.006375+00:00
2024-04-17,78.19000244140625,78.36000061035156,77.0999984741211,77.80000305175781,74.55168151855469,1839200,CF,yfinance,2026-02-10T05:08:32.006375+00:00
2024-04-18,80.5999984741211,81.19000244140625,79.19999694824219,79.58999633789062,76.2669448852539,4194400,CF,yfinance,2026-02-10T05:08:32.006375+00:00
2024-04-19,79.63999938964844,80.6500015258789,79.30000305175781,79.47000122070312,76.1519546508789,1503900,CF,yfinance,2026-02-10T05:08:32.006375+00:00
2024-04-22,79.05000305175781,79.44999694824219,78.30999755859375,78.80000305175781,75.50994110107422,1400000,CF,yfinance,2026-02-10T05:08:32.006375+00:00
2024-04-23,78.2699966430664,79.48999786376953,77.94000244140625,78.54000091552734,75.26078796386719,1606900,CF,yfinance,2026-02-10T05:08:32.006375+00:00
2024-04-24,78.44999694824219,79.41000366210938,78.05999755859375,79.25,75.94113159179688,1416200,CF,yfinance,2026-02-10T05:08:32.006375+00:00
2024-04-25,79.08999633789062,80.0,78.29000091552734,79.97000122070312,76.6310806274414,1507300,CF,yfinance,2026-02-10T05:08:32.006375+00:00
2024-04-26,79.66000366210938,80.08999633789062,78.9800033569336,80.0,76.65982055664062,1380400,CF,yfinance,2026-02-10T05:08:32.006375+00:00
2024-04-29,80.4800033569336,81.41000366210938,79.69000244140625,80.83000183105469,77.45516967773438,1222100,CF,yfinance,2026-02-10T05:08:32.006375+00:00
2024-04-30,80.87999725341797,80.87999725341797,78.83999633789062,78.97000122070312,75.67283630371094,1869500,CF,yfinance,2026-02-10T05:08:32.006375+00:00
2024-05-01,78.9000015258789,79.12000274658203,77.5,77.97000122070312,74.71458435058594,1889300,CF,yfinance,2026-02-10T05:08:32.006375+00:00
2024-05-02,76.5,76.5,73.12999725341797,73.87000274658203,70.7857666015625,4327100,CF,yfinance,2026-02-10T05:08:32.006375+00:00
2024-05-03,74.11000061035156,75.16999816894531,73.41000366210938,74.08999633789062,70.99658966064453,2360700,CF,yfinance,2026-02-10T05:08:32.006375+00:00
2024-05-06,74.66000366210938,75.33999633789062,73.91999816894531,74.51000213623047,71.3990478515625,2433900,CF,yfinance,2026-02-10T05:08:32.006375+00:00
2024-05-07,74.44999694824219,75.23999786376953,74.20999908447266,74.98999786376953,71.85899353027344,2882800,CF,yfinance,2026-02-10T05:08:32.006375+00:00
2024-05-08,74.4000015258789,74.62000274658203,73.04000091552734,73.25,70.191650390625,3092500,CF,yfinance,2026-02-10T05:08:32.006375+00:00
2024-05-09,73.5999984741211,74.66000366210938,73.31999969482422,74.29000091552734,71.188232421875,1673300,CF,yfinance,2026-02-10T05:08:32.006375+00:00
2024-05-10,74.63999938964844,75.16000366210938,73.83000183105469,73.94999694824219,70.8624267578125,1283900,CF,yfinance,2026-02-10T05:08:32.006375+00:00
2024-05-13,74.33000183105469,75.48999786376953,73.91999816894531,74.26000213623047,71.15947723388672,1886100,CF,yfinance,2026-02-10T05:08:32.006375+00:00
2024-05-14,73.97000122070312,74.5199966430664,73.94000244140625,74.37999725341797,71.75762939453125,1263300,CF,yfinance,2026-02-10T05:08:32.006375+00:00
2024-05-15,74.72000122070312,75.33999633789062,74.0199966430664,74.81999969482422,72.18211364746094,1653000,CF,yfinance,2026-02-10T05:08:32.006375+00:00
2024-05-16,74.80999755859375,77.5199966430664,74.45999908447266,77.31999969482422,74.5939712524414,2681300,CF,yfinance,2026-02-10T05:08:32.006375+00:00
2024-05-17,77.27999877929688,77.4000015258789,75.73999786376953,76.22000122070312,73.53275299072266,1285500,CF,yfinance,2026-02-10T05:08:32.006375+00:00
2024-05-20,76.1500015258789,79.22000122070312,76.1500015258789,78.55999755859375,75.79025268554688,1966600,CF,yfinance,2026-02-10T05:08:32.006375+00:00
2024-05-21,78.36000061035156,79.4000015258789,77.58999633789062,78.58000183105469,75.80955505371094,1587600,CF,yfinance,2026-02-10T05:08:32.006375+00:00
2024-05-22,77.72000122070312,80.91999816894531,77.05999755859375,79.68000030517578,76.87076568603516,2263400,CF,yfinance,2026-02-10T05:08:32.006375+00:00
2024-05-23,79.43000030517578,79.5199966430664,77.77999877929688,78.26000213623047,75.50083923339844,2838200,CF,yfinance,2026-02-10T05:08:32.006375+00:00
2024-05-24,78.5,78.61000061035156,77.05999755859375,77.51000213623047,74.77727508544922,1867500,CF,yfinance,2026-02-10T05:08:32.006375+00:00
2024-05-28,77.56999969482422,79.2699966430664,77.56999969482422,78.70999908447266,75.93496704101562,1879000,CF,yfinance,2026-02-10T05:08:32.006375+00:00
2024-05-29,78.1500015258789,78.5,76.87000274658203,77.0999984741211,74.3817367553711,1704300,CF,yfinance,2026-02-10T05:08:32.006375+00:00
2024-05-30,76.93000030517578,77.7300033569336,76.26000213623047,76.9800033569336,74.26596069335938,1655100,CF,yfinance,2026-02-10T05:08:32.006375+00:00
2024-05-31,76.97000122070312,79.7699966430664,76.4000015258789,79.7300033569336,76.91900634765625,5632500,CF,yfinance,2026-02-10T05:08:32.006375+00:00
2024-06-03,79.36000061035156,80.91999816894531,79.1500015258789,80.54000091552734,77.70044708251953,2480700,CF,yfinance,2026-02-10T05:08:32.006375+00:00
2024-06-04,81.26000213623047,82.13999938964844,79.36000061035156,80.51000213623047,77.67150115966797,3007500,CF,yfinance,2026-02-10T05:08:32.006375+00:00
2024-06-05,80.08000183105469,80.08000183105469,76.08000183105469,76.83999633789062,74.13088989257812,2907800,CF,yfinance,2026-02-10T05:08:32.006375+00:00
2024-06-06,76.91000366210938,77.68000030517578,76.44000244140625,77.30000305175781,74.5746841430664,1522600,CF,yfinance,2026-02-10T05:08:32.006375+00:00
2024-06-07,77.6500015258789,78.66999816894531,77.18000030517578,77.86000061035156,75.11492919921875,1916600,CF,yfinance,2026-02-10T05:08:32.006375+00:00
2024-06-10,77.56999969482422,78.97000122070312,77.29000091552734,78.66999816894531,75.89636993408203,1923400,CF,yfinance,2026-02-10T05:08:32.006375+00:00
2024-06-11,78.12000274658203,78.12000274658203,76.30000305175781,76.80999755859375,74.1019515991211,1617200,CF,yfinance,2026-02-10T05:08:32.006375+00:00
2024-06-12,77.0,77.80000305175781,74.80999755859375,75.19000244140625,72.5390853881836,1828000,CF,yfinance,2026-02-10T05:08:32.006375+00:00
2024-06-13,75.16000366210938,75.44000244140625,72.45999908447266,72.94999694824219,70.37803649902344,3132400,CF,yfinance,2026-02-10T05:08:32.006375+00:00
2024-06-14,72.6500015258789,73.75,72.54000091552734,73.26000213623047,70.67711639404297,1764000,CF,yfinance,2026-02-10T05:08:32.006375+00:00
2024-06-17,73.19000244140625,74.41000366210938,73.13999938964844,74.0199966430664,71.41031646728516,1865700,CF,yfinance,2026-02-10T05:08:32.006375+00:00
2024-06-18,74.1500015258789,74.88999938964844,73.27999877929688,73.55000305175781,70.95689392089844,2017400,CF,yfinance,2026-02-10T05:08:32.006375+00:00
2024-06-20,73.72000122070312,75.04000091552734,73.62000274658203,74.12999725341797,71.51644134521484,2458600,CF,yfinance,2026-02-10T05:08:32.006375+00:00
2024-06-21,73.9000015258789,74.19000244140625,72.80999755859375,73.11000061035156,70.53239440917969,5844700,CF,yfinance,2026-02-10T05:08:32.006375+00:00
2024-06-24,73.86000061035156,76.05000305175781,73.54000091552734,75.5999984741211,72.93460845947266,2835500,CF,yfinance,2026-02-10T05:08:32.006375+00:00
2024-06-25,75.12999725341797,76.06999969482422,74.87999725341797,75.44000244140625,72.7802505493164,1222300,CF,yfinance,2026-02-10T05:08:32.006375+00:00
2024-06-26,75.41000366210938,76.31999969482422,75.12999725341797,76.22000122070312,73.53275299072266,1674900,CF,yfinance,2026-02-10T05:08:32.006375+00:00
2024-06-27,75.86000061035156,76.41999816894531,74.70999908447266,74.76000213623047,72.12422943115234,1471300,CF,yfinance,2026-02-10T05:08:32.006375+00:00
2024-06-28,75.16000366210938,75.56999969482422,73.8499984741211,74.12000274658203,71.50679016113281,2999600,CF,yfinance,2026-02-10T05:08:32.006375+00:00
2024-07-01,74.29000091552734,74.80000305175781,73.20999908447266,73.37999725341797,70.79287719726562,1320600,CF,yfinance,2026-02-10T05:08:32.006375+00:00
2024-07-02,73.58999633789062,73.7300033569336,70.44000244140625,70.83000183105469,68.33279418945312,2207100,CF,yfinance,2026-02-10T05:08:32.006375+00:00
2024-07-03,70.83000183105469,71.18000030517578,69.80000305175781,69.95999908447266,67.49345397949219,1879900,CF,yfinance,2026-02-10T05:08:32.006375+00:00
2024-07-05,69.80999755859375,70.52999877929688,69.33000183105469,70.13999938964844,67.66710662841797,3342600,CF,yfinance,2026-02-10T05:08:32.006375+00:00
2024-07-08,70.0999984741211,70.44000244140625,69.16000366210938,69.37999725341797,66.93391418457031,1830700,CF,yfinance,2026-02-10T05:08:32.006375+00:00
2024-07-09,69.19000244140625,70.11000061035156,69.12999725341797,69.87000274658203,67.4066390991211,2123700,CF,yfinance,2026-02-10T05:08:32.006375+00:00
2024-07-10,70.0199966430664,70.19000244140625,69.37999725341797,69.75,67.2908706665039,2205200,CF,yfinance,2026-02-10T05:08:32.006375+00:00
2024-07-11,69.98999786376953,71.41000366210938,69.97000122070312,70.3499984741211,67.86970520019531,1758700,CF,yfinance,2026-02-10T05:08:32.006375+00:00
2024-07-12,70.81999969482422,71.02999877929688,70.01000213623047,70.63999938964844,68.14949035644531,1411700,CF,yfinance,2026-02-10T05:08:32.006375+00:00
2024-07-15,70.29000091552734,70.86000061035156,69.72000122070312,70.75,68.25559997558594,1625500,CF,yfinance,2026-02-10T05:08:32.006375+00:00
2024-07-16,70.36000061035156,73.51000213623047,70.30999755859375,73.19999694824219,70.61923217773438,1716800,CF,yfinance,2026-02-10T05:08:32.006375+00:00
2024-07-17,73.18000030517578,73.72000122070312,72.62000274658203,72.87000274658203,70.30085754394531,1752800,CF,yfinance,2026-02-10T05:08:32.006375+00:00
2024-07-18,72.70999908447266,73.18000030517578,72.04000091552734,72.41000366210938,69.85709381103516,1243800,CF,yfinance,2026-02-10T05:08:32.006375+00:00
2024-07-19,72.87000274658203,72.87000274658203,71.12000274658203,71.73999786376953,69.21070861816406,1124900,CF,yfinance,2026-02-10T05:08:32.006375+00:00
2024-07-22,72.08000183105469,72.18000030517578,71.02999877929688,71.38999938964844,68.87303924560547,992100,CF,yfinance,2026-02-10T05:08:32.006375+00:00
2024-07-23,70.80999755859375,71.37000274658203,70.41999816894531,70.5199966430664,68.03370666503906,1935300,CF,yfinance,2026-02-10T05:08:32.006375+00:00
2024-07-24,70.77999877929688,71.62000274658203,70.48999786376953,71.4800033569336,68.95986938476562,1216500,CF,yfinance,2026-02-10T05:08:32.006375+00:00
2024-07-25,71.41000366210938,73.94000244140625,71.2699966430664,73.51000213623047,70.91830444335938,1615500,CF,yfinance,2026-02-10T05:08:32.006375+00:00
2024-07-26,73.83999633789062,75.13999938964844,73.69999694824219,75.04000091552734,72.39435577392578,1668600,CF,yfinance,2026-02-10T05:08:32.006375+00:00
2024-07-29,75.01000213623047,75.22000122070312,74.01000213623047,74.62999725341797,71.9988021850586,1235500,CF,yfinance,2026-02-10T05:08:32.006375+00:00
2024-07-30,74.56999969482422,76.79000091552734,74.33999633789062,76.43000030517578,73.73534393310547,1678700,CF,yfinance,2026-02-10T05:08:32.006375+00:00
2024-07-31,76.5,77.54000091552734,76.23999786376953,76.38999938964844,73.69676208496094,1540900,CF,yfinance,2026-02-10T05:08:32.006375+00:00
2024-08-01,76.54000091552734,77.83999633789062,75.55000305175781,75.80000305175781,73.1275634765625,1579700,CF,yfinance,2026-02-10T05:08:32.006375+00:00
2024-08-02,75.05999755859375,75.22000122070312,71.80000305175781,73.22000122070312,70.63853454589844,1751700,CF,yfinance,2026-02-10T05:08:32.006375+00:00
2024-08-05,72.22000122070312,72.98999786376953,71.47000122070312,72.86000061035156,70.29121398925781,1588200,CF,yfinance,2026-02-10T05:08:32.006375+00:00
2024-08-06,73.0,73.58999633789062,72.1500015258789,73.4000015258789,70.81218719482422,1823000,CF,yfinance,2026-02-10T05:08:32.006375+00:00
2024-08-07,74.4800033569336,75.2300033569336,73.22000122070312,73.30000305175781,70.7156982421875,2877000,CF,yfinance,2026-02-10T05:08:32.006375+00:00
2024-08-08,77.19000244140625,79.62000274658203,75.52999877929688,79.52999877929688,76.7260513305664,2982100,CF,yfinance,2026-02-10T05:08:32.006375+00:00
2024-08-09,79.66999816894531,79.86000061035156,77.70999908447266,79.79000091552734,76.97689056396484,1554100,CF,yfinance,2026-02-10T05:08:32.006375+00:00
2024-08-12,80.0,81.83999633789062,79.95999908447266,80.8499984741211,77.99951934814453,2215100,CF,yfinance,2026-02-10T05:08:32.006375+00:00
2024-08-13,80.80000305175781,81.66000366210938,80.02999877929688,80.93000030517578,78.07669830322266,1283500,CF,yfinance,2026-02-10T05:08:32.006375+00:00
2024-08-14,80.58999633789062,81.0199966430664,80.0199966430664,80.55000305175781,77.7101058959961,1291600,CF,yfinance,2026-02-10T05:08:32.006375+00:00
2024-08-15,80.8499984741211,80.94999694824219,79.44999694824219,79.77999877929688,77.44799041748047,1533200,CF,yfinance,2026-02-10T05:08:32.006375+00:00
2024-08-16,80.6500015258789,81.36000061035156,79.47000122070312,80.97000122070312,78.60321044921875,1777100,CF,yfinance,2026-02-10T05:08:32.006375+00:00
2024-08-19,81.2300033569336,81.77999877929688,80.9000015258789,81.13999938964844,78.76823425292969,863800,CF,yfinance,2026-02-10T05:08:32.006375+00:00
2024-08-20,80.94999694824219,81.30000305175781,79.98999786376953,80.05999755859375,77.71980285644531,1186700,CF,yfinance,2026-02-10T05:08:32.006375+00:00
2024-08-21,80.5999984741211,80.98999786376953,79.9800033569336,80.12999725341797,77.78775024414062,1252100,CF,yfinance,2026-02-10T05:08:32.006375+00:00
2024-08-22,80.08999633789062,80.18000030517578,78.55000305175781,78.87999725341797,76.57429504394531,1457100,CF,yfinance,2026-02-10T05:08:32.006375+00:00
2024-08-23,79.37000274658203,80.68000030517578,79.11000061035156,80.41000366210938,78.05957794189453,1249200,CF,yfinance,2026-02-10T05:08:32.006375+00:00
2024-08-26,80.52999877929688,81.97000122070312,80.08999633789062,81.63999938964844,79.25361633300781,1180500,CF,yfinance,2026-02-10T05:08:32.006375+00:00
2024-08-27,81.48999786376953,81.87000274658203,81.16999816894531,81.62000274658203,79.23421478271484,1300000,CF,yfinance,2026-02-10T05:08:32.006375+00:00
2024-08-28,81.0999984741211,82.26000213623047,81.0,81.8499984741211,79.45748138427734,1308900,CF,yfinance,2026-02-10T05:08:32.006375+00:00
2024-08-29,82.33999633789062,83.44000244140625,81.88999938964844,82.93000030517578,80.50590515136719,1380300,CF,yfinance,2026-02-10T05:08:32.006375+00:00
2024-08-30,82.86000061035156,83.30999755859375,82.19000244140625,83.08999633789062,80.6612319946289,1772200,CF,yfinance,2026-02-10T05:08:32.006375+00:00
2024-09-03,82.16999816894531,82.23999786376953,78.37999725341797,79.11000061035156,76.79757690429688,2946400,CF,yfinance,2026-02-10T05:08:32.006375+00:00
2024-09-04,79.81999969482422,80.87000274658203,79.81999969482422,80.12999725341797,77.78775024414062,1337700,CF,yfinance,2026-02-10T05:08:32.006375+00:00
2024-09-05,80.5,80.83000183105469,78.41999816894531,78.54000091552734,76.24423217773438,1363100,CF,yfinance,2026-02-10T05:08:32.006375+00:00
2024-09-06,78.38999938964844,79.69000244140625,78.01000213623047,78.55999755859375,76.2636489868164,1444200,CF,yfinance,2026-02-10T05:08:32.006375+00:00
2024-09-09,78.36000061035156,79.29000091552734,77.62999725341797,78.47000122070312,76.17627716064453,1484500,CF,yfinance,2026-02-10T05:08:32.006375+00:00
2024-09-10,78.33000183105469,78.41999816894531,76.47000122070312,76.77999877929688,74.53568267822266,1552800,CF,yfinance,2026-02-10T05:08:32.006375+00:00
2024-09-11,76.98999786376953,77.68000030517578,76.11000061035156,77.44999694824219,75.18608856201172,1462500,CF,yfinance,2026-02-10T05:08:32.006375+00:00
2024-09-12,77.48999786376953,78.68000030517578,77.48999786376953,77.69999694824219,75.42877960205078,1494000,CF,yfinance,2026-02-10T05:08:32.006375+00:00
2024-09-13,78.51000213623047,79.7699966430664,78.33000183105469,79.1500015258789,76.8364028930664,1279900,CF,yfinance,2026-02-10T05:08:32.006375+00:00
2024-09-16,79.20999908447266,80.43000030517578,79.20999908447266,79.7300033569336,77.39945220947266,1304900,CF,yfinance,2026-02-10T05:08:32.006375+00:00
2024-09-17,79.94999694824219,81.70999908447266,79.88999938964844,81.47000122070312,79.08858489990234,1564200,CF,yfinance,2026-02-10T05:08:32.006375+00:00
2024-09-18,81.93000030517578,82.80999755859375,81.31999969482422,81.48999786376953,79.10799407958984,1368800,CF,yfinance,2026-02-10T05:08:32.006375+00:00
2024-09-19,83.0,84.04000091552734,82.5,83.12999725341797,80.70006561279297,2667100,CF,yfinance,2026-02-10T05:08:32.006375+00:00
2024-09-20,82.52999877929688,82.9000015258789,81.5199966430664,81.61000061035156,79.22450256347656,5249600,CF,yfinance,2026-02-10T05:08:32.006375+00:00
2024-09-23,81.83000183105469,83.58000183105469,81.58000183105469,83.2699966430664,80.8359603881836,1581700,CF,yfinance,2026-02-10T05:08:32.006375+00:00
2024-09-24,84.36000061035156,85.3499984741211,84.2300033569336,84.88999938964844,82.40862274169922,1709800,CF,yfinance,2026-02-10T05:08:32.006375+00:00
2024-09-25,85.3499984741211,85.37999725341797,83.5199966430664,83.83999633789062,81.38931274414062,1492700,CF,yfinance,2026-02-10T05:08:32.006375+00:00
2024-09-26,83.8499984741211,85.20999908447266,83.81999969482422,85.01000213623047,82.5251235961914,1661100,CF,yfinance,2026-02-10T05:08:32.006375+00:00
2024-09-27,85.44000244140625,86.69999694824219,85.16000366210938,85.63999938964844,83.13670349121094,1000500,CF,yfinance,2026-02-10T05:08:32.006375+00:00
2024-09-30,85.68000030517578,85.97000122070312,84.98999786376953,85.80000305175781,83.29202270507812,1462800,CF,yfinance,2026-02-10T05:08:32.006375+00:00
2024-10-01,85.25,88.16000366210938,84.94999694824219,87.20999908447266,84.66081237792969,1804100,CF,yfinance,2026-02-10T05:08:32.006375+00:00
2024-10-02,87.87000274658203,89.63999938964844,87.77999877929688,88.1500015258789,85.57333374023438,1870800,CF,yfinance,2026-02-10T05:08:32.006375+00:00
2024-10-03,87.69999694824219,89.45999908447266,87.3499984741211,89.29000091552734,86.68000030517578,1536700,CF,yfinance,2026-02-10T05:08:32.006375+00:00
2024-10-04,89.94999694824219,90.86000061035156,89.02999877929688,90.1500015258789,87.5148696899414,1289800,CF,yfinance,2026-02-10T05:08:32.006375+00:00
2024-10-07,90.44999694824219,90.8499984741211,87.27999877929688,88.16999816894531,85.59274291992188,1997500,CF,yfinance,2026-02-10T05:08:32.006375+00:00
2024-10-08,86.87000274658203,87.66999816894531,85.91999816894531,86.80999755859375,84.27249908447266,1286600,CF,yfinance,2026-02-10T05:08:32.006375+00:00
2024-10-09,86.77999877929688,87.75,86.38999938964844,87.44999694824219,84.89378356933594,1100600,CF,yfinance,2026-02-10T05:08:32.006375+00:00
2024-10-10,87.62000274658203,88.55000305175781,86.44999694824219,88.2699966430664,85.68982696533203,1510700,CF,yfinance,2026-02-10T05:08:32.006375+00:00
2024-10-11,88.30999755859375,89.02999877929688,87.5,87.80999755859375,85.24325561523438,886000,CF,yfinance,2026-02-10T05:08:32.006375+00:00
2024-10-14,87.20999908447266,87.30999755859375,86.23999786376953,87.0,84.45694732666016,909000,CF,yfinance,2026-02-10T05:08:32.006375+00:00
2024-10-15,85.81999969482422,86.61000061035156,84.58000183105469,85.06999969482422,82.5833511352539,1685400,CF,yfinance,2026-02-10T05:08:32.006375+00:00
2024-10-16,83.76000213623047,85.37999725341797,83.11000061035156,84.58000183105469,82.10768127441406,1925400,CF,yfinance,2026-02-10T05:08:32.006375+00:00
2024-10-17,84.6500015258789,85.83999633789062,84.19999694824219,85.77999877929688,83.27259826660156,1422000,CF,yfinance,2026-02-10T05:08:32.006375+00:00
2024-10-18,86.01000213623047,86.26000213623047,83.5,83.98999786376953,81.53491973876953,1269700,CF,yfinance,2026-02-10T05:08:32.006375+00:00
2024-10-21,84.30999755859375,84.6500015258789,83.69000244140625,84.18000030517578,81.7193832397461,976000,CF,yfinance,2026-02-10T05:08:32.006375+00:00
2024-10-22,84.18000030517578,84.2300033569336,83.41000366210938,83.88999938964844,81.43785858154297,1131600,CF,yfinance,2026-02-10T05:08:32.006375+00:00
2024-10-23,83.69000244140625,84.51000213623047,83.69000244140625,84.16999816894531,81.70966339111328,1224200,CF,yfinance,2026-02-10T05:08:32.006375+00:00
2024-10-24,84.68000030517578,84.97000122070312,82.87999725341797,83.22000122070312,80.78743743896484,1340900,CF,yfinance,2026-02-10T05:08:32.006375+00:00
2024-10-25,83.41999816894531,83.94999694824219,82.75,83.19000244140625,80.75830841064453,1050400,CF,yfinance,2026-02-10T05:08:32.006375+00:00
2024-10-28,83.06999969482422,83.29000091552734,81.72000122070312,81.91000366210938,79.51573181152344,1907900,CF,yfinance,2026-02-10T05:08:32.006375+00:00
2024-10-29,81.98999786376953,82.43000030517578,81.33000183105469,81.36000061035156,78.98180389404297,1203900,CF,yfinance,2026-02-10T05:08:32.006375+00:00
2024-10-30,81.41000366210938,82.23999786376953,80.94000244140625,81.77999877929688,79.3895263671875,1406000,CF,yfinance,2026-02-10T05:08:32.006375+00:00
2024-10-31,83.43000030517578,84.62000274658203,80.73999786376953,82.2300033569336,79.82637786865234,3179800,CF,yfinance,2026-02-10T05:08:32.006375+00:00
2024-11-01,82.87000274658203,84.44000244140625,82.72000122070312,84.05999755859375,81.6028823852539,1569300,CF,yfinance,2026-02-10T05:08:32.006375+00:00
2024-11-04,85.12000274658203,86.7699966430664,84.16999816894531,86.41000366210938,83.88419342041016,2170200,CF,yfinance,2026-02-10T05:08:32.006375+00:00
2024-11-05,85.97000122070312,87.7699966430664,85.56999969482422,86.55999755859375,84.02980041503906,1409000,CF,yfinance,2026-02-10T05:08:32.006375+00:00
2024-11-06,86.1500015258789,86.54000091552734,82.47000122070312,83.08000183105469,80.65153503417969,3272700,CF,yfinance,2026-02-10T05:08:32.006375+00:00
2024-11-07,83.19999694824219,84.91000366210938,82.72000122070312,84.63999938964844,82.16593170166016,2201400,CF,yfinance,2026-02-10T05:08:32.006375+00:00
2024-11-08,83.68000030517578,84.9800033569336,83.05000305175781,83.70999908447266,81.26310729980469,2141000,CF,yfinance,2026-02-10T05:08:32.006375+00:00
2024-11-11,83.58000183105469,85.08999633789062,83.44999694824219,85.08000183105469,82.59306335449219,1829400,CF,yfinance,2026-02-10T05:08:32.006375+00:00
2024-11-12,84.70999908447266,85.22000122070312,83.7300033569336,84.22000122070312,81.75819396972656,2343300,CF,yfinance,2026-02-10T05:08:32.006375+00:00
2024-11-13,84.13999938964844,85.81999969482422,83.76000213623047,85.20999908447266,82.7192611694336,1503700,CF,yfinance,2026-02-10T05:08:32.006375+00:00
2024-11-14,85.75,86.66000366210938,85.22000122070312,85.73999786376953,83.23377227783203,1303900,CF,yfinance,2026-02-10T05:08:32.006375+00:00
2024-11-15,85.91000366210938,89.44999694824219,85.66999816894531,87.06999969482422,85.02070617675781,2334200,CF,yfinance,2026-02-10T05:08:32.006375+00:00
2024-11-18,87.2300033569336,87.7300033569336,86.02999877929688,87.37999725341797,85.32340240478516,1900500,CF,yfinance,2026-02-10T05:08:32.006375+00:00
2024-11-19,86.68000030517578,88.04000091552734,86.16000366210938,87.54000091552734,85.47964477539062,2096200,CF,yfinance,2026-02-10T05:08:32.006375+00:00
2024-11-20,87.66999816894531,90.37999725341797,87.4800033569336,89.91000366210938,87.79386138916016,2193600,CF,yfinance,2026-02-10T05:08:32.006375+00:00
2024-11-21,89.88999938964844,91.05999755859375,89.51000213623047,90.63999938964844,88.50668334960938,1734600,CF,yfinance,2026-02-10T05:08:32.006375+00:00
2024-11-22,90.06999969482422,90.86000061035156,89.62999725341797,89.79000091552734,87.67668151855469,1542300,CF,yfinance,2026-02-10T05:08:32.006375+00:00
2024-11-25,90.37000274658203,90.7699966430664,87.12999725341797,87.38999938964844,85.33317565917969,3037600,CF,yfinance,2026-02-10T05:08:32.006375+00:00
2024-11-26,87.22000122070312,88.44000244140625,86.95999908447266,88.13999938964844,86.06552124023438,1748300,CF,yfinance,2026-02-10T05:08:32.006375+00:00
2024-11-27,88.29000091552734,89.41000366210938,88.26000213623047,88.66000366210938,86.57328033447266,980600,CF,yfinance,2026-02-10T05:08:32.006375+00:00
2024-11-29,88.68000030517578,90.02999877929688,88.68000030517578,89.66000366210938,87.54975128173828,914300,CF,yfinance,2026-02-10T05:08:32.006375+00:00
2024-12-02,89.68000030517578,91.55000305175781,89.25,90.95999908447266,88.81913757324219,1425500,CF,yfinance,2026-02-10T05:08:32.006375+00:00
2024-12-03,91.7699966430664,94.2699966430664,91.23999786376953,94.13999938964844,91.92430877685547,2709500,CF,yfinance,2026-02-10T05:08:32.006375+00:00
2024-12-04,94.29000091552734,94.45999908447266,91.05000305175781,91.5,89.346435546875,1896600,CF,yfinance,2026-02-10T05:08:32.006375+00:00
2024-12-05,90.66000366210938,91.3499984741211,88.69999694824219,89.37000274658203,87.26657104492188,1906600,CF,yfinance,2026-02-10T05:08:32.006375+00:00
2024-12-06,89.44000244140625,89.68000030517578,88.16999816894531,88.44000244140625,86.35845947265625,1197800,CF,yfinance,2026-02-10T05:08:32.006375+00:00
2024-12-09,89.37000274658203,90.04000091552734,88.02999877929688,88.22000122070312,86.14363861083984,1260800,CF,yfinance,2026-02-10T05:08:32.006375+00:00
2024-12-10,88.22000122070312,90.01000213623047,87.4000015258789,88.83999633789062,86.74903869628906,1796900,CF,yfinance,2026-02-10T05:08:32.006375+00:00
2024-12-11,89.1500015258789,90.0,88.81999969482422,89.81999969482422,87.70598602294922,1341300,CF,yfinance,2026-02-10T05:08:32.006375+00:00
2024-12-12,90.58000183105469,90.98999786376953,89.6500015258789,90.12999725341797,88.00868225097656,1305900,CF,yfinance,2026-02-10T05:08:32.006375+00:00
2024-12-13,89.66999816894531,89.95999908447266,88.66999816894531,89.5,87.39350891113281,1368400,CF,yfinance,2026-02-10T05:08:32.006375+00:00
2024-12-16,88.3499984741211,88.66999816894531,86.4800033569336,86.68000030517578,84.639892578125,1816100,CF,yfinance,2026-02-10T05:08:32.006375+00:00
2024-12-17,86.13999938964844,86.81999969482422,85.5,86.68000030517578,84.639892578125,1445900,CF,yfinance,2026-02-10T05:08:32.006375+00:00
2024-12-18,86.0199966430664,86.79000091552734,84.36000061035156,84.43000030517578,82.44284057617188,1535600,CF,yfinance,2026-02-10T05:08:32.006375+00:00
2024-12-19,85.43000030517578,86.2300033569336,83.69000244140625,83.81999969482422,81.84719848632812,1766500,CF,yfinance,2026-02-10T05:08:32.006375+00:00
2024-12-20,83.77999877929688,85.69000244140625,83.69000244140625,84.9800033569336,82.97989654541016,6313700,CF,yfinance,2026-02-10T05:08:32.006375+00:00
2024-12-23,84.80999755859375,85.37999725341797,84.3499984741211,84.8499984741211,82.85295867919922,1452200,CF,yfinance,2026-02-10T05:08:32.006375+00:00
2024-12-24,84.83999633789062,85.69000244140625,84.43000030517578,85.4000015258789,83.3900146484375,538800,CF,yfinance,2026-02-10T05:08:32.006375+00:00
2024-12-26,85.19999694824219,85.66999816894531,84.80999755859375,85.08999633789062,83.0873031616211,707200,CF,yfinance,2026-02-10T05:08:32.006375+00:00
2024-12-27,84.58999633789062,85.68000030517578,84.52999877929688,84.75,82.75530242919922,852800,CF,yfinance,2026-02-10T05:08:32.006375+00:00
2024-12-30,84.51000213623047,84.7300033569336,83.66000366210938,84.02999877929688,82.05226135253906,1124500,CF,yfinance,2026-02-10T05:08:32.006375+00:00
2024-12-31,84.26000213623047,85.37999725341797,84.26000213623047,85.31999969482422,83.3118896484375,1186800,CF,yfinance,2026-02-10T05:08:32.006375+00:00
2025-01-02,86.0,86.91999816894531,85.44000244140625,85.83000183105469,83.80989074707031,1380700,CF,yfinance,2026-02-10T05:08:32.006375+00:00
2025-01-03,86.30999755859375,88.62999725341797,86.30999755859375,88.51000213623047,86.42681884765625,1762300,CF,yfinance,2026-02-10T05:08:32.006375+00:00
2025-01-06,89.29000091552734,90.56999969482422,89.23999786376953,89.76000213623047,87.64739227294922,1800300,CF,yfinance,2026-02-10T05:08:32.006375+00:00
2025-01-07,88.70999908447266,90.19999694824219,87.91000366210938,88.75,86.66116333007812,1950100,CF,yfinance,2026-02-10T05:08:32.006375+00:00
2025-01-08,88.22000122070312,88.5199966430664,86.5199966430664,87.01000213623047,84.96212005615234,1767600,CF,yfinance,2026-02-10T05:08:32.006375+00:00
2025-01-10,87.4000015258789,89.16000366210938,86.01000213623047,88.76000213623047,86.67092895507812,1811100,CF,yfinance,2026-02-10T05:08:32.006375+00:00
2025-01-13,90.66999816894531,95.72000122070312,90.37999725341797,95.5,93.2522964477539,3068000,CF,yfinance,2026-02-10T05:08:32.006375+00:00
2025-01-14,95.19999694824219,95.51000213623047,93.95999908447266,94.98999786376953,92.7542953491211,2792400,CF,yfinance,2026-02-10T05:08:32.006375+00:00
2025-01-15,95.0999984741211,96.77999877929688,94.66999816894531,96.37000274658203,94.10182189941406,1720400,CF,yfinance,2026-02-10T05:08:32.006375+00:00
2025-01-16,96.61000061035156,98.25,96.54000091552734,97.25,94.96110534667969,1760900,CF,yfinance,2026-02-10T05:08:32.006375+00:00
2025-01-17,97.48999786376953,97.95999908447266,96.36000061035156,97.01000213623047,94.72676086425781,1755900,CF,yfinance,2026-02-10T05:08:32.006375+00:00
2025-01-21,95.5,96.02999877929688,92.19000244140625,93.66000366210938,91.45560455322266,2627300,CF,yfinance,2026-02-10T05:08:32.006375+00:00
2025-01-22,94.23999786376953,95.31999969482422,93.41999816894531,93.51000213623047,91.30913543701172,1941600,CF,yfinance,2026-02-10T05:08:32.006375+00:00
2025-01-23,93.83999633789062,95.5999984741211,93.54000091552734,95.23999786376953,92.99840545654297,1394000,CF,yfinance,2026-02-10T05:08:32.006375+00:00
2025-01-24,91.11000061035156,92.38999938964844,87.70999908447266,88.0999984741211,86.0264663696289,4285700,CF,yfinance,2026-02-10T05:08:32.006375+00:00
2025-01-27,89.7300033569336,90.12999725341797,88.16999816894531,88.7699966430664,86.68069458007812,1973100,CF,yfinance,2026-02-10T05:08:32.006375+00:00
2025-01-28,89.33000183105469,90.69999694824219,89.12999725341797,90.25,88.1258544921875,1827100,CF,yfinance,2026-02-10T05:08:32.006375+00:00
2025-01-29,90.91999816894531,92.61000061035156,89.87999725341797,92.5199966430664,90.34242248535156,2119500,CF,yfinance,2026-02-10T05:08:32.006375+00:00
2025-01-30,92.02999877929688,93.11000061035156,91.5,92.19999694824219,90.02996063232422,1464600,CF,yfinance,2026-02-10T05:08:32.006375+00:00
2025-01-31,92.04000091552734,92.69999694824219,91.45999908447266,92.20999908447266,90.03972625732422,1595500,CF,yfinance,2026-02-10T05:08:32.006375+00:00
2025-02-03,91.23999786376953,92.61000061035156,89.37000274658203,92.47000122070312,90.29361724853516,1613700,CF,yfinance,2026-02-10T05:08:32.006375+00:00
2025-02-04,92.80999755859375,94.63999938964844,92.58999633789062,94.08999633789062,91.87548065185547,1439200,CF,yfinance,2026-02-10T05:08:32.006375+00:00
2025-02-05,93.29000091552734,93.4000015258789,89.47000122070312,89.68000030517578,87.56926727294922,3068800,CF,yfinance,2026-02-10T05:08:32.006375+00:00
2025-02-06,90.0999984741211,90.0999984741211,82.9000015258789,84.12000274658203,82.14013671875,5933300,CF,yfinance,2026-02-10T05:08:32.006375+00:00
2025-02-07,84.0,84.87000274658203,83.45999908447266,84.05000305175781,82.07178497314453,2577100,CF,yfinance,2026-02-10T05:08:32.006375+00:00
2025-02-10,85.05999755859375,87.4000015258789,84.80000305175781,87.0,84.95234680175781,2901300,CF,yfinance,2026-02-10T05:08:32.006375+00:00
2025-02-11,86.77999877929688,87.33000183105469,84.73999786376953,85.08000183105469,83.0775375366211,2339900,CF,yfinance,2026-02-10T05:08:32.006375+00:00
2025-02-12,84.45999908447266,84.62999725341797,78.86000061035156,81.18000030517578,79.26932525634766,5855100,CF,yfinance,2026-02-10T05:08:32.006375+00:00
2025-02-13,81.08999633789062,81.63999938964844,80.19999694824219,81.45999908447266,79.54273223876953,3250400,CF,yfinance,2026-02-10T05:08:32.006375+00:00
2025-02-14,81.79000091552734,83.69000244140625,81.4800033569336,82.4800033569336,81.0361328125,2192100,CF,yfinance,2026-02-10T05:08:32.006375+00:00
2025-02-18,82.47000122070312,83.6500015258789,81.9800033569336,83.22000122070312,81.76318359375,2370100,CF,yfinance,2026-02-10T05:08:32.006375+00:00
2025-02-19,81.79000091552734,84.30999755859375,81.79000091552734,83.80999755859375,82.34284973144531,2632800,CF,yfinance,2026-02-10T05:08:32.006375+00:00
2025-02-20,82.80999755859375,85.30999755859375,79.5999984741211,80.26000213623047,78.85499572753906,4674000,CF,yfinance,2026-02-10T05:08:32.006375+00:00
2025-02-21,79.66999816894531,80.97000122070312,77.8499984741211,77.9000015258789,76.53631591796875,4041500,CF,yfinance,2026-02-10T05:08:32.006375+00:00
2025-02-24,79.0,79.0,77.20999908447266,77.51000213623047,76.15313720703125,3209400,CF,yfinance,2026-02-10T05:08:32.006375+00:00
2025-02-25,77.9000015258789,79.19999694824219,77.62999725341797,78.41000366210938,77.03738403320312,3375700,CF,yfinance,2026-02-10T05:08:32.006375+00:00
2025-02-26,78.36000061035156,78.66000366210938,77.4800033569336,77.77999877929688,76.41840362548828,2383000,CF,yfinance,2026-02-10T05:08:32.006375+00:00
2025-02-27,78.41999816894531,79.95999908447266,78.0199966430664,79.58000183105469,78.18689727783203,2273000,CF,yfinance,2026-02-10T05:08:32.006375+00:00
2025-02-28,79.45999908447266,81.62999725341797,78.20999908447266,81.0199966430664,79.6016845703125,4171700,CF,yfinance,2026-02-10T05:08:32.006375+00:00
2025-03-03,81.69999694824219,82.27999877929688,77.5,77.97000122070312,76.6050796508789,3395600,CF,yfinance,2026-02-10T05:08:32.006375+00:00
2025-03-04,77.5,77.75,75.05000305175781,75.27999877929688,73.96217346191406,4660700,CF,yfinance,2026-02-10T05:08:32.006375+00:00
2025-03-05,75.69999694824219,77.16000366210938,74.52999877929688,76.30999755859375,74.9741439819336,3355100,CF,yfinance,2026-02-10T05:08:32.006375+00:00
2025-03-06,76.41999816894531,78.1500015258789,76.33999633789062,76.61000061035156,75.26889038085938,3032800,CF,yfinance,2026-02-10T05:08:32.006375+00:00
2025-03-07,77.0199966430664,78.72000122070312,75.25,77.12999725341797,75.77978515625,3520400,CF,yfinance,2026-02-10T05:08:32.006375+00:00
2025-03-10,77.2300033569336,78.41999816894531,76.5999984741211,77.0999984741211,75.75031280517578,2434900,CF,yfinance,2026-02-10T05:08:32.006375+00:00
2025-03-11,77.2699966430664,78.63999938964844,76.33000183105469,76.83000183105469,75.48504638671875,3502400,CF,yfinance,2026-02-10T05:08:32.006375+00:00
2025-03-12,77.11000061035156,79.06999969482422,76.61000061035156,77.70999908447266,76.34963989257812,2653300,CF,yfinance,2026-02-10T05:08:32.006375+00:00
2025-03-13,76.73999786376953,78.3499984741211,75.55000305175781,76.81999969482422,75.47521209716797,2715200,CF,yfinance,2026-02-10T05:08:32.006375+00:00
2025-03-14,77.16000366210938,77.80000305175781,75.9800033569336,76.62999725341797,75.28853607177734,2615300,CF,yfinance,2026-02-10T05:08:32.006375+00:00
2025-03-17,76.55000305175781,78.12999725341797,76.51000213623047,77.7300033569336,76.36927795410156,2008400,CF,yfinance,2026-02-10T05:08:32.006375+00:00
2025-03-18,77.94999694824219,78.47000122070312,75.5999984741211,76.4000015258789,75.06256866455078,2389600,CF,yfinance,2026-02-10T05:08:32.006375+00:00
2025-03-19,76.81999969482422,78.19999694824219,76.36000061035156,77.37000274658203,76.01559448242188,2331100,CF,yfinance,2026-02-10T05:08:32.006375+00:00
2025-03-20,77.0199966430664,77.81999969482422,75.87000274658203,76.91999816894531,75.57345581054688,2211100,CF,yfinance,2026-02-10T05:08:32.006375+00:00
2025-03-21,76.68000030517578,77.12999725341797,76.01000213623047,76.77999877929688,75.4359130859375,7513400,CF,yfinance,2026-02-10T05:08:32.006375+00:00
2025-03-24,76.87999725341797,77.2699966430664,75.58999633789062,76.83000183105469,75.48504638671875,1894400,CF,yfinance,2026-02-10T05:08:32.006375+00:00
2025-03-25,76.68000030517578,77.0999984741211,73.69999694824219,75.02999877929688,73.716552734375,2988800,CF,yfinance,2026-02-10T05:08:32.006375+00:00
2025-03-26,75.0,76.87999725341797,74.94000244140625,76.63999938964844,75.2983627319336,2480000,CF,yfinance,2026-02-10T05:08:32.006375+00:00
2025-03-27,76.44999694824219,78.08000183105469,76.0,77.9800033569336,76.61490631103516,1462600,CF,yfinance,2026-02-10T05:08:32.006375+00:00
2025-03-28,77.88999938964844,78.05000305175781,76.87000274658203,77.38999938964844,76.03523254394531,1256400,CF,yfinance,2026-02-10T05:08:32.006375+00:00
2025-03-31,76.68000030517578,78.68000030517578,76.19999694824219,78.1500015258789,76.78193664550781,1849600,CF,yfinance,2026-02-10T05:08:32.006375+00:00
2025-04-01,78.44999694824219,79.63999938964844,77.2300033569336,79.58999633789062,78.19672393798828,1746100,CF,yfinance,2026-02-10T05:08:32.006375+00:00
2025-04-02,79.0,79.83000183105469,78.9000015258789,79.83000183105469,78.43252563476562,1885200,CF,yfinance,2026-02-10T05:08:32.006375+00:00
2025-04-03,76.95999908447266,81.23999786376953,76.83000183105469,79.86000061035156,78.46199798583984,3534400,CF,yfinance,2026-02-10T05:08:32.006375+00:00
2025-04-04,78.45999908447266,78.45999908447266,72.08000183105469,73.06999969482422,71.79086303710938,4001500,CF,yfinance,2026-02-10T05:08:32.006375+00:00
2025-04-07,72.33000183105469,75.61000061035156,70.51000213623047,72.04000091552734,70.77889251708984,3004600,CF,yfinance,2026-02-10T05:08:32.006375+00:00
2025-04-08,73.88999938964844,73.91999816894531,67.33999633789062,68.47000122070312,67.2713851928711,4909700,CF,yfinance,2026-02-10T05:08:32.006375+00:00
2025-04-09,67.86000061035156,73.18000030517578,67.48999786376953,70.5,69.26585388183594,5013400,CF,yfinance,2026-02-10T05:08:32.006375+00:00
2025-04-10,70.23999786376953,71.16000366210938,68.9000015258789,69.97000122070312,68.74513244628906,3846200,CF,yfinance,2026-02-10T05:08:32.006375+00:00
2025-04-11,69.0199966430664,73.20999908447266,69.0199966430664,72.0,70.73959350585938,3064900,CF,yfinance,2026-02-10T05:08:32.006375+00:00
2025-04-14,72.51000213623047,72.9000015258789,71.45999908447266,72.41000366210938,71.14241790771484,2643600,CF,yfinance,2026-02-10T05:08:32.006375+00:00
2025-04-15,72.08999633789062,73.75,72.08999633789062,73.12000274658203,71.8399887084961,2245000,CF,yfinance,2026-02-10T05:08:32.006375+00:00
2025-04-16,73.41999816894531,75.30000305175781,73.31999969482422,74.0999984741211,72.8028335571289,3258200,CF,yfinance,2026-02-10T05:08:32.006375+00:00
2025-04-17,74.33999633789062,75.38999938964844,74.33999633789062,74.9000015258789,73.58882904052734,2282800,CF,yfinance,2026-02-10T05:08:32.006375+00:00
2025-04-21,74.4800033569336,75.97000122070312,74.06999969482422,75.12999725341797,73.81478881835938,1426500,CF,yfinance,2026-02-10T05:08:32.006375+00:00
2025-04-22,74.83000183105469,75.66000366210938,73.55999755859375,75.54000091552734,74.21762084960938,1722000,CF,yfinance,2026-02-10T05:08:32.006375+00:00
2025-04-23,76.12999725341797,77.01000213623047,74.79000091552734,75.88999938964844,74.56149291992188,1407300,CF,yfinance,2026-02-10T05:08:32.006375+00:00
2025-04-24,77.0199966430664,77.54000091552734,76.16999816894531,77.30000305175781,75.94681549072266,1620200,CF,yfinance,2026-02-10T05:08:32.006375+00:00
2025-04-25,77.2300033569336,78.58999633789062,76.80000305175781,78.47000122070312,77.09632873535156,1883700,CF,yfinance,2026-02-10T05:08:32.006375+00:00
2025-04-28,78.6500015258789,80.68000030517578,78.47000122070312,79.63999938964844,78.24584197998047,1749800,CF,yfinance,2026-02-10T05:08:32.006375+00:00
2025-04-29,79.33000183105469,80.48999786376953,79.0,79.79000091552734,78.39321899414062,1587200,CF,yfinance,2026-02-10T05:08:32.006375+00:00
2025-04-30,77.51000213623047,78.66000366210938,75.91999816894531,78.37000274658203,76.99808502197266,2444800,CF,yfinance,2026-02-10T05:08:32.006375+00:00
2025-05-01,78.54000091552734,80.7699966430664,77.72000122070312,79.62000274658203,78.22620391845703,3026300,CF,yfinance,2026-02-10T05:08:32.006375+00:00
2025-05-02,80.4000015258789,80.75,79.06999969482422,80.5999984741211,79.18904876708984,2182300,CF,yfinance,2026-02-10T05:08:32.006375+00:00
2025-05-05,80.19000244140625,81.55000305175781,79.91999816894531,80.91999816894531,79.5034408569336,1761900,CF,yfinance,2026-02-10T05:08:32.006375+00:00
2025-05-06,81.19999694824219,82.5,80.63999938964844,81.9800033569336,80.54489135742188,2866100,CF,yfinance,2026-02-10T05:08:32.006375+00:00
2025-05-07,81.51000213623047,82.43000030517578,80.05000305175781,80.69000244140625,79.27747344970703,3827500,CF,yfinance,2026-02-10T05:08:32.006375+00:00
2025-05-08,84.20999908447266,85.05000305175781,79.0199966430664,81.31999969482422,79.89643859863281,4827000,CF,yfinance,2026-02-10T05:08:32.006375+00:00
2025-05-09,81.91000366210938,82.61000061035156,78.8499984741211,82.41000366210938,80.96736145019531,2523300,CF,yfinance,2026-02-10T05:08:32.006375+00:00
2025-05-12,83.5199966430664,85.01000213623047,82.61000061035156,84.38999938964844,82.9126968383789,3091200,CF,yfinance,2026-02-10T05:08:32.006375+00:00
2025-05-13,85.29000091552734,88.41999816894531,84.31999969482422,87.7300033569336,86.19422149658203,3589800,CF,yfinance,2026-02-10T05:08:32.006375+00:00
2025-05-14,87.97000122070312,88.06999969482422,85.05999755859375,85.97000122070312,84.46503448486328,2215300,CF,yfinance,2026-02-10T05:08:32.006375+00:00
2025-05-15,85.3499984741211,86.4000015258789,84.18000030517578,86.2300033569336,85.21610260009766,2306600,CF,yfinance,2026-02-10T05:08:32.006375+00:00
2025-05-16,86.5,87.93000030517578,85.7699966430664,87.77999877929688,86.74787902832031,1768100,CF,yfinance,2026-02-10T05:08:32.006375+00:00
2025-05-19,87.43000030517578,87.95999908447266,85.58000183105469,87.58999633789062,86.56010437011719,2242600,CF,yfinance,2026-02-10T05:08:32.006375+00:00
2025-05-20,87.87999725341797,88.29000091552734,87.16000366210938,87.91999816894531,86.88622283935547,2346500,CF,yfinance,2026-02-10T05:08:32.006375+00:00
2025-05-21,87.44000244140625,89.77999877929688,86.79000091552734,89.3499984741211,88.2994155883789,3379800,CF,yfinance,2026-02-10T05:08:32.006375+00:00
2025-05-22,89.06999969482422,89.77999877929688,88.20999908447266,88.91000366210938,87.86459350585938,2030900,CF,yfinance,2026-02-10T05:08:32.006375+00:00
2025-05-23,88.61000061035156,89.29000091552734,88.30999755859375,88.88999938964844,87.8448257446289,1254400,CF,yfinance,2026-02-10T05:08:32.006375+00:00
2025-05-27,88.8499984741211,91.66999816894531,88.8499984741211,91.54000091552734,90.46366882324219,2545400,CF,yfinance,2026-02-10T05:08:32.006375+00:00
2025-05-28,91.58999633789062,91.83999633789062,90.56999969482422,91.52999877929688,90.45378112792969,1653400,CF,yfinance,2026-02-10T05:08:32.006375+00:00
2025-05-29,91.31999969482422,91.31999969482422,89.11000061035156,90.11000061035156,89.05047607421875,1853600,CF,yfinance,2026-02-10T05:08:32.006375+00:00
2025-05-30,89.97000122070312,90.77999877929688,89.2300033569336,90.70999908447266,89.64342498779297,3356000,CF,yfinance,2026-02-10T05:08:32.006375+00:00
2025-06-02,91.33000183105469,93.26000213623047,90.12999725341797,92.97000122070312,91.8768539428711,2996800,CF,yfinance,2026-02-10T05:08:32.006375+00:00
2025-06-03,92.62999725341797,92.62999725341797,91.05999755859375,92.31999969482422,91.2344970703125,2579000,CF,yfinance,2026-02-10T05:08:32.006375+00:00
2025-06-04,92.66000366210938,93.4800033569336,91.36000061035156,91.62999725341797,90.55260467529297,2142700,CF,yfinance,2026-02-10T05:08:32.006375+00:00
2025-06-05,92.08999633789062,92.58999633789062,91.30999755859375,92.27999877929688,91.19496154785156,1470900,CF,yfinance,2026-02-10T05:08:32.006375+00:00
2025-06-06,91.95999908447266,92.73999786376953,91.4000015258789,92.13999938964844,91.05661010742188,1839900,CF,yfinance,2026-02-10T05:08:32.006375+00:00
2025-06-09,92.79000091552734,94.4800033569336,92.58999633789062,92.8499984741211,91.75826263427734,2330700,CF,yfinance,2026-02-10T05:08:32.006375+00:00
2025-06-10,93.0,93.63999938964844,91.47000122070312,92.12999725341797,91.0467300415039,2215500,CF,yfinance,2026-02-10T05:08:32.006375+00:00
2025-06-11,92.55999755859375,95.55000305175781,90.75,95.23999786376953,94.12015533447266,3495900,CF,yfinance,2026-02-10T05:08:32.006375+00:00
2025-06-12,93.23999786376953,94.5,92.45999908447266,93.83000183105469,92.72673797607422,2558200,CF,yfinance,2026-02-10T05:08:32.006375+00:00
2025-06-13,96.26000213623047,100.4800033569336,96.26000213623047,99.93000030517578,98.75502014160156,6228800,CF,yfinance,2026-02-10T05:08:32.006375+00:00
2025-06-16,101.0,104.44999694824219,100.0999984741211,100.73999786376953,99.55548858642578,5174000,CF,yfinance,2026-02-10T05:08:32.006375+00:00
2025-06-17,102.0,102.87999725341797,100.83000183105469,102.4800033569336,101.27503967285156,3057300,CF,yfinance,2026-02-10T05:08:32.006375+00:00
2025-06-18,101.30999755859375,102.55000305175781,99.58000183105469,100.30999755859375,99.13054656982422,5226600,CF,yfinance,2026-02-10T05:08:32.006375+00:00
2025-06-20,100.2300033569336,100.4000015258789,98.33999633789062,100.36000061035156,99.17996215820312,9801200,CF,yfinance,2026-02-10T05:08:32.006375+00:00
2025-06-23,100.5999984741211,101.13999938964844,96.12000274658203,96.52999877929688,95.39498901367188,5159600,CF,yfinance,2026-02-10T05:08:32.006375+00:00
2025-06-24,93.5999984741211,95.30999755859375,92.91000366210938,94.68000030517578,93.5667495727539,4188100,CF,yfinance,2026-02-10T05:08:32.006375+00:00
2025-06-25,94.58000183105469,94.6500015258789,91.37000274658203,91.4000015258789,90.3253173828125,3489400,CF,yfinance,2026-02-10T05:08:32.006375+00:00
2025-06-26,91.44000244140625,92.2300033569336,90.4800033569336,90.69000244140625,89.6236572265625,2908600,CF,yfinance,2026-02-10T05:08:32.006375+00:00
2025-06-27,90.6500015258789,91.11000061035156,90.08000183105469,90.98999786376953,89.92013549804688,3340100,CF,yfinance,2026-02-10T05:08:32.006375+00:00
2025-06-30,90.70999908447266,92.31999969482422,90.08000183105469,92.0,90.91825866699219,3076100,CF,yfinance,2026-02-10T05:08:32.006375+00:00
2025-07-01,91.87000274658203,93.0999984741211,91.62000274658203,92.48999786376953,91.40249633789062,1873100,CF,yfinance,2026-02-10T05:08:32.006375+00:00
2025-07-02,93.2699966430664,94.33999633789062,92.91000366210938,93.8499984741211,92.74650573730469,2526700,CF,yfinance,2026-02-10T05:08:32.006375+00:00
2025-07-03,93.61000061035156,94.95999908447266,93.61000061035156,94.6500015258789,93.53710174560547,1516400,CF,yfinance,2026-02-10T05:08:32.006375+00:00
2025-07-07,94.27999877929688,95.30000305175781,93.87999725341797,95.19000244140625,94.07075500488281,2417800,CF,yfinance,2026-02-10T05:08:32.006375+00:00
2025-07-08,96.26000213623047,98.70999908447266,95.91000366210938,97.12000274658203,95.97805786132812,2838100,CF,yfinance,2026-02-10T05:08:32.006375+00:00
2025-07-09,96.76000213623047,99.16000366210938,96.0999984741211,98.75,97.5888900756836,2511700,CF,yfinance,2026-02-10T05:08:32.006375+00:00
2025-07-10,97.45999908447266,97.7699966430664,95.51000213623047,95.76000213623047,94.63404846191406,2184400,CF,yfinance,2026-02-10T05:08:32.006375+00:00
2025-07-11,95.5,98.33000183105469,95.47000122070312,98.23999786376953,97.08488464355469,2912000,CF,yfinance,2026-02-10T05:08:32.006375+00:00
2025-07-14,98.44000244140625,99.38999938964844,97.2699966430664,97.41000366210938,96.26465606689453,1854300,CF,yfinance,2026-02-10T05:08:32.006375+00:00
2025-07-15,97.41000366210938,97.9800033569336,95.30999755859375,95.9000015258789,94.77239990234375,1713600,CF,yfinance,2026-02-10T05:08:32.006375+00:00
2025-07-16,95.80999755859375,96.4000015258789,92.51000213623047,92.5999984741211,91.51119995117188,3154700,CF,yfinance,2026-02-10T05:08:32.006375+00:00
2025-07-17,91.91999816894531,92.55000305175781,91.4800033569336,91.79000091552734,90.71073150634766,2226500,CF,yfinance,2026-02-10T05:08:32.006375+00:00
2025-07-18,92.01000213623047,93.91999816894531,91.86000061035156,92.62999725341797,91.54084777832031,2297500,CF,yfinance,2026-02-10T05:08:32.006375+00:00
2025-07-21,92.44999694824219,92.62000274658203,90.47000122070312,90.98999786376953,89.92013549804688,1816000,CF,yfinance,2026-02-10T05:08:32.006375+00:00
2025-07-22,91.12000274658203,92.2699966430664,90.91000366210938,91.72000122070312,90.64155578613281,1972200,CF,yfinance,2026-02-10T05:08:32.006375+00:00
2025-07-23,92.08999633789062,94.16999816894531,92.08999633789062,93.70999908447266,92.60814666748047,2142000,CF,yfinance,2026-02-10T05:08:32.006375+00:00
2025-07-24,93.56999969482422,94.08999633789062,93.19999694824219,93.5,92.40061950683594,2218300,CF,yfinance,2026-02-10T05:08:32.006375+00:00
2025-07-25,93.4000015258789,93.6500015258789,92.63999938964844,93.30000305175781,92.20297241210938,1550100,CF,yfinance,2026-02-10T05:08:32.006375+00:00
2025-07-28,93.79000091552734,93.79000091552734,91.80999755859375,92.52999877929688,91.44202423095703,1206600,CF,yfinance,2026-02-10T05:08:32.006375+00:00
2025-07-29,93.62000274658203,95.05999755859375,92.73999786376953,94.91000366210938,93.7940444946289,2088800,CF,yfinance,2026-02-10T05:08:32.006375+00:00
2025-07-30,93.76000213623047,94.37000274658203,92.0,92.63999938964844,91.55073547363281,2027500,CF,yfinance,2026-02-10T05:08:32.006375+00:00
2025-07-31,91.7300033569336,92.94999694824219,91.61000061035156,92.83000183105469,91.7385025024414,2024200,CF,yfinance,2026-02-10T05:08:32.006375+00:00
2025-08-01,92.80000305175781,92.9000015258789,90.01000213623047,91.55999755859375,90.48342895507812,1655500,CF,yfinance,2026-02-10T05:08:32.006375+00:00
2025-08-04,91.94000244140625,94.12000274658203,91.3499984741211,93.6500015258789,92.54885864257812,2157400,CF,yfinance,2026-02-10T05:08:32.006375+00:00
2025-08-05,93.6500015258789,94.08000183105469,90.66000366210938,92.72000122070312,91.62979125976562,2374900,CF,yfinance,2026-02-10T05:08:32.006375+00:00
2025-08-06,91.73999786376953,93.29000091552734,89.9000015258789,89.9000015258789,88.84295654296875,3845400,CF,yfinance,2026-02-10T05:08:32.006375+00:00
2025-08-07,84.19999694824219,85.3499984741211,79.63999938964844,82.88999938964844,81.91537475585938,7534300,CF,yfinance,2026-02-10T05:08:32.006375+00:00
2025-08-08,83.2699966430664,83.70999908447266,80.31999969482422,80.91000366210938,79.95865631103516,5730800,CF,yfinance,2026-02-10T05:08:32.006375+00:00
2025-08-11,81.4800033569336,83.66999816894531,81.47000122070312,82.62999725341797,81.6584243774414,3050100,CF,yfinance,2026-02-10T05:08:32.006375+00:00
2025-08-12,82.87999725341797,84.27999877929688,81.93000030517578,82.9000015258789,81.92526245117188,3628700,CF,yfinance,2026-02-10T05:08:32.006375+00:00
2025-08-13,85.08000183105469,86.44000244140625,84.0,86.41999816894531,85.40386199951172,4131700,CF,yfinance,2026-02-10T05:08:32.006375+00:00
2025-08-14,84.58999633789062,85.36000061035156,83.56999969482422,85.2699966430664,84.26738739013672,2755600,CF,yfinance,2026-02-10T05:08:32.006375+00:00
2025-08-15,84.62000274658203,86.38999938964844,84.62000274658203,85.9000015258789,85.39069366455078,2428900,CF,yfinance,2026-02-10T05:08:32.006375+00:00
2025-08-18,85.69000244140625,86.0,83.56999969482422,84.44999694824219,83.94927978515625,3058300,CF,yfinance,2026-02-10T05:08:32.006375+00:00
2025-08-19,84.48999786376953,84.79000091552734,83.69000244140625,84.0,83.501953125,1892800,CF,yfinance,2026-02-10T05:08:32.006375+00:00
2025-08-20,84.97000122070312,85.5999984741211,84.1500015258789,85.43000030517578,84.92347717285156,2126400,CF,yfinance,2026-02-10T05:08:32.006375+00:00
2025-08-21,85.55000305175781,86.63999938964844,85.55000305175781,86.36000061035156,85.84796142578125,1549100,CF,yfinance,2026-02-10T05:08:32.006375+00:00
2025-08-22,86.41999816894531,87.27999877929688,86.04000091552734,86.51000213623047,85.99707794189453,1634200,CF,yfinance,2026-02-10T05:08:32.006375+00:00
2025-08-25,86.68000030517578,88.83999633789062,85.79000091552734,86.16999816894531,85.65908813476562,2411700,CF,yfinance,2026-02-10T05:08:32.006375+00:00
2025-08-26,85.87999725341797,86.63999938964844,85.05000305175781,86.62999725341797,86.1163558959961,2623500,CF,yfinance,2026-02-10T05:08:32.006375+00:00
2025-08-27,86.37999725341797,87.1500015258789,86.0999984741211,86.3499984741211,85.83802032470703,2034000,CF,yfinance,2026-02-10T05:08:32.006375+00:00
2025-08-28,86.56999969482422,87.31999969482422,84.91000366210938,87.30999755859375,86.79232788085938,2466900,CF,yfinance,2026-02-10T05:08:32.006375+00:00
2025-08-29,87.30999755859375,87.48999786376953,86.25,86.62999725341797,86.1163558959961,1380900,CF,yfinance,2026-02-10T05:08:32.006375+00:00
2025-09-02,86.58999633789062,87.51000213623047,86.0,87.43000030517578,86.91162109375,3436300,CF,yfinance,2026-02-10T05:08:32.006375+00:00
2025-09-03,86.75,87.61000061035156,84.7300033569336,84.7699966430664,84.26738739013672,2138300,CF,yfinance,2026-02-10T05:08:32.006375+00:00
2025-09-04,83.80000305175781,84.30999755859375,81.72000122070312,84.18000030517578,83.6808853149414,3726200,CF,yfinance,2026-02-10T05:08:32.006375+00:00
2025-09-05,84.0,84.68000030517578,83.27999877929688,84.4800033569336,83.97911071777344,2333000,CF,yfinance,2026-02-10T05:08:32.006375+00:00
2025-09-08,85.19000244140625,85.19000244140625,83.52999877929688,84.5,83.99899291992188,1839900,CF,yfinance,2026-02-10T05:08:32.006375+00:00
2025-09-09,84.97000122070312,85.38999938964844,84.37000274658203,84.66000366210938,84.15804290771484,2293900,CF,yfinance,2026-02-10T05:08:32.006375+00:00
2025-09-10,84.52999877929688,87.30999755859375,84.52999877929688,86.9000015258789,86.38475799560547,2313200,CF,yfinance,2026-02-10T05:08:32.006375+00:00
2025-09-11,87.2300033569336,87.38999938964844,85.87999725341797,86.12999725341797,85.61932373046875,1778200,CF,yfinance,2026-02-10T05:08:32.006375+00:00
2025-09-12,86.20999908447266,86.62999725341797,85.27999877929688,85.62999725341797,85.12228393554688,1403100,CF,yfinance,2026-02-10T05:08:32.006375+00:00
2025-09-15,85.83999633789062,86.0999984741211,85.04000091552734,85.3499984741211,84.84394836425781,2287200,CF,yfinance,2026-02-10T05:08:32.006375+00:00
2025-09-16,85.97000122070312,86.2699966430664,84.6500015258789,84.95999908447266,84.45626068115234,2600900,CF,yfinance,2026-02-10T05:08:32.006375+00:00
2025-09-17,84.80999755859375,85.4000015258789,84.08000183105469,84.19000244140625,83.69083404541016,2269700,CF,yfinance,2026-02-10T05:08:32.006375+00:00
2025-09-18,84.5199966430664,84.80000305175781,83.13999938964844,84.0999984741211,83.60135650634766,2793900,CF,yfinance,2026-02-10T05:08:32.006375+00:00
2025-09-19,84.33000183105469,85.66999816894531,83.41999816894531,85.08999633789062,84.58548736572266,6496300,CF,yfinance,2026-02-10T05:08:32.006375+00:00
2025-09-22,85.02999877929688,86.29000091552734,84.43000030517578,85.63999938964844,85.13223266601562,2498900,CF,yfinance,2026-02-10T05:08:32.006375+00:00
2025-09-23,86.16999816894531,87.37999725341797,85.75,87.13999938964844,86.62333679199219,3112200,CF,yfinance,2026-02-10T05:08:32.006375+00:00
2025-09-24,87.66000366210938,92.87999725341797,87.2300033569336,91.6500015258789,91.10659790039062,4843200,CF,yfinance,2026-02-10T05:08:32.006375+00:00
2025-09-25,91.73999786376953,93.08000183105469,88.08000183105469,89.70999908447266,89.1781005859375,4369500,CF,yfinance,2026-02-10T05:08:32.006375+00:00
2025-09-26,89.83999633789062,92.29000091552734,88.94000244140625,92.12999725341797,91.58374786376953,2161100,CF,yfinance,2026-02-10T05:08:32.006375+00:00
2025-09-29,92.1500015258789,92.45999908447266,89.31999969482422,90.51000213623047,89.97335815429688,2229200,CF,yfinance,2026-02-10T05:08:32.006375+00:00
2025-09-30,90.3499984741211,90.37000274658203,89.33000183105469,89.69999694824219,89.16815185546875,2709900,CF,yfinance,2026-02-10T05:08:32.006375+00:00
2025-10-01,89.66999816894531,90.33000183105469,86.33999633789062,86.43000030517578,85.91754913330078,2308100,CF,yfinance,2026-02-10T05:08:32.006375+00:00
2025-10-02,86.75,90.0,86.72000122070312,89.83999633789062,89.30732727050781,2759800,CF,yfinance,2026-02-10T05:08:32.006375+00:00
2025-10-03,90.43000030517578,91.79000091552734,89.69000244140625,90.08999633789062,89.55583953857422,1535700,CF,yfinance,2026-02-10T05:08:32.006375+00:00
2025-10-06,90.68000030517578,92.37000274658203,90.5199966430664,92.05999755859375,91.51416015625,3067700,CF,yfinance,2026-02-10T05:08:32.006375+00:00
2025-10-07,91.86000061035156,92.2300033569336,91.01000213623047,91.97000122070312,91.42469787597656,1841700,CF,yfinance,2026-02-10T05:08:32.006375+00:00
2025-10-08,92.5,92.51000213623047,89.9800033569336,90.69000244140625,90.15229034423828,1761900,CF,yfinance,2026-02-10T05:08:32.006375+00:00
2025-10-09,91.52999877929688,91.62999725341797,88.55000305175781,88.61000061035156,88.08462524414062,1538200,CF,yfinance,2026-02-10T05:08:32.006375+00:00
2025-10-10,87.2300033569336,88.77999877929688,86.51000213623047,87.33999633789062,86.82215118408203,1999100,CF,yfinance,2026-02-10T05:08:32.006375+00:00
2025-10-13,87.55999755859375,88.52999877929688,87.54000091552734,88.20999908447266,87.6869888305664,1163300,CF,yfinance,2026-02-10T05:08:32.006375+00:00
2025-10-14,88.02999877929688,88.41999816894531,85.41999816894531,86.7300033569336,86.21577453613281,1669100,CF,yfinance,2026-02-10T05:08:32.006375+00:00
2025-10-15,86.98999786376953,87.61000061035156,85.22000122070312,85.44000244140625,84.93341827392578,1578700,CF,yfinance,2026-02-10T05:08:32.006375+00:00
2025-10-16,85.98999786376953,87.4800033569336,82.3499984741211,83.0199966430664,82.52776336669922,2873900,CF,yfinance,2026-02-10T05:08:32.006375+00:00
2025-10-17,82.47000122070312,84.05000305175781,82.27999877929688,83.51000213623047,83.01486206054688,2160600,CF,yfinance,2026-02-10T05:08:32.006375+00:00
2025-10-20,83.77999877929688,84.54000091552734,83.44000244140625,83.93000030517578,83.432373046875,1659900,CF,yfinance,2026-02-10T05:08:32.006375+00:00
2025-10-21,84.5,85.01000213623047,83.26000213623047,83.29000091552734,82.7961654663086,2617600,CF,yfinance,2026-02-10T05:08:32.006375+00:00
2025-10-22,83.5,86.81999969482422,83.41999816894531,85.93000030517578,85.4205093383789,3078300,CF,yfinance,2026-02-10T05:08:32.006375+00:00
2025-10-23,86.86000061035156,87.66999816894531,85.80999755859375,86.93000030517578,86.41458129882812,1985800,CF,yfinance,2026-02-10T05:08:32.006375+00:00
2025-10-24,87.16000366210938,87.63999938964844,86.30000305175781,86.47000122070312,85.95731353759766,1458700,CF,yfinance,2026-02-10T05:08:32.006375+00:00
2025-10-27,87.2699966430664,87.87000274658203,85.7699966430664,86.38999938964844,85.8777847290039,1617600,CF,yfinance,2026-02-10T05:08:32.006375+00:00
2025-10-28,85.79000091552734,87.13999938964844,85.5999984741211,86.0999984741211,85.5895004272461,1467600,CF,yfinance,2026-02-10T05:08:32.006375+00:00
2025-10-29,85.69000244140625,85.88999938964844,83.75,84.1500015258789,83.65106964111328,1648500,CF,yfinance,2026-02-10T05:08:32.006375+00:00
2025-10-30,84.02999877929688,84.44999694824219,82.5999984741211,82.80999755859375,82.31900787353516,2144700,CF,yfinance,2026-02-10T05:08:32.006375+00:00
2025-10-31,82.55999755859375,84.01000213623047,82.27999877929688,83.29000091552734,82.7961654663086,1861400,CF,yfinance,2026-02-10T05:08:32.006375+00:00
2025-11-03,83.22000122070312,84.87000274658203,82.66000366210938,84.41000366210938,83.90953063964844,2851700,CF,yfinance,2026-02-10T05:08:32.006375+00:00
2025-11-04,83.87999725341797,85.33000183105469,83.12000274658203,84.55000305175781,84.04869842529297,2694700,CF,yfinance,2026-02-10T05:08:32.006375+00:00
2025-11-05,85.05000305175781,86.9000015258789,84.83999633789062,85.05000305175781,84.54573059082031,3655800,CF,yfinance,2026-02-10T05:08:32.006375+00:00
2025-11-06,83.16999816894531,83.33000183105469,80.0999984741211,81.44999694824219,80.96707153320312,4175600,CF,yfinance,2026-02-10T05:08:32.006375+00:00
2025-11-07,81.83999633789062,82.08000183105469,80.08999633789062,82.02999877929688,81.54363250732422,2891800,CF,yfinance,2026-02-10T05:08:32.006375+00:00
2025-11-10,82.80000305175781,83.69000244140625,81.80000305175781,82.8499984741211,82.35877227783203,2580600,CF,yfinance,2026-02-10T05:08:32.006375+00:00
2025-11-11,83.16000366210938,84.25,82.87999725341797,83.68000030517578,83.18385314941406,1743600,CF,yfinance,2026-02-10T05:08:32.006375+00:00
2025-11-12,82.95999908447266,85.38999938964844,82.95999908447266,84.75,84.24750518798828,2618000,CF,yfinance,2026-02-10T05:08:32.006375+00:00
2025-11-13,85.08999633789062,85.30999755859375,84.23999786376953,84.33000183105469,83.83000183105469,1644200,CF,yfinance,2026-02-10T05:08:32.006375+00:00
2025-11-14,83.68000030517578,85.5,83.68000030517578,85.04000091552734,85.04000091552734,1978100,CF,yfinance,2026-02-10T05:08:32.006375+00:00
2025-11-17,84.54000091552734,84.5999984741211,80.4000015258789,80.69000244140625,80.69000244140625,2595400,CF,yfinance,2026-02-10T05:08:32.006375+00:00
2025-11-18,81.0,81.4800033569336,80.5,81.12999725341797,81.12999725341797,1989400,CF,yfinance,2026-02-10T05:08:32.006375+00:00
2025-11-19,80.4000015258789,80.4000015258789,76.77999877929688,78.72000122070312,78.72000122070312,2908100,CF,yfinance,2026-02-10T05:08:32.006375+00:00
2025-11-20,78.86000061035156,79.6500015258789,77.2699966430664,77.79000091552734,77.79000091552734,3949400,CF,yfinance,2026-02-10T05:08:32.006375+00:00
2025-11-21,78.30000305175781,79.18000030517578,77.58999633789062,78.54000091552734,78.54000091552734,2270100,CF,yfinance,2026-02-10T05:08:32.006375+00:00
2025-11-24,77.80000305175781,78.23999786376953,76.4800033569336,77.66000366210938,77.66000366210938,3571300,CF,yfinance,2026-02-10T05:08:32.006375+00:00
2025-11-25,77.86000061035156,79.1500015258789,77.66999816894531,77.68000030517578,77.68000030517578,3314900,CF,yfinance,2026-02-10T05:08:32.006375+00:00
2025-11-26,77.95999908447266,79.05999755859375,77.62999725341797,78.41000366210938,78.41000366210938,1816900,CF,yfinance,2026-02-10T05:08:32.006375+00:00
2025-11-28,79.11000061035156,79.5,78.69999694824219,78.69999694824219,78.69999694824219,1505700,CF,yfinance,2026-02-10T05:08:32.006375+00:00
2025-12-01,79.0,80.94000244140625,78.70999908447266,79.80000305175781,79.80000305175781,3580500,CF,yfinance,2026-02-10T05:08:32.006375+00:00
2025-12-02,79.80000305175781,79.83000183105469,78.08000183105469,78.97000122070312,78.97000122070312,2716200,CF,yfinance,2026-02-10T05:08:32.006375+00:00
2025-12-03,79.29000091552734,80.30000305175781,79.12000274658203,79.29000091552734,79.29000091552734,2109800,CF,yfinance,2026-02-10T05:08:32.006375+00:00
2025-12-04,79.62000274658203,80.5,79.2300033569336,80.2300033569336,80.2300033569336,1985100,CF,yfinance,2026-02-10T05:08:32.006375+00:00
2025-12-05,80.02999877929688,80.5999984741211,77.81999969482422,77.87999725341797,77.87999725341797,2060300,CF,yfinance,2026-02-10T05:08:32.006375+00:00
2025-12-08,78.19999694824219,78.52999877929688,77.12999725341797,77.26000213623047,77.26000213623047,2106300,CF,yfinance,2026-02-10T05:08:32.006375+00:00
2025-12-09,77.68000030517578,77.68000030517578,76.12000274658203,76.69999694824219,76.69999694824219,1865900,CF,yfinance,2026-02-10T05:08:32.006375+00:00
2025-12-10,76.45999908447266,76.7300033569336,75.41999816894531,76.08999633789062,76.08999633789062,2427200,CF,yfinance,2026-02-10T05:08:32.006375+00:00
2025-12-11,76.20999908447266,79.68000030517578,75.87000274658203,78.66000366210938,78.66000366210938,2956500,CF,yfinance,2026-02-10T05:08:32.006375+00:00
2025-12-12,79.36000061035156,79.88999938964844,78.80000305175781,79.19000244140625,79.19000244140625,1688600,CF,yfinance,2026-02-10T05:08:32.006375+00:00
2025-12-15,79.0999984741211,79.29000091552734,77.36000061035156,78.75,78.75,2366300,CF,yfinance,2026-02-10T05:08:32.006375+00:00
2025-12-16,78.52999877929688,78.69999694824219,77.45999908447266,77.55000305175781,77.55000305175781,2309600,CF,yfinance,2026-02-10T05:08:32.006375+00:00
2025-12-17,77.94000244140625,79.48999786376953,77.30999755859375,79.01000213623047,79.01000213623047,2746100,CF,yfinance,2026-02-10T05:08:32.006375+00:00
2025-12-18,78.75,79.81999969482422,78.08999633789062,78.29000091552734,78.29000091552734,3602900,CF,yfinance,2026-02-10T05:08:32.006375+00:00
2025-12-19,78.04000091552734,79.3499984741211,77.88999938964844,78.69999694824219,78.69999694824219,5554600,CF,yfinance,2026-02-10T05:08:32.006375+00:00
2025-12-22,79.12999725341797,79.37999725341797,77.37999725341797,77.43000030517578,77.43000030517578,1871300,CF,yfinance,2026-02-10T05:08:32.006375+00:00
2025-12-23,77.5,78.81999969482422,77.5,78.13999938964844,78.13999938964844,1497300,CF,yfinance,2026-02-10T05:08:32.006375+00:00
2025-12-24,78.2300033569336,78.2300033569336,77.54000091552734,77.56999969482422,77.56999969482422,645500,CF,yfinance,2026-02-10T05:08:32.006375+00:00
2025-12-26,77.94999694824219,78.06999969482422,77.11000061035156,77.44999694824219,77.44999694824219,1054800,CF,yfinance,2026-02-10T05:08:32.006375+00:00
2025-12-29,77.80000305175781,77.94000244140625,77.02999877929688,77.6500015258789,77.6500015258789,1229100,CF,yfinance,2026-02-10T05:08:32.006375+00:00
2025-12-30,77.77999877929688,78.06999969482422,76.87999725341797,76.93000030517578,76.93000030517578,1214200,CF,yfinance,2026-02-10T05:08:32.006375+00:00
2025-12-31,76.62999725341797,77.51000213623047,76.44999694824219,77.33999633789062,77.33999633789062,1862500,CF,yfinance,2026-02-10T05:08:32.006375+00:00
2026-01-02,77.4800033569336,81.0,77.13999938964844,80.12999725341797,80.12999725341797,2854100,CF,yfinance,2026-02-10T05:08:32.006375+00:00
2026-01-05,80.75,81.0,79.0,80.26000213623047,80.26000213623047,2452700,CF,yfinance,2026-02-10T05:08:32.006375+00:00
2026-01-06,80.04000091552734,80.73999786376953,79.05999755859375,79.44999694824219,79.44999694824219,1942100,CF,yfinance,2026-02-10T05:08:32.006375+00:00
2026-01-07,79.3499984741211,79.97000122070312,75.87000274658203,77.48999786376953,77.48999786376953,2423800,CF,yfinance,2026-02-10T05:08:32.006375+00:00
2026-01-08,77.87999725341797,81.58999633789062,77.51000213623047,81.33000183105469,81.33000183105469,2786700,CF,yfinance,2026-02-10T05:08:32.006375+00:00
2026-01-09,82.0,84.16999816894531,82.0,82.5999984741211,82.5999984741211,2848300,CF,yfinance,2026-02-10T05:08:32.006375+00:00
2026-01-12,81.6500015258789,82.91999816894531,80.4800033569336,80.79000091552734,80.79000091552734,2807600,CF,yfinance,2026-02-10T05:08:32.006375+00:00
2026-01-13,82.20999908447266,84.95999908447266,82.0999984741211,82.87000274658203,82.87000274658203,2499300,CF,yfinance,2026-02-10T05:08:32.006375+00:00
2026-01-14,84.83999633789062,88.16000366210938,84.0,85.05000305175781,85.05000305175781,4248800,CF,yfinance,2026-02-10T05:08:32.006375+00:00
2026-01-15,85.47000122070312,87.36000061035156,82.66000366210938,86.5999984741211,86.5999984741211,2560100,CF,yfinance,2026-02-10T05:08:32.006375+00:00
2026-01-16,84.80000305175781,87.3499984741211,84.70999908447266,86.75,86.75,2844600,CF,yfinance,2026-02-10T05:08:32.006375+00:00
2026-01-20,87.81999969482422,89.72000122070312,87.54000091552734,88.41999816894531,88.41999816894531,2479000,CF,yfinance,2026-02-10T05:08:32.006375+00:00
2026-01-21,89.94000244140625,91.88999938964844,88.68000030517578,91.86000061035156,91.86000061035156,2572700,CF,yfinance,2026-02-10T05:08:32.006375+00:00
2026-01-22,91.58000183105469,92.9000015258789,88.77999877929688,89.2300033569336,89.2300033569336,2351000,CF,yfinance,2026-02-10T05:08:32.006375+00:00
2026-01-23,90.19999694824219,92.88999938964844,89.91000366210938,92.37999725341797,92.37999725341797,1965200,CF,yfinance,2026-02-10T05:08:32.006375+00:00
2026-01-26,93.0,93.20999908447266,90.93000030517578,91.6500015258789,91.6500015258789,1755100,CF,yfinance,2026-02-10T05:08:32.006375+00:00
2026-01-27,91.93000030517578,93.16999816894531,91.0199966430664,91.73999786376953,91.73999786376953,2440600,CF,yfinance,2026-02-10T05:08:32.006375+00:00
2026-01-28,92.55000305175781,93.77999877929688,92.20999908447266,93.16999816894531,93.16999816894531,1753500,CF,yfinance,2026-02-10T05:08:32.006375+00:00
2026-01-29,94.0,95.20999908447266,93.0199966430664,94.02999877929688,94.02999877929688,3110300,CF,yfinance,2026-02-10T05:08:32.006375+00:00
2026-01-30,93.36000061035156,94.41999816894531,91.81999969482422,93.2300033569336,93.2300033569336,1865900,CF,yfinance,2026-02-10T05:08:32.006375+00:00
2026-02-02,91.4800033569336,92.13999938964844,88.77999877929688,89.83999633789062,89.83999633789062,2402500,CF,yfinance,2026-02-10T05:08:32.006375+00:00
2026-02-03,89.95999908447266,92.76000213623047,89.48999786376953,92.5,92.5,1846400,CF,yfinance,2026-02-10T05:08:32.006375+00:00
2026-02-04,90.4000015258789,94.81999969482422,89.94999694824219,94.69999694824219,94.69999694824219,2669600,CF,yfinance,2026-02-10T05:08:32.006375+00:00
2026-02-05,95.0,95.0,90.94000244140625,91.31999969482422,91.31999969482422,1741600,CF,yfinance,2026-02-10T05:08:32.006375+00:00
2026-02-06,92.23999786376953,93.30999755859375,91.33000183105469,92.63999938964844,92.63999938964844,2003700,CF,yfinance,2026-02-10T05:08:32.006375+00:00
2026-02-09,92.80000305175781,95.18000030517578,92.72000122070312,94.94000244140625,94.94000244140625,1727000,CF,yfinance,2026-02-10T05:08:32.006375+00:00
