date,open,high,low,close,adj_close,volume,ticker,source,updated_at
2019-05-24,29.75,32.0,28.5,29.0,26.66895294189453,44000,CTVA,yfinance,2026-02-10T05:08:45.583878+00:00
2019-05-28,29.25,30.5,28.510000228881836,28.764999389648438,26.45284652709961,61500,CTVA,yfinance,2026-02-10T05:08:45.583878+00:00
2019-05-29,29.899999618530273,29.899999618530273,27.65999984741211,28.5,26.20914649963379,207800,CTVA,yfinance,2026-02-10T05:08:45.583878+00:00
2019-05-30,28.989999771118164,29.15999984741211,28.219999313354492,28.799999237060547,26.485031127929688,666000,CTVA,yfinance,2026-02-10T05:08:45.583878+00:00
2019-05-31,28.5,28.59000015258789,26.969999313354492,26.969999313354492,24.8021240234375,853800,CTVA,yfinance,2026-02-10T05:08:45.583878+00:00
2019-06-03,26.540000915527344,27.0,24.3700008392334,24.809999465942383,22.815753936767578,19259600,CTVA,yfinance,2026-02-10T05:08:45.583878+00:00
2019-06-04,24.350000381469727,27.940000534057617,24.350000381469727,27.75,25.51943016052246,20135100,CTVA,yfinance,2026-02-10T05:08:45.583878+00:00
2019-06-05,27.540000915527344,28.219999313354492,26.459999084472656,28.010000228881836,25.75853157043457,10740200,CTVA,yfinance,2026-02-10T05:08:45.583878+00:00
2019-06-06,27.690000534057617,27.690000534057617,26.229999542236328,26.899999618530273,24.737754821777344,13986100,CTVA,yfinance,2026-02-10T05:08:45.583878+00:00
2019-06-07,26.170000076293945,26.93000030517578,25.71500015258789,26.309999465942383,24.195180892944336,10049100,CTVA,yfinance,2026-02-10T05:08:45.583878+00:00
2019-06-10,26.06999969482422,26.739999771118164,25.1200008392334,25.309999465942383,23.275558471679688,10247200,CTVA,yfinance,2026-02-10T05:08:45.583878+00:00
2019-06-11,25.010000228881836,25.360000610351562,24.530000686645508,24.950000762939453,22.944499969482422,11641200,CTVA,yfinance,2026-02-10T05:08:45.583878+00:00
2019-06-12,25.110000610351562,25.450000762939453,24.479999542236328,25.06999969482422,23.054851531982422,13392000,CTVA,yfinance,2026-02-10T05:08:45.583878+00:00
2019-06-13,25.059999465942383,25.190000534057617,24.700000762939453,24.969999313354492,22.962894439697266,9710800,CTVA,yfinance,2026-02-10T05:08:45.583878+00:00
2019-06-14,24.760000228881836,25.239999771118164,24.549999237060547,25.190000534057617,23.165205001831055,7036800,CTVA,yfinance,2026-02-10T05:08:45.583878+00:00
2019-06-17,25.530000686645508,26.899999618530273,25.450000762939453,25.950000762939453,23.864112854003906,13710100,CTVA,yfinance,2026-02-10T05:08:45.583878+00:00
2019-06-18,26.030000686645508,27.56999969482422,25.75,27.299999237060547,25.105602264404297,14485400,CTVA,yfinance,2026-02-10T05:08:45.583878+00:00
2019-06-19,27.479999542236328,27.479999542236328,26.8700008392334,27.149999618530273,24.967662811279297,10228800,CTVA,yfinance,2026-02-10T05:08:45.583878+00:00
2019-06-20,27.3700008392334,27.600000381469727,26.420000076293945,27.15999984741211,24.976858139038086,7728000,CTVA,yfinance,2026-02-10T05:08:45.583878+00:00
2019-06-21,26.8700008392334,27.709999084472656,26.8700008392334,27.209999084472656,25.022836685180664,12548900,CTVA,yfinance,2026-02-10T05:08:45.583878+00:00
2019-06-24,27.139999389648438,28.450000762939453,27.05299949645996,28.010000228881836,25.75853157043457,6494900,CTVA,yfinance,2026-02-10T05:08:45.583878+00:00
2019-06-25,28.020000457763672,28.09000015258789,27.479999542236328,27.670000076293945,25.44586181640625,6698600,CTVA,yfinance,2026-02-10T05:08:45.583878+00:00
2019-06-26,27.93000030517578,29.375,27.850000381469727,29.260000228881836,26.908056259155273,6735100,CTVA,yfinance,2026-02-10T05:08:45.583878+00:00
2019-06-27,29.3799991607666,30.329999923706055,29.260000228881836,29.56999969482422,27.19313621520996,5879600,CTVA,yfinance,2026-02-10T05:08:45.583878+00:00
2019-06-28,29.600000381469727,29.75,29.260000228881836,29.56999969482422,27.19313621520996,15517800,CTVA,yfinance,2026-02-10T05:08:45.583878+00:00
2019-07-01,29.579999923706055,30.75,28.950000762939453,29.68000030517578,27.294294357299805,5272900,CTVA,yfinance,2026-02-10T05:08:45.583878+00:00
2019-07-02,29.5,29.600000381469727,28.139999389648438,28.989999771118164,26.659759521484375,5438300,CTVA,yfinance,2026-02-10T05:08:45.583878+00:00
2019-07-03,28.780000686645508,28.899999618530273,28.200000762939453,28.799999237060547,26.485031127929688,2234900,CTVA,yfinance,2026-02-10T05:08:45.583878+00:00
2019-07-05,28.450000762939453,29.31999969482422,28.260000228881836,28.639999389648438,26.337894439697266,2888200,CTVA,yfinance,2026-02-10T05:08:45.583878+00:00
2019-07-08,28.389999389648438,28.389999389648438,27.639999389648438,27.770000457763672,25.537822723388672,3478600,CTVA,yfinance,2026-02-10T05:08:45.583878+00:00
2019-07-09,27.469999313354492,27.770000457763672,26.829999923706055,26.989999771118164,24.82052230834961,5285700,CTVA,yfinance,2026-02-10T05:08:45.583878+00:00
2019-07-10,26.809999465942383,27.0,26.440000534057617,26.5,24.36991310119629,5133700,CTVA,yfinance,2026-02-10T05:08:45.583878+00:00
2019-07-11,26.549999237060547,26.799999237060547,25.959999084472656,26.43000030517578,24.305532455444336,6066200,CTVA,yfinance,2026-02-10T05:08:45.583878+00:00
2019-07-12,26.420000076293945,27.729999542236328,26.260000228881836,27.600000381469727,25.381488800048828,5154500,CTVA,yfinance,2026-02-10T05:08:45.583878+00:00
2019-07-15,27.40999984741211,28.270000457763672,27.399999618530273,28.079999923706055,25.82290267944336,3443100,CTVA,yfinance,2026-02-10T05:08:45.583878+00:00
2019-07-16,27.93000030517578,28.5,27.71500015258789,27.860000610351562,25.62059211730957,3735900,CTVA,yfinance,2026-02-10T05:08:45.583878+00:00
2019-07-17,27.600000381469727,27.709999084472656,26.850000381469727,26.8799991607666,24.719358444213867,3999300,CTVA,yfinance,2026-02-10T05:08:45.583878+00:00
2019-07-18,26.579999923706055,26.979999542236328,26.413000106811523,26.649999618530273,24.50784683227539,3009800,CTVA,yfinance,2026-02-10T05:08:45.583878+00:00
2019-07-19,26.790000915527344,27.479999542236328,26.639999389648438,27.389999389648438,25.188365936279297,4694800,CTVA,yfinance,2026-02-10T05:08:45.583878+00:00
2019-07-22,27.34000015258789,27.850000381469727,27.209999084472656,27.760000228881836,25.528629302978516,2546100,CTVA,yfinance,2026-02-10T05:08:45.583878+00:00
2019-07-23,27.649999618530273,28.479999542236328,27.450000762939453,28.1200008392334,25.859689712524414,2921400,CTVA,yfinance,2026-02-10T05:08:45.583878+00:00
2019-07-24,27.770000457763672,28.520000457763672,27.6299991607666,28.31999969482422,26.043611526489258,2311800,CTVA,yfinance,2026-02-10T05:08:45.583878+00:00
2019-07-25,28.100000381469727,28.399999618530273,27.75,28.020000457763672,25.767728805541992,3532200,CTVA,yfinance,2026-02-10T05:08:45.583878+00:00
2019-07-26,27.719999313354492,28.524999618530273,27.649999618530273,28.479999542236328,26.190750122070312,3052700,CTVA,yfinance,2026-02-10T05:08:45.583878+00:00
2019-07-29,28.360000610351562,28.950000762939453,28.31999969482422,28.780000686645508,26.466644287109375,6245200,CTVA,yfinance,2026-02-10T05:08:45.583878+00:00
2019-07-30,28.0,29.290000915527344,27.799999237060547,29.1299991607666,26.910058975219727,7142300,CTVA,yfinance,2026-02-10T05:08:45.583878+00:00
2019-07-31,29.100000381469727,30.149999618530273,28.709999084472656,29.5,27.251863479614258,7662000,CTVA,yfinance,2026-02-10T05:08:45.583878+00:00
2019-08-01,29.5,32.779998779296875,29.309999465942383,31.25,28.868499755859375,11564200,CTVA,yfinance,2026-02-10T05:08:45.583878+00:00
2019-08-02,30.940000534057617,31.540000915527344,30.850000381469727,31.459999084472656,29.06249237060547,7305800,CTVA,yfinance,2026-02-10T05:08:45.583878+00:00
2019-08-05,30.6299991607666,30.969999313354492,29.639999389648438,29.899999618530273,27.621376037597656,5552500,CTVA,yfinance,2026-02-10T05:08:45.583878+00:00
2019-08-06,30.059999465942383,30.219999313354492,29.469999313354492,30.049999237060547,27.75994873046875,5355900,CTVA,yfinance,2026-02-10T05:08:45.583878+00:00
2019-08-07,29.579999923706055,30.829999923706055,29.43000030517578,30.639999389648438,28.304981231689453,4925200,CTVA,yfinance,2026-02-10T05:08:45.583878+00:00
2019-08-08,30.709999084472656,31.790000915527344,30.670000076293945,31.610000610351562,29.201066970825195,3962600,CTVA,yfinance,2026-02-10T05:08:45.583878+00:00
2019-08-09,31.940000534057617,32.0,31.219999313354492,31.6299991607666,29.21953773498535,4753200,CTVA,yfinance,2026-02-10T05:08:45.583878+00:00
2019-08-12,31.489999771118164,31.829999923706055,29.510000228881836,29.6299991607666,27.371952056884766,7112500,CTVA,yfinance,2026-02-10T05:08:45.583878+00:00
2019-08-13,29.329999923706055,30.149999618530273,29.190000534057617,29.600000381469727,27.344242095947266,6855400,CTVA,yfinance,2026-02-10T05:08:45.583878+00:00
2019-08-14,29.1200008392334,29.360000610351562,28.280000686645508,28.34000015258789,26.180259704589844,4580100,CTVA,yfinance,2026-02-10T05:08:45.583878+00:00
2019-08-15,28.93000030517578,29.229999542236328,27.93000030517578,28.420000076293945,26.25416374206543,3561600,CTVA,yfinance,2026-02-10T05:08:45.583878+00:00
2019-08-16,28.690000534057617,30.309999465942383,28.559999465942383,30.239999771118164,27.935468673706055,4285100,CTVA,yfinance,2026-02-10T05:08:45.583878+00:00
2019-08-19,30.75,30.84000015258789,30.25,30.56999969482422,28.24032211303711,4207300,CTVA,yfinance,2026-02-10T05:08:45.583878+00:00
2019-08-20,30.6200008392334,30.68000030517578,30.09000015258789,30.260000228881836,27.953947067260742,3073700,CTVA,yfinance,2026-02-10T05:08:45.583878+00:00
2019-08-21,30.299999237060547,30.979999542236328,30.280000686645508,30.579999923706055,28.249553680419922,2815400,CTVA,yfinance,2026-02-10T05:08:45.583878+00:00
2019-08-22,30.780000686645508,30.950000762939453,30.209999084472656,30.290000915527344,27.981660842895508,3351400,CTVA,yfinance,2026-02-10T05:08:45.583878+00:00
2019-08-23,29.799999237060547,30.15999984741211,28.809999465942383,29.049999237060547,26.836153030395508,3911600,CTVA,yfinance,2026-02-10T05:08:45.583878+00:00
2019-08-26,29.350000381469727,29.475000381469727,28.670000076293945,29.020000457763672,26.808441162109375,3479800,CTVA,yfinance,2026-02-10T05:08:45.583878+00:00
2019-08-27,29.149999618530273,29.43000030517578,28.53499984741211,28.729999542236328,26.54054832458496,3528400,CTVA,yfinance,2026-02-10T05:08:45.583878+00:00
2019-08-28,28.479999542236328,29.530000686645508,28.309999465942383,29.170000076293945,26.947010040283203,5091800,CTVA,yfinance,2026-02-10T05:08:45.583878+00:00
2019-08-29,29.549999237060547,30.22800064086914,29.520000457763672,29.709999084472656,27.445859909057617,3135600,CTVA,yfinance,2026-02-10T05:08:45.583878+00:00
2019-08-30,30.0,30.030000686645508,29.260000228881836,29.31999969482422,27.08557891845703,5220200,CTVA,yfinance,2026-02-10T05:08:45.583878+00:00
2019-09-03,28.989999771118164,29.100000381469727,28.0,28.229999542236328,26.078641891479492,3279100,CTVA,yfinance,2026-02-10T05:08:45.583878+00:00
2019-09-04,28.6200008392334,28.84000015258789,28.170000076293945,28.43000030517578,26.263404846191406,2962100,CTVA,yfinance,2026-02-10T05:08:45.583878+00:00
2019-09-05,28.739999771118164,28.989999771118164,27.950000762939453,28.459999084472656,26.29111671447754,4972700,CTVA,yfinance,2026-02-10T05:08:45.583878+00:00
2019-09-06,28.450000762939453,28.809999465942383,27.889999389648438,28.389999389648438,26.226451873779297,5140000,CTVA,yfinance,2026-02-10T05:08:45.583878+00:00
2019-09-09,28.350000381469727,28.81999969482422,28.020000457763672,28.75,26.559017181396484,4661000,CTVA,yfinance,2026-02-10T05:08:45.583878+00:00
2019-09-10,28.700000762939453,29.1299991607666,28.139999389648438,28.559999465942383,26.383495330810547,3682900,CTVA,yfinance,2026-02-10T05:08:45.583878+00:00
2019-09-11,28.5,29.299999237060547,28.110000610351562,29.270000457763672,27.03938865661621,3033600,CTVA,yfinance,2026-02-10T05:08:45.583878+00:00
2019-09-12,29.5,30.09000015258789,28.899999618530273,29.899999618530273,27.621376037597656,7967600,CTVA,yfinance,2026-02-10T05:08:45.583878+00:00
2019-09-13,30.040000915527344,30.350000381469727,29.899999618530273,30.1200008392334,27.824609756469727,4919600,CTVA,yfinance,2026-02-10T05:08:45.583878+00:00
2019-09-16,30.049999237060547,30.059999465942383,28.84000015258789,29.399999618530273,27.159481048583984,3300700,CTVA,yfinance,2026-02-10T05:08:45.583878+00:00
2019-09-17,29.31999969482422,29.469999313354492,28.959999084472656,28.979999542236328,26.7714900970459,4118200,CTVA,yfinance,2026-02-10T05:08:45.583878+00:00
2019-09-18,28.75,29.459999084472656,28.75,29.149999618530273,26.92853546142578,3606000,CTVA,yfinance,2026-02-10T05:08:45.583878+00:00
2019-09-19,29.260000228881836,29.709999084472656,29.059999465942383,29.139999389648438,26.919294357299805,3222400,CTVA,yfinance,2026-02-10T05:08:45.583878+00:00
2019-09-20,29.350000381469727,29.56999969482422,28.850000381469727,28.920000076293945,26.716066360473633,6865000,CTVA,yfinance,2026-02-10T05:08:45.583878+00:00
2019-09-23,28.639999389648438,29.0,28.44499969482422,28.8799991607666,26.679105758666992,3314300,CTVA,yfinance,2026-02-10T05:08:45.583878+00:00
2019-09-24,28.709999084472656,28.989999771118164,27.961000442504883,28.239999771118164,26.0878849029541,2840500,CTVA,yfinance,2026-02-10T05:08:45.583878+00:00
2019-09-25,28.219999313354492,28.5,27.770000457763672,28.200000762939453,26.050931930541992,3154200,CTVA,yfinance,2026-02-10T05:08:45.583878+00:00
2019-09-26,28.110000610351562,28.200000762939453,27.489999771118164,27.639999389648438,25.533607482910156,3532100,CTVA,yfinance,2026-02-10T05:08:45.583878+00:00
2019-09-27,27.549999237060547,28.229999542236328,27.309999465942383,27.799999237060547,25.681413650512695,4534900,CTVA,yfinance,2026-02-10T05:08:45.583878+00:00
2019-09-30,27.899999618530273,28.350000381469727,27.760000228881836,28.0,25.866174697875977,6245000,CTVA,yfinance,2026-02-10T05:08:45.583878+00:00
2019-10-01,28.030000686645508,28.3799991607666,27.229999542236328,27.549999237060547,25.450464248657227,5843200,CTVA,yfinance,2026-02-10T05:08:45.583878+00:00
2019-10-02,27.149999618530273,27.670000076293945,26.6200008392334,26.940000534057617,24.88695526123047,5181600,CTVA,yfinance,2026-02-10T05:08:45.583878+00:00
2019-10-03,26.90999984741211,27.15999984741211,26.510000228881836,26.8799991607666,24.831525802612305,3622400,CTVA,yfinance,2026-02-10T05:08:45.583878+00:00
2019-10-04,27.0,27.038000106811523,25.801000595092773,25.889999389648438,23.916973114013672,4851400,CTVA,yfinance,2026-02-10T05:08:45.583878+00:00
2019-10-07,26.0,26.469999313354492,25.729999542236328,26.0,24.018585205078125,5474100,CTVA,yfinance,2026-02-10T05:08:45.583878+00:00
2019-10-08,25.639999389648438,26.43000030517578,25.59000015258789,26.219999313354492,24.221826553344727,6214200,CTVA,yfinance,2026-02-10T05:08:45.583878+00:00
2019-10-09,26.790000915527344,26.829999923706055,25.739999771118164,26.170000076293945,24.175636291503906,3916700,CTVA,yfinance,2026-02-10T05:08:45.583878+00:00
2019-10-10,26.170000076293945,26.719999313354492,25.709999084472656,25.729999542236328,23.769168853759766,3003300,CTVA,yfinance,2026-02-10T05:08:45.583878+00:00
2019-10-11,26.100000381469727,27.1200008392334,25.989999771118164,26.65999984741211,24.628293991088867,4555600,CTVA,yfinance,2026-02-10T05:08:45.583878+00:00
2019-10-14,26.399999618530273,26.770000457763672,26.200000762939453,26.329999923706055,24.32344627380371,3064900,CTVA,yfinance,2026-02-10T05:08:45.583878+00:00
2019-10-15,26.219999313354492,27.09000015258789,26.065000534057617,26.700000762939453,24.665250778198242,3826500,CTVA,yfinance,2026-02-10T05:08:45.583878+00:00
2019-10-16,26.350000381469727,27.229999542236328,26.290000915527344,26.8700008392334,24.822284698486328,3023500,CTVA,yfinance,2026-02-10T05:08:45.583878+00:00
2019-10-17,27.049999237060547,27.209999084472656,26.65999984741211,26.770000457763672,24.72991180419922,2196500,CTVA,yfinance,2026-02-10T05:08:45.583878+00:00
2019-10-18,26.600000381469727,26.639999389648438,25.639999389648438,26.040000915527344,24.055545806884766,4332300,CTVA,yfinance,2026-02-10T05:08:45.583878+00:00
2019-10-21,26.290000915527344,26.579999923706055,25.43000030517578,25.5,23.55669403076172,3318300,CTVA,yfinance,2026-02-10T05:08:45.583878+00:00
2019-10-22,25.510000228881836,26.049999237060547,25.229999542236328,25.979999542236328,24.000112533569336,4166600,CTVA,yfinance,2026-02-10T05:08:45.583878+00:00
2019-10-23,25.889999389648438,26.020000457763672,25.21500015258789,25.610000610351562,23.658309936523438,4140000,CTVA,yfinance,2026-02-10T05:08:45.583878+00:00
2019-10-24,25.6299991607666,26.549999237060547,25.5,26.3700008392334,24.360395431518555,5359700,CTVA,yfinance,2026-02-10T05:08:45.583878+00:00
2019-10-25,26.3700008392334,26.959999084472656,26.239999771118164,26.729999542236328,24.69295883178711,2676900,CTVA,yfinance,2026-02-10T05:08:45.583878+00:00
2019-10-28,26.790000915527344,27.139999389648438,26.600000381469727,26.770000457763672,24.72991180419922,2943500,CTVA,yfinance,2026-02-10T05:08:45.583878+00:00
2019-10-29,26.510000228881836,27.239999771118164,26.420000076293945,26.780000686645508,24.739147186279297,2837000,CTVA,yfinance,2026-02-10T05:08:45.583878+00:00
2019-10-30,27.049999237060547,27.59000015258789,26.90999984741211,27.479999542236328,25.385801315307617,5993500,CTVA,yfinance,2026-02-10T05:08:45.583878+00:00
2019-10-31,26.5,27.479999542236328,25.25,26.3799991607666,24.3696346282959,7084400,CTVA,yfinance,2026-02-10T05:08:45.583878+00:00
2019-11-01,26.18000030517578,26.600000381469727,25.510000228881836,26.18000030517578,24.18486976623535,10081500,CTVA,yfinance,2026-02-10T05:08:45.583878+00:00
2019-11-04,26.170000076293945,26.420000076293945,25.649999618530273,25.739999771118164,23.77840232849121,8316200,CTVA,yfinance,2026-02-10T05:08:45.583878+00:00
2019-11-05,25.479999542236328,26.030000686645508,24.760000228881836,25.65999984741211,23.704504013061523,8240500,CTVA,yfinance,2026-02-10T05:08:45.583878+00:00
2019-11-06,25.81999969482422,26.31999969482422,25.719999313354492,26.1299991607666,24.138683319091797,6560000,CTVA,yfinance,2026-02-10T05:08:45.583878+00:00
2019-11-07,26.469999313354492,26.479999542236328,26.1200008392334,26.149999618530273,24.157163619995117,4554200,CTVA,yfinance,2026-02-10T05:08:45.583878+00:00
2019-11-08,26.100000381469727,26.363000869750977,25.90999984741211,26.200000762939453,24.203344345092773,2998800,CTVA,yfinance,2026-02-10T05:08:45.583878+00:00
2019-11-11,26.040000915527344,26.739999771118164,25.690000534057617,26.739999771118164,24.702192306518555,3258300,CTVA,yfinance,2026-02-10T05:08:45.583878+00:00
2019-11-12,26.93000030517578,27.239999771118164,26.530000686645508,26.719999313354492,24.683719635009766,4665500,CTVA,yfinance,2026-02-10T05:08:45.583878+00:00
2019-11-13,26.5,26.540000915527344,25.459999084472656,25.719999313354492,23.759931564331055,3759900,CTVA,yfinance,2026-02-10T05:08:45.583878+00:00
2019-11-14,25.709999084472656,26.860000610351562,25.709999084472656,26.3799991607666,24.3696346282959,7274500,CTVA,yfinance,2026-02-10T05:08:45.583878+00:00
2019-11-15,26.56999969482422,26.6200008392334,25.434999465942383,25.479999542236328,23.53822135925293,4788600,CTVA,yfinance,2026-02-10T05:08:45.583878+00:00
2019-11-18,25.5,25.764999389648438,25.360000610351562,25.479999542236328,23.53822135925293,4656400,CTVA,yfinance,2026-02-10T05:08:45.583878+00:00
2019-11-19,25.549999237060547,25.924999237060547,25.309999465942383,25.700000762939453,23.741455078125,4135100,CTVA,yfinance,2026-02-10T05:08:45.583878+00:00
2019-11-20,25.6200008392334,25.700000762939453,24.915000915527344,24.979999542236328,23.076316833496094,4531200,CTVA,yfinance,2026-02-10T05:08:45.583878+00:00
2019-11-21,24.969999313354492,25.40999984741211,24.93000030517578,25.110000610351562,23.19641876220703,4165700,CTVA,yfinance,2026-02-10T05:08:45.583878+00:00
2019-11-22,25.030000686645508,25.575000762939453,25.030000686645508,25.540000915527344,23.593645095825195,11212400,CTVA,yfinance,2026-02-10T05:08:45.583878+00:00
2019-11-25,25.739999771118164,26.110000610351562,25.649999618530273,25.93000030517578,23.953922271728516,6107900,CTVA,yfinance,2026-02-10T05:08:45.583878+00:00
2019-11-26,25.780000686645508,26.204999923706055,25.700000762939453,25.8799991607666,23.90773582458496,7580900,CTVA,yfinance,2026-02-10T05:08:45.583878+00:00
2019-11-27,25.770000457763672,26.219999313354492,25.68000030517578,26.049999237060547,24.1862735748291,6745600,CTVA,yfinance,2026-02-10T05:08:45.583878+00:00
2019-11-29,25.969999313354492,26.079999923706055,25.549999237060547,26.020000457763672,24.158418655395508,8233100,CTVA,yfinance,2026-02-10T05:08:45.583878+00:00
2019-12-02,26.030000686645508,26.139999389648438,25.040000915527344,25.18000030517578,23.378515243530273,7232800,CTVA,yfinance,2026-02-10T05:08:45.583878+00:00
2019-12-03,24.81999969482422,24.8700008392334,24.299999237060547,24.649999618530273,22.886436462402344,8645000,CTVA,yfinance,2026-02-10T05:08:45.583878+00:00
2019-12-04,24.899999618530273,25.211999893188477,24.6200008392334,24.84000015258789,23.062841415405273,13263000,CTVA,yfinance,2026-02-10T05:08:45.583878+00:00
2019-12-05,24.969999313354492,25.09000015258789,24.100000381469727,24.81999969482422,23.044267654418945,7510700,CTVA,yfinance,2026-02-10T05:08:45.583878+00:00
2019-12-06,25.0,25.559999465942383,24.940000534057617,25.260000228881836,23.45279884338379,5835800,CTVA,yfinance,2026-02-10T05:08:45.583878+00:00
2019-12-09,25.469999313354492,26.1299991607666,25.395000457763672,25.770000457763672,23.926305770874023,6603500,CTVA,yfinance,2026-02-10T05:08:45.583878+00:00
2019-12-10,25.690000534057617,25.8799991607666,25.420000076293945,25.8700008392334,24.019149780273438,5134600,CTVA,yfinance,2026-02-10T05:08:45.583878+00:00
2019-12-11,25.889999389648438,26.270000457763672,25.829999923706055,26.200000762939453,24.325542449951172,5215000,CTVA,yfinance,2026-02-10T05:08:45.583878+00:00
2019-12-12,26.1200008392334,27.075000762939453,26.0,26.979999542236328,25.04973602294922,4930200,CTVA,yfinance,2026-02-10T05:08:45.583878+00:00
2019-12-13,26.979999542236328,27.149999618530273,26.459999084472656,26.489999771118164,24.59479331970215,6268800,CTVA,yfinance,2026-02-10T05:08:45.583878+00:00
2019-12-16,26.940000534057617,27.559999465942383,26.850000381469727,27.549999237060547,25.57895278930664,9527400,CTVA,yfinance,2026-02-10T05:08:45.583878+00:00
2019-12-17,27.260000228881836,27.549999237060547,26.579999923706055,26.770000457763672,24.854759216308594,9227900,CTVA,yfinance,2026-02-10T05:08:45.583878+00:00
2019-12-18,26.709999084472656,27.940000534057617,26.489999771118164,27.81999969482422,25.829639434814453,13869000,CTVA,yfinance,2026-02-10T05:08:45.583878+00:00
2019-12-19,27.739999771118164,28.270000457763672,27.459999084472656,27.709999084472656,25.727508544921875,11975100,CTVA,yfinance,2026-02-10T05:08:45.583878+00:00
2019-12-20,27.68000030517578,28.25,27.440000534057617,28.18000030517578,26.16388702392578,30573900,CTVA,yfinance,2026-02-10T05:08:45.583878+00:00
2019-12-23,28.190000534057617,28.7450008392334,28.100000381469727,28.65999984741211,26.609542846679688,5970800,CTVA,yfinance,2026-02-10T05:08:45.583878+00:00
2019-12-24,28.600000381469727,29.040000915527344,28.3799991607666,28.809999465942383,26.74880599975586,1698400,CTVA,yfinance,2026-02-10T05:08:45.583878+00:00
2019-12-26,28.68000030517578,29.200000762939453,28.6299991607666,29.190000534057617,27.10162353515625,2599300,CTVA,yfinance,2026-02-10T05:08:45.583878+00:00
2019-12-27,29.200000762939453,29.280000686645508,28.979999542236328,29.139999389648438,27.055192947387695,2738200,CTVA,yfinance,2026-02-10T05:08:45.583878+00:00
2019-12-30,29.1299991607666,29.229999542236328,28.790000915527344,28.860000610351562,26.795230865478516,2795600,CTVA,yfinance,2026-02-10T05:08:45.583878+00:00
2019-12-31,28.850000381469727,29.59000015258789,28.809999465942383,29.559999465942383,27.445154190063477,3414500,CTVA,yfinance,2026-02-10T05:08:45.583878+00:00
2020-01-02,29.809999465942383,29.809999465942383,28.719999313354492,28.739999771118164,26.68381690979004,6896100,CTVA,yfinance,2026-02-10T05:08:45.583878+00:00
2020-01-03,28.420000076293945,28.899999618530273,28.360000610351562,28.399999618530273,26.368144989013672,5611400,CTVA,yfinance,2026-02-10T05:08:45.583878+00:00
2020-01-06,28.079999923706055,28.500999450683594,27.975000381469727,28.360000610351562,26.33100128173828,6972800,CTVA,yfinance,2026-02-10T05:08:45.583878+00:00
2020-01-07,28.309999465942383,28.719999313354492,28.170000076293945,28.469999313354492,26.433134078979492,6014800,CTVA,yfinance,2026-02-10T05:08:45.583878+00:00
2020-01-08,28.5,28.780000686645508,28.100000381469727,28.700000762939453,26.646684646606445,3684500,CTVA,yfinance,2026-02-10T05:08:45.583878+00:00
2020-01-09,28.799999237060547,28.850000381469727,28.3799991607666,28.729999542236328,26.674531936645508,3703200,CTVA,yfinance,2026-02-10T05:08:45.583878+00:00
2020-01-10,28.809999465942383,28.93000030517578,28.31999969482422,28.350000381469727,26.32171630859375,4498700,CTVA,yfinance,2026-02-10T05:08:45.583878+00:00
2020-01-13,28.34000015258789,28.600000381469727,28.155000686645508,28.579999923706055,26.535259246826172,4735100,CTVA,yfinance,2026-02-10T05:08:45.583878+00:00
2020-01-14,28.559999465942383,28.790000915527344,28.299999237060547,28.639999389648438,26.590972900390625,5370600,CTVA,yfinance,2026-02-10T05:08:45.583878+00:00
2020-01-15,28.649999618530273,28.889999389648438,28.475000381469727,28.68000030517578,26.628108978271484,6336800,CTVA,yfinance,2026-02-10T05:08:45.583878+00:00
2020-01-16,28.770000457763672,29.260000228881836,28.524999618530273,29.219999313354492,27.129470825195312,5847900,CTVA,yfinance,2026-02-10T05:08:45.583878+00:00
2020-01-17,28.459999084472656,28.6299991607666,27.6299991607666,28.299999237060547,26.27529525756836,8668600,CTVA,yfinance,2026-02-10T05:08:45.583878+00:00
2020-01-21,28.059999465942383,28.350000381469727,27.709999084472656,27.81999969482422,25.829639434814453,5514000,CTVA,yfinance,2026-02-10T05:08:45.583878+00:00
2020-01-22,27.81999969482422,28.25,27.5,28.15999984741211,26.145315170288086,8672900,CTVA,yfinance,2026-02-10T05:08:45.583878+00:00
2020-01-23,28.010000228881836,28.510000228881836,27.510000228881836,28.450000762939453,26.414562225341797,4139400,CTVA,yfinance,2026-02-10T05:08:45.583878+00:00
2020-01-24,28.309999465942383,28.354999542236328,27.709999084472656,27.950000762939453,25.95033836364746,4996200,CTVA,yfinance,2026-02-10T05:08:45.583878+00:00
2020-01-27,27.229999542236328,27.530000686645508,26.969999313354492,27.15999984741211,25.216856002807617,4195000,CTVA,yfinance,2026-02-10T05:08:45.583878+00:00
2020-01-28,27.299999237060547,27.579999923706055,27.0,27.559999465942383,25.588239669799805,5618800,CTVA,yfinance,2026-02-10T05:08:45.583878+00:00
2020-01-29,27.549999237060547,27.989999771118164,27.510000228881836,27.799999237060547,25.811071395874023,3499600,CTVA,yfinance,2026-02-10T05:08:45.583878+00:00
2020-01-30,27.940000534057617,29.44700050354004,27.600000381469727,29.239999771118164,27.148040771484375,9762200,CTVA,yfinance,2026-02-10T05:08:45.583878+00:00
2020-01-31,28.780000686645508,29.149999618530273,28.459999084472656,28.920000076293945,26.850936889648438,6788300,CTVA,yfinance,2026-02-10T05:08:45.583878+00:00
2020-02-03,29.059999465942383,30.260000228881836,28.81999969482422,30.1200008392334,27.965089797973633,9430800,CTVA,yfinance,2026-02-10T05:08:45.583878+00:00
2020-02-04,30.610000610351562,31.110000610351562,30.045000076293945,30.950000762939453,28.735708236694336,5853400,CTVA,yfinance,2026-02-10T05:08:45.583878+00:00
2020-02-05,30.31999969482422,31.709999084472656,29.690000534057617,31.709999084472656,29.441329956054688,5745300,CTVA,yfinance,2026-02-10T05:08:45.583878+00:00
2020-02-06,32.0,32.06999969482422,31.299999237060547,31.59000015258789,29.329914093017578,6383600,CTVA,yfinance,2026-02-10T05:08:45.583878+00:00
2020-02-07,31.40999984741211,31.43000030517578,30.795000076293945,31.040000915527344,28.81926727294922,3716100,CTVA,yfinance,2026-02-10T05:08:45.583878+00:00
2020-02-10,30.739999771118164,31.014999389648438,30.46500015258789,30.600000381469727,28.410743713378906,3416600,CTVA,yfinance,2026-02-10T05:08:45.583878+00:00
2020-02-11,30.65999984741211,31.350000381469727,30.40999984741211,30.510000228881836,28.327184677124023,3705400,CTVA,yfinance,2026-02-10T05:08:45.583878+00:00
2020-02-12,30.739999771118164,31.09000015258789,30.649999618530273,30.940000534057617,28.726425170898438,3023400,CTVA,yfinance,2026-02-10T05:08:45.583878+00:00
2020-02-13,30.68000030517578,31.040000915527344,30.454999923706055,30.600000381469727,28.410743713378906,4543000,CTVA,yfinance,2026-02-10T05:08:45.583878+00:00
2020-02-14,30.65999984741211,30.93000030517578,30.579999923706055,30.709999084472656,28.512874603271484,3895500,CTVA,yfinance,2026-02-10T05:08:45.583878+00:00
2020-02-18,30.68000030517578,31.479999542236328,30.610000610351562,31.399999618530273,29.153507232666016,3524700,CTVA,yfinance,2026-02-10T05:08:45.583878+00:00
2020-02-19,31.399999618530273,31.799999237060547,31.219999313354492,31.520000457763672,29.264923095703125,3042600,CTVA,yfinance,2026-02-10T05:08:45.583878+00:00
2020-02-20,31.3700008392334,32.08000183105469,31.31999969482422,31.56999969482422,29.31134796142578,2460300,CTVA,yfinance,2026-02-10T05:08:45.583878+00:00
2020-02-21,31.350000381469727,31.670000076293945,31.18000030517578,31.219999313354492,28.98638916015625,3955200,CTVA,yfinance,2026-02-10T05:08:45.583878+00:00
2020-02-24,30.469999313354492,30.889999389648438,30.270000457763672,30.65999984741211,28.46645736694336,3441300,CTVA,yfinance,2026-02-10T05:08:45.583878+00:00
2020-02-25,30.6200008392334,30.81999969482422,28.229999542236328,28.3799991607666,26.34957504272461,5045600,CTVA,yfinance,2026-02-10T05:08:45.583878+00:00
2020-02-26,28.40999984741211,29.33300018310547,28.31999969482422,28.5,26.460988998413086,4157900,CTVA,yfinance,2026-02-10T05:08:45.583878+00:00
2020-02-27,28.1200008392334,28.670000076293945,27.239999771118164,27.290000915527344,25.33755874633789,4702500,CTVA,yfinance,2026-02-10T05:08:45.583878+00:00
2020-02-28,26.530000686645508,27.200000762939453,25.860000610351562,27.200000762939453,25.253995895385742,9732700,CTVA,yfinance,2026-02-10T05:08:45.583878+00:00
2020-03-02,27.270000457763672,28.260000228881836,26.86199951171875,28.239999771118164,26.345502853393555,7440100,CTVA,yfinance,2026-02-10T05:08:45.583878+00:00
2020-03-03,28.479999542236328,29.260000228881836,27.489999771118164,27.920000076293945,26.046972274780273,8503900,CTVA,yfinance,2026-02-10T05:08:45.583878+00:00
2020-03-04,28.190000534057617,28.920000076293945,27.809999465942383,28.899999618530273,26.961227416992188,6341400,CTVA,yfinance,2026-02-10T05:08:45.583878+00:00
2020-03-05,28.0,28.424999237060547,27.15999984741211,27.309999465942383,25.47789192199707,3974300,CTVA,yfinance,2026-02-10T05:08:45.583878+00:00
2020-03-06,26.520000457763672,26.579999923706055,24.920000076293945,25.299999237060547,23.602733612060547,5843700,CTVA,yfinance,2026-02-10T05:08:45.583878+00:00
2020-03-09,23.280000686645508,24.31999969482422,22.8700008392334,23.06999969482422,21.5223388671875,7758500,CTVA,yfinance,2026-02-10T05:08:45.583878+00:00
2020-03-10,24.399999618530273,25.989999771118164,23.8799991607666,25.90999984741211,24.171817779541016,6696200,CTVA,yfinance,2026-02-10T05:08:45.583878+00:00
2020-03-11,25.010000228881836,25.65999984741211,24.450000762939453,25.0,23.32286262512207,6382300,CTVA,yfinance,2026-02-10T05:08:45.583878+00:00
2020-03-12,22.8700008392334,24.950000762939453,22.260000228881836,22.34000015258789,20.841306686401367,6448100,CTVA,yfinance,2026-02-10T05:08:45.583878+00:00
2020-03-13,23.829999923706055,25.0,21.549999237060547,24.81999969482422,23.154937744140625,7214500,CTVA,yfinance,2026-02-10T05:08:45.583878+00:00
2020-03-16,21.510000228881836,23.34000015258789,20.565000534057617,20.739999771118164,19.34864616394043,6308300,CTVA,yfinance,2026-02-10T05:08:45.583878+00:00
2020-03-17,21.229999542236328,24.139999389648438,20.719999313354492,22.670000076293945,21.149169921875,7555300,CTVA,yfinance,2026-02-10T05:08:45.583878+00:00
2020-03-18,21.079999923706055,23.399999618530273,20.3799991607666,21.56999969482422,20.122966766357422,7526200,CTVA,yfinance,2026-02-10T05:08:45.583878+00:00
2020-03-19,21.18000030517578,24.799999237060547,20.540000915527344,23.260000228881836,21.69959259033203,5291400,CTVA,yfinance,2026-02-10T05:08:45.583878+00:00
2020-03-20,23.200000762939453,23.239999771118164,21.110000610351562,22.530000686645508,21.018564224243164,10607100,CTVA,yfinance,2026-02-10T05:08:45.583878+00:00
2020-03-23,22.219999313354492,23.52899932861328,21.420000076293945,21.920000076293945,20.44948959350586,8693500,CTVA,yfinance,2026-02-10T05:08:45.583878+00:00
2020-03-24,23.010000228881836,23.969999313354492,21.5,22.329999923706055,20.831981658935547,8305600,CTVA,yfinance,2026-02-10T05:08:45.583878+00:00
2020-03-25,22.75,25.139999389648438,22.139999389648438,23.399999618530273,21.830198287963867,5823500,CTVA,yfinance,2026-02-10T05:08:45.583878+00:00
2020-03-26,23.110000610351562,24.850000381469727,22.885000228881836,24.139999389648438,22.520553588867188,7085600,CTVA,yfinance,2026-02-10T05:08:45.583878+00:00
2020-03-27,23.110000610351562,24.809999465942383,22.665000915527344,23.209999084472656,21.65294647216797,4538800,CTVA,yfinance,2026-02-10T05:08:45.583878+00:00
2020-03-30,23.280000686645508,24.31999969482422,22.90999984741211,24.09000015258789,22.473913192749023,4469500,CTVA,yfinance,2026-02-10T05:08:45.583878+00:00
2020-03-31,24.229999542236328,24.56999969482422,23.350000381469727,23.5,21.923492431640625,4090400,CTVA,yfinance,2026-02-10T05:08:45.583878+00:00
2020-04-01,23.25,23.600000381469727,22.350000381469727,22.510000228881836,20.999906539916992,6706600,CTVA,yfinance,2026-02-10T05:08:45.583878+00:00
2020-04-02,22.850000381469727,23.43000030517578,21.816999435424805,22.239999771118164,20.748018264770508,6302000,CTVA,yfinance,2026-02-10T05:08:45.583878+00:00
2020-04-03,22.209999084472656,23.049999237060547,22.1200008392334,22.6200008392334,21.10253143310547,5961100,CTVA,yfinance,2026-02-10T05:08:45.583878+00:00
2020-04-06,23.5,24.57200050354004,23.219999313354492,24.260000228881836,22.632505416870117,6132500,CTVA,yfinance,2026-02-10T05:08:45.583878+00:00
2020-04-07,25.0,25.93000030517578,24.350000381469727,24.530000686645508,22.884389877319336,5777100,CTVA,yfinance,2026-02-10T05:08:45.583878+00:00
2020-04-08,24.549999237060547,26.170000076293945,24.40999984741211,26.049999237060547,24.302419662475586,4231800,CTVA,yfinance,2026-02-10T05:08:45.583878+00:00
2020-04-09,26.200000762939453,28.06999969482422,26.200000762939453,27.93000030517578,26.056303024291992,6076900,CTVA,yfinance,2026-02-10T05:08:45.583878+00:00
2020-04-13,27.31999969482422,27.489999771118164,25.899999618530273,26.559999465942383,24.77821159362793,3453900,CTVA,yfinance,2026-02-10T05:08:45.583878+00:00
2020-04-14,27.59000015258789,27.844999313354492,26.040000915527344,26.440000534057617,24.666255950927734,2853300,CTVA,yfinance,2026-02-10T05:08:45.583878+00:00
2020-04-15,26.06999969482422,26.149999618530273,24.614999771118164,25.510000228881836,23.798646926879883,2927100,CTVA,yfinance,2026-02-10T05:08:45.583878+00:00
2020-04-16,25.3799991607666,25.743999481201172,24.579999923706055,25.15999984741211,23.472129821777344,2663500,CTVA,yfinance,2026-02-10T05:08:45.583878+00:00
2020-04-17,25.940000534057617,26.315000534057617,24.920000076293945,25.510000228881836,23.798646926879883,5696900,CTVA,yfinance,2026-02-10T05:08:45.583878+00:00
2020-04-20,25.860000610351562,25.860000610351562,24.56999969482422,24.6299991607666,22.97768783569336,4242500,CTVA,yfinance,2026-02-10T05:08:45.583878+00:00
2020-04-21,24.010000228881836,24.950000762939453,23.860000610351562,24.270000457763672,22.64183807373047,5773900,CTVA,yfinance,2026-02-10T05:08:45.583878+00:00
2020-04-22,24.75,25.21500015258789,24.290000915527344,24.940000534057617,23.26688575744629,3936700,CTVA,yfinance,2026-02-10T05:08:45.583878+00:00
2020-04-23,25.280000686645508,25.84000015258789,25.010000228881836,25.399999618530273,23.696029663085938,2754500,CTVA,yfinance,2026-02-10T05:08:45.583878+00:00
2020-04-24,25.579999923706055,26.68000030517578,25.3799991607666,26.270000457763672,24.507665634155273,3851300,CTVA,yfinance,2026-02-10T05:08:45.583878+00:00
2020-04-27,26.329999923706055,26.559999465942383,25.510000228881836,25.559999465942383,23.845294952392578,4908800,CTVA,yfinance,2026-02-10T05:08:45.583878+00:00
2020-04-28,26.149999618530273,26.514999389648438,25.809999465942383,26.190000534057617,24.433032989501953,3812800,CTVA,yfinance,2026-02-10T05:08:45.583878+00:00
2020-04-29,26.81999969482422,27.260000228881836,26.459999084472656,27.049999237060547,25.235336303710938,2008800,CTVA,yfinance,2026-02-10T05:08:45.583878+00:00
2020-04-30,26.700000762939453,26.700000762939453,25.860000610351562,26.190000534057617,24.433032989501953,2678300,CTVA,yfinance,2026-02-10T05:08:45.583878+00:00
2020-05-01,25.829999923706055,25.829999923706055,25.09000015258789,25.489999771118164,23.77998924255371,2457600,CTVA,yfinance,2026-02-10T05:08:45.583878+00:00
2020-05-04,25.149999618530273,25.459999084472656,24.81800079345703,25.420000076293945,23.714685440063477,4121600,CTVA,yfinance,2026-02-10T05:08:45.583878+00:00
2020-05-05,25.399999618530273,26.510000228881836,25.209999084472656,26.18000030517578,24.423702239990234,2412300,CTVA,yfinance,2026-02-10T05:08:45.583878+00:00
2020-05-06,26.190000534057617,26.729999542236328,25.010000228881836,25.010000228881836,23.332191467285156,3304300,CTVA,yfinance,2026-02-10T05:08:45.583878+00:00
2020-05-07,25.969999313354492,27.25,25.969999313354492,26.450000762939453,24.67558479309082,4475300,CTVA,yfinance,2026-02-10T05:08:45.583878+00:00
2020-05-08,26.719999313354492,26.969999313354492,25.459999084472656,25.979999542236328,24.237117767333984,4765100,CTVA,yfinance,2026-02-10T05:08:45.583878+00:00
2020-05-11,25.100000381469727,25.149999618530273,24.290000915527344,24.3799991607666,22.74445152282715,6871900,CTVA,yfinance,2026-02-10T05:08:45.583878+00:00
2020-05-12,24.290000915527344,24.450000762939453,23.219999313354492,23.25,21.690263748168945,4881100,CTVA,yfinance,2026-02-10T05:08:45.583878+00:00
2020-05-13,23.149999618530273,23.399999618530273,22.3799991607666,23.270000457763672,21.708919525146484,4581500,CTVA,yfinance,2026-02-10T05:08:45.583878+00:00
2020-05-14,22.770000457763672,23.360000610351562,22.3799991607666,23.31999969482422,21.877788543701172,3357400,CTVA,yfinance,2026-02-10T05:08:45.583878+00:00
2020-05-15,23.200000762939453,23.270000457763672,22.6200008392334,22.770000457763672,21.361804962158203,3601200,CTVA,yfinance,2026-02-10T05:08:45.583878+00:00
2020-05-18,23.690000534057617,24.280000686645508,23.040000915527344,24.010000228881836,22.525115966796875,5834600,CTVA,yfinance,2026-02-10T05:08:45.583878+00:00
2020-05-19,24.110000610351562,24.3799991607666,23.59000015258789,23.989999771118164,22.506351470947266,6195900,CTVA,yfinance,2026-02-10T05:08:45.583878+00:00
2020-05-20,24.68000030517578,25.604999542236328,24.649999618530273,25.09000015258789,23.5383243560791,4719600,CTVA,yfinance,2026-02-10T05:08:45.583878+00:00
2020-05-21,24.940000534057617,25.479999542236328,24.510000228881836,24.549999237060547,23.031715393066406,4021000,CTVA,yfinance,2026-02-10T05:08:45.583878+00:00
2020-05-22,24.5,24.670000076293945,24.25,24.540000915527344,23.022342681884766,3830600,CTVA,yfinance,2026-02-10T05:08:45.583878+00:00
2020-05-26,25.43000030517578,26.059999465942383,25.200000762939453,25.639999389648438,24.05430793762207,3797800,CTVA,yfinance,2026-02-10T05:08:45.583878+00:00
2020-05-27,25.889999389648438,26.174999237060547,25.459999084472656,25.799999237060547,24.20441436767578,5831000,CTVA,yfinance,2026-02-10T05:08:45.583878+00:00
2020-05-28,26.260000228881836,27.469999313354492,25.920000076293945,26.989999771118164,25.32082176208496,4069200,CTVA,yfinance,2026-02-10T05:08:45.583878+00:00
2020-05-29,26.729999542236328,27.43000030517578,26.709999084472656,27.309999465942383,25.621023178100586,6293700,CTVA,yfinance,2026-02-10T05:08:45.583878+00:00
2020-06-01,27.100000381469727,27.25,26.5,26.81999969482422,25.16132926940918,3167100,CTVA,yfinance,2026-02-10T05:08:45.583878+00:00
2020-06-02,26.93000030517578,28.030000686645508,26.75,28.010000228881836,26.27773666381836,4302500,CTVA,yfinance,2026-02-10T05:08:45.583878+00:00
2020-06-03,28.170000076293945,28.950000762939453,28.149999618530273,28.5,26.7374324798584,3287700,CTVA,yfinance,2026-02-10T05:08:45.583878+00:00
2020-06-04,28.799999237060547,30.18000030517578,28.6299991607666,30.170000076293945,28.30415153503418,6759100,CTVA,yfinance,2026-02-10T05:08:45.583878+00:00
2020-06-05,31.0,31.690000534057617,30.489999771118164,30.649999618530273,28.754467010498047,4189400,CTVA,yfinance,2026-02-10T05:08:45.583878+00:00
2020-06-08,29.690000534057617,30.81999969482422,29.309999465942383,30.010000228881836,28.1540470123291,4850400,CTVA,yfinance,2026-02-10T05:08:45.583878+00:00
2020-06-09,29.639999389648438,29.96500015258789,29.079999923706055,29.59000015258789,27.760021209716797,5365200,CTVA,yfinance,2026-02-10T05:08:45.583878+00:00
2020-06-10,29.479999542236328,30.1299991607666,29.139999389648438,29.139999389648438,27.337848663330078,4184300,CTVA,yfinance,2026-02-10T05:08:45.583878+00:00
2020-06-11,28.43000030517578,28.440000534057617,27.020000457763672,27.100000381469727,25.424013137817383,5928500,CTVA,yfinance,2026-02-10T05:08:45.583878+00:00
2020-06-12,28.440000534057617,28.489999771118164,27.200000762939453,27.540000915527344,25.83680534362793,3843900,CTVA,yfinance,2026-02-10T05:08:45.583878+00:00
2020-06-15,26.739999771118164,27.110000610351562,26.520000457763672,26.770000457763672,25.114423751831055,5109000,CTVA,yfinance,2026-02-10T05:08:45.583878+00:00
2020-06-16,28.3799991607666,28.719999313354492,27.450000762939453,27.81999969482422,26.099483489990234,8797100,CTVA,yfinance,2026-02-10T05:08:45.583878+00:00
2020-06-17,27.770000457763672,27.889999389648438,27.06999969482422,27.350000381469727,25.658557891845703,5295300,CTVA,yfinance,2026-02-10T05:08:45.583878+00:00
2020-06-18,27.350000381469727,27.56999969482422,27.209999084472656,27.479999542236328,25.780515670776367,4402000,CTVA,yfinance,2026-02-10T05:08:45.583878+00:00
2020-06-19,27.989999771118164,27.989999771118164,26.729999542236328,27.1299991607666,25.452159881591797,6693100,CTVA,yfinance,2026-02-10T05:08:45.583878+00:00
2020-06-22,26.969999313354492,27.649999618530273,26.510000228881836,27.579999923706055,25.87432861328125,3936700,CTVA,yfinance,2026-02-10T05:08:45.583878+00:00
2020-06-23,27.84000015258789,27.90999984741211,27.3700008392334,27.420000076293945,25.72422218322754,3022700,CTVA,yfinance,2026-02-10T05:08:45.583878+00:00
2020-06-24,26.8700008392334,26.920000076293945,26.030000686645508,26.06999969482422,24.457712173461914,3985000,CTVA,yfinance,2026-02-10T05:08:45.583878+00:00
2020-06-25,25.979999542236328,26.3700008392334,25.719999313354492,26.200000762939453,24.579675674438477,5600200,CTVA,yfinance,2026-02-10T05:08:45.583878+00:00
2020-06-26,26.110000610351562,26.15999984741211,25.53499984741211,25.920000076293945,24.316991806030273,4319200,CTVA,yfinance,2026-02-10T05:08:45.583878+00:00
2020-06-29,26.350000381469727,26.6299991607666,26.040000915527344,26.139999389648438,24.52338409423828,3931000,CTVA,yfinance,2026-02-10T05:08:45.583878+00:00
2020-06-30,26.1200008392334,27.079999923706055,25.799999237060547,26.790000915527344,25.13319206237793,4590500,CTVA,yfinance,2026-02-10T05:08:45.583878+00:00
2020-07-01,26.950000762939453,27.399999618530273,26.459999084472656,27.040000915527344,25.367727279663086,4838000,CTVA,yfinance,2026-02-10T05:08:45.583878+00:00
2020-07-02,27.3799991607666,28.110000610351562,27.3799991607666,27.56999969482422,25.864948272705078,3766400,CTVA,yfinance,2026-02-10T05:08:45.583878+00:00
2020-07-06,28.219999313354492,28.219999313354492,27.079999923706055,27.530000686645508,25.827425003051758,3668300,CTVA,yfinance,2026-02-10T05:08:45.583878+00:00
2020-07-07,27.270000457763672,27.270000457763672,26.899999618530273,27.139999389648438,25.461544036865234,5931800,CTVA,yfinance,2026-02-10T05:08:45.583878+00:00
2020-07-08,27.079999923706055,27.1299991607666,25.440000534057617,25.860000610351562,24.260704040527344,5560400,CTVA,yfinance,2026-02-10T05:08:45.583878+00:00
2020-07-09,26.030000686645508,26.05500030517578,25.440000534057617,25.75,24.157501220703125,4392200,CTVA,yfinance,2026-02-10T05:08:45.583878+00:00
2020-07-10,25.829999923706055,26.6200008392334,25.700000762939453,26.6200008392334,24.97369956970215,2464100,CTVA,yfinance,2026-02-10T05:08:45.583878+00:00
2020-07-13,27.110000610351562,27.18000030517578,26.600000381469727,26.84000015258789,25.18009376525879,2782600,CTVA,yfinance,2026-02-10T05:08:45.583878+00:00
2020-07-14,26.670000076293945,27.239999771118164,26.510000228881836,27.079999923706055,25.405258178710938,8445800,CTVA,yfinance,2026-02-10T05:08:45.583878+00:00
2020-07-15,27.860000610351562,28.049999237060547,27.420000076293945,27.940000534057617,26.212068557739258,2994200,CTVA,yfinance,2026-02-10T05:08:45.583878+00:00
2020-07-16,27.75,28.2549991607666,27.71500015258789,27.920000076293945,26.193302154541016,1977300,CTVA,yfinance,2026-02-10T05:08:45.583878+00:00
2020-07-17,28.059999465942383,28.43000030517578,27.75,28.350000381469727,26.596710205078125,2704500,CTVA,yfinance,2026-02-10T05:08:45.583878+00:00
2020-07-20,28.1299991607666,28.260000228881836,27.719999313354492,27.719999313354492,26.005672454833984,1677300,CTVA,yfinance,2026-02-10T05:08:45.583878+00:00
2020-07-21,27.860000610351562,28.450000762939453,27.860000610351562,28.350000381469727,26.596710205078125,3064200,CTVA,yfinance,2026-02-10T05:08:45.583878+00:00
2020-07-22,28.040000915527344,28.68000030517578,28.040000915527344,28.65999984741211,26.887540817260742,1954200,CTVA,yfinance,2026-02-10T05:08:45.583878+00:00
2020-07-23,28.469999313354492,28.920000076293945,28.325000762939453,28.670000076293945,26.896921157836914,2428200,CTVA,yfinance,2026-02-10T05:08:45.583878+00:00
2020-07-24,28.739999771118164,28.809999465942383,28.309999465942383,28.520000457763672,26.756196975708008,1877400,CTVA,yfinance,2026-02-10T05:08:45.583878+00:00
2020-07-27,28.559999465942383,29.0,28.479999542236328,28.809999465942383,27.02825927734375,2683100,CTVA,yfinance,2026-02-10T05:08:45.583878+00:00
2020-07-28,28.65999984741211,28.760000228881836,28.1299991607666,28.190000534057617,26.44660186767578,3500600,CTVA,yfinance,2026-02-10T05:08:45.583878+00:00
2020-07-29,28.1299991607666,28.829999923706055,28.1299991607666,28.809999465942383,27.02825927734375,2840200,CTVA,yfinance,2026-02-10T05:08:45.583878+00:00
2020-07-30,28.219999313354492,28.530000686645508,27.790000915527344,28.479999542236328,26.718666076660156,3311900,CTVA,yfinance,2026-02-10T05:08:45.583878+00:00
2020-07-31,28.399999618530273,28.700000762939453,28.020000457763672,28.559999465942383,26.79372215270996,7305100,CTVA,yfinance,2026-02-10T05:08:45.583878+00:00
2020-08-03,28.780000686645508,28.899999618530273,28.469999313354492,28.520000457763672,26.756196975708008,3600600,CTVA,yfinance,2026-02-10T05:08:45.583878+00:00
2020-08-04,28.5,28.99799919128418,28.43000030517578,28.709999084472656,26.934446334838867,4663400,CTVA,yfinance,2026-02-10T05:08:45.583878+00:00
2020-08-05,29.0,29.139999389648438,28.549999237060547,28.549999237060547,26.78434181213379,5502300,CTVA,yfinance,2026-02-10T05:08:45.583878+00:00
2020-08-06,26.8799991607666,27.25,25.219999313354492,25.420000076293945,23.84791374206543,11668200,CTVA,yfinance,2026-02-10T05:08:45.583878+00:00
2020-08-07,25.34000015258789,25.5,24.829999923706055,25.31999969482422,23.754098892211914,7460000,CTVA,yfinance,2026-02-10T05:08:45.583878+00:00
2020-08-10,25.040000915527344,25.6299991607666,24.979999542236328,25.420000076293945,23.84791374206543,8355800,CTVA,yfinance,2026-02-10T05:08:45.583878+00:00
2020-08-11,25.889999389648438,27.030000686645508,25.7450008392334,26.780000686645508,25.123809814453125,8120000,CTVA,yfinance,2026-02-10T05:08:45.583878+00:00
2020-08-12,27.200000762939453,27.299999237060547,26.1299991607666,26.360000610351562,24.729778289794922,5139300,CTVA,yfinance,2026-02-10T05:08:45.583878+00:00
2020-08-13,26.329999923706055,27.0,26.079999923706055,26.920000076293945,25.38031578063965,9040600,CTVA,yfinance,2026-02-10T05:08:45.583878+00:00
2020-08-14,26.75,28.110000610351562,26.559999465942383,27.8700008392334,26.275983810424805,5367300,CTVA,yfinance,2026-02-10T05:08:45.583878+00:00
2020-08-17,27.889999389648438,28.139999389648438,27.33300018310547,27.770000457763672,26.18169593811035,9275000,CTVA,yfinance,2026-02-10T05:08:45.583878+00:00
2020-08-18,27.850000381469727,28.420000076293945,27.809999465942383,28.399999618530273,26.775667190551758,3124700,CTVA,yfinance,2026-02-10T05:08:45.583878+00:00
2020-08-19,28.149999618530273,28.610000610351562,28.0,28.559999465942383,26.926515579223633,5122000,CTVA,yfinance,2026-02-10T05:08:45.583878+00:00
2020-08-20,28.25,28.799999237060547,28.170000076293945,28.799999237060547,27.152790069580078,4583500,CTVA,yfinance,2026-02-10T05:08:45.583878+00:00
2020-08-21,28.639999389648438,28.700000762939453,28.014999389648438,28.440000534057617,26.81337547302246,6864100,CTVA,yfinance,2026-02-10T05:08:45.583878+00:00
2020-08-24,28.8700008392334,28.979999542236328,28.200000762939453,28.540000915527344,26.907657623291016,4409500,CTVA,yfinance,2026-02-10T05:08:45.583878+00:00
2020-08-25,28.700000762939453,29.170000076293945,28.610000610351562,28.649999618530273,27.011369705200195,2344000,CTVA,yfinance,2026-02-10T05:08:45.583878+00:00
2020-08-26,28.649999618530273,29.280000686645508,28.43000030517578,29.229999542236328,27.558195114135742,2458300,CTVA,yfinance,2026-02-10T05:08:45.583878+00:00
2020-08-27,29.239999771118164,29.450000762939453,29.05500030517578,29.290000915527344,27.614763259887695,1791300,CTVA,yfinance,2026-02-10T05:08:45.583878+00:00
2020-08-28,29.399999618530273,29.81999969482422,29.1299991607666,29.520000457763672,27.83160972595215,3202600,CTVA,yfinance,2026-02-10T05:08:45.583878+00:00
2020-08-31,29.43000030517578,29.43000030517578,28.530000686645508,28.549999237060547,26.91708755493164,3974800,CTVA,yfinance,2026-02-10T05:08:45.583878+00:00
2020-09-01,28.579999923706055,29.450000762939453,28.420000076293945,29.440000534057617,27.756183624267578,3797800,CTVA,yfinance,2026-02-10T05:08:45.583878+00:00
2020-09-02,29.329999923706055,30.190000534057617,29.1200008392334,30.1299991607666,28.406723022460938,3610200,CTVA,yfinance,2026-02-10T05:08:45.583878+00:00
2020-09-03,29.920000076293945,30.209999084472656,29.110000610351562,29.40999984741211,27.72789764404297,3800800,CTVA,yfinance,2026-02-10T05:08:45.583878+00:00
2020-09-04,29.799999237060547,30.1200008392334,29.05500030517578,29.31999969482422,27.64304542541504,5136800,CTVA,yfinance,2026-02-10T05:08:45.583878+00:00
2020-09-08,29.06999969482422,29.06999969482422,28.229999542236328,28.299999237060547,26.681381225585938,4213500,CTVA,yfinance,2026-02-10T05:08:45.583878+00:00
2020-09-09,28.540000915527344,29.40999984741211,28.510000228881836,28.739999771118164,27.096223831176758,2818000,CTVA,yfinance,2026-02-10T05:08:45.583878+00:00
2020-09-10,28.719999313354492,29.260000228881836,28.690000534057617,29.139999389648438,27.473339080810547,4138000,CTVA,yfinance,2026-02-10T05:08:45.583878+00:00
2020-09-11,29.34000015258789,29.450000762939453,28.93000030517578,29.020000457763672,27.36020851135254,3131400,CTVA,yfinance,2026-02-10T05:08:45.583878+00:00
2020-09-14,29.110000610351562,29.43000030517578,28.844999313354492,28.969999313354492,27.313066482543945,3917900,CTVA,yfinance,2026-02-10T05:08:45.583878+00:00
2020-09-15,29.059999465942383,29.690000534057617,29.030000686645508,29.450000762939453,27.76561737060547,3127900,CTVA,yfinance,2026-02-10T05:08:45.583878+00:00
2020-09-16,29.59000015258789,29.959999084472656,29.135000228881836,29.229999542236328,27.558195114135742,5769100,CTVA,yfinance,2026-02-10T05:08:45.583878+00:00
2020-09-17,28.899999618530273,29.760000228881836,28.739999771118164,29.579999923706055,27.888179779052734,5728400,CTVA,yfinance,2026-02-10T05:08:45.583878+00:00
2020-09-18,29.6299991607666,29.719999313354492,28.854999542236328,28.989999771118164,27.33192253112793,7175600,CTVA,yfinance,2026-02-10T05:08:45.583878+00:00
2020-09-21,28.190000534057617,28.520000457763672,27.915000915527344,28.219999313354492,26.605958938598633,6130200,CTVA,yfinance,2026-02-10T05:08:45.583878+00:00
2020-09-22,28.09000015258789,28.239999771118164,27.809999465942383,28.09000015258789,26.483396530151367,5703500,CTVA,yfinance,2026-02-10T05:08:45.583878+00:00
2020-09-23,27.90999984741211,28.309999465942383,27.389999389648438,27.459999084472656,25.88943099975586,4874200,CTVA,yfinance,2026-02-10T05:08:45.583878+00:00
2020-09-24,27.459999084472656,27.954999923706055,27.18000030517578,27.6299991607666,26.049701690673828,3031700,CTVA,yfinance,2026-02-10T05:08:45.583878+00:00
2020-09-25,27.3700008392334,28.53499984741211,27.309999465942383,28.3799991607666,26.756811141967773,2556300,CTVA,yfinance,2026-02-10T05:08:45.583878+00:00
2020-09-28,28.81999969482422,29.31999969482422,28.75,28.969999313354492,27.313066482543945,2714400,CTVA,yfinance,2026-02-10T05:08:45.583878+00:00
2020-09-29,28.770000457763672,29.020000457763672,28.485000610351562,28.59000015258789,26.954797744750977,1972000,CTVA,yfinance,2026-02-10T05:08:45.583878+00:00
2020-09-30,28.770000457763672,29.540000915527344,28.524999618530273,28.809999465942383,27.162216186523438,8009400,CTVA,yfinance,2026-02-10T05:08:45.583878+00:00
2020-10-01,28.8799991607666,29.309999465942383,28.610000610351562,28.68000030517578,27.039653778076172,4918400,CTVA,yfinance,2026-02-10T05:08:45.583878+00:00
2020-10-02,28.399999618530273,29.780000686645508,28.290000915527344,29.3700008392334,27.69019317626953,4851300,CTVA,yfinance,2026-02-10T05:08:45.583878+00:00
2020-10-05,29.770000457763672,30.280000686645508,29.770000457763672,30.110000610351562,28.387866973876953,5166300,CTVA,yfinance,2026-02-10T05:08:45.583878+00:00
2020-10-06,30.34000015258789,30.7549991607666,30.030000686645508,30.09000015258789,28.3690128326416,4972400,CTVA,yfinance,2026-02-10T05:08:45.583878+00:00
2020-10-07,30.40999984741211,31.079999923706055,30.3700008392334,30.530000686645508,28.78384017944336,5575400,CTVA,yfinance,2026-02-10T05:08:45.583878+00:00
2020-10-08,31.78499984741211,32.63999938964844,31.29599952697754,32.33000183105469,30.48088836669922,7033600,CTVA,yfinance,2026-02-10T05:08:45.583878+00:00
2020-10-09,32.45000076293945,33.689998626708984,32.290000915527344,33.43000030517578,31.517967224121094,5323300,CTVA,yfinance,2026-02-10T05:08:45.583878+00:00
2020-10-12,33.61000061035156,33.86000061035156,33.310001373291016,33.59000015258789,31.668825149536133,3968100,CTVA,yfinance,2026-02-10T05:08:45.583878+00:00
2020-10-13,33.310001373291016,33.77000045776367,33.012001037597656,33.70000076293945,31.772541046142578,5405200,CTVA,yfinance,2026-02-10T05:08:45.583878+00:00
2020-10-14,33.790000915527344,34.36000061035156,33.470001220703125,33.81999969482422,31.885683059692383,3363700,CTVA,yfinance,2026-02-10T05:08:45.583878+00:00
2020-10-15,33.18000030517578,34.095001220703125,33.18000030517578,33.9900016784668,32.04595947265625,3035100,CTVA,yfinance,2026-02-10T05:08:45.583878+00:00
2020-10-16,34.33000183105469,34.40999984741211,34.06999969482422,34.08000183105469,32.130794525146484,2802000,CTVA,yfinance,2026-02-10T05:08:45.583878+00:00
2020-10-19,34.2599983215332,34.540000915527344,33.189998626708984,33.52000045776367,31.602825164794922,5716500,CTVA,yfinance,2026-02-10T05:08:45.583878+00:00
2020-10-20,33.7400016784668,33.75,32.91999816894531,33.06999969482422,31.17856216430664,3697400,CTVA,yfinance,2026-02-10T05:08:45.583878+00:00
2020-10-21,33.099998474121094,33.290000915527344,32.73099899291992,32.900001525878906,31.018293380737305,3451400,CTVA,yfinance,2026-02-10T05:08:45.583878+00:00
2020-10-22,32.939998626708984,33.369998931884766,32.75,33.130001068115234,31.235132217407227,2646200,CTVA,yfinance,2026-02-10T05:08:45.583878+00:00
2020-10-23,33.150001525878906,33.494998931884766,33.040000915527344,33.16999816894531,31.272842407226562,3552400,CTVA,yfinance,2026-02-10T05:08:45.583878+00:00
2020-10-26,32.83000183105469,33.0,32.20500183105469,32.709999084472656,30.839160919189453,2679000,CTVA,yfinance,2026-02-10T05:08:45.583878+00:00
2020-10-27,32.779998779296875,32.84000015258789,32.33000183105469,32.34000015258789,30.490320205688477,2268400,CTVA,yfinance,2026-02-10T05:08:45.583878+00:00
2020-10-28,31.459999084472656,32.119998931884766,31.15999984741211,31.860000610351562,30.037771224975586,3974000,CTVA,yfinance,2026-02-10T05:08:45.583878+00:00
2020-10-29,31.600000381469727,32.685001373291016,31.540000915527344,32.5,30.64117431640625,3936000,CTVA,yfinance,2026-02-10T05:08:45.583878+00:00
2020-10-30,32.38999938964844,32.97999954223633,32.11000061035156,32.97999954223633,31.093717575073242,4327700,CTVA,yfinance,2026-02-10T05:08:45.583878+00:00
2020-11-02,33.279998779296875,33.84000015258789,33.099998474121094,33.47999954223633,31.56511878967285,3722000,CTVA,yfinance,2026-02-10T05:08:45.583878+00:00
2020-11-03,33.400001525878906,33.54999923706055,32.529998779296875,32.93000030517578,31.04658317565918,3620600,CTVA,yfinance,2026-02-10T05:08:45.583878+00:00
2020-11-04,32.959999084472656,33.3849983215332,32.11000061035156,32.779998779296875,30.9051570892334,3832400,CTVA,yfinance,2026-02-10T05:08:45.583878+00:00
2020-11-05,33.150001525878906,34.45000076293945,33.09000015258789,33.939998626708984,31.998804092407227,3876100,CTVA,yfinance,2026-02-10T05:08:45.583878+00:00
2020-11-06,34.189998626708984,34.388999938964844,33.6150016784668,33.70000076293945,31.772541046142578,2576800,CTVA,yfinance,2026-02-10T05:08:45.583878+00:00
2020-11-09,34.9900016784668,36.279998779296875,34.599998474121094,34.63999938964844,32.658782958984375,4633900,CTVA,yfinance,2026-02-10T05:08:45.583878+00:00
2020-11-10,34.75,36.38999938964844,34.75,36.22999954223633,34.157833099365234,6713100,CTVA,yfinance,2026-02-10T05:08:45.583878+00:00
2020-11-11,36.369998931884766,36.900001525878906,36.150001525878906,36.630001068115234,34.534950256347656,4494500,CTVA,yfinance,2026-02-10T05:08:45.583878+00:00
2020-11-12,36.34000015258789,36.34000015258789,34.8650016784668,35.060001373291016,33.17247772216797,3750300,CTVA,yfinance,2026-02-10T05:08:45.583878+00:00
2020-11-13,35.130001068115234,36.220001220703125,35.130001068115234,36.0099983215332,34.07133102416992,3361500,CTVA,yfinance,2026-02-10T05:08:45.583878+00:00
2020-11-16,36.900001525878906,37.56999969482422,36.34000015258789,37.43000030517578,35.414886474609375,3498000,CTVA,yfinance,2026-02-10T05:08:45.583878+00:00
2020-11-17,37.0099983215332,37.29499816894531,36.560001373291016,37.02000045776367,35.02696990966797,3706200,CTVA,yfinance,2026-02-10T05:08:45.583878+00:00
2020-11-18,37.2400016784668,37.540000915527344,36.689998626708984,36.689998626708984,34.7147216796875,2329400,CTVA,yfinance,2026-02-10T05:08:45.583878+00:00
2020-11-19,36.63999938964844,37.310001373291016,36.38999938964844,36.959999084472656,34.97018814086914,3274100,CTVA,yfinance,2026-02-10T05:08:45.583878+00:00
2020-11-20,36.935001373291016,37.27000045776367,36.849998474121094,37.15999984741211,35.159420013427734,2536500,CTVA,yfinance,2026-02-10T05:08:45.583878+00:00
2020-11-23,37.529998779296875,38.29999923706055,37.52000045776367,37.790000915527344,35.75551223754883,2712000,CTVA,yfinance,2026-02-10T05:08:45.583878+00:00
2020-11-24,38.15999984741211,39.0099983215332,37.90999984741211,38.900001525878906,36.805747985839844,4449400,CTVA,yfinance,2026-02-10T05:08:45.583878+00:00
2020-11-25,38.779998779296875,38.88999938964844,38.32500076293945,38.58000183105469,36.50297927856445,2738900,CTVA,yfinance,2026-02-10T05:08:45.583878+00:00
2020-11-27,38.540000915527344,38.970001220703125,38.31999969482422,38.40999984741211,36.34212112426758,1368500,CTVA,yfinance,2026-02-10T05:08:45.583878+00:00
2020-11-30,38.40999984741211,38.59000015258789,37.7400016784668,38.31999969482422,36.2569694519043,4864600,CTVA,yfinance,2026-02-10T05:08:45.583878+00:00
2020-12-01,38.70000076293945,39.439998626708984,38.2400016784668,38.310001373291016,36.24750518798828,3367500,CTVA,yfinance,2026-02-10T05:08:45.583878+00:00
2020-12-02,38.130001068115234,38.67499923706055,37.90999984741211,38.27000045776367,36.20966339111328,3503800,CTVA,yfinance,2026-02-10T05:08:45.583878+00:00
2020-12-03,38.15999984741211,38.619998931884766,37.86000061035156,38.209999084472656,36.15289306640625,2874200,CTVA,yfinance,2026-02-10T05:08:45.583878+00:00
2020-12-04,38.38999938964844,38.81999969482422,38.25,38.650001525878906,36.5692138671875,3633500,CTVA,yfinance,2026-02-10T05:08:45.583878+00:00
2020-12-07,38.4900016784668,38.775001525878906,37.834999084472656,37.939998626708984,35.89743423461914,3012900,CTVA,yfinance,2026-02-10T05:08:45.583878+00:00
2020-12-08,37.7599983215332,38.45500183105469,37.61000061035156,38.41999816894531,36.35158920288086,4178100,CTVA,yfinance,2026-02-10T05:08:45.583878+00:00
2020-12-09,38.470001220703125,39.369998931884766,38.459999084472656,39.0099983215332,36.909820556640625,3293800,CTVA,yfinance,2026-02-10T05:08:45.583878+00:00
2020-12-10,38.66999816894531,39.22999954223633,38.4900016784668,38.7400016784668,36.654354095458984,3124000,CTVA,yfinance,2026-02-10T05:08:45.583878+00:00
2020-12-11,38.310001373291016,38.70000076293945,38.060001373291016,38.38999938964844,36.32320022583008,3131000,CTVA,yfinance,2026-02-10T05:08:45.583878+00:00
2020-12-14,40.0,40.22999954223633,38.71500015258789,38.7599983215332,36.67328643798828,3594000,CTVA,yfinance,2026-02-10T05:08:45.583878+00:00
2020-12-15,39.2400016784668,39.31800079345703,38.2400016784668,39.220001220703125,37.108516693115234,3789100,CTVA,yfinance,2026-02-10T05:08:45.583878+00:00
2020-12-16,39.29999923706055,39.29999923706055,38.619998931884766,39.08000183105469,36.976051330566406,3164700,CTVA,yfinance,2026-02-10T05:08:45.583878+00:00
2020-12-17,39.33000183105469,39.70000076293945,39.21200180053711,39.68000030517578,37.54375457763672,4322000,CTVA,yfinance,2026-02-10T05:08:45.583878+00:00
2020-12-18,39.41999816894531,39.68000030517578,38.82500076293945,39.40999984741211,37.288291931152344,9395000,CTVA,yfinance,2026-02-10T05:08:45.583878+00:00
2020-12-21,38.65999984741211,39.619998931884766,38.32099914550781,39.54999923706055,37.420745849609375,2894300,CTVA,yfinance,2026-02-10T05:08:45.583878+00:00
2020-12-22,39.61000061035156,39.71500015258789,38.95000076293945,38.97999954223633,36.881431579589844,2713800,CTVA,yfinance,2026-02-10T05:08:45.583878+00:00
2020-12-23,39.11000061035156,39.540000915527344,39.11000061035156,39.18000030517578,37.070674896240234,2330800,CTVA,yfinance,2026-02-10T05:08:45.583878+00:00
2020-12-24,39.029998779296875,39.54999923706055,39.029998779296875,39.5,37.37343978881836,847600,CTVA,yfinance,2026-02-10T05:08:45.583878+00:00
2020-12-28,39.369998931884766,39.56999969482422,38.31999969482422,38.349998474121094,36.28535461425781,2545800,CTVA,yfinance,2026-02-10T05:08:45.583878+00:00
2020-12-29,38.66999816894531,38.91999816894531,37.67499923706055,37.939998626708984,35.89743423461914,3183900,CTVA,yfinance,2026-02-10T05:08:45.583878+00:00
2020-12-30,38.189998626708984,38.689998626708984,38.0099983215332,38.439998626708984,36.37051010131836,3396800,CTVA,yfinance,2026-02-10T05:08:45.583878+00:00
2020-12-31,38.65999984741211,38.970001220703125,38.290000915527344,38.720001220703125,36.635440826416016,2316800,CTVA,yfinance,2026-02-10T05:08:45.583878+00:00
2021-01-04,38.869998931884766,39.20000076293945,38.09000015258789,38.349998474121094,36.28535461425781,3693700,CTVA,yfinance,2026-02-10T05:08:45.583878+00:00
2021-01-05,38.279998779296875,39.04999923706055,38.220001220703125,38.81999969482422,36.730045318603516,2647700,CTVA,yfinance,2026-02-10T05:08:45.583878+00:00
2021-01-06,39.31999969482422,41.5099983215332,38.9900016784668,41.06999969482422,38.858917236328125,4991400,CTVA,yfinance,2026-02-10T05:08:45.583878+00:00
2021-01-07,41.650001525878906,42.4900016784668,41.380001068115234,41.79999923706055,39.549617767333984,3986200,CTVA,yfinance,2026-02-10T05:08:45.583878+00:00
2021-01-08,42.52000045776367,43.33000183105469,42.16999816894531,43.25,40.92155456542969,4667300,CTVA,yfinance,2026-02-10T05:08:45.583878+00:00
2021-01-11,42.63999938964844,43.7599983215332,42.45500183105469,43.619998931884766,41.271644592285156,3624100,CTVA,yfinance,2026-02-10T05:08:45.583878+00:00
2021-01-12,43.5,44.849998474121094,43.08000183105469,44.58000183105469,42.17995834350586,4517800,CTVA,yfinance,2026-02-10T05:08:45.583878+00:00
2021-01-13,44.47999954223633,44.959999084472656,43.459999084472656,44.130001068115234,41.754173278808594,2634700,CTVA,yfinance,2026-02-10T05:08:45.583878+00:00
2021-01-14,44.310001373291016,44.7400016784668,44.060001373291016,44.209999084472656,41.82986831665039,2113100,CTVA,yfinance,2026-02-10T05:08:45.583878+00:00
2021-01-15,43.880001068115234,43.9900016784668,43.04999923706055,43.75,41.394630432128906,3792200,CTVA,yfinance,2026-02-10T05:08:45.583878+00:00
2021-01-19,43.70000076293945,43.810001373291016,42.900001525878906,43.529998779296875,41.18647766113281,2507900,CTVA,yfinance,2026-02-10T05:08:45.583878+00:00
2021-01-20,43.880001068115234,43.900001525878906,43.290000915527344,43.65999984741211,41.30947494506836,2660900,CTVA,yfinance,2026-02-10T05:08:45.583878+00:00
2021-01-21,43.790000915527344,44.36000061035156,41.33000183105469,41.650001525878906,39.407684326171875,6190400,CTVA,yfinance,2026-02-10T05:08:45.583878+00:00
2021-01-22,41.279998779296875,42.279998779296875,41.04999923706055,42.060001373291016,39.795616149902344,5239000,CTVA,yfinance,2026-02-10T05:08:45.583878+00:00
2021-01-25,41.65999984741211,41.849998474121094,40.09000015258789,41.29999923706055,39.0765380859375,4729600,CTVA,yfinance,2026-02-10T05:08:45.583878+00:00
2021-01-26,41.59000015258789,41.83000183105469,39.470001220703125,39.47999954223633,37.354522705078125,3252100,CTVA,yfinance,2026-02-10T05:08:45.583878+00:00
2021-01-27,38.83000183105469,38.869998931884766,36.540000915527344,38.689998626708984,36.607051849365234,5413500,CTVA,yfinance,2026-02-10T05:08:45.583878+00:00
2021-01-28,39.25,40.630001068115234,39.13999938964844,40.290000915527344,38.12091064453125,4019100,CTVA,yfinance,2026-02-10T05:08:45.583878+00:00
2021-01-29,39.93000030517578,40.38999938964844,39.380001068115234,39.86000061035156,37.71406173706055,3686800,CTVA,yfinance,2026-02-10T05:08:45.583878+00:00
2021-02-01,40.13999938964844,41.09000015258789,39.86000061035156,40.709999084472656,38.5182991027832,2761800,CTVA,yfinance,2026-02-10T05:08:45.583878+00:00
2021-02-02,41.279998779296875,41.86000061035156,41.08000183105469,41.4900016784668,39.25630187988281,2451400,CTVA,yfinance,2026-02-10T05:08:45.583878+00:00
2021-02-03,41.529998779296875,42.13999938964844,41.222999572753906,41.86000061035156,39.60639190673828,2668700,CTVA,yfinance,2026-02-10T05:08:45.583878+00:00
2021-02-04,41.849998474121094,43.33000183105469,41.20000076293945,42.65999984741211,40.363311767578125,3403300,CTVA,yfinance,2026-02-10T05:08:45.583878+00:00
2021-02-05,44.68000030517578,44.93000030517578,43.75,43.900001525878906,41.536563873291016,3533300,CTVA,yfinance,2026-02-10T05:08:45.583878+00:00
2021-02-08,43.939998626708984,44.13999938964844,43.29999923706055,43.61000061035156,41.26217269897461,2719500,CTVA,yfinance,2026-02-10T05:08:45.583878+00:00
2021-02-09,43.66999816894531,43.97999954223633,43.209999084472656,43.43000030517578,41.09186553955078,4515600,CTVA,yfinance,2026-02-10T05:08:45.583878+00:00
2021-02-10,43.459999084472656,43.54999923706055,42.2400016784668,43.040000915527344,40.72285842895508,3234700,CTVA,yfinance,2026-02-10T05:08:45.583878+00:00
2021-02-11,42.959999084472656,43.79999923706055,42.880001068115234,43.540000915527344,41.19594955444336,3030100,CTVA,yfinance,2026-02-10T05:08:45.583878+00:00
2021-02-12,43.54999923706055,44.45500183105469,43.525001525878906,44.369998931884766,41.981258392333984,1973600,CTVA,yfinance,2026-02-10T05:08:45.583878+00:00
2021-02-16,44.31999969482422,45.35499954223633,44.310001373291016,45.279998779296875,42.842262268066406,2532300,CTVA,yfinance,2026-02-10T05:08:45.583878+00:00
2021-02-17,45.0,45.17499923706055,44.220001220703125,44.97999954223633,42.55841064453125,1877600,CTVA,yfinance,2026-02-10T05:08:45.583878+00:00
2021-02-18,44.90999984741211,45.08000183105469,43.439998626708984,44.20000076293945,41.82040786743164,3106400,CTVA,yfinance,2026-02-10T05:08:45.583878+00:00
2021-02-19,44.36000061035156,45.86000061035156,44.29999923706055,45.470001220703125,43.02203369140625,3558400,CTVA,yfinance,2026-02-10T05:08:45.583878+00:00
2021-02-22,45.58000183105469,46.7599983215332,45.11000061035156,46.68000030517578,44.166900634765625,4308400,CTVA,yfinance,2026-02-10T05:08:45.583878+00:00
2021-02-23,46.5099983215332,46.89500045776367,45.880001068115234,46.43000030517578,43.93034744262695,6306000,CTVA,yfinance,2026-02-10T05:08:45.583878+00:00
2021-02-24,46.4900016784668,47.150001525878906,46.31999969482422,46.40999984741211,43.911434173583984,3217000,CTVA,yfinance,2026-02-10T05:08:45.583878+00:00
2021-02-25,46.65999984741211,46.65999984741211,45.029998779296875,45.36000061035156,42.91796112060547,2920500,CTVA,yfinance,2026-02-10T05:08:45.583878+00:00
2021-02-26,45.220001220703125,45.779998779296875,44.369998931884766,45.150001525878906,42.84204864501953,4889100,CTVA,yfinance,2026-02-10T05:08:45.583878+00:00
2021-03-01,45.81999969482422,46.7400016784668,45.7599983215332,46.27000045776367,43.90480041503906,2553400,CTVA,yfinance,2026-02-10T05:08:45.583878+00:00
2021-03-02,46.33000183105469,46.810001373291016,45.720001220703125,45.779998779296875,43.439842224121094,2935800,CTVA,yfinance,2026-02-10T05:08:45.583878+00:00
2021-03-03,45.560001373291016,45.959999084472656,45.099998474121094,45.34000015258789,43.022335052490234,2842400,CTVA,yfinance,2026-02-10T05:08:45.583878+00:00
2021-03-04,45.09000015258789,45.34000015258789,43.06999969482422,43.849998474121094,41.608497619628906,3530300,CTVA,yfinance,2026-02-10T05:08:45.583878+00:00
2021-03-05,44.349998474121094,45.01499938964844,42.900001525878906,44.84000015258789,42.54788589477539,2853600,CTVA,yfinance,2026-02-10T05:08:45.583878+00:00
2021-03-08,45.34000015258789,46.310001373291016,44.86000061035156,44.900001525878906,42.604835510253906,3485300,CTVA,yfinance,2026-02-10T05:08:45.583878+00:00
2021-03-09,45.029998779296875,45.459999084472656,44.560001373291016,44.709999084472656,42.42454147338867,3973900,CTVA,yfinance,2026-02-10T05:08:45.583878+00:00
2021-03-10,45.02000045776367,47.13999938964844,44.900001525878906,47.0,44.59748077392578,3388500,CTVA,yfinance,2026-02-10T05:08:45.583878+00:00
2021-03-11,47.25,47.66999816894531,46.75,46.86000061035156,44.46464157104492,2487700,CTVA,yfinance,2026-02-10T05:08:45.583878+00:00
2021-03-12,47.0,47.09000015258789,46.22999954223633,46.900001525878906,44.50259017944336,2176700,CTVA,yfinance,2026-02-10T05:08:45.583878+00:00
2021-03-15,46.86000061035156,46.900001525878906,45.54999923706055,46.83000183105469,44.43617248535156,2993300,CTVA,yfinance,2026-02-10T05:08:45.583878+00:00
2021-03-16,46.83000183105469,46.880001068115234,45.86199951171875,46.16999816894531,43.80991744995117,2300400,CTVA,yfinance,2026-02-10T05:08:45.583878+00:00
2021-03-17,46.20000076293945,47.29999923706055,46.185001373291016,47.2599983215332,44.84418487548828,2711100,CTVA,yfinance,2026-02-10T05:08:45.583878+00:00
2021-03-18,47.25,47.97999954223633,46.6150016784668,46.959999084472656,44.55952453613281,3180700,CTVA,yfinance,2026-02-10T05:08:45.583878+00:00
2021-03-19,46.72999954223633,47.66999816894531,46.06999969482422,47.06999969482422,44.66389846801758,9286600,CTVA,yfinance,2026-02-10T05:08:45.583878+00:00
2021-03-22,47.599998474121094,47.959999084472656,46.849998474121094,47.29999923706055,44.882137298583984,3358900,CTVA,yfinance,2026-02-10T05:08:45.583878+00:00
2021-03-23,46.689998626708984,47.0,45.56999969482422,45.849998474121094,43.50626754760742,4287200,CTVA,yfinance,2026-02-10T05:08:45.583878+00:00
2021-03-24,46.16999816894531,46.810001373291016,45.9900016784668,46.189998626708984,43.828880310058594,3425200,CTVA,yfinance,2026-02-10T05:08:45.583878+00:00
2021-03-25,45.93000030517578,47.11000061035156,45.599998474121094,46.779998779296875,44.388729095458984,3739800,CTVA,yfinance,2026-02-10T05:08:45.583878+00:00
2021-03-26,47.349998474121094,48.04999923706055,46.90999984741211,47.90999984741211,45.460968017578125,3358500,CTVA,yfinance,2026-02-10T05:08:45.583878+00:00
2021-03-29,47.779998779296875,48.47999954223633,47.52000045776367,47.77000045776367,45.328125,4063200,CTVA,yfinance,2026-02-10T05:08:45.583878+00:00
2021-03-30,47.58000183105469,47.88999938964844,46.7400016784668,46.939998626708984,44.54054260253906,2573000,CTVA,yfinance,2026-02-10T05:08:45.583878+00:00
2021-03-31,46.86000061035156,47.290000915527344,46.255001068115234,46.619998931884766,44.23690414428711,3814100,CTVA,yfinance,2026-02-10T05:08:45.583878+00:00
2021-04-01,46.939998626708984,46.97999954223633,46.040000915527344,46.7400016784668,44.350772857666016,2976900,CTVA,yfinance,2026-02-10T05:08:45.583878+00:00
2021-04-05,46.880001068115234,47.2400016784668,46.63999938964844,47.040000915527344,44.63543701171875,3039100,CTVA,yfinance,2026-02-10T05:08:45.583878+00:00
2021-04-06,47.099998474121094,47.970001220703125,46.900001525878906,47.7400016784668,45.299652099609375,2541300,CTVA,yfinance,2026-02-10T05:08:45.583878+00:00
2021-04-07,47.79999923706055,47.79999923706055,46.540000915527344,46.75,44.36025619506836,2208900,CTVA,yfinance,2026-02-10T05:08:45.583878+00:00
2021-04-08,46.5099983215332,47.119998931884766,46.18000030517578,46.93000030517578,44.531063079833984,2181800,CTVA,yfinance,2026-02-10T05:08:45.583878+00:00
2021-04-09,47.27000045776367,47.64500045776367,46.81999969482422,47.130001068115234,44.720829010009766,2552900,CTVA,yfinance,2026-02-10T05:08:45.583878+00:00
2021-04-12,47.36000061035156,47.650001525878906,46.83000183105469,47.099998474121094,44.69236373901367,2449800,CTVA,yfinance,2026-02-10T05:08:45.583878+00:00
2021-04-13,47.11000061035156,47.20000076293945,46.5099983215332,46.869998931884766,44.47412872314453,2542700,CTVA,yfinance,2026-02-10T05:08:45.583878+00:00
2021-04-14,46.83000183105469,47.63999938964844,46.77000045776367,47.220001220703125,44.80622482299805,2958000,CTVA,yfinance,2026-02-10T05:08:45.583878+00:00
2021-04-15,47.59000015258789,47.71500015258789,46.87300109863281,47.52000045776367,45.090904235839844,2190300,CTVA,yfinance,2026-02-10T05:08:45.583878+00:00
2021-04-16,47.970001220703125,48.13999938964844,47.290000915527344,47.5,45.07191848754883,2834900,CTVA,yfinance,2026-02-10T05:08:45.583878+00:00
2021-04-19,47.709999084472656,47.880001068115234,46.900001525878906,47.52000045776367,45.090904235839844,3157200,CTVA,yfinance,2026-02-10T05:08:45.583878+00:00
2021-04-20,47.36000061035156,47.82500076293945,46.65999984741211,46.959999084472656,44.55952453613281,2421900,CTVA,yfinance,2026-02-10T05:08:45.583878+00:00
2021-04-21,46.880001068115234,48.29999923706055,46.72999954223633,48.279998779296875,45.81205368041992,2732600,CTVA,yfinance,2026-02-10T05:08:45.583878+00:00
2021-04-22,48.34000015258789,48.869998931884766,47.689998626708984,48.08000183105469,45.622276306152344,3445600,CTVA,yfinance,2026-02-10T05:08:45.583878+00:00
2021-04-23,48.09000015258789,48.915000915527344,47.95000076293945,48.630001068115234,46.144168853759766,2501300,CTVA,yfinance,2026-02-10T05:08:45.583878+00:00
2021-04-26,48.720001220703125,49.34000015258789,48.64500045776367,48.869998931884766,46.371891021728516,1890000,CTVA,yfinance,2026-02-10T05:08:45.583878+00:00
2021-04-27,48.790000915527344,49.27000045776367,48.599998474121094,49.15999984741211,46.647071838378906,2083400,CTVA,yfinance,2026-02-10T05:08:45.583878+00:00
2021-04-28,49.41999816894531,49.810001373291016,49.060001373291016,49.189998626708984,46.675537109375,2641600,CTVA,yfinance,2026-02-10T05:08:45.583878+00:00
2021-04-29,49.560001373291016,49.72999954223633,49.02000045776367,49.560001373291016,47.02662658691406,1809000,CTVA,yfinance,2026-02-10T05:08:45.583878+00:00
2021-04-30,49.400001525878906,49.755001068115234,48.70000076293945,48.7599983215332,46.26750564575195,2426100,CTVA,yfinance,2026-02-10T05:08:45.583878+00:00
2021-05-03,49.22999954223633,49.97999954223633,49.06999969482422,49.72999954223633,47.187923431396484,2480700,CTVA,yfinance,2026-02-10T05:08:45.583878+00:00
2021-05-04,49.0,49.84000015258789,48.7599983215332,49.790000915527344,47.244869232177734,3447100,CTVA,yfinance,2026-02-10T05:08:45.583878+00:00
2021-05-05,47.54999923706055,47.9900016784668,46.810001373291016,47.68000030517578,45.24272918701172,4184300,CTVA,yfinance,2026-02-10T05:08:45.583878+00:00
2021-05-06,47.810001373291016,48.45000076293945,46.56999969482422,48.40999984741211,45.93540954589844,3228800,CTVA,yfinance,2026-02-10T05:08:45.583878+00:00
2021-05-07,48.279998779296875,49.292999267578125,48.18000030517578,48.86000061035156,46.362403869628906,3362700,CTVA,yfinance,2026-02-10T05:08:45.583878+00:00
2021-05-10,49.189998626708984,49.97999954223633,46.84000015258789,46.9900016784668,44.58799362182617,5547300,CTVA,yfinance,2026-02-10T05:08:45.583878+00:00
2021-05-11,46.290000915527344,47.25,45.70000076293945,47.09000015258789,44.6828727722168,4086200,CTVA,yfinance,2026-02-10T05:08:45.583878+00:00
2021-05-12,47.529998779296875,47.599998474121094,45.040000915527344,45.18000030517578,42.87051773071289,4909600,CTVA,yfinance,2026-02-10T05:08:45.583878+00:00
2021-05-13,45.20000076293945,46.22999954223633,44.880001068115234,45.91999816894531,43.69841766357422,6047400,CTVA,yfinance,2026-02-10T05:08:45.583878+00:00
2021-05-14,46.33000183105469,46.790000915527344,46.099998474121094,46.31999969482422,44.079071044921875,2211900,CTVA,yfinance,2026-02-10T05:08:45.583878+00:00
2021-05-17,46.540000915527344,46.66999816894531,45.88999938964844,46.220001220703125,43.983909606933594,4149000,CTVA,yfinance,2026-02-10T05:08:45.583878+00:00
2021-05-18,45.959999084472656,46.290000915527344,45.70000076293945,45.779998779296875,43.5651969909668,3353400,CTVA,yfinance,2026-02-10T05:08:45.583878+00:00
2021-05-19,45.33000183105469,45.43000030517578,44.439998626708984,44.81999969482422,42.65164566040039,3138400,CTVA,yfinance,2026-02-10T05:08:45.583878+00:00
2021-05-20,44.790000915527344,44.93000030517578,44.09000015258789,44.130001068115234,41.995018005371094,4225900,CTVA,yfinance,2026-02-10T05:08:45.583878+00:00
2021-05-21,44.65999984741211,45.290000915527344,44.599998474121094,44.70000076293945,42.537445068359375,4346100,CTVA,yfinance,2026-02-10T05:08:45.583878+00:00
2021-05-24,45.040000915527344,45.45000076293945,44.91299819946289,45.150001525878906,42.96567916870117,4032000,CTVA,yfinance,2026-02-10T05:08:45.583878+00:00
2021-05-25,45.099998474121094,45.71500015258789,44.58000183105469,44.599998474121094,42.442283630371094,3549500,CTVA,yfinance,2026-02-10T05:08:45.583878+00:00
2021-05-26,44.779998779296875,45.02000045776367,44.36000061035156,44.779998779296875,42.61357116699219,4609100,CTVA,yfinance,2026-02-10T05:08:45.583878+00:00
2021-05-27,45.29999923706055,45.79999923706055,45.04999923706055,45.18000030517578,42.994224548339844,3708600,CTVA,yfinance,2026-02-10T05:08:45.583878+00:00
2021-05-28,45.41999816894531,45.68000030517578,45.150001525878906,45.5,43.298744201660156,3028100,CTVA,yfinance,2026-02-10T05:08:45.583878+00:00
2021-06-01,46.0,46.172000885009766,45.70500183105469,45.970001220703125,43.74600601196289,2543100,CTVA,yfinance,2026-02-10T05:08:45.583878+00:00
2021-06-02,46.11000061035156,46.1150016784668,45.40999984741211,45.65999984741211,43.45100784301758,2729400,CTVA,yfinance,2026-02-10T05:08:45.583878+00:00
2021-06-03,45.31999969482422,46.16999816894531,45.13999938964844,45.97999954223633,43.755531311035156,3318100,CTVA,yfinance,2026-02-10T05:08:45.583878+00:00
2021-06-04,46.20000076293945,46.362998962402344,45.810001373291016,45.959999084472656,43.73649215698242,1437600,CTVA,yfinance,2026-02-10T05:08:45.583878+00:00
2021-06-07,46.0,46.279998779296875,45.209999084472656,45.93000030517578,43.707942962646484,1989000,CTVA,yfinance,2026-02-10T05:08:45.583878+00:00
2021-06-08,45.77000045776367,46.349998474121094,45.470001220703125,45.900001525878906,43.679386138916016,2464800,CTVA,yfinance,2026-02-10T05:08:45.583878+00:00
2021-06-09,45.849998474121094,45.959999084472656,45.40999984741211,45.4900016784668,43.289215087890625,3077400,CTVA,yfinance,2026-02-10T05:08:45.583878+00:00
2021-06-10,45.939998626708984,46.0099983215332,44.54999923706055,44.560001373291016,42.404232025146484,2921800,CTVA,yfinance,2026-02-10T05:08:45.583878+00:00
2021-06-11,44.88999938964844,45.29999923706055,44.29999923706055,44.540000915527344,42.38518142700195,2942800,CTVA,yfinance,2026-02-10T05:08:45.583878+00:00
2021-06-14,44.470001220703125,44.560001373291016,43.709999084472656,43.959999084472656,41.833248138427734,2263800,CTVA,yfinance,2026-02-10T05:08:45.583878+00:00
2021-06-15,44.09000015258789,44.66999816894531,43.709999084472656,44.310001373291016,42.16632080078125,2747700,CTVA,yfinance,2026-02-10T05:08:45.583878+00:00
2021-06-16,44.25,44.290000915527344,43.525001525878906,43.70000076293945,41.5858268737793,3422100,CTVA,yfinance,2026-02-10T05:08:45.583878+00:00
2021-06-17,43.65999984741211,43.779998779296875,42.5099983215332,43.5099983215332,41.40501403808594,5380700,CTVA,yfinance,2026-02-10T05:08:45.583878+00:00
2021-06-18,42.7400016784668,43.189998626708984,42.59000015258789,42.709999084472656,40.64372634887695,7900400,CTVA,yfinance,2026-02-10T05:08:45.583878+00:00
2021-06-21,43.150001525878906,43.79999923706055,43.150001525878906,43.40999984741211,41.30984878540039,3819300,CTVA,yfinance,2026-02-10T05:08:45.583878+00:00
2021-06-22,43.470001220703125,43.70000076293945,43.099998474121094,43.4900016784668,41.385986328125,2226100,CTVA,yfinance,2026-02-10T05:08:45.583878+00:00
2021-06-23,43.47999954223633,44.025001525878906,43.47999954223633,43.56999969482422,41.46210861206055,2627100,CTVA,yfinance,2026-02-10T05:08:45.583878+00:00
2021-06-24,43.84000015258789,44.875,43.459999084472656,44.349998474121094,42.204376220703125,3528900,CTVA,yfinance,2026-02-10T05:08:45.583878+00:00
2021-06-25,44.650001525878906,44.72999954223633,44.0,44.15999984741211,42.0235710144043,3675800,CTVA,yfinance,2026-02-10T05:08:45.583878+00:00
2021-06-28,44.150001525878906,44.46500015258789,43.564998626708984,44.34000015258789,42.19485855102539,3515000,CTVA,yfinance,2026-02-10T05:08:45.583878+00:00
2021-06-29,44.7400016784668,45.060001373291016,44.189998626708984,44.279998779296875,42.13776397705078,2121800,CTVA,yfinance,2026-02-10T05:08:45.583878+00:00
2021-06-30,44.43000030517578,44.46500015258789,44.03499984741211,44.349998474121094,42.204376220703125,3230200,CTVA,yfinance,2026-02-10T05:08:45.583878+00:00
2021-07-01,44.540000915527344,44.900001525878906,44.07500076293945,44.619998931884766,42.46131134033203,2103800,CTVA,yfinance,2026-02-10T05:08:45.583878+00:00
2021-07-02,44.73500061035156,44.81999969482422,44.20000076293945,44.5,42.34713363647461,1833900,CTVA,yfinance,2026-02-10T05:08:45.583878+00:00
2021-07-06,44.45000076293945,44.5,43.81999969482422,44.09000015258789,41.95695877075195,2183600,CTVA,yfinance,2026-02-10T05:08:45.583878+00:00
2021-07-07,43.7599983215332,44.349998474121094,42.880001068115234,43.380001068115234,41.28131103515625,3348100,CTVA,yfinance,2026-02-10T05:08:45.583878+00:00
2021-07-08,42.939998626708984,43.290000915527344,42.56100082397461,42.900001525878906,40.824527740478516,2307700,CTVA,yfinance,2026-02-10T05:08:45.583878+00:00
2021-07-09,43.54999923706055,43.619998931884766,42.95500183105469,43.45000076293945,41.34791946411133,3265600,CTVA,yfinance,2026-02-10T05:08:45.583878+00:00
2021-07-12,42.88999938964844,44.0099983215332,42.689998626708984,43.79999923706055,41.68098449707031,2485500,CTVA,yfinance,2026-02-10T05:08:45.583878+00:00
2021-07-13,43.91999816894531,44.099998474121094,42.95000076293945,43.04999923706055,40.9672737121582,2388200,CTVA,yfinance,2026-02-10T05:08:45.583878+00:00
2021-07-14,43.099998474121094,43.68000030517578,42.58000183105469,42.66999816894531,40.60565185546875,3114200,CTVA,yfinance,2026-02-10T05:08:45.583878+00:00
2021-07-15,42.400001525878906,43.040000915527344,42.119998931884766,42.41999816894531,40.36774826049805,2904400,CTVA,yfinance,2026-02-10T05:08:45.583878+00:00
2021-07-16,42.4900016784668,42.650001525878906,41.595001220703125,41.810001373291016,39.787261962890625,3419700,CTVA,yfinance,2026-02-10T05:08:45.583878+00:00
2021-07-19,41.13999938964844,41.31999969482422,40.599998474121094,40.93000030517578,38.94983673095703,4629200,CTVA,yfinance,2026-02-10T05:08:45.583878+00:00
2021-07-20,40.90999984741211,42.02000045776367,40.7400016784668,41.72999954223633,39.71112823486328,2978300,CTVA,yfinance,2026-02-10T05:08:45.583878+00:00
2021-07-21,42.25,42.68000030517578,42.064998626708984,42.209999084472656,40.167903900146484,3482700,CTVA,yfinance,2026-02-10T05:08:45.583878+00:00
2021-07-22,42.34000015258789,42.3849983215332,41.724998474121094,42.27000045776367,40.225006103515625,1458500,CTVA,yfinance,2026-02-10T05:08:45.583878+00:00
2021-07-23,42.459999084472656,42.459999084472656,41.900001525878906,42.130001068115234,40.09178161621094,1590300,CTVA,yfinance,2026-02-10T05:08:45.583878+00:00
2021-07-26,42.2599983215332,42.45000076293945,41.849998474121094,42.349998474121094,40.301143646240234,2840200,CTVA,yfinance,2026-02-10T05:08:45.583878+00:00
2021-07-27,42.0,42.58000183105469,41.40999984741211,42.529998779296875,40.4724235534668,2860100,CTVA,yfinance,2026-02-10T05:08:45.583878+00:00
2021-07-28,42.66999816894531,43.150001525878906,42.45000076293945,42.81999969482422,40.74839782714844,2819800,CTVA,yfinance,2026-02-10T05:08:45.583878+00:00
2021-07-29,43.27000045776367,43.779998779296875,43.11000061035156,43.220001220703125,41.129051208496094,2394500,CTVA,yfinance,2026-02-10T05:08:45.583878+00:00
2021-07-30,42.810001373291016,43.494998931884766,42.720001220703125,42.779998779296875,40.71033477783203,2116200,CTVA,yfinance,2026-02-10T05:08:45.583878+00:00
2021-08-02,43.0,43.45000076293945,42.45000076293945,42.47999954223633,40.42484664916992,1803300,CTVA,yfinance,2026-02-10T05:08:45.583878+00:00
2021-08-03,42.599998474121094,43.10499954223633,42.27000045776367,43.06999969482422,40.98630905151367,3147200,CTVA,yfinance,2026-02-10T05:08:45.583878+00:00
2021-08-04,42.790000915527344,42.88999938964844,42.2400016784668,42.27000045776367,40.225006103515625,2159000,CTVA,yfinance,2026-02-10T05:08:45.583878+00:00
2021-08-05,42.33000183105469,42.66999816894531,41.40999984741211,41.439998626708984,39.43516540527344,5051800,CTVA,yfinance,2026-02-10T05:08:45.583878+00:00
2021-08-06,44.0,45.709999084472656,43.75,44.7599983215332,42.594539642333984,6031100,CTVA,yfinance,2026-02-10T05:08:45.583878+00:00
2021-08-09,44.86000061035156,45.560001373291016,44.560001373291016,45.18000030517578,42.994224548339844,4724200,CTVA,yfinance,2026-02-10T05:08:45.583878+00:00
2021-08-10,45.15999984741211,45.83000183105469,45.029998779296875,45.630001068115234,43.422454833984375,3043700,CTVA,yfinance,2026-02-10T05:08:45.583878+00:00
2021-08-11,45.650001525878906,45.880001068115234,45.34000015258789,45.7400016784668,43.527130126953125,2455500,CTVA,yfinance,2026-02-10T05:08:45.583878+00:00
2021-08-12,45.61000061035156,46.18000030517578,45.11000061035156,46.060001373291016,43.96622848510742,2987400,CTVA,yfinance,2026-02-10T05:08:45.583878+00:00
2021-08-13,46.13999938964844,46.33000183105469,45.900001525878906,45.9900016784668,43.89939880371094,2872700,CTVA,yfinance,2026-02-10T05:08:45.583878+00:00
2021-08-16,45.5,45.65999984741211,45.11000061035156,45.16999816894531,43.116676330566406,4732800,CTVA,yfinance,2026-02-10T05:08:45.583878+00:00
2021-08-17,45.0,45.25,44.34000015258789,45.06999969482422,43.02122116088867,6382800,CTVA,yfinance,2026-02-10T05:08:45.583878+00:00
2021-08-18,44.81999969482422,45.32500076293945,43.900001525878906,43.939998626708984,41.94258499145508,3524700,CTVA,yfinance,2026-02-10T05:08:45.583878+00:00
2021-08-19,43.2599983215332,43.685001373291016,42.470001220703125,42.54999923706055,40.61577606201172,2458000,CTVA,yfinance,2026-02-10T05:08:45.583878+00:00
2021-08-20,42.4900016784668,42.810001373291016,41.834999084472656,41.939998626708984,40.03350830078125,3006200,CTVA,yfinance,2026-02-10T05:08:45.583878+00:00
2021-08-23,42.16999816894531,42.369998931884766,41.85499954223633,41.95000076293945,40.04305648803711,3609800,CTVA,yfinance,2026-02-10T05:08:45.583878+00:00
2021-08-24,42.0099983215332,42.81999969482422,42.0099983215332,42.54999923706055,40.61577606201172,3524600,CTVA,yfinance,2026-02-10T05:08:45.583878+00:00
2021-08-25,42.470001220703125,43.96500015258789,42.27000045776367,43.779998779296875,41.78986358642578,3784400,CTVA,yfinance,2026-02-10T05:08:45.583878+00:00
2021-08-26,43.849998474121094,44.53499984741211,43.65999984741211,43.9900016784668,41.990318298339844,3495500,CTVA,yfinance,2026-02-10T05:08:45.583878+00:00
2021-08-27,44.22999954223633,44.834999084472656,44.099998474121094,44.18000030517578,42.17168045043945,2580300,CTVA,yfinance,2026-02-10T05:08:45.583878+00:00
2021-08-30,44.27000045776367,44.27000045776367,43.709999084472656,43.7599983215332,41.770774841308594,1854900,CTVA,yfinance,2026-02-10T05:08:45.583878+00:00
2021-08-31,43.88999938964844,44.029998779296875,43.47999954223633,43.970001220703125,41.971229553222656,4187000,CTVA,yfinance,2026-02-10T05:08:45.583878+00:00
2021-09-01,44.36000061035156,44.494998931884766,43.63999938964844,44.380001068115234,42.362586975097656,2518000,CTVA,yfinance,2026-02-10T05:08:45.583878+00:00
2021-09-02,44.439998626708984,45.43000030517578,44.40999984741211,44.91999816894531,42.8780403137207,2817600,CTVA,yfinance,2026-02-10T05:08:45.583878+00:00
2021-09-03,44.810001373291016,45.474998474121094,44.810001373291016,44.91999816894531,42.8780403137207,3472000,CTVA,yfinance,2026-02-10T05:08:45.583878+00:00
2021-09-07,44.619998931884766,44.7599983215332,44.290000915527344,44.33000183105469,42.31486129760742,2455100,CTVA,yfinance,2026-02-10T05:08:45.583878+00:00
2021-09-08,44.34000015258789,44.599998474121094,43.599998474121094,44.13999938964844,42.13349151611328,3013300,CTVA,yfinance,2026-02-10T05:08:45.583878+00:00
2021-09-09,43.91999816894531,44.13999938964844,43.52000045776367,43.58000183105469,41.59895706176758,2703300,CTVA,yfinance,2026-02-10T05:08:45.583878+00:00
2021-09-10,44.119998931884766,44.119998931884766,43.36000061035156,43.41999816894531,41.44622039794922,2061200,CTVA,yfinance,2026-02-10T05:08:45.583878+00:00
2021-09-13,43.599998474121094,43.849998474121094,42.619998931884766,43.13999938964844,41.178955078125,1907400,CTVA,yfinance,2026-02-10T05:08:45.583878+00:00
2021-09-14,43.36000061035156,43.459999084472656,42.15999984741211,42.2599983215332,40.338958740234375,1787500,CTVA,yfinance,2026-02-10T05:08:45.583878+00:00
2021-09-15,42.29999923706055,43.09000015258789,42.23500061035156,42.970001220703125,41.016693115234375,2177900,CTVA,yfinance,2026-02-10T05:08:45.583878+00:00
2021-09-16,42.900001525878906,42.97999954223633,42.29999923706055,42.58000183105469,40.6444091796875,2711200,CTVA,yfinance,2026-02-10T05:08:45.583878+00:00
2021-09-17,42.45000076293945,42.93000030517578,41.310001373291016,41.869998931884766,39.96668243408203,7032100,CTVA,yfinance,2026-02-10T05:08:45.583878+00:00
2021-09-20,41.0,41.56999969482422,40.720001220703125,41.4900016784668,39.60396194458008,2506600,CTVA,yfinance,2026-02-10T05:08:45.583878+00:00
2021-09-21,41.66999816894531,41.79999923706055,41.1349983215332,41.400001525878906,39.51805114746094,3350900,CTVA,yfinance,2026-02-10T05:08:45.583878+00:00
2021-09-22,41.880001068115234,42.39500045776367,41.779998779296875,41.939998626708984,40.03350830078125,2126700,CTVA,yfinance,2026-02-10T05:08:45.583878+00:00
2021-09-23,42.20000076293945,42.790000915527344,42.119998931884766,42.40999984741211,40.48212814331055,2644000,CTVA,yfinance,2026-02-10T05:08:45.583878+00:00
2021-09-24,42.25,42.54999923706055,42.029998779296875,42.310001373291016,40.38669204711914,2311800,CTVA,yfinance,2026-02-10T05:08:45.583878+00:00
2021-09-27,42.369998931884766,43.56999969482422,42.369998931884766,43.459999084472656,41.484413146972656,2967200,CTVA,yfinance,2026-02-10T05:08:45.583878+00:00
2021-09-28,43.58000183105469,44.0099983215332,42.685001373291016,43.040000915527344,41.0835075378418,2988400,CTVA,yfinance,2026-02-10T05:08:45.583878+00:00
2021-09-29,43.18000030517578,43.22999954223633,42.61000061035156,42.86000061035156,40.911685943603516,2024700,CTVA,yfinance,2026-02-10T05:08:45.583878+00:00
2021-09-30,42.900001525878906,43.08000183105469,42.060001373291016,42.08000183105469,40.167144775390625,2433200,CTVA,yfinance,2026-02-10T05:08:45.583878+00:00
2021-10-01,42.349998474121094,43.8650016784668,42.189998626708984,43.5,41.52259063720703,3540600,CTVA,yfinance,2026-02-10T05:08:45.583878+00:00
2021-10-04,43.599998474121094,43.869998931884766,42.40999984741211,42.54999923706055,40.61577606201172,2853900,CTVA,yfinance,2026-02-10T05:08:45.583878+00:00
2021-10-05,42.689998626708984,43.8849983215332,42.47999954223633,43.459999084472656,41.484413146972656,3173800,CTVA,yfinance,2026-02-10T05:08:45.583878+00:00
2021-10-06,42.849998474121094,43.03499984741211,41.56800079345703,42.0,40.09077835083008,3050200,CTVA,yfinance,2026-02-10T05:08:45.583878+00:00
2021-10-07,42.470001220703125,43.04999923706055,42.290000915527344,42.4900016784668,40.55850601196289,2005400,CTVA,yfinance,2026-02-10T05:08:45.583878+00:00
2021-10-08,42.7599983215332,43.20000076293945,42.5,42.779998779296875,40.835323333740234,1402700,CTVA,yfinance,2026-02-10T05:08:45.583878+00:00
2021-10-11,42.93000030517578,43.38999938964844,42.41999816894531,42.459999084472656,40.52986145019531,1257900,CTVA,yfinance,2026-02-10T05:08:45.583878+00:00
2021-10-12,42.209999084472656,42.560001373291016,41.779998779296875,41.95000076293945,40.04305648803711,1609000,CTVA,yfinance,2026-02-10T05:08:45.583878+00:00
2021-10-13,42.31999969482422,42.349998474121094,41.369998931884766,42.2400016784668,40.31986999511719,2374000,CTVA,yfinance,2026-02-10T05:08:45.583878+00:00
2021-10-14,42.59000015258789,43.61000061035156,42.529998779296875,43.369998931884766,41.39850616455078,1530600,CTVA,yfinance,2026-02-10T05:08:45.583878+00:00
2021-10-15,43.68000030517578,43.92499923706055,43.33000183105469,43.5099983215332,41.532135009765625,2226100,CTVA,yfinance,2026-02-10T05:08:45.583878+00:00
2021-10-18,42.42499923706055,43.52000045776367,42.11000061035156,43.279998779296875,41.312591552734375,2104600,CTVA,yfinance,2026-02-10T05:08:45.583878+00:00
2021-10-19,43.5099983215332,43.67499923706055,42.93000030517578,43.630001068115234,41.64668655395508,1418600,CTVA,yfinance,2026-02-10T05:08:45.583878+00:00
2021-10-20,43.54999923706055,44.529998779296875,43.54999923706055,44.130001068115234,42.12395095825195,2084900,CTVA,yfinance,2026-02-10T05:08:45.583878+00:00
2021-10-21,43.83000183105469,44.0,42.59000015258789,42.709999084472656,40.76850509643555,2653300,CTVA,yfinance,2026-02-10T05:08:45.583878+00:00
2021-10-22,42.75,43.25,42.58000183105469,42.75,40.80669021606445,1875700,CTVA,yfinance,2026-02-10T05:08:45.583878+00:00
2021-10-25,42.9900016784668,43.099998474121094,42.4900016784668,42.52000045776367,40.587135314941406,3361100,CTVA,yfinance,2026-02-10T05:08:45.583878+00:00
2021-10-26,42.650001525878906,42.85499954223633,42.308998107910156,42.709999084472656,40.76850509643555,1656700,CTVA,yfinance,2026-02-10T05:08:45.583878+00:00
2021-10-27,42.459999084472656,42.54999923706055,42.06999969482422,42.11000061035156,40.19577407836914,2147300,CTVA,yfinance,2026-02-10T05:08:45.583878+00:00
2021-10-28,42.189998626708984,43.13999938964844,42.189998626708984,43.040000915527344,41.0835075378418,2593400,CTVA,yfinance,2026-02-10T05:08:45.583878+00:00
2021-10-29,42.90999984741211,43.4900016784668,42.689998626708984,43.150001525878906,41.188507080078125,3683900,CTVA,yfinance,2026-02-10T05:08:45.583878+00:00
2021-11-01,43.16999816894531,43.43000030517578,42.849998474121094,43.0099983215332,41.054874420166016,2651700,CTVA,yfinance,2026-02-10T05:08:45.583878+00:00
2021-11-02,43.04999923706055,43.34000015258789,42.13999938964844,42.84000015258789,40.8925895690918,4306700,CTVA,yfinance,2026-02-10T05:08:45.583878+00:00
2021-11-03,42.619998931884766,45.13999938964844,42.619998931884766,44.810001373291016,42.773048400878906,4392900,CTVA,yfinance,2026-02-10T05:08:45.583878+00:00
2021-11-04,45.5,47.650001525878906,45.18000030517578,47.400001525878906,45.24530792236328,4465900,CTVA,yfinance,2026-02-10T05:08:45.583878+00:00
2021-11-05,47.68000030517578,48.56999969482422,47.29999923706055,47.599998474121094,45.43621826171875,2727300,CTVA,yfinance,2026-02-10T05:08:45.583878+00:00
2021-11-08,47.90999984741211,48.18000030517578,46.40999984741211,46.540000915527344,44.42439651489258,4538200,CTVA,yfinance,2026-02-10T05:08:45.583878+00:00
2021-11-09,46.619998931884766,48.119998931884766,46.61000061035156,47.849998474121094,45.67484664916992,2541700,CTVA,yfinance,2026-02-10T05:08:45.583878+00:00
2021-11-10,47.45000076293945,48.18000030517578,47.29999923706055,47.68000030517578,45.64613723754883,2025300,CTVA,yfinance,2026-02-10T05:08:45.583878+00:00
2021-11-11,47.61000061035156,48.29999923706055,47.560001373291016,47.689998626708984,45.655704498291016,1397400,CTVA,yfinance,2026-02-10T05:08:45.583878+00:00
2021-11-12,47.900001525878906,48.77000045776367,47.834999084472656,48.70000076293945,46.622615814208984,3811500,CTVA,yfinance,2026-02-10T05:08:45.583878+00:00
2021-11-15,49.064998626708984,49.400001525878906,48.09000015258789,48.369998931884766,46.30669021606445,1790700,CTVA,yfinance,2026-02-10T05:08:45.583878+00:00
2021-11-16,48.869998931884766,49.099998474121094,48.400001525878906,48.43000030517578,46.36414337158203,1645700,CTVA,yfinance,2026-02-10T05:08:45.583878+00:00
2021-11-17,48.22999954223633,48.72999954223633,48.04999923706055,48.349998474121094,46.28754806518555,1533100,CTVA,yfinance,2026-02-10T05:08:45.583878+00:00
2021-11-18,48.58000183105469,49.0,48.279998779296875,48.66999816894531,46.593894958496094,2404900,CTVA,yfinance,2026-02-10T05:08:45.583878+00:00
2021-11-19,48.33000183105469,48.4900016784668,47.64500045776367,47.810001373291016,45.77058410644531,3253700,CTVA,yfinance,2026-02-10T05:08:45.583878+00:00
2021-11-22,47.95000076293945,48.76499938964844,47.540000915527344,47.54999923706055,45.521671295166016,2710700,CTVA,yfinance,2026-02-10T05:08:45.583878+00:00
2021-11-23,47.70000076293945,47.9900016784668,47.02000045776367,47.900001525878906,45.856754302978516,2005200,CTVA,yfinance,2026-02-10T05:08:45.583878+00:00
2021-11-24,47.540000915527344,47.849998474121094,47.27000045776367,47.56999969482422,45.54082107543945,1291900,CTVA,yfinance,2026-02-10T05:08:45.583878+00:00
2021-11-26,46.20000076293945,47.0099983215332,46.119998931884766,46.83000183105469,44.83238983154297,1306500,CTVA,yfinance,2026-02-10T05:08:45.583878+00:00
2021-11-29,47.29499816894531,47.400001525878906,46.43000030517578,46.59000015258789,44.602622985839844,2080700,CTVA,yfinance,2026-02-10T05:08:45.583878+00:00
2021-11-30,46.29999923706055,46.41999816894531,44.77000045776367,45.0,43.0804443359375,4761900,CTVA,yfinance,2026-02-10T05:08:45.583878+00:00
2021-12-01,45.779998779296875,46.970001220703125,44.63999938964844,44.65999984741211,42.75495910644531,2598900,CTVA,yfinance,2026-02-10T05:08:45.583878+00:00
2021-12-02,44.97999954223633,46.5,44.8849983215332,46.189998626708984,44.219688415527344,2705200,CTVA,yfinance,2026-02-10T05:08:45.583878+00:00
2021-12-03,46.25,47.5,45.57500076293945,46.040000915527344,44.07609176635742,3760300,CTVA,yfinance,2026-02-10T05:08:45.583878+00:00
2021-12-06,46.63999938964844,47.54999923706055,46.34000015258789,47.099998474121094,45.09086227416992,3202300,CTVA,yfinance,2026-02-10T05:08:45.583878+00:00
2021-12-07,47.68000030517578,48.41999816894531,47.4900016784668,47.75,45.71314239501953,2661700,CTVA,yfinance,2026-02-10T05:08:45.583878+00:00
2021-12-08,48.09000015258789,48.349998474121094,47.49700164794922,48.11000061035156,46.05778884887695,2712200,CTVA,yfinance,2026-02-10T05:08:45.583878+00:00
2021-12-09,47.79999923706055,48.41999816894531,47.72999954223633,48.029998779296875,45.981201171875,1983900,CTVA,yfinance,2026-02-10T05:08:45.583878+00:00
2021-12-10,48.400001525878906,48.65999984741211,47.689998626708984,47.959999084472656,45.914180755615234,2242500,CTVA,yfinance,2026-02-10T05:08:45.583878+00:00
2021-12-13,47.599998474121094,47.650001525878906,46.54999923706055,46.630001068115234,44.640926361083984,2268800,CTVA,yfinance,2026-02-10T05:08:45.583878+00:00
2021-12-14,46.540000915527344,47.029998779296875,46.125,46.310001373291016,44.334571838378906,2425100,CTVA,yfinance,2026-02-10T05:08:45.583878+00:00
2021-12-15,46.2599983215332,46.2599983215332,45.119998931884766,46.09000015258789,44.123958587646484,2913100,CTVA,yfinance,2026-02-10T05:08:45.583878+00:00
2021-12-16,46.439998626708984,47.45500183105469,46.29999923706055,46.97999954223633,44.975990295410156,3363800,CTVA,yfinance,2026-02-10T05:08:45.583878+00:00
2021-12-17,47.13999938964844,47.13999938964844,45.939998626708984,46.08000183105469,44.11438751220703,6903500,CTVA,yfinance,2026-02-10T05:08:45.583878+00:00
2021-12-20,45.68000030517578,45.68000030517578,43.88999938964844,44.7599983215332,42.850685119628906,3372700,CTVA,yfinance,2026-02-10T05:08:45.583878+00:00
2021-12-21,45.27000045776367,46.119998931884766,45.06999969482422,45.81999969482422,43.8654670715332,2223400,CTVA,yfinance,2026-02-10T05:08:45.583878+00:00
2021-12-22,45.849998474121094,46.220001220703125,45.650001525878906,45.93000030517578,43.97077941894531,2940500,CTVA,yfinance,2026-02-10T05:08:45.583878+00:00
2021-12-23,46.02000045776367,46.790000915527344,45.939998626708984,46.439998626708984,44.45901870727539,1923800,CTVA,yfinance,2026-02-10T05:08:45.583878+00:00
2021-12-27,46.38999938964844,47.029998779296875,46.25,47.0099983215332,45.00471115112305,1310500,CTVA,yfinance,2026-02-10T05:08:45.583878+00:00
2021-12-28,46.939998626708984,47.540000915527344,46.810001373291016,47.380001068115234,45.35892868041992,1616700,CTVA,yfinance,2026-02-10T05:08:45.583878+00:00
2021-12-29,47.209999084472656,47.529998779296875,47.029998779296875,47.349998474121094,45.3302116394043,1160900,CTVA,yfinance,2026-02-10T05:08:45.583878+00:00
2021-12-30,47.5,47.7599983215332,47.060001373291016,47.119998931884766,45.110015869140625,1192200,CTVA,yfinance,2026-02-10T05:08:45.583878+00:00
2021-12-31,46.939998626708984,47.41999816894531,46.880001068115234,47.279998779296875,45.2631950378418,1457000,CTVA,yfinance,2026-02-10T05:08:45.583878+00:00
2022-01-03,47.400001525878906,47.779998779296875,46.790000915527344,46.900001525878906,44.8994026184082,2071200,CTVA,yfinance,2026-02-10T05:08:45.583878+00:00
2022-01-04,47.11000061035156,48.33000183105469,47.11000061035156,47.77000045776367,45.732295989990234,2529200,CTVA,yfinance,2026-02-10T05:08:45.583878+00:00
2022-01-05,48.02000045776367,48.2599983215332,47.209999084472656,47.2400016784668,45.22489929199219,2498600,CTVA,yfinance,2026-02-10T05:08:45.583878+00:00
2022-01-06,47.540000915527344,48.25,47.06999969482422,47.900001525878906,45.856754302978516,2685800,CTVA,yfinance,2026-02-10T05:08:45.583878+00:00
2022-01-07,47.900001525878906,48.79999923706055,47.79999923706055,48.41999816894531,46.35456466674805,2463600,CTVA,yfinance,2026-02-10T05:08:45.583878+00:00
2022-01-10,48.29999923706055,48.29999923706055,46.81999969482422,47.38999938964844,45.368492126464844,2145200,CTVA,yfinance,2026-02-10T05:08:45.583878+00:00
2022-01-11,47.5099983215332,48.4900016784668,47.25,48.40999984741211,46.344993591308594,1867000,CTVA,yfinance,2026-02-10T05:08:45.583878+00:00
2022-01-12,48.970001220703125,49.349998474121094,48.4900016784668,48.86000061035156,46.77579879760742,1988000,CTVA,yfinance,2026-02-10T05:08:45.583878+00:00
2022-01-13,48.81999969482422,49.40999984741211,48.540000915527344,48.900001525878906,46.81409454345703,2107800,CTVA,yfinance,2026-02-10T05:08:45.583878+00:00
2022-01-14,48.31999969482422,48.779998779296875,47.814998626708984,48.599998474121094,46.52688980102539,2039600,CTVA,yfinance,2026-02-10T05:08:45.583878+00:00
2022-01-18,48.13999938964844,48.36000061035156,47.75,48.13999938964844,46.08650207519531,1877800,CTVA,yfinance,2026-02-10T05:08:45.583878+00:00
2022-01-19,48.43000030517578,48.5,47.16999816894531,47.220001220703125,45.205745697021484,2530800,CTVA,yfinance,2026-02-10T05:08:45.583878+00:00
2022-01-20,47.5,47.97999954223633,46.400001525878906,46.540000915527344,44.55475616455078,2191200,CTVA,yfinance,2026-02-10T05:08:45.583878+00:00
2022-01-21,46.16999816894531,46.75,45.31999969482422,45.439998626708984,43.50168228149414,2360700,CTVA,yfinance,2026-02-10T05:08:45.583878+00:00
2022-01-24,44.70000076293945,46.290000915527344,43.7400016784668,46.06999969482422,44.10480880737305,3365500,CTVA,yfinance,2026-02-10T05:08:45.583878+00:00
2022-01-25,45.040000915527344,46.43000030517578,44.220001220703125,46.04999923706055,44.08566665649414,4314600,CTVA,yfinance,2026-02-10T05:08:45.583878+00:00
2022-01-26,46.439998626708984,47.11000061035156,45.3849983215332,46.0099983215332,44.047367095947266,2986200,CTVA,yfinance,2026-02-10T05:08:45.583878+00:00
2022-01-27,46.47999954223633,47.54999923706055,46.29999923706055,46.84000015258789,44.841957092285156,2506200,CTVA,yfinance,2026-02-10T05:08:45.583878+00:00
2022-01-28,46.7599983215332,47.47999954223633,46.099998474121094,47.459999084472656,45.43551254272461,2271500,CTVA,yfinance,2026-02-10T05:08:45.583878+00:00
2022-01-31,47.439998626708984,48.20000076293945,47.2599983215332,48.08000183105469,46.02907180786133,2573500,CTVA,yfinance,2026-02-10T05:08:45.583878+00:00
2022-02-01,47.95000076293945,48.34000015258789,47.36000061035156,47.93000030517578,45.885467529296875,4429000,CTVA,yfinance,2026-02-10T05:08:45.583878+00:00
2022-02-02,47.869998931884766,48.36000061035156,47.65999984741211,48.130001068115234,46.07693099975586,3597400,CTVA,yfinance,2026-02-10T05:08:45.583878+00:00
2022-02-03,48.040000915527344,49.349998474121094,47.369998931884766,48.529998779296875,46.45987319946289,4054900,CTVA,yfinance,2026-02-10T05:08:45.583878+00:00
2022-02-04,48.25,50.755001068115234,48.25,50.25,48.10649490356445,4931500,CTVA,yfinance,2026-02-10T05:08:45.583878+00:00
2022-02-07,50.349998474121094,50.5,49.349998474121094,49.54999923706055,47.43635940551758,4646600,CTVA,yfinance,2026-02-10T05:08:45.583878+00:00
2022-02-08,49.650001525878906,50.41999816894531,49.34000015258789,50.369998931884766,48.22138214111328,4336000,CTVA,yfinance,2026-02-10T05:08:45.583878+00:00
2022-02-09,50.849998474121094,51.625,50.79999923706055,51.540000915527344,49.34147644042969,2901500,CTVA,yfinance,2026-02-10T05:08:45.583878+00:00
2022-02-10,51.29999923706055,52.380001068115234,50.70000076293945,50.95000076293945,48.776641845703125,4628200,CTVA,yfinance,2026-02-10T05:08:45.583878+00:00
2022-02-11,50.93000030517578,51.7400016784668,50.470001220703125,51.04999923706055,48.87238311767578,3194800,CTVA,yfinance,2026-02-10T05:08:45.583878+00:00
2022-02-14,51.20000076293945,51.54999923706055,50.369998931884766,50.900001525878906,48.728782653808594,5552300,CTVA,yfinance,2026-02-10T05:08:45.583878+00:00
2022-02-15,50.439998626708984,51.130001068115234,50.20000076293945,50.88999938964844,48.719200134277344,4652900,CTVA,yfinance,2026-02-10T05:08:45.583878+00:00
2022-02-16,51.279998779296875,51.900001525878906,50.900001525878906,51.459999084472656,49.264892578125,3283700,CTVA,yfinance,2026-02-10T05:08:45.583878+00:00
2022-02-17,50.85499954223633,51.58000183105469,50.459999084472656,51.27000045776367,49.08299255371094,2920200,CTVA,yfinance,2026-02-10T05:08:45.583878+00:00
2022-02-18,51.4900016784668,51.810001373291016,50.47999954223633,50.70000076293945,48.53730392456055,2670100,CTVA,yfinance,2026-02-10T05:08:45.583878+00:00
2022-02-22,50.720001220703125,51.2400016784668,50.25,50.66999816894531,48.50857925415039,2923700,CTVA,yfinance,2026-02-10T05:08:45.583878+00:00
2022-02-23,50.9900016784668,51.5099983215332,50.310001373291016,50.41999816894531,48.269248962402344,3330800,CTVA,yfinance,2026-02-10T05:08:45.583878+00:00
2022-02-24,49.599998474121094,50.154998779296875,49.0099983215332,50.04999923706055,47.91503143310547,3156900,CTVA,yfinance,2026-02-10T05:08:45.583878+00:00
2022-02-25,50.290000915527344,51.86000061035156,50.18000030517578,51.84000015258789,49.62866973876953,3414300,CTVA,yfinance,2026-02-10T05:08:45.583878+00:00
2022-02-28,51.0099983215332,52.060001373291016,50.650001525878906,52.029998779296875,49.94545364379883,4551900,CTVA,yfinance,2026-02-10T05:08:45.583878+00:00
2022-03-01,52.119998931884766,52.36000061035156,50.02000045776367,50.369998931884766,48.35196304321289,3091100,CTVA,yfinance,2026-02-10T05:08:45.583878+00:00
2022-03-02,50.83000183105469,51.810001373291016,50.7400016784668,51.29999923706055,49.24470520019531,4594300,CTVA,yfinance,2026-02-10T05:08:45.583878+00:00
2022-03-03,51.650001525878906,51.77000045776367,50.92499923706055,51.52000045776367,49.45589828491211,3877000,CTVA,yfinance,2026-02-10T05:08:45.583878+00:00
2022-03-04,51.040000915527344,51.529998779296875,50.119998931884766,51.47999954223633,49.41748809814453,5847100,CTVA,yfinance,2026-02-10T05:08:45.583878+00:00
2022-03-07,51.88999938964844,54.02000045776367,51.099998474121094,51.220001220703125,49.16791915893555,8059100,CTVA,yfinance,2026-02-10T05:08:45.583878+00:00
2022-03-08,51.060001373291016,51.7400016784668,49.560001373291016,50.08000183105469,48.07358932495117,5231200,CTVA,yfinance,2026-02-10T05:08:45.583878+00:00
2022-03-09,50.40999984741211,51.93000030517578,50.220001220703125,51.529998779296875,49.46548843383789,4827300,CTVA,yfinance,2026-02-10T05:08:45.583878+00:00
2022-03-10,51.04999923706055,53.689998626708984,51.04999923706055,53.59000015258789,51.442955017089844,4712500,CTVA,yfinance,2026-02-10T05:08:45.583878+00:00
2022-03-11,53.84000015258789,55.040000915527344,53.35900115966797,53.650001525878906,51.50055694580078,4039100,CTVA,yfinance,2026-02-10T05:08:45.583878+00:00
2022-03-14,53.939998626708984,54.79999923706055,53.209999084472656,54.209999084472656,52.03810501098633,4971100,CTVA,yfinance,2026-02-10T05:08:45.583878+00:00
2022-03-15,54.119998931884766,55.439998626708984,53.869998931884766,54.9900016784668,52.786861419677734,5530400,CTVA,yfinance,2026-02-10T05:08:45.583878+00:00
2022-03-16,55.4900016784668,56.099998474121094,53.939998626708984,54.7599983215332,52.56608581542969,5367600,CTVA,yfinance,2026-02-10T05:08:45.583878+00:00
2022-03-17,54.40999984741211,55.96500015258789,54.400001525878906,55.790000915527344,53.5548210144043,4400000,CTVA,yfinance,2026-02-10T05:08:45.583878+00:00
2022-03-18,55.79999923706055,55.97999954223633,55.040000915527344,55.849998474121094,53.61241149902344,11274700,CTVA,yfinance,2026-02-10T05:08:45.583878+00:00
2022-03-21,56.189998626708984,56.97999954223633,55.584999084472656,56.95000076293945,54.668338775634766,5814000,CTVA,yfinance,2026-02-10T05:08:45.583878+00:00
2022-03-22,57.25,57.34000015258789,56.290000915527344,56.47999954223633,54.2171745300293,5106500,CTVA,yfinance,2026-02-10T05:08:45.583878+00:00
2022-03-23,57.16999816894531,57.72999954223633,56.45000076293945,57.40999984741211,55.10991668701172,3902500,CTVA,yfinance,2026-02-10T05:08:45.583878+00:00
2022-03-24,57.650001525878906,58.7400016784668,57.619998931884766,58.4900016784668,56.146644592285156,4758800,CTVA,yfinance,2026-02-10T05:08:45.583878+00:00
2022-03-25,58.52000045776367,59.810001373291016,58.52000045776367,59.790000915527344,57.394561767578125,4670200,CTVA,yfinance,2026-02-10T05:08:45.583878+00:00
2022-03-28,59.34000015258789,59.58000183105469,58.599998474121094,59.029998779296875,56.665008544921875,3276600,CTVA,yfinance,2026-02-10T05:08:45.583878+00:00
2022-03-29,57.849998474121094,58.119998931884766,56.25,58.029998779296875,55.70507049560547,4215100,CTVA,yfinance,2026-02-10T05:08:45.583878+00:00
2022-03-30,58.529998779296875,59.09000015258789,57.9900016784668,58.369998931884766,56.031455993652344,3440100,CTVA,yfinance,2026-02-10T05:08:45.583878+00:00
2022-03-31,58.040000915527344,58.939998626708984,57.36000061035156,57.47999954223633,55.1771125793457,4327800,CTVA,yfinance,2026-02-10T05:08:45.583878+00:00
2022-04-01,57.90999984741211,58.45000076293945,57.63999938964844,58.290000915527344,55.95465850830078,2430900,CTVA,yfinance,2026-02-10T05:08:45.583878+00:00
2022-04-04,58.33000183105469,58.880001068115234,57.345001220703125,58.66999816894531,56.319427490234375,2356800,CTVA,yfinance,2026-02-10T05:08:45.583878+00:00
2022-04-05,58.79999923706055,59.13999938964844,58.040000915527344,58.279998779296875,55.9450569152832,3220000,CTVA,yfinance,2026-02-10T05:08:45.583878+00:00
2022-04-06,58.20000076293945,58.7400016784668,57.869998931884766,58.04999923706055,55.724273681640625,2868800,CTVA,yfinance,2026-02-10T05:08:45.583878+00:00
2022-04-07,58.220001220703125,58.75,57.915000915527344,58.4900016784668,56.146644592285156,2321800,CTVA,yfinance,2026-02-10T05:08:45.583878+00:00
2022-04-08,59.20000076293945,60.310001373291016,58.86000061035156,59.63999938964844,57.25056838989258,2478900,CTVA,yfinance,2026-02-10T05:08:45.583878+00:00
2022-04-11,59.75,60.06999969482422,59.349998474121094,59.75,57.356163024902344,2487700,CTVA,yfinance,2026-02-10T05:08:45.583878+00:00
2022-04-12,59.84000015258789,60.72999954223633,59.61000061035156,60.630001068115234,58.200904846191406,2813000,CTVA,yfinance,2026-02-10T05:08:45.583878+00:00
2022-04-13,60.84000015258789,61.209999084472656,60.11000061035156,60.95000076293945,58.508094787597656,2193500,CTVA,yfinance,2026-02-10T05:08:45.583878+00:00
2022-04-14,61.33000183105469,61.7400016784668,60.880001068115234,61.0099983215332,58.56568145751953,3714400,CTVA,yfinance,2026-02-10T05:08:45.583878+00:00
2022-04-18,61.029998779296875,61.5,60.720001220703125,60.95000076293945,58.508094787597656,3289700,CTVA,yfinance,2026-02-10T05:08:45.583878+00:00
2022-04-19,61.349998474121094,61.83000183105469,60.63999938964844,61.13999938964844,58.69047546386719,3865400,CTVA,yfinance,2026-02-10T05:08:45.583878+00:00
2022-04-20,61.560001373291016,61.8849983215332,60.40999984741211,61.31999969482422,58.86326217651367,4258500,CTVA,yfinance,2026-02-10T05:08:45.583878+00:00
2022-04-21,61.880001068115234,62.040000915527344,60.099998474121094,60.209999084472656,57.797733306884766,3942200,CTVA,yfinance,2026-02-10T05:08:45.583878+00:00
2022-04-22,59.84000015258789,60.16999816894531,57.189998626708984,57.68000030517578,55.36909103393555,4987500,CTVA,yfinance,2026-02-10T05:08:45.583878+00:00
2022-04-25,56.88999938964844,57.529998779296875,55.779998779296875,57.29999923706055,55.00432205200195,4215500,CTVA,yfinance,2026-02-10T05:08:45.583878+00:00
2022-04-26,57.2400016784668,57.77000045776367,56.5,56.630001068115234,54.36116409301758,4118800,CTVA,yfinance,2026-02-10T05:08:45.583878+00:00
2022-04-27,56.93000030517578,57.90999984741211,56.4900016784668,57.220001220703125,54.92753601074219,4522700,CTVA,yfinance,2026-02-10T05:08:45.583878+00:00
2022-04-28,57.709999084472656,58.05500030517578,56.8650016784668,57.81999969482422,55.50348663330078,4599700,CTVA,yfinance,2026-02-10T05:08:45.583878+00:00
2022-04-29,58.06999969482422,58.88999938964844,57.56999969482422,57.689998626708984,55.378692626953125,6933100,CTVA,yfinance,2026-02-10T05:08:45.583878+00:00
2022-05-02,57.77000045776367,58.0,56.150001525878906,57.34000015258789,55.04271697998047,5231600,CTVA,yfinance,2026-02-10T05:08:45.583878+00:00
2022-05-03,57.40999984741211,57.58000183105469,56.5,57.2599983215332,54.96592330932617,5304900,CTVA,yfinance,2026-02-10T05:08:45.583878+00:00
2022-05-04,57.52000045776367,59.21500015258789,57.04999923706055,59.13999938964844,56.77060317993164,5025300,CTVA,yfinance,2026-02-10T05:08:45.583878+00:00
2022-05-05,56.349998474121094,59.599998474121094,56.33000183105469,58.040000915527344,55.71467590332031,6842900,CTVA,yfinance,2026-02-10T05:08:45.583878+00:00
2022-05-06,57.13999938964844,57.27000045776367,54.83000183105469,55.7400016784668,53.5068244934082,5236400,CTVA,yfinance,2026-02-10T05:08:45.583878+00:00
2022-05-09,55.03499984741211,55.03499984741211,52.95000076293945,53.08000183105469,50.953392028808594,5314400,CTVA,yfinance,2026-02-10T05:08:45.583878+00:00
2022-05-10,54.25,54.380001068115234,52.263999938964844,52.81999969482422,50.70380783081055,4323300,CTVA,yfinance,2026-02-10T05:08:45.583878+00:00
2022-05-11,52.79999923706055,54.47999954223633,52.540000915527344,53.599998474121094,51.45255661010742,3899600,CTVA,yfinance,2026-02-10T05:08:45.583878+00:00
2022-05-12,53.029998779296875,54.060001373291016,52.68000030517578,54.04999923706055,52.02040481567383,3748600,CTVA,yfinance,2026-02-10T05:08:45.583878+00:00
2022-05-13,54.47999954223633,55.935001373291016,54.400001525878906,55.470001220703125,53.387081146240234,3881300,CTVA,yfinance,2026-02-10T05:08:45.583878+00:00
2022-05-16,55.40999984741211,57.18000030517578,55.279998779296875,56.540000915527344,54.416900634765625,3620700,CTVA,yfinance,2026-02-10T05:08:45.583878+00:00
2022-05-17,57.279998779296875,57.91999816894531,56.66999816894531,57.61000061035156,55.44672775268555,4238000,CTVA,yfinance,2026-02-10T05:08:45.583878+00:00
2022-05-18,57.0359992980957,58.29999923706055,56.86000061035156,57.09000015258789,54.94624710083008,4319300,CTVA,yfinance,2026-02-10T05:08:45.583878+00:00
2022-05-19,56.47999954223633,59.07600021362305,56.43000030517578,59.0,56.78453063964844,6912300,CTVA,yfinance,2026-02-10T05:08:45.583878+00:00
2022-05-20,59.470001220703125,59.779998779296875,58.040000915527344,59.22999954223633,57.00589370727539,9441900,CTVA,yfinance,2026-02-10T05:08:45.583878+00:00
2022-05-23,59.849998474121094,61.17499923706055,59.19200134277344,60.90999984741211,58.6228141784668,4956300,CTVA,yfinance,2026-02-10T05:08:45.583878+00:00
2022-05-24,60.65999984741211,62.19499969482422,60.25,62.09000015258789,59.75849914550781,5808300,CTVA,yfinance,2026-02-10T05:08:45.583878+00:00
2022-05-25,61.66999816894531,62.459999084472656,61.39500045776367,62.0099983215332,59.68149948120117,5374200,CTVA,yfinance,2026-02-10T05:08:45.583878+00:00
2022-05-26,62.52000045776367,64.02999877929688,62.45000076293945,63.16999816894531,60.79793930053711,5745200,CTVA,yfinance,2026-02-10T05:08:45.583878+00:00
2022-05-27,62.939998626708984,63.1150016784668,61.220001220703125,62.90999984741211,60.547706604003906,6501900,CTVA,yfinance,2026-02-10T05:08:45.583878+00:00
2022-05-31,62.97999954223633,63.970001220703125,62.36000061035156,62.619998931884766,60.268592834472656,12551200,CTVA,yfinance,2026-02-10T05:08:45.583878+00:00
2022-06-01,63.0099983215332,63.27000045776367,61.80099868774414,62.33000183105469,59.98949432373047,4259100,CTVA,yfinance,2026-02-10T05:08:45.583878+00:00
2022-06-02,62.720001220703125,63.02000045776367,62.060001373291016,62.540000915527344,60.19159698486328,4820200,CTVA,yfinance,2026-02-10T05:08:45.583878+00:00
2022-06-03,62.5,62.70000076293945,61.7400016784668,62.0,59.671875,3425000,CTVA,yfinance,2026-02-10T05:08:45.583878+00:00
2022-06-06,62.20000076293945,62.415000915527344,61.380001068115234,61.720001220703125,59.402400970458984,2699300,CTVA,yfinance,2026-02-10T05:08:45.583878+00:00
2022-06-07,61.349998474121094,62.529998779296875,61.310001373291016,62.380001068115234,60.037601470947266,3560000,CTVA,yfinance,2026-02-10T05:08:45.583878+00:00
2022-06-08,61.86000061035156,62.400001525878906,61.31999969482422,62.0,59.671875,3734400,CTVA,yfinance,2026-02-10T05:08:45.583878+00:00
2022-06-09,61.470001220703125,61.650001525878906,60.86000061035156,61.08000183105469,58.78642654418945,4500600,CTVA,yfinance,2026-02-10T05:08:45.583878+00:00
2022-06-10,60.15999984741211,60.314998626708984,57.970001220703125,57.97999954223633,55.80283737182617,3551200,CTVA,yfinance,2026-02-10T05:08:45.583878+00:00
2022-06-13,56.619998931884766,57.189998626708984,55.779998779296875,56.2400016784668,54.128170013427734,3721400,CTVA,yfinance,2026-02-10T05:08:45.583878+00:00
2022-06-14,56.2400016784668,56.7400016784668,55.869998931884766,56.38999938964844,54.27253723144531,4443200,CTVA,yfinance,2026-02-10T05:08:45.583878+00:00
2022-06-15,56.869998931884766,57.209999084472656,54.900001525878906,55.529998779296875,53.44483184814453,4482700,CTVA,yfinance,2026-02-10T05:08:45.583878+00:00
2022-06-16,54.599998474121094,54.72999954223633,53.68000030517578,54.040000915527344,52.010780334472656,4880000,CTVA,yfinance,2026-02-10T05:08:45.583878+00:00
2022-06-17,54.119998931884766,54.529998779296875,52.65999984741211,53.220001220703125,51.2215690612793,12994200,CTVA,yfinance,2026-02-10T05:08:45.583878+00:00
2022-06-21,54.459999084472656,55.619998931884766,53.93000030517578,55.369998931884766,53.29083251953125,3590200,CTVA,yfinance,2026-02-10T05:08:45.583878+00:00
2022-06-22,53.709999084472656,54.65999984741211,53.41999816894531,53.43000030517578,51.42368698120117,4488400,CTVA,yfinance,2026-02-10T05:08:45.583878+00:00
2022-06-23,53.25,53.540000915527344,50.755001068115234,50.93000030517578,49.0175666809082,5882000,CTVA,yfinance,2026-02-10T05:08:45.583878+00:00
2022-06-24,51.43000030517578,53.599998474121094,51.21500015258789,53.560001373291016,51.548805236816406,8329500,CTVA,yfinance,2026-02-10T05:08:45.583878+00:00
2022-06-27,53.709999084472656,54.31999969482422,53.08000183105469,54.2400016784668,52.203269958496094,4769100,CTVA,yfinance,2026-02-10T05:08:45.583878+00:00
2022-06-28,54.88999938964844,55.720001220703125,53.900001525878906,54.27000045776367,52.23214340209961,4755300,CTVA,yfinance,2026-02-10T05:08:45.583878+00:00
2022-06-29,54.4900016784668,54.95000076293945,53.97800064086914,54.529998779296875,52.482383728027344,3208200,CTVA,yfinance,2026-02-10T05:08:45.583878+00:00
2022-06-30,53.900001525878906,54.7400016784668,53.56999969482422,54.13999938964844,52.10702896118164,3588100,CTVA,yfinance,2026-02-10T05:08:45.583878+00:00
2022-07-01,53.619998931884766,54.439998626708984,52.65999984741211,54.119998931884766,52.0877799987793,2130500,CTVA,yfinance,2026-02-10T05:08:45.583878+00:00
2022-07-05,52.790000915527344,53.040000915527344,51.2599983215332,52.099998474121094,50.14362335205078,4655000,CTVA,yfinance,2026-02-10T05:08:45.583878+00:00
2022-07-06,52.130001068115234,52.36000061035156,50.5,52.040000915527344,50.085880279541016,3851300,CTVA,yfinance,2026-02-10T05:08:45.583878+00:00
2022-07-07,53.4900016784668,53.599998474121094,52.7599983215332,52.849998474121094,50.86545944213867,3879700,CTVA,yfinance,2026-02-10T05:08:45.583878+00:00
2022-07-08,53.08000183105469,53.220001220703125,52.09000015258789,52.72999954223633,50.74996566772461,2554800,CTVA,yfinance,2026-02-10T05:08:45.583878+00:00
2022-07-11,52.15999984741211,52.97999954223633,52.01499938964844,52.90999984741211,50.923213958740234,2249700,CTVA,yfinance,2026-02-10T05:08:45.583878+00:00
2022-07-12,52.630001068115234,53.5,52.16999816894531,52.560001373291016,50.58634948730469,2713300,CTVA,yfinance,2026-02-10T05:08:45.583878+00:00
2022-07-13,51.869998931884766,52.40999984741211,51.625999450683594,51.970001220703125,50.01850509643555,1675200,CTVA,yfinance,2026-02-10T05:08:45.583878+00:00
2022-07-14,51.31999969482422,51.869998931884766,50.029998779296875,51.4900016784668,49.55652618408203,3560400,CTVA,yfinance,2026-02-10T05:08:45.583878+00:00
2022-07-15,52.310001373291016,52.4900016784668,51.62099838256836,52.0,50.04738235473633,2589600,CTVA,yfinance,2026-02-10T05:08:45.583878+00:00
2022-07-18,52.560001373291016,53.040000915527344,52.0099983215332,52.2400016784668,50.27836990356445,1867500,CTVA,yfinance,2026-02-10T05:08:45.583878+00:00
2022-07-19,52.68000030517578,54.220001220703125,52.61000061035156,53.7400016784668,51.7220458984375,2273100,CTVA,yfinance,2026-02-10T05:08:45.583878+00:00
2022-07-20,53.40999984741211,54.27000045776367,53.375,54.02000045776367,51.99153137207031,1679300,CTVA,yfinance,2026-02-10T05:08:45.583878+00:00
2022-07-21,53.619998931884766,53.90999984741211,52.83000183105469,53.880001068115234,51.856788635253906,1482300,CTVA,yfinance,2026-02-10T05:08:45.583878+00:00
2022-07-22,54.04999923706055,54.52000045776367,53.58000183105469,54.0099983215332,51.981903076171875,1971600,CTVA,yfinance,2026-02-10T05:08:45.583878+00:00
2022-07-25,54.619998931884766,55.60499954223633,54.18000030517578,55.470001220703125,53.387081146240234,2643000,CTVA,yfinance,2026-02-10T05:08:45.583878+00:00
2022-07-26,55.650001525878906,56.02000045776367,55.04999923706055,55.459999084472656,53.37745666503906,1692200,CTVA,yfinance,2026-02-10T05:08:45.583878+00:00
2022-07-27,55.90999984741211,56.89500045776367,54.970001220703125,56.61000061035156,54.48427963256836,2248500,CTVA,yfinance,2026-02-10T05:08:45.583878+00:00
2022-07-28,56.80500030517578,57.24700164794922,56.27000045776367,56.959999084472656,54.821128845214844,2293400,CTVA,yfinance,2026-02-10T05:08:45.583878+00:00
2022-07-29,57.43000030517578,58.040000915527344,57.22999954223633,57.54999923706055,55.38897705078125,2338900,CTVA,yfinance,2026-02-10T05:08:45.583878+00:00
2022-08-01,57.0,57.529998779296875,56.34000015258789,56.900001525878906,54.76338195800781,2621600,CTVA,yfinance,2026-02-10T05:08:45.583878+00:00
2022-08-02,56.84000015258789,56.939998626708984,55.689998626708984,55.7400016784668,53.64694595336914,3025200,CTVA,yfinance,2026-02-10T05:08:45.583878+00:00
2022-08-03,56.099998474121094,56.099998474121094,55.560001373291016,55.70000076293945,53.60844421386719,3164600,CTVA,yfinance,2026-02-10T05:08:45.583878+00:00
2022-08-04,55.59000015258789,55.75,54.68000030517578,55.220001220703125,53.14646911621094,3218800,CTVA,yfinance,2026-02-10T05:08:45.583878+00:00
2022-08-05,56.970001220703125,58.40999984741211,56.7400016784668,57.900001525878906,55.725830078125,5728000,CTVA,yfinance,2026-02-10T05:08:45.583878+00:00
2022-08-08,59.310001373291016,60.689998626708984,59.02000045776367,59.09000015258789,56.87114715576172,4055600,CTVA,yfinance,2026-02-10T05:08:45.583878+00:00
2022-08-09,59.130001068115234,60.13999938964844,59.130001068115234,59.720001220703125,57.477500915527344,3022100,CTVA,yfinance,2026-02-10T05:08:45.583878+00:00
2022-08-10,60.709999084472656,60.94499969482422,59.77000045776367,60.09000015258789,57.83359909057617,2604500,CTVA,yfinance,2026-02-10T05:08:45.583878+00:00
2022-08-11,60.4900016784668,61.04999923706055,60.1349983215332,60.27000045776367,58.15199661254883,1985300,CTVA,yfinance,2026-02-10T05:08:45.583878+00:00
2022-08-12,60.470001220703125,61.77000045776367,60.13999938964844,61.7599983215332,59.58964157104492,2744000,CTVA,yfinance,2026-02-10T05:08:45.583878+00:00
2022-08-15,60.86000061035156,61.83000183105469,60.470001220703125,61.61000061035156,59.444908142089844,3836200,CTVA,yfinance,2026-02-10T05:08:45.583878+00:00
2022-08-16,61.63999938964844,62.31999969482422,61.63999938964844,62.099998474121094,59.91769790649414,2523100,CTVA,yfinance,2026-02-10T05:08:45.583878+00:00
2022-08-17,61.5,61.900001525878906,61.209999084472656,61.869998931884766,59.69577407836914,1747600,CTVA,yfinance,2026-02-10T05:08:45.583878+00:00
2022-08-18,62.290000915527344,62.810001373291016,62.119998931884766,62.369998931884766,60.178199768066406,1980500,CTVA,yfinance,2026-02-10T05:08:45.583878+00:00
2022-08-19,62.04999923706055,62.185001373291016,61.130001068115234,61.33000183105469,59.17475891113281,2232200,CTVA,yfinance,2026-02-10T05:08:45.583878+00:00
2022-08-22,60.72999954223633,61.34000015258789,60.599998474121094,61.040000915527344,58.89493942260742,1912800,CTVA,yfinance,2026-02-10T05:08:45.583878+00:00
2022-08-23,61.22999954223633,61.970001220703125,61.22999954223633,61.77000045776367,59.59929656982422,1952700,CTVA,yfinance,2026-02-10T05:08:45.583878+00:00
2022-08-24,61.900001525878906,62.470001220703125,61.22999954223633,61.900001525878906,59.724727630615234,2307200,CTVA,yfinance,2026-02-10T05:08:45.583878+00:00
2022-08-25,62.40999984741211,63.345001220703125,62.18000030517578,63.2400016784668,61.01763153076172,2522400,CTVA,yfinance,2026-02-10T05:08:45.583878+00:00
2022-08-26,63.47999954223633,63.76599884033203,62.279998779296875,62.31999969482422,60.12996292114258,1889200,CTVA,yfinance,2026-02-10T05:08:45.583878+00:00
2022-08-29,61.599998474121094,62.470001220703125,61.349998474121094,61.90999984741211,59.734371185302734,1803200,CTVA,yfinance,2026-02-10T05:08:45.583878+00:00
2022-08-30,61.58000183105469,61.869998931884766,60.709999084472656,61.77000045776367,59.59929656982422,2539200,CTVA,yfinance,2026-02-10T05:08:45.583878+00:00
2022-08-31,61.7400016784668,62.209999084472656,61.18000030517578,61.43000030517578,59.271236419677734,3710500,CTVA,yfinance,2026-02-10T05:08:45.583878+00:00
2022-09-01,60.779998779296875,60.93000030517578,59.95000076293945,60.810001373291016,58.67301559448242,2468400,CTVA,yfinance,2026-02-10T05:08:45.583878+00:00
2022-09-02,61.560001373291016,62.209999084472656,61.0,61.2400016784668,59.08791732788086,2644100,CTVA,yfinance,2026-02-10T05:08:45.583878+00:00
2022-09-06,61.61000061035156,61.75,60.029998779296875,60.31999969482422,58.20024108886719,2303200,CTVA,yfinance,2026-02-10T05:08:45.583878+00:00
2022-09-07,59.8849983215332,61.9900016784668,59.779998779296875,61.81999969482422,59.64753723144531,2058800,CTVA,yfinance,2026-02-10T05:08:45.583878+00:00
2022-09-08,61.369998931884766,62.130001068115234,61.099998474121094,62.040000915527344,59.859798431396484,2873500,CTVA,yfinance,2026-02-10T05:08:45.583878+00:00
2022-09-09,62.59000015258789,62.97999954223633,61.79499816894531,62.52000045776367,60.322933197021484,2021200,CTVA,yfinance,2026-02-10T05:08:45.583878+00:00
2022-09-12,62.869998931884766,62.869998931884766,61.290000915527344,62.11000061035156,59.92734146118164,4922200,CTVA,yfinance,2026-02-10T05:08:45.583878+00:00
2022-09-13,61.060001373291016,63.83000183105469,61.0099983215332,62.650001525878906,60.448360443115234,4939200,CTVA,yfinance,2026-02-10T05:08:45.583878+00:00
2022-09-14,63.029998779296875,64.30000305175781,62.7599983215332,63.810001373291016,61.567604064941406,5006500,CTVA,yfinance,2026-02-10T05:08:45.583878+00:00
2022-09-15,63.810001373291016,63.97999954223633,61.96500015258789,62.119998931884766,59.93699264526367,5786400,CTVA,yfinance,2026-02-10T05:08:45.583878+00:00
2022-09-16,61.22999954223633,61.599998474121094,60.380001068115234,61.349998474121094,59.19404220581055,7511800,CTVA,yfinance,2026-02-10T05:08:45.583878+00:00
2022-09-19,60.5,61.65999984741211,60.5,61.41999816894531,59.2615852355957,2386800,CTVA,yfinance,2026-02-10T05:08:45.583878+00:00
2022-09-20,60.84000015258789,61.56999969482422,60.22999954223633,61.400001525878906,59.242286682128906,2707100,CTVA,yfinance,2026-02-10T05:08:45.583878+00:00
2022-09-21,62.220001220703125,62.220001220703125,59.20000076293945,59.22999954223633,57.14855194091797,3101500,CTVA,yfinance,2026-02-10T05:08:45.583878+00:00
2022-09-22,59.54999923706055,60.59000015258789,59.54999923706055,59.7599983215332,57.6599235534668,3170800,CTVA,yfinance,2026-02-10T05:08:45.583878+00:00
2022-09-23,58.779998779296875,58.810001373291016,57.090999603271484,57.91999816894531,55.88458251953125,2686800,CTVA,yfinance,2026-02-10T05:08:45.583878+00:00
2022-09-26,57.880001068115234,58.96799850463867,57.51499938964844,57.61000061035156,55.58548355102539,3941600,CTVA,yfinance,2026-02-10T05:08:45.583878+00:00
2022-09-27,58.25,58.58000183105469,56.900001525878906,57.2599983215332,55.247779846191406,2357400,CTVA,yfinance,2026-02-10T05:08:45.583878+00:00
2022-09-28,57.4900016784668,58.69499969482422,57.16999816894531,58.380001068115234,56.32842254638672,3517500,CTVA,yfinance,2026-02-10T05:08:45.583878+00:00
2022-09-29,57.849998474121094,58.08000183105469,56.59000015258789,57.209999084472656,55.19953536987305,2431000,CTVA,yfinance,2026-02-10T05:08:45.583878+00:00
2022-09-30,56.939998626708984,58.0,56.38999938964844,57.150001525878906,55.14165115356445,3688200,CTVA,yfinance,2026-02-10T05:08:45.583878+00:00
2022-10-03,58.47999954223633,59.474998474121094,57.89500045776367,59.18000030517578,57.10029983520508,3680100,CTVA,yfinance,2026-02-10T05:08:45.583878+00:00
2022-10-04,59.97999954223633,61.81999969482422,59.91999816894531,61.7599983215332,59.58964157104492,3986600,CTVA,yfinance,2026-02-10T05:08:45.583878+00:00
2022-10-05,61.36000061035156,61.959999084472656,61.0099983215332,61.52000045776367,59.358070373535156,2978100,CTVA,yfinance,2026-02-10T05:08:45.583878+00:00
2022-10-06,61.209999084472656,61.959999084472656,60.75,60.88999938964844,58.750213623046875,3219100,CTVA,yfinance,2026-02-10T05:08:45.583878+00:00
2022-10-07,60.70000076293945,61.25,60.099998474121094,60.83000183105469,58.69233322143555,2420500,CTVA,yfinance,2026-02-10T05:08:45.583878+00:00
2022-10-10,61.33000183105469,61.7599983215332,60.7599983215332,61.04999923706055,58.90458297729492,2133300,CTVA,yfinance,2026-02-10T05:08:45.583878+00:00
2022-10-11,60.59000015258789,61.72999954223633,60.2599983215332,60.7599983215332,58.62478256225586,2198800,CTVA,yfinance,2026-02-10T05:08:45.583878+00:00
2022-10-12,60.81999969482422,61.064998626708984,60.15999984741211,60.790000915527344,58.653724670410156,2395700,CTVA,yfinance,2026-02-10T05:08:45.583878+00:00
2022-10-13,60.11000061035156,63.23500061035156,59.5099983215332,62.95000076293945,60.737823486328125,3067800,CTVA,yfinance,2026-02-10T05:08:45.583878+00:00
2022-10-14,63.25,63.25,58.599998474121094,58.72999954223633,56.66612243652344,4043200,CTVA,yfinance,2026-02-10T05:08:45.583878+00:00
2022-10-17,59.849998474121094,60.98500061035156,59.849998474121094,60.36000061035156,58.23884582519531,2693300,CTVA,yfinance,2026-02-10T05:08:45.583878+00:00
2022-10-18,61.77000045776367,62.400001525878906,60.84000015258789,61.619998931884766,59.45455551147461,2934600,CTVA,yfinance,2026-02-10T05:08:45.583878+00:00
2022-10-19,61.224998474121094,62.2400016784668,61.099998474121094,61.79999923706055,59.62822723388672,2174000,CTVA,yfinance,2026-02-10T05:08:45.583878+00:00
2022-10-20,62.380001068115234,62.7400016784668,61.369998931884766,61.93000030517578,59.753662109375,2886400,CTVA,yfinance,2026-02-10T05:08:45.583878+00:00
2022-10-21,61.959999084472656,63.03499984741211,61.380001068115234,62.880001068115234,60.67028045654297,2566200,CTVA,yfinance,2026-02-10T05:08:45.583878+00:00
2022-10-24,63.04999923706055,63.77000045776367,62.689998626708984,63.36000061035156,61.133419036865234,3123400,CTVA,yfinance,2026-02-10T05:08:45.583878+00:00
2022-10-25,63.0099983215332,65.01000213623047,62.9900016784668,64.95999908447266,62.677188873291016,4597400,CTVA,yfinance,2026-02-10T05:08:45.583878+00:00
2022-10-26,65.49500274658203,66.2699966430664,64.69999694824219,65.87000274658203,63.555213928222656,5580600,CTVA,yfinance,2026-02-10T05:08:45.583878+00:00
2022-10-27,66.3499984741211,66.69000244140625,65.80999755859375,65.97000122070312,63.651695251464844,3822600,CTVA,yfinance,2026-02-10T05:08:45.583878+00:00
2022-10-28,66.08999633789062,66.5,65.25299835205078,66.0199966430664,63.69993209838867,2951200,CTVA,yfinance,2026-02-10T05:08:45.583878+00:00
2022-10-31,65.9800033569336,66.5,64.88999938964844,65.33999633789062,63.043827056884766,3672900,CTVA,yfinance,2026-02-10T05:08:45.583878+00:00
2022-11-01,66.02999877929688,67.19999694824219,65.80000305175781,67.11000061035156,64.75162506103516,3694100,CTVA,yfinance,2026-02-10T05:08:45.583878+00:00
2022-11-02,67.05999755859375,68.43000030517578,66.83999633789062,66.91000366210938,64.55864715576172,4385400,CTVA,yfinance,2026-02-10T05:08:45.583878+00:00
2022-11-03,65.76000213623047,67.63999938964844,65.7300033569336,66.9800033569336,64.6261978149414,5408700,CTVA,yfinance,2026-02-10T05:08:45.583878+00:00
2022-11-04,66.9800033569336,67.2699966430664,63.95000076293945,65.37000274658203,63.07278060913086,5722400,CTVA,yfinance,2026-02-10T05:08:45.583878+00:00
2022-11-07,65.33000183105469,67.0199966430664,65.26000213623047,66.04000091552734,63.7192268371582,3421800,CTVA,yfinance,2026-02-10T05:08:45.583878+00:00
2022-11-08,66.08999633789062,67.5199966430664,65.87999725341797,67.19000244140625,64.82881927490234,2901300,CTVA,yfinance,2026-02-10T05:08:45.583878+00:00
2022-11-09,67.06999969482422,67.87000274658203,66.73500061035156,67.05000305175781,64.69374084472656,3595000,CTVA,yfinance,2026-02-10T05:08:45.583878+00:00
2022-11-10,68.02999877929688,68.02999877929688,66.52999877929688,67.20999908447266,64.99351501464844,4523900,CTVA,yfinance,2026-02-10T05:08:45.583878+00:00
2022-11-11,67.86000061035156,68.0999984741211,64.29499816894531,64.7699966430664,62.63397979736328,5139300,CTVA,yfinance,2026-02-10T05:08:45.583878+00:00
2022-11-14,64.93000030517578,67.66999816894531,64.83000183105469,66.7300033569336,64.52935791015625,3240400,CTVA,yfinance,2026-02-10T05:08:45.583878+00:00
2022-11-15,66.72000122070312,67.05000305175781,64.81999969482422,66.72000122070312,64.51966857910156,3422100,CTVA,yfinance,2026-02-10T05:08:45.583878+00:00
2022-11-16,66.30000305175781,66.58999633789062,65.05999755859375,65.3499984741211,63.194854736328125,3064300,CTVA,yfinance,2026-02-10T05:08:45.583878+00:00
2022-11-17,64.55000305175781,65.63999938964844,63.7599983215332,65.43000030517578,63.272216796875,3637400,CTVA,yfinance,2026-02-10T05:08:45.583878+00:00
2022-11-18,65.63999938964844,65.94000244140625,64.77999877929688,65.19999694824219,63.0498046875,2999700,CTVA,yfinance,2026-02-10T05:08:45.583878+00:00
2022-11-21,65.0,65.72000122070312,64.05000305175781,65.1500015258789,63.0014533996582,3290300,CTVA,yfinance,2026-02-10T05:08:45.583878+00:00
2022-11-22,65.92500305175781,66.33000183105469,65.37999725341797,66.08999633789062,63.91044998168945,1896700,CTVA,yfinance,2026-02-10T05:08:45.583878+00:00
2022-11-23,65.98999786376953,66.30999755859375,65.31999969482422,65.80000305175781,63.6300163269043,1653700,CTVA,yfinance,2026-02-10T05:08:45.583878+00:00
2022-11-25,66.0,66.33000183105469,65.61000061035156,66.33000183105469,64.14253997802734,704300,CTVA,yfinance,2026-02-10T05:08:45.583878+00:00
2022-11-28,65.70999908447266,65.73999786376953,64.6500015258789,64.93000030517578,62.78871154785156,2570200,CTVA,yfinance,2026-02-10T05:08:45.583878+00:00
2022-11-29,65.01000213623047,65.87999725341797,64.97000122070312,65.56999969482422,63.4076042175293,1736500,CTVA,yfinance,2026-02-10T05:08:45.583878+00:00
2022-11-30,65.73999786376953,67.19000244140625,64.80400085449219,67.16000366210938,64.94517517089844,5060000,CTVA,yfinance,2026-02-10T05:08:45.583878+00:00
2022-12-01,67.3499984741211,67.41999816894531,65.83999633789062,66.25,64.06517028808594,1705900,CTVA,yfinance,2026-02-10T05:08:45.583878+00:00
2022-12-02,65.97000122070312,67.55000305175781,65.83000183105469,67.30999755859375,65.0902099609375,1865100,CTVA,yfinance,2026-02-10T05:08:45.583878+00:00
2022-12-05,66.95999908447266,67.11000061035156,64.02999877929688,64.36000061035156,62.237510681152344,2573200,CTVA,yfinance,2026-02-10T05:08:45.583878+00:00
2022-12-06,64.5,65.4000015258789,63.16999816894531,63.65999984741211,61.56059265136719,2674200,CTVA,yfinance,2026-02-10T05:08:45.583878+00:00
2022-12-07,63.66999816894531,64.33000183105469,63.20000076293945,63.7599983215332,61.65728759765625,2747600,CTVA,yfinance,2026-02-10T05:08:45.583878+00:00
2022-12-08,64.30000305175781,64.62000274658203,63.4900016784668,63.7400016784668,61.63795852661133,1892300,CTVA,yfinance,2026-02-10T05:08:45.583878+00:00
2022-12-09,63.529998779296875,64.0,62.630001068115234,62.9900016784668,60.912681579589844,2078700,CTVA,yfinance,2026-02-10T05:08:45.583878+00:00
2022-12-12,63.0,63.279998779296875,61.619998931884766,62.290000915527344,60.235774993896484,3637200,CTVA,yfinance,2026-02-10T05:08:45.583878+00:00
2022-12-13,63.220001220703125,63.625,62.369998931884766,62.63999938964844,60.5742301940918,2384600,CTVA,yfinance,2026-02-10T05:08:45.583878+00:00
2022-12-14,62.72999954223633,63.025001525878906,61.400001525878906,61.70000076293945,59.66523361206055,2956500,CTVA,yfinance,2026-02-10T05:08:45.583878+00:00
2022-12-15,60.9900016784668,61.36000061035156,59.91999816894531,60.22999954223633,58.24370574951172,3922600,CTVA,yfinance,2026-02-10T05:08:45.583878+00:00
2022-12-16,59.744998931884766,60.08000183105469,59.0,59.779998779296875,57.80854415893555,9735200,CTVA,yfinance,2026-02-10T05:08:45.583878+00:00
2022-12-19,60.029998779296875,60.290000915527344,58.01499938964844,58.29999923706055,56.37735366821289,3379000,CTVA,yfinance,2026-02-10T05:08:45.583878+00:00
2022-12-20,58.54999923706055,59.40999984741211,58.310001373291016,58.88999938964844,56.94789505004883,2645200,CTVA,yfinance,2026-02-10T05:08:45.583878+00:00
2022-12-21,59.09000015258789,59.900001525878906,58.41999816894531,59.38999938964844,57.43141174316406,2429000,CTVA,yfinance,2026-02-10T05:08:45.583878+00:00
2022-12-22,59.22999954223633,59.2400016784668,57.959999084472656,58.900001525878906,56.95756912231445,2305700,CTVA,yfinance,2026-02-10T05:08:45.583878+00:00
2022-12-23,58.90999984741211,59.6349983215332,58.81999969482422,59.380001068115234,57.42173767089844,1136400,CTVA,yfinance,2026-02-10T05:08:45.583878+00:00
2022-12-27,59.630001068115234,60.029998779296875,59.2599983215332,59.7599983215332,57.78920364379883,1683900,CTVA,yfinance,2026-02-10T05:08:45.583878+00:00
2022-12-28,59.7599983215332,59.93000030517578,58.47999954223633,58.630001068115234,56.69647216796875,1656800,CTVA,yfinance,2026-02-10T05:08:45.583878+00:00
2022-12-29,58.7400016784668,59.625,58.7400016784668,58.97999954223633,57.034934997558594,1548200,CTVA,yfinance,2026-02-10T05:08:45.583878+00:00
2022-12-30,58.7599983215332,59.16999816894531,58.33000183105469,58.779998779296875,56.841529846191406,1858200,CTVA,yfinance,2026-02-10T05:08:45.583878+00:00
2023-01-03,58.72999954223633,59.119998931884766,58.29999923706055,58.93000030517578,56.9865837097168,2351100,CTVA,yfinance,2026-02-10T05:08:45.583878+00:00
2023-01-04,59.25,59.79999923706055,58.720001220703125,59.689998626708984,57.72151184082031,3428600,CTVA,yfinance,2026-02-10T05:08:45.583878+00:00
2023-01-05,59.22999954223633,59.689998626708984,58.900001525878906,59.040000915527344,57.092952728271484,3314700,CTVA,yfinance,2026-02-10T05:08:45.583878+00:00
2023-01-06,59.77000045776367,61.13999938964844,59.59000015258789,61.0099983215332,58.99797821044922,2867000,CTVA,yfinance,2026-02-10T05:08:45.583878+00:00
2023-01-09,61.20000076293945,61.95500183105469,60.75,61.11000061035156,59.09468078613281,2243100,CTVA,yfinance,2026-02-10T05:08:45.583878+00:00
2023-01-10,61.41999816894531,61.790000915527344,60.4900016784668,61.75,59.71358108520508,1736300,CTVA,yfinance,2026-02-10T05:08:45.583878+00:00
2023-01-11,62.81999969482422,62.95000076293945,61.64500045776367,62.08000183105469,60.03269958496094,2807600,CTVA,yfinance,2026-02-10T05:08:45.583878+00:00
2023-01-12,62.099998474121094,62.85100173950195,61.709999084472656,62.58000183105469,60.51620864868164,2888500,CTVA,yfinance,2026-02-10T05:08:45.583878+00:00
2023-01-13,62.56999969482422,63.0099983215332,61.875,62.720001220703125,60.651588439941406,2066300,CTVA,yfinance,2026-02-10T05:08:45.583878+00:00
2023-01-17,62.775001525878906,63.54499816894531,62.650001525878906,62.70000076293945,60.63224411010742,3163500,CTVA,yfinance,2026-02-10T05:08:45.583878+00:00
2023-01-18,62.939998626708984,63.060001373291016,61.40999984741211,61.5099983215332,59.48149490356445,2621500,CTVA,yfinance,2026-02-10T05:08:45.583878+00:00
2023-01-19,61.619998931884766,62.36000061035156,61.150001525878906,62.220001220703125,60.1680793762207,3085700,CTVA,yfinance,2026-02-10T05:08:45.583878+00:00
2023-01-20,62.400001525878906,62.9900016784668,61.650001525878906,62.36000061035156,60.303462982177734,2570800,CTVA,yfinance,2026-02-10T05:08:45.583878+00:00
2023-01-23,62.31999969482422,62.470001220703125,61.564998626708984,61.900001525878906,59.85863494873047,2754300,CTVA,yfinance,2026-02-10T05:08:45.583878+00:00
2023-01-24,62.08000183105469,62.54999923706055,61.20000076293945,62.5099983215332,60.44851303100586,2169400,CTVA,yfinance,2026-02-10T05:08:45.583878+00:00
2023-01-25,61.88999938964844,63.150001525878906,61.41999816894531,63.130001068115234,61.04806900024414,2149800,CTVA,yfinance,2026-02-10T05:08:45.583878+00:00
2023-01-26,63.5,63.64500045776367,62.56999969482422,63.130001068115234,61.04806900024414,3726500,CTVA,yfinance,2026-02-10T05:08:45.583878+00:00
2023-01-27,62.79999923706055,64.08499908447266,62.68000030517578,63.83000183105469,61.72498321533203,3738500,CTVA,yfinance,2026-02-10T05:08:45.583878+00:00
2023-01-30,63.28499984741211,63.959999084472656,62.189998626708984,62.529998779296875,60.467857360839844,2869300,CTVA,yfinance,2026-02-10T05:08:45.583878+00:00
2023-01-31,62.61000061035156,64.47000122070312,62.47999954223633,64.44999694824219,62.32453536987305,3797200,CTVA,yfinance,2026-02-10T05:08:45.583878+00:00
2023-02-01,64.01000213623047,65.20999908447266,63.900001525878906,64.4800033569336,62.35354995727539,4132900,CTVA,yfinance,2026-02-10T05:08:45.583878+00:00
2023-02-02,62.34000015258789,62.97999954223633,61.060001373291016,62.0,59.95533752441406,9167000,CTVA,yfinance,2026-02-10T05:08:45.583878+00:00
2023-02-03,61.099998474121094,61.88999938964844,61.099998474121094,61.5,59.471832275390625,4689600,CTVA,yfinance,2026-02-10T05:08:45.583878+00:00
2023-02-06,61.244998931884766,61.400001525878906,60.2400016784668,60.70000076293945,58.69820022583008,4277400,CTVA,yfinance,2026-02-10T05:08:45.583878+00:00
2023-02-07,60.56999969482422,60.939998626708984,59.84000015258789,60.709999084472656,58.70787811279297,4114400,CTVA,yfinance,2026-02-10T05:08:45.583878+00:00
2023-02-08,60.48500061035156,62.029998779296875,60.439998626708984,61.880001068115234,59.839290618896484,4131400,CTVA,yfinance,2026-02-10T05:08:45.583878+00:00
2023-02-09,63.48500061035156,63.790000915527344,62.2599983215332,62.599998474121094,60.53554916381836,4260000,CTVA,yfinance,2026-02-10T05:08:45.583878+00:00
2023-02-10,62.86000061035156,64.9800033569336,62.86000061035156,64.47000122070312,62.3438835144043,4935500,CTVA,yfinance,2026-02-10T05:08:45.583878+00:00
2023-02-13,64.06999969482422,64.23100280761719,62.310001373291016,62.470001220703125,60.40983581542969,3864300,CTVA,yfinance,2026-02-10T05:08:45.583878+00:00
2023-02-14,62.040000915527344,62.790000915527344,61.619998931884766,62.18000030517578,60.129398345947266,2741500,CTVA,yfinance,2026-02-10T05:08:45.583878+00:00
2023-02-15,61.619998931884766,62.27000045776367,61.540000915527344,62.11000061035156,60.06170654296875,2574700,CTVA,yfinance,2026-02-10T05:08:45.583878+00:00
2023-02-16,61.72999954223633,63.099998474121094,61.66999816894531,62.75,60.68060302734375,2277100,CTVA,yfinance,2026-02-10T05:08:45.583878+00:00
2023-02-17,62.40999984741211,62.959999084472656,61.5099983215332,61.810001373291016,59.7716064453125,4037100,CTVA,yfinance,2026-02-10T05:08:45.583878+00:00
2023-02-21,61.880001068115234,62.18000030517578,60.01499938964844,60.060001373291016,58.07931137084961,3398200,CTVA,yfinance,2026-02-10T05:08:45.583878+00:00
2023-02-22,60.25,62.0,59.58000183105469,61.939998626708984,59.897315979003906,5076300,CTVA,yfinance,2026-02-10T05:08:45.583878+00:00
2023-02-23,62.13999938964844,62.573001861572266,61.04999923706055,62.0,59.95533752441406,4058500,CTVA,yfinance,2026-02-10T05:08:45.583878+00:00
2023-02-24,61.16999816894531,61.83000183105469,60.459999084472656,61.68000030517578,59.64588928222656,2909800,CTVA,yfinance,2026-02-10T05:08:45.583878+00:00
2023-02-27,61.560001373291016,62.439998626708984,61.2599983215332,62.11000061035156,60.06170654296875,3516400,CTVA,yfinance,2026-02-10T05:08:45.583878+00:00
2023-02-28,61.72999954223633,62.470001220703125,61.40999984741211,62.290000915527344,60.381595611572266,6824500,CTVA,yfinance,2026-02-10T05:08:45.583878+00:00
2023-03-01,62.13999938964844,63.0099983215332,62.09000015258789,62.150001525878906,60.24588394165039,2758600,CTVA,yfinance,2026-02-10T05:08:45.583878+00:00
2023-03-02,62.400001525878906,63.599998474121094,62.040000915527344,63.54999923706055,61.602989196777344,2537100,CTVA,yfinance,2026-02-10T05:08:45.583878+00:00
2023-03-03,63.18000030517578,63.75,62.90999984741211,63.70000076293945,61.748390197753906,2412700,CTVA,yfinance,2026-02-10T05:08:45.583878+00:00
2023-03-06,63.36000061035156,64.04000091552734,62.79999923706055,63.25,61.31218719482422,3932600,CTVA,yfinance,2026-02-10T05:08:45.583878+00:00
2023-03-07,62.79999923706055,63.0099983215332,61.83000183105469,62.970001220703125,61.04076385498047,4239300,CTVA,yfinance,2026-02-10T05:08:45.583878+00:00
2023-03-08,62.97999954223633,62.97999954223633,61.540000915527344,62.20000076293945,60.29435348510742,4877400,CTVA,yfinance,2026-02-10T05:08:45.583878+00:00
2023-03-09,62.34000015258789,62.40999984741211,59.90999984741211,59.91999816894531,58.08420944213867,2485400,CTVA,yfinance,2026-02-10T05:08:45.583878+00:00
2023-03-10,59.61000061035156,59.790000915527344,58.404998779296875,58.88999938964844,57.08576202392578,2632500,CTVA,yfinance,2026-02-10T05:08:45.583878+00:00
2023-03-13,58.040000915527344,59.33000183105469,57.57500076293945,58.619998931884766,56.824031829833984,2897900,CTVA,yfinance,2026-02-10T05:08:45.583878+00:00
2023-03-14,59.63999938964844,60.03300094604492,58.185001373291016,58.91999816894531,57.11484146118164,3774800,CTVA,yfinance,2026-02-10T05:08:45.583878+00:00
2023-03-15,57.709999084472656,57.79999923706055,56.13999938964844,56.849998474121094,55.1082649230957,4254000,CTVA,yfinance,2026-02-10T05:08:45.583878+00:00
2023-03-16,56.255001068115234,57.18000030517578,55.810001373291016,56.959999084472656,55.21488571166992,4861400,CTVA,yfinance,2026-02-10T05:08:45.583878+00:00
2023-03-17,56.40999984741211,57.130001068115234,56.11000061035156,56.61000061035156,54.875614166259766,12011000,CTVA,yfinance,2026-02-10T05:08:45.583878+00:00
2023-03-20,56.959999084472656,57.88999938964844,56.959999084472656,57.619998931884766,55.854679107666016,4243200,CTVA,yfinance,2026-02-10T05:08:45.583878+00:00
2023-03-21,58.380001068115234,58.95000076293945,58.11000061035156,58.5099983215332,56.717403411865234,2758500,CTVA,yfinance,2026-02-10T05:08:45.583878+00:00
2023-03-22,58.38999938964844,58.65999984741211,57.43000030517578,57.439998626708984,55.6801872253418,2320900,CTVA,yfinance,2026-02-10T05:08:45.583878+00:00
2023-03-23,57.5,58.029998779296875,56.52000045776367,56.810001373291016,55.069488525390625,2454200,CTVA,yfinance,2026-02-10T05:08:45.583878+00:00
2023-03-24,56.119998931884766,57.130001068115234,55.900001525878906,56.84000015258789,55.098567962646484,2559300,CTVA,yfinance,2026-02-10T05:08:45.583878+00:00
2023-03-27,57.38999938964844,58.3650016784668,57.130001068115234,57.70000076293945,55.932220458984375,3560800,CTVA,yfinance,2026-02-10T05:08:45.583878+00:00
2023-03-28,57.94499969482422,58.597999572753906,57.79999923706055,58.099998474121094,56.31996154785156,2224400,CTVA,yfinance,2026-02-10T05:08:45.583878+00:00
2023-03-29,58.75,60.0,58.599998474121094,59.939998626708984,58.10359573364258,4911900,CTVA,yfinance,2026-02-10T05:08:45.583878+00:00
2023-03-30,60.709999084472656,60.72999954223633,59.560001373291016,59.95000076293945,58.11328887939453,3152500,CTVA,yfinance,2026-02-10T05:08:45.583878+00:00
2023-03-31,60.11000061035156,60.43299865722656,59.84000015258789,60.310001373291016,58.46226501464844,2700100,CTVA,yfinance,2026-02-10T05:08:45.583878+00:00
2023-04-03,60.56999969482422,61.06999969482422,60.3650016784668,61.0,59.1311149597168,3420300,CTVA,yfinance,2026-02-10T05:08:45.583878+00:00
2023-04-04,60.56999969482422,60.650001525878906,59.915000915527344,60.400001525878906,58.54950714111328,3465200,CTVA,yfinance,2026-02-10T05:08:45.583878+00:00
2023-04-05,60.040000915527344,60.85499954223633,60.01499938964844,60.720001220703125,58.859703063964844,2956100,CTVA,yfinance,2026-02-10T05:08:45.583878+00:00
2023-04-06,60.470001220703125,60.47999954223633,59.09000015258789,59.79999923706055,57.96788787841797,3045900,CTVA,yfinance,2026-02-10T05:08:45.583878+00:00
2023-04-10,59.880001068115234,60.70000076293945,59.72999954223633,60.290000915527344,58.442867279052734,2040900,CTVA,yfinance,2026-02-10T05:08:45.583878+00:00
2023-04-11,60.34000015258789,61.119998931884766,60.08000183105469,60.93000030517578,59.06326675415039,2119900,CTVA,yfinance,2026-02-10T05:08:45.583878+00:00
2023-04-12,61.33000183105469,62.220001220703125,61.09000015258789,61.790000915527344,59.89691925048828,2904500,CTVA,yfinance,2026-02-10T05:08:45.583878+00:00
2023-04-13,62.02000045776367,62.86899948120117,61.689998626708984,62.720001220703125,60.798423767089844,2642600,CTVA,yfinance,2026-02-10T05:08:45.583878+00:00
2023-04-14,62.900001525878906,63.3650016784668,61.83000183105469,62.130001068115234,60.226497650146484,1697400,CTVA,yfinance,2026-02-10T05:08:45.583878+00:00
2023-04-17,62.45000076293945,62.84000015258789,62.084999084472656,62.77000045776367,60.84688949584961,1641800,CTVA,yfinance,2026-02-10T05:08:45.583878+00:00
2023-04-18,62.90999984741211,63.060001373291016,62.540000915527344,62.970001220703125,61.04076385498047,1624400,CTVA,yfinance,2026-02-10T05:08:45.583878+00:00
2023-04-19,62.79999923706055,62.970001220703125,62.09000015258789,62.25,60.34282302856445,1482500,CTVA,yfinance,2026-02-10T05:08:45.583878+00:00
2023-04-20,61.75,62.01499938964844,61.43000030517578,61.88999938964844,59.99385070800781,1691100,CTVA,yfinance,2026-02-10T05:08:45.583878+00:00
2023-04-21,62.099998474121094,62.099998474121094,61.13999938964844,61.47999954223633,59.596405029296875,1626400,CTVA,yfinance,2026-02-10T05:08:45.583878+00:00
2023-04-24,61.7599983215332,61.83000183105469,61.334999084472656,61.5099983215332,59.625492095947266,1393700,CTVA,yfinance,2026-02-10T05:08:45.583878+00:00
2023-04-25,61.084999084472656,61.209999084472656,60.380001068115234,60.529998779296875,58.675514221191406,1718400,CTVA,yfinance,2026-02-10T05:08:45.583878+00:00
2023-04-26,60.119998931884766,60.33000183105469,59.209999084472656,59.63999938964844,57.812782287597656,1762700,CTVA,yfinance,2026-02-10T05:08:45.583878+00:00
2023-04-27,59.63999938964844,60.73500061035156,59.63999938964844,60.66999816894531,58.81122970581055,1791000,CTVA,yfinance,2026-02-10T05:08:45.583878+00:00
2023-04-28,60.61000061035156,61.34000015258789,60.53499984741211,61.119998931884766,59.2474365234375,2980000,CTVA,yfinance,2026-02-10T05:08:45.583878+00:00
2023-05-01,61.189998626708984,61.869998931884766,60.9900016784668,61.459999084472656,59.577022552490234,1846400,CTVA,yfinance,2026-02-10T05:08:45.583878+00:00
2023-05-02,60.8849983215332,61.0,58.65999984741211,60.63999938964844,58.782142639160156,2617800,CTVA,yfinance,2026-02-10T05:08:45.583878+00:00
2023-05-03,60.880001068115234,61.06999969482422,59.94499969482422,60.0,58.1617546081543,2372200,CTVA,yfinance,2026-02-10T05:08:45.583878+00:00
2023-05-04,60.349998474121094,60.56999969482422,56.84000015258789,56.880001068115234,55.13733673095703,4165200,CTVA,yfinance,2026-02-10T05:08:45.583878+00:00
2023-05-05,57.630001068115234,58.8849983215332,57.54999923706055,58.25,56.465362548828125,3142900,CTVA,yfinance,2026-02-10T05:08:45.583878+00:00
2023-05-08,58.93000030517578,59.040000915527344,57.529998779296875,57.59000015258789,55.82558822631836,2399400,CTVA,yfinance,2026-02-10T05:08:45.583878+00:00
2023-05-09,57.119998931884766,57.34000015258789,56.64500045776367,57.099998474121094,55.35060119628906,2771700,CTVA,yfinance,2026-02-10T05:08:45.583878+00:00
2023-05-10,57.68000030517578,57.86000061035156,56.400001525878906,57.56999969482422,55.80620193481445,2707400,CTVA,yfinance,2026-02-10T05:08:45.583878+00:00
2023-05-11,56.810001373291016,57.150001525878906,56.435001373291016,56.83000183105469,55.088871002197266,2211100,CTVA,yfinance,2026-02-10T05:08:45.583878+00:00
2023-05-12,57.08000183105469,57.380001068115234,56.39500045776367,57.02000045776367,55.2730598449707,1937800,CTVA,yfinance,2026-02-10T05:08:45.583878+00:00
2023-05-15,57.224998474121094,57.974998474121094,56.95000076293945,57.900001525878906,56.126094818115234,2049300,CTVA,yfinance,2026-02-10T05:08:45.583878+00:00
2023-05-16,57.54999923706055,57.72999954223633,56.880001068115234,56.970001220703125,55.224586486816406,2066900,CTVA,yfinance,2026-02-10T05:08:45.583878+00:00
2023-05-17,57.09000015258789,57.11000061035156,55.849998474121094,55.959999084472656,54.24552917480469,2952100,CTVA,yfinance,2026-02-10T05:08:45.583878+00:00
2023-05-18,55.63999938964844,56.27000045776367,54.869998931884766,56.189998626708984,54.46847915649414,2714300,CTVA,yfinance,2026-02-10T05:08:45.583878+00:00
2023-05-19,56.529998779296875,57.32699966430664,56.36000061035156,56.970001220703125,55.224586486816406,2284100,CTVA,yfinance,2026-02-10T05:08:45.583878+00:00
2023-05-22,57.36000061035156,57.369998931884766,56.54999923706055,56.86000061035156,55.117958068847656,2179400,CTVA,yfinance,2026-02-10T05:08:45.583878+00:00
2023-05-23,56.58000183105469,56.849998474121094,55.83000183105469,56.029998779296875,54.313385009765625,2627400,CTVA,yfinance,2026-02-10T05:08:45.583878+00:00
2023-05-24,56.099998474121094,56.16999816894531,55.05500030517578,55.25,53.557281494140625,1870900,CTVA,yfinance,2026-02-10T05:08:45.583878+00:00
2023-05-25,54.939998626708984,55.34000015258789,54.619998931884766,54.849998474121094,53.16953659057617,2255200,CTVA,yfinance,2026-02-10T05:08:45.583878+00:00
2023-05-26,55.18000030517578,55.779998779296875,54.970001220703125,55.16999816894531,53.479732513427734,2953600,CTVA,yfinance,2026-02-10T05:08:45.583878+00:00
2023-05-30,55.119998931884766,55.119998931884766,54.18199920654297,54.970001220703125,53.28586196899414,3789800,CTVA,yfinance,2026-02-10T05:08:45.583878+00:00
2023-05-31,54.529998779296875,54.75,52.970001220703125,53.4900016784668,51.993080139160156,6882800,CTVA,yfinance,2026-02-10T05:08:45.583878+00:00
2023-06-01,53.44499969482422,53.86000061035156,52.7599983215332,53.86000061035156,52.35273361206055,3872400,CTVA,yfinance,2026-02-10T05:08:45.583878+00:00
2023-06-02,55.27000045776367,56.119998931884766,54.849998474121094,55.91999816894531,54.355079650878906,3365800,CTVA,yfinance,2026-02-10T05:08:45.583878+00:00
2023-06-05,55.90999984741211,56.93000030517578,55.86000061035156,56.20000076293945,54.62724685668945,3424200,CTVA,yfinance,2026-02-10T05:08:45.583878+00:00
2023-06-06,55.849998474121094,57.84000015258789,55.7599983215332,57.619998931884766,56.00750732421875,3438000,CTVA,yfinance,2026-02-10T05:08:45.583878+00:00
2023-06-07,57.810001373291016,58.560001373291016,57.65999984741211,58.09000015258789,56.46434783935547,5948900,CTVA,yfinance,2026-02-10T05:08:45.583878+00:00
2023-06-08,58.18000030517578,58.18000030517578,57.310001373291016,57.83000183105469,56.211631774902344,2850300,CTVA,yfinance,2026-02-10T05:08:45.583878+00:00
2023-06-09,57.290000915527344,57.40999984741211,55.88999938964844,56.439998626708984,54.86052322387695,4734000,CTVA,yfinance,2026-02-10T05:08:45.583878+00:00
2023-06-12,56.45000076293945,57.290000915527344,56.08000183105469,57.0,55.40485382080078,3261100,CTVA,yfinance,2026-02-10T05:08:45.583878+00:00
2023-06-13,57.15999984741211,58.02000045776367,57.15999984741211,57.70000076293945,56.085262298583984,2184300,CTVA,yfinance,2026-02-10T05:08:45.583878+00:00
2023-06-14,57.95500183105469,58.06700134277344,56.85499954223633,57.029998779296875,55.434017181396484,2447100,CTVA,yfinance,2026-02-10T05:08:45.583878+00:00
2023-06-15,57.13999938964844,57.9900016784668,57.13999938964844,57.68000030517578,56.065826416015625,3801400,CTVA,yfinance,2026-02-10T05:08:45.583878+00:00
2023-06-16,57.66999816894531,57.869998931884766,56.775001525878906,57.22999954223633,55.628421783447266,10092000,CTVA,yfinance,2026-02-10T05:08:45.583878+00:00
2023-06-20,56.810001373291016,56.970001220703125,56.22999954223633,56.540000915527344,54.95772933959961,3439500,CTVA,yfinance,2026-02-10T05:08:45.583878+00:00
2023-06-21,56.2400016784668,58.810001373291016,56.09600067138672,58.56999969482422,56.93091583251953,4451100,CTVA,yfinance,2026-02-10T05:08:45.583878+00:00
2023-06-22,58.380001068115234,58.45500183105469,57.709999084472656,57.88999938964844,56.26994323730469,2015100,CTVA,yfinance,2026-02-10T05:08:45.583878+00:00
2023-06-23,57.4900016784668,57.880001068115234,56.959999084472656,57.22999954223633,55.628421783447266,4214000,CTVA,yfinance,2026-02-10T05:08:45.583878+00:00
2023-06-26,57.45000076293945,58.25,57.38999938964844,58.0099983215332,56.38658905029297,1862400,CTVA,yfinance,2026-02-10T05:08:45.583878+00:00
2023-06-27,57.84000015258789,58.0,56.40999984741211,57.33000183105469,55.72562026977539,3870100,CTVA,yfinance,2026-02-10T05:08:45.583878+00:00
2023-06-28,57.630001068115234,57.63999938964844,56.334999084472656,56.939998626708984,55.346534729003906,2973800,CTVA,yfinance,2026-02-10T05:08:45.583878+00:00
2023-06-29,56.77000045776367,57.72999954223633,56.650001525878906,57.70000076293945,56.085262298583984,1927400,CTVA,yfinance,2026-02-10T05:08:45.583878+00:00
2023-06-30,57.849998474121094,57.849998474121094,56.61000061035156,57.29999923706055,55.69646072387695,5280200,CTVA,yfinance,2026-02-10T05:08:45.583878+00:00
2023-07-03,57.689998626708984,58.310001373291016,57.564998626708984,58.0,56.376869201660156,2013500,CTVA,yfinance,2026-02-10T05:08:45.583878+00:00
2023-07-05,57.06999969482422,57.34700012207031,56.29999923706055,56.54999923706055,54.967445373535156,4413100,CTVA,yfinance,2026-02-10T05:08:45.583878+00:00
2023-07-06,56.150001525878906,56.77000045776367,55.95000076293945,56.619998931884766,55.035484313964844,3614600,CTVA,yfinance,2026-02-10T05:08:45.583878+00:00
2023-07-07,56.41999816894531,57.54899978637695,56.41999816894531,57.29999923706055,55.69646072387695,3735800,CTVA,yfinance,2026-02-10T05:08:45.583878+00:00
2023-07-10,55.970001220703125,56.150001525878906,53.119998931884766,54.09000015258789,52.5762939453125,8954000,CTVA,yfinance,2026-02-10T05:08:45.583878+00:00
2023-07-11,53.93000030517578,54.540000915527344,53.5,54.52000045776367,52.99425506591797,4271700,CTVA,yfinance,2026-02-10T05:08:45.583878+00:00
2023-07-12,54.900001525878906,54.95600128173828,53.880001068115234,54.029998779296875,52.517967224121094,5022200,CTVA,yfinance,2026-02-10T05:08:45.583878+00:00
2023-07-13,53.939998626708984,54.66999816894531,53.75899887084961,54.61000061035156,53.08173751831055,3528300,CTVA,yfinance,2026-02-10T05:08:45.583878+00:00
2023-07-14,54.849998474121094,54.849998474121094,53.810001373291016,54.25,52.731815338134766,3180000,CTVA,yfinance,2026-02-10T05:08:45.583878+00:00
2023-07-17,54.25,54.90999984741211,54.15999984741211,54.59000015258789,53.06229782104492,2633200,CTVA,yfinance,2026-02-10T05:08:45.583878+00:00
2023-07-18,55.16999816894531,55.61000061035156,54.91999816894531,55.099998474121094,53.558021545410156,5000600,CTVA,yfinance,2026-02-10T05:08:45.583878+00:00
2023-07-19,55.5,56.470001220703125,55.5,56.189998626708984,54.61751937866211,4543600,CTVA,yfinance,2026-02-10T05:08:45.583878+00:00
2023-07-20,56.709999084472656,56.96500015258789,56.18000030517578,56.619998931884766,55.035484313964844,2328400,CTVA,yfinance,2026-02-10T05:08:45.583878+00:00
2023-07-21,56.7599983215332,56.849998474121094,56.21500015258789,56.349998474121094,54.773040771484375,1891900,CTVA,yfinance,2026-02-10T05:08:45.583878+00:00
2023-07-24,56.560001373291016,56.91999816894531,56.06999969482422,56.70000076293945,55.113250732421875,2508900,CTVA,yfinance,2026-02-10T05:08:45.583878+00:00
2023-07-25,56.63999938964844,56.63999938964844,55.81999969482422,56.22999954223633,54.65639877319336,3082200,CTVA,yfinance,2026-02-10T05:08:45.583878+00:00
2023-07-26,55.90999984741211,56.27000045776367,55.459999084472656,55.790000915527344,54.22871780395508,3173200,CTVA,yfinance,2026-02-10T05:08:45.583878+00:00
2023-07-27,55.91999816894531,56.310001373291016,55.45000076293945,55.59000015258789,54.0343132019043,2904400,CTVA,yfinance,2026-02-10T05:08:45.583878+00:00
2023-07-28,56.10499954223633,56.25,55.810001373291016,56.13999938964844,54.56892395019531,2697200,CTVA,yfinance,2026-02-10T05:08:45.583878+00:00
2023-07-31,56.369998931884766,56.47999954223633,56.02000045776367,56.43000030517578,54.85081100463867,2184800,CTVA,yfinance,2026-02-10T05:08:45.583878+00:00
2023-08-01,56.150001525878906,56.380001068115234,55.720001220703125,55.939998626708984,54.37451934814453,3106000,CTVA,yfinance,2026-02-10T05:08:45.583878+00:00
2023-08-02,55.400001525878906,56.41999816894531,55.209999084472656,55.900001525878906,54.33563995361328,3378600,CTVA,yfinance,2026-02-10T05:08:45.583878+00:00
2023-08-03,55.56999969482422,56.244998931884766,55.11000061035156,55.689998626708984,54.13151550292969,4796700,CTVA,yfinance,2026-02-10T05:08:45.583878+00:00
2023-08-04,55.08000183105469,57.4900016784668,54.75,56.02000045776367,54.4522819519043,7329700,CTVA,yfinance,2026-02-10T05:08:45.583878+00:00
2023-08-07,55.970001220703125,56.02000045776367,54.38999938964844,54.56999969482422,53.0428581237793,3939500,CTVA,yfinance,2026-02-10T05:08:45.583878+00:00
2023-08-08,54.09000015258789,54.845001220703125,53.900001525878906,54.18000030517578,52.66377258300781,2916100,CTVA,yfinance,2026-02-10T05:08:45.583878+00:00
2023-08-09,54.029998779296875,54.290000915527344,53.25,53.369998931884766,51.876434326171875,3674600,CTVA,yfinance,2026-02-10T05:08:45.583878+00:00
2023-08-10,53.619998931884766,53.71500015258789,52.09000015258789,52.209999084472656,50.748897552490234,5140500,CTVA,yfinance,2026-02-10T05:08:45.583878+00:00
2023-08-11,52.220001220703125,52.66999816894531,51.970001220703125,52.40999984741211,50.94331359863281,2990400,CTVA,yfinance,2026-02-10T05:08:45.583878+00:00
2023-08-14,52.0,52.060001373291016,51.5099983215332,52.0,50.544776916503906,2305400,CTVA,yfinance,2026-02-10T05:08:45.583878+00:00
2023-08-15,51.380001068115234,51.400001525878906,50.13999938964844,50.650001525878906,49.2325553894043,5545700,CTVA,yfinance,2026-02-10T05:08:45.583878+00:00
2023-08-16,50.599998474121094,50.91999816894531,50.005001068115234,50.0099983215332,48.61046600341797,4172100,CTVA,yfinance,2026-02-10T05:08:45.583878+00:00
2023-08-17,50.0,51.0,49.95000076293945,50.43000030517578,49.018714904785156,3909300,CTVA,yfinance,2026-02-10T05:08:45.583878+00:00
2023-08-18,50.040000915527344,51.0,50.040000915527344,50.7599983215332,49.33948516845703,4778200,CTVA,yfinance,2026-02-10T05:08:45.583878+00:00
2023-08-21,50.77000045776367,50.87300109863281,50.154998779296875,50.209999084472656,48.80486297607422,2486300,CTVA,yfinance,2026-02-10T05:08:45.583878+00:00
2023-08-22,50.040000915527344,50.20000076293945,49.18000030517578,49.380001068115234,47.99810028076172,3498300,CTVA,yfinance,2026-02-10T05:08:45.583878+00:00
2023-08-23,49.29999923706055,49.33000183105469,48.68000030517578,49.08000183105469,47.70649719238281,5037600,CTVA,yfinance,2026-02-10T05:08:45.583878+00:00
2023-08-24,48.84000015258789,49.724998474121094,48.72999954223633,49.650001525878906,48.26054763793945,3935200,CTVA,yfinance,2026-02-10T05:08:45.583878+00:00
2023-08-25,49.93000030517578,50.439998626708984,49.630001068115234,49.939998626708984,48.54243087768555,5374200,CTVA,yfinance,2026-02-10T05:08:45.583878+00:00
2023-08-28,50.130001068115234,51.119998931884766,50.130001068115234,50.93000030517578,49.50472640991211,3791900,CTVA,yfinance,2026-02-10T05:08:45.583878+00:00
2023-08-29,51.150001525878906,51.380001068115234,50.790000915527344,51.310001373291016,49.87409210205078,3143500,CTVA,yfinance,2026-02-10T05:08:45.583878+00:00
2023-08-30,51.27000045776367,51.56999969482422,51.04499816894531,51.2599983215332,49.82548522949219,3462800,CTVA,yfinance,2026-02-10T05:08:45.583878+00:00
2023-08-31,51.2599983215332,51.279998779296875,50.45000076293945,50.5099983215332,49.25020217895508,3958200,CTVA,yfinance,2026-02-10T05:08:45.583878+00:00
2023-09-01,51.0,51.400001525878906,50.849998474121094,51.11000061035156,49.83523941040039,3573200,CTVA,yfinance,2026-02-10T05:08:45.583878+00:00
2023-09-05,51.529998779296875,51.900001525878906,50.95000076293945,50.959999084472656,49.6889762878418,6091000,CTVA,yfinance,2026-02-10T05:08:45.583878+00:00
2023-09-06,50.849998474121094,51.0099983215332,50.15999984741211,50.5,49.240447998046875,4988300,CTVA,yfinance,2026-02-10T05:08:45.583878+00:00
2023-09-07,50.13999938964844,50.63999938964844,48.84000015258789,49.560001373291016,48.32389450073242,9868200,CTVA,yfinance,2026-02-10T05:08:45.583878+00:00
2023-09-08,49.68000030517578,49.91999816894531,49.2599983215332,49.58000183105469,48.34339904785156,2997600,CTVA,yfinance,2026-02-10T05:08:45.583878+00:00
2023-09-11,49.720001220703125,50.25,49.56999969482422,49.810001373291016,48.56766128540039,3350800,CTVA,yfinance,2026-02-10T05:08:45.583878+00:00
2023-09-12,50.040000915527344,51.709999084472656,49.5,51.630001068115234,50.34226989746094,6620700,CTVA,yfinance,2026-02-10T05:08:45.583878+00:00
2023-09-13,51.86000061035156,53.400001525878906,51.86000061035156,51.9900016784668,50.69328689575195,6209400,CTVA,yfinance,2026-02-10T05:08:45.583878+00:00
2023-09-14,52.59000015258789,52.92499923706055,52.16999816894531,52.61000061035156,51.297828674316406,4979700,CTVA,yfinance,2026-02-10T05:08:45.583878+00:00
2023-09-15,52.5099983215332,53.25,52.41999816894531,52.54999923706055,51.239322662353516,11700500,CTVA,yfinance,2026-02-10T05:08:45.583878+00:00
2023-09-18,52.439998626708984,52.709999084472656,51.68000030517578,51.869998931884766,50.57627868652344,4218300,CTVA,yfinance,2026-02-10T05:08:45.583878+00:00
2023-09-19,52.33000183105469,52.630001068115234,52.04999923706055,52.540000915527344,51.22957229614258,5439500,CTVA,yfinance,2026-02-10T05:08:45.583878+00:00
2023-09-20,52.9900016784668,52.9900016784668,51.689998626708984,51.77000045776367,50.47877502441406,4121300,CTVA,yfinance,2026-02-10T05:08:45.583878+00:00
2023-09-21,51.25,51.779998779296875,51.0,51.529998779296875,50.2447624206543,3519100,CTVA,yfinance,2026-02-10T05:08:45.583878+00:00
2023-09-22,51.59000015258789,51.790000915527344,51.23500061035156,51.41999816894531,50.137508392333984,3208600,CTVA,yfinance,2026-02-10T05:08:45.583878+00:00
2023-09-25,51.029998779296875,51.369998931884766,50.689998626708984,51.27000045776367,49.991249084472656,4334400,CTVA,yfinance,2026-02-10T05:08:45.583878+00:00
2023-09-26,51.029998779296875,51.41999816894531,50.540000915527344,50.790000915527344,49.52322006225586,3817800,CTVA,yfinance,2026-02-10T05:08:45.583878+00:00
2023-09-27,51.029998779296875,51.33000183105469,50.400001525878906,50.75,49.48421859741211,2591000,CTVA,yfinance,2026-02-10T05:08:45.583878+00:00
2023-09-28,50.810001373291016,51.22999954223633,50.45000076293945,50.90999984741211,49.64022445678711,3086000,CTVA,yfinance,2026-02-10T05:08:45.583878+00:00
2023-09-29,51.29999923706055,51.54999923706055,50.91999816894531,51.15999984741211,49.88399124145508,3507600,CTVA,yfinance,2026-02-10T05:08:45.583878+00:00
2023-10-02,50.939998626708984,50.939998626708984,49.72999954223633,50.04999923706055,48.80167770385742,3666300,CTVA,yfinance,2026-02-10T05:08:45.583878+00:00
2023-10-03,49.54999923706055,50.630001068115234,49.40999984741211,50.34000015258789,49.08444595336914,3856900,CTVA,yfinance,2026-02-10T05:08:45.583878+00:00
2023-10-04,50.5099983215332,51.02000045776367,50.14500045776367,50.45000076293945,49.19169998168945,2759500,CTVA,yfinance,2026-02-10T05:08:45.583878+00:00
2023-10-05,50.130001068115234,50.529998779296875,49.43000030517578,49.83000183105469,48.5871696472168,2497300,CTVA,yfinance,2026-02-10T05:08:45.583878+00:00
2023-10-06,49.66999816894531,50.4900016784668,49.439998626708984,50.04999923706055,48.80167770385742,2920400,CTVA,yfinance,2026-02-10T05:08:45.583878+00:00
2023-10-09,49.88999938964844,50.60499954223633,49.439998626708984,50.59000015258789,49.32820129394531,3119800,CTVA,yfinance,2026-02-10T05:08:45.583878+00:00
2023-10-10,50.72999954223633,51.189998626708984,50.45500183105469,50.52000045776367,49.25994873046875,2248400,CTVA,yfinance,2026-02-10T05:08:45.583878+00:00
2023-10-11,50.470001220703125,50.529998779296875,48.59000015258789,49.880001068115234,48.63591766357422,4008900,CTVA,yfinance,2026-02-10T05:08:45.583878+00:00
2023-10-12,50.189998626708984,50.189998626708984,49.130001068115234,49.439998626708984,48.206886291503906,1897000,CTVA,yfinance,2026-02-10T05:08:45.583878+00:00
2023-10-13,49.459999084472656,49.84000015258789,49.04999923706055,49.54999923706055,48.31414794921875,2248000,CTVA,yfinance,2026-02-10T05:08:45.583878+00:00
2023-10-16,49.869998931884766,50.03499984741211,49.369998931884766,49.810001373291016,48.56766128540039,2174900,CTVA,yfinance,2026-02-10T05:08:45.583878+00:00
2023-10-17,49.68000030517578,51.58000183105469,49.650001525878906,51.560001373291016,50.274017333984375,3335200,CTVA,yfinance,2026-02-10T05:08:45.583878+00:00
2023-10-18,51.41999816894531,51.93000030517578,51.11000061035156,51.22999954223633,49.952239990234375,3455700,CTVA,yfinance,2026-02-10T05:08:45.583878+00:00
2023-10-19,51.334999084472656,51.91999816894531,50.849998474121094,50.959999084472656,49.6889762878418,2617000,CTVA,yfinance,2026-02-10T05:08:45.583878+00:00
2023-10-20,51.47999954223633,51.630001068115234,50.25,50.2599983215332,49.006431579589844,2363800,CTVA,yfinance,2026-02-10T05:08:45.583878+00:00
2023-10-23,47.380001068115234,49.290000915527344,47.380001068115234,48.77000045776367,47.55360412597656,5078100,CTVA,yfinance,2026-02-10T05:08:45.583878+00:00
2023-10-24,48.45000076293945,48.78499984741211,48.09000015258789,48.40999984741211,47.202579498291016,3765900,CTVA,yfinance,2026-02-10T05:08:45.583878+00:00
2023-10-25,48.529998779296875,49.15999984741211,48.40999984741211,48.630001068115234,47.41709899902344,2394400,CTVA,yfinance,2026-02-10T05:08:45.583878+00:00
2023-10-26,49.02000045776367,49.31999969482422,48.61000061035156,48.709999084472656,47.49509811401367,2856600,CTVA,yfinance,2026-02-10T05:08:45.583878+00:00
2023-10-27,47.5,48.20000076293945,47.209999084472656,47.81999969482422,46.627296447753906,5864100,CTVA,yfinance,2026-02-10T05:08:45.583878+00:00
2023-10-30,48.16999816894531,48.349998474121094,47.525001525878906,48.220001220703125,47.0173225402832,3637600,CTVA,yfinance,2026-02-10T05:08:45.583878+00:00
2023-10-31,48.029998779296875,48.34000015258789,47.33000183105469,48.13999938964844,46.93931198120117,3755200,CTVA,yfinance,2026-02-10T05:08:45.583878+00:00
2023-11-01,48.13999938964844,48.29999923706055,47.43000030517578,47.7400016784668,46.549293518066406,4446800,CTVA,yfinance,2026-02-10T05:08:45.583878+00:00
2023-11-02,47.91999816894531,49.59000015258789,47.91999816894531,49.560001373291016,48.32389450073242,2771400,CTVA,yfinance,2026-02-10T05:08:45.583878+00:00
2023-11-03,49.79999923706055,50.650001525878906,49.689998626708984,50.22999954223633,48.9771842956543,2843100,CTVA,yfinance,2026-02-10T05:08:45.583878+00:00
2023-11-06,50.16999816894531,50.25,49.72999954223633,49.970001220703125,48.723670959472656,2640900,CTVA,yfinance,2026-02-10T05:08:45.583878+00:00
2023-11-07,49.529998779296875,49.849998474121094,49.130001068115234,49.279998779296875,48.05087661743164,3070700,CTVA,yfinance,2026-02-10T05:08:45.583878+00:00
2023-11-08,49.31999969482422,49.582000732421875,48.58000183105469,48.619998931884766,47.40734100341797,2811700,CTVA,yfinance,2026-02-10T05:08:45.583878+00:00
2023-11-09,49.66999816894531,49.66999816894531,44.29499816894531,44.5099983215332,43.39984893798828,7045300,CTVA,yfinance,2026-02-10T05:08:45.583878+00:00
2023-11-10,44.369998931884766,44.65999984741211,43.349998474121094,43.54999923706055,42.46379852294922,5287900,CTVA,yfinance,2026-02-10T05:08:45.583878+00:00
2023-11-13,43.43000030517578,45.349998474121094,43.220001220703125,45.290000915527344,44.160400390625,7620400,CTVA,yfinance,2026-02-10T05:08:45.583878+00:00
2023-11-14,45.4900016784668,46.9900016784668,45.4900016784668,46.279998779296875,45.125701904296875,4344200,CTVA,yfinance,2026-02-10T05:08:45.583878+00:00
2023-11-15,46.380001068115234,47.25,46.380001068115234,46.72999954223633,45.564476013183594,2854000,CTVA,yfinance,2026-02-10T05:08:45.583878+00:00
2023-11-16,47.29999923706055,47.95000076293945,46.334999084472656,46.970001220703125,45.798500061035156,3101000,CTVA,yfinance,2026-02-10T05:08:45.583878+00:00
2023-11-17,47.20000076293945,47.59000015258789,46.80500030517578,47.31999969482422,46.13976287841797,3495300,CTVA,yfinance,2026-02-10T05:08:45.583878+00:00
2023-11-20,47.310001373291016,47.310001373291016,46.630001068115234,46.86000061035156,45.69123840332031,3238800,CTVA,yfinance,2026-02-10T05:08:45.583878+00:00
2023-11-21,46.84000015258789,47.04999923706055,46.2400016784668,46.27000045776367,45.1159553527832,2709300,CTVA,yfinance,2026-02-10T05:08:45.583878+00:00
2023-11-22,46.290000915527344,46.459999084472656,45.4900016784668,46.36000061035156,45.20370864868164,1984300,CTVA,yfinance,2026-02-10T05:08:45.583878+00:00
2023-11-24,46.20000076293945,47.29999923706055,46.09000015258789,46.66999816894531,45.50597381591797,1411400,CTVA,yfinance,2026-02-10T05:08:45.583878+00:00
2023-11-27,45.91999816894531,46.26499938964844,45.59000015258789,45.72999954223633,44.589420318603516,3223100,CTVA,yfinance,2026-02-10T05:08:45.583878+00:00
2023-11-28,45.650001525878906,46.279998779296875,45.29999923706055,45.5,44.36515426635742,4426900,CTVA,yfinance,2026-02-10T05:08:45.583878+00:00
2023-11-29,45.75,46.040000915527344,45.279998779296875,45.5,44.36515426635742,3426500,CTVA,yfinance,2026-02-10T05:08:45.583878+00:00
2023-11-30,45.459999084472656,45.54999923706055,45.02000045776367,45.20000076293945,44.22816848754883,7518600,CTVA,yfinance,2026-02-10T05:08:45.583878+00:00
2023-12-01,45.36000061035156,46.42499923706055,45.08000183105469,46.20000076293945,45.2066764831543,5788300,CTVA,yfinance,2026-02-10T05:08:45.583878+00:00
2023-12-04,45.900001525878906,46.21500015258789,45.16999816894531,45.220001220703125,44.247737884521484,5222800,CTVA,yfinance,2026-02-10T05:08:45.583878+00:00
2023-12-05,44.939998626708984,45.178001403808594,43.88999938964844,43.88999938964844,42.94633865356445,4894000,CTVA,yfinance,2026-02-10T05:08:45.583878+00:00
2023-12-06,44.09000015258789,44.599998474121094,43.97999954223633,44.150001525878906,43.20074462890625,3746300,CTVA,yfinance,2026-02-10T05:08:45.583878+00:00
2023-12-07,44.25,44.70000076293945,44.099998474121094,44.5,43.54322052001953,4821500,CTVA,yfinance,2026-02-10T05:08:45.583878+00:00
2023-12-08,44.619998931884766,45.31999969482422,44.5,45.150001525878906,44.17924880981445,5691400,CTVA,yfinance,2026-02-10T05:08:45.583878+00:00
2023-12-11,45.56999969482422,45.900001525878906,45.2599983215332,45.79999923706055,44.81526565551758,5526700,CTVA,yfinance,2026-02-10T05:08:45.583878+00:00
2023-12-12,45.65999984741211,45.65999984741211,44.720001220703125,44.810001373291016,43.846561431884766,4052500,CTVA,yfinance,2026-02-10T05:08:45.583878+00:00
2023-12-13,45.13999938964844,45.72999954223633,44.709999084472656,45.540000915527344,44.56085968017578,8684900,CTVA,yfinance,2026-02-10T05:08:45.583878+00:00
2023-12-14,45.915000915527344,47.52000045776367,45.915000915527344,46.540000915527344,45.539363861083984,7659600,CTVA,yfinance,2026-02-10T05:08:45.583878+00:00
2023-12-15,46.380001068115234,46.709999084472656,46.060001373291016,46.54999923706055,45.54914474487305,14029300,CTVA,yfinance,2026-02-10T05:08:45.583878+00:00
2023-12-18,46.880001068115234,47.400001525878906,46.400001525878906,47.18000030517578,46.16559982299805,7038500,CTVA,yfinance,2026-02-10T05:08:45.583878+00:00
2023-12-19,47.529998779296875,48.17499923706055,47.439998626708984,47.86000061035156,46.83098220825195,6079700,CTVA,yfinance,2026-02-10T05:08:45.583878+00:00
2023-12-20,47.779998779296875,47.875,46.459999084472656,46.59000015258789,45.58828353881836,4518500,CTVA,yfinance,2026-02-10T05:08:45.583878+00:00
2023-12-21,46.90999984741211,47.36000061035156,46.790000915527344,47.290000915527344,46.273231506347656,3070000,CTVA,yfinance,2026-02-10T05:08:45.583878+00:00
2023-12-22,47.45500183105469,47.70000076293945,47.189998626708984,47.459999084472656,46.439571380615234,2657600,CTVA,yfinance,2026-02-10T05:08:45.583878+00:00
2023-12-26,47.5,48.119998931884766,47.29999923706055,48.0,46.96796798706055,2636000,CTVA,yfinance,2026-02-10T05:08:45.583878+00:00
2023-12-27,47.880001068115234,48.33000183105469,47.606998443603516,47.97999954223633,46.948394775390625,1856500,CTVA,yfinance,2026-02-10T05:08:45.583878+00:00
2023-12-28,48.0,48.220001220703125,47.779998779296875,48.09000015258789,47.05603790283203,1984000,CTVA,yfinance,2026-02-10T05:08:45.583878+00:00
2023-12-29,47.959999084472656,48.22999954223633,47.52000045776367,47.91999816894531,46.889686584472656,2120300,CTVA,yfinance,2026-02-10T05:08:45.583878+00:00
2024-01-02,47.83000183105469,48.84000015258789,47.75199890136719,48.560001373291016,47.51593017578125,3123400,CTVA,yfinance,2026-02-10T05:08:45.583878+00:00
2024-01-03,48.279998779296875,48.46799850463867,47.849998474121094,48.08000183105469,47.04624938964844,3469300,CTVA,yfinance,2026-02-10T05:08:45.583878+00:00
2024-01-04,48.099998474121094,48.22999954223633,47.40999984741211,47.599998474121094,46.57656478881836,3079900,CTVA,yfinance,2026-02-10T05:08:45.583878+00:00
2024-01-05,47.599998474121094,47.7599983215332,46.91999816894531,47.33000183105469,46.312374114990234,2773800,CTVA,yfinance,2026-02-10T05:08:45.583878+00:00
2024-01-08,47.02000045776367,47.2400016784668,46.279998779296875,47.0099983215332,45.99924850463867,2414600,CTVA,yfinance,2026-02-10T05:08:45.583878+00:00
2024-01-09,46.689998626708984,46.75,46.0,46.5099983215332,45.510005950927734,3042800,CTVA,yfinance,2026-02-10T05:08:45.583878+00:00
2024-01-10,45.970001220703125,46.31999969482422,45.86000061035156,46.04999923706055,45.05989456176758,2595400,CTVA,yfinance,2026-02-10T05:08:45.583878+00:00
2024-01-11,46.2599983215332,46.56999969482422,45.83000183105469,46.029998779296875,45.040321350097656,4007900,CTVA,yfinance,2026-02-10T05:08:45.583878+00:00
2024-01-12,46.41999816894531,46.54999923706055,45.84000015258789,46.11000061035156,45.11860275268555,3299000,CTVA,yfinance,2026-02-10T05:08:45.583878+00:00
2024-01-16,46.025001525878906,46.053001403808594,45.2599983215332,45.4900016784668,44.51193618774414,5702900,CTVA,yfinance,2026-02-10T05:08:45.583878+00:00
2024-01-17,45.0,45.630001068115234,44.67499923706055,44.84000015258789,43.875911712646484,3644900,CTVA,yfinance,2026-02-10T05:08:45.583878+00:00
2024-01-18,44.689998626708984,44.7400016784668,44.06999969482422,44.40999984741211,43.45515441894531,4040000,CTVA,yfinance,2026-02-10T05:08:45.583878+00:00
2024-01-19,44.16999816894531,45.63999938964844,44.0099983215332,45.599998474121094,44.619564056396484,5115300,CTVA,yfinance,2026-02-10T05:08:45.583878+00:00
2024-01-22,45.165000915527344,45.560001373291016,44.79999923706055,44.970001220703125,44.00311279296875,4708200,CTVA,yfinance,2026-02-10T05:08:45.583878+00:00
2024-01-23,45.47999954223633,45.880001068115234,45.05500030517578,45.43000030517578,44.45322036743164,2634600,CTVA,yfinance,2026-02-10T05:08:45.583878+00:00
2024-01-24,45.61000061035156,45.665000915527344,44.90999984741211,45.40999984741211,44.433650970458984,2454400,CTVA,yfinance,2026-02-10T05:08:45.583878+00:00
2024-01-25,45.75,45.83000183105469,45.0099983215332,45.2400016784668,44.267311096191406,3958100,CTVA,yfinance,2026-02-10T05:08:45.583878+00:00
2024-01-26,45.65999984741211,45.939998626708984,45.25,45.86000061035156,44.87397766113281,3226200,CTVA,yfinance,2026-02-10T05:08:45.583878+00:00
2024-01-29,45.7400016784668,45.939998626708984,45.29999923706055,45.93000030517578,44.942474365234375,2123200,CTVA,yfinance,2026-02-10T05:08:45.583878+00:00
2024-01-30,45.619998931884766,46.145999908447266,45.58000183105469,45.83000183105469,44.84463119506836,2948200,CTVA,yfinance,2026-02-10T05:08:45.583878+00:00
2024-01-31,46.0099983215332,46.349998474121094,45.459999084472656,45.47999954223633,44.50214767456055,5825300,CTVA,yfinance,2026-02-10T05:08:45.583878+00:00
2024-02-01,56.4900016784668,57.7599983215332,52.36000061035156,54.060001373291016,52.897674560546875,12192900,CTVA,yfinance,2026-02-10T05:08:45.583878+00:00
2024-02-02,54.29999923706055,54.5,52.88999938964844,53.040000915527344,51.89960479736328,5601500,CTVA,yfinance,2026-02-10T05:08:45.583878+00:00
2024-02-05,52.5,52.5,51.654998779296875,51.79999923706055,50.68626022338867,5824300,CTVA,yfinance,2026-02-10T05:08:45.583878+00:00
2024-02-06,51.75,52.415000915527344,51.310001373291016,52.09000015258789,50.97003173828125,4725400,CTVA,yfinance,2026-02-10T05:08:45.583878+00:00
2024-02-07,52.34000015258789,54.189998626708984,52.34000015258789,54.06999969482422,52.9074592590332,7010000,CTVA,yfinance,2026-02-10T05:08:45.583878+00:00
2024-02-08,53.9900016784668,54.33000183105469,52.650001525878906,53.2400016784668,52.095306396484375,6199800,CTVA,yfinance,2026-02-10T05:08:45.583878+00:00
2024-02-09,53.040000915527344,53.9109992980957,52.880001068115234,53.599998474121094,52.44755935668945,2929800,CTVA,yfinance,2026-02-10T05:08:45.583878+00:00
2024-02-12,54.630001068115234,55.310001373291016,54.459999084472656,55.040000915527344,53.856605529785156,3274500,CTVA,yfinance,2026-02-10T05:08:45.583878+00:00
2024-02-13,54.58000183105469,54.9900016784668,53.349998474121094,53.630001068115234,52.4769172668457,3525700,CTVA,yfinance,2026-02-10T05:08:45.583878+00:00
2024-02-14,54.11000061035156,54.30500030517578,53.55500030517578,54.08000183105469,52.9172477722168,3260500,CTVA,yfinance,2026-02-10T05:08:45.583878+00:00
2024-02-15,54.290000915527344,55.40999984741211,54.290000915527344,54.68000030517578,53.50434875488281,3048100,CTVA,yfinance,2026-02-10T05:08:45.583878+00:00
2024-02-16,54.77000045776367,55.279998779296875,54.52000045776367,54.79999923706055,53.621761322021484,3892700,CTVA,yfinance,2026-02-10T05:08:45.583878+00:00
2024-02-20,54.380001068115234,54.70000076293945,53.95000076293945,54.36000061035156,53.191226959228516,3113400,CTVA,yfinance,2026-02-10T05:08:45.583878+00:00
2024-02-21,54.220001220703125,54.540000915527344,53.959999084472656,54.220001220703125,53.05424118041992,2325500,CTVA,yfinance,2026-02-10T05:08:45.583878+00:00
2024-02-22,54.06999969482422,54.869998931884766,53.90999984741211,54.709999084472656,53.5337028503418,4256400,CTVA,yfinance,2026-02-10T05:08:45.583878+00:00
2024-02-23,54.619998931884766,55.11000061035156,54.48500061035156,54.900001525878906,53.7196159362793,2400300,CTVA,yfinance,2026-02-10T05:08:45.583878+00:00
2024-02-26,54.61000061035156,55.19499969482422,54.47999954223633,54.81999969482422,53.64133071899414,2593700,CTVA,yfinance,2026-02-10T05:08:45.583878+00:00
2024-02-27,55.07500076293945,55.34000015258789,54.85499954223633,55.130001068115234,53.94466781616211,2186100,CTVA,yfinance,2026-02-10T05:08:45.583878+00:00
2024-02-28,54.880001068115234,55.077999114990234,54.15999984741211,54.540000915527344,53.36735534667969,3568600,CTVA,yfinance,2026-02-10T05:08:45.583878+00:00
2024-02-29,54.47999954223633,54.5,53.25,53.52000045776367,52.52336883544922,6804300,CTVA,yfinance,2026-02-10T05:08:45.583878+00:00
2024-03-01,53.4900016784668,54.34000015258789,53.4900016784668,53.65999984741211,52.66075897216797,4274200,CTVA,yfinance,2026-02-10T05:08:45.583878+00:00
2024-03-04,53.36000061035156,53.9900016784668,53.349998474121094,53.61000061035156,52.6116943359375,2490200,CTVA,yfinance,2026-02-10T05:08:45.583878+00:00
2024-03-05,53.439998626708984,54.11000061035156,53.36000061035156,53.939998626708984,52.935543060302734,2904900,CTVA,yfinance,2026-02-10T05:08:45.583878+00:00
2024-03-06,54.099998474121094,54.540000915527344,53.77000045776367,54.029998779296875,53.02387237548828,4142500,CTVA,yfinance,2026-02-10T05:08:45.583878+00:00
2024-03-07,54.43000030517578,55.13999938964844,54.275001525878906,54.4900016784668,53.47530746459961,3330900,CTVA,yfinance,2026-02-10T05:08:45.583878+00:00
2024-03-08,54.47999954223633,54.84000015258789,54.400001525878906,54.68000030517578,53.661766052246094,4260600,CTVA,yfinance,2026-02-10T05:08:45.583878+00:00
2024-03-11,54.58000183105469,55.689998626708984,54.58000183105469,55.09000015258789,54.06413269042969,4053600,CTVA,yfinance,2026-02-10T05:08:45.583878+00:00
2024-03-12,55.20000076293945,55.369998931884766,54.17499923706055,55.11000061035156,54.08375930786133,4423800,CTVA,yfinance,2026-02-10T05:08:45.583878+00:00
2024-03-13,55.34000015258789,55.790000915527344,55.20000076293945,55.29999923706055,54.27021408081055,3165200,CTVA,yfinance,2026-02-10T05:08:45.583878+00:00
2024-03-14,55.09000015258789,55.220001220703125,54.49300003051758,55.20000076293945,54.17208480834961,3514800,CTVA,yfinance,2026-02-10T05:08:45.583878+00:00
2024-03-15,54.84000015258789,55.68000030517578,54.84000015258789,55.09000015258789,54.06413269042969,6496000,CTVA,yfinance,2026-02-10T05:08:45.583878+00:00
2024-03-18,55.45000076293945,55.45000076293945,54.52000045776367,54.709999084472656,53.69120788574219,3169500,CTVA,yfinance,2026-02-10T05:08:45.583878+00:00
2024-03-19,54.70000076293945,55.01499938964844,54.34000015258789,54.66999816894531,53.65195083618164,3134600,CTVA,yfinance,2026-02-10T05:08:45.583878+00:00
2024-03-20,54.849998474121094,55.86600112915039,54.63999938964844,55.72999954223633,54.69221496582031,5427100,CTVA,yfinance,2026-02-10T05:08:45.583878+00:00
2024-03-21,55.81999969482422,55.88999938964844,55.25,55.779998779296875,54.74128341674805,2467400,CTVA,yfinance,2026-02-10T05:08:45.583878+00:00
2024-03-22,55.939998626708984,56.08000183105469,54.970001220703125,55.06999969482422,54.04450225830078,1993500,CTVA,yfinance,2026-02-10T05:08:45.583878+00:00
2024-03-25,55.279998779296875,55.65999984741211,54.9379997253418,55.630001068115234,54.594078063964844,2132600,CTVA,yfinance,2026-02-10T05:08:45.583878+00:00
2024-03-26,55.650001525878906,56.349998474121094,55.630001068115234,56.29999923706055,55.2515983581543,3283700,CTVA,yfinance,2026-02-10T05:08:45.583878+00:00
2024-03-27,56.59000015258789,57.040000915527344,56.529998779296875,57.0,55.93857192993164,2629300,CTVA,yfinance,2026-02-10T05:08:45.583878+00:00
2024-03-28,57.150001525878906,58.18000030517578,57.08000183105469,57.66999816894531,56.59608840942383,4563900,CTVA,yfinance,2026-02-10T05:08:45.583878+00:00
2024-04-01,57.56999969482422,57.75,57.01499938964844,57.68000030517578,56.60589599609375,3847100,CTVA,yfinance,2026-02-10T05:08:45.583878+00:00
2024-04-02,57.79999923706055,58.06999969482422,57.11000061035156,57.16999816894531,56.10540008544922,3092900,CTVA,yfinance,2026-02-10T05:08:45.583878+00:00
2024-04-03,57.209999084472656,57.63999938964844,57.06999969482422,57.40999984741211,56.34092712402344,3025200,CTVA,yfinance,2026-02-10T05:08:45.583878+00:00
2024-04-04,58.119998931884766,58.15999984741211,56.91999816894531,56.95000076293945,55.889495849609375,2627400,CTVA,yfinance,2026-02-10T05:08:45.583878+00:00
2024-04-05,56.869998931884766,57.04999923706055,56.26300048828125,56.849998474121094,55.791358947753906,2267400,CTVA,yfinance,2026-02-10T05:08:45.583878+00:00
2024-04-08,57.099998474121094,57.52000045776367,56.849998474121094,57.52000045776367,56.44887924194336,3770300,CTVA,yfinance,2026-02-10T05:08:45.583878+00:00
2024-04-09,57.72999954223633,57.849998474121094,56.84000015258789,57.52000045776367,56.44887924194336,1902000,CTVA,yfinance,2026-02-10T05:08:45.583878+00:00
2024-04-10,56.619998931884766,57.439998626708984,56.2400016784668,57.15999984741211,56.095584869384766,2133300,CTVA,yfinance,2026-02-10T05:08:45.583878+00:00
2024-04-11,56.90999984741211,57.150001525878906,56.029998779296875,56.459999084472656,55.40861892700195,1870600,CTVA,yfinance,2026-02-10T05:08:45.583878+00:00
2024-04-12,54.66999816894531,55.685001373291016,53.64500045776367,53.7599983215332,52.75889587402344,3906700,CTVA,yfinance,2026-02-10T05:08:45.583878+00:00
2024-04-15,54.5099983215332,54.59000015258789,53.189998626708984,53.66999816894531,52.670570373535156,2709500,CTVA,yfinance,2026-02-10T05:08:45.583878+00:00
2024-04-16,53.529998779296875,53.7599983215332,53.20500183105469,53.31999969482422,52.327091217041016,2742800,CTVA,yfinance,2026-02-10T05:08:45.583878+00:00
2024-04-17,53.59000015258789,54.34000015258789,53.4900016784668,53.529998779296875,52.533180236816406,2656500,CTVA,yfinance,2026-02-10T05:08:45.583878+00:00
2024-04-18,53.86000061035156,54.165000915527344,53.61000061035156,53.959999084472656,52.95517349243164,1614900,CTVA,yfinance,2026-02-10T05:08:45.583878+00:00
2024-04-19,53.900001525878906,54.84000015258789,53.880001068115234,54.79999923706055,53.77953338623047,2052600,CTVA,yfinance,2026-02-10T05:08:45.583878+00:00
2024-04-22,54.79999923706055,55.459999084472656,54.40999984741211,55.20000076293945,54.17208480834961,2315600,CTVA,yfinance,2026-02-10T05:08:45.583878+00:00
2024-04-23,54.66999816894531,55.56999969482422,54.66999816894531,55.18000030517578,54.15245056152344,2576200,CTVA,yfinance,2026-02-10T05:08:45.583878+00:00
2024-04-24,54.650001525878906,55.064998626708984,54.29999923706055,54.77000045776367,53.750091552734375,1811700,CTVA,yfinance,2026-02-10T05:08:45.583878+00:00
2024-04-25,54.79999923706055,54.95000076293945,54.060001373291016,54.70000076293945,53.681392669677734,1593400,CTVA,yfinance,2026-02-10T05:08:45.583878+00:00
2024-04-26,54.369998931884766,55.19499969482422,54.36000061035156,54.91999816894531,53.89729690551758,2350200,CTVA,yfinance,2026-02-10T05:08:45.583878+00:00
2024-04-29,55.20000076293945,55.5,54.9900016784668,55.5,54.466495513916016,2348000,CTVA,yfinance,2026-02-10T05:08:45.583878+00:00
2024-04-30,55.099998474121094,55.150001525878906,54.11000061035156,54.130001068115234,53.122013092041016,3520000,CTVA,yfinance,2026-02-10T05:08:45.583878+00:00
2024-05-01,54.38999938964844,54.72999954223633,53.650001525878906,53.90999984741211,52.906105041503906,3590000,CTVA,yfinance,2026-02-10T05:08:45.583878+00:00
2024-05-02,57.0,57.70000076293945,56.310001373291016,56.97999954223633,55.918941497802734,6605000,CTVA,yfinance,2026-02-10T05:08:45.583878+00:00
2024-05-03,57.029998779296875,57.400001525878906,56.56999969482422,57.15999984741211,56.095584869384766,2977600,CTVA,yfinance,2026-02-10T05:08:45.583878+00:00
2024-05-06,57.720001220703125,57.79199981689453,56.2599983215332,56.36000061035156,55.31048583984375,3205100,CTVA,yfinance,2026-02-10T05:08:45.583878+00:00
2024-05-07,56.65999984741211,57.88999938964844,56.65999984741211,57.52000045776367,56.44887924194336,5527600,CTVA,yfinance,2026-02-10T05:08:45.583878+00:00
2024-05-08,57.31999969482422,57.64099884033203,56.810001373291016,56.81999969482422,55.76191711425781,4291900,CTVA,yfinance,2026-02-10T05:08:45.583878+00:00
2024-05-09,57.060001373291016,57.939998626708984,57.060001373291016,57.83000183105469,56.753108978271484,4051600,CTVA,yfinance,2026-02-10T05:08:45.583878+00:00
2024-05-10,58.0,58.7599983215332,57.45000076293945,57.47999954223633,56.40962600708008,3754500,CTVA,yfinance,2026-02-10T05:08:45.583878+00:00
2024-05-13,57.65999984741211,58.45000076293945,57.290000915527344,57.29999923706055,56.23297882080078,3034100,CTVA,yfinance,2026-02-10T05:08:45.583878+00:00
2024-05-14,57.65999984741211,57.939998626708984,57.209999084472656,57.54999923706055,56.47832489013672,3898000,CTVA,yfinance,2026-02-10T05:08:45.583878+00:00
2024-05-15,57.880001068115234,58.20000076293945,56.900001525878906,57.130001068115234,56.06614685058594,4157400,CTVA,yfinance,2026-02-10T05:08:45.583878+00:00
2024-05-16,57.0099983215332,57.13999938964844,55.88999938964844,56.0,54.957183837890625,5081800,CTVA,yfinance,2026-02-10T05:08:45.583878+00:00
2024-05-17,56.20000076293945,56.560001373291016,55.869998931884766,56.45000076293945,55.3988037109375,5282000,CTVA,yfinance,2026-02-10T05:08:45.583878+00:00
2024-05-20,56.540000915527344,57.0,56.36000061035156,56.7400016784668,55.683406829833984,2869800,CTVA,yfinance,2026-02-10T05:08:45.583878+00:00
2024-05-21,56.79999923706055,56.970001220703125,56.43000030517578,56.650001525878906,55.59508514404297,3032200,CTVA,yfinance,2026-02-10T05:08:45.583878+00:00
2024-05-22,56.22999954223633,57.11000061035156,56.22999954223633,56.97999954223633,55.918941497802734,2955100,CTVA,yfinance,2026-02-10T05:08:45.583878+00:00
2024-05-23,56.939998626708984,56.9900016784668,55.189998626708984,55.56999969482422,54.53519821166992,3121400,CTVA,yfinance,2026-02-10T05:08:45.583878+00:00
2024-05-24,55.56999969482422,56.05500030517578,55.279998779296875,55.5099983215332,54.47631072998047,2282200,CTVA,yfinance,2026-02-10T05:08:45.583878+00:00
2024-05-28,55.46500015258789,55.790000915527344,55.040000915527344,55.65999984741211,54.62351989746094,2418800,CTVA,yfinance,2026-02-10T05:08:45.583878+00:00
2024-05-29,55.099998474121094,55.5099983215332,54.22999954223633,54.27000045776367,53.25940704345703,4255800,CTVA,yfinance,2026-02-10T05:08:45.583878+00:00
2024-05-30,54.369998931884766,55.2599983215332,54.369998931884766,55.2400016784668,54.21133804321289,2171600,CTVA,yfinance,2026-02-10T05:08:45.583878+00:00
2024-05-31,55.18000030517578,56.02000045776367,54.98500061035156,55.939998626708984,54.89830017089844,3593400,CTVA,yfinance,2026-02-10T05:08:45.583878+00:00
2024-06-03,55.7599983215332,56.0099983215332,54.939998626708984,55.56999969482422,54.53519821166992,2310900,CTVA,yfinance,2026-02-10T05:08:45.583878+00:00
2024-06-04,54.93000030517578,55.15999984741211,53.630001068115234,53.70000076293945,52.85218811035156,2995900,CTVA,yfinance,2026-02-10T05:08:45.583878+00:00
2024-06-05,53.630001068115234,54.084999084472656,53.470001220703125,54.060001373291016,53.206512451171875,2033700,CTVA,yfinance,2026-02-10T05:08:45.583878+00:00
2024-06-06,54.029998779296875,55.005001068115234,53.875,54.91999816894531,54.05293273925781,2624000,CTVA,yfinance,2026-02-10T05:08:45.583878+00:00
2024-06-07,53.959999084472656,54.66999816894531,52.720001220703125,52.900001525878906,52.064823150634766,3750700,CTVA,yfinance,2026-02-10T05:08:45.583878+00:00
2024-06-10,52.65999984741211,52.66999816894531,51.654998779296875,51.709999084472656,50.89360809326172,5329900,CTVA,yfinance,2026-02-10T05:08:45.583878+00:00
2024-06-11,51.099998474121094,52.439998626708984,50.0099983215332,51.63999938964844,50.824710845947266,6635800,CTVA,yfinance,2026-02-10T05:08:45.583878+00:00
2024-06-12,52.060001373291016,52.720001220703125,51.52000045776367,51.939998626708984,51.11997604370117,3326000,CTVA,yfinance,2026-02-10T05:08:45.583878+00:00
2024-06-13,51.63999938964844,51.959999084472656,50.959999084472656,51.58000183105469,50.765663146972656,3512600,CTVA,yfinance,2026-02-10T05:08:45.583878+00:00
2024-06-14,51.56999969482422,51.79999923706055,50.47999954223633,51.18000030517578,50.371978759765625,1619300,CTVA,yfinance,2026-02-10T05:08:45.583878+00:00
2024-06-17,51.2599983215332,52.20000076293945,51.150001525878906,52.040000915527344,51.21839904785156,2622900,CTVA,yfinance,2026-02-10T05:08:45.583878+00:00
2024-06-18,52.279998779296875,52.79999923706055,51.369998931884766,51.88999938964844,51.07076644897461,2577800,CTVA,yfinance,2026-02-10T05:08:45.583878+00:00
2024-06-20,51.779998779296875,52.909000396728516,51.599998474121094,52.369998931884766,51.543190002441406,3617600,CTVA,yfinance,2026-02-10T05:08:45.583878+00:00
2024-06-21,52.439998626708984,53.040000915527344,51.970001220703125,52.91999816894531,52.08450698852539,8369800,CTVA,yfinance,2026-02-10T05:08:45.583878+00:00
2024-06-24,53.09000015258789,53.36000061035156,52.75,52.90999984741211,52.07466506958008,2909400,CTVA,yfinance,2026-02-10T05:08:45.583878+00:00
2024-06-25,52.61000061035156,53.08000183105469,52.20000076293945,53.040000915527344,52.202613830566406,3330800,CTVA,yfinance,2026-02-10T05:08:45.583878+00:00
2024-06-26,52.90999984741211,53.7400016784668,52.779998779296875,53.63999938964844,52.79314041137695,3410400,CTVA,yfinance,2026-02-10T05:08:45.583878+00:00
2024-06-27,53.619998931884766,53.83000183105469,53.25,53.650001525878906,52.802978515625,2958100,CTVA,yfinance,2026-02-10T05:08:45.583878+00:00
2024-06-28,54.11000061035156,54.59000015258789,53.525001525878906,53.939998626708984,53.088401794433594,6301400,CTVA,yfinance,2026-02-10T05:08:45.583878+00:00
2024-07-01,53.90999984741211,54.244998931884766,52.869998931884766,53.06999969482422,52.23213577270508,2549800,CTVA,yfinance,2026-02-10T05:08:45.583878+00:00
2024-07-02,52.9900016784668,53.189998626708984,52.619998931884766,52.77000045776367,51.93687438964844,2186800,CTVA,yfinance,2026-02-10T05:08:45.583878+00:00
2024-07-03,52.86000061035156,53.150001525878906,52.2599983215332,52.47999954223633,51.651451110839844,1238100,CTVA,yfinance,2026-02-10T05:08:45.583878+00:00
2024-07-05,52.09000015258789,52.470001220703125,51.7400016784668,52.439998626708984,51.61208724975586,1493500,CTVA,yfinance,2026-02-10T05:08:45.583878+00:00
2024-07-08,52.459999084472656,52.564998626708984,51.5,51.720001220703125,50.9034538269043,2996900,CTVA,yfinance,2026-02-10T05:08:45.583878+00:00
2024-07-09,51.630001068115234,51.689998626708984,50.689998626708984,50.720001220703125,49.91923904418945,2577500,CTVA,yfinance,2026-02-10T05:08:45.583878+00:00
2024-07-10,50.79999923706055,51.060001373291016,50.36000061035156,51.02000045776367,50.21450424194336,3435900,CTVA,yfinance,2026-02-10T05:08:45.583878+00:00
2024-07-11,51.45000076293945,52.47999954223633,51.380001068115234,52.27000045776367,51.444766998291016,2243900,CTVA,yfinance,2026-02-10T05:08:45.583878+00:00
2024-07-12,52.650001525878906,53.30500030517578,52.040000915527344,53.099998474121094,52.261661529541016,2496000,CTVA,yfinance,2026-02-10T05:08:45.583878+00:00
2024-07-15,53.02000045776367,53.275001525878906,52.45000076293945,52.900001525878906,52.064823150634766,2646100,CTVA,yfinance,2026-02-10T05:08:45.583878+00:00
2024-07-16,52.970001220703125,54.224998474121094,52.915000915527344,54.20000076293945,53.34429931640625,2818000,CTVA,yfinance,2026-02-10T05:08:45.583878+00:00
2024-07-17,54.220001220703125,55.68000030517578,54.220001220703125,55.540000915527344,54.66314697265625,3089900,CTVA,yfinance,2026-02-10T05:08:45.583878+00:00
2024-07-18,54.810001373291016,56.130001068115234,54.689998626708984,55.20000076293945,54.328514099121094,2592000,CTVA,yfinance,2026-02-10T05:08:45.583878+00:00
2024-07-19,55.279998779296875,55.279998779296875,54.349998474121094,54.779998779296875,53.915138244628906,2088300,CTVA,yfinance,2026-02-10T05:08:45.583878+00:00
2024-07-22,54.900001525878906,54.970001220703125,53.939998626708984,54.77000045776367,53.905296325683594,1494700,CTVA,yfinance,2026-02-10T05:08:45.583878+00:00
2024-07-23,54.54999923706055,54.790000915527344,54.2599983215332,54.38999938964844,53.53129577636719,1625500,CTVA,yfinance,2026-02-10T05:08:45.583878+00:00
2024-07-24,54.689998626708984,54.900001525878906,53.7400016784668,53.81999969482422,52.97029495239258,1999600,CTVA,yfinance,2026-02-10T05:08:45.583878+00:00
2024-07-25,53.619998931884766,55.90999984741211,53.540000915527344,55.279998779296875,54.40724563598633,2798200,CTVA,yfinance,2026-02-10T05:08:45.583878+00:00
2024-07-26,55.45000076293945,56.060001373291016,55.20000076293945,55.38999938964844,54.515506744384766,2272000,CTVA,yfinance,2026-02-10T05:08:45.583878+00:00
2024-07-29,55.31999969482422,56.04999923706055,55.040000915527344,55.459999084472656,54.584407806396484,1906900,CTVA,yfinance,2026-02-10T05:08:45.583878+00:00
2024-07-30,55.61000061035156,56.04999923706055,55.189998626708984,55.529998779296875,54.65330123901367,2002900,CTVA,yfinance,2026-02-10T05:08:45.583878+00:00
2024-07-31,55.790000915527344,56.560001373291016,55.43000030517578,56.099998474121094,55.214298248291016,3682600,CTVA,yfinance,2026-02-10T05:08:45.583878+00:00
2024-08-01,53.959999084472656,55.66999816894531,52.88999938964844,53.0,52.163246154785156,6146400,CTVA,yfinance,2026-02-10T05:08:45.583878+00:00
2024-08-02,52.279998779296875,52.95000076293945,51.02000045776367,51.58000183105469,50.765663146972656,3784000,CTVA,yfinance,2026-02-10T05:08:45.583878+00:00
2024-08-05,50.58000183105469,52.20000076293945,50.29999923706055,51.310001373291016,50.49992752075195,3627700,CTVA,yfinance,2026-02-10T05:08:45.583878+00:00
2024-08-06,51.16999816894531,51.95000076293945,50.95000076293945,51.18000030517578,50.371978759765625,3654300,CTVA,yfinance,2026-02-10T05:08:45.583878+00:00
2024-08-07,51.459999084472656,52.38999938964844,50.75,50.779998779296875,49.978294372558594,2520500,CTVA,yfinance,2026-02-10T05:08:45.583878+00:00
2024-08-08,51.06999969482422,51.63999938964844,50.959999084472656,51.54999923706055,50.73613739013672,2645700,CTVA,yfinance,2026-02-10T05:08:45.583878+00:00
2024-08-09,51.4900016784668,51.77000045776367,50.779998779296875,51.560001373291016,50.74597930908203,1841200,CTVA,yfinance,2026-02-10T05:08:45.583878+00:00
2024-08-12,51.529998779296875,51.7400016784668,51.130001068115234,51.220001220703125,50.41135025024414,1724700,CTVA,yfinance,2026-02-10T05:08:45.583878+00:00
2024-08-13,51.34000015258789,52.029998779296875,51.0,51.72999954223633,50.91329574584961,2181500,CTVA,yfinance,2026-02-10T05:08:45.583878+00:00
2024-08-14,51.869998931884766,52.06999969482422,51.25,51.9900016784668,51.169185638427734,2011900,CTVA,yfinance,2026-02-10T05:08:45.583878+00:00
2024-08-15,52.66999816894531,52.95000076293945,52.38999938964844,52.7599983215332,51.92702865600586,2270800,CTVA,yfinance,2026-02-10T05:08:45.583878+00:00
2024-08-16,52.779998779296875,53.91999816894531,52.59000015258789,53.79999923706055,52.95061492919922,2926100,CTVA,yfinance,2026-02-10T05:08:45.583878+00:00
2024-08-19,54.0,54.630001068115234,53.814998626708984,54.310001373291016,53.45256423950195,2517400,CTVA,yfinance,2026-02-10T05:08:45.583878+00:00
2024-08-20,54.209999084472656,54.209999084472656,53.52000045776367,53.599998474121094,52.75376892089844,2760700,CTVA,yfinance,2026-02-10T05:08:45.583878+00:00
2024-08-21,53.869998931884766,54.41999816894531,53.75,54.279998779296875,53.423030853271484,1584600,CTVA,yfinance,2026-02-10T05:08:45.583878+00:00
2024-08-22,54.22999954223633,54.560001373291016,53.970001220703125,54.54999923706055,53.68877410888672,1922200,CTVA,yfinance,2026-02-10T05:08:45.583878+00:00
2024-08-23,54.84000015258789,55.6349983215332,54.7400016784668,55.58000183105469,54.7025146484375,4475900,CTVA,yfinance,2026-02-10T05:08:45.583878+00:00
2024-08-26,55.79999923706055,56.275001525878906,55.380001068115234,55.650001525878906,54.77141189575195,2602500,CTVA,yfinance,2026-02-10T05:08:45.583878+00:00
2024-08-27,55.34000015258789,55.650001525878906,54.95000076293945,55.560001373291016,54.68282699584961,3809600,CTVA,yfinance,2026-02-10T05:08:45.583878+00:00
2024-08-28,55.52000045776367,56.040000915527344,55.09000015258789,56.0,55.11587905883789,2308000,CTVA,yfinance,2026-02-10T05:08:45.583878+00:00
2024-08-29,56.5,57.415000915527344,55.869998931884766,57.0,56.10009002685547,2807100,CTVA,yfinance,2026-02-10T05:08:45.583878+00:00
2024-08-30,56.77000045776367,57.56999969482422,56.70500183105469,57.29999923706055,56.395355224609375,4229100,CTVA,yfinance,2026-02-10T05:08:45.583878+00:00
2024-09-03,56.45000076293945,56.58000183105469,55.349998474121094,55.56999969482422,54.85541534423828,3146400,CTVA,yfinance,2026-02-10T05:08:45.583878+00:00
2024-09-04,55.79999923706055,56.08000183105469,55.185001373291016,55.5,54.786312103271484,2449300,CTVA,yfinance,2026-02-10T05:08:45.583878+00:00
2024-09-05,55.86000061035156,56.310001373291016,54.95000076293945,55.11000061035156,54.40133285522461,3896700,CTVA,yfinance,2026-02-10T05:08:45.583878+00:00
2024-09-06,54.91999816894531,55.65999984741211,54.880001068115234,55.33000183105469,54.618499755859375,5004100,CTVA,yfinance,2026-02-10T05:08:45.583878+00:00
2024-09-09,55.63999938964844,56.2599983215332,55.2400016784668,55.79999923706055,55.08245849609375,4233700,CTVA,yfinance,2026-02-10T05:08:45.583878+00:00
2024-09-10,55.90999984741211,55.90999984741211,55.029998779296875,55.380001068115234,54.6678581237793,2525100,CTVA,yfinance,2026-02-10T05:08:45.583878+00:00
2024-09-11,55.2599983215332,55.290000915527344,53.93000030517578,55.150001525878906,54.440818786621094,2764000,CTVA,yfinance,2026-02-10T05:08:45.583878+00:00
2024-09-12,55.18000030517578,55.724998474121094,55.0099983215332,55.70000076293945,54.983741760253906,2491800,CTVA,yfinance,2026-02-10T05:08:45.583878+00:00
2024-09-13,55.93000030517578,56.70500183105469,55.93000030517578,56.630001068115234,55.90178298950195,1703300,CTVA,yfinance,2026-02-10T05:08:45.583878+00:00
2024-09-16,56.900001525878906,57.189998626708984,55.79999923706055,56.27000045776367,55.54641342163086,2208800,CTVA,yfinance,2026-02-10T05:08:45.583878+00:00
2024-09-17,56.65999984741211,57.13999938964844,56.529998779296875,57.040000915527344,56.306514739990234,1922500,CTVA,yfinance,2026-02-10T05:08:45.583878+00:00
2024-09-18,56.72999954223633,57.900001525878906,56.72999954223633,57.439998626708984,56.70136642456055,2484100,CTVA,yfinance,2026-02-10T05:08:45.583878+00:00
2024-09-19,58.279998779296875,58.91999816894531,57.79999923706055,58.599998474121094,57.84645462036133,3626800,CTVA,yfinance,2026-02-10T05:08:45.583878+00:00
2024-09-20,58.04999923706055,58.04999923706055,57.0099983215332,57.58000183105469,56.83956527709961,8144000,CTVA,yfinance,2026-02-10T05:08:45.583878+00:00
2024-09-23,57.61000061035156,58.13999938964844,57.58000183105469,58.0,57.25416564941406,3200000,CTVA,yfinance,2026-02-10T05:08:45.583878+00:00
2024-09-24,58.22999954223633,58.540000915527344,55.66999816894531,57.849998474121094,57.1060905456543,4220400,CTVA,yfinance,2026-02-10T05:08:45.583878+00:00
2024-09-25,58.04999923706055,58.07500076293945,56.81999969482422,57.150001525878906,56.41510009765625,2350200,CTVA,yfinance,2026-02-10T05:08:45.583878+00:00
2024-09-26,57.560001373291016,58.189998626708984,57.349998474121094,58.02000045776367,57.27391052246094,2107100,CTVA,yfinance,2026-02-10T05:08:45.583878+00:00
2024-09-27,58.380001068115234,59.07500076293945,58.349998474121094,58.58000183105469,57.82671356201172,2434500,CTVA,yfinance,2026-02-10T05:08:45.583878+00:00
2024-09-30,58.66999816894531,58.79999923706055,58.099998474121094,58.790000915527344,58.03401565551758,3266000,CTVA,yfinance,2026-02-10T05:08:45.583878+00:00
2024-10-01,58.09000015258789,58.819000244140625,57.900001525878906,57.9900016784668,57.24429702758789,3513600,CTVA,yfinance,2026-02-10T05:08:45.583878+00:00
2024-10-02,58.2599983215332,58.90999984741211,57.8489990234375,58.63999938964844,57.88593673706055,3010000,CTVA,yfinance,2026-02-10T05:08:45.583878+00:00
2024-10-03,58.36000061035156,58.52000045776367,57.959999084472656,58.09000015258789,57.34300994873047,1666900,CTVA,yfinance,2026-02-10T05:08:45.583878+00:00
2024-10-04,58.61000061035156,58.79999923706055,58.11000061035156,58.33000183105469,57.57992172241211,1327000,CTVA,yfinance,2026-02-10T05:08:45.583878+00:00
2024-10-07,58.029998779296875,58.18000030517578,57.209999084472656,57.459999084472656,56.72111129760742,2224100,CTVA,yfinance,2026-02-10T05:08:45.583878+00:00
2024-10-08,57.099998474121094,57.279998779296875,56.5099983215332,56.88999938964844,56.15843200683594,1741200,CTVA,yfinance,2026-02-10T05:08:45.583878+00:00
2024-10-09,56.79999923706055,57.2400016784668,56.474998474121094,56.5,55.77345657348633,1660500,CTVA,yfinance,2026-02-10T05:08:45.583878+00:00
2024-10-10,56.02000045776367,56.619998931884766,55.650001525878906,56.54999923706055,55.82280731201172,2156400,CTVA,yfinance,2026-02-10T05:08:45.583878+00:00
2024-10-11,56.650001525878906,57.5,56.63999938964844,56.84000015258789,56.10908508300781,2883600,CTVA,yfinance,2026-02-10T05:08:45.583878+00:00
2024-10-14,56.720001220703125,57.83000183105469,56.45000076293945,57.7599983215332,57.017250061035156,1925800,CTVA,yfinance,2026-02-10T05:08:45.583878+00:00
2024-10-15,57.59000015258789,57.77000045776367,57.130001068115234,57.29999923706055,56.563167572021484,3149700,CTVA,yfinance,2026-02-10T05:08:45.583878+00:00
2024-10-16,58.47999954223633,59.040000915527344,57.93000030517578,58.95000076293945,58.19195556640625,2482500,CTVA,yfinance,2026-02-10T05:08:45.583878+00:00
2024-10-17,58.7599983215332,59.125999450683594,58.369998931884766,58.95000076293945,58.19195556640625,2659900,CTVA,yfinance,2026-02-10T05:08:45.583878+00:00
2024-10-18,59.369998931884766,59.68000030517578,58.93000030517578,59.40999984741211,58.646034240722656,2604300,CTVA,yfinance,2026-02-10T05:08:45.583878+00:00
2024-10-21,59.470001220703125,59.47999954223633,58.54999923706055,59.25,58.488094329833984,3047100,CTVA,yfinance,2026-02-10T05:08:45.583878+00:00
2024-10-22,58.970001220703125,59.20000076293945,58.32500076293945,59.119998931884766,58.359764099121094,2349400,CTVA,yfinance,2026-02-10T05:08:45.583878+00:00
2024-10-23,59.4900016784668,60.880001068115234,59.31999969482422,60.790000915527344,60.00829315185547,2783100,CTVA,yfinance,2026-02-10T05:08:45.583878+00:00
2024-10-24,60.900001525878906,61.20000076293945,60.43000030517578,60.779998779296875,59.998416900634766,3673400,CTVA,yfinance,2026-02-10T05:08:45.583878+00:00
2024-10-25,60.95000076293945,61.20500183105469,60.33000183105469,60.349998474121094,59.57394790649414,2632300,CTVA,yfinance,2026-02-10T05:08:45.583878+00:00
2024-10-28,60.5099983215332,61.25,60.369998931884766,61.130001068115234,60.34391784667969,3028600,CTVA,yfinance,2026-02-10T05:08:45.583878+00:00
2024-10-29,60.90999984741211,61.380001068115234,60.70000076293945,60.790000915527344,60.00829315185547,2511000,CTVA,yfinance,2026-02-10T05:08:45.583878+00:00
2024-10-30,60.939998626708984,62.380001068115234,60.939998626708984,61.56999969482422,60.778255462646484,3067100,CTVA,yfinance,2026-02-10T05:08:45.583878+00:00
2024-10-31,61.689998626708984,61.95000076293945,60.91999816894531,60.91999816894531,60.13661193847656,3605900,CTVA,yfinance,2026-02-10T05:08:45.583878+00:00
2024-11-01,60.810001373291016,61.349998474121094,60.529998779296875,60.86000061035156,60.077392578125,2458800,CTVA,yfinance,2026-02-10T05:08:45.583878+00:00
2024-11-04,61.060001373291016,61.63999938964844,60.744998931884766,61.209999084472656,60.422889709472656,2578400,CTVA,yfinance,2026-02-10T05:08:45.583878+00:00
2024-11-05,60.93000030517578,61.939998626708984,60.65999984741211,61.75,60.95595169067383,2166000,CTVA,yfinance,2026-02-10T05:08:45.583878+00:00
2024-11-06,63.75,63.75,60.779998779296875,61.7400016784668,60.94607925415039,4744500,CTVA,yfinance,2026-02-10T05:08:45.583878+00:00
2024-11-07,58.0,59.20000076293945,57.29999923706055,58.63999938964844,57.88593673706055,7352900,CTVA,yfinance,2026-02-10T05:08:45.583878+00:00
2024-11-08,58.970001220703125,59.540000915527344,58.150001525878906,58.33000183105469,57.57992172241211,4673800,CTVA,yfinance,2026-02-10T05:08:45.583878+00:00
2024-11-11,58.83000183105469,59.2599983215332,58.310001373291016,58.52000045776367,57.767478942871094,2735500,CTVA,yfinance,2026-02-10T05:08:45.583878+00:00
2024-11-12,58.54999923706055,58.54999923706055,57.0,57.130001068115234,56.395355224609375,2695900,CTVA,yfinance,2026-02-10T05:08:45.583878+00:00
2024-11-13,57.29499816894531,58.02000045776367,57.255001068115234,57.65999984741211,56.91853713989258,2396000,CTVA,yfinance,2026-02-10T05:08:45.583878+00:00
2024-11-14,57.68000030517578,57.849998474121094,57.11000061035156,57.40999984741211,56.6717529296875,2628300,CTVA,yfinance,2026-02-10T05:08:45.583878+00:00
2024-11-15,57.25,57.459999084472656,55.18000030517578,55.209999084472656,54.50004196166992,5636700,CTVA,yfinance,2026-02-10T05:08:45.583878+00:00
2024-11-18,55.41999816894531,57.04999923706055,55.310001373291016,56.9900016784668,56.25716018676758,4190700,CTVA,yfinance,2026-02-10T05:08:45.583878+00:00
2024-11-19,56.33000183105469,58.40999984741211,56.16999816894531,58.2400016784668,57.49108123779297,4217600,CTVA,yfinance,2026-02-10T05:08:45.583878+00:00
2024-11-20,58.459999084472656,59.025001525878906,58.0,58.7599983215332,58.00439453125,3507200,CTVA,yfinance,2026-02-10T05:08:45.583878+00:00
2024-11-21,59.33000183105469,61.06999969482422,58.88999938964844,60.7599983215332,59.97867202758789,4520600,CTVA,yfinance,2026-02-10T05:08:45.583878+00:00
2024-11-22,60.47999954223633,61.27000045776367,60.060001373291016,61.22999954223633,60.442630767822266,3745800,CTVA,yfinance,2026-02-10T05:08:45.583878+00:00
2024-11-25,61.630001068115234,64.19999694824219,61.630001068115234,64.12999725341797,63.30533981323242,9733800,CTVA,yfinance,2026-02-10T05:08:45.583878+00:00
2024-11-26,63.34000015258789,63.875,62.7599983215332,63.25,62.4366569519043,3959100,CTVA,yfinance,2026-02-10T05:08:45.583878+00:00
2024-11-27,63.36000061035156,64.0999984741211,62.36000061035156,62.5,61.6963005065918,2517700,CTVA,yfinance,2026-02-10T05:08:45.583878+00:00
2024-11-29,61.779998779296875,62.560001373291016,61.310001373291016,62.2400016784668,61.43964385986328,2467400,CTVA,yfinance,2026-02-10T05:08:45.583878+00:00
2024-12-02,62.25,62.46500015258789,61.56999969482422,62.22999954223633,61.598018646240234,3224600,CTVA,yfinance,2026-02-10T05:08:45.583878+00:00
2024-12-03,62.400001525878906,62.4900016784668,61.61000061035156,62.0,61.370357513427734,2631000,CTVA,yfinance,2026-02-10T05:08:45.583878+00:00
2024-12-04,61.529998779296875,61.784000396728516,60.96099853515625,61.16999816894531,60.54878234863281,2407700,CTVA,yfinance,2026-02-10T05:08:45.583878+00:00
2024-12-05,61.20000076293945,61.4900016784668,60.7400016784668,60.779998779296875,60.162742614746094,2475300,CTVA,yfinance,2026-02-10T05:08:45.583878+00:00
2024-12-06,60.369998931884766,60.97999954223633,59.41999816894531,59.4900016784668,58.88584899902344,2953700,CTVA,yfinance,2026-02-10T05:08:45.583878+00:00
2024-12-09,59.810001373291016,60.81999969482422,59.65999984741211,59.7400016784668,59.13330841064453,3394400,CTVA,yfinance,2026-02-10T05:08:45.583878+00:00
2024-12-10,59.790000915527344,59.88999938964844,58.150001525878906,59.41999816894531,58.81655502319336,3749200,CTVA,yfinance,2026-02-10T05:08:45.583878+00:00
2024-12-11,59.529998779296875,60.5,59.31999969482422,59.779998779296875,59.17290115356445,5431300,CTVA,yfinance,2026-02-10T05:08:45.583878+00:00
2024-12-12,59.810001373291016,60.13999938964844,59.26499938964844,59.29999923706055,58.697776794433594,2009500,CTVA,yfinance,2026-02-10T05:08:45.583878+00:00
2024-12-13,59.25,59.75,58.709999084472656,59.4900016784668,58.88584899902344,1990100,CTVA,yfinance,2026-02-10T05:08:45.583878+00:00
2024-12-16,59.345001220703125,60.095001220703125,58.91999816894531,58.95000076293945,58.35133361816406,3978300,CTVA,yfinance,2026-02-10T05:08:45.583878+00:00
2024-12-17,58.643001556396484,59.099998474121094,57.76499938964844,58.56999969482422,57.975189208984375,4885300,CTVA,yfinance,2026-02-10T05:08:45.583878+00:00
2024-12-18,58.470001220703125,58.9900016784668,56.369998931884766,56.40999984741211,55.83712387084961,4224100,CTVA,yfinance,2026-02-10T05:08:45.583878+00:00
2024-12-19,56.790000915527344,56.93000030517578,56.15999984741211,56.15999984741211,55.589664459228516,4026800,CTVA,yfinance,2026-02-10T05:08:45.583878+00:00
2024-12-20,56.41999816894531,57.88999938964844,56.29999923706055,57.47999954223633,56.89625930786133,11010700,CTVA,yfinance,2026-02-10T05:08:45.583878+00:00
2024-12-23,57.56999969482422,57.65999984741211,56.150001525878906,56.91999816894531,56.34193801879883,2456500,CTVA,yfinance,2026-02-10T05:08:45.583878+00:00
2024-12-24,57.13999938964844,57.51499938964844,56.400001525878906,57.47999954223633,56.89625930786133,986400,CTVA,yfinance,2026-02-10T05:08:45.583878+00:00
2024-12-26,56.88999938964844,57.81999969482422,56.619998931884766,57.43000030517578,56.84676742553711,1401600,CTVA,yfinance,2026-02-10T05:08:45.583878+00:00
2024-12-27,56.970001220703125,57.91999816894531,56.95000076293945,57.2400016784668,56.65869903564453,1502100,CTVA,yfinance,2026-02-10T05:08:45.583878+00:00
2024-12-30,56.68000030517578,56.959999084472656,56.220001220703125,56.560001373291016,55.98560333251953,1802000,CTVA,yfinance,2026-02-10T05:08:45.583878+00:00
2024-12-31,56.630001068115234,57.099998474121094,56.459999084472656,56.959999084472656,56.381534576416016,1750200,CTVA,yfinance,2026-02-10T05:08:45.583878+00:00
2025-01-02,56.86000061035156,57.349998474121094,56.29999923706055,56.34000015258789,55.76784133911133,2487200,CTVA,yfinance,2026-02-10T05:08:45.583878+00:00
2025-01-03,56.59000015258789,56.959999084472656,55.70000076293945,55.939998626708984,55.37189865112305,2380800,CTVA,yfinance,2026-02-10T05:08:45.583878+00:00
2025-01-06,56.28499984741211,57.900001525878906,56.28499984741211,56.939998626708984,56.36174011230469,2980800,CTVA,yfinance,2026-02-10T05:08:45.583878+00:00
2025-01-07,56.709999084472656,57.65999984741211,56.65999984741211,57.029998779296875,56.45083236694336,2777700,CTVA,yfinance,2026-02-10T05:08:45.583878+00:00
2025-01-08,57.0,57.19900131225586,56.46699905395508,57.150001525878906,56.569610595703125,2833700,CTVA,yfinance,2026-02-10T05:08:45.583878+00:00
2025-01-10,55.68000030517578,57.43000030517578,55.68000030517578,57.09000015258789,56.51021957397461,3886500,CTVA,yfinance,2026-02-10T05:08:45.583878+00:00
2025-01-13,57.20000076293945,60.029998779296875,57.20000076293945,59.93000030517578,59.32137680053711,3845400,CTVA,yfinance,2026-02-10T05:08:45.583878+00:00
2025-01-14,60.060001373291016,60.970001220703125,60.0099983215332,60.88999938964844,60.271629333496094,3181600,CTVA,yfinance,2026-02-10T05:08:45.583878+00:00
2025-01-15,61.63999938964844,61.900001525878906,60.33000183105469,60.91999816894531,60.30131912231445,3521100,CTVA,yfinance,2026-02-10T05:08:45.583878+00:00
2025-01-16,60.91999816894531,61.68000030517578,60.619998931884766,61.630001068115234,61.004112243652344,2187700,CTVA,yfinance,2026-02-10T05:08:45.583878+00:00
2025-01-17,61.66999816894531,62.43000030517578,61.599998474121094,62.31999969482422,61.68710708618164,2621600,CTVA,yfinance,2026-02-10T05:08:45.583878+00:00
2025-01-21,62.86000061035156,63.15999984741211,62.220001220703125,63.119998931884766,62.478981018066406,2146500,CTVA,yfinance,2026-02-10T05:08:45.583878+00:00
2025-01-22,62.95000076293945,63.16999816894531,62.45000076293945,62.5099983215332,61.87517547607422,2045000,CTVA,yfinance,2026-02-10T05:08:45.583878+00:00
2025-01-23,62.5,64.2300033569336,62.29999923706055,64.19000244140625,63.538116455078125,3415700,CTVA,yfinance,2026-02-10T05:08:45.583878+00:00
2025-01-24,64.20999908447266,64.31999969482422,63.332000732421875,63.959999084472656,63.31045150756836,2386000,CTVA,yfinance,2026-02-10T05:08:45.583878+00:00
2025-01-27,64.52999877929688,64.72000122070312,63.79499816894531,64.47000122070312,63.815277099609375,3426900,CTVA,yfinance,2026-02-10T05:08:45.583878+00:00
2025-01-28,64.44999694824219,64.86000061035156,64.11000061035156,64.27999877929688,63.62720489501953,3155500,CTVA,yfinance,2026-02-10T05:08:45.583878+00:00
2025-01-29,64.44000244140625,65.44000244140625,64.23999786376953,65.0,64.33989715576172,4177400,CTVA,yfinance,2026-02-10T05:08:45.583878+00:00
2025-01-30,65.29499816894531,66.23999786376953,64.88999938964844,66.1500015258789,65.47821807861328,3913700,CTVA,yfinance,2026-02-10T05:08:45.583878+00:00
2025-01-31,65.80000305175781,66.16000366210938,64.93000030517578,65.2699966430664,64.60713195800781,3750100,CTVA,yfinance,2026-02-10T05:08:45.583878+00:00
2025-02-03,64.31999969482422,65.12000274658203,63.150001525878906,64.61000061035156,63.9538459777832,4693900,CTVA,yfinance,2026-02-10T05:08:45.583878+00:00
2025-02-04,65.20999908447266,65.9000015258789,64.87999725341797,65.69999694824219,65.03278350830078,3479700,CTVA,yfinance,2026-02-10T05:08:45.583878+00:00
2025-02-05,63.36000061035156,65.01000213623047,63.0,63.81999969482422,63.171875,8909400,CTVA,yfinance,2026-02-10T05:08:45.583878+00:00
2025-02-06,63.56999969482422,64.38999938964844,60.91999816894531,62.36000061035156,61.72669982910156,11376800,CTVA,yfinance,2026-02-10T05:08:45.583878+00:00
2025-02-07,62.5,64.61499786376953,61.9900016784668,62.34000015258789,61.70690155029297,5558700,CTVA,yfinance,2026-02-10T05:08:45.583878+00:00
2025-02-10,62.81999969482422,63.13999938964844,62.060001373291016,62.209999084472656,61.578224182128906,3221900,CTVA,yfinance,2026-02-10T05:08:45.583878+00:00
2025-02-11,62.08000183105469,63.459999084472656,61.83000183105469,62.970001220703125,62.33050537109375,4129000,CTVA,yfinance,2026-02-10T05:08:45.583878+00:00
2025-02-12,62.25,62.75,61.9900016784668,62.060001373291016,61.42974853515625,2566100,CTVA,yfinance,2026-02-10T05:08:45.583878+00:00
2025-02-13,62.279998779296875,62.90999984741211,61.9900016784668,62.86000061035156,62.221622467041016,2153900,CTVA,yfinance,2026-02-10T05:08:45.583878+00:00
2025-02-14,63.5,64.44000244140625,63.11000061035156,63.959999084472656,63.31045150756836,3906200,CTVA,yfinance,2026-02-10T05:08:45.583878+00:00
2025-02-18,64.0999984741211,64.83000183105469,63.77000045776367,64.45999908447266,63.80537414550781,3446200,CTVA,yfinance,2026-02-10T05:08:45.583878+00:00
2025-02-19,63.61000061035156,64.30000305175781,63.33000183105469,63.63999938964844,62.99370193481445,2384000,CTVA,yfinance,2026-02-10T05:08:45.583878+00:00
2025-02-20,63.7400016784668,63.95000076293945,63.20000076293945,63.83000183105469,63.1817741394043,2241900,CTVA,yfinance,2026-02-10T05:08:45.583878+00:00
2025-02-21,63.63999938964844,63.72999954223633,62.53499984741211,62.7599983215332,62.12263488769531,2476700,CTVA,yfinance,2026-02-10T05:08:45.583878+00:00
2025-02-24,63.34000015258789,63.38999938964844,62.52000045776367,62.61000061035156,61.97416305541992,3005100,CTVA,yfinance,2026-02-10T05:08:45.583878+00:00
2025-02-25,62.83000183105469,63.2400016784668,62.290000915527344,62.97999954223633,62.34040451049805,2082000,CTVA,yfinance,2026-02-10T05:08:45.583878+00:00
2025-02-26,63.130001068115234,63.130001068115234,62.180999755859375,62.79999923706055,62.1622314453125,3276200,CTVA,yfinance,2026-02-10T05:08:45.583878+00:00
2025-02-27,62.91999816894531,63.76499938964844,62.5,62.81999969482422,62.182029724121094,4088000,CTVA,yfinance,2026-02-10T05:08:45.583878+00:00
2025-02-28,62.9900016784668,63.060001373291016,61.74800109863281,62.97999954223633,62.34040451049805,3509600,CTVA,yfinance,2026-02-10T05:08:45.583878+00:00
2025-03-03,63.05500030517578,63.5,60.029998779296875,60.400001525878906,59.948421478271484,4531700,CTVA,yfinance,2026-02-10T05:08:45.583878+00:00
2025-03-04,60.349998474121094,60.52000045776367,59.029998779296875,59.79999923706055,59.3529052734375,3838900,CTVA,yfinance,2026-02-10T05:08:45.583878+00:00
2025-03-05,59.93000030517578,61.20000076293945,59.709999084472656,61.15999984741211,60.702735900878906,3807500,CTVA,yfinance,2026-02-10T05:08:45.583878+00:00
2025-03-06,61.0,61.529998779296875,60.29999923706055,60.86000061035156,60.40498352050781,3258600,CTVA,yfinance,2026-02-10T05:08:45.583878+00:00
2025-03-07,60.599998474121094,61.20000076293945,59.970001220703125,60.560001373291016,60.10722732543945,3614200,CTVA,yfinance,2026-02-10T05:08:45.583878+00:00
2025-03-10,60.08000183105469,60.7599983215332,59.435001373291016,60.2400016784668,59.78961944580078,4015800,CTVA,yfinance,2026-02-10T05:08:45.583878+00:00
2025-03-11,60.2400016784668,60.5099983215332,59.65999984741211,59.970001220703125,59.52163314819336,4442400,CTVA,yfinance,2026-02-10T05:08:45.583878+00:00
2025-03-12,59.959999084472656,60.470001220703125,58.55500030517578,59.0,58.55888748168945,3371700,CTVA,yfinance,2026-02-10T05:08:45.583878+00:00
2025-03-13,58.77000045776367,59.2400016784668,58.09000015258789,58.59000015258789,58.151954650878906,3304000,CTVA,yfinance,2026-02-10T05:08:45.583878+00:00
2025-03-14,59.09000015258789,59.91999816894531,58.77000045776367,59.81999969482422,59.37275695800781,2987600,CTVA,yfinance,2026-02-10T05:08:45.583878+00:00
2025-03-17,59.88999938964844,61.90999984741211,59.875,61.58000183105469,61.119598388671875,2802800,CTVA,yfinance,2026-02-10T05:08:45.583878+00:00
2025-03-18,61.474998474121094,61.75,61.06800079345703,61.58000183105469,61.119598388671875,3443700,CTVA,yfinance,2026-02-10T05:08:45.583878+00:00
2025-03-19,61.56999969482422,62.779998779296875,61.41999816894531,62.459999084472656,61.993019104003906,3743200,CTVA,yfinance,2026-02-10T05:08:45.583878+00:00
2025-03-20,62.09000015258789,62.36000061035156,61.54999923706055,61.83000183105469,61.367733001708984,2684800,CTVA,yfinance,2026-02-10T05:08:45.583878+00:00
2025-03-21,61.540000915527344,61.939998626708984,61.154998779296875,61.720001220703125,61.2585563659668,6880500,CTVA,yfinance,2026-02-10T05:08:45.583878+00:00
2025-03-24,62.599998474121094,62.599998474121094,61.650001525878906,62.06999969482422,61.605934143066406,2117800,CTVA,yfinance,2026-02-10T05:08:45.583878+00:00
2025-03-25,62.08000183105469,62.349998474121094,61.560001373291016,61.849998474121094,61.38758087158203,2565200,CTVA,yfinance,2026-02-10T05:08:45.583878+00:00
2025-03-26,62.06999969482422,62.9900016784668,62.04999923706055,62.70000076293945,62.23122787475586,2634300,CTVA,yfinance,2026-02-10T05:08:45.583878+00:00
2025-03-27,62.70000076293945,63.125,62.189998626708984,62.439998626708984,61.973167419433594,2833100,CTVA,yfinance,2026-02-10T05:08:45.583878+00:00
2025-03-28,62.349998474121094,62.529998779296875,60.720001220703125,61.060001373291016,60.603485107421875,2534300,CTVA,yfinance,2026-02-10T05:08:45.583878+00:00
2025-03-31,61.29999923706055,63.220001220703125,60.86000061035156,62.93000030517578,62.459503173828125,4566000,CTVA,yfinance,2026-02-10T05:08:45.583878+00:00
2025-04-01,63.08000183105469,63.755001068115234,62.380001068115234,63.54999923706055,63.07487106323242,5043400,CTVA,yfinance,2026-02-10T05:08:45.583878+00:00
2025-04-02,63.189998626708984,64.02999877929688,62.9900016784668,64.0,63.52150344848633,2098100,CTVA,yfinance,2026-02-10T05:08:45.583878+00:00
2025-04-03,62.45000076293945,62.5,61.090999603271484,61.29999923706055,60.84169006347656,3125800,CTVA,yfinance,2026-02-10T05:08:45.583878+00:00
2025-04-04,59.810001373291016,59.97999954223633,55.470001220703125,55.790000915527344,55.372886657714844,6393000,CTVA,yfinance,2026-02-10T05:08:45.583878+00:00
2025-04-07,55.220001220703125,58.7400016784668,53.400001525878906,55.56999969482422,55.15453338623047,6454100,CTVA,yfinance,2026-02-10T05:08:45.583878+00:00
2025-04-08,56.654998779296875,57.189998626708984,54.25,55.52000045776367,55.10490798950195,7888600,CTVA,yfinance,2026-02-10T05:08:45.583878+00:00
2025-04-09,55.0,59.18000030517578,54.5,58.560001373291016,58.12217712402344,6272900,CTVA,yfinance,2026-02-10T05:08:45.583878+00:00
2025-04-10,57.72999954223633,58.36000061035156,56.13999938964844,57.939998626708984,57.506813049316406,4042100,CTVA,yfinance,2026-02-10T05:08:45.583878+00:00
2025-04-11,57.599998474121094,59.79999923706055,57.0,59.279998779296875,58.8367919921875,3068200,CTVA,yfinance,2026-02-10T05:08:45.583878+00:00
2025-04-14,59.880001068115234,60.81999969482422,59.380001068115234,60.290000915527344,59.8392448425293,2240600,CTVA,yfinance,2026-02-10T05:08:45.583878+00:00
2025-04-15,59.97999954223633,60.630001068115234,59.650001525878906,59.70000076293945,59.25365447998047,2328200,CTVA,yfinance,2026-02-10T05:08:45.583878+00:00
2025-04-16,59.630001068115234,60.2599983215332,58.90999984741211,59.20000076293945,58.75739288330078,4063800,CTVA,yfinance,2026-02-10T05:08:45.583878+00:00
2025-04-17,59.59000015258789,60.119998931884766,59.22999954223633,59.7400016784668,59.293357849121094,3661100,CTVA,yfinance,2026-02-10T05:08:45.583878+00:00
2025-04-21,59.380001068115234,59.7599983215332,58.58000183105469,59.119998931884766,58.6779899597168,1860300,CTVA,yfinance,2026-02-10T05:08:45.583878+00:00
2025-04-22,59.61000061035156,60.75,59.38999938964844,60.650001525878906,60.19655227661133,2263600,CTVA,yfinance,2026-02-10T05:08:45.583878+00:00
2025-04-23,61.38999938964844,62.25,60.59000015258789,61.06999969482422,60.61341094970703,2339800,CTVA,yfinance,2026-02-10T05:08:45.583878+00:00
2025-04-24,61.18000030517578,61.900001525878906,60.792999267578125,61.709999084472656,61.248626708984375,3774700,CTVA,yfinance,2026-02-10T05:08:45.583878+00:00
2025-04-25,61.2599983215332,62.09000015258789,61.0,61.470001220703125,61.01042175292969,1805400,CTVA,yfinance,2026-02-10T05:08:45.583878+00:00
2025-04-28,61.709999084472656,62.349998474121094,61.099998474121094,61.560001373291016,61.09974670410156,2319500,CTVA,yfinance,2026-02-10T05:08:45.583878+00:00
2025-04-29,61.16999816894531,62.52000045776367,60.9900016784668,61.79999923706055,61.337955474853516,3340100,CTVA,yfinance,2026-02-10T05:08:45.583878+00:00
2025-04-30,61.119998931884766,62.13999938964844,60.68000030517578,61.9900016784668,61.52653503417969,6048800,CTVA,yfinance,2026-02-10T05:08:45.583878+00:00
2025-05-01,61.470001220703125,62.505001068115234,61.209999084472656,62.02000045776367,61.55630874633789,2851800,CTVA,yfinance,2026-02-10T05:08:45.583878+00:00
2025-05-02,62.689998626708984,63.0,61.79999923706055,62.630001068115234,62.161746978759766,3181600,CTVA,yfinance,2026-02-10T05:08:45.583878+00:00
2025-05-05,62.34000015258789,62.97999954223633,61.90999984741211,62.40999984741211,61.94339370727539,2275900,CTVA,yfinance,2026-02-10T05:08:45.583878+00:00
2025-05-06,62.34000015258789,62.84000015258789,62.0,62.45000076293945,61.98309326171875,2680800,CTVA,yfinance,2026-02-10T05:08:45.583878+00:00
2025-05-07,62.66999816894531,62.81999969482422,62.02000045776367,62.47999954223633,62.01287078857422,3290700,CTVA,yfinance,2026-02-10T05:08:45.583878+00:00
2025-05-08,64.62999725341797,67.25,63.81999969482422,66.86000061035156,66.36012268066406,6172800,CTVA,yfinance,2026-02-10T05:08:45.583878+00:00
2025-05-09,66.70999908447266,67.93000030517578,66.56800079345703,67.79000091552734,67.28316497802734,4289100,CTVA,yfinance,2026-02-10T05:08:45.583878+00:00
2025-05-12,69.12999725341797,69.27999877929688,67.44999694824219,67.95999908447266,67.451904296875,3809800,CTVA,yfinance,2026-02-10T05:08:45.583878+00:00
2025-05-13,68.08999633789062,68.6500015258789,67.79000091552734,67.9000015258789,67.3923568725586,3550700,CTVA,yfinance,2026-02-10T05:08:45.583878+00:00
2025-05-14,67.43000030517578,67.80999755859375,66.70999908447266,67.58999633789062,67.08466339111328,4005500,CTVA,yfinance,2026-02-10T05:08:45.583878+00:00
2025-05-15,67.48999786376953,68.47000122070312,67.27999877929688,68.29000091552734,67.77942657470703,2931700,CTVA,yfinance,2026-02-10T05:08:45.583878+00:00
2025-05-16,68.26000213623047,68.77799987792969,67.93000030517578,68.61000061035156,68.09703826904297,3064600,CTVA,yfinance,2026-02-10T05:08:45.583878+00:00
2025-05-19,68.25,69.08999633789062,68.125,68.80999755859375,68.29554748535156,4995300,CTVA,yfinance,2026-02-10T05:08:45.583878+00:00
2025-05-20,68.77999877929688,69.22000122070312,68.38999938964844,69.18000030517578,68.66278076171875,3265700,CTVA,yfinance,2026-02-10T05:08:45.583878+00:00
2025-05-21,68.80000305175781,69.41999816894531,68.61599731445312,68.95999908447266,68.44441986083984,2415000,CTVA,yfinance,2026-02-10T05:08:45.583878+00:00
2025-05-22,68.77999877929688,68.9800033569336,68.16999816894531,68.58999633789062,68.07717895507812,2085000,CTVA,yfinance,2026-02-10T05:08:45.583878+00:00
2025-05-23,68.41000366210938,69.23999786376953,67.93000030517578,69.05999755859375,68.5436782836914,2541500,CTVA,yfinance,2026-02-10T05:08:45.583878+00:00
2025-05-27,69.43000030517578,70.43499755859375,69.41000366210938,70.41000366210938,69.88358306884766,4534200,CTVA,yfinance,2026-02-10T05:08:45.583878+00:00
2025-05-28,70.48999786376953,70.70999908447266,69.94499969482422,70.31999969482422,69.79425811767578,2441000,CTVA,yfinance,2026-02-10T05:08:45.583878+00:00
2025-05-29,70.27999877929688,70.27999877929688,69.4000015258789,69.70999908447266,69.18881225585938,3173100,CTVA,yfinance,2026-02-10T05:08:45.583878+00:00
2025-05-30,69.62000274658203,71.01000213623047,69.20500183105469,70.80000305175781,70.27066802978516,5450700,CTVA,yfinance,2026-02-10T05:08:45.583878+00:00
2025-06-02,70.69000244140625,71.11000061035156,70.1500015258789,70.94999694824219,70.58903503417969,3578400,CTVA,yfinance,2026-02-10T05:08:45.583878+00:00
2025-06-03,70.80000305175781,71.30999755859375,70.19000244140625,71.19000244140625,70.82781219482422,3467800,CTVA,yfinance,2026-02-10T05:08:45.583878+00:00
2025-06-04,71.52999877929688,71.87999725341797,71.23999786376953,71.37999725341797,71.016845703125,2776800,CTVA,yfinance,2026-02-10T05:08:45.583878+00:00
2025-06-05,71.80000305175781,71.80000305175781,71.12999725341797,71.19999694824219,70.83776092529297,3278600,CTVA,yfinance,2026-02-10T05:08:45.583878+00:00
2025-06-06,71.41999816894531,72.23999786376953,71.41999816894531,71.63999938964844,71.27552795410156,2855000,CTVA,yfinance,2026-02-10T05:08:45.583878+00:00
2025-06-09,71.79000091552734,72.30000305175781,71.16000366210938,72.01000213623047,71.64364624023438,2888400,CTVA,yfinance,2026-02-10T05:08:45.583878+00:00
2025-06-10,72.02999877929688,72.3949966430664,71.41000366210938,71.55000305175781,71.18598175048828,3491500,CTVA,yfinance,2026-02-10T05:08:45.583878+00:00
2025-06-11,71.93000030517578,72.13999938964844,71.5,72.06999969482422,71.70333862304688,8169300,CTVA,yfinance,2026-02-10T05:08:45.583878+00:00
2025-06-12,72.0,72.52999877929688,71.30000305175781,72.5199966430664,72.15104675292969,5547200,CTVA,yfinance,2026-02-10T05:08:45.583878+00:00
2025-06-13,72.22000122070312,72.91000366210938,71.93000030517578,72.43000030517578,72.06150817871094,3344800,CTVA,yfinance,2026-02-10T05:08:45.583878+00:00
2025-06-16,72.83000183105469,74.19000244140625,72.62000274658203,74.19000244140625,73.81255340576172,3168500,CTVA,yfinance,2026-02-10T05:08:45.583878+00:00
2025-06-17,74.15499877929688,74.62999725341797,73.61499786376953,74.20999908447266,73.83245086669922,5042500,CTVA,yfinance,2026-02-10T05:08:45.583878+00:00
2025-06-18,74.04000091552734,74.83999633789062,74.04000091552734,74.12000274658203,73.74291229248047,3721900,CTVA,yfinance,2026-02-10T05:08:45.583878+00:00
2025-06-20,74.08000183105469,74.63999938964844,72.87000274658203,73.72000122070312,73.3449478149414,14522900,CTVA,yfinance,2026-02-10T05:08:45.583878+00:00
2025-06-23,73.79000091552734,74.95999908447266,73.5,74.44000244140625,74.06128692626953,4926900,CTVA,yfinance,2026-02-10T05:08:45.583878+00:00
2025-06-24,74.27999877929688,74.55500030517578,73.29000091552734,73.29000091552734,72.91712951660156,4629400,CTVA,yfinance,2026-02-10T05:08:45.583878+00:00
2025-06-25,73.22000122070312,73.65499877929688,72.94000244140625,73.23999786376953,72.86737823486328,4961700,CTVA,yfinance,2026-02-10T05:08:45.583878+00:00
2025-06-26,73.95999908447266,75.05000305175781,73.625,74.30000305175781,73.9219970703125,5650000,CTVA,yfinance,2026-02-10T05:08:45.583878+00:00
2025-06-27,74.33000183105469,74.79499816894531,73.87999725341797,74.38999938964844,74.01153564453125,5390700,CTVA,yfinance,2026-02-10T05:08:45.583878+00:00
2025-06-30,74.08999633789062,74.62000274658203,73.69999694824219,74.52999877929688,74.15081787109375,3201600,CTVA,yfinance,2026-02-10T05:08:45.583878+00:00
2025-07-01,74.51000213623047,75.22000122070312,74.10399627685547,75.11000061035156,74.72787475585938,3614200,CTVA,yfinance,2026-02-10T05:08:45.583878+00:00
2025-07-02,75.4000015258789,77.04000091552734,75.2699966430664,77.0,76.60826110839844,3292000,CTVA,yfinance,2026-02-10T05:08:45.583878+00:00
2025-07-03,76.91999816894531,77.41000366210938,76.70500183105469,77.12000274658203,76.72765350341797,1419300,CTVA,yfinance,2026-02-10T05:08:45.583878+00:00
2025-07-07,77.08000183105469,77.33000183105469,76.12000274658203,76.58000183105469,76.19039916992188,2461500,CTVA,yfinance,2026-02-10T05:08:45.583878+00:00
2025-07-08,76.9000015258789,77.23999786376953,75.98500061035156,76.44999694824219,76.06105041503906,3032800,CTVA,yfinance,2026-02-10T05:08:45.583878+00:00
2025-07-09,76.56999969482422,76.66999816894531,74.86000061035156,76.19999694824219,75.81231689453125,6570500,CTVA,yfinance,2026-02-10T05:08:45.583878+00:00
2025-07-10,76.06999969482422,76.06999969482422,74.62999725341797,74.83000183105469,74.44929504394531,4418100,CTVA,yfinance,2026-02-10T05:08:45.583878+00:00
2025-07-11,74.33999633789062,74.44999694824219,73.36000061035156,73.56999969482422,73.19570922851562,4389800,CTVA,yfinance,2026-02-10T05:08:45.583878+00:00
2025-07-14,73.77999877929688,74.19999694824219,73.04000091552734,73.11000061035156,72.73804473876953,2876300,CTVA,yfinance,2026-02-10T05:08:45.583878+00:00
2025-07-15,73.37000274658203,73.41600036621094,71.93000030517578,72.08999633789062,71.72323608398438,5725000,CTVA,yfinance,2026-02-10T05:08:45.583878+00:00
2025-07-16,72.22000122070312,73.03500366210938,71.77999877929688,72.9800033569336,72.60871124267578,4036200,CTVA,yfinance,2026-02-10T05:08:45.583878+00:00
2025-07-17,73.0199966430664,73.54000091552734,72.66100311279297,73.16999816894531,72.79773712158203,2688200,CTVA,yfinance,2026-02-10T05:08:45.583878+00:00
2025-07-18,73.13999938964844,73.58999633789062,72.48999786376953,73.05000305175781,72.67835998535156,3693200,CTVA,yfinance,2026-02-10T05:08:45.583878+00:00
2025-07-21,73.0999984741211,73.80000305175781,72.83000183105469,73.0,72.62860107421875,2655300,CTVA,yfinance,2026-02-10T05:08:45.583878+00:00
2025-07-22,73.16000366210938,74.29499816894531,73.01000213623047,73.75,73.37478637695312,3733900,CTVA,yfinance,2026-02-10T05:08:45.583878+00:00
2025-07-23,73.9000015258789,74.30999755859375,73.62999725341797,73.9000015258789,73.52403259277344,3827600,CTVA,yfinance,2026-02-10T05:08:45.583878+00:00
2025-07-24,73.47000122070312,73.80000305175781,72.66999816894531,73.12000274658203,72.74799346923828,3399100,CTVA,yfinance,2026-02-10T05:08:45.583878+00:00
2025-07-25,72.83999633789062,73.5,72.55000305175781,73.43000030517578,73.0564193725586,2668500,CTVA,yfinance,2026-02-10T05:08:45.583878+00:00
2025-07-28,73.2300033569336,73.2300033569336,72.2699966430664,72.4000015258789,72.03166198730469,2317900,CTVA,yfinance,2026-02-10T05:08:45.583878+00:00
2025-07-29,72.83000183105469,73.08000183105469,72.4800033569336,72.87999725341797,72.50920867919922,2631400,CTVA,yfinance,2026-02-10T05:08:45.583878+00:00
2025-07-30,72.8499984741211,72.8499984741211,71.70999908447266,71.9800033569336,71.61380004882812,4975900,CTVA,yfinance,2026-02-10T05:08:45.583878+00:00
2025-07-31,71.81999969482422,72.30000305175781,71.66500091552734,72.12999725341797,71.76303100585938,4852700,CTVA,yfinance,2026-02-10T05:08:45.583878+00:00
2025-08-01,71.6500015258789,71.83000183105469,70.58000183105469,71.16999816894531,70.80791473388672,4770900,CTVA,yfinance,2026-02-10T05:08:45.583878+00:00
2025-08-04,71.55000305175781,72.01000213623047,71.32499694824219,71.91999816894531,71.5541000366211,3943500,CTVA,yfinance,2026-02-10T05:08:45.583878+00:00
2025-08-05,72.54000091552734,72.70999908447266,71.80000305175781,72.30999755859375,71.9421157836914,3744000,CTVA,yfinance,2026-02-10T05:08:45.583878+00:00
2025-08-06,72.0999984741211,72.30999755859375,71.05999755859375,71.16999816894531,70.80791473388672,4566100,CTVA,yfinance,2026-02-10T05:08:45.583878+00:00
2025-08-07,70.51000213623047,71.47000122070312,68.69999694824219,71.05000305175781,70.68852996826172,7323300,CTVA,yfinance,2026-02-10T05:08:45.583878+00:00
2025-08-08,71.30000305175781,71.30000305175781,70.2699966430664,70.91000366210938,70.54924011230469,5568000,CTVA,yfinance,2026-02-10T05:08:45.583878+00:00
2025-08-11,71.0,72.56500244140625,70.95500183105469,72.45999908447266,72.09135437011719,5965500,CTVA,yfinance,2026-02-10T05:08:45.583878+00:00
2025-08-12,72.73999786376953,73.0,70.81999969482422,71.02999877929688,70.66862487792969,5485900,CTVA,yfinance,2026-02-10T05:08:45.583878+00:00
2025-08-13,72.04000091552734,72.3949966430664,70.83499908447266,72.33000183105469,71.96202087402344,4693600,CTVA,yfinance,2026-02-10T05:08:45.583878+00:00
2025-08-14,72.0,72.16999816894531,71.3499984741211,71.87000274658203,71.50436401367188,3242800,CTVA,yfinance,2026-02-10T05:08:45.583878+00:00
2025-08-15,71.94000244140625,72.23999786376953,71.5999984741211,71.76000213623047,71.3949203491211,2649600,CTVA,yfinance,2026-02-10T05:08:45.583878+00:00
2025-08-18,71.72000122070312,72.6500015258789,71.65499877929688,72.29000091552734,71.92222595214844,2818500,CTVA,yfinance,2026-02-10T05:08:45.583878+00:00
2025-08-19,72.29000091552734,72.4800033569336,71.87000274658203,72.4000015258789,72.03166198730469,2723500,CTVA,yfinance,2026-02-10T05:08:45.583878+00:00
2025-08-20,72.41000366210938,73.16999816894531,72.33000183105469,72.95999908447266,72.58880615234375,3086800,CTVA,yfinance,2026-02-10T05:08:45.583878+00:00
2025-08-21,72.70999908447266,73.26499938964844,72.55999755859375,72.9800033569336,72.60871124267578,2815400,CTVA,yfinance,2026-02-10T05:08:45.583878+00:00
2025-08-22,73.33000183105469,73.58000183105469,72.69499969482422,73.37000274658203,72.9967269897461,2664000,CTVA,yfinance,2026-02-10T05:08:45.583878+00:00
2025-08-25,73.30000305175781,73.82499694824219,72.9000015258789,73.5999984741211,73.22555541992188,3261600,CTVA,yfinance,2026-02-10T05:08:45.583878+00:00
2025-08-26,73.43000030517578,73.95999908447266,72.12999725341797,73.94000244140625,73.56382751464844,6802600,CTVA,yfinance,2026-02-10T05:08:45.583878+00:00
2025-08-27,73.80000305175781,75.12000274658203,73.61000061035156,75.02999877929688,74.64828491210938,6016400,CTVA,yfinance,2026-02-10T05:08:45.583878+00:00
2025-08-28,75.02999877929688,75.16000366210938,73.38500213623047,74.31999969482422,73.94189453125,3928400,CTVA,yfinance,2026-02-10T05:08:45.583878+00:00
2025-08-29,74.2300033569336,74.62999725341797,74.05500030517578,74.19000244140625,73.81255340576172,4035000,CTVA,yfinance,2026-02-10T05:08:45.583878+00:00
2025-09-02,73.72000122070312,74.03500366210938,73.30000305175781,73.91999816894531,73.72279357910156,3261700,CTVA,yfinance,2026-02-10T05:08:45.583878+00:00
2025-09-03,73.45999908447266,73.6969985961914,72.3499984741211,72.38999938964844,72.1968765258789,3244900,CTVA,yfinance,2026-02-10T05:08:45.583878+00:00
2025-09-04,72.44000244140625,72.80999755859375,72.01000213623047,72.6500015258789,72.45618438720703,3147800,CTVA,yfinance,2026-02-10T05:08:45.583878+00:00
2025-09-05,72.52999877929688,72.7300033569336,71.38999938964844,72.30000305175781,72.10711669921875,3173200,CTVA,yfinance,2026-02-10T05:08:45.583878+00:00
2025-09-08,72.19999694824219,73.02999877929688,71.69999694824219,72.94999694824219,72.75537872314453,4724500,CTVA,yfinance,2026-02-10T05:08:45.583878+00:00
2025-09-09,73.13999938964844,73.66000366210938,72.0,72.5,72.30657958984375,3336700,CTVA,yfinance,2026-02-10T05:08:45.583878+00:00
2025-09-10,72.18000030517578,72.80999755859375,71.55999755859375,71.77999877929688,71.5885009765625,2939500,CTVA,yfinance,2026-02-10T05:08:45.583878+00:00
2025-09-11,71.63999938964844,73.11000061035156,71.58499908447266,72.98999786376953,72.79527282714844,2750400,CTVA,yfinance,2026-02-10T05:08:45.583878+00:00
2025-09-12,72.9000015258789,75.91000366210938,72.33000183105469,74.29000091552734,74.09180450439453,6599900,CTVA,yfinance,2026-02-10T05:08:45.583878+00:00
2025-09-15,73.88999938964844,74.5,69.27999877929688,70.06999969482422,69.88306427001953,8800600,CTVA,yfinance,2026-02-10T05:08:45.583878+00:00
2025-09-16,70.01000213623047,70.4000015258789,69.44999694824219,69.87999725341797,69.69356536865234,5056600,CTVA,yfinance,2026-02-10T05:08:45.583878+00:00
2025-09-17,70.08000183105469,71.0999984741211,69.7699966430664,70.63999938964844,70.45154571533203,3470100,CTVA,yfinance,2026-02-10T05:08:45.583878+00:00
2025-09-18,70.83999633789062,71.02200317382812,70.12999725341797,70.66000366210938,70.47149658203125,5365900,CTVA,yfinance,2026-02-10T05:08:45.583878+00:00
2025-09-19,70.56999969482422,71.0199966430664,70.38999938964844,70.86000061035156,70.67095947265625,12447700,CTVA,yfinance,2026-02-10T05:08:45.583878+00:00
2025-09-22,70.4000015258789,70.4800033569336,69.73999786376953,69.75,69.56391906738281,2831500,CTVA,yfinance,2026-02-10T05:08:45.583878+00:00
2025-09-23,69.94000244140625,70.55999755859375,69.43499755859375,69.4800033569336,69.29463958740234,3360900,CTVA,yfinance,2026-02-10T05:08:45.583878+00:00
2025-09-24,69.63999938964844,70.33999633789062,69.44499969482422,69.61000061035156,69.4242935180664,3474700,CTVA,yfinance,2026-02-10T05:08:45.583878+00:00
2025-09-25,69.93000030517578,69.98500061035156,65.91000366210938,67.08000183105469,66.90103912353516,7240300,CTVA,yfinance,2026-02-10T05:08:45.583878+00:00
2025-09-26,67.54000091552734,68.12000274658203,67.19200134277344,68.08999633789062,67.90834045410156,4817100,CTVA,yfinance,2026-02-10T05:08:45.583878+00:00
2025-09-29,68.4000015258789,68.66999816894531,67.55000305175781,67.7699966430664,67.58919525146484,5341400,CTVA,yfinance,2026-02-10T05:08:45.583878+00:00
2025-09-30,67.9000015258789,67.94999694824219,67.19000244140625,67.62999725341797,67.44956970214844,4701400,CTVA,yfinance,2026-02-10T05:08:45.583878+00:00
2025-10-01,66.9000015258789,66.9000015258789,60.70500183105469,61.470001220703125,61.306007385253906,12189800,CTVA,yfinance,2026-02-10T05:08:45.583878+00:00
2025-10-02,61.32500076293945,63.68000030517578,61.32500076293945,63.4900016784668,63.320621490478516,11310300,CTVA,yfinance,2026-02-10T05:08:45.583878+00:00
2025-10-03,62.5,63.65999984741211,62.4900016784668,63.369998931884766,63.2009391784668,4328900,CTVA,yfinance,2026-02-10T05:08:45.583878+00:00
2025-10-06,63.52000045776367,65.06500244140625,63.400001525878906,64.30000305175781,64.12846374511719,5261000,CTVA,yfinance,2026-02-10T05:08:45.583878+00:00
2025-10-07,64.19000244140625,65.61000061035156,63.779998779296875,65.61000061035156,65.43496704101562,4409800,CTVA,yfinance,2026-02-10T05:08:45.583878+00:00
2025-10-08,65.18000030517578,65.44499969482422,62.79999923706055,63.11000061035156,62.94163131713867,6075900,CTVA,yfinance,2026-02-10T05:08:45.583878+00:00
2025-10-09,63.59000015258789,63.814998626708984,62.54999923706055,62.75,62.58259201049805,3033100,CTVA,yfinance,2026-02-10T05:08:45.583878+00:00
2025-10-10,62.70000076293945,63.125,61.83000183105469,61.83000183105469,61.6650505065918,2925600,CTVA,yfinance,2026-02-10T05:08:45.583878+00:00
2025-10-13,62.27000045776367,63.04100036621094,62.18000030517578,62.66999816894531,62.502803802490234,2157600,CTVA,yfinance,2026-02-10T05:08:45.583878+00:00
2025-10-14,62.459999084472656,62.77000045776367,62.040000915527344,62.66999816894531,62.502803802490234,4189300,CTVA,yfinance,2026-02-10T05:08:45.583878+00:00
2025-10-15,62.650001525878906,62.84000015258789,61.875,61.90999984741211,61.744834899902344,3550800,CTVA,yfinance,2026-02-10T05:08:45.583878+00:00
2025-10-16,62.0,62.268001556396484,60.9900016784668,61.0,60.83726119995117,4379700,CTVA,yfinance,2026-02-10T05:08:45.583878+00:00
2025-10-17,61.08000183105469,62.04499816894531,60.95000076293945,61.400001525878906,61.2361946105957,7513400,CTVA,yfinance,2026-02-10T05:08:45.583878+00:00
2025-10-20,61.959999084472656,62.43000030517578,61.540000915527344,61.97999954223633,61.81464767456055,4634300,CTVA,yfinance,2026-02-10T05:08:45.583878+00:00
2025-10-21,61.93000030517578,62.33000183105469,61.650001525878906,61.970001220703125,61.8046760559082,4074700,CTVA,yfinance,2026-02-10T05:08:45.583878+00:00
2025-10-22,61.900001525878906,63.22600173950195,61.900001525878906,63.119998931884766,62.951602935791016,5414300,CTVA,yfinance,2026-02-10T05:08:45.583878+00:00
2025-10-23,63.95000076293945,63.95000076293945,63.029998779296875,63.47999954223633,63.310646057128906,3227700,CTVA,yfinance,2026-02-10T05:08:45.583878+00:00
2025-10-24,63.79999923706055,63.900001525878906,63.439998626708984,63.65999984741211,63.49016571044922,2627800,CTVA,yfinance,2026-02-10T05:08:45.583878+00:00
2025-10-27,64.0199966430664,64.55999755859375,63.66999816894531,63.93000030517578,63.75944519042969,3973500,CTVA,yfinance,2026-02-10T05:08:45.583878+00:00
2025-10-28,63.7599983215332,63.88999938964844,63.189998626708984,63.459999084472656,63.29069900512695,2821400,CTVA,yfinance,2026-02-10T05:08:45.583878+00:00
2025-10-29,63.040000915527344,63.39500045776367,62.7400016784668,63.20000076293945,63.03139114379883,5030400,CTVA,yfinance,2026-02-10T05:08:45.583878+00:00
2025-10-30,61.279998779296875,61.95500183105469,60.939998626708984,61.70000076293945,61.535396575927734,5796300,CTVA,yfinance,2026-02-10T05:08:45.583878+00:00
2025-10-31,61.33000183105469,61.939998626708984,61.04999923706055,61.439998626708984,61.276084899902344,4608800,CTVA,yfinance,2026-02-10T05:08:45.583878+00:00
2025-11-03,60.95000076293945,62.060001373291016,60.53499984741211,62.060001373291016,61.89443588256836,6059600,CTVA,yfinance,2026-02-10T05:08:45.583878+00:00
2025-11-04,61.810001373291016,62.92599868774414,61.279998779296875,62.5,62.33325958251953,5189600,CTVA,yfinance,2026-02-10T05:08:45.583878+00:00
2025-11-05,64.69999694824219,64.83000183105469,63.0099983215332,63.66999816894531,63.50013732910156,6989100,CTVA,yfinance,2026-02-10T05:08:45.583878+00:00
2025-11-06,63.09000015258789,63.72999954223633,62.52000045776367,63.150001525878906,62.98152542114258,5146100,CTVA,yfinance,2026-02-10T05:08:45.583878+00:00
2025-11-07,63.310001373291016,64.17500305175781,62.654998779296875,64.1500015258789,63.978858947753906,3686800,CTVA,yfinance,2026-02-10T05:08:45.583878+00:00
2025-11-10,64.30999755859375,65.97899627685547,64.05999755859375,65.55999755859375,65.38509368896484,3695500,CTVA,yfinance,2026-02-10T05:08:45.583878+00:00
2025-11-11,65.54000091552734,66.1500015258789,65.18000030517578,65.72000122070312,65.54467010498047,2912500,CTVA,yfinance,2026-02-10T05:08:45.583878+00:00
2025-11-12,65.58000183105469,66.87999725341797,65.26000213623047,66.4800033569336,66.30264282226562,3131400,CTVA,yfinance,2026-02-10T05:08:45.583878+00:00
2025-11-13,66.68499755859375,67.0199966430664,66.13500213623047,66.19999694824219,66.02338409423828,3408700,CTVA,yfinance,2026-02-10T05:08:45.583878+00:00
2025-11-14,66.06999969482422,66.87000274658203,65.76000213623047,66.0,65.82392120361328,2862500,CTVA,yfinance,2026-02-10T05:08:45.583878+00:00
2025-11-17,66.33999633789062,66.44000244140625,63.845001220703125,63.880001068115234,63.70957946777344,3998600,CTVA,yfinance,2026-02-10T05:08:45.583878+00:00
2025-11-18,63.75,65.08000183105469,63.560001373291016,64.5,64.32792663574219,3148300,CTVA,yfinance,2026-02-10T05:08:45.583878+00:00
2025-11-19,64.76000213623047,65.0199966430664,64.05000305175781,64.68000030517578,64.5074462890625,2505800,CTVA,yfinance,2026-02-10T05:08:45.583878+00:00
2025-11-20,65.0199966430664,65.95999908447266,64.19499969482422,64.37999725341797,64.20824432373047,5939400,CTVA,yfinance,2026-02-10T05:08:45.583878+00:00
2025-11-21,64.77999877929688,66.58999633789062,64.66999816894531,65.54000091552734,65.36515045166016,5184100,CTVA,yfinance,2026-02-10T05:08:45.583878+00:00
2025-11-24,65.54000091552734,65.8499984741211,65.08000183105469,65.66000366210938,65.48483276367188,3825600,CTVA,yfinance,2026-02-10T05:08:45.583878+00:00
2025-11-25,66.0199966430664,66.5770034790039,65.4800033569336,66.05000305175781,65.87379455566406,3722700,CTVA,yfinance,2026-02-10T05:08:45.583878+00:00
2025-11-26,65.91000366210938,66.96499633789062,65.70999908447266,66.6500015258789,66.4721908569336,2062300,CTVA,yfinance,2026-02-10T05:08:45.583878+00:00
2025-11-28,66.69000244140625,67.72000122070312,66.68000030517578,67.47000122070312,67.29000091552734,1976700,CTVA,yfinance,2026-02-10T05:08:45.583878+00:00
2025-12-01,67.1500015258789,67.83999633789062,66.5199966430664,66.54000091552734,66.54000091552734,3498200,CTVA,yfinance,2026-02-10T05:08:45.583878+00:00
2025-12-02,66.87000274658203,67.01499938964844,65.2699966430664,65.5999984741211,65.5999984741211,2603900,CTVA,yfinance,2026-02-10T05:08:45.583878+00:00
2025-12-03,65.80000305175781,66.23999786376953,65.2699966430664,65.30000305175781,65.30000305175781,3885900,CTVA,yfinance,2026-02-10T05:08:45.583878+00:00
2025-12-04,65.80999755859375,66.44999694824219,65.62999725341797,66.29000091552734,66.29000091552734,3644800,CTVA,yfinance,2026-02-10T05:08:45.583878+00:00
2025-12-05,66.16999816894531,67.02999877929688,65.93000030517578,66.0,66.0,5353300,CTVA,yfinance,2026-02-10T05:08:45.583878+00:00
2025-12-08,65.87000274658203,66.06999969482422,65.05999755859375,65.08999633789062,65.08999633789062,5423200,CTVA,yfinance,2026-02-10T05:08:45.583878+00:00
2025-12-09,65.05999755859375,65.98999786376953,65.02999877929688,65.83999633789062,65.83999633789062,5325800,CTVA,yfinance,2026-02-10T05:08:45.583878+00:00
2025-12-10,65.69000244140625,65.79000091552734,64.0999984741211,65.0999984741211,65.0999984741211,6388200,CTVA,yfinance,2026-02-10T05:08:45.583878+00:00
2025-12-11,65.33999633789062,66.81999969482422,65.08999633789062,66.04000091552734,66.04000091552734,2662900,CTVA,yfinance,2026-02-10T05:08:45.583878+00:00
2025-12-12,66.5999984741211,66.83999633789062,65.79000091552734,66.12000274658203,66.12000274658203,2666800,CTVA,yfinance,2026-02-10T05:08:45.583878+00:00
2025-12-15,66.29000091552734,66.41899871826172,65.0999984741211,65.87999725341797,65.87999725341797,4106100,CTVA,yfinance,2026-02-10T05:08:45.583878+00:00
2025-12-16,65.97000122070312,65.98999786376953,65.31999969482422,65.4800033569336,65.4800033569336,2700100,CTVA,yfinance,2026-02-10T05:08:45.583878+00:00
2025-12-17,65.48999786376953,66.48999786376953,65.1500015258789,66.43000030517578,66.43000030517578,3973300,CTVA,yfinance,2026-02-10T05:08:45.583878+00:00
2025-12-18,66.83000183105469,67.45999908447266,66.44000244140625,66.95999908447266,66.95999908447266,3839700,CTVA,yfinance,2026-02-10T05:08:45.583878+00:00
2025-12-19,67.24500274658203,67.24500274658203,66.1500015258789,66.30999755859375,66.30999755859375,8981900,CTVA,yfinance,2026-02-10T05:08:45.583878+00:00
2025-12-22,66.31999969482422,67.1500015258789,66.31999969482422,67.08999633789062,67.08999633789062,2410500,CTVA,yfinance,2026-02-10T05:08:45.583878+00:00
2025-12-23,67.08000183105469,67.2300033569336,66.5,67.1500015258789,67.1500015258789,2635300,CTVA,yfinance,2026-02-10T05:08:45.583878+00:00
2025-12-24,67.19999694824219,67.56999969482422,67.0250015258789,67.33000183105469,67.33000183105469,770500,CTVA,yfinance,2026-02-10T05:08:45.583878+00:00
2025-12-26,67.31999969482422,67.62999725341797,67.13999938964844,67.44000244140625,67.44000244140625,1199300,CTVA,yfinance,2026-02-10T05:08:45.583878+00:00
2025-12-29,67.25,67.66000366210938,67.25,67.6500015258789,67.6500015258789,1994200,CTVA,yfinance,2026-02-10T05:08:45.583878+00:00
2025-12-30,67.66999816894531,67.9800033569336,67.27999877929688,67.37000274658203,67.37000274658203,1721200,CTVA,yfinance,2026-02-10T05:08:45.583878+00:00
2025-12-31,67.30999755859375,67.49500274658203,67.01000213623047,67.02999877929688,67.02999877929688,2075700,CTVA,yfinance,2026-02-10T05:08:45.583878+00:00
2026-01-02,67.0,67.95500183105469,66.33000183105469,67.76000213623047,67.76000213623047,2977300,CTVA,yfinance,2026-02-10T05:08:45.583878+00:00
2026-01-05,67.52999877929688,68.37999725341797,66.70999908447266,67.8499984741211,67.8499984741211,2816600,CTVA,yfinance,2026-02-10T05:08:45.583878+00:00
2026-01-06,67.69999694824219,69.73999786376953,67.26000213623047,69.37000274658203,69.37000274658203,4440400,CTVA,yfinance,2026-02-10T05:08:45.583878+00:00
2026-01-07,69.05000305175781,69.75,68.13500213623047,68.54000091552734,68.54000091552734,3276100,CTVA,yfinance,2026-02-10T05:08:45.583878+00:00
2026-01-08,68.30000305175781,70.38999938964844,67.88500213623047,70.13999938964844,70.13999938964844,2908600,CTVA,yfinance,2026-02-10T05:08:45.583878+00:00
2026-01-09,70.0199966430664,70.56999969482422,68.62999725341797,68.6500015258789,68.6500015258789,3341200,CTVA,yfinance,2026-02-10T05:08:45.583878+00:00
2026-01-12,68.58000183105469,69.51000213623047,67.93000030517578,68.48999786376953,68.48999786376953,3647000,CTVA,yfinance,2026-02-10T05:08:45.583878+00:00
2026-01-13,68.70999908447266,69.26000213623047,68.58000183105469,68.8499984741211,68.8499984741211,2267900,CTVA,yfinance,2026-02-10T05:08:45.583878+00:00
2026-01-14,69.51000213623047,70.7300033569336,69.30500030517578,69.94000244140625,69.94000244140625,5006500,CTVA,yfinance,2026-02-10T05:08:45.583878+00:00
2026-01-15,70.25,70.87000274658203,69.33000183105469,70.5,70.5,7045100,CTVA,yfinance,2026-02-10T05:08:45.583878+00:00
2026-01-16,69.48999786376953,70.06999969482422,68.91500091552734,69.63999938964844,69.63999938964844,3401500,CTVA,yfinance,2026-02-10T05:08:45.583878+00:00
2026-01-20,69.36000061035156,69.69999694824219,68.41999816894531,68.9000015258789,68.9000015258789,2658500,CTVA,yfinance,2026-02-10T05:08:45.583878+00:00
2026-01-21,70.33999633789062,71.88999938964844,69.53500366210938,71.4800033569336,71.4800033569336,6140200,CTVA,yfinance,2026-02-10T05:08:45.583878+00:00
2026-01-22,71.87000274658203,72.30000305175781,71.29000091552734,71.55999755859375,71.55999755859375,2756100,CTVA,yfinance,2026-02-10T05:08:45.583878+00:00
2026-01-23,71.62999725341797,72.15499877929688,71.33999633789062,71.69999694824219,71.69999694824219,3467200,CTVA,yfinance,2026-02-10T05:08:45.583878+00:00
2026-01-26,72.37999725341797,72.6500015258789,71.79000091552734,72.62999725341797,72.62999725341797,5351200,CTVA,yfinance,2026-02-10T05:08:45.583878+00:00
2026-01-27,72.61000061035156,73.31999969482422,72.5,73.0,73.0,4475300,CTVA,yfinance,2026-02-10T05:08:45.583878+00:00
2026-01-28,73.0,73.36000061035156,72.41500091552734,73.05000305175781,73.05000305175781,2742900,CTVA,yfinance,2026-02-10T05:08:45.583878+00:00
2026-01-29,73.5,74.0,73.04499816894531,73.83999633789062,73.83999633789062,3613900,CTVA,yfinance,2026-02-10T05:08:45.583878+00:00
2026-01-30,73.55000305175781,73.69999694824219,72.26000213623047,72.80000305175781,72.80000305175781,3703500,CTVA,yfinance,2026-02-10T05:08:45.583878+00:00
2026-02-02,72.80000305175781,73.70999908447266,72.5199966430664,73.19999694824219,73.19999694824219,3496600,CTVA,yfinance,2026-02-10T05:08:45.583878+00:00
2026-02-03,73.38999938964844,75.18499755859375,73.38999938964844,75.04000091552734,75.04000091552734,5662000,CTVA,yfinance,2026-02-10T05:08:45.583878+00:00
2026-02-04,73.08999633789062,76.63999938964844,73.0,75.12000274658203,75.12000274658203,7132800,CTVA,yfinance,2026-02-10T05:08:45.583878+00:00
2026-02-05,74.41000366210938,75.0,72.30999755859375,72.47000122070312,72.47000122070312,5733500,CTVA,yfinance,2026-02-10T05:08:45.583878+00:00
2026-02-06,73.16000366210938,73.86499786376953,72.16000366210938,72.5999984741211,72.5999984741211,4199200,CTVA,yfinance,2026-02-10T05:08:45.583878+00:00
2026-02-09,71.91999816894531,73.86000061035156,71.83999633789062,73.62000274658203,73.62000274658203,4262400,CTVA,yfinance,2026-02-10T05:08:45.583878+00:00
