date,open,high,low,close,adj_close,volume,ticker,source,updated_at
2015-10-19,10.752330780029297,10.752330780029297,9.578291893005371,9.618976593017578,7.272710800170898,2721233,HPE,yfinance,2026-02-10T05:09:22.739344+00:00
2015-10-20,9.444615364074707,9.839836120605469,9.444615364074707,9.804963111877441,7.413329601287842,1220907,HPE,yfinance,2026-02-10T05:09:22.739344+00:00
2015-10-21,10.025821685791016,10.083943367004395,9.5317964553833,9.578291893005371,7.241947174072266,135236,HPE,yfinance,2026-02-10T05:09:22.739344+00:00
2015-10-22,9.711970329284668,9.90958023071289,9.438802719116211,9.851460456848145,7.448485374450684,189261,HPE,yfinance,2026-02-10T05:09:22.739344+00:00
2015-10-23,10.025821685791016,10.025821685791016,9.793338775634766,9.88051986694336,7.470457077026367,103061,HPE,yfinance,2026-02-10T05:09:22.739344+00:00
2015-10-26,9.944453239440918,9.944453239440918,9.479487419128418,9.54341983795166,7.215580940246582,885743,HPE,yfinance,2026-02-10T05:09:22.739344+00:00
2015-10-27,9.624789237976074,9.735218048095703,9.066829681396484,9.142387390136719,6.91237211227417,1094274,HPE,yfinance,2026-02-10T05:09:22.739344+00:00
2015-10-28,9.241191864013672,9.50273609161377,9.20922565460205,9.462051391601562,7.154059410095215,509801,HPE,yfinance,2026-02-10T05:09:22.739344+00:00
2015-10-29,9.30512523651123,9.456238746643066,9.03777027130127,9.27025318145752,7.0090484619140625,499650,HPE,yfinance,2026-02-10T05:09:22.739344+00:00
2015-10-30,9.241191864013672,9.357434272766113,8.555368423461914,8.555368423461914,6.468536376953125,4214161,HPE,yfinance,2026-02-10T05:09:22.739344+00:00
2015-11-02,8.71229362487793,8.816910743713379,8.055529594421387,8.421689987182617,6.367466449737549,70312635,HPE,yfinance,2026-02-10T05:09:22.739344+00:00
2015-11-03,8.177582740783691,8.549555778503418,7.948007106781006,8.3461332321167,6.310337543487549,69176379,HPE,yfinance,2026-02-10T05:09:22.739344+00:00
2015-11-04,8.363570213317871,8.43331527709961,7.9102277755737305,7.939289093017578,6.002731800079346,54241942,HPE,yfinance,2026-02-10T05:09:22.739344+00:00
2015-11-05,7.927663803100586,8.072965621948242,7.625436782836914,7.718430042266846,5.835743427276611,38180025,HPE,yfinance,2026-02-10T05:09:22.739344+00:00
2015-11-06,7.660308837890625,8.415878295898438,7.6428728103637695,8.36938190460205,6.327916622161865,51702744,HPE,yfinance,2026-02-10T05:09:22.739344+00:00
2015-11-09,8.288013458251953,8.415878295898438,8.212455749511719,8.253140449523926,6.240029811859131,30158099,HPE,yfinance,2026-02-10T05:09:22.739344+00:00
2015-11-10,8.212455749511719,8.392629623413086,8.14271068572998,8.37519359588623,6.33231258392334,25426050,HPE,yfinance,2026-02-10T05:09:22.739344+00:00
2015-11-11,8.253140449523926,8.317072868347168,8.189208030700684,8.20083236694336,6.2004804611206055,18942302,HPE,yfinance,2026-02-10T05:09:22.739344+00:00
2015-11-12,8.026470184326172,8.032281875610352,7.898603916168213,7.962536811828613,6.020309925079346,35050675,HPE,yfinance,2026-02-10T05:09:22.739344+00:00
2015-11-13,7.9102277755737305,7.997408866882324,7.6428728103637695,7.782362937927246,5.8840837478637695,25678456,HPE,yfinance,2026-02-10T05:09:22.739344+00:00
2015-11-16,7.770738124847412,7.9102277755737305,7.63706111907959,7.776550769805908,5.879690170288086,23712203,HPE,yfinance,2026-02-10T05:09:22.739344+00:00
2015-11-17,7.776550769805908,7.84048318862915,7.625436782836914,7.683557033538818,5.809378147125244,21370697,HPE,yfinance,2026-02-10T05:09:22.739344+00:00
2015-11-18,7.8346710205078125,7.979972839355469,7.6655402183532715,7.927663803100586,5.993943214416504,22402515,HPE,yfinance,2026-02-10T05:09:22.739344+00:00
2015-11-19,7.863731861114502,8.072965621948242,7.857920169830322,8.009033203125,6.055464267730713,22662319,HPE,yfinance,2026-02-10T05:09:22.739344+00:00
2015-11-20,8.009033203125,8.503059387207031,7.950912952423096,8.258952140808105,6.2444233894348145,31932509,HPE,yfinance,2026-02-10T05:09:22.739344+00:00
2015-11-23,8.23570442199707,8.258952140808105,7.886980056762695,8.049717903137207,6.0862250328063965,26354291,HPE,yfinance,2026-02-10T05:09:22.739344+00:00
2015-11-24,7.892792224884033,8.151429176330566,7.84629487991333,7.956725120544434,6.0159149169921875,41484183,HPE,yfinance,2026-02-10T05:09:22.739344+00:00
2015-11-25,8.084589958190918,8.636736869812012,8.043906211853027,8.206644058227539,6.204873085021973,39017248,HPE,yfinance,2026-02-10T05:09:22.739344+00:00
2015-11-27,8.206644058227539,8.508871078491211,8.165959358215332,8.340320587158203,6.305943965911865,10395090,HPE,yfinance,2026-02-10T05:09:22.739344+00:00
2015-11-30,8.270577430725098,8.718106269836426,8.24151611328125,8.636736869812012,6.53005838394165,50075613,HPE,yfinance,2026-02-10T05:09:22.739344+00:00
2015-12-01,8.648361206054688,9.229567527770996,8.630925178527832,9.07264232635498,6.85963773727417,43197341,HPE,yfinance,2026-02-10T05:09:22.739344+00:00
2015-12-02,8.93315315246582,9.031957626342773,8.642548561096191,8.689045906066895,6.56960916519165,21818558,HPE,yfinance,2026-02-10T05:09:22.739344+00:00
2015-12-03,8.718106269836426,8.915716171264648,8.4739990234375,8.497246742248535,6.424594402313232,32527478,HPE,yfinance,2026-02-10T05:09:22.739344+00:00
2015-12-04,8.363570213317871,8.889561653137207,8.276389122009277,8.845972061157227,6.688258171081543,20648579,HPE,yfinance,2026-02-10T05:09:22.739344+00:00
2015-12-07,8.718106269836426,8.997084617614746,8.671608924865723,8.97964859008789,6.813950538635254,16424439,HPE,yfinance,2026-02-10T05:09:22.739344+00:00
2015-12-08,8.770415306091309,8.886655807495117,8.497246742248535,8.816910743713379,6.6904616355896,19988745,HPE,yfinance,2026-02-10T05:09:22.739344+00:00
2015-12-09,8.71229362487793,8.94477653503418,8.532119750976562,8.630925178527832,6.549330711364746,24538415,HPE,yfinance,2026-02-10T05:09:22.739344+00:00
2015-12-10,8.596052169799805,8.607677459716797,8.444938659667969,8.555368423461914,6.491998672485352,19528668,HPE,yfinance,2026-02-10T05:09:22.739344+00:00
2015-12-11,8.71229362487793,8.950589179992676,8.218268394470215,8.24151611328125,6.253839492797852,18265779,HPE,yfinance,2026-02-10T05:09:22.739344+00:00
2015-12-14,8.311261177062988,8.427501678466797,8.090401649475098,8.392629623413086,6.368508338928223,19834755,HPE,yfinance,2026-02-10T05:09:22.739344+00:00
2015-12-15,8.43331527709961,8.70648193359375,8.418784141540527,8.462374687194824,6.421433925628662,22175746,HPE,yfinance,2026-02-10T05:09:22.739344+00:00
2015-12-16,8.497246742248535,8.607677459716797,8.456562995910645,8.543744087219238,6.483178615570068,13490889,HPE,yfinance,2026-02-10T05:09:22.739344+00:00
2015-12-17,8.491435050964355,8.555368423461914,8.264763832092285,8.317072868347168,6.311173439025879,13118732,HPE,yfinance,2026-02-10T05:09:22.739344+00:00
2015-12-18,8.293825149536133,8.360664367675781,8.1368989944458,8.229891777038574,6.245018005371094,33271447,HPE,yfinance,2026-02-10T05:09:22.739344+00:00
2015-12-21,8.206644058227539,8.36938190460205,8.061342239379883,8.148523330688477,6.18327522277832,16970372,HPE,yfinance,2026-02-10T05:09:22.739344+00:00
2015-12-22,8.160146713256836,8.218268394470215,8.090401649475098,8.171771049499512,6.2009148597717285,12547163,HPE,yfinance,2026-02-10T05:09:22.739344+00:00
2015-12-23,8.24732780456543,8.70067024230957,8.165959358215332,8.665797233581543,6.5757927894592285,19359710,HPE,yfinance,2026-02-10T05:09:22.739344+00:00
2015-12-24,8.607677459716797,8.816910743713379,8.596052169799805,8.729729652404785,6.6243062019348145,3748234,HPE,yfinance,2026-02-10T05:09:22.739344+00:00
2015-12-28,8.654172897338867,8.880844116210938,8.613489151000977,8.851783752441406,6.716922283172607,10203937,HPE,yfinance,2026-02-10T05:09:22.739344+00:00
2015-12-29,8.886655807495117,8.972092628479004,8.822723388671875,8.834346771240234,6.70369291305542,10797873,HPE,yfinance,2026-02-10T05:09:22.739344+00:00
2015-12-30,8.886655807495117,8.997084617614746,8.80528736114502,8.880844116210938,6.738977432250977,10796841,HPE,yfinance,2026-02-10T05:09:22.739344+00:00
2015-12-31,8.851783752441406,8.898280143737793,8.776226997375488,8.834346771240234,6.70369291305542,11644903,HPE,yfinance,2026-02-10T05:09:22.739344+00:00
2016-01-04,8.70067024230957,8.80528736114502,8.566991806030273,8.793663024902344,6.672820568084717,25940497,HPE,yfinance,2026-02-10T05:09:22.739344+00:00
2016-01-05,8.793663024902344,8.863408088684082,8.683234214782715,8.735542297363281,6.628716468811035,17770259,HPE,yfinance,2026-02-10T05:09:22.739344+00:00
2016-01-06,8.497246742248535,8.718106269836426,8.43331527709961,8.6018648147583,6.527279853820801,19468277,HPE,yfinance,2026-02-10T05:09:22.739344+00:00
2016-01-07,8.427501678466797,8.462374687194824,7.933475971221924,7.968348979949951,6.046555042266846,34143941,HPE,yfinance,2026-02-10T05:09:22.739344+00:00
2016-01-08,8.003220558166504,8.148523330688477,7.735866069793701,7.86954402923584,5.9715776443481445,28272024,HPE,yfinance,2026-02-10T05:09:22.739344+00:00
2016-01-11,7.8056111335754395,7.968348979949951,7.596375942230225,7.706806182861328,5.848090648651123,25998996,HPE,yfinance,2026-02-10T05:09:22.739344+00:00
2016-01-12,7.759113788604736,7.799798965454102,7.607999801635742,7.706806182861328,5.848090648651123,21435562,HPE,yfinance,2026-02-10T05:09:22.739344+00:00
2016-01-13,7.759113788604736,7.759113788604736,7.282525062561035,7.4103899002075195,5.623162746429443,30489650,HPE,yfinance,2026-02-10T05:09:22.739344+00:00
2016-01-14,7.4103899002075195,7.654497146606445,7.352269172668457,7.555692195892334,5.733421325683594,22973740,HPE,yfinance,2026-02-10T05:09:22.739344+00:00
2016-01-15,7.323208808898926,7.439449787139893,7.259275913238525,7.288337230682373,5.530547618865967,33945733,HPE,yfinance,2026-02-10T05:09:22.739344+00:00
2016-01-19,7.369706153869629,7.427825927734375,7.090725898742676,7.160470962524414,5.433518886566162,22239750,HPE,yfinance,2026-02-10T05:09:22.739344+00:00
2016-01-20,6.974484920501709,7.090725898742676,6.756532192230225,7.00935697555542,5.318850517272949,28630244,HPE,yfinance,2026-02-10T05:09:22.739344+00:00
2016-01-21,6.974484920501709,7.288337230682373,6.86986780166626,7.212779998779297,5.4732136726379395,28784234,HPE,yfinance,2026-02-10T05:09:22.739344+00:00
2016-01-22,7.3813300132751465,7.8056111335754395,7.352269172668457,7.759113788604736,5.887781620025635,26272736,HPE,yfinance,2026-02-10T05:09:22.739344+00:00
2016-01-25,7.724242210388184,7.875356197357178,7.625436782836914,7.753302097320557,5.883371829986572,19241679,HPE,yfinance,2026-02-10T05:09:22.739344+00:00
2016-01-26,7.759113788604736,7.977066993713379,7.759113788604736,7.904416084289551,5.9980387687683105,18454869,HPE,yfinance,2026-02-10T05:09:22.739344+00:00
2016-01-27,7.863731861114502,7.9102277755737305,7.529538154602051,7.782362937927246,5.905424118041992,31803640,HPE,yfinance,2026-02-10T05:09:22.739344+00:00
2016-01-28,7.817234992980957,7.962536811828613,7.596375942230225,7.666121006011963,5.817216873168945,16989470,HPE,yfinance,2026-02-10T05:09:22.739344+00:00
2016-01-29,7.793986797332764,8.067153930664062,7.759113788604736,7.997408866882324,6.068604469299316,19548799,HPE,yfinance,2026-02-10T05:09:22.739344+00:00
2016-02-01,7.945100784301758,8.067153930664062,7.863731861114502,8.01484489440918,6.081836700439453,16430633,HPE,yfinance,2026-02-10T05:09:22.739344+00:00
2016-02-02,7.962536811828613,8.119462966918945,7.764925956726074,7.817234992980957,5.931885719299316,16650692,HPE,yfinance,2026-02-10T05:09:22.739344+00:00
2016-02-03,7.939289093017578,8.003220558166504,7.619625091552734,7.770738124847412,5.896603584289551,12995369,HPE,yfinance,2026-02-10T05:09:22.739344+00:00
2016-02-04,7.735866069793701,8.072965621948242,7.735866069793701,8.049717903137207,6.1082987785339355,11182073,HPE,yfinance,2026-02-10T05:09:22.739344+00:00
2016-02-05,7.956725120544434,7.9915971755981445,7.576034069061279,7.671933174133301,5.821628093719482,22759014,HPE,yfinance,2026-02-10T05:09:22.739344+00:00
2016-02-08,7.555692195892334,7.584752082824707,7.189530849456787,7.270899772644043,5.517314434051514,25491603,HPE,yfinance,2026-02-10T05:09:22.739344+00:00
2016-02-09,7.189530849456787,7.47432279586792,7.154658794403076,7.392953872680664,5.609931468963623,11504506,HPE,yfinance,2026-02-10T05:09:22.739344+00:00
2016-02-10,7.422014236450195,7.596375942230225,7.387142181396484,7.47432279586792,5.671675682067871,10292717,HPE,yfinance,2026-02-10T05:09:22.739344+00:00
2016-02-11,7.30577278137207,7.363893985748291,6.983202934265137,7.206967830657959,5.468802452087402,16920476,HPE,yfinance,2026-02-10T05:09:22.739344+00:00
2016-02-12,7.265088081359863,7.433638095855713,7.079102039337158,7.143034934997559,5.4202880859375,18150846,HPE,yfinance,2026-02-10T05:09:22.739344+00:00
2016-02-16,7.212779998779297,7.259275913238525,7.131411075592041,7.166283130645752,5.437931537628174,20606942,HPE,yfinance,2026-02-10T05:09:22.739344+00:00
2016-02-17,7.201156139373779,7.63706111907959,7.189530849456787,7.567316055297852,5.742242336273193,14910693,HPE,yfinance,2026-02-10T05:09:22.739344+00:00
2016-02-18,7.584752082824707,7.962536811828613,7.567316055297852,7.863731861114502,5.967169284820557,20189190,HPE,yfinance,2026-02-10T05:09:22.739344+00:00
2016-02-19,7.852107048034668,7.985785007476807,7.70099401473999,7.945100784301758,6.028913497924805,16198014,HPE,yfinance,2026-02-10T05:09:22.739344+00:00
2016-02-22,7.9915971755981445,8.067153930664062,7.886980056762695,8.02065658569336,6.086246967315674,18505625,HPE,yfinance,2026-02-10T05:09:22.739344+00:00
2016-02-23,7.974161148071289,8.032281875610352,7.462698936462402,7.607999801635742,5.773114204406738,25201001,HPE,yfinance,2026-02-10T05:09:22.739344+00:00
2016-02-24,7.555692195892334,7.886980056762695,7.451075077056885,7.863731861114502,5.967169284820557,22757638,HPE,yfinance,2026-02-10T05:09:22.739344+00:00
2016-02-25,7.817234992980957,7.968348979949951,7.695181846618652,7.950912952423096,6.033323287963867,20784159,HPE,yfinance,2026-02-10T05:09:22.739344+00:00
2016-02-26,8.009033203125,8.02065658569336,7.6428728103637695,7.811422824859619,5.927476406097412,18624516,HPE,yfinance,2026-02-10T05:09:22.739344+00:00
2016-02-29,7.735866069793701,7.8346710205078125,7.671933174133301,7.712617874145508,5.852499008178711,21932459,HPE,yfinance,2026-02-10T05:09:22.739344+00:00
2016-03-01,7.799798965454102,7.828858852386475,7.607999801635742,7.718430042266846,5.856910705566406,14373879,HPE,yfinance,2026-02-10T05:09:22.739344+00:00
2016-03-02,7.776550769805908,8.165959358215332,7.759113788604736,8.078778266906738,6.1303510665893555,17234305,HPE,yfinance,2026-02-10T05:09:22.739344+00:00
2016-03-03,8.084589958190918,8.10783863067627,7.718430042266846,7.904416084289551,5.9980387687683105,17256500,HPE,yfinance,2026-02-10T05:09:22.739344+00:00
2016-03-04,8.659984588623047,9.206319808959961,8.613489151000977,8.973836898803711,6.809541702270508,57415854,HPE,yfinance,2026-02-10T05:09:22.739344+00:00
2016-03-07,8.793663024902344,9.293500900268555,8.752978324890137,9.281876564025879,7.068465709686279,31792800,HPE,yfinance,2026-02-10T05:09:22.739344+00:00
2016-03-08,9.154010772705078,9.177260398864746,8.837252616882324,8.851783752441406,6.740937232971191,21215331,HPE,yfinance,2026-02-10T05:09:22.739344+00:00
2016-03-09,8.915716171264648,9.203413963317871,8.892468452453613,9.002897262573242,6.856015682220459,19045536,HPE,yfinance,2026-02-10T05:09:22.739344+00:00
2016-03-10,9.03777027130127,9.421366691589355,9.020334243774414,9.241191864013672,7.037484169006348,24578332,HPE,yfinance,2026-02-10T05:09:22.739344+00:00
2016-03-11,9.299312591552734,9.555044174194336,9.299312591552734,9.491110801696777,7.2278032302856445,26984531,HPE,yfinance,2026-02-10T05:09:22.739344+00:00
2016-03-14,9.41555404663086,9.630600929260254,9.322561264038086,9.53760814666748,7.263215065002441,16641917,HPE,yfinance,2026-02-10T05:09:22.739344+00:00
2016-03-15,9.50854778289795,9.810774803161621,9.444615364074707,9.746842384338379,7.422555446624756,23974588,HPE,yfinance,2026-02-10T05:09:22.739344+00:00
2016-03-16,9.711970329284668,10.014198303222656,9.64803695678711,9.990948677062988,7.608449459075928,21531053,HPE,yfinance,2026-02-10T05:09:22.739344+00:00
2016-03-17,9.956076622009277,10.072318077087402,9.857272148132324,9.973512649536133,7.595170497894287,18699360,HPE,yfinance,2026-02-10T05:09:22.739344+00:00
2016-03-18,9.979325294494629,10.217619895935059,9.927017211914062,10.072318077087402,7.670414924621582,53273441,HPE,yfinance,2026-02-10T05:09:22.739344+00:00
2016-03-21,10.072318077087402,10.426855087280273,10.054882049560547,10.293176651000977,7.838604927062988,18463127,HPE,yfinance,2026-02-10T05:09:22.739344+00:00
2016-03-22,10.118815422058105,10.508223533630371,10.078130722045898,10.176936149597168,7.75008487701416,19474127,HPE,yfinance,2026-02-10T05:09:22.739344+00:00
2016-03-23,10.182747840881348,10.211808204650879,9.932828903198242,10.14787483215332,7.7279534339904785,19674400,HPE,yfinance,2026-02-10T05:09:22.739344+00:00
2016-03-24,10.118815422058105,10.252492904663086,9.944453239440918,10.211808204650879,7.776642322540283,15261342,HPE,yfinance,2026-02-10T05:09:22.739344+00:00
2016-03-28,10.159499168395996,10.267023086547852,10.00838565826416,10.176936149597168,7.75008487701416,9518639,HPE,yfinance,2026-02-10T05:09:22.739344+00:00
2016-03-29,10.095566749572754,10.275740623474121,10.00838565826416,10.258304595947266,7.812051296234131,10197054,HPE,yfinance,2026-02-10T05:09:22.739344+00:00
2016-03-30,10.298989295959473,10.412324905395508,10.246681213378906,10.397793769836426,7.918274879455566,18156352,HPE,yfinance,2026-02-10T05:09:22.739344+00:00
2016-03-31,10.368734359741211,10.43847942352295,10.176936149597168,10.304800987243652,7.847459316253662,17876245,HPE,yfinance,2026-02-10T05:09:22.739344+00:00
2016-04-01,10.235055923461914,10.778485298156738,10.205995559692383,10.694210052490234,8.14400577545166,25550102,HPE,yfinance,2026-02-10T05:09:22.739344+00:00
2016-04-04,10.723270416259766,10.723270416259766,10.421043395996094,10.48497486114502,7.9846649169921875,13191512,HPE,yfinance,2026-02-10T05:09:22.739344+00:00
2016-04-05,10.386170387268066,10.409419059753418,10.205995559692383,10.235055923461914,7.794344902038574,14280625,HPE,yfinance,2026-02-10T05:09:22.739344+00:00
2016-04-06,10.258304595947266,10.450102806091309,10.14787483215332,10.43847942352295,7.949258327484131,17879858,HPE,yfinance,2026-02-10T05:09:22.739344+00:00
2016-04-07,10.33967399597168,10.48497486114502,10.243775367736816,10.310612678527832,7.85188627243042,16196809,HPE,yfinance,2026-02-10T05:09:22.739344+00:00
2016-04-08,10.37454605102539,10.633182525634766,10.351298332214355,10.397793769836426,7.918274879455566,12525312,HPE,yfinance,2026-02-10T05:09:22.739344+00:00
2016-04-11,10.432666778564453,10.496600151062012,10.264117240905762,10.304800987243652,7.847459316253662,10114296,HPE,yfinance,2026-02-10T05:09:22.739344+00:00
2016-04-12,10.293176651000977,10.322237014770508,9.985136985778809,10.020009994506836,7.63057804107666,15120085,HPE,yfinance,2026-02-10T05:09:22.739344+00:00
2016-04-13,10.049070358276367,10.176936149597168,9.967700958251953,10.171124458312988,7.745658874511719,14182897,HPE,yfinance,2026-02-10T05:09:22.739344+00:00
2016-04-14,10.089755058288574,10.11300277709961,9.915392875671387,10.031634330749512,7.639431953430176,11503990,HPE,yfinance,2026-02-10T05:09:22.739344+00:00
2016-04-15,10.118815422058105,10.159499168395996,9.793338775634766,10.11300277709961,7.701398849487305,20409250,HPE,yfinance,2026-02-10T05:09:22.739344+00:00
2016-04-18,10.00257396697998,10.162405967712402,9.961889266967773,10.136251449584961,7.719101905822754,9740935,HPE,yfinance,2026-02-10T05:09:22.739344+00:00
2016-04-19,10.14787483215332,10.159499168395996,9.967700958251953,10.020009994506836,7.63057804107666,11079872,HPE,yfinance,2026-02-10T05:09:22.739344+00:00
2016-04-20,9.921204566955566,10.171124458312988,9.921204566955566,10.11300277709961,7.701398849487305,9360003,HPE,yfinance,2026-02-10T05:09:22.739344+00:00
2016-04-21,10.078130722045898,10.310612678527832,10.066506385803223,10.14787483215332,7.7279534339904785,10272415,HPE,yfinance,2026-02-10T05:09:22.739344+00:00
2016-04-22,10.136251449584961,10.287364959716797,10.072318077087402,10.165311813354492,7.74123477935791,13692194,HPE,yfinance,2026-02-10T05:09:22.739344+00:00
2016-04-25,10.089755058288574,10.118815422058105,9.77590274810791,10.00257396697998,7.617301940917969,10051667,HPE,yfinance,2026-02-10T05:09:22.739344+00:00
2016-04-26,10.025821685791016,10.15078067779541,10.014198303222656,10.089755058288574,7.683696269989014,10813874,HPE,yfinance,2026-02-10T05:09:22.739344+00:00
2016-04-27,10.054882049560547,10.182747840881348,10.025821685791016,10.060693740844727,7.661561965942383,10948938,HPE,yfinance,2026-02-10T05:09:22.739344+00:00
2016-04-28,9.979325294494629,10.10428524017334,9.834024429321289,9.897955894470215,7.537630081176758,8237340,HPE,yfinance,2026-02-10T05:09:22.739344+00:00
2016-04-29,9.816587448120117,9.828210830688477,9.595728874206543,9.682909965515137,7.373864650726318,12195481,HPE,yfinance,2026-02-10T05:09:22.739344+00:00
2016-05-02,9.682909965515137,9.735218048095703,9.462051391601562,9.5317964553833,7.258787155151367,14557979,HPE,yfinance,2026-02-10T05:09:22.739344+00:00
2016-05-03,9.432991027832031,9.444615364074707,9.171446800231934,9.258628845214844,7.05076265335083,19039170,HPE,yfinance,2026-02-10T05:09:22.739344+00:00
2016-05-04,9.183072090148926,9.299312591552734,9.113327026367188,9.258628845214844,7.05076265335083,11420887,HPE,yfinance,2026-02-10T05:09:22.739344+00:00
2016-05-05,9.27025318145752,9.281876564025879,9.090078353881836,9.136574745178223,6.957815170288086,6054985,HPE,yfinance,2026-02-10T05:09:22.739344+00:00
2016-05-06,9.08426570892334,9.217944145202637,9.04358196258545,9.171446800231934,6.984371185302734,8574569,HPE,yfinance,2026-02-10T05:09:22.739344+00:00
2016-05-09,9.130763053894043,9.2760648727417,9.107515335083008,9.217944145202637,7.019779682159424,8505230,HPE,yfinance,2026-02-10T05:09:22.739344+00:00
2016-05-10,9.235380172729492,9.241191864013672,9.07264232635498,9.235380172729492,7.033059120178223,8192777,HPE,yfinance,2026-02-10T05:09:22.739344+00:00
2016-05-11,9.235380172729492,9.50564193725586,9.229567527770996,9.31093692779541,7.090600490570068,11132349,HPE,yfinance,2026-02-10T05:09:22.739344+00:00
2016-05-12,9.351621627807617,9.380681991577148,9.214456558227539,9.241191864013672,7.037484169006348,9321807,HPE,yfinance,2026-02-10T05:09:22.739344+00:00
2016-05-13,9.241191864013672,9.366151809692383,9.119138717651367,9.165635108947754,6.97994327545166,11680863,HPE,yfinance,2026-02-10T05:09:22.739344+00:00
2016-05-16,9.159823417663574,9.354528427124023,9.130763053894043,9.2760648727417,7.064042568206787,15174282,HPE,yfinance,2026-02-10T05:09:22.739344+00:00
2016-05-17,9.229567527770996,9.41555404663086,9.119138717651367,9.194696426391602,7.0020751953125,25107403,HPE,yfinance,2026-02-10T05:09:22.739344+00:00
2016-05-18,9.177260398864746,9.258628845214844,9.017428398132324,9.107515335083008,6.935684680938721,11315244,HPE,yfinance,2026-02-10T05:09:22.739344+00:00
2016-05-19,9.014521598815918,9.177260398864746,8.93896484375,9.171446800231934,6.984371185302734,11501753,HPE,yfinance,2026-02-10T05:09:22.739344+00:00
2016-05-20,9.159823417663574,9.293500900268555,9.101702690124512,9.223755836486816,7.024206638336182,15455593,HPE,yfinance,2026-02-10T05:09:22.739344+00:00
2016-05-23,9.229567527770996,9.456238746643066,9.223755836486816,9.339998245239258,7.112728595733643,14882648,HPE,yfinance,2026-02-10T05:09:22.739344+00:00
2016-05-24,9.357434272766113,9.496923446655273,9.293500900268555,9.444615364074707,7.192397117614746,21613812,HPE,yfinance,2026-02-10T05:09:22.739344+00:00
2016-05-25,10.653525352478027,10.752330780029297,9.950264930725098,10.083943367004395,7.679268836975098,75418560,HPE,yfinance,2026-02-10T05:09:22.739344+00:00
2016-05-26,9.88051986694336,10.281553268432617,9.787527084350586,10.10719108581543,7.6969709396362305,37393042,HPE,yfinance,2026-02-10T05:09:22.739344+00:00
2016-05-27,10.14787483215332,10.659337997436523,10.14787483215332,10.61284065246582,8.082039833068848,39501412,HPE,yfinance,2026-02-10T05:09:22.739344+00:00
2016-05-31,10.461727142333984,10.734893798828125,10.322237014770508,10.734893798828125,8.174985885620117,42932892,HPE,yfinance,2026-02-10T05:09:22.739344+00:00
2016-06-01,10.641901016235352,10.682585716247559,10.543095588684082,10.630276679992676,8.095317840576172,21150982,HPE,yfinance,2026-02-10T05:09:22.739344+00:00
2016-06-02,10.543095588684082,10.769766807556152,10.519847869873047,10.752330780029297,8.188268661499023,23508489,HPE,yfinance,2026-02-10T05:09:22.739344+00:00
2016-06-03,10.694210052490234,10.752330780029297,10.624464988708496,10.665149688720703,8.121874809265137,15976234,HPE,yfinance,2026-02-10T05:09:22.739344+00:00
2016-06-06,10.624464988708496,11.025498390197754,10.624464988708496,10.984813690185547,8.390457153320312,22094191,HPE,yfinance,2026-02-10T05:09:22.739344+00:00
2016-06-07,10.94994068145752,11.185330390930176,10.909256935119629,11.135927200317383,8.50588321685791,24580224,HPE,yfinance,2026-02-10T05:09:22.739344+00:00
2016-06-08,11.199859619140625,11.40328311920166,11.159175872802734,11.246356964111328,8.590232849121094,27220419,HPE,yfinance,2026-02-10T05:09:22.739344+00:00
2016-06-09,11.269604682922363,11.420719146728516,11.234732627868652,11.362598419189453,8.679018020629883,16130912,HPE,yfinance,2026-02-10T05:09:22.739344+00:00
2016-06-10,11.223108291625977,11.234732627868652,10.984813690185547,11.112678527832031,8.488125801086426,16914282,HPE,yfinance,2026-02-10T05:09:22.739344+00:00
2016-06-13,11.048746109008789,11.130114555358887,10.798827171325684,10.810450553894043,8.257274627685547,17458838,HPE,yfinance,2026-02-10T05:09:22.739344+00:00
2016-06-14,10.734893798828125,10.833700180053711,10.586687088012695,10.641901016235352,8.128533363342285,24700491,HPE,yfinance,2026-02-10T05:09:22.739344+00:00
2016-06-15,10.71164608001709,11.077807426452637,10.700021743774414,10.926692962646484,8.34606647491455,20590940,HPE,yfinance,2026-02-10T05:09:22.739344+00:00
2016-06-16,10.856947898864746,10.94412899017334,10.795921325683594,10.84532356262207,8.283914566040039,21213266,HPE,yfinance,2026-02-10T05:09:22.739344+00:00
2016-06-17,10.804638862609863,11.048746109008789,10.746519088745117,11.008062362670898,8.408215522766113,28631964,HPE,yfinance,2026-02-10T05:09:22.739344+00:00
2016-06-20,11.17080020904541,11.39747142791748,11.135927200317383,11.263792991638184,8.603549003601074,27304382,HPE,yfinance,2026-02-10T05:09:22.739344+00:00
2016-06-21,11.281229019165039,11.536959648132324,11.194047927856445,11.484651565551758,8.772244453430176,19885684,HPE,yfinance,2026-02-10T05:09:22.739344+00:00
2016-06-22,11.426530838012695,11.484651565551758,11.153364181518555,11.164987564086914,8.528082847595215,18191967,HPE,yfinance,2026-02-10T05:09:22.739344+00:00
2016-06-23,11.257981300354004,11.44396686553955,11.240545272827148,11.420719146728516,8.723414421081543,17522843,HPE,yfinance,2026-02-10T05:09:22.739344+00:00
2016-06-24,10.816263198852539,11.089430809020996,10.525659561157227,10.554719924926758,8.061942100524902,43737768,HPE,yfinance,2026-02-10T05:09:22.739344+00:00
2016-06-27,10.461727142333984,10.467538833618164,9.860177993774414,9.9967622756958,7.635762691497803,31383479,HPE,yfinance,2026-02-10T05:09:22.739344+00:00
2016-06-28,10.171124458312988,10.217619895935059,9.941547393798828,10.11300277709961,7.72454833984375,23461174,HPE,yfinance,2026-02-10T05:09:22.739344+00:00
2016-06-29,10.310612678527832,10.409419059753418,10.232150077819824,10.3338623046875,7.893246173858643,14211630,HPE,yfinance,2026-02-10T05:09:22.739344+00:00
2016-06-30,10.415230751037598,10.752330780029297,10.391982078552246,10.618653297424316,8.1107759475708,21494405,HPE,yfinance,2026-02-10T05:09:22.739344+00:00
2016-07-01,10.734893798828125,10.833700180053711,10.548908233642578,10.746519088745117,8.208443641662598,15361995,HPE,yfinance,2026-02-10T05:09:22.739344+00:00
2016-07-05,10.688398361206055,10.71164608001709,10.426855087280273,10.57796859741211,8.079699516296387,10555274,HPE,yfinance,2026-02-10T05:09:22.739344+00:00
2016-07-06,10.461727142333984,10.71164608001709,10.415230751037598,10.694210052490234,8.168490409851074,12498988,HPE,yfinance,2026-02-10T05:09:22.739344+00:00
2016-07-07,10.659337997436523,10.874383926391602,10.659337997436523,10.734893798828125,8.199563026428223,10799938,HPE,yfinance,2026-02-10T05:09:22.739344+00:00
2016-07-08,10.90344524383545,11.066183090209961,10.795921325683594,11.066183090209961,8.45261287689209,18751493,HPE,yfinance,2026-02-10T05:09:22.739344+00:00
2016-07-11,11.130114555358887,11.313196182250977,11.124302864074707,11.240545272827148,8.585797309875488,17483786,HPE,yfinance,2026-02-10T05:09:22.739344+00:00
2016-07-12,11.292853355407715,11.566020965576172,11.292853355407715,11.44396686553955,8.741171836853027,22280355,HPE,yfinance,2026-02-10T05:09:22.739344+00:00
2016-07-13,11.44396686553955,11.484651565551758,11.21729564666748,11.333538055419922,8.65682315826416,11816099,HPE,yfinance,2026-02-10T05:09:22.739344+00:00
2016-07-14,11.40328311920166,11.720622062683105,11.40328311920166,11.618329048156738,8.874354362487793,25671058,HPE,yfinance,2026-02-10T05:09:22.739344+00:00
2016-07-15,11.670638084411621,11.722946166992188,11.44396686553955,11.490464210510254,8.776687622070312,15047133,HPE,yfinance,2026-02-10T05:09:22.739344+00:00
2016-07-18,11.461402893066406,11.612517356872559,11.420719146728516,11.502087593078613,8.785562515258789,10118425,HPE,yfinance,2026-02-10T05:09:22.739344+00:00
2016-07-19,11.44396686553955,11.589268684387207,11.438155174255371,11.502087593078613,8.785562515258789,9522768,HPE,yfinance,2026-02-10T05:09:22.739344+00:00
2016-07-20,11.50790023803711,11.670638084411621,11.464308738708496,11.659013748168945,8.90542984008789,9143041,HPE,yfinance,2026-02-10T05:09:22.739344+00:00
2016-07-21,11.64157772064209,11.717134475708008,11.452685356140137,11.478839874267578,8.767807960510254,15580334,HPE,yfinance,2026-02-10T05:09:22.739344+00:00
2016-07-22,11.519523620605469,11.653202056884766,11.473027229309082,11.653202056884766,8.900991439819336,14395042,HPE,yfinance,2026-02-10T05:09:22.739344+00:00
2016-07-25,11.827564239501953,11.90893268585205,11.73457145690918,11.746194839477539,8.97202205657959,16715041,HPE,yfinance,2026-02-10T05:09:22.739344+00:00
2016-07-26,11.73457145690918,11.891496658325195,11.708415985107422,11.8856840133667,9.078567504882812,13674300,HPE,yfinance,2026-02-10T05:09:22.739344+00:00
2016-07-27,11.914745330810547,12.01064395904541,11.774092674255371,11.827564239501953,9.034173965454102,11275327,HPE,yfinance,2026-02-10T05:09:22.739344+00:00
2016-07-28,11.798502922058105,11.874059677124023,11.711321830749512,11.804314613342285,9.016414642333984,7497328,HPE,yfinance,2026-02-10T05:09:22.739344+00:00
2016-07-29,11.810128211975098,12.728434562683105,11.682262420654297,12.216973304748535,9.331612586975098,54130278,HPE,yfinance,2026-02-10T05:09:22.739344+00:00
2016-08-01,12.286717414855957,12.548260688781738,11.990302085876465,12.251845359802246,9.358247756958008,23908347,HPE,yfinance,2026-02-10T05:09:22.739344+00:00
2016-08-02,12.222784996032715,12.263468742370605,11.999019622802734,12.071670532226562,9.220624923706055,18970348,HPE,yfinance,2026-02-10T05:09:22.739344+00:00
2016-08-03,12.071670532226562,12.507575988769531,12.019362449645996,12.501764297485352,9.549141883850098,23912476,HPE,yfinance,2026-02-10T05:09:22.739344+00:00
2016-08-04,12.484328269958496,12.740058898925781,12.47270393371582,12.647066116333008,9.660127639770508,15358554,HPE,yfinance,2026-02-10T05:09:22.739344+00:00
2016-08-05,12.693561553955078,12.902796745300293,12.652877807617188,12.734247207641602,9.726717948913574,16329980,HPE,yfinance,2026-02-10T05:09:22.739344+00:00
2016-08-08,12.786555290222168,12.885360717773438,12.542448043823242,12.58313274383545,9.611294746398926,13379397,HPE,yfinance,2026-02-10T05:09:22.739344+00:00
2016-08-09,12.629630088806152,12.705185890197754,12.565696716308594,12.61219310760498,9.633490562438965,13865282,HPE,yfinance,2026-02-10T05:09:22.739344+00:00
2016-08-10,12.629630088806152,12.641254425048828,12.455266952514648,12.525012016296387,9.566898345947266,9788938,HPE,yfinance,2026-02-10T05:09:22.739344+00:00
2016-08-11,12.548260688781738,12.705185890197754,12.507575988769531,12.658690452575684,9.669005393981934,13035974,HPE,yfinance,2026-02-10T05:09:22.739344+00:00
2016-08-12,12.600568771362305,12.763306617736816,12.493045806884766,12.722622871398926,9.717839241027832,18171321,HPE,yfinance,2026-02-10T05:09:22.739344+00:00
2016-08-15,12.745870590209961,12.896985054016113,12.728434562683105,12.792366981506348,9.771111488342285,12316609,HPE,yfinance,2026-02-10T05:09:22.739344+00:00
2016-08-16,12.728434562683105,12.885360717773438,12.676125526428223,12.824334144592285,9.79552936553955,10498152,HPE,yfinance,2026-02-10T05:09:22.739344+00:00
2016-08-17,12.821428298950195,12.896985054016113,12.484328269958496,12.57732105255127,9.606855392456055,16809156,HPE,yfinance,2026-02-10T05:09:22.739344+00:00
2016-08-18,12.519200325012207,12.722622871398926,12.519200325012207,12.705185890197754,9.704521179199219,11558875,HPE,yfinance,2026-02-10T05:09:22.739344+00:00
2016-08-19,12.658690452575684,12.763306617736816,12.635441780090332,12.716811180114746,9.713398933410645,10394402,HPE,yfinance,2026-02-10T05:09:22.739344+00:00
2016-08-22,12.681938171386719,12.772025108337402,12.57150936126709,12.751683235168457,9.740035057067871,7638586,HPE,yfinance,2026-02-10T05:09:22.739344+00:00
2016-08-23,12.80399227142334,12.827239990234375,12.713905334472656,12.745870590209961,9.735597610473633,13619071,HPE,yfinance,2026-02-10T05:09:22.739344+00:00
2016-08-24,12.740058898925781,12.8156156539917,12.594757080078125,12.6063814163208,9.629049301147461,7765219,HPE,yfinance,2026-02-10T05:09:22.739344+00:00
2016-08-25,12.57150936126709,12.748777389526367,12.46689224243164,12.693561553955078,9.695638656616211,12335363,HPE,yfinance,2026-02-10T05:09:22.739344+00:00
2016-08-26,12.728434562683105,12.83886432647705,12.559885025024414,12.658690452575684,9.669005393981934,9102436,HPE,yfinance,2026-02-10T05:09:22.739344+00:00
2016-08-29,12.647066116333008,12.862112045288086,12.629630088806152,12.693561553955078,9.695638656616211,10135630,HPE,yfinance,2026-02-10T05:09:22.739344+00:00
2016-08-30,12.693561553955078,12.763306617736816,12.46689224243164,12.542448043823242,9.580218315124512,15767186,HPE,yfinance,2026-02-10T05:09:22.739344+00:00
2016-08-31,12.519200325012207,12.600568771362305,12.298340797424316,12.484328269958496,9.535823822021484,16448183,HPE,yfinance,2026-02-10T05:09:22.739344+00:00
2016-09-01,12.455266952514648,12.972541809082031,12.251845359802246,12.879549026489258,9.8377046585083,32542619,HPE,yfinance,2026-02-10T05:09:22.739344+00:00
2016-09-02,12.885360717773438,12.960918426513672,12.751683235168457,12.908609390258789,9.859904289245605,11299759,HPE,yfinance,2026-02-10T05:09:22.739344+00:00
2016-09-06,12.891173362731934,12.891173362731934,12.641254425048828,12.705185890197754,9.704521179199219,14693214,HPE,yfinance,2026-02-10T05:09:22.739344+00:00
2016-09-07,12.792366981506348,12.972541809082031,12.501764297485352,12.83886432647705,9.806626319885254,35346783,HPE,yfinance,2026-02-10T05:09:22.739344+00:00
2016-09-08,12.786555290222168,12.902796745300293,12.391334533691406,12.426206588745117,9.491429328918457,50323029,HPE,yfinance,2026-02-10T05:09:22.739344+00:00
2016-09-09,12.292529106140137,12.478515625,12.158851623535156,12.158851623535156,9.287217140197754,27124584,HPE,yfinance,2026-02-10T05:09:22.739344+00:00
2016-09-12,12.042610168457031,12.446549415588379,11.990302085876465,12.373897552490234,9.4514741897583,21937448,HPE,yfinance,2026-02-10T05:09:22.739344+00:00
2016-09-13,12.263468742370605,12.420394897460938,12.23440933227539,12.298340797424316,9.393762588500977,20650988,HPE,yfinance,2026-02-10T05:09:22.739344+00:00
2016-09-14,12.280904769897461,12.446549415588379,12.257657051086426,12.414583206176758,9.482552528381348,18886212,HPE,yfinance,2026-02-10T05:09:22.739344+00:00
2016-09-15,12.391334533691406,12.867923736572266,12.373897552490234,12.862112045288086,9.824383735656738,22183488,HPE,yfinance,2026-02-10T05:09:22.739344+00:00
2016-09-16,12.827239990234375,12.972541809082031,12.763306617736816,12.937668800354004,9.882097244262695,28129562,HPE,yfinance,2026-02-10T05:09:22.739344+00:00
2016-09-19,13.001602172851562,13.367761611938477,12.995789527893066,13.18177604675293,10.068549156188965,20660279,HPE,yfinance,2026-02-10T05:09:22.739344+00:00
2016-09-20,13.225366592407227,13.335796356201172,13.146903991699219,13.146903991699219,10.041913032531738,16635035,HPE,yfinance,2026-02-10T05:09:22.739344+00:00
2016-09-21,13.135279655456543,13.437506675720215,13.117842674255371,13.437506675720215,10.263884544372559,18368841,HPE,yfinance,2026-02-10T05:09:22.739344+00:00
2016-09-22,13.44913101196289,13.675802230834961,13.44913101196289,13.507251739501953,10.317153930664062,17617129,HPE,yfinance,2026-02-10T05:09:22.739344+00:00
2016-09-23,13.443319320678711,13.521781921386719,13.31545352935791,13.356138229370117,10.201728820800781,12469050,HPE,yfinance,2026-02-10T05:09:22.739344+00:00
2016-09-26,13.286394119262695,13.347419738769531,13.158528327941895,13.245709419250488,10.117385864257812,13948729,HPE,yfinance,2026-02-10T05:09:22.739344+00:00
2016-09-27,13.18758773803711,13.382292747497559,13.1126127243042,13.321266174316406,10.175098419189453,22581969,HPE,yfinance,2026-02-10T05:09:22.739344+00:00
2016-09-28,13.367761611938477,13.478192329406738,13.263145446777344,13.391011238098145,10.228367805480957,12168813,HPE,yfinance,2026-02-10T05:09:22.739344+00:00
2016-09-29,13.344513893127441,13.547937393188477,13.295111656188965,13.30964183807373,10.166213989257812,15577065,HPE,yfinance,2026-02-10T05:09:22.739344+00:00
2016-09-30,13.41425895690918,13.5363130569458,13.129467964172363,13.222460746765137,10.099627494812012,27890404,HPE,yfinance,2026-02-10T05:09:22.739344+00:00
2016-10-03,13.129467964172363,13.271862983703613,13.106219291687012,13.164340019226074,10.055231094360352,20113314,HPE,yfinance,2026-02-10T05:09:22.739344+00:00
2016-10-04,13.18177604675293,13.327077865600586,12.937668800354004,13.013225555419922,9.93980884552002,15717118,HPE,yfinance,2026-02-10T05:09:22.739344+00:00
2016-10-05,13.053911209106445,13.292205810546875,13.053911209106445,13.251521110534668,10.121824264526367,12511204,HPE,yfinance,2026-02-10T05:09:22.739344+00:00
2016-10-06,13.216649055480957,13.2805814743042,13.152715682983398,13.18177604675293,10.068549156188965,11269994,HPE,yfinance,2026-02-10T05:09:22.739344+00:00
2016-10-07,13.17596435546875,13.193400382995605,12.885360717773438,12.984166145324707,9.941720008850098,16110609,HPE,yfinance,2026-02-10T05:09:22.739344+00:00
2016-10-10,13.065534591674805,13.18758773803711,13.04228687286377,13.07715892791748,10.012923240661621,15833256,HPE,yfinance,2026-02-10T05:09:22.739344+00:00
2016-10-11,13.07715892791748,13.07715892791748,12.725528717041016,12.774930953979492,9.781513214111328,17394317,HPE,yfinance,2026-02-10T05:09:22.739344+00:00
2016-10-12,12.833051681518555,12.856300354003906,12.670313835144043,12.786555290222168,9.790413856506348,13356341,HPE,yfinance,2026-02-10T05:09:22.739344+00:00
2016-10-13,12.658690452575684,12.757494926452637,12.47270393371582,12.647066116333008,9.683608055114746,23763648,HPE,yfinance,2026-02-10T05:09:22.739344+00:00
2016-10-14,12.519200325012207,12.757494926452637,12.481422424316406,12.513387680053711,9.581256866455078,23332992,HPE,yfinance,2026-02-10T05:09:22.739344+00:00
2016-10-17,12.495951652526855,12.6063814163208,12.327402114868164,12.362274169921875,9.465551376342773,20037265,HPE,yfinance,2026-02-10T05:09:22.739344+00:00
2016-10-18,12.519200325012207,12.548260688781738,12.263468742370605,12.478515625,9.554553031921387,20106431,HPE,yfinance,2026-02-10T05:09:22.739344+00:00
2016-10-19,12.559885025024414,12.769119262695312,12.525012016296387,12.629630088806152,9.670259475708008,30091857,HPE,yfinance,2026-02-10T05:09:22.739344+00:00
2016-10-20,12.57150936126709,12.734247207641602,12.519200325012207,12.716811180114746,9.737013816833496,18222937,HPE,yfinance,2026-02-10T05:09:22.739344+00:00
2016-10-21,12.61219310760498,12.629630088806152,12.46689224243164,12.57150936126709,9.625757217407227,20590424,HPE,yfinance,2026-02-10T05:09:22.739344+00:00
2016-10-24,12.600568771362305,12.664502143859863,12.548260688781738,12.600568771362305,9.648006439208984,15560891,HPE,yfinance,2026-02-10T05:09:22.739344+00:00
2016-10-25,12.600568771362305,12.61219310760498,12.432019233703613,12.554073333740234,9.612404823303223,15908616,HPE,yfinance,2026-02-10T05:09:22.739344+00:00
2016-10-26,12.513387680053711,12.676125526428223,12.478515625,12.670313835144043,9.701409339904785,13082601,HPE,yfinance,2026-02-10T05:09:22.739344+00:00
2016-10-27,12.716811180114746,13.013225555419922,12.716811180114746,12.896985054016113,9.874967575073242,21757478,HPE,yfinance,2026-02-10T05:09:22.739344+00:00
2016-10-28,12.902796745300293,13.0713472366333,12.786555290222168,12.885360717773438,9.866065979003906,12916567,HPE,yfinance,2026-02-10T05:09:22.739344+00:00
2016-10-31,12.931857109069824,13.088783264160156,12.914421081542969,13.059722900390625,9.999571800231934,14006884,HPE,yfinance,2026-02-10T05:09:22.739344+00:00
2016-11-01,13.030661582946777,13.112030982971191,12.652877807617188,12.833051681518555,9.82601547241211,12696336,HPE,yfinance,2026-02-10T05:09:22.739344+00:00
2016-11-02,12.80980396270752,12.885360717773438,12.71099853515625,12.798179626464844,9.799314498901367,14294905,HPE,yfinance,2026-02-10T05:09:22.739344+00:00
2016-11-03,12.827239990234375,12.891173362731934,12.647066116333008,12.670313835144043,9.701409339904785,12041664,HPE,yfinance,2026-02-10T05:09:22.739344+00:00
2016-11-04,12.57732105255127,13.018457412719727,12.507575988769531,12.80980396270752,9.80821704864502,13275991,HPE,yfinance,2026-02-10T05:09:22.739344+00:00
2016-11-07,13.007413864135742,13.478192329406738,13.001602172851562,13.431694984436035,10.284384727478027,18590104,HPE,yfinance,2026-02-10T05:09:22.739344+00:00
2016-11-08,13.431694984436035,13.65255355834961,13.30383014678955,13.507251739501953,10.342235565185547,22014013,HPE,yfinance,2026-02-10T05:09:22.739344+00:00
2016-11-09,13.04228687286377,13.68742561340332,12.995789527893066,13.501440048217773,10.337787628173828,26421737,HPE,yfinance,2026-02-10T05:09:22.739344+00:00
2016-11-10,13.571185111999512,13.768795013427734,13.31545352935791,13.408447265625,10.266584396362305,22441744,HPE,yfinance,2026-02-10T05:09:22.739344+00:00
2016-11-11,13.379386901855469,13.588621139526367,13.321266174316406,13.547937393188477,10.373388290405273,16257201,HPE,yfinance,2026-02-10T05:09:22.739344+00:00
2016-11-14,13.571185111999512,13.728111267089844,13.408447265625,13.571185111999512,10.391191482543945,21289487,HPE,yfinance,2026-02-10T05:09:22.739344+00:00
2016-11-15,13.64093017578125,13.675802230834961,13.44913101196289,13.606057167053223,10.417890548706055,25421921,HPE,yfinance,2026-02-10T05:09:22.739344+00:00
2016-11-16,13.547937393188477,13.7455472946167,13.489815711975098,13.675802230834961,10.471293449401855,19870715,HPE,yfinance,2026-02-10T05:09:22.739344+00:00
2016-11-17,13.64093017578125,13.757170677185059,13.518876075744629,13.716486930847168,10.50244426727295,18754934,HPE,yfinance,2026-02-10T05:09:22.739344+00:00
2016-11-18,13.768214225769043,13.861787796020508,13.524687767028809,13.547937393188477,10.373388290405273,28549550,HPE,yfinance,2026-02-10T05:09:22.739344+00:00
2016-11-21,13.611868858337402,13.68742561340332,13.257332801818848,13.437506675720215,10.288836479187012,40098274,HPE,yfinance,2026-02-10T05:09:22.739344+00:00
2016-11-22,13.425883293151855,13.565373420715332,13.13818645477295,13.292205810546875,10.177581787109375,41580190,HPE,yfinance,2026-02-10T05:09:22.739344+00:00
2016-11-23,13.193400382995605,13.733922958374023,13.059722900390625,13.68742561340332,10.480194091796875,37097794,HPE,yfinance,2026-02-10T05:09:22.739344+00:00
2016-11-25,13.379386901855469,13.594432830810547,13.199212074279785,13.495628356933594,10.333337783813477,18320149,HPE,yfinance,2026-02-10T05:09:22.739344+00:00
2016-11-28,13.350325584411621,13.594432830810547,13.298018455505371,13.565373420715332,10.386739730834961,37604498,HPE,yfinance,2026-02-10T05:09:22.739344+00:00
2016-11-29,13.495628356933594,13.890849113464355,13.495628356933594,13.797856330871582,10.564745903015137,24233188,HPE,yfinance,2026-02-10T05:09:22.739344+00:00
2016-11-30,13.826915740966797,13.887943267822266,13.733922958374023,13.832728385925293,10.591449737548828,24902141,HPE,yfinance,2026-02-10T05:09:22.739344+00:00
2016-12-01,13.821104049682617,13.890849113464355,13.559560775756836,13.582809448242188,10.400090217590332,20974453,HPE,yfinance,2026-02-10T05:09:22.739344+00:00
2016-12-02,13.576996803283691,13.890849113464355,13.565373420715332,13.861787796020508,10.613698959350586,12629234,HPE,yfinance,2026-02-10T05:09:22.739344+00:00
2016-12-05,13.902473449707031,14.076834678649902,13.850164413452148,14.071022987365723,10.773906707763672,17673908,HPE,yfinance,2026-02-10T05:09:22.739344+00:00
2016-12-06,14.041962623596191,14.053586959838867,13.885037422180176,13.925721168518066,10.662650108337402,16941294,HPE,yfinance,2026-02-10T05:09:22.739344+00:00
2016-12-07,13.855976104736328,14.408123016357422,13.838540077209473,14.344189643859863,10.98306655883789,28028909,HPE,yfinance,2026-02-10T05:09:22.739344+00:00
2016-12-08,14.326753616333008,14.408123016357422,14.24538516998291,14.320941925048828,10.965266227722168,12216300,HPE,yfinance,2026-02-10T05:09:22.739344+00:00
2016-12-09,14.274445533752441,14.396498680114746,14.134956359863281,14.24538516998291,10.907410621643066,22907671,HPE,yfinance,2026-02-10T05:09:22.739344+00:00
2016-12-12,14.001277923583984,14.076834678649902,13.774606704711914,13.890849113464355,10.664231300354004,21249914,HPE,yfinance,2026-02-10T05:09:22.739344+00:00
2016-12-13,13.855976104736328,14.076834678649902,13.803668022155762,13.908285140991211,10.677618980407715,18690585,HPE,yfinance,2026-02-10T05:09:22.739344+00:00
2016-12-14,13.797856330871582,14.169828414916992,13.792043685913086,13.902473449707031,10.6731538772583,16920304,HPE,yfinance,2026-02-10T05:09:22.739344+00:00
2016-12-15,13.861787796020508,13.8734130859375,13.757170677185059,13.792043685913086,10.58837604522705,27706305,HPE,yfinance,2026-02-10T05:09:22.739344+00:00
2016-12-16,13.733922958374023,13.824009895324707,13.588621139526367,13.65255355834961,10.481287956237793,35485116,HPE,yfinance,2026-02-10T05:09:22.739344+00:00
2016-12-19,13.611868858337402,13.890849113464355,13.611868858337402,13.792043685913086,10.58837604522705,11699617,HPE,yfinance,2026-02-10T05:09:22.739344+00:00
2016-12-20,13.815292358398438,13.937344551086426,13.7455472946167,13.855976104736328,10.637456893920898,15602185,HPE,yfinance,2026-02-10T05:09:22.739344+00:00
2016-12-21,13.855976104736328,13.972217559814453,13.829821586608887,13.885037422180176,10.659769058227539,9327829,HPE,yfinance,2026-02-10T05:09:22.739344+00:00
2016-12-22,13.896660804748535,13.943157196044922,13.669989585876465,13.809479713439941,10.601762771606445,11015867,HPE,yfinance,2026-02-10T05:09:22.739344+00:00
2016-12-23,13.815292358398438,13.855976104736328,13.762983322143555,13.844351768493652,10.628534317016602,10125823,HPE,yfinance,2026-02-10T05:09:22.739344+00:00
2016-12-27,13.838540077209473,13.890849113464355,13.728111267089844,13.797856330871582,10.592836380004883,6512137,HPE,yfinance,2026-02-10T05:09:22.739344+00:00
2016-12-28,13.844351768493652,13.844351768493652,13.5363130569458,13.54212474822998,10.39651107788086,11347591,HPE,yfinance,2026-02-10T05:09:22.739344+00:00
2016-12-29,13.530500411987305,13.64093017578125,13.472379684448242,13.565373420715332,10.414359092712402,8858805,HPE,yfinance,2026-02-10T05:09:22.739344+00:00
2016-12-30,13.501440048217773,13.629305839538574,13.385198593139648,13.44913101196289,10.325116157531738,10862394,HPE,yfinance,2026-02-10T05:09:22.739344+00:00
2017-01-03,13.478192329406738,13.64093017578125,13.356138229370117,13.484004020690918,10.351889610290527,13861841,HPE,yfinance,2026-02-10T05:09:22.739344+00:00
2017-01-04,13.54212474822998,13.780420303344727,13.507251739501953,13.629305839538574,10.463438987731934,11969056,HPE,yfinance,2026-02-10T05:09:22.739344+00:00
2017-01-05,13.629305839538574,13.704862594604492,13.559560775756836,13.693238258361816,10.512520790100098,19883103,HPE,yfinance,2026-02-10T05:09:22.739344+00:00
2017-01-06,13.699050903320312,13.699050903320312,13.024849891662598,13.425883293151855,10.307268142700195,25019655,HPE,yfinance,2026-02-10T05:09:22.739344+00:00
2017-01-09,13.44913101196289,13.474123001098633,13.08297061920166,13.112030982971191,10.066317558288574,24591408,HPE,yfinance,2026-02-10T05:09:22.739344+00:00
2017-01-10,13.18758773803711,13.373575210571289,13.08297061920166,13.338702201843262,10.240339279174805,23212897,HPE,yfinance,2026-02-10T05:09:22.739344+00:00
2017-01-11,13.321266174316406,13.356138229370117,13.141092300415039,13.228273391723633,10.155560493469238,15961609,HPE,yfinance,2026-02-10T05:09:22.739344+00:00
2017-01-12,13.210837364196777,13.274768829345703,13.033568382263184,13.222460746765137,10.151097297668457,14234514,HPE,yfinance,2026-02-10T05:09:22.739344+00:00
2017-01-13,13.222460746765137,13.396822929382324,13.216649055480957,13.332889556884766,10.235877990722656,9905248,HPE,yfinance,2026-02-10T05:09:22.739344+00:00
2017-01-17,13.268957138061523,13.361949920654297,13.155621528625488,13.18758773803711,10.1243257522583,10155589,HPE,yfinance,2026-02-10T05:09:22.739344+00:00
2017-01-18,13.234085083007812,13.361949920654297,13.129467964172363,13.286394119262695,10.20018196105957,14536128,HPE,yfinance,2026-02-10T05:09:22.739344+00:00
2017-01-19,13.245709419250488,13.298018455505371,13.18177604675293,13.234085083007812,10.16002368927002,9976651,HPE,yfinance,2026-02-10T05:09:22.739344+00:00
2017-01-20,13.245709419250488,13.30964183807373,13.158528327941895,13.298018455505371,10.20910358428955,15579301,HPE,yfinance,2026-02-10T05:09:22.739344+00:00
2017-01-23,13.263145446777344,13.327077865600586,13.013225555419922,13.117842674255371,10.070783615112305,15614573,HPE,yfinance,2026-02-10T05:09:22.739344+00:00
2017-01-24,13.199212074279785,13.42007064819336,13.170151710510254,13.30383014678955,10.213567733764648,14144701,HPE,yfinance,2026-02-10T05:09:22.739344+00:00
2017-01-25,13.379386901855469,13.44913101196289,13.271862983703613,13.356138229370117,10.25372314453125,12553013,HPE,yfinance,2026-02-10T05:09:22.739344+00:00
2017-01-26,13.344513893127441,13.42007064819336,13.146903991699219,13.146903991699219,10.093092918395996,10554758,HPE,yfinance,2026-02-10T05:09:22.739344+00:00
2017-01-27,13.210837364196777,13.251521110534668,13.065534591674805,13.106219291687012,10.061857223510742,11716995,HPE,yfinance,2026-02-10T05:09:22.739344+00:00
2017-01-30,13.0713472366333,13.0713472366333,12.780742645263672,12.873736381530762,9.88337516784668,16078951,HPE,yfinance,2026-02-10T05:09:22.739344+00:00
2017-01-31,12.867923736572266,13.18758773803711,12.693561553955078,13.18177604675293,10.119863510131836,21481845,HPE,yfinance,2026-02-10T05:09:22.739344+00:00
2017-02-01,13.210837364196777,13.239896774291992,13.001602172851562,13.129467964172363,10.079704284667969,16757711,HPE,yfinance,2026-02-10T05:09:22.739344+00:00
2017-02-02,12.937668800354004,13.213743209838867,12.937668800354004,13.18758773803711,10.1243257522583,14275291,HPE,yfinance,2026-02-10T05:09:22.739344+00:00
2017-02-03,13.222460746765137,13.704862594604492,13.222460746765137,13.658366203308105,10.485749244689941,23112761,HPE,yfinance,2026-02-10T05:09:22.739344+00:00
2017-02-06,13.571185111999512,13.751358985900879,13.547937393188477,13.68161392211914,10.503595352172852,9451537,HPE,yfinance,2026-02-10T05:09:22.739344+00:00
2017-02-07,13.68161392211914,13.829821586608887,13.669989585876465,13.768795013427734,10.570527076721191,11192397,HPE,yfinance,2026-02-10T05:09:22.739344+00:00
2017-02-08,13.728111267089844,13.87922477722168,13.68742561340332,13.733922958374023,10.543756484985352,10469074,HPE,yfinance,2026-02-10T05:09:22.739344+00:00
2017-02-09,13.733922958374023,14.01871395111084,13.693238258361816,13.995466232299805,10.744548797607422,12060590,HPE,yfinance,2026-02-10T05:09:22.739344+00:00
2017-02-10,13.995466232299805,14.100083351135254,13.937344551086426,13.943157196044922,10.704388618469238,14299723,HPE,yfinance,2026-02-10T05:09:22.739344+00:00
2017-02-13,13.960594177246094,14.082647323608398,13.925721168518066,14.01871395111084,10.762396812438965,11128048,HPE,yfinance,2026-02-10T05:09:22.739344+00:00
2017-02-14,13.995466232299805,14.036150932312012,13.925721168518066,14.030339241027832,10.771316528320312,16786616,HPE,yfinance,2026-02-10T05:09:22.739344+00:00
2017-02-15,14.076834678649902,14.20470142364502,14.001277923583984,14.169828414916992,10.87840747833252,11762417,HPE,yfinance,2026-02-10T05:09:22.739344+00:00
2017-02-16,14.164015769958496,14.227949142456055,14.071022987365723,14.140768051147461,10.856100082397461,11783408,HPE,yfinance,2026-02-10T05:09:22.739344+00:00
2017-02-17,14.094270706176758,14.193077087402344,14.02452564239502,14.181451797485352,10.887331008911133,13047673,HPE,yfinance,2026-02-10T05:09:22.739344+00:00
2017-02-21,14.181451797485352,14.355814933776855,14.158204078674316,14.332566261291504,11.003341674804688,16285418,HPE,yfinance,2026-02-10T05:09:22.739344+00:00
2017-02-22,14.262821197509766,14.460432052612305,14.239572525024414,14.402311325073242,11.056885719299316,13138519,HPE,yfinance,2026-02-10T05:09:22.739344+00:00
2017-02-23,14.431370735168457,14.448807716369629,14.239572525024414,14.332566261291504,11.003341674804688,22893390,HPE,yfinance,2026-02-10T05:09:22.739344+00:00
2017-02-24,12.859206199645996,13.356138229370117,12.84467601776123,13.344513893127441,10.244800567626953,80662819,HPE,yfinance,2026-02-10T05:09:22.739344+00:00
2017-02-27,13.228273391723633,13.228273391723633,12.9434814453125,12.966730117797852,9.954769134521484,32712094,HPE,yfinance,2026-02-10T05:09:22.739344+00:00
2017-02-28,12.827239990234375,13.295111656188965,12.786555290222168,13.263145446777344,10.182332992553711,31589602,HPE,yfinance,2026-02-10T05:09:22.739344+00:00
2017-03-01,13.373575210571289,13.54212474822998,13.327077865600586,13.472379684448242,10.342965126037598,22835751,HPE,yfinance,2026-02-10T05:09:22.739344+00:00
2017-03-02,13.437506675720215,13.489815711975098,13.274768829345703,13.338702201843262,10.240339279174805,18544338,HPE,yfinance,2026-02-10T05:09:22.739344+00:00
2017-03-03,13.31545352935791,13.524687767028809,13.298018455505371,13.396822929382324,10.284957885742188,19903406,HPE,yfinance,2026-02-10T05:09:22.739344+00:00
2017-03-06,13.2805814743042,13.443319320678711,13.268957138061523,13.408447265625,10.293883323669434,26772730,HPE,yfinance,2026-02-10T05:09:22.739344+00:00
2017-03-07,13.350325584411621,13.478192329406738,13.193400382995605,13.263145446777344,10.182332992553711,23911616,HPE,yfinance,2026-02-10T05:09:22.739344+00:00
2017-03-08,13.251521110534668,13.2805814743042,13.117842674255371,13.146903991699219,10.093092918395996,21858303,HPE,yfinance,2026-02-10T05:09:22.739344+00:00
2017-03-09,13.094594955444336,13.18758773803711,13.007413864135742,13.059722900390625,10.02616024017334,18977230,HPE,yfinance,2026-02-10T05:09:22.739344+00:00
2017-03-10,13.094594955444336,13.18758773803711,12.902796745300293,13.001602172851562,9.981538772583008,19189374,HPE,yfinance,2026-02-10T05:09:22.739344+00:00
2017-03-13,12.896985054016113,13.036474227905273,12.885360717773438,12.972541809082031,9.988251686096191,17357669,HPE,yfinance,2026-02-10T05:09:22.739344+00:00
2017-03-14,12.926045417785645,12.978354454040527,12.798179626464844,12.920232772827148,9.947977066040039,17357669,HPE,yfinance,2026-02-10T05:09:22.739344+00:00
2017-03-15,12.920232772827148,13.2805814743042,12.85048770904541,13.18758773803711,10.153828620910645,24111717,HPE,yfinance,2026-02-10T05:09:22.739344+00:00
2017-03-16,13.193400382995605,13.286394119262695,13.07715892791748,13.158528327941895,10.13145637512207,17717954,HPE,yfinance,2026-02-10T05:09:22.739344+00:00
2017-03-17,13.164340019226074,13.361949920654297,13.08297061920166,13.2805814743042,10.22542953491211,21287078,HPE,yfinance,2026-02-10T05:09:22.739344+00:00
2017-03-20,13.234085083007812,13.40554141998291,13.170151710510254,13.338702201843262,10.270181655883789,14750165,HPE,yfinance,2026-02-10T05:09:22.739344+00:00
2017-03-21,13.338702201843262,13.41425895690918,12.902796745300293,12.931857109069824,9.956929206848145,27868897,HPE,yfinance,2026-02-10T05:09:22.739344+00:00
2017-03-22,12.914421081542969,13.106219291687012,12.84467601776123,13.07715892791748,10.068803787231445,15644338,HPE,yfinance,2026-02-10T05:09:22.739344+00:00
2017-03-23,13.04809856414795,13.344513893127441,13.007413864135742,13.251521110534668,10.203056335449219,16796251,HPE,yfinance,2026-02-10T05:09:22.739344+00:00
2017-03-24,13.286394119262695,13.507251739501953,13.152715682983398,13.234085083007812,10.189631462097168,15784392,HPE,yfinance,2026-02-10T05:09:22.739344+00:00
2017-03-27,13.106219291687012,13.2805814743042,13.007413864135742,13.205024719238281,10.167255401611328,11508463,HPE,yfinance,2026-02-10T05:09:22.739344+00:00
2017-03-28,13.18758773803711,13.489815711975098,13.152715682983398,13.373575210571289,10.297029495239258,14497071,HPE,yfinance,2026-02-10T05:09:22.739344+00:00
2017-03-29,13.367761611938477,13.908285140991211,13.31254768371582,13.757170677185059,10.59238052368164,29644340,HPE,yfinance,2026-02-10T05:09:22.739344+00:00
2017-03-30,13.716486930847168,13.844351768493652,13.669989585876465,13.728111267089844,10.570005416870117,15394686,HPE,yfinance,2026-02-10T05:09:22.739344+00:00
2017-03-31,13.617682456970215,13.948969841003418,13.617682456970215,13.774606704711914,10.605804443359375,24476303,HPE,yfinance,2026-02-10T05:09:22.739344+00:00
2017-04-03,13.964312553405762,14.01086139678955,13.429015159606934,13.630721092224121,10.495019912719727,41268108,HPE,yfinance,2026-02-10T05:09:22.739344+00:00
2017-04-04,13.498835563659668,13.894492149353027,13.460046768188477,13.886734008789062,10.692138671875,24554419,HPE,yfinance,2026-02-10T05:09:22.739344+00:00
2017-04-05,13.948798179626465,14.041893005371094,13.793638229370117,13.886734008789062,10.692138671875,24502601,HPE,yfinance,2026-02-10T05:09:22.739344+00:00
2017-04-06,13.948798179626465,14.065167427062988,13.894492149353027,13.979828834533691,10.763818740844727,15977155,HPE,yfinance,2026-02-10T05:09:22.739344+00:00
2017-04-07,13.933281898498535,14.313421249389648,13.894492149353027,14.181535720825195,10.919123649597168,36280967,HPE,yfinance,2026-02-10T05:09:22.739344+00:00
2017-04-10,14.228083610534668,14.359969139099121,14.150504112243652,14.197052001953125,10.931071281433105,28411107,HPE,yfinance,2026-02-10T05:09:22.739344+00:00
2017-04-11,14.166020393371582,14.235841751098633,14.034134864807129,14.103957176208496,10.859390258789062,14620998,HPE,yfinance,2026-02-10T05:09:22.739344+00:00
2017-04-12,14.22032642364502,14.228083610534668,13.917765617370605,14.003103256225586,10.78173828125,17688947,HPE,yfinance,2026-02-10T05:09:22.739344+00:00
2017-04-13,13.972070693969727,14.088440895080566,13.917765617370605,13.956555366516113,10.745901107788086,20986725,HPE,yfinance,2026-02-10T05:09:22.739344+00:00
2017-04-17,13.979828834533691,14.065167427062988,13.948798179626465,14.049651145935059,10.817577362060547,10234660,HPE,yfinance,2026-02-10T05:09:22.739344+00:00
2017-04-18,14.026376724243164,14.119471549987793,13.95190143585205,14.065167427062988,10.829524040222168,10324761,HPE,yfinance,2026-02-10T05:09:22.739344+00:00
2017-04-19,14.080682754516602,14.18929386138916,14.034134864807129,14.088440895080566,10.847444534301758,9413567,HPE,yfinance,2026-02-10T05:09:22.739344+00:00
2017-04-20,14.142745971679688,14.282388687133789,14.100077629089355,14.22032642364502,10.948991775512695,13204387,HPE,yfinance,2026-02-10T05:09:22.739344+00:00
2017-04-21,14.197052001953125,14.208688735961914,13.979828834533691,14.072924613952637,10.83549690246582,15784063,HPE,yfinance,2026-02-10T05:09:22.739344+00:00
2017-04-24,14.158262252807617,14.3832426071167,14.123351097106934,14.305663108825684,11.014694213867188,18105939,HPE,yfinance,2026-02-10T05:09:22.739344+00:00
2017-04-25,14.344452857971191,14.422033309936523,14.290146827697754,14.367727279663086,11.062479972839355,11001357,HPE,yfinance,2026-02-10T05:09:22.739344+00:00
2017-04-26,14.352210998535156,14.56943416595459,14.290146827697754,14.43754768371582,11.116238594055176,14089028,HPE,yfinance,2026-02-10T05:09:22.739344+00:00
2017-04-27,14.429791450500488,14.476338386535645,14.297904968261719,14.45306396484375,11.128189086914062,17807277,HPE,yfinance,2026-02-10T05:09:22.739344+00:00
2017-04-28,14.445305824279785,14.507369995117188,14.344452857971191,14.45306396484375,11.128189086914062,11964369,HPE,yfinance,2026-02-10T05:09:22.739344+00:00
2017-05-01,14.499611854553223,14.608222961425781,14.460822105407715,14.530644416809082,11.187921524047852,10576116,HPE,yfinance,2026-02-10T05:09:22.739344+00:00
2017-05-02,14.522886276245117,14.615981101989746,14.476338386535645,14.507369995117188,11.170001029968262,10110143,HPE,yfinance,2026-02-10T05:09:22.739344+00:00
2017-05-03,14.476338386535645,14.561676025390625,14.406517028808594,14.484095573425293,11.152079582214355,14169590,HPE,yfinance,2026-02-10T05:09:22.739344+00:00
2017-05-04,14.546159744262695,14.58495044708252,14.43754768371582,14.546159744262695,11.199867248535156,8458547,HPE,yfinance,2026-02-10T05:09:22.739344+00:00
2017-05-05,14.615981101989746,14.623739242553711,14.484095573425293,14.608222961425781,11.247650146484375,16416704,HPE,yfinance,2026-02-10T05:09:22.739344+00:00
2017-05-08,14.615981101989746,14.701318740844727,14.55391788482666,14.654770851135254,11.283492088317871,11736345,HPE,yfinance,2026-02-10T05:09:22.739344+00:00
2017-05-09,14.639254570007324,14.716835021972656,14.456942558288574,14.56943416595459,11.217787742614746,21023203,HPE,yfinance,2026-02-10T05:09:22.739344+00:00
2017-05-10,14.577192306518555,14.74010944366455,14.546159744262695,14.74010944366455,11.349196434020996,14653868,HPE,yfinance,2026-02-10T05:09:22.739344+00:00
2017-05-11,14.678045272827148,14.782776832580566,14.588829040527344,14.631497383117676,11.265571594238281,16039543,HPE,yfinance,2026-02-10T05:09:22.739344+00:00
2017-05-12,14.647012710571289,14.755624771118164,14.615981101989746,14.647012710571289,11.277518272399902,12393091,HPE,yfinance,2026-02-10T05:09:22.739344+00:00
2017-05-15,14.662528991699219,14.840962409973145,14.639254570007324,14.732351303100586,11.343225479125977,13808928,HPE,yfinance,2026-02-10T05:09:22.739344+00:00
2017-05-16,14.74010944366455,14.864235877990723,14.674165725708008,14.825446128845215,11.41490364074707,12260839,HPE,yfinance,2026-02-10T05:09:22.739344+00:00
2017-05-17,14.825446128845215,14.825446128845215,14.522886276245117,14.58495044708252,11.229736328125,16809591,HPE,yfinance,2026-02-10T05:09:22.739344+00:00
2017-05-18,14.46858024597168,14.709076881408691,14.367727279663086,14.56943416595459,11.217787742614746,16026524,HPE,yfinance,2026-02-10T05:09:22.739344+00:00
2017-05-19,14.615981101989746,14.74010944366455,14.328936576843262,14.37548542022705,11.068455696105957,25988818,HPE,yfinance,2026-02-10T05:09:22.739344+00:00
2017-05-22,14.367727279663086,14.623739242553711,14.359969139099121,14.577192306518555,11.223763465881348,17436561,HPE,yfinance,2026-02-10T05:09:22.739344+00:00
2017-05-23,14.639254570007324,14.662528991699219,14.546159744262695,14.631497383117676,11.265571594238281,17918260,HPE,yfinance,2026-02-10T05:09:22.739344+00:00
2017-05-24,14.615981101989746,14.724593162536621,14.56943416595459,14.670287132263184,11.29543685913086,15162120,HPE,yfinance,2026-02-10T05:09:22.739344+00:00
2017-05-25,14.716835021972656,14.74010944366455,14.592707633972168,14.615981101989746,11.253625869750977,23348044,HPE,yfinance,2026-02-10T05:09:22.739344+00:00
2017-05-26,14.623739242553711,14.654770851135254,14.53840160369873,14.608222961425781,11.247650146484375,17319777,HPE,yfinance,2026-02-10T05:09:22.739344+00:00
2017-05-30,14.56943416595459,14.685803413391113,14.499611854553223,14.623739242553711,11.259599685668945,22861704,HPE,yfinance,2026-02-10T05:09:22.739344+00:00
2017-05-31,14.58495044708252,14.643134117126465,14.398758888244629,14.592707633972168,11.235706329345703,30786476,HPE,yfinance,2026-02-10T05:09:22.739344+00:00
2017-06-01,14.235841751098633,14.251358032226562,13.553141593933105,13.59193229675293,10.465154647827148,50115031,HPE,yfinance,2026-02-10T05:09:22.739344+00:00
2017-06-02,13.452288627624512,13.638479232788086,13.149727821350098,13.498835563659668,10.393472671508789,38591113,HPE,yfinance,2026-02-10T05:09:22.739344+00:00
2017-06-05,13.452288627624512,13.460046768188477,13.289372444152832,13.312644958496094,10.250121116638184,20008631,HPE,yfinance,2026-02-10T05:09:22.739344+00:00
2017-06-06,13.29712963104248,13.335919380187988,13.2117919921875,13.2117919921875,10.172466278076172,17818492,HPE,yfinance,2026-02-10T05:09:22.739344+00:00
2017-06-07,13.2117919921875,13.374709129333496,13.19627571105957,13.219550132751465,10.178442001342773,18744767,HPE,yfinance,2026-02-10T05:09:22.739344+00:00
2017-06-08,13.219550132751465,13.281614303588867,13.173002243041992,13.22730827331543,10.184412002563477,13795265,HPE,yfinance,2026-02-10T05:09:22.739344+00:00
2017-06-09,13.219550132751465,13.436773300170898,13.037238121032715,13.180760383605957,10.148571968078613,13561698,HPE,yfinance,2026-02-10T05:09:22.739344+00:00
2017-06-12,13.103180885314941,13.126455307006836,12.84716796875,13.072149276733398,10.103602409362793,14894653,HPE,yfinance,2026-02-10T05:09:22.739344+00:00
2017-06-13,13.048874855041504,13.165244102478027,13.033358573913574,13.095422744750977,10.121585845947266,15699633,HPE,yfinance,2026-02-10T05:09:22.739344+00:00
2017-06-14,13.072149276733398,13.149727821350098,12.916990280151367,12.986810684204102,10.037639617919922,14685190,HPE,yfinance,2026-02-10T05:09:22.739344+00:00
2017-06-15,12.955780029296875,13.002326965332031,12.77734661102295,12.816137313842773,9.905726432800293,23054281,HPE,yfinance,2026-02-10T05:09:22.739344+00:00
2017-06-16,12.86268424987793,12.885957717895508,12.754073143005371,12.792862892150879,9.887739181518555,19348535,HPE,yfinance,2026-02-10T05:09:22.739344+00:00
2017-06-19,12.808379173278809,13.010085105895996,12.808379173278809,12.971296310424805,10.025652885437012,14374026,HPE,yfinance,2026-02-10T05:09:22.739344+00:00
2017-06-20,12.94802188873291,12.986810684204102,12.785104751586914,12.909232139587402,9.977680206298828,17374431,HPE,yfinance,2026-02-10T05:09:22.739344+00:00
2017-06-21,12.955780029296875,13.025601387023926,12.83165168762207,12.854926109313965,9.935709953308105,13225011,HPE,yfinance,2026-02-10T05:09:22.739344+00:00
2017-06-22,12.83165168762207,12.994568824768066,12.800621032714844,12.940263748168945,10.001666069030762,12152305,HPE,yfinance,2026-02-10T05:09:22.739344+00:00
2017-06-23,12.994568824768066,13.188517570495605,12.924748420715332,13.072149276733398,10.103602409362793,22420479,HPE,yfinance,2026-02-10T05:09:22.739344+00:00
2017-06-26,13.087664604187012,13.173002243041992,13.025601387023926,13.041116714477539,10.079618453979492,14030636,HPE,yfinance,2026-02-10T05:09:22.739344+00:00
2017-06-27,12.986810684204102,13.025601387023926,12.800621032714844,12.800621032714844,9.893735885620117,12662749,HPE,yfinance,2026-02-10T05:09:22.739344+00:00
2017-06-28,12.870442390441895,13.157485961914062,12.800621032714844,13.110939025878906,10.133581161499023,13041329,HPE,yfinance,2026-02-10T05:09:22.739344+00:00
2017-06-29,12.994568824768066,13.033358573913574,12.699767112731934,12.916990280151367,9.98367691040039,16378163,HPE,yfinance,2026-02-10T05:09:22.739344+00:00
2017-06-30,12.97905445098877,13.033358573913574,12.86268424987793,12.870442390441895,9.947697639465332,11318065,HPE,yfinance,2026-02-10T05:09:22.739344+00:00
2017-07-03,12.93250560760498,13.103180885314941,12.93250560760498,12.93250560760498,9.99566650390625,5886347,HPE,yfinance,2026-02-10T05:09:22.739344+00:00
2017-07-05,12.971296310424805,13.180760383605957,12.96353816986084,13.14197063446045,10.157565116882324,13925067,HPE,yfinance,2026-02-10T05:09:22.739344+00:00
2017-07-06,13.072149276733398,13.126455307006836,12.738556861877441,12.785104751586914,9.881742477416992,18738064,HPE,yfinance,2026-02-10T05:09:22.739344+00:00
2017-07-07,12.816137313842773,12.916990280151367,12.723040580749512,12.885957717895508,9.95969295501709,17037615,HPE,yfinance,2026-02-10T05:09:22.739344+00:00
2017-07-10,12.885957717895508,13.060511589050293,12.878199577331543,12.986810684204102,10.037639617919922,13109903,HPE,yfinance,2026-02-10T05:09:22.739344+00:00
2017-07-11,12.96353816986084,13.072149276733398,12.854926109313965,13.017843246459961,10.061626434326172,11760449,HPE,yfinance,2026-02-10T05:09:22.739344+00:00
2017-07-12,12.994568824768066,13.072149276733398,12.858804702758789,13.025601387023926,10.067623138427734,13454195,HPE,yfinance,2026-02-10T05:09:22.739344+00:00
2017-07-13,13.025601387023926,13.312644958496094,13.002326965332031,13.258339881896973,10.247509956359863,17708927,HPE,yfinance,2026-02-10T05:09:22.739344+00:00
2017-07-14,13.266098022460938,13.366950988769531,13.204033851623535,13.335919380187988,10.307473182678223,7901054,HPE,yfinance,2026-02-10T05:09:22.739344+00:00
2017-07-17,13.335919380187988,13.436773300170898,13.262219429016113,13.366950988769531,10.331456184387207,9965388,HPE,yfinance,2026-02-10T05:09:22.739344+00:00
2017-07-18,13.343676567077637,13.382467269897461,13.22730827331543,13.304887771606445,10.283488273620605,13542750,HPE,yfinance,2026-02-10T05:09:22.739344+00:00
2017-07-19,13.382467269897461,13.739333152770996,13.382467269897461,13.708300590515137,10.59528636932373,17298122,HPE,yfinance,2026-02-10T05:09:22.739344+00:00
2017-07-20,13.708300590515137,13.910008430480957,13.692785263061523,13.886734008789062,10.733201026916504,18859617,HPE,yfinance,2026-02-10T05:09:22.739344+00:00
2017-07-21,13.85570240020752,13.987586975097656,13.785881042480469,13.972070693969727,10.799161911010742,15243714,HPE,yfinance,2026-02-10T05:09:22.739344+00:00
2017-07-24,13.948798179626465,14.041893005371094,13.801396369934082,13.84018611907959,10.697224617004395,14075236,HPE,yfinance,2026-02-10T05:09:22.739344+00:00
2017-07-25,13.84018611907959,13.972070693969727,13.762606620788574,13.871217727661133,10.721208572387695,9928136,HPE,yfinance,2026-02-10T05:09:22.739344+00:00
2017-07-26,13.886734008789062,13.933281898498535,13.615205764770508,13.661752700805664,10.559310913085938,10281322,HPE,yfinance,2026-02-10T05:09:22.739344+00:00
2017-07-27,13.731575012207031,13.731575012207031,13.494956970214844,13.615205764770508,10.523333549499512,13184408,HPE,yfinance,2026-02-10T05:09:22.739344+00:00
2017-07-28,13.576416015625,13.615205764770508,13.413498878479004,13.584174156188965,10.499349594116211,11777593,HPE,yfinance,2026-02-10T05:09:22.739344+00:00
2017-07-31,13.6539945602417,13.766486167907715,13.576416015625,13.584174156188965,10.499349594116211,11294347,HPE,yfinance,2026-02-10T05:09:22.739344+00:00
2017-08-01,13.615205764770508,13.6539945602417,13.533746719360352,13.615205764770508,10.523333549499512,9943346,HPE,yfinance,2026-02-10T05:09:22.739344+00:00
2017-08-02,13.64623737335205,13.685027122497559,13.397982597351074,13.460046768188477,10.403411865234375,10271654,HPE,yfinance,2026-02-10T05:09:22.739344+00:00
2017-08-03,13.452288627624512,13.467803955078125,13.312644958496094,13.413498878479004,10.36743450164795,8584869,HPE,yfinance,2026-02-10T05:09:22.739344+00:00
2017-08-04,13.413498878479004,13.630721092224121,13.413498878479004,13.584174156188965,10.499349594116211,8123922,HPE,yfinance,2026-02-10T05:09:22.739344+00:00
2017-08-07,13.568657875061035,13.688905715942383,13.537626266479492,13.677268981933594,10.571303367614746,5909292,HPE,yfinance,2026-02-10T05:09:22.739344+00:00
2017-08-08,13.64623737335205,13.731575012207031,13.59193229675293,13.677268981933594,10.571303367614746,10173948,HPE,yfinance,2026-02-10T05:09:22.739344+00:00
2017-08-09,13.615205764770508,13.731575012207031,13.529868125915527,13.685027122497559,10.577301025390625,8984846,HPE,yfinance,2026-02-10T05:09:22.739344+00:00
2017-08-10,13.6539945602417,13.6539945602417,13.242823600769043,13.281614303588867,10.26550006866455,12069036,HPE,yfinance,2026-02-10T05:09:22.739344+00:00
2017-08-11,13.343676567077637,13.47556209564209,13.30876636505127,13.421257019042969,10.373430252075195,6805276,HPE,yfinance,2026-02-10T05:09:22.739344+00:00
2017-08-14,13.568657875061035,13.847944259643555,13.545384407043457,13.638479232788086,10.54132080078125,10254124,HPE,yfinance,2026-02-10T05:09:22.739344+00:00
2017-08-15,13.622963905334473,13.84018611907959,13.599690437316895,13.770364761352539,10.643261909484863,10719969,HPE,yfinance,2026-02-10T05:09:22.739344+00:00
2017-08-16,13.762606620788574,13.863459587097168,13.595810890197754,13.6539945602417,10.553317070007324,6336337,HPE,yfinance,2026-02-10T05:09:22.739344+00:00
2017-08-17,13.59193229675293,13.716058731079102,13.421257019042969,13.421257019042969,10.373430252075195,11823997,HPE,yfinance,2026-02-10T05:09:22.739344+00:00
2017-08-18,13.390225410461426,13.498835563659668,13.258339881896973,13.328161239624023,10.301472663879395,12322840,HPE,yfinance,2026-02-10T05:09:22.739344+00:00
2017-08-21,13.343676567077637,13.460046768188477,13.250581741333008,13.429015159606934,10.379425048828125,7851557,HPE,yfinance,2026-02-10T05:09:22.739344+00:00
2017-08-22,13.467803955078125,13.731575012207031,13.460046768188477,13.708300590515137,10.59528636932373,7026468,HPE,yfinance,2026-02-10T05:09:22.739344+00:00
2017-08-23,13.615205764770508,13.770364761352539,13.599690437316895,13.739333152770996,10.619274139404297,9091317,HPE,yfinance,2026-02-10T05:09:22.739344+00:00
2017-08-24,13.747091293334961,14.01086139678955,13.700543403625488,13.92552375793457,10.763182640075684,8553933,HPE,yfinance,2026-02-10T05:09:22.739344+00:00
2017-08-25,13.956555366516113,14.072924613952637,13.813033103942871,13.92552375793457,10.763182640075684,11647146,HPE,yfinance,2026-02-10T05:09:22.739344+00:00
2017-08-28,13.948798179626465,13.948798179626465,13.712180137634277,13.801396369934082,10.667244911193848,9661184,HPE,yfinance,2026-02-10T05:09:22.739344+00:00
2017-08-29,13.692785263061523,13.921645164489746,13.638479232788086,13.902250289916992,10.745195388793945,7612447,HPE,yfinance,2026-02-10T05:09:22.739344+00:00
2017-08-30,13.871217727661133,13.956555366516113,13.789759635925293,13.948798179626465,10.781170845031738,8092342,HPE,yfinance,2026-02-10T05:09:22.739344+00:00
2017-08-31,13.948798179626465,14.069046020507812,13.92552375793457,14.01086139678955,10.829141616821289,14603081,HPE,yfinance,2026-02-10T05:09:22.739344+00:00
2017-09-01,14.130000114440918,14.390000343322754,13.819999694824219,14.3100004196167,11.06035041809082,22355800,HPE,yfinance,2026-02-10T05:09:22.739344+00:00
2017-09-05,14.199999809265137,14.399999618530273,13.829999923706055,14.039999961853027,10.851662635803223,26755900,HPE,yfinance,2026-02-10T05:09:22.739344+00:00
2017-09-06,14.289999961853027,14.319999694824219,13.600000381469727,13.770000457763672,10.642977714538574,40580300,HPE,yfinance,2026-02-10T05:09:22.739344+00:00
2017-09-07,13.729999542236328,13.770000457763672,13.25,13.25,10.241064071655273,27036800,HPE,yfinance,2026-02-10T05:09:22.739344+00:00
2017-09-08,13.288999557495117,13.385000228881836,13.0600004196167,13.119999885559082,10.140585899353027,24308700,HPE,yfinance,2026-02-10T05:09:22.739344+00:00
2017-09-11,13.300000190734863,13.470000267028809,13.239999771118164,13.350000381469727,10.318353652954102,16505900,HPE,yfinance,2026-02-10T05:09:22.739344+00:00
2017-09-12,13.359999656677246,13.40999984741211,12.989999771118164,13.119999885559082,10.190200805664062,19398000,HPE,yfinance,2026-02-10T05:09:22.739344+00:00
2017-09-13,13.079999923706055,13.25,12.970000267028809,13.229999542236328,10.275634765625,24975000,HPE,yfinance,2026-02-10T05:09:22.739344+00:00
2017-09-14,13.180000305175781,13.529999732971191,13.130000114440918,13.470000267028809,10.462041854858398,16071700,HPE,yfinance,2026-02-10T05:09:22.739344+00:00
2017-09-15,13.369999885559082,13.5600004196167,13.319999694824219,13.520000457763672,10.500877380371094,15606000,HPE,yfinance,2026-02-10T05:09:22.739344+00:00
2017-09-18,13.569999694824219,13.720000267028809,13.510000228881836,13.539999961853027,10.516411781311035,12586100,HPE,yfinance,2026-02-10T05:09:22.739344+00:00
2017-09-19,13.5600004196167,13.640000343322754,13.470000267028809,13.489999771118164,10.47757625579834,10087500,HPE,yfinance,2026-02-10T05:09:22.739344+00:00
2017-09-20,13.579999923706055,13.680000305175781,13.5,13.630000114440918,10.586316108703613,17348000,HPE,yfinance,2026-02-10T05:09:22.739344+00:00
2017-09-21,13.600000381469727,13.899999618530273,13.510000228881836,13.789999961853027,10.710582733154297,22598600,HPE,yfinance,2026-02-10T05:09:22.739344+00:00
2017-09-22,13.859999656677246,14.289999961853027,13.819999694824219,14.260000228881836,11.075627326965332,22932500,HPE,yfinance,2026-02-10T05:09:22.739344+00:00
2017-09-25,14.1899995803833,14.720000267028809,14.170000076293945,14.699999809265137,11.417373657226562,29532200,HPE,yfinance,2026-02-10T05:09:22.739344+00:00
2017-09-26,14.739999771118164,15.079999923706055,14.6899995803833,14.890000343322754,11.564945220947266,25926100,HPE,yfinance,2026-02-10T05:09:22.739344+00:00
2017-09-27,14.890000343322754,15.119999885559082,14.819999694824219,14.850000381469727,11.533878326416016,22027400,HPE,yfinance,2026-02-10T05:09:22.739344+00:00
2017-09-28,14.84000015258789,14.9399995803833,14.5649995803833,14.569999694824219,11.316401481628418,11473100,HPE,yfinance,2026-02-10T05:09:22.739344+00:00
2017-09-29,14.600000381469727,14.75,14.539999961853027,14.710000038146973,11.425138473510742,6736900,HPE,yfinance,2026-02-10T05:09:22.739344+00:00
2017-10-02,14.680000305175781,15.0,14.649999618530273,14.970000267028809,11.627080917358398,13719600,HPE,yfinance,2026-02-10T05:09:22.739344+00:00
2017-10-03,14.970000267028809,14.987000465393066,14.619999885559082,14.6899995803833,11.409605979919434,10203600,HPE,yfinance,2026-02-10T05:09:22.739344+00:00
2017-10-04,14.699999809265137,14.890000343322754,14.550000190734863,14.800000190734863,11.49504566192627,7636300,HPE,yfinance,2026-02-10T05:09:22.739344+00:00
2017-10-05,14.84000015258789,14.960000038146973,14.760000228881836,14.829999923706055,11.518342018127441,7074400,HPE,yfinance,2026-02-10T05:09:22.739344+00:00
2017-10-06,14.789999961853027,14.850000381469727,14.579999923706055,14.800000190734863,11.49504566192627,11827300,HPE,yfinance,2026-02-10T05:09:22.739344+00:00
2017-10-09,14.84000015258789,14.970000267028809,14.770000457763672,14.800000190734863,11.49504566192627,6254600,HPE,yfinance,2026-02-10T05:09:22.739344+00:00
2017-10-10,14.819999694824219,15.029999732971191,14.8100004196167,14.960000038146973,11.619315147399902,9359400,HPE,yfinance,2026-02-10T05:09:22.739344+00:00
2017-10-11,14.9399995803833,15.039999961853027,14.850000381469727,14.9399995803833,11.603781700134277,10469600,HPE,yfinance,2026-02-10T05:09:22.739344+00:00
2017-10-12,14.930000305175781,14.9399995803833,14.729999542236328,14.800000190734863,11.49504566192627,8238400,HPE,yfinance,2026-02-10T05:09:22.739344+00:00
2017-10-13,14.649999618530273,15.0600004196167,14.640000343322754,14.890000343322754,11.564945220947266,9941500,HPE,yfinance,2026-02-10T05:09:22.739344+00:00
2017-10-16,14.880000114440918,14.960000038146973,14.8100004196167,14.859999656677246,11.541645050048828,6351400,HPE,yfinance,2026-02-10T05:09:22.739344+00:00
2017-10-17,14.84000015258789,14.890000343322754,14.545000076293945,14.609999656677246,11.34747314453125,12841100,HPE,yfinance,2026-02-10T05:09:22.739344+00:00
2017-10-18,14.670000076293945,14.800000190734863,14.664999961853027,14.699999809265137,11.417373657226562,6827100,HPE,yfinance,2026-02-10T05:09:22.739344+00:00
2017-10-19,14.5,14.529999732971191,13.800000190734863,13.859999656677246,10.76495361328125,23836500,HPE,yfinance,2026-02-10T05:09:22.739344+00:00
2017-10-20,13.880000114440918,14.1850004196167,13.800000190734863,14.039999961853027,10.904755592346191,12664400,HPE,yfinance,2026-02-10T05:09:22.739344+00:00
2017-10-23,14.09000015258789,14.324999809265137,14.0600004196167,14.25,11.067864418029785,8558400,HPE,yfinance,2026-02-10T05:09:22.739344+00:00
2017-10-24,14.25,14.475000381469727,14.229999542236328,14.3100004196167,11.11446475982666,8236600,HPE,yfinance,2026-02-10T05:09:22.739344+00:00
2017-10-25,14.279999732971191,14.289999961853027,13.880000114440918,14.079999923706055,10.935827255249023,15537300,HPE,yfinance,2026-02-10T05:09:22.739344+00:00
2017-10-26,14.210000038146973,14.3100004196167,14.079999923706055,14.25,11.067864418029785,7007000,HPE,yfinance,2026-02-10T05:09:22.739344+00:00
2017-10-27,14.270000457763672,14.34000015258789,14.180000305175781,14.279999732971191,11.091164588928223,7034100,HPE,yfinance,2026-02-10T05:09:22.739344+00:00
2017-10-30,14.229999542236328,14.279999732971191,13.90999984741211,13.979999542236328,10.858158111572266,11940100,HPE,yfinance,2026-02-10T05:09:22.739344+00:00
2017-10-31,14.020000457763672,14.055000305175781,13.875,13.920000076293945,10.81155014038086,10261900,HPE,yfinance,2026-02-10T05:09:22.739344+00:00
2017-11-01,13.9399995803833,13.9399995803833,13.470000267028809,13.600000381469727,10.563014030456543,15500000,HPE,yfinance,2026-02-10T05:09:22.739344+00:00
2017-11-02,13.569999694824219,13.65999984741211,13.484999656677246,13.630000114440918,10.586316108703613,17522400,HPE,yfinance,2026-02-10T05:09:22.739344+00:00
2017-11-03,13.619999885559082,13.630000114440918,13.399999618530273,13.5,10.48534107208252,9542900,HPE,yfinance,2026-02-10T05:09:22.739344+00:00
2017-11-06,13.460000038146973,13.630000114440918,13.239999771118164,13.630000114440918,10.586316108703613,9582500,HPE,yfinance,2026-02-10T05:09:22.739344+00:00
2017-11-07,13.600000381469727,13.739999771118164,13.520000457763672,13.569999694824219,10.53971004486084,7362300,HPE,yfinance,2026-02-10T05:09:22.739344+00:00
2017-11-08,13.5600004196167,13.59000015258789,13.460000038146973,13.539999961853027,10.516411781311035,7751800,HPE,yfinance,2026-02-10T05:09:22.739344+00:00
2017-11-09,13.479999542236328,13.75,13.470000267028809,13.720000267028809,10.656218528747559,6230900,HPE,yfinance,2026-02-10T05:09:22.739344+00:00
2017-11-10,13.720000267028809,13.75,13.600000381469727,13.699999809265137,10.640682220458984,4517900,HPE,yfinance,2026-02-10T05:09:22.739344+00:00
2017-11-13,13.670000076293945,13.694999694824219,13.470000267028809,13.479999542236328,10.469809532165527,14572600,HPE,yfinance,2026-02-10T05:09:22.739344+00:00
2017-11-14,13.380000114440918,13.479999542236328,13.229999542236328,13.270000457763672,10.306706428527832,11350600,HPE,yfinance,2026-02-10T05:09:22.739344+00:00
2017-11-15,13.199999809265137,13.319999694824219,13.100000381469727,13.15999984741211,10.221267700195312,12002200,HPE,yfinance,2026-02-10T05:09:22.739344+00:00
2017-11-16,13.210000038146973,13.420000076293945,13.210000038146973,13.270000457763672,10.306706428527832,14822100,HPE,yfinance,2026-02-10T05:09:22.739344+00:00
2017-11-17,13.300000190734863,13.6899995803833,13.25,13.680000305175781,10.625144958496094,12897100,HPE,yfinance,2026-02-10T05:09:22.739344+00:00
2017-11-20,13.680000305175781,14.109999656677246,13.65999984741211,14.09000015258789,10.94359016418457,12408800,HPE,yfinance,2026-02-10T05:09:22.739344+00:00
2017-11-21,14.100000381469727,14.3100004196167,14.079999923706055,14.119999885559082,10.966893196105957,13733900,HPE,yfinance,2026-02-10T05:09:22.739344+00:00
2017-11-22,13.199999809265137,13.399999618530273,12.8149995803833,13.100000381469727,10.17466926574707,41931400,HPE,yfinance,2026-02-10T05:09:22.739344+00:00
2017-11-24,13.210000038146973,13.390000343322754,13.149999618530273,13.319999694824219,10.345539093017578,8555500,HPE,yfinance,2026-02-10T05:09:22.739344+00:00
2017-11-27,13.210000038146973,13.539999961853027,13.149999618530273,13.470000267028809,10.462041854858398,13862700,HPE,yfinance,2026-02-10T05:09:22.739344+00:00
2017-11-28,13.470000267028809,13.949999809265137,13.404999732971191,13.880000114440918,10.780488014221191,16054700,HPE,yfinance,2026-02-10T05:09:22.739344+00:00
2017-11-29,13.949999809265137,14.300000190734863,13.789999961853027,13.970000267028809,10.850390434265137,12094000,HPE,yfinance,2026-02-10T05:09:22.739344+00:00
2017-11-30,13.989999771118164,14.170000076293945,13.920000076293945,13.949999809265137,10.834854125976562,15101600,HPE,yfinance,2026-02-10T05:09:22.739344+00:00
2017-12-01,13.899999618530273,14.46500015258789,13.75,14.4399995803833,11.21543025970459,18544200,HPE,yfinance,2026-02-10T05:09:22.739344+00:00
2017-12-04,14.4399995803833,14.520000457763672,14.1899995803833,14.229999542236328,11.052329063415527,11095700,HPE,yfinance,2026-02-10T05:09:22.739344+00:00
2017-12-05,14.109999656677246,14.170000076293945,14.0,14.079999923706055,10.935827255249023,11892800,HPE,yfinance,2026-02-10T05:09:22.739344+00:00
2017-12-06,14.020000457763672,14.229999542236328,13.989999771118164,14.15999984741211,10.99796199798584,7091000,HPE,yfinance,2026-02-10T05:09:22.739344+00:00
2017-12-07,14.199999809265137,14.270000457763672,14.125,14.220000267028809,11.044562339782715,6818700,HPE,yfinance,2026-02-10T05:09:22.739344+00:00
2017-12-08,14.229999542236328,14.390000343322754,14.229999542236328,14.34000015258789,11.137764930725098,8114600,HPE,yfinance,2026-02-10T05:09:22.739344+00:00
2017-12-11,14.25,14.59000015258789,14.229999542236328,14.579999923706055,11.324172973632812,11132200,HPE,yfinance,2026-02-10T05:09:22.739344+00:00
2017-12-12,14.449999809265137,14.569999694824219,14.350000381469727,14.5,11.320269584655762,12199800,HPE,yfinance,2026-02-10T05:09:22.739344+00:00
2017-12-13,14.460000038146973,14.550000190734863,14.319999694824219,14.319999694824219,11.179739952087402,8640800,HPE,yfinance,2026-02-10T05:09:22.739344+00:00
2017-12-14,14.300000190734863,14.380000114440918,14.220000267028809,14.239999771118164,11.117284774780273,7601000,HPE,yfinance,2026-02-10T05:09:22.739344+00:00
2017-12-15,14.289999961853027,14.479999542236328,14.255000114440918,14.40999984741211,11.250004768371582,20251000,HPE,yfinance,2026-02-10T05:09:22.739344+00:00
2017-12-18,14.449999809265137,14.930000305175781,14.430000305175781,14.899999618530273,11.632550239562988,12653300,HPE,yfinance,2026-02-10T05:09:22.739344+00:00
2017-12-19,14.880000114440918,14.899999618530273,14.739999771118164,14.800000190734863,11.55448055267334,9792600,HPE,yfinance,2026-02-10T05:09:22.739344+00:00
2017-12-20,14.789999961853027,14.789999961853027,14.635000228881836,14.710000038146973,11.484216690063477,9259700,HPE,yfinance,2026-02-10T05:09:22.739344+00:00
2017-12-21,14.710000038146973,14.850000381469727,14.664999961853027,14.720000267028809,11.492024421691895,7888300,HPE,yfinance,2026-02-10T05:09:22.739344+00:00
2017-12-22,14.710000038146973,14.819999694824219,14.680000305175781,14.710000038146973,11.484216690063477,4171700,HPE,yfinance,2026-02-10T05:09:22.739344+00:00
2017-12-26,14.6899995803833,14.78499984741211,14.670000076293945,14.739999771118164,11.507636070251465,2882800,HPE,yfinance,2026-02-10T05:09:22.739344+00:00
2017-12-27,14.720000267028809,14.75,14.609999656677246,14.670000076293945,11.45298957824707,3260500,HPE,yfinance,2026-02-10T05:09:22.739344+00:00
2017-12-28,14.6899995803833,14.699999809265137,14.555000305175781,14.609999656677246,11.406145095825195,3686400,HPE,yfinance,2026-02-10T05:09:22.739344+00:00
2017-12-29,14.670000076293945,14.670000076293945,14.359999656677246,14.359999656677246,11.210968017578125,7097200,HPE,yfinance,2026-02-10T05:09:22.739344+00:00
2018-01-02,14.430000305175781,14.630000114440918,14.380000114440918,14.609999656677246,11.406145095825195,7155700,HPE,yfinance,2026-02-10T05:09:22.739344+00:00
2018-01-03,14.600000381469727,14.75,14.539999961853027,14.699999809265137,11.476409912109375,7907200,HPE,yfinance,2026-02-10T05:09:22.739344+00:00
2018-01-04,14.699999809265137,15.069999694824219,14.654999732971191,15.0600004196167,11.757463455200195,11333500,HPE,yfinance,2026-02-10T05:09:22.739344+00:00
2018-01-05,15.0600004196167,15.1899995803833,14.960000038146973,15.050000190734863,11.749656677246094,12539400,HPE,yfinance,2026-02-10T05:09:22.739344+00:00
2018-01-08,14.949999809265137,14.970000267028809,14.645000457763672,14.819999694824219,11.57009506225586,13052100,HPE,yfinance,2026-02-10T05:09:22.739344+00:00
2018-01-09,14.850000381469727,14.979999542236328,14.8100004196167,14.850000381469727,11.593514442443848,14481200,HPE,yfinance,2026-02-10T05:09:22.739344+00:00
2018-01-10,14.760000228881836,15.3100004196167,14.760000228881836,15.1899995803833,11.858954429626465,10171300,HPE,yfinance,2026-02-10T05:09:22.739344+00:00
2018-01-11,15.199999809265137,15.489999771118164,15.170000076293945,15.449999809265137,12.061941146850586,8239900,HPE,yfinance,2026-02-10T05:09:22.739344+00:00
2018-01-12,15.449999809265137,15.869999885559082,15.420000076293945,15.8100004196167,12.34299373626709,15520700,HPE,yfinance,2026-02-10T05:09:22.739344+00:00
2018-01-16,15.819999694824219,15.914999961853027,15.71500015258789,15.8100004196167,12.34299373626709,9664400,HPE,yfinance,2026-02-10T05:09:22.739344+00:00
2018-01-17,15.859999656677246,16.100000381469727,15.819999694824219,16.06999969482422,12.545979499816895,9450300,HPE,yfinance,2026-02-10T05:09:22.739344+00:00
2018-01-18,16.030000686645508,16.100000381469727,15.9399995803833,15.970000267028809,12.467910766601562,9774600,HPE,yfinance,2026-02-10T05:09:22.739344+00:00
2018-01-19,15.970000267028809,16.09000015258789,15.90999984741211,16.079999923706055,12.55378532409668,9139500,HPE,yfinance,2026-02-10T05:09:22.739344+00:00
2018-01-22,16.049999237060547,16.079999923706055,15.899999618530273,16.049999237060547,12.530366897583008,9415500,HPE,yfinance,2026-02-10T05:09:22.739344+00:00
2018-01-23,16.280000686645508,16.719999313354492,16.200000762939453,16.670000076293945,13.01440715789795,14447000,HPE,yfinance,2026-02-10T05:09:22.739344+00:00
2018-01-24,16.709999084472656,16.889999389648438,16.600000381469727,16.68000030517578,13.022212028503418,11806000,HPE,yfinance,2026-02-10T05:09:22.739344+00:00
2018-01-25,16.709999084472656,16.84000015258789,16.450000762939453,16.479999542236328,12.866067886352539,7765500,HPE,yfinance,2026-02-10T05:09:22.739344+00:00
2018-01-26,16.549999237060547,16.84000015258789,16.549999237060547,16.709999084472656,13.045632362365723,9762400,HPE,yfinance,2026-02-10T05:09:22.739344+00:00
2018-01-29,16.65999984741211,17.065000534057617,16.6200008392334,16.969999313354492,13.248618125915527,10537100,HPE,yfinance,2026-02-10T05:09:22.739344+00:00
2018-01-30,16.850000381469727,16.9060001373291,16.395000457763672,16.540000915527344,12.91291332244873,11202300,HPE,yfinance,2026-02-10T05:09:22.739344+00:00
2018-01-31,16.59000015258789,16.690000534057617,16.309999465942383,16.399999618530273,12.80361557006836,12419400,HPE,yfinance,2026-02-10T05:09:22.739344+00:00
2018-02-01,16.399999618530273,16.8799991607666,16.31999969482422,16.790000915527344,13.108091354370117,13494800,HPE,yfinance,2026-02-10T05:09:22.739344+00:00
2018-02-02,16.65999984741211,16.93000030517578,16.520000457763672,16.649999618530273,12.998791694641113,13334000,HPE,yfinance,2026-02-10T05:09:22.739344+00:00
2018-02-05,16.530000686645508,16.649999618530273,15.649999618530273,15.65999984741211,12.225889205932617,15838100,HPE,yfinance,2026-02-10T05:09:22.739344+00:00
2018-02-06,15.270000457763672,15.8149995803833,14.960000038146973,15.729999542236328,12.280538558959961,16226800,HPE,yfinance,2026-02-10T05:09:22.739344+00:00
2018-02-07,15.670000076293945,15.78499984741211,15.329999923706055,15.5600004196167,12.147818565368652,13112600,HPE,yfinance,2026-02-10T05:09:22.739344+00:00
2018-02-08,15.529999732971191,15.680000305175781,15.039999961853027,15.039999961853027,11.741849899291992,12061000,HPE,yfinance,2026-02-10T05:09:22.739344+00:00
2018-02-09,15.199999809265137,15.414999961853027,14.654999732971191,15.300000190734863,11.944832801818848,16716000,HPE,yfinance,2026-02-10T05:09:22.739344+00:00
2018-02-12,15.420000076293945,15.850000381469727,15.359999656677246,15.75,12.296154022216797,7683600,HPE,yfinance,2026-02-10T05:09:22.739344+00:00
2018-02-13,15.630000114440918,15.630000114440918,15.3100004196167,15.470000267028809,12.077556610107422,13734800,HPE,yfinance,2026-02-10T05:09:22.739344+00:00
2018-02-14,15.40999984741211,16.219999313354492,15.350000381469727,16.149999618530273,12.608436584472656,14008300,HPE,yfinance,2026-02-10T05:09:22.739344+00:00
2018-02-15,16.280000686645508,16.479999542236328,16.040000915527344,16.350000381469727,12.764578819274902,8201600,HPE,yfinance,2026-02-10T05:09:22.739344+00:00
2018-02-16,16.299999237060547,16.559999465942383,16.209999084472656,16.389999389648438,12.795805931091309,8506800,HPE,yfinance,2026-02-10T05:09:22.739344+00:00
2018-02-20,16.469999313354492,16.684999465942383,16.40999984741211,16.520000457763672,12.897302627563477,9037500,HPE,yfinance,2026-02-10T05:09:22.739344+00:00
2018-02-21,16.600000381469727,16.684999465942383,16.219999313354492,16.25,12.686505317687988,10906500,HPE,yfinance,2026-02-10T05:09:22.739344+00:00
2018-02-22,16.43000030517578,16.670000076293945,16.229999542236328,16.40999984741211,12.811422348022461,16299400,HPE,yfinance,2026-02-10T05:09:22.739344+00:00
2018-02-23,18.010000228881836,18.190000534057617,17.559999465942383,18.139999389648438,14.162041664123535,45018300,HPE,yfinance,2026-02-10T05:09:22.739344+00:00
2018-02-26,18.040000915527344,18.799999237060547,18.040000915527344,18.549999237060547,14.482135772705078,25578200,HPE,yfinance,2026-02-10T05:09:22.739344+00:00
2018-02-27,18.5,19.1299991607666,18.5,18.81999969482422,14.692927360534668,20981300,HPE,yfinance,2026-02-10T05:09:22.739344+00:00
2018-02-28,18.950000762939453,19.06999969482422,18.59000015258789,18.59000015258789,14.513362884521484,17526900,HPE,yfinance,2026-02-10T05:09:22.739344+00:00
2018-03-01,18.700000762939453,18.834999084472656,18.139999389648438,18.399999618530273,14.365031242370605,14072000,HPE,yfinance,2026-02-10T05:09:22.739344+00:00
2018-03-02,18.200000762939453,18.799999237060547,18.149999618530273,18.780000686645508,14.661699295043945,14917400,HPE,yfinance,2026-02-10T05:09:22.739344+00:00
2018-03-05,18.770000457763672,19.100000381469727,18.739999771118164,18.979999542236328,14.81784439086914,11720600,HPE,yfinance,2026-02-10T05:09:22.739344+00:00
2018-03-06,19.010000228881836,19.475000381469727,19.0,19.40999984741211,15.153546333312988,11551400,HPE,yfinance,2026-02-10T05:09:22.739344+00:00
2018-03-07,19.239999771118164,19.3799991607666,18.979999542236328,19.149999618530273,14.95055866241455,11056300,HPE,yfinance,2026-02-10T05:09:22.739344+00:00
2018-03-08,19.200000762939453,19.229999542236328,18.844999313354492,18.950000762939453,14.794421195983887,10551000,HPE,yfinance,2026-02-10T05:09:22.739344+00:00
2018-03-09,19.06999969482422,19.209999084472656,18.979999542236328,19.15999984741211,14.958368301391602,14564800,HPE,yfinance,2026-02-10T05:09:22.739344+00:00
2018-03-12,19.15999984741211,19.174999237060547,19.0,19.06999969482422,14.888103485107422,10161300,HPE,yfinance,2026-02-10T05:09:22.739344+00:00
2018-03-13,19.09000015258789,19.229999542236328,18.860000610351562,18.8799991607666,14.797966957092285,9001700,HPE,yfinance,2026-02-10T05:09:22.739344+00:00
2018-03-14,18.979999542236328,18.989999771118164,18.735000610351562,18.850000381469727,14.774449348449707,11582800,HPE,yfinance,2026-02-10T05:09:22.739344+00:00
2018-03-15,18.899999618530273,18.979999542236328,18.780000686645508,18.829999923706055,14.75877857208252,15291600,HPE,yfinance,2026-02-10T05:09:22.739344+00:00
2018-03-16,18.81999969482422,19.010000228881836,18.68000030517578,18.790000915527344,14.72742748260498,21347600,HPE,yfinance,2026-02-10T05:09:22.739344+00:00
2018-03-19,18.700000762939453,18.829999923706055,18.5,18.700000762939453,14.656882286071777,9447200,HPE,yfinance,2026-02-10T05:09:22.739344+00:00
2018-03-20,18.790000915527344,18.93000030517578,18.614999771118164,18.780000686645508,14.719586372375488,11180300,HPE,yfinance,2026-02-10T05:09:22.739344+00:00
2018-03-21,18.780000686645508,18.889999389648438,18.56999969482422,18.709999084472656,14.664722442626953,10902800,HPE,yfinance,2026-02-10T05:09:22.739344+00:00
2018-03-22,18.549999237060547,18.645000457763672,18.299999237060547,18.31999969482422,14.359045028686523,10862300,HPE,yfinance,2026-02-10T05:09:22.739344+00:00
2018-03-23,18.3700008392334,18.399999618530273,17.6299991607666,17.6299991607666,13.818229675292969,10561400,HPE,yfinance,2026-02-10T05:09:22.739344+00:00
2018-03-26,17.920000076293945,18.030000686645508,17.575000762939453,17.989999771118164,14.100394248962402,11003500,HPE,yfinance,2026-02-10T05:09:22.739344+00:00
2018-03-27,18.09000015258789,18.155000686645508,17.454999923706055,17.559999465942383,13.763367652893066,12146200,HPE,yfinance,2026-02-10T05:09:22.739344+00:00
2018-03-28,17.610000610351562,17.799999237060547,17.405000686645508,17.65999984741211,13.841743469238281,14005200,HPE,yfinance,2026-02-10T05:09:22.739344+00:00
2018-03-29,17.700000762939453,17.7549991607666,17.454999923706055,17.540000915527344,13.747690200805664,16009600,HPE,yfinance,2026-02-10T05:09:22.739344+00:00
2018-04-02,17.479999542236328,17.520000457763672,16.940000534057617,17.1200008392334,13.418499946594238,10274600,HPE,yfinance,2026-02-10T05:09:22.739344+00:00
2018-04-03,17.25,17.350000381469727,16.959999084472656,17.139999389648438,13.434173583984375,13363100,HPE,yfinance,2026-02-10T05:09:22.739344+00:00
2018-04-04,16.829999923706055,17.309999465942383,16.760000228881836,17.25,13.520389556884766,13204000,HPE,yfinance,2026-02-10T05:09:22.739344+00:00
2018-04-05,17.420000076293945,17.420000076293945,17.1200008392334,17.200000762939453,13.481200218200684,15104800,HPE,yfinance,2026-02-10T05:09:22.739344+00:00
2018-04-06,17.040000915527344,17.219999313354492,16.610000610351562,16.700000762939453,13.089303970336914,14149100,HPE,yfinance,2026-02-10T05:09:22.739344+00:00
2018-04-09,16.729999542236328,17.209999084472656,16.729999542236328,16.809999465942383,13.175520896911621,8445100,HPE,yfinance,2026-02-10T05:09:22.739344+00:00
2018-04-10,17.06999969482422,17.399999618530273,17.06999969482422,17.25,13.520389556884766,15303200,HPE,yfinance,2026-02-10T05:09:22.739344+00:00
2018-04-11,17.200000762939453,17.299999237060547,17.090999603271484,17.239999771118164,13.512553215026855,9828500,HPE,yfinance,2026-02-10T05:09:22.739344+00:00
2018-04-12,17.350000381469727,17.600000381469727,17.329999923706055,17.40999984741211,13.645797729492188,13920700,HPE,yfinance,2026-02-10T05:09:22.739344+00:00
2018-04-13,17.510000228881836,17.510000228881836,17.18000030517578,17.399999618530273,13.637955665588379,10062600,HPE,yfinance,2026-02-10T05:09:22.739344+00:00
2018-04-16,17.450000762939453,17.670000076293945,17.360000610351562,17.559999465942383,13.763367652893066,16959600,HPE,yfinance,2026-02-10T05:09:22.739344+00:00
2018-04-17,17.68000030517578,17.8799991607666,17.6200008392334,17.75,13.912284851074219,17144500,HPE,yfinance,2026-02-10T05:09:22.739344+00:00
2018-04-18,17.770000457763672,17.780000686645508,17.614999771118164,17.68000030517578,13.85741901397705,9610200,HPE,yfinance,2026-02-10T05:09:22.739344+00:00
2018-04-19,17.649999618530273,17.649999618530273,17.3799991607666,17.40999984741211,13.645797729492188,7789300,HPE,yfinance,2026-02-10T05:09:22.739344+00:00
2018-04-20,17.440000534057617,17.450000762939453,17.15999984741211,17.290000915527344,13.551743507385254,7701600,HPE,yfinance,2026-02-10T05:09:22.739344+00:00
2018-04-23,17.3799991607666,17.540000915527344,17.30500030517578,17.420000076293945,13.653634071350098,8083000,HPE,yfinance,2026-02-10T05:09:22.739344+00:00
2018-04-24,17.5,17.68000030517578,17.25,17.360000610351562,13.606606483459473,10102900,HPE,yfinance,2026-02-10T05:09:22.739344+00:00
2018-04-25,17.299999237060547,17.415000915527344,17.020000457763672,17.309999465942383,13.567416191101074,9302400,HPE,yfinance,2026-02-10T05:09:22.739344+00:00
2018-04-26,17.389999389648438,17.514999389648438,17.2450008392334,17.389999389648438,13.630118370056152,10687300,HPE,yfinance,2026-02-10T05:09:22.739344+00:00
2018-04-27,17.639999389648438,17.639999389648438,17.239999771118164,17.350000381469727,13.598766326904297,8836700,HPE,yfinance,2026-02-10T05:09:22.739344+00:00
2018-04-30,17.34000015258789,17.459999084472656,17.049999237060547,17.049999237060547,13.363632202148438,12473400,HPE,yfinance,2026-02-10T05:09:22.739344+00:00
2018-05-01,16.989999771118164,17.200000762939453,16.950000762939453,17.18000030517578,13.465524673461914,9651800,HPE,yfinance,2026-02-10T05:09:22.739344+00:00
2018-05-02,17.139999389648438,17.260000228881836,17.06999969482422,17.1200008392334,13.418499946594238,6367900,HPE,yfinance,2026-02-10T05:09:22.739344+00:00
2018-05-03,16.989999771118164,17.079999923706055,16.75,16.899999618530273,13.246063232421875,8031900,HPE,yfinance,2026-02-10T05:09:22.739344+00:00
2018-05-04,16.850000381469727,17.2549991607666,16.780000686645508,17.209999084472656,13.489039421081543,6166900,HPE,yfinance,2026-02-10T05:09:22.739344+00:00
2018-05-07,17.239999771118164,17.450000762939453,17.190000534057617,17.299999237060547,13.559576988220215,10486700,HPE,yfinance,2026-02-10T05:09:22.739344+00:00
2018-05-08,17.25,17.43000030517578,17.204999923706055,17.389999389648438,13.630118370056152,12408100,HPE,yfinance,2026-02-10T05:09:22.739344+00:00
2018-05-09,17.399999618530273,17.670000076293945,17.34000015258789,17.600000381469727,13.794713973999023,13013900,HPE,yfinance,2026-02-10T05:09:22.739344+00:00
2018-05-10,17.670000076293945,17.700000762939453,17.5,17.649999618530273,13.833905220031738,12298200,HPE,yfinance,2026-02-10T05:09:22.739344+00:00
2018-05-11,17.65999984741211,17.780000686645508,17.610000610351562,17.670000076293945,13.849578857421875,11498300,HPE,yfinance,2026-02-10T05:09:22.739344+00:00
2018-05-14,17.75,17.81999969482422,17.59000015258789,17.59000015258789,13.786879539489746,8456000,HPE,yfinance,2026-02-10T05:09:22.739344+00:00
2018-05-15,17.479999542236328,17.530000686645508,17.28499984741211,17.399999618530273,13.637955665588379,8365700,HPE,yfinance,2026-02-10T05:09:22.739344+00:00
2018-05-16,17.40999984741211,17.68000030517578,17.3700008392334,17.6299991607666,13.818229675292969,15259900,HPE,yfinance,2026-02-10T05:09:22.739344+00:00
2018-05-17,17.68000030517578,17.760000228881836,17.434999465942383,17.670000076293945,13.849578857421875,10602300,HPE,yfinance,2026-02-10T05:09:22.739344+00:00
2018-05-18,17.65999984741211,17.670000076293945,17.479999542236328,17.559999465942383,13.763367652893066,6784900,HPE,yfinance,2026-02-10T05:09:22.739344+00:00
2018-05-21,17.65999984741211,17.739999771118164,17.479999542236328,17.510000228881836,13.724174499511719,6196800,HPE,yfinance,2026-02-10T05:09:22.739344+00:00
2018-05-22,17.549999237060547,17.68000030517578,17.40999984741211,17.40999984741211,13.645797729492188,14421200,HPE,yfinance,2026-02-10T05:09:22.739344+00:00
2018-05-23,16.850000381469727,16.950000762939453,15.449999809265137,15.579999923706055,12.211459159851074,56055200,HPE,yfinance,2026-02-10T05:09:22.739344+00:00
2018-05-24,15.550000190734863,15.8100004196167,15.15999984741211,15.760000228881836,12.35254192352295,29516000,HPE,yfinance,2026-02-10T05:09:22.739344+00:00
2018-05-25,15.75,15.819999694824219,15.4399995803833,15.520000457763672,12.164433479309082,14411500,HPE,yfinance,2026-02-10T05:09:22.739344+00:00
2018-05-29,15.430000305175781,15.486000061035156,15.260000228881836,15.380000114440918,12.054701805114746,9727000,HPE,yfinance,2026-02-10T05:09:22.739344+00:00
2018-05-30,15.470000267028809,15.664999961853027,15.319999694824219,15.569999694824219,12.20362377166748,12024900,HPE,yfinance,2026-02-10T05:09:22.739344+00:00
2018-05-31,15.529999732971191,15.59000015258789,15.119999885559082,15.239999771118164,11.944971084594727,14448100,HPE,yfinance,2026-02-10T05:09:22.739344+00:00
2018-06-01,15.329999923706055,15.529999732971191,15.319999694824219,15.529999732971191,12.172268867492676,10896700,HPE,yfinance,2026-02-10T05:09:22.739344+00:00
2018-06-04,15.5,15.739999771118164,15.369999885559082,15.539999961853027,12.180107116699219,12236800,HPE,yfinance,2026-02-10T05:09:22.739344+00:00
2018-06-05,15.5,16.1299991607666,15.449999809265137,16.059999465942383,12.587678909301758,22398000,HPE,yfinance,2026-02-10T05:09:22.739344+00:00
2018-06-06,16.110000610351562,16.110000610351562,15.725000381469727,16.020000457763672,12.556329727172852,12395000,HPE,yfinance,2026-02-10T05:09:22.739344+00:00
2018-06-07,15.979999542236328,16.059999465942383,15.819999694824219,15.920000076293945,12.477949142456055,7794000,HPE,yfinance,2026-02-10T05:09:22.739344+00:00
2018-06-08,15.819999694824219,16.020000457763672,15.786999702453613,16.010000228881836,12.54848861694336,7921400,HPE,yfinance,2026-02-10T05:09:22.739344+00:00
2018-06-11,15.960000038146973,16.18000030517578,15.960000038146973,16.020000457763672,12.556329727172852,11639200,HPE,yfinance,2026-02-10T05:09:22.739344+00:00
2018-06-12,15.920000076293945,16.0,15.779999732971191,15.789999961853027,12.463972091674805,9010600,HPE,yfinance,2026-02-10T05:09:22.739344+00:00
2018-06-13,15.760000228881836,15.890000343322754,15.699999809265137,15.789999961853027,12.463972091674805,8437800,HPE,yfinance,2026-02-10T05:09:22.739344+00:00
2018-06-14,15.869999885559082,16.1200008392334,15.75,15.819999694824219,12.487654685974121,11926600,HPE,yfinance,2026-02-10T05:09:22.739344+00:00
2018-06-15,15.800000190734863,15.949999809265137,15.619999885559082,15.949999809265137,12.5902681350708,25030400,HPE,yfinance,2026-02-10T05:09:22.739344+00:00
2018-06-18,15.800000190734863,16.059999465942383,15.6850004196167,15.90999984741211,12.558694839477539,12084700,HPE,yfinance,2026-02-10T05:09:22.739344+00:00
2018-06-19,15.699999809265137,15.930000305175781,15.670000076293945,15.899999618530273,12.550800323486328,8432700,HPE,yfinance,2026-02-10T05:09:22.739344+00:00
2018-06-20,15.949999809265137,15.989999771118164,15.130000114440918,15.149999618530273,11.958784103393555,14603800,HPE,yfinance,2026-02-10T05:09:22.739344+00:00
2018-06-21,15.199999809265137,15.489999771118164,15.140000343322754,15.420000076293945,12.17190933227539,14506700,HPE,yfinance,2026-02-10T05:09:22.739344+00:00
2018-06-22,15.489999771118164,15.520000457763672,15.225000381469727,15.239999771118164,12.029826164245605,9056600,HPE,yfinance,2026-02-10T05:09:22.739344+00:00
2018-06-25,15.170000076293945,15.229999542236328,14.9399995803833,15.069999694824219,11.895633697509766,15972800,HPE,yfinance,2026-02-10T05:09:22.739344+00:00
2018-06-26,15.109999656677246,15.550000190734863,15.0600004196167,15.170000076293945,11.974568367004395,7978600,HPE,yfinance,2026-02-10T05:09:22.739344+00:00
2018-06-27,15.220000267028809,15.25,14.720000267028809,14.720000267028809,11.61935806274414,14323600,HPE,yfinance,2026-02-10T05:09:22.739344+00:00
2018-06-28,14.710000038146973,14.770000457763672,14.475000381469727,14.710000038146973,11.611466407775879,14739100,HPE,yfinance,2026-02-10T05:09:22.739344+00:00
2018-06-29,14.770000457763672,14.850000381469727,14.609999656677246,14.609999656677246,11.532529830932617,11694500,HPE,yfinance,2026-02-10T05:09:22.739344+00:00
2018-07-02,14.5,14.84000015258789,14.460000038146973,14.800000190734863,11.682506561279297,7088700,HPE,yfinance,2026-02-10T05:09:22.739344+00:00
2018-07-03,14.789999961853027,14.920000076293945,14.75,14.770000457763672,11.65882682800293,4748200,HPE,yfinance,2026-02-10T05:09:22.739344+00:00
2018-07-05,14.800000190734863,14.84000015258789,14.569999694824219,14.819999694824219,11.698294639587402,9473800,HPE,yfinance,2026-02-10T05:09:22.739344+00:00
2018-07-06,14.880000114440918,15.050000190734863,14.729999542236328,14.979999542236328,11.824591636657715,5527800,HPE,yfinance,2026-02-10T05:09:22.739344+00:00
2018-07-09,15.039999961853027,15.3149995803833,14.989999771118164,15.229999542236328,12.021930694580078,6362000,HPE,yfinance,2026-02-10T05:09:22.739344+00:00
2018-07-10,15.239999771118164,15.53499984741211,15.199999809265137,15.5,12.235058784484863,12151400,HPE,yfinance,2026-02-10T05:09:22.739344+00:00
2018-07-11,15.3100004196167,15.350000381469727,15.079999923706055,15.100000381469727,11.919315338134766,8725700,HPE,yfinance,2026-02-10T05:09:22.739344+00:00
2018-07-12,15.149999618530273,15.470000267028809,15.119999885559082,15.390000343322754,12.148228645324707,4759800,HPE,yfinance,2026-02-10T05:09:22.739344+00:00
2018-07-13,15.34000015258789,15.529999732971191,15.300000190734863,15.489999771118164,12.227163314819336,8808200,HPE,yfinance,2026-02-10T05:09:22.739344+00:00
2018-07-16,15.449999809265137,15.649999618530273,15.335000038146973,15.640000343322754,12.345568656921387,10738000,HPE,yfinance,2026-02-10T05:09:22.739344+00:00
2018-07-17,15.59000015258789,15.800000190734863,15.5600004196167,15.65999984741211,12.361355781555176,8883000,HPE,yfinance,2026-02-10T05:09:22.739344+00:00
2018-07-18,15.6899995803833,15.949999809265137,15.649999618530273,15.930000305175781,12.574481010437012,6992100,HPE,yfinance,2026-02-10T05:09:22.739344+00:00
2018-07-19,15.930000305175781,16.155000686645508,15.609999656677246,15.640000343322754,12.345568656921387,11530100,HPE,yfinance,2026-02-10T05:09:22.739344+00:00
2018-07-20,15.59000015258789,15.614999771118164,15.404999732971191,15.470000267028809,12.211374282836914,6592600,HPE,yfinance,2026-02-10T05:09:22.739344+00:00
2018-07-23,15.40999984741211,15.550000190734863,15.270000457763672,15.470000267028809,12.211374282836914,13145600,HPE,yfinance,2026-02-10T05:09:22.739344+00:00
2018-07-24,15.609999656677246,15.664999961853027,15.25,15.300000190734863,12.077187538146973,7481700,HPE,yfinance,2026-02-10T05:09:22.739344+00:00
2018-07-25,15.239999771118164,15.489999771118164,15.229999542236328,15.479999542236328,12.219271659851074,5964900,HPE,yfinance,2026-02-10T05:09:22.739344+00:00
2018-07-26,15.489999771118164,15.770000457763672,15.479999542236328,15.6899995803833,12.38503646850586,4970600,HPE,yfinance,2026-02-10T05:09:22.739344+00:00
2018-07-27,15.760000228881836,15.890000343322754,15.529999732971191,15.59000015258789,12.306100845336914,5690100,HPE,yfinance,2026-02-10T05:09:22.739344+00:00
2018-07-30,15.579999923706055,15.640000343322754,15.319999694824219,15.449999809265137,12.195590019226074,4940000,HPE,yfinance,2026-02-10T05:09:22.739344+00:00
2018-07-31,15.449999809265137,15.550000190734863,15.369999885559082,15.4399995803833,12.187694549560547,6644700,HPE,yfinance,2026-02-10T05:09:22.739344+00:00
2018-08-01,15.420000076293945,15.609999656677246,15.369999885559082,15.449999809265137,12.195590019226074,5640200,HPE,yfinance,2026-02-10T05:09:22.739344+00:00
2018-08-02,15.350000381469727,15.569999694824219,15.319999694824219,15.550000190734863,12.274524688720703,7753100,HPE,yfinance,2026-02-10T05:09:22.739344+00:00
2018-08-03,15.609999656677246,16.0,15.59000015258789,15.979999542236328,12.613948822021484,7397200,HPE,yfinance,2026-02-10T05:09:22.739344+00:00
2018-08-06,15.930000305175781,16.045000076293945,15.850000381469727,16.010000228881836,12.637632369995117,5224100,HPE,yfinance,2026-02-10T05:09:22.739344+00:00
2018-08-07,16.049999237060547,16.229999542236328,16.020000457763672,16.1299991607666,12.732352256774902,4396500,HPE,yfinance,2026-02-10T05:09:22.739344+00:00
2018-08-08,16.139999389648438,16.290000915527344,16.06999969482422,16.15999984741211,12.756032943725586,4663000,HPE,yfinance,2026-02-10T05:09:22.739344+00:00
2018-08-09,16.139999389648438,16.225000381469727,16.059999465942383,16.110000610351562,12.716565132141113,3503900,HPE,yfinance,2026-02-10T05:09:22.739344+00:00
2018-08-10,15.979999542236328,16.084999084472656,15.779999732971191,15.850000381469727,12.511332511901855,5036700,HPE,yfinance,2026-02-10T05:09:22.739344+00:00
2018-08-13,15.850000381469727,15.970000267028809,15.65999984741211,15.65999984741211,12.361355781555176,5039600,HPE,yfinance,2026-02-10T05:09:22.739344+00:00
2018-08-14,15.699999809265137,16.020000457763672,15.699999809265137,15.989999771118164,12.621845245361328,5182800,HPE,yfinance,2026-02-10T05:09:22.739344+00:00
2018-08-15,15.859999656677246,16.09000015258789,15.789999961853027,16.030000686645508,12.653417587280273,10275900,HPE,yfinance,2026-02-10T05:09:22.739344+00:00
2018-08-16,16.1200008392334,16.389999389648438,16.024999618530273,16.270000457763672,12.842864990234375,10663400,HPE,yfinance,2026-02-10T05:09:22.739344+00:00
2018-08-17,16.25,16.795000076293945,16.20800018310547,16.670000076293945,13.158608436584473,12400100,HPE,yfinance,2026-02-10T05:09:22.739344+00:00
2018-08-20,16.739999771118164,16.959999084472656,16.59000015258789,16.719999313354492,13.198074340820312,9402400,HPE,yfinance,2026-02-10T05:09:22.739344+00:00
2018-08-21,16.469999313354492,16.469999313354492,15.739999771118164,15.779999732971191,12.456079483032227,16634000,HPE,yfinance,2026-02-10T05:09:22.739344+00:00
2018-08-22,15.760000228881836,15.920000076293945,15.720000267028809,15.819999694824219,12.487654685974121,8331000,HPE,yfinance,2026-02-10T05:09:22.739344+00:00
2018-08-23,15.8100004196167,16.459999084472656,15.795000076293945,16.100000381469727,12.708673477172852,15522400,HPE,yfinance,2026-02-10T05:09:22.739344+00:00
2018-08-24,16.15999984741211,16.309999465942383,15.979999542236328,16.200000762939453,12.787610054016113,9561000,HPE,yfinance,2026-02-10T05:09:22.739344+00:00
2018-08-27,16.3700008392334,16.639999389648438,16.260000228881836,16.450000762939453,12.984945297241211,13743900,HPE,yfinance,2026-02-10T05:09:22.739344+00:00
2018-08-28,16.530000686645508,16.799999237060547,16.510000228881836,16.739999771118164,13.213863372802734,10950200,HPE,yfinance,2026-02-10T05:09:22.739344+00:00
2018-08-29,17.030000686645508,17.59000015258789,16.649999618530273,16.709999084472656,13.190179824829102,25330100,HPE,yfinance,2026-02-10T05:09:22.739344+00:00
2018-08-30,16.739999771118164,17.079999923706055,16.719999313354492,16.790000915527344,13.25333023071289,16188100,HPE,yfinance,2026-02-10T05:09:22.739344+00:00
2018-08-31,16.770000457763672,16.770000457763672,16.399999618530273,16.530000686645508,13.048100471496582,10675700,HPE,yfinance,2026-02-10T05:09:22.739344+00:00
2018-09-04,16.420000076293945,16.71500015258789,16.170000076293945,16.670000076293945,13.158608436584473,10016400,HPE,yfinance,2026-02-10T05:09:22.739344+00:00
2018-09-05,16.690000534057617,16.700000762939453,16.239999771118164,16.59000015258789,13.095458984375,13574000,HPE,yfinance,2026-02-10T05:09:22.739344+00:00
2018-09-06,16.559999465942383,16.6200008392334,16.420000076293945,16.520000457763672,13.040205955505371,8440700,HPE,yfinance,2026-02-10T05:09:22.739344+00:00
2018-09-07,16.489999771118164,16.799999237060547,16.389999389648438,16.530000686645508,13.048100471496582,10228900,HPE,yfinance,2026-02-10T05:09:22.739344+00:00
2018-09-10,16.540000915527344,16.549999237060547,16.260000228881836,16.40999984741211,12.953374862670898,12516300,HPE,yfinance,2026-02-10T05:09:22.739344+00:00
2018-09-11,16.280000686645508,16.479999542236328,16.15999984741211,16.450000762939453,13.074980735778809,7953700,HPE,yfinance,2026-02-10T05:09:22.739344+00:00
2018-09-12,16.389999389648438,16.469999313354492,16.25,16.399999618530273,13.035243034362793,5614500,HPE,yfinance,2026-02-10T05:09:22.739344+00:00
2018-09-13,16.5,16.729999542236328,16.434999465942383,16.540000915527344,13.146517753601074,11155800,HPE,yfinance,2026-02-10T05:09:22.739344+00:00
2018-09-14,16.549999237060547,16.65999984741211,16.475000381469727,16.579999923706055,13.178312301635742,8040300,HPE,yfinance,2026-02-10T05:09:22.739344+00:00
2018-09-17,16.579999923706055,16.68000030517578,16.229999542236328,16.280000686645508,12.939866065979004,8686400,HPE,yfinance,2026-02-10T05:09:22.739344+00:00
2018-09-18,16.309999465942383,16.68000030517578,16.264999389648438,16.549999237060547,13.154467582702637,6680200,HPE,yfinance,2026-02-10T05:09:22.739344+00:00
2018-09-19,16.56999969482422,16.700000762939453,16.549999237060547,16.639999389648438,13.226000785827637,6871500,HPE,yfinance,2026-02-10T05:09:22.739344+00:00
2018-09-20,16.700000762939453,16.979999542236328,16.68000030517578,16.8700008392334,13.408814430236816,8726300,HPE,yfinance,2026-02-10T05:09:22.739344+00:00
2018-09-21,16.950000762939453,17.270000457763672,16.920000076293945,17.020000457763672,13.52803897857666,26709600,HPE,yfinance,2026-02-10T05:09:22.739344+00:00
2018-09-24,17.0,17.024999618530273,16.860000610351562,16.920000076293945,13.448554039001465,7291300,HPE,yfinance,2026-02-10T05:09:22.739344+00:00
2018-09-25,16.8700008392334,16.96500015258789,16.530000686645508,16.549999237060547,13.154467582702637,17845200,HPE,yfinance,2026-02-10T05:09:22.739344+00:00
2018-09-26,16.59000015258789,16.719999313354492,16.4950008392334,16.510000228881836,13.122673988342285,8897900,HPE,yfinance,2026-02-10T05:09:22.739344+00:00
2018-09-27,16.6299991607666,16.6299991607666,16.25,16.280000686645508,12.939866065979004,12514200,HPE,yfinance,2026-02-10T05:09:22.739344+00:00
2018-09-28,16.25,16.43000030517578,16.170000076293945,16.309999465942383,12.963703155517578,12488000,HPE,yfinance,2026-02-10T05:09:22.739344+00:00
2018-10-01,16.3700008392334,16.520000457763672,16.1299991607666,16.18000030517578,12.860380172729492,9808600,HPE,yfinance,2026-02-10T05:09:22.739344+00:00
2018-10-02,16.139999389648438,16.6299991607666,16.139999389648438,16.530000686645508,13.138572692871094,9636500,HPE,yfinance,2026-02-10T05:09:22.739344+00:00
2018-10-03,16.540000915527344,16.90999984741211,16.459999084472656,16.75,13.313434600830078,10580100,HPE,yfinance,2026-02-10T05:09:22.739344+00:00
2018-10-04,16.790000915527344,17.0,16.780000686645508,16.850000381469727,13.392915725708008,10262800,HPE,yfinance,2026-02-10T05:09:22.739344+00:00
2018-10-05,16.809999465942383,17.020000457763672,16.040000915527344,16.139999389648438,12.82858657836914,12794700,HPE,yfinance,2026-02-10T05:09:22.739344+00:00
2018-10-08,16.06999969482422,16.149999618530273,15.859999656677246,15.890000343322754,12.629878997802734,8991800,HPE,yfinance,2026-02-10T05:09:22.739344+00:00
2018-10-09,15.869999885559082,15.920000076293945,15.59000015258789,15.6899995803833,12.47091293334961,12074000,HPE,yfinance,2026-02-10T05:09:22.739344+00:00
2018-10-10,15.649999618530273,15.770000457763672,15.09000015258789,15.109999656677246,12.00991153717041,10860900,HPE,yfinance,2026-02-10T05:09:22.739344+00:00
2018-10-11,15.0600004196167,15.15999984741211,14.550000190734863,14.630000114440918,11.628390312194824,9075100,HPE,yfinance,2026-02-10T05:09:22.739344+00:00
2018-10-12,14.920000076293945,15.460000038146973,14.890000343322754,15.420000076293945,12.256306648254395,16598800,HPE,yfinance,2026-02-10T05:09:22.739344+00:00
2018-10-15,15.420000076293945,15.510000228881836,15.239999771118164,15.34000015258789,12.192720413208008,9344700,HPE,yfinance,2026-02-10T05:09:22.739344+00:00
2018-10-16,15.449999809265137,15.539999961853027,15.270000457763672,15.510000228881836,12.32784366607666,6109300,HPE,yfinance,2026-02-10T05:09:22.739344+00:00
2018-10-17,15.59000015258789,15.649999618530273,15.3100004196167,15.520000457763672,12.335790634155273,6231700,HPE,yfinance,2026-02-10T05:09:22.739344+00:00
2018-10-18,15.399999618530273,15.529999732971191,15.100000381469727,15.329999923706055,12.184772491455078,8275200,HPE,yfinance,2026-02-10T05:09:22.739344+00:00
2018-10-19,15.350000381469727,15.630000114440918,15.34000015258789,15.4399995803833,12.27220344543457,7652700,HPE,yfinance,2026-02-10T05:09:22.739344+00:00
2018-10-22,15.539999961853027,15.890000343322754,15.520000457763672,15.84000015258789,12.590137481689453,7881600,HPE,yfinance,2026-02-10T05:09:22.739344+00:00
2018-10-23,15.529999732971191,15.75,15.3100004196167,15.649999618530273,12.439116477966309,9081300,HPE,yfinance,2026-02-10T05:09:22.739344+00:00
2018-10-24,15.630000114440918,15.795000076293945,15.0600004196167,15.09000015258789,11.994014739990234,8119500,HPE,yfinance,2026-02-10T05:09:22.739344+00:00
2018-10-25,15.199999809265137,15.345000267028809,15.079999923706055,15.149999618530273,12.041703224182129,8175700,HPE,yfinance,2026-02-10T05:09:22.739344+00:00
2018-10-26,14.970000267028809,14.979999542236328,14.47599983215332,14.630000114440918,11.628390312194824,10469500,HPE,yfinance,2026-02-10T05:09:22.739344+00:00
2018-10-29,14.800000190734863,15.050000190734863,14.359999656677246,14.569999694824219,11.58069896697998,8024400,HPE,yfinance,2026-02-10T05:09:22.739344+00:00
2018-10-30,14.569999694824219,14.9399995803833,14.510000228881836,14.930000305175781,11.866841316223145,8297100,HPE,yfinance,2026-02-10T05:09:22.739344+00:00
2018-10-31,15.140000343322754,15.520000457763672,15.140000343322754,15.25,12.121182441711426,9547400,HPE,yfinance,2026-02-10T05:09:22.739344+00:00
2018-11-01,15.239999771118164,15.800000190734863,15.239999771118164,15.800000190734863,12.558342933654785,6066800,HPE,yfinance,2026-02-10T05:09:22.739344+00:00
2018-11-02,15.829999923706055,16.094999313354492,15.734999656677246,15.890000343322754,12.629878997802734,15140700,HPE,yfinance,2026-02-10T05:09:22.739344+00:00
2018-11-05,15.890000343322754,16.010000228881836,15.680000305175781,15.930000305175781,12.661672592163086,6268100,HPE,yfinance,2026-02-10T05:09:22.739344+00:00
2018-11-06,15.930000305175781,16.06999969482422,15.829999923706055,15.880000114440918,12.621930122375488,13047300,HPE,yfinance,2026-02-10T05:09:22.739344+00:00
2018-11-07,16.030000686645508,16.25,15.84000015258789,16.239999771118164,12.908068656921387,18460200,HPE,yfinance,2026-02-10T05:09:22.739344+00:00
2018-11-08,16.190000534057617,16.518999099731445,16.149999618530273,16.25,12.916016578674316,7195500,HPE,yfinance,2026-02-10T05:09:22.739344+00:00
2018-11-09,16.1299991607666,16.19499969482422,15.5649995803833,15.720000267028809,12.494757652282715,10721500,HPE,yfinance,2026-02-10T05:09:22.739344+00:00
2018-11-12,15.579999923706055,15.604999542236328,15.1899995803833,15.279999732971191,12.145030975341797,9571300,HPE,yfinance,2026-02-10T05:09:22.739344+00:00
2018-11-13,15.3100004196167,15.609999656677246,15.244999885559082,15.34000015258789,12.192720413208008,9517000,HPE,yfinance,2026-02-10T05:09:22.739344+00:00
2018-11-14,15.479999542236328,15.675000190734863,15.109999656677246,15.149999618530273,12.041703224182129,16235400,HPE,yfinance,2026-02-10T05:09:22.739344+00:00
2018-11-15,15.069999694824219,15.479999542236328,14.890000343322754,15.319999694824219,12.176822662353516,15280000,HPE,yfinance,2026-02-10T05:09:22.739344+00:00
2018-11-16,15.279999732971191,15.350000381469727,15.100000381469727,15.199999809265137,12.081443786621094,11150600,HPE,yfinance,2026-02-10T05:09:22.739344+00:00
2018-11-19,15.100000381469727,15.21500015258789,14.699999809265137,14.829999923706055,11.787357330322266,12707700,HPE,yfinance,2026-02-10T05:09:22.739344+00:00
2018-11-20,14.600000381469727,14.800000190734863,14.404999732971191,14.529999732971191,11.548904418945312,11300700,HPE,yfinance,2026-02-10T05:09:22.739344+00:00
2018-11-21,14.640000343322754,14.930000305175781,14.630000114440918,14.699999809265137,11.684028625488281,8652300,HPE,yfinance,2026-02-10T05:09:22.739344+00:00
2018-11-23,14.5600004196167,14.71500015258789,14.489999771118164,14.539999961853027,11.556856155395508,2909400,HPE,yfinance,2026-02-10T05:09:22.739344+00:00
2018-11-26,14.720000267028809,14.984999656677246,14.6899995803833,14.90999984741211,11.850942611694336,9953900,HPE,yfinance,2026-02-10T05:09:22.739344+00:00
2018-11-27,14.789999961853027,15.0600004196167,14.760000228881836,15.0600004196167,11.970166206359863,7771900,HPE,yfinance,2026-02-10T05:09:22.739344+00:00
2018-11-28,15.180000305175781,15.460000038146973,14.899999618530273,15.460000038146973,12.28809928894043,13439200,HPE,yfinance,2026-02-10T05:09:22.739344+00:00
2018-11-29,15.399999618530273,15.420000076293945,15.100000381469727,15.119999885559082,12.017855644226074,10922000,HPE,yfinance,2026-02-10T05:09:22.739344+00:00
2018-11-30,15.09000015258789,15.140000343322754,14.770000457763672,15.0,11.922477722167969,20963100,HPE,yfinance,2026-02-10T05:09:22.739344+00:00
2018-12-03,15.260000228881836,15.529999732971191,15.220000267028809,15.5,12.319894790649414,14845100,HPE,yfinance,2026-02-10T05:09:22.739344+00:00
2018-12-04,15.420000076293945,15.539999961853027,14.979999542236328,15.050000190734863,11.962218284606934,18349500,HPE,yfinance,2026-02-10T05:09:22.739344+00:00
2018-12-06,14.8100004196167,16.260000228881836,14.5600004196167,16.020000457763672,12.733206748962402,29136600,HPE,yfinance,2026-02-10T05:09:22.739344+00:00
2018-12-07,15.970000267028809,15.970000267028809,14.65999984741211,14.710000038146973,11.691978454589844,18469900,HPE,yfinance,2026-02-10T05:09:22.739344+00:00
2018-12-10,14.619999885559082,14.845000267028809,14.1899995803833,14.569999694824219,11.58069896697998,14047500,HPE,yfinance,2026-02-10T05:09:22.739344+00:00
2018-12-11,14.579999923706055,14.829999923706055,14.380000114440918,14.739999771118164,11.807395935058594,16343600,HPE,yfinance,2026-02-10T05:09:22.739344+00:00
2018-12-12,14.960000038146973,14.989999771118164,14.630000114440918,14.640000343322754,11.727291107177734,14122900,HPE,yfinance,2026-02-10T05:09:22.739344+00:00
2018-12-13,14.649999618530273,14.930000305175781,14.4399995803833,14.489999771118164,11.607132911682129,12862100,HPE,yfinance,2026-02-10T05:09:22.739344+00:00
2018-12-14,14.350000381469727,14.460000038146973,14.199999809265137,14.220000267028809,11.390851974487305,11166200,HPE,yfinance,2026-02-10T05:09:22.739344+00:00
2018-12-17,14.170000076293945,14.270000457763672,13.550000190734863,13.59000015258789,10.886192321777344,17072700,HPE,yfinance,2026-02-10T05:09:22.739344+00:00
2018-12-18,13.710000038146973,13.930000305175781,13.539999961853027,13.630000114440918,10.918234825134277,12805000,HPE,yfinance,2026-02-10T05:09:22.739344+00:00
2018-12-19,13.59000015258789,13.84000015258789,13.069999694824219,13.170000076293945,10.549755096435547,14299900,HPE,yfinance,2026-02-10T05:09:22.739344+00:00
2018-12-20,13.079999923706055,13.15999984741211,12.595000267028809,12.649999618530273,10.133211135864258,18528300,HPE,yfinance,2026-02-10T05:09:22.739344+00:00
2018-12-21,12.65999984741211,13.0,12.484999656677246,12.609999656677246,10.10116958618164,25427500,HPE,yfinance,2026-02-10T05:09:22.739344+00:00
2018-12-24,12.460000038146973,12.595000267028809,12.225000381469727,12.270000457763672,9.828815460205078,5400200,HPE,yfinance,2026-02-10T05:09:22.739344+00:00
2018-12-26,12.34000015258789,12.859999656677246,12.086999893188477,12.8100004196167,10.261378288269043,10312200,HPE,yfinance,2026-02-10T05:09:22.739344+00:00
2018-12-27,12.6899995803833,13.119999885559082,12.539999961853027,13.100000381469727,10.493682861328125,8150300,HPE,yfinance,2026-02-10T05:09:22.739344+00:00
2018-12-28,13.210000038146973,13.3149995803833,12.970000267028809,13.029999732971191,10.437610626220703,8727000,HPE,yfinance,2026-02-10T05:09:22.739344+00:00
2018-12-31,13.170000076293945,13.255000114440918,13.029999732971191,13.210000038146973,10.58179759979248,6453800,HPE,yfinance,2026-02-10T05:09:22.739344+00:00
2019-01-02,12.949999809265137,13.640000343322754,12.949999809265137,13.460000038146973,10.782059669494629,10865500,HPE,yfinance,2026-02-10T05:09:22.739344+00:00
2019-01-03,13.279999732971191,13.369999885559082,12.930000305175781,13.180000305175781,10.557766914367676,11921700,HPE,yfinance,2026-02-10T05:09:22.739344+00:00
2019-01-04,13.510000228881836,13.920000076293945,13.449999809265137,13.800000190734863,11.054414749145508,11277100,HPE,yfinance,2026-02-10T05:09:22.739344+00:00
2019-01-07,13.819999694824219,14.170000076293945,13.75,14.069999694824219,11.2706937789917,8027500,HPE,yfinance,2026-02-10T05:09:22.739344+00:00
2019-01-08,14.1899995803833,14.3100004196167,13.6850004196167,13.800000190734863,11.054414749145508,12732500,HPE,yfinance,2026-02-10T05:09:22.739344+00:00
2019-01-09,13.880000114440918,14.194999694824219,13.880000114440918,14.0600004196167,11.26268482208252,7668100,HPE,yfinance,2026-02-10T05:09:22.739344+00:00
2019-01-10,13.989999771118164,14.140000343322754,13.880000114440918,14.130000114440918,11.318757057189941,8556200,HPE,yfinance,2026-02-10T05:09:22.739344+00:00
2019-01-11,14.039999961853027,14.260000228881836,13.890000343322754,14.239999771118164,11.406871795654297,6507200,HPE,yfinance,2026-02-10T05:09:22.739344+00:00
2019-01-14,14.109999656677246,14.307000160217285,14.010000228881836,14.15999984741211,11.342789649963379,8960300,HPE,yfinance,2026-02-10T05:09:22.739344+00:00
2019-01-15,14.210000038146973,14.489999771118164,14.170000076293945,14.4399995803833,11.567082405090332,6786400,HPE,yfinance,2026-02-10T05:09:22.739344+00:00
2019-01-16,13.770000457763672,14.369999885559082,13.729999542236328,14.319999694824219,11.470956802368164,12256800,HPE,yfinance,2026-02-10T05:09:22.739344+00:00
2019-01-17,14.260000228881836,14.399999618530273,14.100000381469727,14.270000457763672,11.430906295776367,6240000,HPE,yfinance,2026-02-10T05:09:22.739344+00:00
2019-01-18,14.380000114440918,14.75,14.380000114440918,14.680000305175781,11.759331703186035,8935900,HPE,yfinance,2026-02-10T05:09:22.739344+00:00
2019-01-22,14.65999984741211,14.65999984741211,14.350000381469727,14.449999809265137,11.575092315673828,9537600,HPE,yfinance,2026-02-10T05:09:22.739344+00:00
2019-01-23,14.520000457763672,14.6899995803833,14.319999694824219,14.4399995803833,11.567082405090332,6831400,HPE,yfinance,2026-02-10T05:09:22.739344+00:00
2019-01-24,14.479999542236328,14.880000114440918,14.4399995803833,14.760000228881836,11.823417663574219,7087900,HPE,yfinance,2026-02-10T05:09:22.739344+00:00
2019-01-25,14.9399995803833,15.380000114440918,14.904999732971191,15.350000381469727,12.296031951904297,17843400,HPE,yfinance,2026-02-10T05:09:22.739344+00:00
2019-01-28,15.109999656677246,15.670000076293945,15.069999694824219,15.65999984741211,12.544358253479004,29335800,HPE,yfinance,2026-02-10T05:09:22.739344+00:00
2019-01-29,15.75,15.859999656677246,15.364999771118164,15.369999885559082,12.312050819396973,20884100,HPE,yfinance,2026-02-10T05:09:22.739344+00:00
2019-01-30,15.479999542236328,15.670000076293945,15.274999618530273,15.520000457763672,12.432209968566895,7852300,HPE,yfinance,2026-02-10T05:09:22.739344+00:00
2019-01-31,15.470000267028809,15.649999618530273,15.350000381469727,15.59000015258789,12.48828411102295,11945800,HPE,yfinance,2026-02-10T05:09:22.739344+00:00
2019-02-01,15.6899995803833,15.8100004196167,15.5649995803833,15.6899995803833,12.568387985229492,9152100,HPE,yfinance,2026-02-10T05:09:22.739344+00:00
2019-02-04,15.729999542236328,15.850000381469727,15.579999923706055,15.789999961853027,12.648490905761719,9193800,HPE,yfinance,2026-02-10T05:09:22.739344+00:00
2019-02-05,15.789999961853027,16.099000930786133,15.779999732971191,15.890000343322754,12.728597640991211,6625700,HPE,yfinance,2026-02-10T05:09:22.739344+00:00
2019-02-06,15.9399995803833,16.190000534057617,15.899999618530273,16.09000015258789,12.88880443572998,7159000,HPE,yfinance,2026-02-10T05:09:22.739344+00:00
2019-02-07,15.90999984741211,16.094999313354492,15.75,15.850000381469727,12.696553230285645,6135500,HPE,yfinance,2026-02-10T05:09:22.739344+00:00
2019-02-08,15.65999984741211,15.925000190734863,15.619999885559082,15.920000076293945,12.752626419067383,7984700,HPE,yfinance,2026-02-10T05:09:22.739344+00:00
2019-02-11,15.90999984741211,16.045000076293945,15.829999923706055,15.84000015258789,12.688545227050781,7940000,HPE,yfinance,2026-02-10T05:09:22.739344+00:00
2019-02-12,16.010000228881836,16.149999618530273,15.970000267028809,16.0,12.816710472106934,13904500,HPE,yfinance,2026-02-10T05:09:22.739344+00:00
2019-02-13,16.100000381469727,16.239999771118164,16.030000686645508,16.049999237060547,12.856765747070312,11945600,HPE,yfinance,2026-02-10T05:09:22.739344+00:00
2019-02-14,15.90999984741211,16.1299991607666,15.859999656677246,15.989999771118164,12.808699607849121,7968600,HPE,yfinance,2026-02-10T05:09:22.739344+00:00
2019-02-15,16.110000610351562,16.239999771118164,15.989999771118164,16.09000015258789,12.88880443572998,11932700,HPE,yfinance,2026-02-10T05:09:22.739344+00:00
2019-02-19,16.030000686645508,16.1299991607666,15.979999542236328,16.09000015258789,12.88880443572998,8588900,HPE,yfinance,2026-02-10T05:09:22.739344+00:00
2019-02-20,16.100000381469727,16.219999313354492,16.030000686645508,16.049999237060547,12.856765747070312,9809100,HPE,yfinance,2026-02-10T05:09:22.739344+00:00
2019-02-21,16.110000610351562,16.389999389648438,16.030000686645508,16.229999542236328,13.00094985961914,15909700,HPE,yfinance,2026-02-10T05:09:22.739344+00:00
2019-02-22,16.5,16.5,16.010000228881836,16.31999969482422,13.07304573059082,22478500,HPE,yfinance,2026-02-10T05:09:22.739344+00:00
2019-02-25,16.350000381469727,16.920000076293945,16.344999313354492,16.760000228881836,13.425504684448242,13110200,HPE,yfinance,2026-02-10T05:09:22.739344+00:00
2019-02-26,16.729999542236328,16.969999313354492,16.709999084472656,16.799999237060547,13.457548141479492,10049500,HPE,yfinance,2026-02-10T05:09:22.739344+00:00
2019-02-27,16.75,16.815000534057617,16.69499969482422,16.700000762939453,13.37744426727295,8381300,HPE,yfinance,2026-02-10T05:09:22.739344+00:00
2019-02-28,16.600000381469727,16.649999618530273,16.34000015258789,16.3799991607666,13.121106147766113,13489400,HPE,yfinance,2026-02-10T05:09:22.739344+00:00
2019-03-01,16.540000915527344,16.540000915527344,16.2549991607666,16.3799991607666,13.121106147766113,21879800,HPE,yfinance,2026-02-10T05:09:22.739344+00:00
2019-03-04,16.450000762939453,16.520000457763672,15.9399995803833,16.15999984741211,12.944877624511719,14646300,HPE,yfinance,2026-02-10T05:09:22.739344+00:00
2019-03-05,16.09000015258789,16.239999771118164,15.920000076293945,16.139999389648438,12.928858757019043,15853200,HPE,yfinance,2026-02-10T05:09:22.739344+00:00
2019-03-06,16.110000610351562,16.139999389648438,15.9399995803833,15.960000038146973,12.78467082977295,6343400,HPE,yfinance,2026-02-10T05:09:22.739344+00:00
2019-03-07,15.859999656677246,15.9399995803833,15.600000381469727,15.670000076293945,12.55236530303955,14207900,HPE,yfinance,2026-02-10T05:09:22.739344+00:00
2019-03-08,15.520000457763672,15.664999961853027,15.414999961853027,15.609999656677246,12.504303932189941,7801900,HPE,yfinance,2026-02-10T05:09:22.739344+00:00
2019-03-11,15.640000343322754,15.930000305175781,15.635000228881836,15.890000343322754,12.728597640991211,11689000,HPE,yfinance,2026-02-10T05:09:22.739344+00:00
2019-03-12,15.350000381469727,15.489999771118164,15.130000114440918,15.3100004196167,12.351829528808594,17676400,HPE,yfinance,2026-02-10T05:09:22.739344+00:00
2019-03-13,15.380000114440918,15.59000015258789,15.319999694824219,15.520000457763672,12.521251678466797,11306000,HPE,yfinance,2026-02-10T05:09:22.739344+00:00
2019-03-14,15.59000015258789,15.71500015258789,15.489999771118164,15.65999984741211,12.63420295715332,10097400,HPE,yfinance,2026-02-10T05:09:22.739344+00:00
2019-03-15,15.65999984741211,16.104999542236328,15.65999984741211,16.06999969482422,12.964984893798828,20228300,HPE,yfinance,2026-02-10T05:09:22.739344+00:00
2019-03-18,16.0,16.110000610351562,15.739999771118164,15.84000015258789,12.779425621032715,11519400,HPE,yfinance,2026-02-10T05:09:22.739344+00:00
2019-03-19,15.899999618530273,16.040000915527344,15.831000328063965,15.880000114440918,12.81169605255127,15502600,HPE,yfinance,2026-02-10T05:09:22.739344+00:00
2019-03-20,15.869999885559082,16.040000915527344,15.770000457763672,15.869999885559082,12.80362606048584,10351700,HPE,yfinance,2026-02-10T05:09:22.739344+00:00
2019-03-21,15.890000343322754,16.1200008392334,15.890000343322754,16.020000457763672,12.924646377563477,17721300,HPE,yfinance,2026-02-10T05:09:22.739344+00:00
2019-03-22,15.800000190734863,15.9399995803833,15.270000457763672,15.289999961853027,12.335694313049316,12345200,HPE,yfinance,2026-02-10T05:09:22.739344+00:00
2019-03-25,15.300000190734863,15.380000114440918,15.050000190734863,15.149999618530273,12.222743034362793,12410800,HPE,yfinance,2026-02-10T05:09:22.739344+00:00
2019-03-26,15.1899995803833,15.454999923706055,15.180000305175781,15.3100004196167,12.351829528808594,9274600,HPE,yfinance,2026-02-10T05:09:22.739344+00:00
2019-03-27,15.359999656677246,15.4350004196167,15.170000076293945,15.260000228881836,12.311490058898926,7722000,HPE,yfinance,2026-02-10T05:09:22.739344+00:00
2019-03-28,15.350000381469727,15.53499984741211,15.229999542236328,15.260000228881836,12.311490058898926,9547100,HPE,yfinance,2026-02-10T05:09:22.739344+00:00
2019-03-29,15.420000076293945,15.460000038146973,15.324999809265137,15.430000305175781,12.448640823364258,9937300,HPE,yfinance,2026-02-10T05:09:22.739344+00:00
2019-04-01,15.550000190734863,15.90999984741211,15.539999961853027,15.899999618530273,12.827831268310547,10995700,HPE,yfinance,2026-02-10T05:09:22.739344+00:00
2019-04-02,15.930000305175781,16.010000228881836,15.8149995803833,15.819999694824219,12.763288497924805,6484600,HPE,yfinance,2026-02-10T05:09:22.739344+00:00
2019-04-03,16.020000457763672,16.079999923706055,15.739999771118164,15.850000381469727,12.787490844726562,11969100,HPE,yfinance,2026-02-10T05:09:22.739344+00:00
2019-04-04,15.899999618530273,16.110000610351562,15.850000381469727,16.06999969482422,12.964984893798828,9514000,HPE,yfinance,2026-02-10T05:09:22.739344+00:00
2019-04-05,16.010000228881836,16.170000076293945,16.0,16.149999618530273,13.029525756835938,6083900,HPE,yfinance,2026-02-10T05:09:22.739344+00:00
2019-04-08,16.139999389648438,16.260000228881836,16.062000274658203,16.190000534057617,13.061795234680176,6414100,HPE,yfinance,2026-02-10T05:09:22.739344+00:00
2019-04-09,16.1200008392334,16.139999389648438,15.899999618530273,15.949999809265137,12.868167877197266,5019000,HPE,yfinance,2026-02-10T05:09:22.739344+00:00
2019-04-10,15.970000267028809,16.270000457763672,15.9399995803833,16.270000457763672,13.126340866088867,5654600,HPE,yfinance,2026-02-10T05:09:22.739344+00:00
2019-04-11,16.18000030517578,16.325000762939453,16.100000381469727,16.270000457763672,13.126340866088867,6985300,HPE,yfinance,2026-02-10T05:09:22.739344+00:00
2019-04-12,16.389999389648438,16.479999542236328,16.290000915527344,16.399999618530273,13.231220245361328,5240100,HPE,yfinance,2026-02-10T05:09:22.739344+00:00
2019-04-15,16.360000610351562,16.5,16.360000610351562,16.489999771118164,13.3038330078125,5233300,HPE,yfinance,2026-02-10T05:09:22.739344+00:00
2019-04-16,16.5,16.69499969482422,16.479999542236328,16.600000381469727,13.392576217651367,14190900,HPE,yfinance,2026-02-10T05:09:22.739344+00:00
2019-04-17,16.6299991607666,16.690000534057617,16.43000030517578,16.56999969482422,13.368372917175293,9137100,HPE,yfinance,2026-02-10T05:09:22.739344+00:00
2019-04-18,16.59000015258789,16.709999084472656,16.514999389648438,16.65999984741211,13.440986633300781,9627200,HPE,yfinance,2026-02-10T05:09:22.739344+00:00
2019-04-22,16.65999984741211,16.68000030517578,16.579999923706055,16.59000015258789,13.38451099395752,5423700,HPE,yfinance,2026-02-10T05:09:22.739344+00:00
2019-04-23,16.610000610351562,16.690000534057617,16.5,16.530000686645508,13.336101531982422,10311800,HPE,yfinance,2026-02-10T05:09:22.739344+00:00
2019-04-24,16.510000228881836,16.610000610351562,16.260000228881836,16.270000457763672,13.126340866088867,9147100,HPE,yfinance,2026-02-10T05:09:22.739344+00:00
2019-04-25,16.260000228881836,16.309999465942383,15.9350004196167,16.010000228881836,12.916577339172363,9782100,HPE,yfinance,2026-02-10T05:09:22.739344+00:00
2019-04-26,15.869999885559082,15.9399995803833,15.595000267028809,15.770000457763672,12.72294807434082,11613400,HPE,yfinance,2026-02-10T05:09:22.739344+00:00
2019-04-29,15.729999542236328,15.96500015258789,15.670000076293945,15.710000038146973,12.674541473388672,7794900,HPE,yfinance,2026-02-10T05:09:22.739344+00:00
2019-04-30,15.680000305175781,15.8100004196167,15.529999732971191,15.8100004196167,12.755220413208008,10384900,HPE,yfinance,2026-02-10T05:09:22.739344+00:00
2019-05-01,15.949999809265137,16.06999969482422,15.779999732971191,15.789999961853027,12.739083290100098,6609900,HPE,yfinance,2026-02-10T05:09:22.739344+00:00
2019-05-02,15.8100004196167,15.970000267028809,15.640000343322754,15.739999771118164,12.698746681213379,5105200,HPE,yfinance,2026-02-10T05:09:22.739344+00:00
2019-05-03,15.779999732971191,15.960000038146973,15.770000457763672,15.930000305175781,12.852034568786621,5138900,HPE,yfinance,2026-02-10T05:09:22.739344+00:00
2019-05-06,15.59000015258789,15.729999542236328,15.449999809265137,15.65999984741211,12.63420295715332,5543600,HPE,yfinance,2026-02-10T05:09:22.739344+00:00
2019-05-07,15.470000267028809,15.619999885559082,15.329999923706055,15.430000305175781,12.448640823364258,7565500,HPE,yfinance,2026-02-10T05:09:22.739344+00:00
2019-05-08,15.420000076293945,15.539999961853027,15.329999923706055,15.350000381469727,12.384099960327148,5554900,HPE,yfinance,2026-02-10T05:09:22.739344+00:00
2019-05-09,15.170000076293945,15.229999542236328,14.864999771118164,15.220000267028809,12.279219627380371,7525300,HPE,yfinance,2026-02-10T05:09:22.739344+00:00
2019-05-10,15.079999923706055,15.1850004196167,14.770000457763672,14.789999961853027,11.932302474975586,14643500,HPE,yfinance,2026-02-10T05:09:22.739344+00:00
2019-05-13,14.449999809265137,14.529999732971191,14.09000015258789,14.15999984741211,11.424028396606445,12346300,HPE,yfinance,2026-02-10T05:09:22.739344+00:00
2019-05-14,14.1899995803833,14.395000457763672,14.1899995803833,14.239999771118164,11.488572120666504,9175600,HPE,yfinance,2026-02-10T05:09:22.739344+00:00
2019-05-15,14.0600004196167,14.444999694824219,14.050000190734863,14.420000076293945,11.633793830871582,15286000,HPE,yfinance,2026-02-10T05:09:22.739344+00:00
2019-05-16,14.4399995803833,14.680000305175781,14.430000305175781,14.529999732971191,11.72253704071045,14153400,HPE,yfinance,2026-02-10T05:09:22.739344+00:00
2019-05-17,14.619999885559082,14.920000076293945,14.470000267028809,14.619999885559082,11.795150756835938,16330300,HPE,yfinance,2026-02-10T05:09:22.739344+00:00
2019-05-20,14.399999618530273,14.869999885559082,14.369999885559082,14.75,11.900030136108398,11407900,HPE,yfinance,2026-02-10T05:09:22.739344+00:00
2019-05-21,14.880000114440918,15.3100004196167,14.859999656677246,15.25,12.303423881530762,11137600,HPE,yfinance,2026-02-10T05:09:22.739344+00:00
2019-05-22,15.170000076293945,15.210000038146973,14.670000076293945,14.710000038146973,11.867758750915527,8819400,HPE,yfinance,2026-02-10T05:09:22.739344+00:00
2019-05-23,14.520000457763672,14.539999961853027,14.270000457763672,14.319999694824219,11.553114891052246,12423700,HPE,yfinance,2026-02-10T05:09:22.739344+00:00
2019-05-24,14.279999732971191,15.170000076293945,14.279999732971191,14.390000343322754,11.609589576721191,24819200,HPE,yfinance,2026-02-10T05:09:22.739344+00:00
2019-05-28,14.4399995803833,14.630000114440918,14.145000457763672,14.170000076293945,11.432097434997559,16535100,HPE,yfinance,2026-02-10T05:09:22.739344+00:00
2019-05-29,14.0600004196167,14.28499984741211,13.989999771118164,14.130000114440918,11.399826049804688,8328800,HPE,yfinance,2026-02-10T05:09:22.739344+00:00
2019-05-30,14.25,14.359999656677246,14.135000228881836,14.220000267028809,11.47243595123291,9041300,HPE,yfinance,2026-02-10T05:09:22.739344+00:00
2019-05-31,13.949999809265137,13.979999542236328,13.59000015258789,13.720000267028809,11.06904411315918,13987000,HPE,yfinance,2026-02-10T05:09:22.739344+00:00
2019-06-03,13.739999771118164,13.875,13.550000190734863,13.6899995803833,11.044846534729004,11098000,HPE,yfinance,2026-02-10T05:09:22.739344+00:00
2019-06-04,13.850000381469727,14.175000190734863,13.819999694824219,14.130000114440918,11.399826049804688,8911000,HPE,yfinance,2026-02-10T05:09:22.739344+00:00
2019-06-05,14.329999923706055,14.359999656677246,13.920000076293945,14.09000015258789,11.367555618286133,8914100,HPE,yfinance,2026-02-10T05:09:22.739344+00:00
2019-06-06,13.989999771118164,14.055000305175781,13.6899995803833,13.989999771118164,11.286877632141113,10444300,HPE,yfinance,2026-02-10T05:09:22.739344+00:00
2019-06-07,13.979999542236328,14.15999984741211,13.890000343322754,14.09000015258789,11.367555618286133,8912000,HPE,yfinance,2026-02-10T05:09:22.739344+00:00
2019-06-10,14.180000305175781,14.390000343322754,14.180000305175781,14.260000228881836,11.504707336425781,8844800,HPE,yfinance,2026-02-10T05:09:22.739344+00:00
2019-06-11,14.270000457763672,14.409000396728516,14.109999656677246,14.260000228881836,11.596600532531738,7146300,HPE,yfinance,2026-02-10T05:09:22.739344+00:00
2019-06-12,14.25,14.3100004196167,14.109999656677246,14.140000343322754,11.499014854431152,5917600,HPE,yfinance,2026-02-10T05:09:22.739344+00:00
2019-06-13,14.210000038146973,14.359999656677246,14.170000076293945,14.350000381469727,11.669793128967285,7195300,HPE,yfinance,2026-02-10T05:09:22.739344+00:00
2019-06-14,14.25,14.25,14.050000190734863,14.149999618530273,11.507146835327148,5930300,HPE,yfinance,2026-02-10T05:09:22.739344+00:00
2019-06-17,14.180000305175781,14.430000305175781,14.109999656677246,14.300000190734863,11.629132270812988,9903400,HPE,yfinance,2026-02-10T05:09:22.739344+00:00
2019-06-18,14.40999984741211,14.739999771118164,14.375,14.59000015258789,11.864964485168457,8172200,HPE,yfinance,2026-02-10T05:09:22.739344+00:00
2019-06-19,14.670000076293945,14.84000015258789,14.609999656677246,14.710000038146973,11.962554931640625,9637200,HPE,yfinance,2026-02-10T05:09:22.739344+00:00
2019-06-20,14.979999542236328,15.039999961853027,14.739999771118164,15.0,12.198390007019043,10038200,HPE,yfinance,2026-02-10T05:09:22.739344+00:00
2019-06-21,15.029999732971191,15.0600004196167,14.84000015258789,14.9399995803833,12.1495943069458,15542100,HPE,yfinance,2026-02-10T05:09:22.739344+00:00
2019-06-24,15.020000457763672,15.109999656677246,14.949999809265137,15.010000228881836,12.206522941589355,6810300,HPE,yfinance,2026-02-10T05:09:22.739344+00:00
2019-06-25,14.960000038146973,15.015000343322754,14.75,14.760000228881836,12.003216743469238,8223300,HPE,yfinance,2026-02-10T05:09:22.739344+00:00
2019-06-26,14.869999885559082,15.119999885559082,14.859999656677246,14.960000038146973,12.165861129760742,8407600,HPE,yfinance,2026-02-10T05:09:22.739344+00:00
2019-06-27,14.989999771118164,15.220000267028809,14.9399995803833,14.970000267028809,12.173995018005371,6214500,HPE,yfinance,2026-02-10T05:09:22.739344+00:00
2019-06-28,15.029999732971191,15.170000076293945,14.9399995803833,14.949999809265137,12.157731056213379,20533100,HPE,yfinance,2026-02-10T05:09:22.739344+00:00
2019-07-01,15.239999771118164,15.484999656677246,15.039999961853027,15.140000343322754,12.31224250793457,10192800,HPE,yfinance,2026-02-10T05:09:22.739344+00:00
2019-07-02,15.130000114440918,15.220000267028809,14.96500015258789,15.079999923706055,12.263446807861328,7444700,HPE,yfinance,2026-02-10T05:09:22.739344+00:00
2019-07-03,15.069999694824219,15.3149995803833,15.045000076293945,15.289999961853027,12.434226036071777,6049000,HPE,yfinance,2026-02-10T05:09:22.739344+00:00
2019-07-05,15.15999984741211,15.289999961853027,15.024999618530273,15.170000076293945,12.336637496948242,6018500,HPE,yfinance,2026-02-10T05:09:22.739344+00:00
2019-07-08,15.079999923706055,15.079999923706055,14.854999542236328,15.029999732971191,12.22278881072998,7342700,HPE,yfinance,2026-02-10T05:09:22.739344+00:00
2019-07-09,14.920000076293945,14.9399995803833,14.654999732971191,14.869999885559082,12.092671394348145,7482600,HPE,yfinance,2026-02-10T05:09:22.739344+00:00
2019-07-10,15.010000228881836,15.130000114440918,14.760000228881836,14.770000457763672,12.011346817016602,7082100,HPE,yfinance,2026-02-10T05:09:22.739344+00:00
2019-07-11,14.789999961853027,14.875,14.479999542236328,14.600000381469727,11.873099327087402,12929500,HPE,yfinance,2026-02-10T05:09:22.739344+00:00
2019-07-12,14.640000343322754,14.975000381469727,14.640000343322754,14.90999984741211,12.125200271606445,8061900,HPE,yfinance,2026-02-10T05:09:22.739344+00:00
2019-07-15,14.890000343322754,15.050000190734863,14.869999885559082,14.960000038146973,12.165861129760742,4655900,HPE,yfinance,2026-02-10T05:09:22.739344+00:00
2019-07-16,14.979999542236328,15.029999732971191,14.78499984741211,14.8100004196167,12.043876647949219,6996500,HPE,yfinance,2026-02-10T05:09:22.739344+00:00
2019-07-17,14.800000190734863,14.850000381469727,14.670000076293945,14.6899995803833,11.946288108825684,7100800,HPE,yfinance,2026-02-10T05:09:22.739344+00:00
2019-07-18,14.609999656677246,14.819999694824219,14.600000381469727,14.75,11.995081901550293,8277300,HPE,yfinance,2026-02-10T05:09:22.739344+00:00
2019-07-19,14.789999961853027,14.960000038146973,14.779999732971191,14.84000015258789,12.068273544311523,5765000,HPE,yfinance,2026-02-10T05:09:22.739344+00:00
2019-07-22,14.800000190734863,14.869999885559082,14.260000228881836,14.300000190734863,11.629132270812988,11954800,HPE,yfinance,2026-02-10T05:09:22.739344+00:00
2019-07-23,14.399999618530273,14.654999732971191,14.369999885559082,14.609999656677246,11.881231307983398,8771300,HPE,yfinance,2026-02-10T05:09:22.739344+00:00
2019-07-24,14.640000343322754,14.845000267028809,14.59000015258789,14.739999771118164,11.986950874328613,8067900,HPE,yfinance,2026-02-10T05:09:22.739344+00:00
2019-07-25,14.720000267028809,14.720000267028809,14.4350004196167,14.510000228881836,11.799908638000488,8822700,HPE,yfinance,2026-02-10T05:09:22.739344+00:00
2019-07-26,14.539999961853027,14.729999542236328,14.460000038146973,14.630000114440918,11.897496223449707,6893000,HPE,yfinance,2026-02-10T05:09:22.739344+00:00
2019-07-29,14.59000015258789,14.744999885559082,14.5600004196167,14.65999984741211,11.921892166137695,6046500,HPE,yfinance,2026-02-10T05:09:22.739344+00:00
2019-07-30,14.5600004196167,14.760000228881836,14.510000228881836,14.609999656677246,11.881231307983398,5362900,HPE,yfinance,2026-02-10T05:09:22.739344+00:00
2019-07-31,14.630000114440918,14.664999961853027,14.229999542236328,14.369999885559082,11.686057090759277,8325300,HPE,yfinance,2026-02-10T05:09:22.739344+00:00
2019-08-01,14.329999923706055,14.708999633789062,14.104999542236328,14.140000343322754,11.499014854431152,7903700,HPE,yfinance,2026-02-10T05:09:22.739344+00:00
2019-08-02,13.739999771118164,13.84000015258789,13.020000457763672,13.270000457763672,10.791507720947266,21673400,HPE,yfinance,2026-02-10T05:09:22.739344+00:00
2019-08-05,13.020000457763672,13.109999656677246,12.611000061035156,12.899999618530273,10.490612983703613,15207900,HPE,yfinance,2026-02-10T05:09:22.739344+00:00
2019-08-06,13.170000076293945,13.199999809265137,12.920000076293945,13.069999694824219,10.628865242004395,9594600,HPE,yfinance,2026-02-10T05:09:22.739344+00:00
2019-08-07,12.880000114440918,13.140000343322754,12.770000457763672,13.0600004196167,10.620729446411133,8026100,HPE,yfinance,2026-02-10T05:09:22.739344+00:00
2019-08-08,13.140000343322754,13.579999923706055,13.109999656677246,13.550000190734863,11.019213676452637,10874400,HPE,yfinance,2026-02-10T05:09:22.739344+00:00
2019-08-09,13.460000038146973,13.550000190734863,13.289999961853027,13.390000343322754,10.88909912109375,11271600,HPE,yfinance,2026-02-10T05:09:22.739344+00:00
2019-08-12,13.239999771118164,13.289999961853027,13.0,13.079999923706055,10.636995315551758,6702300,HPE,yfinance,2026-02-10T05:09:22.739344+00:00
2019-08-13,13.09000015258789,13.680000305175781,13.029999732971191,13.399999618530273,10.897226333618164,11899900,HPE,yfinance,2026-02-10T05:09:22.739344+00:00
2019-08-14,13.109999656677246,13.15999984741211,12.84000015258789,12.859999656677246,10.458086013793945,11300900,HPE,yfinance,2026-02-10T05:09:22.739344+00:00
2019-08-15,12.880000114440918,12.970000267028809,12.520000457763672,12.680000305175781,10.311705589294434,11024400,HPE,yfinance,2026-02-10T05:09:22.739344+00:00
2019-08-16,12.800000190734863,12.885000228881836,12.729999542236328,12.800000190734863,10.409295082092285,10818700,HPE,yfinance,2026-02-10T05:09:22.739344+00:00
2019-08-19,12.989999771118164,13.220000267028809,12.989999771118164,13.109999656677246,10.661395072937012,7196200,HPE,yfinance,2026-02-10T05:09:22.739344+00:00
2019-08-20,12.9399995803833,13.0600004196167,12.869999885559082,12.9399995803833,10.52314567565918,5084400,HPE,yfinance,2026-02-10T05:09:22.739344+00:00
2019-08-21,13.130000114440918,13.234999656677246,12.9399995803833,13.069999694824219,10.628865242004395,7453000,HPE,yfinance,2026-02-10T05:09:22.739344+00:00
2019-08-22,13.15999984741211,13.319999694824219,13.029999732971191,13.25,10.775245666503906,7900700,HPE,yfinance,2026-02-10T05:09:22.739344+00:00
2019-08-23,13.029999732971191,13.279999732971191,12.6899995803833,12.75,10.368630409240723,12131000,HPE,yfinance,2026-02-10T05:09:22.739344+00:00
2019-08-26,12.920000076293945,13.0600004196167,12.789999961853027,12.9399995803833,10.52314567565918,8709600,HPE,yfinance,2026-02-10T05:09:22.739344+00:00
2019-08-27,13.050000190734863,13.170000076293945,12.869999885559082,12.930000305175781,10.515012741088867,14197700,HPE,yfinance,2026-02-10T05:09:22.739344+00:00
2019-08-28,13.5,13.829000473022461,13.09000015258789,13.369999885559082,10.872830390930176,15022500,HPE,yfinance,2026-02-10T05:09:22.739344+00:00
2019-08-29,13.6899995803833,13.819999694824219,13.630000114440918,13.680000305175781,11.124933242797852,11195600,HPE,yfinance,2026-02-10T05:09:22.739344+00:00
2019-08-30,13.850000381469727,13.920000076293945,13.680000305175781,13.819999694824219,11.238783836364746,8841100,HPE,yfinance,2026-02-10T05:09:22.739344+00:00
2019-09-03,13.670000076293945,13.75,13.375,13.489999771118164,10.970417976379395,7907500,HPE,yfinance,2026-02-10T05:09:22.739344+00:00
2019-09-04,13.609999656677246,13.779999732971191,13.529999732971191,13.75,11.181861877441406,6934000,HPE,yfinance,2026-02-10T05:09:22.739344+00:00
2019-09-05,13.949999809265137,14.5,13.90999984741211,14.399999618530273,11.710453033447266,9380500,HPE,yfinance,2026-02-10T05:09:22.739344+00:00
2019-09-06,14.470000267028809,14.609999656677246,14.390000343322754,14.569999694824219,11.848702430725098,8599500,HPE,yfinance,2026-02-10T05:09:22.739344+00:00
2019-09-09,14.65999984741211,15.039999961853027,14.630000114440918,14.949999809265137,12.157731056213379,12951200,HPE,yfinance,2026-02-10T05:09:22.739344+00:00
2019-09-10,14.859999656677246,15.170000076293945,14.859999656677246,15.09000015258789,12.365042686462402,10404700,HPE,yfinance,2026-02-10T05:09:22.739344+00:00
2019-09-11,15.149999618530273,15.399999618530273,14.920000076293945,15.369999885559082,12.594477653503418,7938900,HPE,yfinance,2026-02-10T05:09:22.739344+00:00
2019-09-12,15.34000015258789,15.454999923706055,15.100000381469727,15.359999656677246,12.586283683776855,8500800,HPE,yfinance,2026-02-10T05:09:22.739344+00:00
2019-09-13,15.350000381469727,15.399999618530273,15.210000038146973,15.319999694824219,12.553506851196289,9229000,HPE,yfinance,2026-02-10T05:09:22.739344+00:00
2019-09-16,15.1899995803833,15.369999885559082,15.09000015258789,15.119999885559082,12.389623641967773,11458500,HPE,yfinance,2026-02-10T05:09:22.739344+00:00
2019-09-17,15.010000228881836,15.010000228881836,14.75,14.989999771118164,12.283100128173828,7239300,HPE,yfinance,2026-02-10T05:09:22.739344+00:00
2019-09-18,14.869999885559082,14.989999771118164,14.619999885559082,14.739999771118164,12.078245162963867,12714800,HPE,yfinance,2026-02-10T05:09:22.739344+00:00
2019-09-19,14.789999961853027,14.970000267028809,14.6899995803833,14.850000381469727,12.168380737304688,14516200,HPE,yfinance,2026-02-10T05:09:22.739344+00:00
2019-09-20,14.869999885559082,14.930000305175781,14.350000381469727,14.430000305175781,11.824224472045898,19541900,HPE,yfinance,2026-02-10T05:09:22.739344+00:00
2019-09-23,14.300000190734863,14.484999656677246,14.210000038146973,14.399999618530273,11.799640655517578,11750000,HPE,yfinance,2026-02-10T05:09:22.739344+00:00
2019-09-24,14.430000305175781,14.569999694824219,14.140000343322754,14.25,11.676729202270508,16093600,HPE,yfinance,2026-02-10T05:09:22.739344+00:00
2019-09-25,14.25,14.670000076293945,14.1899995803833,14.59000015258789,11.955329895019531,8018700,HPE,yfinance,2026-02-10T05:09:22.739344+00:00
2019-09-26,14.529999732971191,14.699999809265137,14.350000381469727,14.630000114440918,11.98810863494873,6972100,HPE,yfinance,2026-02-10T05:09:22.739344+00:00
2019-09-27,14.739999771118164,15.100000381469727,14.6899995803833,15.0,12.29129409790039,10224700,HPE,yfinance,2026-02-10T05:09:22.739344+00:00
2019-09-30,15.0,15.319999694824219,14.989999771118164,15.170000076293945,12.430594444274902,11141900,HPE,yfinance,2026-02-10T05:09:22.739344+00:00
2019-10-01,15.3100004196167,15.395000457763672,14.640000343322754,14.649999618530273,12.00449275970459,7893900,HPE,yfinance,2026-02-10T05:09:22.739344+00:00
2019-10-02,14.529999732971191,14.555000305175781,14.3100004196167,14.4399995803833,11.832419395446777,7444400,HPE,yfinance,2026-02-10T05:09:22.739344+00:00
2019-10-03,14.390000343322754,14.5,14.050000190734863,14.5,11.881586074829102,5705100,HPE,yfinance,2026-02-10T05:09:22.739344+00:00
2019-10-04,14.510000228881836,14.510000228881836,14.244999885559082,14.399999618530273,11.799640655517578,9735000,HPE,yfinance,2026-02-10T05:09:22.739344+00:00
2019-10-07,14.399999618530273,14.664999961853027,14.329999923706055,14.350000381469727,11.758671760559082,8194000,HPE,yfinance,2026-02-10T05:09:22.739344+00:00
2019-10-08,14.1899995803833,14.21500015258789,13.819999694824219,13.850000381469727,11.348958015441895,11912400,HPE,yfinance,2026-02-10T05:09:22.739344+00:00
2019-10-09,13.970000267028809,14.225000381469727,13.949999809265137,14.069999694824219,11.529232025146484,6318600,HPE,yfinance,2026-02-10T05:09:22.739344+00:00
2019-10-10,14.010000228881836,14.25,13.979999542236328,14.109999656677246,11.562010765075684,4448400,HPE,yfinance,2026-02-10T05:09:22.739344+00:00
2019-10-11,14.359999656677246,14.53499984741211,14.279999732971191,14.350000381469727,11.758671760559082,6507200,HPE,yfinance,2026-02-10T05:09:22.739344+00:00
2019-10-14,14.619999885559082,14.949999809265137,14.59000015258789,14.949999809265137,12.250325202941895,8724200,HPE,yfinance,2026-02-10T05:09:22.739344+00:00
2019-10-15,14.9399995803833,15.270000457763672,14.6899995803833,15.140000343322754,12.406013488769531,7585800,HPE,yfinance,2026-02-10T05:09:22.739344+00:00
2019-10-16,15.170000076293945,15.21500015258789,15.039999961853027,15.09000015258789,12.365042686462402,5205500,HPE,yfinance,2026-02-10T05:09:22.739344+00:00
2019-10-17,15.079999923706055,15.289999961853027,15.024999618530273,15.210000038146973,12.463372230529785,4793500,HPE,yfinance,2026-02-10T05:09:22.739344+00:00
2019-10-18,15.229999542236328,15.390000343322754,15.199999809265137,15.350000381469727,12.57809066772461,9987100,HPE,yfinance,2026-02-10T05:09:22.739344+00:00
2019-10-21,15.850000381469727,16.40999984741211,15.789999961853027,15.970000267028809,13.08613109588623,19431100,HPE,yfinance,2026-02-10T05:09:22.739344+00:00
2019-10-22,16.020000457763672,16.09000015258789,15.869999885559082,15.949999809265137,13.069743156433105,10852100,HPE,yfinance,2026-02-10T05:09:22.739344+00:00
2019-10-23,15.899999618530273,16.200000762939453,15.699999809265137,16.020000457763672,13.12710189819336,10984200,HPE,yfinance,2026-02-10T05:09:22.739344+00:00
2019-10-24,16.170000076293945,16.235000610351562,15.675000190734863,15.890000343322754,13.020576477050781,8343400,HPE,yfinance,2026-02-10T05:09:22.739344+00:00
2019-10-25,15.90999984741211,16.200000762939453,15.899999618530273,16.15999984741211,13.241819381713867,6349100,HPE,yfinance,2026-02-10T05:09:22.739344+00:00
2019-10-28,16.280000686645508,16.47800064086914,16.270000457763672,16.43000030517578,13.463067054748535,5537100,HPE,yfinance,2026-02-10T05:09:22.739344+00:00
2019-10-29,16.31999969482422,16.545000076293945,16.219999313354492,16.459999084472656,13.487645149230957,6490400,HPE,yfinance,2026-02-10T05:09:22.739344+00:00
2019-10-30,16.479999542236328,16.479999542236328,16.190000534057617,16.309999465942383,13.364733695983887,6452200,HPE,yfinance,2026-02-10T05:09:22.739344+00:00
2019-10-31,16.350000381469727,16.43000030517578,16.100000381469727,16.40999984741211,13.446673393249512,5724900,HPE,yfinance,2026-02-10T05:09:22.739344+00:00
2019-11-01,16.100000381469727,16.530000686645508,15.8100004196167,16.5,13.520423889160156,6996900,HPE,yfinance,2026-02-10T05:09:22.739344+00:00
2019-11-04,16.59000015258789,16.799999237060547,16.59000015258789,16.649999618530273,13.643336296081543,10539600,HPE,yfinance,2026-02-10T05:09:22.739344+00:00
2019-11-05,16.780000686645508,16.940000534057617,16.764999389648438,16.829999923706055,13.79083251953125,13439800,HPE,yfinance,2026-02-10T05:09:22.739344+00:00
2019-11-06,16.959999084472656,17.030000686645508,16.81999969482422,16.940000534057617,13.880965232849121,12812800,HPE,yfinance,2026-02-10T05:09:22.739344+00:00
2019-11-07,17.079999923706055,17.350000381469727,17.020000457763672,17.18000030517578,14.077630996704102,9108800,HPE,yfinance,2026-02-10T05:09:22.739344+00:00
2019-11-08,17.18000030517578,17.440000534057617,17.049999237060547,17.43000030517578,14.28248405456543,5901700,HPE,yfinance,2026-02-10T05:09:22.739344+00:00
2019-11-11,17.440000534057617,17.59000015258789,17.329999923706055,17.459999084472656,14.307065963745117,5640100,HPE,yfinance,2026-02-10T05:09:22.739344+00:00
2019-11-12,17.510000228881836,17.540000915527344,17.260000228881836,17.34000015258789,14.208734512329102,8409400,HPE,yfinance,2026-02-10T05:09:22.739344+00:00
2019-11-13,17.270000457763672,17.31999969482422,17.139999389648438,17.229999542236328,14.118599891662598,8627200,HPE,yfinance,2026-02-10T05:09:22.739344+00:00
2019-11-14,17.15999984741211,17.200000762939453,16.979999542236328,17.030000686645508,13.954716682434082,11010500,HPE,yfinance,2026-02-10T05:09:22.739344+00:00
2019-11-15,17.149999618530273,17.270000457763672,17.040000915527344,17.229999542236328,14.118599891662598,9913400,HPE,yfinance,2026-02-10T05:09:22.739344+00:00
2019-11-18,17.219999313354492,17.280000686645508,17.059999465942383,17.280000686645508,14.159570693969727,8227500,HPE,yfinance,2026-02-10T05:09:22.739344+00:00
2019-11-19,17.34000015258789,17.579999923706055,17.270000457763672,17.440000534057617,14.290677070617676,9109700,HPE,yfinance,2026-02-10T05:09:22.739344+00:00
2019-11-20,17.360000610351562,17.399999618530273,17.049999237060547,17.1200008392334,14.028465270996094,6433900,HPE,yfinance,2026-02-10T05:09:22.739344+00:00
2019-11-21,17.06999969482422,17.229999542236328,16.989999771118164,17.079999923706055,13.995684623718262,5434900,HPE,yfinance,2026-02-10T05:09:22.739344+00:00
2019-11-22,17.1200008392334,17.28499984741211,17.040000915527344,17.1200008392334,14.028465270996094,6688600,HPE,yfinance,2026-02-10T05:09:22.739344+00:00
2019-11-25,17.15999984741211,17.459999084472656,17.010000228881836,17.450000762939453,14.298872947692871,11373800,HPE,yfinance,2026-02-10T05:09:22.739344+00:00
2019-11-26,16.479999542236328,16.670000076293945,15.75,15.970000267028809,13.08613109588623,27706700,HPE,yfinance,2026-02-10T05:09:22.739344+00:00
2019-11-27,15.930000305175781,15.979999542236328,15.779999732971191,15.9399995803833,13.061548233032227,8446600,HPE,yfinance,2026-02-10T05:09:22.739344+00:00
2019-11-29,15.899999618530273,16.040000915527344,15.805000305175781,15.829999923706055,12.97141170501709,4805700,HPE,yfinance,2026-02-10T05:09:22.739344+00:00
2019-12-02,15.829999923706055,15.989999771118164,15.75,15.760000228881836,12.914052963256836,9736300,HPE,yfinance,2026-02-10T05:09:22.739344+00:00
2019-12-03,15.5,15.619999885559082,15.364999771118164,15.609999656677246,12.791139602661133,6523900,HPE,yfinance,2026-02-10T05:09:22.739344+00:00
2019-12-04,15.680000305175781,15.880000114440918,15.680000305175781,15.739999771118164,12.897665023803711,5239400,HPE,yfinance,2026-02-10T05:09:22.739344+00:00
2019-12-05,15.84000015258789,15.970000267028809,15.800000190734863,15.930000305175781,13.053354263305664,8002400,HPE,yfinance,2026-02-10T05:09:22.739344+00:00
2019-12-06,16.040000915527344,16.110000610351562,15.880000114440918,15.90999984741211,13.03696346282959,5307300,HPE,yfinance,2026-02-10T05:09:22.739344+00:00
2019-12-09,15.84000015258789,16.010000228881836,15.755000114440918,15.890000343322754,13.020576477050781,6715500,HPE,yfinance,2026-02-10T05:09:22.739344+00:00
2019-12-10,15.75,15.949999809265137,15.710000038146973,15.84000015258789,13.078375816345215,6885000,HPE,yfinance,2026-02-10T05:09:22.739344+00:00
2019-12-11,15.880000114440918,16.09000015258789,15.84000015258789,15.869999885559082,13.103142738342285,6725600,HPE,yfinance,2026-02-10T05:09:22.739344+00:00
2019-12-12,15.869999885559082,16.440000534057617,15.864999771118164,16.399999618530273,13.540740966796875,9032500,HPE,yfinance,2026-02-10T05:09:22.739344+00:00
2019-12-13,16.3700008392334,16.450000762939453,15.989999771118164,16.030000686645508,13.235247611999512,7430600,HPE,yfinance,2026-02-10T05:09:22.739344+00:00
2019-12-16,16.110000610351562,16.350000381469727,16.06999969482422,16.079999923706055,13.276529312133789,6902500,HPE,yfinance,2026-02-10T05:09:22.739344+00:00
2019-12-17,16.079999923706055,16.100000381469727,15.8100004196167,15.84000015258789,13.078375816345215,8874700,HPE,yfinance,2026-02-10T05:09:22.739344+00:00
2019-12-18,15.800000190734863,16.170000076293945,15.779999732971191,15.90999984741211,13.1361665725708,10688600,HPE,yfinance,2026-02-10T05:09:22.739344+00:00
2019-12-19,15.880000114440918,15.994999885559082,15.680000305175781,15.739999771118164,12.995807647705078,10615100,HPE,yfinance,2026-02-10T05:09:22.739344+00:00
2019-12-20,15.819999694824219,15.850000381469727,15.579999923706055,15.579999923706055,12.863701820373535,19504300,HPE,yfinance,2026-02-10T05:09:22.739344+00:00
2019-12-23,15.609999656677246,15.904999732971191,15.539999961853027,15.84000015258789,13.078375816345215,10093700,HPE,yfinance,2026-02-10T05:09:22.739344+00:00
2019-12-24,15.819999694824219,15.979999542236328,15.805000305175781,15.920000076293945,13.144425392150879,2022600,HPE,yfinance,2026-02-10T05:09:22.739344+00:00
2019-12-26,15.9399995803833,15.989999771118164,15.899999618530273,15.960000038146973,13.177451133728027,3502100,HPE,yfinance,2026-02-10T05:09:22.739344+00:00
2019-12-27,16.020000457763672,16.110000610351562,15.869999885559082,15.899999618530273,13.127912521362305,7395400,HPE,yfinance,2026-02-10T05:09:22.739344+00:00
2019-12-30,15.920000076293945,15.989999771118164,15.6899995803833,15.779999732971191,13.028834342956543,10155500,HPE,yfinance,2026-02-10T05:09:22.739344+00:00
2019-12-31,15.6899995803833,15.899999618530273,15.619999885559082,15.859999656677246,13.094887733459473,7338500,HPE,yfinance,2026-02-10T05:09:22.739344+00:00
2020-01-02,16.0,16.18000030517578,15.970000267028809,16.170000076293945,13.350838661193848,8601700,HPE,yfinance,2026-02-10T05:09:22.739344+00:00
2020-01-03,15.899999618530273,15.960000038146973,15.710000038146973,15.770000457763672,13.020578384399414,7802100,HPE,yfinance,2026-02-10T05:09:22.739344+00:00
2020-01-06,15.609999656677246,15.779999732971191,15.59000015258789,15.720000267028809,12.979294776916504,9155300,HPE,yfinance,2026-02-10T05:09:22.739344+00:00
2020-01-07,15.6899995803833,15.765000343322754,15.569999694824219,15.640000343322754,12.913241386413574,8548500,HPE,yfinance,2026-02-10T05:09:22.739344+00:00
2020-01-08,15.569999694824219,15.805000305175781,15.489999771118164,15.760000228881836,13.012320518493652,7624900,HPE,yfinance,2026-02-10T05:09:22.739344+00:00
2020-01-09,15.800000190734863,15.800000190734863,15.449999809265137,15.670000076293945,12.938013076782227,10668500,HPE,yfinance,2026-02-10T05:09:22.739344+00:00
2020-01-10,15.670000076293945,15.739999771118164,15.460000038146973,15.470000267028809,12.772884368896484,7536800,HPE,yfinance,2026-02-10T05:09:22.739344+00:00
2020-01-13,15.470000267028809,15.65999984741211,15.449999809265137,15.550000190734863,12.838933944702148,10123800,HPE,yfinance,2026-02-10T05:09:22.739344+00:00
2020-01-14,15.569999694824219,15.670000076293945,15.5,15.539999961853027,12.83067798614502,7669100,HPE,yfinance,2026-02-10T05:09:22.739344+00:00
2020-01-15,15.5,15.649999618530273,15.430000305175781,15.489999771118164,12.789393424987793,6933900,HPE,yfinance,2026-02-10T05:09:22.739344+00:00
2020-01-16,15.600000381469727,15.800000190734863,15.515000343322754,15.770000457763672,13.020578384399414,6821800,HPE,yfinance,2026-02-10T05:09:22.739344+00:00
2020-01-17,15.789999961853027,15.789999961853027,14.979999542236328,15.100000381469727,12.467388153076172,18728200,HPE,yfinance,2026-02-10T05:09:22.739344+00:00
2020-01-21,15.010000228881836,15.039999961853027,14.739999771118164,14.899999618530273,12.302255630493164,13327600,HPE,yfinance,2026-02-10T05:09:22.739344+00:00
2020-01-22,14.960000038146973,15.069999694824219,14.899999618530273,15.029999732971191,12.40959358215332,12116300,HPE,yfinance,2026-02-10T05:09:22.739344+00:00
2020-01-23,15.039999961853027,15.178000450134277,14.789999961853027,15.15999984741211,12.516927719116211,6112100,HPE,yfinance,2026-02-10T05:09:22.739344+00:00
2020-01-24,15.149999618530273,15.220000267028809,14.694999694824219,14.760000228881836,12.186665534973145,9582700,HPE,yfinance,2026-02-10T05:09:22.739344+00:00
2020-01-27,14.460000038146973,14.630000114440918,14.300000190734863,14.520000457763672,11.988509178161621,11602000,HPE,yfinance,2026-02-10T05:09:22.739344+00:00
2020-01-28,14.579999923706055,14.739999771118164,14.520000457763672,14.619999885559082,12.071073532104492,6350800,HPE,yfinance,2026-02-10T05:09:22.739344+00:00
2020-01-29,14.75,14.75,14.40999984741211,14.420000076293945,11.905942916870117,7123700,HPE,yfinance,2026-02-10T05:09:22.739344+00:00
2020-01-30,14.260000228881836,14.510000228881836,14.149999618530273,14.420000076293945,11.905942916870117,6938000,HPE,yfinance,2026-02-10T05:09:22.739344+00:00
2020-01-31,14.3100004196167,14.34000015258789,13.8100004196167,13.930000305175781,11.501373291015625,12204300,HPE,yfinance,2026-02-10T05:09:22.739344+00:00
2020-02-03,14.0600004196167,14.4399995803833,14.010000228881836,14.140000343322754,11.674758911132812,9186200,HPE,yfinance,2026-02-10T05:09:22.739344+00:00
2020-02-04,14.470000267028809,14.71500015258789,14.380000114440918,14.420000076293945,11.905942916870117,8307900,HPE,yfinance,2026-02-10T05:09:22.739344+00:00
2020-02-05,14.600000381469727,14.90999984741211,14.600000381469727,14.890000343322754,12.294001579284668,7683700,HPE,yfinance,2026-02-10T05:09:22.739344+00:00
2020-02-06,14.989999771118164,15.079999923706055,14.800000190734863,14.920000076293945,12.318769454956055,6328900,HPE,yfinance,2026-02-10T05:09:22.739344+00:00
2020-02-07,14.739999771118164,14.789999961853027,14.640000343322754,14.739999771118164,12.170153617858887,6361800,HPE,yfinance,2026-02-10T05:09:22.739344+00:00
2020-02-10,14.649999618530273,14.779999732971191,14.550000190734863,14.770000457763672,12.194920539855957,6762800,HPE,yfinance,2026-02-10T05:09:22.739344+00:00
2020-02-11,14.859999656677246,14.984999656677246,14.800000190734863,14.869999885559082,12.277488708496094,4978600,HPE,yfinance,2026-02-10T05:09:22.739344+00:00
2020-02-12,14.989999771118164,15.180000305175781,14.949999809265137,15.029999732971191,12.40959358215332,7822300,HPE,yfinance,2026-02-10T05:09:22.739344+00:00
2020-02-13,14.800000190734863,14.819999694824219,14.550000190734863,14.699999809265137,12.137126922607422,9028500,HPE,yfinance,2026-02-10T05:09:22.739344+00:00
2020-02-14,14.729999542236328,14.819999694824219,14.350000381469727,14.4399995803833,11.922457695007324,8115900,HPE,yfinance,2026-02-10T05:09:22.739344+00:00
2020-02-18,14.25,14.399999618530273,14.210000038146973,14.380000114440918,11.872916221618652,5494800,HPE,yfinance,2026-02-10T05:09:22.739344+00:00
2020-02-19,14.380000114440918,14.550000190734863,14.369999885559082,14.470000267028809,11.947225570678711,7303100,HPE,yfinance,2026-02-10T05:09:22.739344+00:00
2020-02-20,14.420000076293945,14.65999984741211,14.369999885559082,14.470000267028809,11.947225570678711,9141800,HPE,yfinance,2026-02-10T05:09:22.739344+00:00
2020-02-21,14.34000015258789,14.449999809265137,14.09000015258789,14.180000305175781,11.707788467407227,8480200,HPE,yfinance,2026-02-10T05:09:22.739344+00:00
2020-02-24,13.739999771118164,14.020000457763672,13.609999656677246,13.710000038146973,11.319727897644043,11045100,HPE,yfinance,2026-02-10T05:09:22.739344+00:00
2020-02-25,13.779999732971191,13.789999961853027,13.1899995803833,13.329999923706055,11.00597858428955,11244300,HPE,yfinance,2026-02-10T05:09:22.739344+00:00
2020-02-26,13.4399995803833,13.569999694824219,13.010000228881836,13.039999961853027,10.766538619995117,10242600,HPE,yfinance,2026-02-10T05:09:22.739344+00:00
2020-02-27,12.75,13.079999923706055,12.520000457763672,12.579999923706055,10.386736869812012,12311300,HPE,yfinance,2026-02-10T05:09:22.739344+00:00
2020-02-28,12.279999732971191,12.800000190734863,12.0600004196167,12.789999961853027,10.560123443603516,23265400,HPE,yfinance,2026-02-10T05:09:22.739344+00:00
2020-03-02,12.789999961853027,12.890000343322754,12.34000015258789,12.890000343322754,10.64268970489502,15540800,HPE,yfinance,2026-02-10T05:09:22.739344+00:00
2020-03-03,12.619999885559082,13.329999923706055,12.425000190734863,12.59000015258789,10.39499282836914,15309400,HPE,yfinance,2026-02-10T05:09:22.739344+00:00
2020-03-04,11.899999618530273,12.279999732971191,11.430000305175781,12.260000228881836,10.122527122497559,26220800,HPE,yfinance,2026-02-10T05:09:22.739344+00:00
2020-03-05,11.800000190734863,11.970000267028809,11.630000114440918,11.789999961853027,9.73447036743164,17618300,HPE,yfinance,2026-02-10T05:09:22.739344+00:00
2020-03-06,11.449999809265137,12.074999809265137,11.399999618530273,11.989999771118164,9.899601936340332,16163800,HPE,yfinance,2026-02-10T05:09:22.739344+00:00
2020-03-09,11.1899995803833,11.510000228881836,10.75,11.140000343322754,9.197794914245605,14914600,HPE,yfinance,2026-02-10T05:09:22.739344+00:00
2020-03-10,11.390000343322754,11.595000267028809,10.9399995803833,11.520000457763672,9.615118026733398,14684200,HPE,yfinance,2026-02-10T05:09:22.739344+00:00
2020-03-11,11.199999809265137,11.220000267028809,10.5,10.569999694824219,8.822206497192383,16335600,HPE,yfinance,2026-02-10T05:09:22.739344+00:00
2020-03-12,9.779999732971191,9.949999809265137,8.979999542236328,9.119999885559082,7.611968040466309,16073900,HPE,yfinance,2026-02-10T05:09:22.739344+00:00
2020-03-13,9.6899995803833,9.890000343322754,8.9399995803833,9.859999656677246,8.229604721069336,13959100,HPE,yfinance,2026-02-10T05:09:22.739344+00:00
2020-03-16,8.5600004196167,8.850000381469727,7.590000152587891,8.350000381469727,6.969291687011719,20677100,HPE,yfinance,2026-02-10T05:09:22.739344+00:00
2020-03-17,8.489999771118164,8.65999984741211,7.679999828338623,8.270000457763672,6.902520179748535,16205300,HPE,yfinance,2026-02-10T05:09:22.739344+00:00
2020-03-18,7.809999942779541,8.670000076293945,7.429999828338623,8.529999732971191,7.1195268630981445,16350700,HPE,yfinance,2026-02-10T05:09:22.739344+00:00
2020-03-19,8.289999961853027,9.3100004196167,7.880000114440918,9.109999656677246,7.603621006011963,17683900,HPE,yfinance,2026-02-10T05:09:22.739344+00:00
2020-03-20,9.359999656677246,9.460000038146973,8.609999656677246,8.630000114440918,7.202990531921387,19963400,HPE,yfinance,2026-02-10T05:09:22.739344+00:00
2020-03-23,8.539999961853027,8.729999542236328,7.6539998054504395,7.829999923706055,6.535276412963867,12308900,HPE,yfinance,2026-02-10T05:09:22.739344+00:00
2020-03-24,8.270000457763672,8.970000267028809,8.220000267028809,8.9399995803833,7.46173095703125,12485900,HPE,yfinance,2026-02-10T05:09:22.739344+00:00
2020-03-25,9.0,10.079999923706055,8.8149995803833,9.390000343322754,7.837323188781738,16421400,HPE,yfinance,2026-02-10T05:09:22.739344+00:00
2020-03-26,9.5600004196167,10.609999656677246,9.460000038146973,10.529999732971191,8.788817405700684,13077200,HPE,yfinance,2026-02-10T05:09:22.739344+00:00
2020-03-27,10.020000457763672,10.255000114440918,9.579999923706055,9.819999694824219,8.196218490600586,12549000,HPE,yfinance,2026-02-10T05:09:22.739344+00:00
2020-03-30,9.800000190734863,10.220000267028809,9.460000038146973,10.050000190734863,8.388189315795898,10077300,HPE,yfinance,2026-02-10T05:09:22.739344+00:00
2020-03-31,10.09000015258789,10.15999984741211,9.675000190734863,9.710000038146973,8.104411125183105,9300000,HPE,yfinance,2026-02-10T05:09:22.739344+00:00
2020-04-01,9.15999984741211,9.739999771118164,9.09000015258789,9.579999923706055,7.995905876159668,11509900,HPE,yfinance,2026-02-10T05:09:22.739344+00:00
2020-04-02,9.5,9.890000343322754,9.100000381469727,9.380000114440918,7.828976631164551,8233400,HPE,yfinance,2026-02-10T05:09:22.739344+00:00
2020-04-03,9.359999656677246,9.609999656677246,9.210000038146973,9.300000190734863,7.762205123901367,6826800,HPE,yfinance,2026-02-10T05:09:22.739344+00:00
2020-04-06,9.949999809265137,10.15999984741211,9.609999656677246,9.829999923706055,8.204568862915039,10453600,HPE,yfinance,2026-02-10T05:09:22.739344+00:00
2020-04-07,10.229999542236328,10.390000343322754,9.649999618530273,9.65999984741211,8.062675476074219,10484500,HPE,yfinance,2026-02-10T05:09:22.739344+00:00
2020-04-08,9.789999961853027,10.319999694824219,9.760000228881836,10.229999542236328,8.53842544555664,5841500,HPE,yfinance,2026-02-10T05:09:22.739344+00:00
2020-04-09,10.4399995803833,10.800000190734863,10.420000076293945,10.529999732971191,8.788817405700684,12500600,HPE,yfinance,2026-02-10T05:09:22.739344+00:00
2020-04-13,10.479999542236328,10.600000381469727,10.175000190734863,10.359999656677246,8.646930694580078,6937300,HPE,yfinance,2026-02-10T05:09:22.739344+00:00
2020-04-14,10.619999885559082,10.760000228881836,10.319999694824219,10.359999656677246,8.646930694580078,8921000,HPE,yfinance,2026-02-10T05:09:22.739344+00:00
2020-04-15,10.010000228881836,10.03499984741211,9.354999542236328,9.520000457763672,7.945829391479492,16451900,HPE,yfinance,2026-02-10T05:09:22.739344+00:00
2020-04-16,9.579999923706055,9.579999923706055,9.199999809265137,9.319999694824219,7.778897285461426,11236200,HPE,yfinance,2026-02-10T05:09:22.739344+00:00
2020-04-17,9.489999771118164,9.800000190734863,9.470000267028809,9.710000038146973,8.104411125183105,9960300,HPE,yfinance,2026-02-10T05:09:22.739344+00:00
2020-04-20,9.449999809265137,9.75,9.270000457763672,9.359999656677246,7.812283039093018,8651400,HPE,yfinance,2026-02-10T05:09:22.739344+00:00
2020-04-21,9.170000076293945,9.229999542236328,8.979999542236328,9.050000190734863,7.553542137145996,7682100,HPE,yfinance,2026-02-10T05:09:22.739344+00:00
2020-04-22,9.329999923706055,9.359999656677246,8.949999809265137,9.029999732971191,7.536849498748779,9059000,HPE,yfinance,2026-02-10T05:09:22.739344+00:00
2020-04-23,9.0600004196167,9.479999542236328,9.0600004196167,9.270000457763672,7.737164497375488,8468600,HPE,yfinance,2026-02-10T05:09:22.739344+00:00
2020-04-24,9.279999732971191,9.579999923706055,9.239999771118164,9.529999732971191,7.954172611236572,9376500,HPE,yfinance,2026-02-10T05:09:22.739344+00:00
2020-04-27,9.40999984741211,9.729999542236328,9.380000114440918,9.65999984741211,8.062675476074219,6455000,HPE,yfinance,2026-02-10T05:09:22.739344+00:00
2020-04-28,9.829999923706055,10.029999732971191,9.75,9.800000190734863,8.179526329040527,8553000,HPE,yfinance,2026-02-10T05:09:22.739344+00:00
2020-04-29,10.09000015258789,10.430000305175781,10.079999923706055,10.3100004196167,8.605195045471191,10508100,HPE,yfinance,2026-02-10T05:09:22.739344+00:00
2020-04-30,10.220000267028809,10.239999771118164,9.989999771118164,10.0600004196167,8.396536827087402,8172900,HPE,yfinance,2026-02-10T05:09:22.739344+00:00
2020-05-01,9.8100004196167,9.819999694824219,9.350000381469727,9.479999542236328,7.912439823150635,6454100,HPE,yfinance,2026-02-10T05:09:22.739344+00:00
2020-05-04,9.350000381469727,9.460000038146973,9.119999885559082,9.380000114440918,7.828976631164551,6867500,HPE,yfinance,2026-02-10T05:09:22.739344+00:00
2020-05-05,9.529999732971191,9.720000267028809,9.390000343322754,9.40999984741211,7.854016304016113,5361900,HPE,yfinance,2026-02-10T05:09:22.739344+00:00
2020-05-06,9.470000267028809,9.5600004196167,9.199999809265137,9.350000381469727,7.803936958312988,8741200,HPE,yfinance,2026-02-10T05:09:22.739344+00:00
2020-05-07,9.460000038146973,9.739999771118164,9.449999809265137,9.579999923706055,7.995905876159668,7816100,HPE,yfinance,2026-02-10T05:09:22.739344+00:00
2020-05-08,9.760000228881836,10.279999732971191,9.710000038146973,10.25,8.555118560791016,7173500,HPE,yfinance,2026-02-10T05:09:22.739344+00:00
2020-05-11,10.079999923706055,10.121999740600586,9.65999984741211,9.729999542236328,8.121100425720215,7776300,HPE,yfinance,2026-02-10T05:09:22.739344+00:00
2020-05-12,9.789999961853027,9.930000305175781,9.479999542236328,9.479999542236328,7.912439823150635,8668300,HPE,yfinance,2026-02-10T05:09:22.739344+00:00
2020-05-13,9.449999809265137,9.449999809265137,9.010000228881836,9.079999923706055,7.57858419418335,9420800,HPE,yfinance,2026-02-10T05:09:22.739344+00:00
2020-05-14,8.960000038146973,9.199999809265137,8.619999885559082,9.170000076293945,7.653700828552246,8108800,HPE,yfinance,2026-02-10T05:09:22.739344+00:00
2020-05-15,9.039999961853027,9.149999618530273,8.890000343322754,9.109999656677246,7.603621006011963,6691300,HPE,yfinance,2026-02-10T05:09:22.739344+00:00
2020-05-18,9.430000305175781,10.029999732971191,9.399999618530273,9.989999771118164,8.338109970092773,11822200,HPE,yfinance,2026-02-10T05:09:22.739344+00:00
2020-05-19,9.930000305175781,10.1899995803833,9.65999984741211,10.039999961853027,8.379839897155762,8220800,HPE,yfinance,2026-02-10T05:09:22.739344+00:00
2020-05-20,10.100000381469727,10.300000190734863,10.045000076293945,10.279999732971191,8.580156326293945,7696000,HPE,yfinance,2026-02-10T05:09:22.739344+00:00
2020-05-21,10.25,10.449999809265137,10.204999923706055,10.359999656677246,8.646930694580078,11153900,HPE,yfinance,2026-02-10T05:09:22.739344+00:00
2020-05-22,9.399999618530273,9.65999984741211,9.029999732971191,9.170000076293945,7.653700828552246,28856500,HPE,yfinance,2026-02-10T05:09:22.739344+00:00
2020-05-26,9.449999809265137,9.550000190734863,9.329999923706055,9.420000076293945,7.862362384796143,22433200,HPE,yfinance,2026-02-10T05:09:22.739344+00:00
2020-05-27,9.550000190734863,9.760000228881836,9.470000267028809,9.760000228881836,8.14614200592041,14601600,HPE,yfinance,2026-02-10T05:09:22.739344+00:00
2020-05-28,9.760000228881836,9.829999923706055,9.470000267028809,9.59000015258789,8.004251480102539,16005300,HPE,yfinance,2026-02-10T05:09:22.739344+00:00
2020-05-29,9.520000457763672,9.755000114440918,9.380000114440918,9.710000038146973,8.104411125183105,23813800,HPE,yfinance,2026-02-10T05:09:22.739344+00:00
2020-06-01,9.670000076293945,9.930000305175781,9.550000190734863,9.760000228881836,8.14614200592041,11042300,HPE,yfinance,2026-02-10T05:09:22.739344+00:00
2020-06-02,9.869999885559082,9.989999771118164,9.800000190734863,9.949999809265137,8.304723739624023,10944300,HPE,yfinance,2026-02-10T05:09:22.739344+00:00
2020-06-03,10.029999732971191,10.444999694824219,9.979999542236328,10.34000015258789,8.630234718322754,11925600,HPE,yfinance,2026-02-10T05:09:22.739344+00:00
2020-06-04,10.199999809265137,10.529999732971191,10.130000114440918,10.479999542236328,8.747087478637695,13596000,HPE,yfinance,2026-02-10T05:09:22.739344+00:00
2020-06-05,11.170000076293945,11.380000114440918,10.960000038146973,11.109999656677246,9.272911071777344,16560200,HPE,yfinance,2026-02-10T05:09:22.739344+00:00
2020-06-08,11.460000038146973,11.710000038146973,11.279999732971191,11.59000015258789,9.673542022705078,17123900,HPE,yfinance,2026-02-10T05:09:22.739344+00:00
2020-06-09,11.199999809265137,11.210000038146973,10.920000076293945,11.020000457763672,9.294024467468262,13803600,HPE,yfinance,2026-02-10T05:09:22.739344+00:00
2020-06-10,10.90999984741211,10.989999771118164,10.600000381469727,10.699999809265137,9.024142265319824,12908400,HPE,yfinance,2026-02-10T05:09:22.739344+00:00
2020-06-11,10.0600004196167,10.210000038146973,9.6899995803833,9.75,8.222932815551758,21903500,HPE,yfinance,2026-02-10T05:09:22.739344+00:00
2020-06-12,10.1899995803833,10.270000457763672,9.8100004196167,10.149999618530273,8.560282707214355,14444900,HPE,yfinance,2026-02-10T05:09:22.739344+00:00
2020-06-15,9.890000343322754,10.28499984741211,9.84000015258789,10.210000038146973,8.610886573791504,15890400,HPE,yfinance,2026-02-10T05:09:22.739344+00:00
2020-06-16,10.609999656677246,10.739999771118164,10.319999694824219,10.40999984741211,8.779561042785645,12433400,HPE,yfinance,2026-02-10T05:09:22.739344+00:00
2020-06-17,10.4399995803833,10.489999771118164,10.0,10.039999961853027,8.467511177062988,15294900,HPE,yfinance,2026-02-10T05:09:22.739344+00:00
2020-06-18,9.9399995803833,10.244999885559082,9.84000015258789,10.140000343322754,8.551850318908691,13211300,HPE,yfinance,2026-02-10T05:09:22.739344+00:00
2020-06-19,10.34000015258789,10.369999885559082,9.739999771118164,9.819999694824219,8.281968116760254,26732700,HPE,yfinance,2026-02-10T05:09:22.739344+00:00
2020-06-22,9.789999961853027,9.8149995803833,9.609999656677246,9.710000038146973,8.189199447631836,11991600,HPE,yfinance,2026-02-10T05:09:22.739344+00:00
2020-06-23,9.859999656677246,10.0,9.649999618530273,9.670000076293945,8.155464172363281,16645400,HPE,yfinance,2026-02-10T05:09:22.739344+00:00
2020-06-24,9.5600004196167,9.59000015258789,9.25,9.270000457763672,7.818111419677734,16171700,HPE,yfinance,2026-02-10T05:09:22.739344+00:00
2020-06-25,9.1899995803833,9.520000457763672,8.970000267028809,9.470000267028809,7.98678731918335,14374000,HPE,yfinance,2026-02-10T05:09:22.739344+00:00
2020-06-26,9.399999618530273,9.520000457763672,9.321000099182129,9.5,8.01208782196045,13084400,HPE,yfinance,2026-02-10T05:09:22.739344+00:00
2020-06-29,9.579999923706055,9.640000343322754,9.390000343322754,9.579999923706055,8.079560279846191,9435900,HPE,yfinance,2026-02-10T05:09:22.739344+00:00
2020-06-30,9.539999961853027,9.760000228881836,9.510000228881836,9.729999542236328,8.206064224243164,10092000,HPE,yfinance,2026-02-10T05:09:22.739344+00:00
2020-07-01,9.720000267028809,9.760000228881836,9.350000381469727,9.420000076293945,7.9446187019348145,9192700,HPE,yfinance,2026-02-10T05:09:22.739344+00:00
2020-07-02,9.59000015258789,9.744999885559082,9.380000114440918,9.40999984741211,7.936185359954834,9605700,HPE,yfinance,2026-02-10T05:09:22.739344+00:00
2020-07-06,9.600000381469727,9.670000076293945,9.449999809265137,9.59000015258789,8.087992668151855,8967700,HPE,yfinance,2026-02-10T05:09:22.739344+00:00
2020-07-07,9.479999542236328,9.520000457763672,9.055000305175781,9.069999694824219,7.6494364738464355,10733300,HPE,yfinance,2026-02-10T05:09:22.739344+00:00
2020-07-08,9.130000114440918,9.25,8.970000267028809,9.210000038146973,7.767508506774902,8795900,HPE,yfinance,2026-02-10T05:09:22.739344+00:00
2020-07-09,9.210000038146973,9.229999542236328,8.949999809265137,8.979999542236328,7.573533058166504,9402800,HPE,yfinance,2026-02-10T05:09:22.739344+00:00
2020-07-10,9.0,9.274999618530273,8.970000267028809,9.260000228881836,7.809677600860596,7315100,HPE,yfinance,2026-02-10T05:09:22.739344+00:00
2020-07-13,9.380000114440918,9.579999923706055,9.095000267028809,9.4399995803833,7.961484909057617,13827800,HPE,yfinance,2026-02-10T05:09:22.739344+00:00
2020-07-14,9.390000343322754,9.585000038146973,9.255000114440918,9.510000228881836,8.020523071289062,8845400,HPE,yfinance,2026-02-10T05:09:22.739344+00:00
2020-07-15,9.760000228881836,9.875,9.53499984741211,9.640000343322754,8.13016414642334,8162600,HPE,yfinance,2026-02-10T05:09:22.739344+00:00
2020-07-16,9.579999923706055,9.949999809265137,9.539999961853027,9.720000267028809,8.197632789611816,11771400,HPE,yfinance,2026-02-10T05:09:22.739344+00:00
2020-07-17,9.760000228881836,9.789999961853027,9.604999542236328,9.670000076293945,8.155464172363281,7209900,HPE,yfinance,2026-02-10T05:09:22.739344+00:00
2020-07-20,9.600000381469727,9.654999732971191,9.375,9.550000190734863,8.0542573928833,7194800,HPE,yfinance,2026-02-10T05:09:22.739344+00:00
2020-07-21,9.600000381469727,9.829999923706055,9.59000015258789,9.65999984741211,8.147027969360352,13268300,HPE,yfinance,2026-02-10T05:09:22.739344+00:00
2020-07-22,9.619999885559082,9.8100004196167,9.550000190734863,9.75,8.222932815551758,9564700,HPE,yfinance,2026-02-10T05:09:22.739344+00:00
2020-07-23,9.760000228881836,9.9399995803833,9.645000457763672,9.819999694824219,8.281968116760254,7476300,HPE,yfinance,2026-02-10T05:09:22.739344+00:00
2020-07-24,9.800000190734863,9.845000267028809,9.619999885559082,9.619999885559082,8.11329460144043,9185400,HPE,yfinance,2026-02-10T05:09:22.739344+00:00
2020-07-27,9.569999694824219,9.770000457763672,9.470000267028809,9.75,8.222932815551758,5465100,HPE,yfinance,2026-02-10T05:09:22.739344+00:00
2020-07-28,9.710000038146973,9.739999771118164,9.479999542236328,9.479999542236328,7.99522066116333,7919300,HPE,yfinance,2026-02-10T05:09:22.739344+00:00
2020-07-29,9.5,9.815999984741211,9.399999618530273,9.710000038146973,8.189199447631836,10821000,HPE,yfinance,2026-02-10T05:09:22.739344+00:00
2020-07-30,9.59000015258789,9.670000076293945,9.350000381469727,9.619999885559082,8.11329460144043,9499500,HPE,yfinance,2026-02-10T05:09:22.739344+00:00
2020-07-31,9.600000381469727,9.899999618530273,9.449999809265137,9.869999885559082,8.324138641357422,24918200,HPE,yfinance,2026-02-10T05:09:22.739344+00:00
2020-08-03,9.869999885559082,10.0,9.710000038146973,9.890000343322754,8.341007232666016,9723800,HPE,yfinance,2026-02-10T05:09:22.739344+00:00
2020-08-04,9.890000343322754,10.119999885559082,9.869999885559082,9.960000038146973,8.400042533874512,7913500,HPE,yfinance,2026-02-10T05:09:22.739344+00:00
2020-08-05,10.050000190734863,10.140000343322754,9.869999885559082,9.960000038146973,8.400042533874512,6730100,HPE,yfinance,2026-02-10T05:09:22.739344+00:00
2020-08-06,9.869999885559082,10.239999771118164,9.84000015258789,10.109999656677246,8.526549339294434,11467900,HPE,yfinance,2026-02-10T05:09:22.739344+00:00
2020-08-07,10.09000015258789,10.140000343322754,9.970000267028809,10.09000015258789,8.509681701660156,7961100,HPE,yfinance,2026-02-10T05:09:22.739344+00:00
2020-08-10,10.109999656677246,10.345000267028809,10.109999656677246,10.210000038146973,8.610886573791504,12021500,HPE,yfinance,2026-02-10T05:09:22.739344+00:00
2020-08-11,10.380000114440918,10.600000381469727,10.100000381469727,10.15999984741211,8.568717956542969,9680100,HPE,yfinance,2026-02-10T05:09:22.739344+00:00
2020-08-12,10.279999732971191,10.319999694824219,10.020000457763672,10.140000343322754,8.551850318908691,7467700,HPE,yfinance,2026-02-10T05:09:22.739344+00:00
2020-08-13,10.010000228881836,10.029999732971191,9.550000190734863,9.609999656677246,8.104862213134766,11949500,HPE,yfinance,2026-02-10T05:09:22.739344+00:00
2020-08-14,9.550000190734863,9.75,9.40999984741211,9.670000076293945,8.155464172363281,8041500,HPE,yfinance,2026-02-10T05:09:22.739344+00:00
2020-08-17,9.710000038146973,9.720000267028809,9.430000305175781,9.460000038146973,7.978354454040527,8931000,HPE,yfinance,2026-02-10T05:09:22.739344+00:00
2020-08-18,9.399999618530273,9.529999732971191,9.359999656677246,9.449999809265137,7.969919204711914,6092700,HPE,yfinance,2026-02-10T05:09:22.739344+00:00
2020-08-19,9.510000228881836,9.635000228881836,9.399999618530273,9.420000076293945,7.9446187019348145,5024100,HPE,yfinance,2026-02-10T05:09:22.739344+00:00
2020-08-20,9.329999923706055,9.380000114440918,9.210000038146973,9.260000228881836,7.809677600860596,6993700,HPE,yfinance,2026-02-10T05:09:22.739344+00:00
2020-08-21,9.239999771118164,9.359999656677246,9.119999885559082,9.329999923706055,7.868716239929199,8433800,HPE,yfinance,2026-02-10T05:09:22.739344+00:00
2020-08-24,9.399999618530273,9.800000190734863,9.399999618530273,9.619999885559082,8.11329460144043,10576500,HPE,yfinance,2026-02-10T05:09:22.739344+00:00
2020-08-25,9.630000114440918,9.75,9.305000305175781,9.329999923706055,7.868716239929199,15471100,HPE,yfinance,2026-02-10T05:09:22.739344+00:00
2020-08-26,10.100000381469727,10.279999732971191,9.619999885559082,9.670000076293945,8.155464172363281,27301800,HPE,yfinance,2026-02-10T05:09:22.739344+00:00
2020-08-27,9.670000076293945,9.710000038146973,9.420000076293945,9.569999694824219,8.071124076843262,10944400,HPE,yfinance,2026-02-10T05:09:22.739344+00:00
2020-08-28,9.59000015258789,9.850000381469727,9.541999816894531,9.829999923706055,8.290404319763184,10162600,HPE,yfinance,2026-02-10T05:09:22.739344+00:00
2020-08-31,9.829999923706055,9.899999618530273,9.600000381469727,9.670000076293945,8.155464172363281,9873000,HPE,yfinance,2026-02-10T05:09:22.739344+00:00
2020-09-01,9.670000076293945,9.710000038146973,9.375,9.470000267028809,7.98678731918335,13312500,HPE,yfinance,2026-02-10T05:09:22.739344+00:00
2020-09-02,9.510000228881836,9.899999618530273,9.479999542236328,9.829999923706055,8.290404319763184,12537100,HPE,yfinance,2026-02-10T05:09:22.739344+00:00
2020-09-03,9.850000381469727,10.100000381469727,9.449999809265137,9.520000457763672,8.028959274291992,11362100,HPE,yfinance,2026-02-10T05:09:22.739344+00:00
2020-09-04,9.600000381469727,9.770000457763672,9.420000076293945,9.59000015258789,8.087992668151855,14867800,HPE,yfinance,2026-02-10T05:09:22.739344+00:00
2020-09-08,9.350000381469727,9.680000305175781,9.279999732971191,9.430000305175781,8.05383014678955,13464300,HPE,yfinance,2026-02-10T05:09:22.739344+00:00
2020-09-09,9.579999923706055,9.579999923706055,9.329999923706055,9.460000038146973,8.079453468322754,10452400,HPE,yfinance,2026-02-10T05:09:22.739344+00:00
2020-09-10,9.479999542236328,9.550000190734863,9.180000305175781,9.220000267028809,7.874478340148926,9993000,HPE,yfinance,2026-02-10T05:09:22.739344+00:00
2020-09-11,9.270000457763672,9.274999618530273,9.100000381469727,9.239999771118164,7.891556739807129,10212700,HPE,yfinance,2026-02-10T05:09:22.739344+00:00
2020-09-14,9.319999694824219,9.470000267028809,9.270000457763672,9.369999885559082,8.00258731842041,10829000,HPE,yfinance,2026-02-10T05:09:22.739344+00:00
2020-09-15,9.3100004196167,9.4399995803833,9.265000343322754,9.279999732971191,7.925718307495117,6831300,HPE,yfinance,2026-02-10T05:09:22.739344+00:00
2020-09-16,9.359999656677246,9.670000076293945,9.289999961853027,9.470000267028809,8.087991714477539,12250500,HPE,yfinance,2026-02-10T05:09:22.739344+00:00
2020-09-17,9.319999694824219,9.640000343322754,9.289999961853027,9.630000114440918,8.224641799926758,10690500,HPE,yfinance,2026-02-10T05:09:22.739344+00:00
2020-09-18,9.609999656677246,9.630000114440918,9.425000190734863,9.5,8.113614082336426,15150900,HPE,yfinance,2026-02-10T05:09:22.739344+00:00
2020-09-21,9.300000190734863,9.319999694824219,9.095000267028809,9.229999542236328,7.883015155792236,17300400,HPE,yfinance,2026-02-10T05:09:22.739344+00:00
2020-09-22,9.279999732971191,9.359999656677246,9.170000076293945,9.3100004196167,7.9513421058654785,9640500,HPE,yfinance,2026-02-10T05:09:22.739344+00:00
2020-09-23,9.3100004196167,9.489999771118164,9.0600004196167,9.069999694824219,7.74636697769165,9145800,HPE,yfinance,2026-02-10T05:09:22.739344+00:00
2020-09-24,9.020000457763672,9.234999656677246,8.835000038146973,9.130000114440918,7.797610282897949,11040300,HPE,yfinance,2026-02-10T05:09:22.739344+00:00
2020-09-25,9.079999923706055,9.170000076293945,8.920000076293945,9.109999656677246,7.7805280685424805,10650500,HPE,yfinance,2026-02-10T05:09:22.739344+00:00
2020-09-28,9.260000228881836,9.5,9.239999771118164,9.479999542236328,8.096535682678223,13486300,HPE,yfinance,2026-02-10T05:09:22.739344+00:00
2020-09-29,9.5,9.5600004196167,9.319999694824219,9.380000114440918,8.011128425598145,7812300,HPE,yfinance,2026-02-10T05:09:22.739344+00:00
2020-09-30,9.399999618530273,9.539999961853027,9.300000190734863,9.369999885559082,8.00258731842041,8426600,HPE,yfinance,2026-02-10T05:09:22.739344+00:00
2020-10-01,9.430000305175781,9.444999694824219,9.149999618530273,9.229999542236328,7.883015155792236,8777900,HPE,yfinance,2026-02-10T05:09:22.739344+00:00
2020-10-02,9.050000190734863,9.454999923706055,9.050000190734863,9.420000076293945,8.045289993286133,9227000,HPE,yfinance,2026-02-10T05:09:22.739344+00:00
2020-10-05,9.510000228881836,9.789999961853027,9.5,9.770000457763672,8.344213485717773,12705100,HPE,yfinance,2026-02-10T05:09:22.739344+00:00
2020-10-06,9.8100004196167,9.904999732971191,9.520000457763672,9.5600004196167,8.164857864379883,10266900,HPE,yfinance,2026-02-10T05:09:22.739344+00:00
2020-10-07,9.65999984741211,9.789999961853027,9.654999732971191,9.770000457763672,8.344213485717773,6407500,HPE,yfinance,2026-02-10T05:09:22.739344+00:00
2020-10-08,9.800000190734863,10.069999694824219,9.800000190734863,9.989999771118164,8.532106399536133,14149100,HPE,yfinance,2026-02-10T05:09:22.739344+00:00
2020-10-09,10.050000190734863,10.079999923706055,9.739999771118164,9.8100004196167,8.378376007080078,7921100,HPE,yfinance,2026-02-10T05:09:22.739344+00:00
2020-10-12,9.829999923706055,9.9399995803833,9.71500015258789,9.930000305175781,8.480863571166992,6836100,HPE,yfinance,2026-02-10T05:09:22.739344+00:00
2020-10-13,9.84000015258789,9.954999923706055,9.699999809265137,9.779999732971191,8.352750778198242,7553100,HPE,yfinance,2026-02-10T05:09:22.739344+00:00
2020-10-14,9.779999732971191,9.930000305175781,9.739999771118164,9.760000228881836,8.335671424865723,6670000,HPE,yfinance,2026-02-10T05:09:22.739344+00:00
2020-10-15,9.670000076293945,9.880000114440918,9.619999885559082,9.880000114440918,8.438158988952637,7045900,HPE,yfinance,2026-02-10T05:09:22.739344+00:00
2020-10-16,9.960000038146973,10.029999732971191,9.460000038146973,9.479999542236328,8.096535682678223,15983300,HPE,yfinance,2026-02-10T05:09:22.739344+00:00
2020-10-19,9.529999732971191,9.585000038146973,9.34000015258789,9.350000381469727,7.985507011413574,9550300,HPE,yfinance,2026-02-10T05:09:22.739344+00:00
2020-10-20,9.399999618530273,9.550000190734863,9.329999923706055,9.34000015258789,7.976964950561523,7226000,HPE,yfinance,2026-02-10T05:09:22.739344+00:00
2020-10-21,9.350000381469727,9.390000343322754,9.222999572753906,9.319999694824219,7.959884166717529,8303300,HPE,yfinance,2026-02-10T05:09:22.739344+00:00
2020-10-22,9.319999694824219,9.5,9.225000381469727,9.460000038146973,8.079453468322754,8137500,HPE,yfinance,2026-02-10T05:09:22.739344+00:00
2020-10-23,9.510000228881836,9.5600004196167,9.390000343322754,9.479999542236328,8.096535682678223,7365700,HPE,yfinance,2026-02-10T05:09:22.739344+00:00
2020-10-26,9.359999656677246,9.399999618530273,8.954999923706055,9.0600004196167,7.7378249168396,13766000,HPE,yfinance,2026-02-10T05:09:22.739344+00:00
2020-10-27,9.0,9.03499984741211,8.789999961853027,8.800000190734863,7.5157694816589355,12446100,HPE,yfinance,2026-02-10T05:09:22.739344+00:00
2020-10-28,8.569999694824219,8.680000305175781,8.359999656677246,8.369999885559082,7.148521423339844,13043500,HPE,yfinance,2026-02-10T05:09:22.739344+00:00
2020-10-29,8.359999656677246,8.600000381469727,8.28499984741211,8.529999732971191,7.2851715087890625,12799100,HPE,yfinance,2026-02-10T05:09:22.739344+00:00
2020-10-30,8.4399995803833,8.649999618530273,8.399999618530273,8.640000343322754,7.37912130355835,12125000,HPE,yfinance,2026-02-10T05:09:22.739344+00:00
2020-11-02,8.789999961853027,8.970000267028809,8.645000457763672,8.90999984741211,7.609716415405273,11066300,HPE,yfinance,2026-02-10T05:09:22.739344+00:00
2020-11-03,9.039999961853027,9.34000015258789,9.020000457763672,9.319999694824219,7.959884166717529,12712100,HPE,yfinance,2026-02-10T05:09:22.739344+00:00
2020-11-04,9.289999961853027,9.289999961853027,8.819999694824219,8.819999694824219,7.5328497886657715,21370400,HPE,yfinance,2026-02-10T05:09:22.739344+00:00
2020-11-05,8.975000381469727,9.369999885559082,8.960000038146973,9.279999732971191,7.925718307495117,11201000,HPE,yfinance,2026-02-10T05:09:22.739344+00:00
2020-11-06,9.25,9.345000267028809,9.09000015258789,9.1899995803833,7.8488545417785645,10262100,HPE,yfinance,2026-02-10T05:09:22.739344+00:00
2020-11-09,9.550000190734863,9.960000038146973,9.489999771118164,9.729999542236328,8.31004810333252,19918800,HPE,yfinance,2026-02-10T05:09:22.739344+00:00
2020-11-10,9.770000457763672,10.0,9.75,9.90999984741211,8.46378231048584,14920600,HPE,yfinance,2026-02-10T05:09:22.739344+00:00
2020-11-11,9.920000076293945,9.949999809265137,9.699999809265137,9.949999809265137,8.497944831848145,10516000,HPE,yfinance,2026-02-10T05:09:22.739344+00:00
2020-11-12,9.890000343322754,9.907999992370605,9.529999732971191,9.670000076293945,8.258805274963379,14316100,HPE,yfinance,2026-02-10T05:09:22.739344+00:00
2020-11-13,9.770000457763672,10.180000305175781,9.729999542236328,10.140000343322754,8.66021728515625,10676200,HPE,yfinance,2026-02-10T05:09:22.739344+00:00
2020-11-16,10.479999542236328,10.720000267028809,10.329999923706055,10.630000114440918,9.078710556030273,13695600,HPE,yfinance,2026-02-10T05:09:22.739344+00:00
2020-11-17,10.4399995803833,10.529999732971191,10.25,10.479999542236328,8.95059871673584,8297000,HPE,yfinance,2026-02-10T05:09:22.739344+00:00
2020-11-18,10.529999732971191,10.819999694824219,10.489999771118164,10.5,8.967680931091309,9211700,HPE,yfinance,2026-02-10T05:09:22.739344+00:00
2020-11-19,10.470000267028809,10.5600004196167,10.350000381469727,10.489999771118164,8.959139823913574,9531500,HPE,yfinance,2026-02-10T05:09:22.739344+00:00
2020-11-20,10.479999542236328,10.494999885559082,10.34000015258789,10.470000267028809,8.942057609558105,7702100,HPE,yfinance,2026-02-10T05:09:22.739344+00:00
2020-11-23,10.59000015258789,11.100000381469727,10.5,11.069999694824219,9.454495429992676,10197000,HPE,yfinance,2026-02-10T05:09:22.739344+00:00
2020-11-24,11.239999771118164,11.680000305175781,11.135000228881836,11.529999732971191,9.847365379333496,12346000,HPE,yfinance,2026-02-10T05:09:22.739344+00:00
2020-11-25,11.4399995803833,11.470000267028809,11.180000305175781,11.239999771118164,9.599687576293945,10258100,HPE,yfinance,2026-02-10T05:09:22.739344+00:00
2020-11-27,11.199999809265137,11.420000076293945,11.050000190734863,11.220000267028809,9.58260726928711,5332900,HPE,yfinance,2026-02-10T05:09:22.739344+00:00
2020-11-30,11.279999732971191,11.390000343322754,10.944999694824219,11.039999961853027,9.428872108459473,18573800,HPE,yfinance,2026-02-10T05:09:22.739344+00:00
2020-12-01,11.140000343322754,11.395000457763672,11.005000114440918,11.199999809265137,9.565523147583008,17306400,HPE,yfinance,2026-02-10T05:09:22.739344+00:00
2020-12-02,11.109999656677246,11.520000457763672,11.0,11.520000457763672,9.838825225830078,20679400,HPE,yfinance,2026-02-10T05:09:22.739344+00:00
2020-12-03,11.520000457763672,11.84000015258789,11.369999885559082,11.609999656677246,9.915692329406738,13842100,HPE,yfinance,2026-02-10T05:09:22.739344+00:00
2020-12-04,11.710000038146973,12.34000015258789,11.6899995803833,12.34000015258789,10.539158821105957,12847700,HPE,yfinance,2026-02-10T05:09:22.739344+00:00
2020-12-07,12.180000305175781,12.300000190734863,11.960000038146973,12.079999923706055,10.317100524902344,9026200,HPE,yfinance,2026-02-10T05:09:22.739344+00:00
2020-12-08,11.899999618530273,12.149999618530273,11.789999961853027,12.100000381469727,10.43786907196045,8063400,HPE,yfinance,2026-02-10T05:09:22.739344+00:00
2020-12-09,12.039999961853027,12.369999885559082,12.029999732971191,12.130000114440918,10.463748931884766,10536800,HPE,yfinance,2026-02-10T05:09:22.739344+00:00
2020-12-10,11.970000267028809,12.25,11.920000076293945,12.119999885559082,10.455121040344238,7837200,HPE,yfinance,2026-02-10T05:09:22.739344+00:00
2020-12-11,11.979999542236328,12.164999961853027,11.960000038146973,11.989999771118164,10.34298038482666,6710000,HPE,yfinance,2026-02-10T05:09:22.739344+00:00
2020-12-14,11.970000267028809,12.25,11.84000015258789,11.869999885559082,10.239462852478027,9494500,HPE,yfinance,2026-02-10T05:09:22.739344+00:00
2020-12-15,12.0,12.180000305175781,11.8149995803833,12.170000076293945,10.49825668334961,10241400,HPE,yfinance,2026-02-10T05:09:22.739344+00:00
2020-12-16,12.199999809265137,12.270000457763672,11.989999771118164,12.15999984741211,10.48962688446045,13599800,HPE,yfinance,2026-02-10T05:09:22.739344+00:00
2020-12-17,12.15999984741211,12.255000114440918,12.0600004196167,12.180000305175781,10.506880760192871,7487100,HPE,yfinance,2026-02-10T05:09:22.739344+00:00
2020-12-18,12.15999984741211,12.329999923706055,12.029999732971191,12.119999885559082,10.455121040344238,24725600,HPE,yfinance,2026-02-10T05:09:22.739344+00:00
2020-12-21,11.850000381469727,11.869999885559082,11.5600004196167,11.670000076293945,10.066937446594238,12089600,HPE,yfinance,2026-02-10T05:09:22.739344+00:00
2020-12-22,11.75,11.793999671936035,11.579999923706055,11.609999656677246,10.015179634094238,6655600,HPE,yfinance,2026-02-10T05:09:22.739344+00:00
2020-12-23,11.65999984741211,11.875,11.65999984741211,11.75,10.135948181152344,6112800,HPE,yfinance,2026-02-10T05:09:22.739344+00:00
2020-12-24,11.829999923706055,11.835000038146973,11.65999984741211,11.760000228881836,10.144576072692871,2539900,HPE,yfinance,2026-02-10T05:09:22.739344+00:00
2020-12-28,11.770000457763672,12.055000305175781,11.744999885559082,11.789999961853027,10.170454978942871,6552900,HPE,yfinance,2026-02-10T05:09:22.739344+00:00
2020-12-29,11.84000015258789,11.850000381469727,11.569999694824219,11.670000076293945,10.066937446594238,5716800,HPE,yfinance,2026-02-10T05:09:22.739344+00:00
2020-12-30,11.65999984741211,11.819999694824219,11.630000114440918,11.680000305175781,10.07556438446045,4647500,HPE,yfinance,2026-02-10T05:09:22.739344+00:00
2020-12-31,11.670000076293945,11.880000114440918,11.640000343322754,11.850000381469727,10.222211837768555,5700700,HPE,yfinance,2026-02-10T05:09:22.739344+00:00
2021-01-04,11.899999618530273,12.0,11.529999732971191,11.569999694824219,9.980671882629395,8007200,HPE,yfinance,2026-02-10T05:09:22.739344+00:00
2021-01-05,11.569999694824219,11.869999885559082,11.569999694824219,11.779999732971191,10.16182804107666,10969100,HPE,yfinance,2026-02-10T05:09:22.739344+00:00
2021-01-06,11.960000038146973,12.25,11.920000076293945,12.039999961853027,10.38611125946045,9752200,HPE,yfinance,2026-02-10T05:09:22.739344+00:00
2021-01-07,12.15999984741211,12.239999771118164,11.944999694824219,11.970000267028809,10.325727462768555,10019700,HPE,yfinance,2026-02-10T05:09:22.739344+00:00
2021-01-08,11.979999542236328,12.029999732971191,11.765000343322754,11.880000114440918,10.248090744018555,10151100,HPE,yfinance,2026-02-10T05:09:22.739344+00:00
2021-01-11,11.699999809265137,12.079999923706055,11.670000076293945,11.970000267028809,10.325727462768555,7677800,HPE,yfinance,2026-02-10T05:09:22.739344+00:00
2021-01-12,12.039999961853027,12.229999542236328,11.949999809265137,12.140000343322754,10.47237491607666,7112400,HPE,yfinance,2026-02-10T05:09:22.739344+00:00
2021-01-13,12.15999984741211,12.244999885559082,12.020000457763672,12.170000076293945,10.49825668334961,9528500,HPE,yfinance,2026-02-10T05:09:22.739344+00:00
2021-01-14,12.239999771118164,12.5600004196167,12.15999984741211,12.479999542236328,10.765670776367188,9784700,HPE,yfinance,2026-02-10T05:09:22.739344+00:00
2021-01-15,12.649999618530273,12.880000114440918,12.359999656677246,12.539999961853027,10.81743049621582,12836900,HPE,yfinance,2026-02-10T05:09:22.739344+00:00
2021-01-19,12.59000015258789,12.654999732971191,12.270000457763672,12.3100004196167,10.619025230407715,9202800,HPE,yfinance,2026-02-10T05:09:22.739344+00:00
2021-01-20,12.300000190734863,12.420000076293945,12.260000228881836,12.34000015258789,10.644903182983398,4825400,HPE,yfinance,2026-02-10T05:09:22.739344+00:00
2021-01-21,12.34000015258789,12.350000381469727,12.154999732971191,12.260000228881836,10.575891494750977,7016600,HPE,yfinance,2026-02-10T05:09:22.739344+00:00
2021-01-22,12.09000015258789,12.15999984741211,11.800000190734863,12.140000343322754,10.47237491607666,10126800,HPE,yfinance,2026-02-10T05:09:22.739344+00:00
2021-01-25,12.079999923706055,12.300000190734863,11.845000267028809,12.300000190734863,10.610396385192871,9483500,HPE,yfinance,2026-02-10T05:09:22.739344+00:00
2021-01-26,12.350000381469727,12.390000343322754,12.015000343322754,12.220000267028809,10.541387557983398,5967600,HPE,yfinance,2026-02-10T05:09:22.739344+00:00
2021-01-27,12.09000015258789,13.149999618530273,12.0600004196167,13.069999694824219,11.274622917175293,20717800,HPE,yfinance,2026-02-10T05:09:22.739344+00:00
2021-01-28,13.100000381469727,13.109999656677246,12.5600004196167,12.5600004196167,10.834680557250977,10760900,HPE,yfinance,2026-02-10T05:09:22.739344+00:00
2021-01-29,12.510000228881836,12.710000038146973,12.180000305175781,12.34000015258789,10.644903182983398,11396500,HPE,yfinance,2026-02-10T05:09:22.739344+00:00
2021-02-01,12.430000305175781,12.529999732971191,12.180000305175781,12.380000114440918,10.679408073425293,7227000,HPE,yfinance,2026-02-10T05:09:22.739344+00:00
2021-02-02,12.5,12.550000190734863,12.25,12.350000381469727,10.653528213500977,6689400,HPE,yfinance,2026-02-10T05:09:22.739344+00:00
2021-02-03,12.300000190734863,12.84000015258789,12.270000457763672,12.720000267028809,10.97270393371582,7341800,HPE,yfinance,2026-02-10T05:09:22.739344+00:00
2021-02-04,12.739999771118164,12.984999656677246,12.65999984741211,12.960000038146973,11.179736137390137,6223600,HPE,yfinance,2026-02-10T05:09:22.739344+00:00
2021-02-05,12.989999771118164,13.199999809265137,12.925000190734863,13.140000343322754,11.335009574890137,7572100,HPE,yfinance,2026-02-10T05:09:22.739344+00:00
2021-02-08,13.09000015258789,13.529999732971191,13.079999923706055,13.5,11.645559310913086,9014800,HPE,yfinance,2026-02-10T05:09:22.739344+00:00
2021-02-09,13.569999694824219,13.6850004196167,13.41100025177002,13.600000381469727,11.73182201385498,5811000,HPE,yfinance,2026-02-10T05:09:22.739344+00:00
2021-02-10,13.880000114440918,14.140000343322754,13.6850004196167,13.960000038146973,12.04237174987793,17178600,HPE,yfinance,2026-02-10T05:09:22.739344+00:00
2021-02-11,13.90999984741211,14.270000457763672,13.850000381469727,14.1899995803833,12.240774154663086,12300800,HPE,yfinance,2026-02-10T05:09:22.739344+00:00
2021-02-12,14.220000267028809,14.399999618530273,14.123000144958496,14.380000114440918,12.404677391052246,7384300,HPE,yfinance,2026-02-10T05:09:22.739344+00:00
2021-02-16,14.430000305175781,14.579999923706055,14.1899995803833,14.300000190734863,12.33566665649414,14379400,HPE,yfinance,2026-02-10T05:09:22.739344+00:00
2021-02-17,14.270000457763672,14.289999961853027,13.84000015258789,14.0,12.07687759399414,12412200,HPE,yfinance,2026-02-10T05:09:22.739344+00:00
2021-02-18,13.90999984741211,14.010000228881836,13.84000015258789,13.9399995803833,12.025117874145508,7934500,HPE,yfinance,2026-02-10T05:09:22.739344+00:00
2021-02-19,14.079999923706055,14.234999656677246,14.015000343322754,14.130000114440918,12.189017295837402,8411700,HPE,yfinance,2026-02-10T05:09:22.739344+00:00
2021-02-22,14.050000190734863,14.6899995803833,14.031999588012695,14.470000267028809,12.482314109802246,13819400,HPE,yfinance,2026-02-10T05:09:22.739344+00:00
2021-02-23,14.5,14.539999961853027,14.175000190734863,14.470000267028809,12.482314109802246,13425200,HPE,yfinance,2026-02-10T05:09:22.739344+00:00
2021-02-24,14.520000457763672,14.875,14.5,14.84000015258789,12.801487922668457,8254700,HPE,yfinance,2026-02-10T05:09:22.739344+00:00
2021-02-25,14.770000457763672,14.890000343322754,14.404999732971191,14.489999771118164,12.499567031860352,14550100,HPE,yfinance,2026-02-10T05:09:22.739344+00:00
2021-02-26,14.5,14.765000343322754,14.3100004196167,14.5600004196167,12.559950828552246,16808800,HPE,yfinance,2026-02-10T05:09:22.739344+00:00
2021-03-01,14.829999923706055,14.975000381469727,14.550000190734863,14.600000381469727,12.594456672668457,14610700,HPE,yfinance,2026-02-10T05:09:22.739344+00:00
2021-03-02,14.609999656677246,14.649999618530273,14.359999656677246,14.5,12.508191108703613,13984100,HPE,yfinance,2026-02-10T05:09:22.739344+00:00
2021-03-03,14.970000267028809,15.0600004196167,14.220000267028809,14.5600004196167,12.559950828552246,24620000,HPE,yfinance,2026-02-10T05:09:22.739344+00:00
2021-03-04,14.520000457763672,14.670000076293945,13.484999656677246,14.039999961853027,12.111381530761719,20112900,HPE,yfinance,2026-02-10T05:09:22.739344+00:00
2021-03-05,14.119999885559082,14.520000457763672,13.989999771118164,14.399999618530273,12.421928405761719,14684100,HPE,yfinance,2026-02-10T05:09:22.739344+00:00
2021-03-08,14.449999809265137,14.960000038146973,14.395000457763672,14.8100004196167,12.775609016418457,11783800,HPE,yfinance,2026-02-10T05:09:22.739344+00:00
2021-03-09,14.640000343322754,15.1899995803833,14.520000457763672,14.859999656677246,12.923454284667969,14777900,HPE,yfinance,2026-02-10T05:09:22.739344+00:00
2021-03-10,15.050000190734863,15.270000457763672,14.774999618530273,15.149999618530273,13.175662994384766,10269100,HPE,yfinance,2026-02-10T05:09:22.739344+00:00
2021-03-11,15.100000381469727,15.550000190734863,15.032999992370605,15.5,13.480050086975098,11714400,HPE,yfinance,2026-02-10T05:09:22.739344+00:00
2021-03-12,15.649999618530273,15.960000038146973,15.609999656677246,15.8100004196167,13.749650955200195,14179700,HPE,yfinance,2026-02-10T05:09:22.739344+00:00
2021-03-15,15.65999984741211,16.139999389648438,15.65999984741211,16.049999237060547,13.9583740234375,11627300,HPE,yfinance,2026-02-10T05:09:22.739344+00:00
2021-03-16,16.0,16.024999618530273,15.574999809265137,15.739999771118164,13.688774108886719,10772400,HPE,yfinance,2026-02-10T05:09:22.739344+00:00
2021-03-17,15.779999732971191,16.030000686645508,15.680000305175781,16.030000686645508,13.940980911254883,10421400,HPE,yfinance,2026-02-10T05:09:22.739344+00:00
2021-03-18,15.920000076293945,16.100000381469727,15.53499984741211,15.579999923706055,13.549625396728516,13271100,HPE,yfinance,2026-02-10T05:09:22.739344+00:00
2021-03-19,15.520000457763672,15.555000305175781,15.270000457763672,15.279999732971191,13.28872013092041,20384800,HPE,yfinance,2026-02-10T05:09:22.739344+00:00
2021-03-22,15.25,15.430000305175781,15.109999656677246,15.34000015258789,13.340902328491211,8064600,HPE,yfinance,2026-02-10T05:09:22.739344+00:00
2021-03-23,15.279999732971191,15.329999923706055,14.640000343322754,14.760000228881836,12.836487770080566,9228200,HPE,yfinance,2026-02-10T05:09:22.739344+00:00
2021-03-24,14.90999984741211,15.180000305175781,14.729999542236328,14.760000228881836,12.836487770080566,7796500,HPE,yfinance,2026-02-10T05:09:22.739344+00:00
2021-03-25,14.680000305175781,15.430000305175781,14.649999618530273,15.34000015258789,13.340902328491211,12559000,HPE,yfinance,2026-02-10T05:09:22.739344+00:00
2021-03-26,15.470000267028809,16.030000686645508,15.420000076293945,16.010000228881836,13.923587799072266,11838900,HPE,yfinance,2026-02-10T05:09:22.739344+00:00
2021-03-29,15.930000305175781,16.070999145507812,15.640000343322754,15.65999984741211,13.6191987991333,9186400,HPE,yfinance,2026-02-10T05:09:22.739344+00:00
2021-03-30,15.6899995803833,15.850000381469727,15.649999618530273,15.779999732971191,13.723560333251953,8423500,HPE,yfinance,2026-02-10T05:09:22.739344+00:00
2021-03-31,15.779999732971191,15.920000076293945,15.699999809265137,15.739999771118164,13.688774108886719,11860200,HPE,yfinance,2026-02-10T05:09:22.739344+00:00
2021-04-01,15.779999732971191,15.819999694824219,15.539999961853027,15.699999809265137,13.653986930847168,12195000,HPE,yfinance,2026-02-10T05:09:22.739344+00:00
2021-04-05,15.729999542236328,16.020000457763672,15.579999923706055,15.90999984741211,13.83661937713623,12192800,HPE,yfinance,2026-02-10T05:09:22.739344+00:00
2021-04-06,15.859999656677246,15.970000267028809,15.789999961853027,15.920000076293945,13.845314979553223,9396400,HPE,yfinance,2026-02-10T05:09:22.739344+00:00
2021-04-07,15.899999618530273,16.020000457763672,15.779999732971191,15.899999618530273,13.827922821044922,7076700,HPE,yfinance,2026-02-10T05:09:22.739344+00:00
2021-04-08,15.899999618530273,15.949999809265137,15.640000343322754,15.739999771118164,13.688774108886719,7950300,HPE,yfinance,2026-02-10T05:09:22.739344+00:00
2021-04-09,15.75,15.859999656677246,15.670000076293945,15.789999961853027,13.732256889343262,10800600,HPE,yfinance,2026-02-10T05:09:22.739344+00:00
2021-04-12,15.800000190734863,15.899999618530273,15.720000267028809,15.819999694824219,13.758347511291504,8039300,HPE,yfinance,2026-02-10T05:09:22.739344+00:00
2021-04-13,15.800000190734863,15.819999694824219,15.550000190734863,15.670000076293945,13.62789535522461,8504500,HPE,yfinance,2026-02-10T05:09:22.739344+00:00
2021-04-14,15.619999885559082,15.960000038146973,15.619999885559082,15.779999732971191,13.723560333251953,7802200,HPE,yfinance,2026-02-10T05:09:22.739344+00:00
2021-04-15,15.90999984741211,16.006000518798828,15.795000076293945,15.84000015258789,13.775742530822754,10702500,HPE,yfinance,2026-02-10T05:09:22.739344+00:00
2021-04-16,15.930000305175781,16.079999923706055,15.899999618530273,15.949999809265137,13.871408462524414,9283800,HPE,yfinance,2026-02-10T05:09:22.739344+00:00
2021-04-19,15.949999809265137,16.03499984741211,15.864999771118164,15.960000038146973,13.88010311126709,9789700,HPE,yfinance,2026-02-10T05:09:22.739344+00:00
2021-04-20,16.010000228881836,16.040000915527344,15.65999984741211,15.75,13.697470664978027,6549300,HPE,yfinance,2026-02-10T05:09:22.739344+00:00
2021-04-21,15.75,16.100000381469727,15.670000076293945,15.989999771118164,13.906193733215332,33335900,HPE,yfinance,2026-02-10T05:09:22.739344+00:00
2021-04-22,16.0,16.440000534057617,15.899999618530273,16.0,13.91489028930664,29016000,HPE,yfinance,2026-02-10T05:09:22.739344+00:00
2021-04-23,16.040000915527344,16.479999542236328,15.949999809265137,16.420000076293945,14.280157089233398,19607700,HPE,yfinance,2026-02-10T05:09:22.739344+00:00
2021-04-26,16.389999389648438,16.600000381469727,16.184999465942383,16.229999542236328,14.114916801452637,15533900,HPE,yfinance,2026-02-10T05:09:22.739344+00:00
2021-04-27,16.280000686645508,16.329999923706055,16.09000015258789,16.200000762939453,14.088827133178711,9498600,HPE,yfinance,2026-02-10T05:09:22.739344+00:00
2021-04-28,16.209999084472656,16.28499984741211,16.079999923706055,16.149999618530273,14.045342445373535,8810300,HPE,yfinance,2026-02-10T05:09:22.739344+00:00
2021-04-29,16.34000015258789,16.454999923706055,16.200000762939453,16.3700008392334,14.236671447753906,9696400,HPE,yfinance,2026-02-10T05:09:22.739344+00:00
2021-04-30,16.34000015258789,16.34000015258789,15.895000457763672,16.020000457763672,13.932284355163574,12526000,HPE,yfinance,2026-02-10T05:09:22.739344+00:00
2021-05-03,16.040000915527344,16.190000534057617,15.859999656677246,16.020000457763672,13.932284355163574,8367300,HPE,yfinance,2026-02-10T05:09:22.739344+00:00
2021-05-04,16.0,16.059999465942383,15.755000114440918,15.869999885559082,13.801831245422363,8524800,HPE,yfinance,2026-02-10T05:09:22.739344+00:00
2021-05-05,15.90999984741211,16.059999465942383,15.720000267028809,15.960000038146973,13.88010311126709,7480600,HPE,yfinance,2026-02-10T05:09:22.739344+00:00
2021-05-06,16.020000457763672,16.3799991607666,15.904999732971191,16.3700008392334,14.236671447753906,8715700,HPE,yfinance,2026-02-10T05:09:22.739344+00:00
2021-05-07,16.34000015258789,16.559999465942383,16.19099998474121,16.479999542236328,14.33233642578125,8737600,HPE,yfinance,2026-02-10T05:09:22.739344+00:00
2021-05-10,16.5,16.739999771118164,16.3799991607666,16.40999984741211,14.271461486816406,8074300,HPE,yfinance,2026-02-10T05:09:22.739344+00:00
2021-05-11,16.020000457763672,16.270000457763672,15.920000076293945,16.170000076293945,14.062735557556152,6875200,HPE,yfinance,2026-02-10T05:09:22.739344+00:00
2021-05-12,16.280000686645508,16.280000686645508,15.635000228881836,15.680000305175781,13.63659381866455,9243100,HPE,yfinance,2026-02-10T05:09:22.739344+00:00
2021-05-13,15.6899995803833,16.139999389648438,15.619999885559082,16.06999969482422,13.9757661819458,7398100,HPE,yfinance,2026-02-10T05:09:22.739344+00:00
2021-05-14,16.190000534057617,16.34000015258789,16.010000228881836,16.260000228881836,14.141007423400879,7242500,HPE,yfinance,2026-02-10T05:09:22.739344+00:00
2021-05-17,16.34000015258789,16.610000610351562,16.260000228881836,16.540000915527344,14.38451862335205,10354200,HPE,yfinance,2026-02-10T05:09:22.739344+00:00
2021-05-18,16.5,16.610000610351562,16.309999465942383,16.329999923706055,14.201885223388672,7610800,HPE,yfinance,2026-02-10T05:09:22.739344+00:00
2021-05-19,16.1200008392334,16.139999389648438,15.8100004196167,16.1200008392334,14.019254684448242,7144700,HPE,yfinance,2026-02-10T05:09:22.739344+00:00
2021-05-20,16.110000610351562,16.229999542236328,15.890000343322754,16.110000610351562,14.0105562210083,7911700,HPE,yfinance,2026-02-10T05:09:22.739344+00:00
2021-05-21,16.200000762939453,16.360000610351562,16.149999618530273,16.229999542236328,14.114916801452637,6660900,HPE,yfinance,2026-02-10T05:09:22.739344+00:00
2021-05-24,16.350000381469727,16.450000762939453,16.239999771118164,16.360000610351562,14.227975845336914,5594500,HPE,yfinance,2026-02-10T05:09:22.739344+00:00
2021-05-25,16.309999465942383,16.3799991607666,16.020000457763672,16.049999237060547,13.9583740234375,8726200,HPE,yfinance,2026-02-10T05:09:22.739344+00:00
2021-05-26,16.09000015258789,16.299999237060547,16.040000915527344,16.239999771118164,14.123612403869629,9778900,HPE,yfinance,2026-02-10T05:09:22.739344+00:00
2021-05-27,16.350000381469727,16.540000915527344,16.200000762939453,16.34000015258789,14.210579872131348,15351900,HPE,yfinance,2026-02-10T05:09:22.739344+00:00
2021-05-28,16.389999389648438,16.424999237060547,15.920000076293945,15.960000038146973,13.88010311126709,11684900,HPE,yfinance,2026-02-10T05:09:22.739344+00:00
2021-06-01,16.139999389648438,16.229999542236328,15.890000343322754,16.09000015258789,13.99316120147705,11694200,HPE,yfinance,2026-02-10T05:09:22.739344+00:00
2021-06-02,15.869999885559082,16.190000534057617,15.774999618530273,16.06999969482422,13.9757661819458,18204000,HPE,yfinance,2026-02-10T05:09:22.739344+00:00
2021-06-03,15.989999771118164,16.020000457763672,15.829999923706055,15.899999618530273,13.827922821044922,9960800,HPE,yfinance,2026-02-10T05:09:22.739344+00:00
2021-06-04,15.920000076293945,16.229999542236328,15.859999656677246,16.219999313354492,14.106219291687012,10221300,HPE,yfinance,2026-02-10T05:09:22.739344+00:00
2021-06-07,16.229999542236328,16.315000534057617,15.829999923706055,15.899999618530273,13.827922821044922,8055800,HPE,yfinance,2026-02-10T05:09:22.739344+00:00
2021-06-08,15.899999618530273,16.079999923706055,15.75,16.0,13.91489028930664,7095000,HPE,yfinance,2026-02-10T05:09:22.739344+00:00
2021-06-09,15.979999542236328,15.989999771118164,15.604999542236328,15.649999618530273,13.61050033569336,9019400,HPE,yfinance,2026-02-10T05:09:22.739344+00:00
2021-06-10,15.739999771118164,15.8100004196167,15.562999725341797,15.630000114440918,13.593109130859375,6340500,HPE,yfinance,2026-02-10T05:09:22.739344+00:00
2021-06-11,15.65999984741211,15.890000343322754,15.649999618530273,15.890000343322754,13.819225311279297,7602300,HPE,yfinance,2026-02-10T05:09:22.739344+00:00
2021-06-14,15.949999809265137,16.049999237060547,15.649999618530273,15.720000267028809,13.671381950378418,8249000,HPE,yfinance,2026-02-10T05:09:22.739344+00:00
2021-06-15,15.640000343322754,15.75,15.539999961853027,15.630000114440918,13.697669982910156,7527200,HPE,yfinance,2026-02-10T05:09:22.739344+00:00
2021-06-16,15.619999885559082,15.710000038146973,15.489999771118164,15.5600004196167,13.63632583618164,7864900,HPE,yfinance,2026-02-10T05:09:22.739344+00:00
2021-06-17,15.569999694824219,15.640000343322754,14.619999885559082,14.75,12.92646312713623,15591100,HPE,yfinance,2026-02-10T05:09:22.739344+00:00
2021-06-18,14.529999732971191,14.574999809265137,14.3100004196167,14.449999809265137,12.663553237915039,23705400,HPE,yfinance,2026-02-10T05:09:22.739344+00:00
2021-06-21,14.539999961853027,14.890000343322754,14.5,14.729999542236328,12.908937454223633,7972900,HPE,yfinance,2026-02-10T05:09:22.739344+00:00
2021-06-22,14.680000305175781,14.765000343322754,14.494999885559082,14.609999656677246,12.803770065307617,9002400,HPE,yfinance,2026-02-10T05:09:22.739344+00:00
2021-06-23,14.640000343322754,14.640000343322754,14.414999961853027,14.460000038146973,12.672317504882812,9421700,HPE,yfinance,2026-02-10T05:09:22.739344+00:00
2021-06-24,14.619999885559082,14.619999885559082,14.484999656677246,14.619999885559082,12.812535285949707,6649600,HPE,yfinance,2026-02-10T05:09:22.739344+00:00
2021-06-25,14.59000015258789,14.795000076293945,14.579999923706055,14.739999771118164,12.917702674865723,7595700,HPE,yfinance,2026-02-10T05:09:22.739344+00:00
2021-06-28,14.720000267028809,14.739999771118164,14.470000267028809,14.529999732971191,12.733663558959961,6312800,HPE,yfinance,2026-02-10T05:09:22.739344+00:00
2021-06-29,14.619999885559082,14.704999923706055,14.460000038146973,14.529999732971191,12.733663558959961,5964100,HPE,yfinance,2026-02-10T05:09:22.739344+00:00
2021-06-30,14.5,14.630000114440918,14.449999809265137,14.579999923706055,12.77747917175293,7333900,HPE,yfinance,2026-02-10T05:09:22.739344+00:00
2021-07-01,14.720000267028809,14.8100004196167,14.595000267028809,14.699999809265137,12.882647514343262,8281900,HPE,yfinance,2026-02-10T05:09:22.739344+00:00
2021-07-02,14.739999771118164,14.75,14.579999923706055,14.710000038146973,12.891409873962402,4434500,HPE,yfinance,2026-02-10T05:09:22.739344+00:00
2021-07-06,14.710000038146973,14.729999542236328,14.300000190734863,14.350000381469727,12.575916290283203,7866600,HPE,yfinance,2026-02-10T05:09:22.739344+00:00
2021-07-07,14.350000381469727,14.569999694824219,14.300000190734863,14.4399995803833,12.654790878295898,7674400,HPE,yfinance,2026-02-10T05:09:22.739344+00:00
2021-07-08,14.149999618530273,14.40999984741211,14.031000137329102,14.300000190734863,12.532098770141602,7951200,HPE,yfinance,2026-02-10T05:09:22.739344+00:00
2021-07-09,14.489999771118164,14.619999885559082,14.420000076293945,14.579999923706055,12.77747917175293,5304600,HPE,yfinance,2026-02-10T05:09:22.739344+00:00
2021-07-12,14.5,14.5600004196167,14.399999618530273,14.470000267028809,12.681081771850586,5872300,HPE,yfinance,2026-02-10T05:09:22.739344+00:00
2021-07-13,14.390000343322754,14.40999984741211,13.6850004196167,13.760000228881836,12.058859825134277,15287300,HPE,yfinance,2026-02-10T05:09:22.739344+00:00
2021-07-14,13.890000343322754,14.220000267028809,13.8100004196167,14.010000228881836,12.277952194213867,10422500,HPE,yfinance,2026-02-10T05:09:22.739344+00:00
2021-07-15,13.890000343322754,14.140000343322754,13.869999885559082,14.069999694824219,12.330531120300293,12683100,HPE,yfinance,2026-02-10T05:09:22.739344+00:00
2021-07-16,14.210000038146973,14.239999771118164,13.819999694824219,13.859999656677246,12.14649486541748,9645700,HPE,yfinance,2026-02-10T05:09:22.739344+00:00
2021-07-19,13.5600004196167,13.744999885559082,13.479999542236328,13.670000076293945,11.97998332977295,13289600,HPE,yfinance,2026-02-10T05:09:22.739344+00:00
2021-07-20,13.6899995803833,14.010000228881836,13.670000076293945,13.970000267028809,12.24289608001709,9144700,HPE,yfinance,2026-02-10T05:09:22.739344+00:00
2021-07-21,14.069999694824219,14.255000114440918,13.960000038146973,14.229999542236328,12.470751762390137,12163400,HPE,yfinance,2026-02-10T05:09:22.739344+00:00
2021-07-22,14.180000305175781,14.210000038146973,13.925000190734863,14.020000457763672,12.286715507507324,9795400,HPE,yfinance,2026-02-10T05:09:22.739344+00:00
2021-07-23,14.0600004196167,14.156999588012695,13.979999542236328,14.100000381469727,12.35682201385498,6787300,HPE,yfinance,2026-02-10T05:09:22.739344+00:00
2021-07-26,14.34000015258789,14.670000076293945,14.34000015258789,14.430000305175781,12.646026611328125,11046900,HPE,yfinance,2026-02-10T05:09:22.739344+00:00
2021-07-27,14.239999771118164,14.399999618530273,14.069999694824219,14.34000015258789,12.567153930664062,6485200,HPE,yfinance,2026-02-10T05:09:22.739344+00:00
2021-07-28,14.5,14.550000190734863,14.204999923706055,14.460000038146973,12.672317504882812,6465900,HPE,yfinance,2026-02-10T05:09:22.739344+00:00
2021-07-29,14.630000114440918,14.680000305175781,14.470000267028809,14.550000190734863,12.751192092895508,6440900,HPE,yfinance,2026-02-10T05:09:22.739344+00:00
2021-07-30,14.4399995803833,14.569999694824219,14.395000457763672,14.5,12.70737075805664,8153700,HPE,yfinance,2026-02-10T05:09:22.739344+00:00
2021-08-02,14.59000015258789,14.869999885559082,14.479999542236328,14.489999771118164,12.6986083984375,7937000,HPE,yfinance,2026-02-10T05:09:22.739344+00:00
2021-08-03,14.579999923706055,14.880000114440918,14.329999923706055,14.850000381469727,13.014103889465332,5425500,HPE,yfinance,2026-02-10T05:09:22.739344+00:00
2021-08-04,14.699999809265137,14.8100004196167,14.545000076293945,14.65999984741211,12.8475923538208,10097200,HPE,yfinance,2026-02-10T05:09:22.739344+00:00
2021-08-05,14.779999732971191,14.84000015258789,14.635000228881836,14.6899995803833,12.873882293701172,4851100,HPE,yfinance,2026-02-10T05:09:22.739344+00:00
2021-08-06,14.789999961853027,14.979999542236328,14.770000457763672,14.869999885559082,13.031627655029297,3664000,HPE,yfinance,2026-02-10T05:09:22.739344+00:00
2021-08-09,14.859999656677246,14.859999656677246,14.649999618530273,14.720000267028809,12.900174140930176,4391000,HPE,yfinance,2026-02-10T05:09:22.739344+00:00
2021-08-10,14.699999809265137,14.829999923706055,14.630000114440918,14.819999694824219,12.987809181213379,6880000,HPE,yfinance,2026-02-10T05:09:22.739344+00:00
2021-08-11,14.890000343322754,15.279999732971191,14.739999771118164,15.1899995803833,13.312067985534668,6561100,HPE,yfinance,2026-02-10T05:09:22.739344+00:00
2021-08-12,15.210000038146973,15.25,15.03499984741211,15.210000038146973,13.329596519470215,3993000,HPE,yfinance,2026-02-10T05:09:22.739344+00:00
2021-08-13,15.199999809265137,15.199999809265137,14.960000038146973,14.979999542236328,13.128029823303223,5144900,HPE,yfinance,2026-02-10T05:09:22.739344+00:00
2021-08-16,14.899999618530273,15.029999732971191,14.65999984741211,15.0,13.14555549621582,6356800,HPE,yfinance,2026-02-10T05:09:22.739344+00:00
2021-08-17,14.920000076293945,14.960000038146973,14.649999618530273,14.920000076293945,13.075448036193848,7973000,HPE,yfinance,2026-02-10T05:09:22.739344+00:00
2021-08-18,14.850000381469727,14.960000038146973,14.699999809265137,14.710000038146973,12.891409873962402,6290200,HPE,yfinance,2026-02-10T05:09:22.739344+00:00
2021-08-19,14.579999923706055,14.630000114440918,14.270000457763672,14.380000114440918,12.60220718383789,7395200,HPE,yfinance,2026-02-10T05:09:22.739344+00:00
2021-08-20,14.399999618530273,14.59000015258789,14.350000381469727,14.579999923706055,12.77747917175293,3944800,HPE,yfinance,2026-02-10T05:09:22.739344+00:00
2021-08-23,14.630000114440918,14.800000190734863,14.550000190734863,14.699999809265137,12.882647514343262,5114400,HPE,yfinance,2026-02-10T05:09:22.739344+00:00
2021-08-24,14.770000457763672,14.899999618530273,14.635000228881836,14.84000015258789,13.005338668823242,4760200,HPE,yfinance,2026-02-10T05:09:22.739344+00:00
2021-08-25,14.84000015258789,15.229000091552734,14.8100004196167,15.109999656677246,13.241958618164062,5934300,HPE,yfinance,2026-02-10T05:09:22.739344+00:00
2021-08-26,15.229999542236328,15.541999816894531,15.104999542236328,15.119999885559082,13.250720977783203,11897500,HPE,yfinance,2026-02-10T05:09:22.739344+00:00
2021-08-27,15.100000381469727,15.489999771118164,14.989999771118164,15.420000076293945,13.513632774353027,9472400,HPE,yfinance,2026-02-10T05:09:22.739344+00:00
2021-08-30,15.470000267028809,15.539999961853027,15.229999542236328,15.3100004196167,13.417232513427734,6611800,HPE,yfinance,2026-02-10T05:09:22.739344+00:00
2021-08-31,15.350000381469727,15.529999732971191,15.324999809265137,15.460000038146973,13.548686027526855,10701500,HPE,yfinance,2026-02-10T05:09:22.739344+00:00
2021-09-01,15.5,15.529999732971191,15.210000038146973,15.34000015258789,13.443522453308105,8202900,HPE,yfinance,2026-02-10T05:09:22.739344+00:00
2021-09-02,15.40999984741211,15.484999656677246,15.239999771118164,15.390000343322754,13.487340927124023,11008100,HPE,yfinance,2026-02-10T05:09:22.739344+00:00
2021-09-03,15.574999809265137,15.890000343322754,15.390000343322754,15.479999542236328,13.566214561462402,14355200,HPE,yfinance,2026-02-10T05:09:22.739344+00:00
2021-09-07,15.399999618530273,15.479999542236328,14.979999542236328,15.020000457763672,13.163084030151367,12803000,HPE,yfinance,2026-02-10T05:09:22.739344+00:00
2021-09-08,14.960000038146973,15.029999732971191,14.510000228881836,14.539999961853027,12.742424011230469,11716200,HPE,yfinance,2026-02-10T05:09:22.739344+00:00
2021-09-09,14.489999771118164,14.744999885559082,14.460000038146973,14.65999984741211,12.8475923538208,8603500,HPE,yfinance,2026-02-10T05:09:22.739344+00:00
2021-09-10,14.550000190734863,14.645999908447266,14.28499984741211,14.3100004196167,12.644363403320312,7289700,HPE,yfinance,2026-02-10T05:09:22.739344+00:00
2021-09-13,14.350000381469727,14.380000114440918,14.130000114440918,14.300000190734863,12.635526657104492,15522900,HPE,yfinance,2026-02-10T05:09:22.739344+00:00
2021-09-14,14.399999618530273,14.40999984741211,13.710000038146973,13.75,12.149544715881348,12737500,HPE,yfinance,2026-02-10T05:09:22.739344+00:00
2021-09-15,13.75,13.869999885559082,13.644000053405762,13.739999771118164,12.14070987701416,16081300,HPE,yfinance,2026-02-10T05:09:22.739344+00:00
2021-09-16,13.75,13.850000381469727,13.635000228881836,13.65999984741211,12.070021629333496,8015300,HPE,yfinance,2026-02-10T05:09:22.739344+00:00
2021-09-17,13.510000228881836,13.604999542236328,13.350000381469727,13.550000190734863,11.972824096679688,26241800,HPE,yfinance,2026-02-10T05:09:22.739344+00:00
2021-09-20,13.270000457763672,13.399999618530273,13.079999923706055,13.279999732971191,11.734251976013184,10765500,HPE,yfinance,2026-02-10T05:09:22.739344+00:00
2021-09-21,13.350000381469727,13.40999984741211,12.989999771118164,13.010000228881836,11.495680809020996,9342300,HPE,yfinance,2026-02-10T05:09:22.739344+00:00
2021-09-22,13.079999923706055,13.289999961853027,13.079999923706055,13.15999984741211,11.628220558166504,7783300,HPE,yfinance,2026-02-10T05:09:22.739344+00:00
2021-09-23,13.25,13.600000381469727,13.220000267028809,13.4399995803833,11.875626564025879,6825700,HPE,yfinance,2026-02-10T05:09:22.739344+00:00
2021-09-24,13.359999656677246,13.579999923706055,13.350000381469727,13.40999984741211,11.849119186401367,5792300,HPE,yfinance,2026-02-10T05:09:22.739344+00:00
2021-09-27,13.40999984741211,14.1850004196167,13.40999984741211,14.0,12.37044620513916,12385400,HPE,yfinance,2026-02-10T05:09:22.739344+00:00
2021-09-28,14.0,14.34000015258789,13.989999771118164,14.180000305175781,12.529495239257812,10810800,HPE,yfinance,2026-02-10T05:09:22.739344+00:00
2021-09-29,14.170000076293945,14.244999885559082,14.0,14.09000015258789,12.449972152709961,9832400,HPE,yfinance,2026-02-10T05:09:22.739344+00:00
2021-09-30,14.229999542236328,14.720000267028809,14.220000267028809,14.25,12.591346740722656,19163700,HPE,yfinance,2026-02-10T05:09:22.739344+00:00
2021-10-01,14.34000015258789,14.699999809265137,14.319999694824219,14.619999885559082,12.918280601501465,9176400,HPE,yfinance,2026-02-10T05:09:22.739344+00:00
2021-10-04,14.649999618530273,15.045000076293945,14.59000015258789,14.850000381469727,13.12151050567627,13567100,HPE,yfinance,2026-02-10T05:09:22.739344+00:00
2021-10-05,14.949999809265137,15.149999618530273,14.779999732971191,15.029999732971191,13.280555725097656,13139800,HPE,yfinance,2026-02-10T05:09:22.739344+00:00
2021-10-06,14.800000190734863,14.916999816894531,14.449999809265137,14.710000038146973,12.997803688049316,14791800,HPE,yfinance,2026-02-10T05:09:22.739344+00:00
2021-10-07,14.859999656677246,14.949999809265137,14.75,14.770000457763672,13.05081844329834,10950800,HPE,yfinance,2026-02-10T05:09:22.739344+00:00
2021-10-08,14.880000114440918,15.0600004196167,14.770000457763672,14.829999923706055,13.103837013244629,7742500,HPE,yfinance,2026-02-10T05:09:22.739344+00:00
2021-10-11,14.850000381469727,15.079999923706055,14.800000190734863,14.859999656677246,13.13034439086914,7033700,HPE,yfinance,2026-02-10T05:09:22.739344+00:00
2021-10-12,14.890000343322754,14.890000343322754,14.640000343322754,14.699999809265137,12.988967895507812,8642400,HPE,yfinance,2026-02-10T05:09:22.739344+00:00
2021-10-13,14.680000305175781,14.824999809265137,14.520000457763672,14.720000267028809,13.006640434265137,8427700,HPE,yfinance,2026-02-10T05:09:22.739344+00:00
2021-10-14,14.760000228881836,15.0600004196167,14.739999771118164,15.050000190734863,13.298229217529297,6386100,HPE,yfinance,2026-02-10T05:09:22.739344+00:00
2021-10-15,15.119999885559082,15.289999961853027,15.119999885559082,15.149999618530273,13.386590957641602,7634300,HPE,yfinance,2026-02-10T05:09:22.739344+00:00
2021-10-18,15.029999732971191,15.34000015258789,15.0,15.109999656677246,13.35124683380127,7891600,HPE,yfinance,2026-02-10T05:09:22.739344+00:00
2021-10-19,15.210000038146973,15.444999694824219,15.095000267028809,15.369999885559082,13.580982208251953,9861900,HPE,yfinance,2026-02-10T05:09:22.739344+00:00
2021-10-20,15.380000114440918,15.65999984741211,15.309000015258789,15.489999771118164,13.68701457977295,8391300,HPE,yfinance,2026-02-10T05:09:22.739344+00:00
2021-10-21,15.40999984741211,15.649999618530273,15.289999961853027,15.489999771118164,13.68701457977295,9633200,HPE,yfinance,2026-02-10T05:09:22.739344+00:00
2021-10-22,15.460000038146973,15.6899995803833,15.359999656677246,15.359999656677246,13.572145462036133,11745200,HPE,yfinance,2026-02-10T05:09:22.739344+00:00
2021-10-25,15.40999984741211,15.5,15.350000381469727,15.40999984741211,13.616326332092285,9772600,HPE,yfinance,2026-02-10T05:09:22.739344+00:00
2021-10-26,15.449999809265137,15.460000038146973,14.75,14.880000114440918,13.148017883300781,18426700,HPE,yfinance,2026-02-10T05:09:22.739344+00:00
2021-10-27,14.859999656677246,14.859999656677246,14.475000381469727,14.579999923706055,12.882932662963867,11529700,HPE,yfinance,2026-02-10T05:09:22.739344+00:00
2021-10-28,14.609999656677246,14.91100025177002,14.479999542236328,14.760000228881836,13.041986465454102,11965200,HPE,yfinance,2026-02-10T05:09:22.739344+00:00
2021-10-29,14.779999732971191,15.095000267028809,14.640000343322754,14.649999618530273,12.94478702545166,16770800,HPE,yfinance,2026-02-10T05:09:22.739344+00:00
2021-11-01,14.729999542236328,15.020000457763672,14.6899995803833,14.960000038146973,13.218706130981445,9549000,HPE,yfinance,2026-02-10T05:09:22.739344+00:00
2021-11-02,15.0,15.255000114440918,14.949999809265137,15.239999771118164,13.46611499786377,12287200,HPE,yfinance,2026-02-10T05:09:22.739344+00:00
2021-11-03,15.180000305175781,15.444999694824219,15.109999656677246,15.279999732971191,13.501459121704102,8439900,HPE,yfinance,2026-02-10T05:09:22.739344+00:00
2021-11-04,15.229999542236328,15.359999656677246,15.140000343322754,15.270000457763672,13.492623329162598,8520300,HPE,yfinance,2026-02-10T05:09:22.739344+00:00
2021-11-05,15.34000015258789,15.520000457763672,15.329999923706055,15.460000038146973,13.660506248474121,8812400,HPE,yfinance,2026-02-10T05:09:22.739344+00:00
2021-11-08,15.5,15.649999618530273,15.40999984741211,15.4399995803833,13.642836570739746,6074500,HPE,yfinance,2026-02-10T05:09:22.739344+00:00
2021-11-09,15.399999618530273,15.600000381469727,15.369999885559082,15.529999732971191,13.722357749938965,4894200,HPE,yfinance,2026-02-10T05:09:22.739344+00:00
2021-11-10,15.529999732971191,15.90999984741211,15.489999771118164,15.720000267028809,13.890243530273438,9485700,HPE,yfinance,2026-02-10T05:09:22.739344+00:00
2021-11-11,15.779999732971191,15.949999809265137,15.729999542236328,15.9399995803833,14.084636688232422,4824700,HPE,yfinance,2026-02-10T05:09:22.739344+00:00
2021-11-12,15.279999732971191,15.350000381469727,14.569999694824219,14.640000343322754,12.93595027923584,19128800,HPE,yfinance,2026-02-10T05:09:22.739344+00:00
2021-11-15,14.619999885559082,14.765000343322754,14.414999961853027,14.699999809265137,12.988967895507812,10511500,HPE,yfinance,2026-02-10T05:09:22.739344+00:00
2021-11-16,14.729999542236328,14.8149995803833,14.539999961853027,14.579999923706055,12.882932662963867,7700000,HPE,yfinance,2026-02-10T05:09:22.739344+00:00
2021-11-17,14.569999694824219,14.704999923706055,14.4399995803833,14.550000190734863,12.856427192687988,7534000,HPE,yfinance,2026-02-10T05:09:22.739344+00:00
2021-11-18,14.550000190734863,14.645000457763672,14.3100004196167,14.609999656677246,12.909441947937012,6270200,HPE,yfinance,2026-02-10T05:09:22.739344+00:00
2021-11-19,14.550000190734863,14.59000015258789,14.335000038146973,14.390000343322754,12.71505069732666,7238700,HPE,yfinance,2026-02-10T05:09:22.739344+00:00
2021-11-22,14.489999771118164,14.979999542236328,14.4399995803833,14.770000457763672,13.05081844329834,10326200,HPE,yfinance,2026-02-10T05:09:22.739344+00:00
2021-11-23,14.720000267028809,14.835000038146973,14.633999824523926,14.8100004196167,13.086165428161621,9195800,HPE,yfinance,2026-02-10T05:09:22.739344+00:00
2021-11-24,14.869999885559082,15.039999961853027,14.800000190734863,14.859999656677246,13.13034439086914,10158300,HPE,yfinance,2026-02-10T05:09:22.739344+00:00
2021-11-26,14.4399995803833,14.53600025177002,14.229999542236328,14.430000305175781,12.750395774841309,6651800,HPE,yfinance,2026-02-10T05:09:22.739344+00:00
2021-11-29,14.550000190734863,14.710000038146973,14.329999923706055,14.609999656677246,12.909441947937012,12343500,HPE,yfinance,2026-02-10T05:09:22.739344+00:00
2021-11-30,14.579999923706055,14.640000343322754,14.109999656677246,14.350000381469727,12.679707527160645,24941000,HPE,yfinance,2026-02-10T05:09:22.739344+00:00
2021-12-01,14.029999732971191,14.5600004196167,13.859999656677246,14.210000038146973,12.556002616882324,22221700,HPE,yfinance,2026-02-10T05:09:22.739344+00:00
2021-12-02,14.289999961853027,15.114999771118164,14.220000267028809,14.989999771118164,13.24521255493164,14524900,HPE,yfinance,2026-02-10T05:09:22.739344+00:00
2021-12-03,15.119999885559082,15.640000343322754,14.899999618530273,15.170000076293945,13.404261589050293,19438800,HPE,yfinance,2026-02-10T05:09:22.739344+00:00
2021-12-06,15.359999656677246,15.539999961853027,15.104999542236328,15.119999885559082,13.360081672668457,12473700,HPE,yfinance,2026-02-10T05:09:22.739344+00:00
2021-12-07,15.300000190734863,15.609999656677246,15.09000015258789,15.470000267028809,13.669342994689941,14903100,HPE,yfinance,2026-02-10T05:09:22.739344+00:00
2021-12-08,15.550000190734863,15.800000190734863,15.470000267028809,15.579999923706055,13.766539573669434,11366600,HPE,yfinance,2026-02-10T05:09:22.739344+00:00
2021-12-09,15.420000076293945,15.515000343322754,15.300000190734863,15.380000114440918,13.695301055908203,8569000,HPE,yfinance,2026-02-10T05:09:22.739344+00:00
2021-12-10,15.550000190734863,15.609999656677246,15.119999885559082,15.210000038146973,13.543922424316406,9774300,HPE,yfinance,2026-02-10T05:09:22.739344+00:00
2021-12-13,15.170000076293945,15.229999542236328,14.609999656677246,14.789999961853027,13.169928550720215,10867600,HPE,yfinance,2026-02-10T05:09:22.739344+00:00
2021-12-14,14.619999885559082,14.9399995803833,14.550000190734863,14.569999694824219,12.974028587341309,13978400,HPE,yfinance,2026-02-10T05:09:22.739344+00:00
2021-12-15,14.640000343322754,14.819999694824219,14.5,14.789999961853027,13.169928550720215,10934700,HPE,yfinance,2026-02-10T05:09:22.739344+00:00
2021-12-16,14.9399995803833,15.1850004196167,14.789999961853027,14.949999809265137,13.312403678894043,11932500,HPE,yfinance,2026-02-10T05:09:22.739344+00:00
2021-12-17,14.960000038146973,15.154999732971191,14.800000190734863,15.079999923706055,13.428163528442383,17967500,HPE,yfinance,2026-02-10T05:09:22.739344+00:00
2021-12-20,14.899999618530273,14.960000038146973,14.595000267028809,14.850000381469727,13.223358154296875,11378300,HPE,yfinance,2026-02-10T05:09:22.739344+00:00
2021-12-21,14.984999656677246,15.425000190734863,14.984999656677246,15.420000076293945,13.730921745300293,9422200,HPE,yfinance,2026-02-10T05:09:22.739344+00:00
2021-12-22,15.420000076293945,15.5600004196167,15.279999732971191,15.550000190734863,13.846680641174316,6693800,HPE,yfinance,2026-02-10T05:09:22.739344+00:00
2021-12-23,15.630000114440918,15.875,15.569999694824219,15.760000228881836,14.033679008483887,6735600,HPE,yfinance,2026-02-10T05:09:22.739344+00:00
2021-12-27,15.75,15.970000267028809,15.699999809265137,15.920000076293945,14.176153182983398,4456300,HPE,yfinance,2026-02-10T05:09:22.739344+00:00
2021-12-28,15.899999618530273,16.045000076293945,15.850000381469727,15.970000267028809,14.220674514770508,6010800,HPE,yfinance,2026-02-10T05:09:22.739344+00:00
2021-12-29,15.970000267028809,16.21500015258789,15.9399995803833,16.06999969482422,14.30971908569336,5867300,HPE,yfinance,2026-02-10T05:09:22.739344+00:00
2021-12-30,16.020000457763672,16.18000030517578,15.859999656677246,15.890000343322754,14.149438858032227,6608100,HPE,yfinance,2026-02-10T05:09:22.739344+00:00
2021-12-31,15.899999618530273,16.0049991607666,15.75,15.770000457763672,14.042582511901855,4315900,HPE,yfinance,2026-02-10T05:09:22.739344+00:00
2022-01-03,15.890000343322754,16.235000610351562,15.890000343322754,16.139999389648438,14.372052192687988,8569100,HPE,yfinance,2026-02-10T05:09:22.739344+00:00
2022-01-04,16.329999923706055,16.96500015258789,16.329999923706055,16.829999923706055,14.986471176147461,16823500,HPE,yfinance,2026-02-10T05:09:22.739344+00:00
2022-01-05,16.850000381469727,17.347000122070312,16.84000015258789,16.889999389648438,15.039897918701172,10922700,HPE,yfinance,2026-02-10T05:09:22.739344+00:00
2022-01-06,17.100000381469727,17.149999618530273,16.770000457763672,16.969999313354492,15.111136436462402,8571700,HPE,yfinance,2026-02-10T05:09:22.739344+00:00
2022-01-07,16.979999542236328,17.239999771118164,16.979999542236328,17.1299991607666,15.253607749938965,10482700,HPE,yfinance,2026-02-10T05:09:22.739344+00:00
2022-01-10,17.200000762939453,17.334999084472656,16.739999771118164,17.0,15.137850761413574,15250000,HPE,yfinance,2026-02-10T05:09:22.739344+00:00
2022-01-11,17.1200008392334,17.1200008392334,16.790000915527344,17.040000915527344,15.173468589782715,16455800,HPE,yfinance,2026-02-10T05:09:22.739344+00:00
2022-01-12,17.139999389648438,17.30500030517578,16.959999084472656,17.149999618530273,15.271418571472168,7975700,HPE,yfinance,2026-02-10T05:09:22.739344+00:00
2022-01-13,17.25,17.594999313354492,17.06999969482422,17.489999771118164,15.574175834655762,9726800,HPE,yfinance,2026-02-10T05:09:22.739344+00:00
2022-01-14,17.3700008392334,17.600000381469727,17.170000076293945,17.559999465942383,15.636507987976074,8547000,HPE,yfinance,2026-02-10T05:09:22.739344+00:00
2022-01-18,17.510000228881836,17.600000381469727,17.19499969482422,17.31999969482422,15.422796249389648,10282200,HPE,yfinance,2026-02-10T05:09:22.739344+00:00
2022-01-19,17.299999237060547,17.3799991607666,16.71500015258789,16.739999771118164,14.906328201293945,11762000,HPE,yfinance,2026-02-10T05:09:22.739344+00:00
2022-01-20,16.844999313354492,17.030000686645508,16.510000228881836,16.670000076293945,14.843997955322266,18906200,HPE,yfinance,2026-02-10T05:09:22.739344+00:00
2022-01-21,16.68000030517578,16.690000534057617,16.110000610351562,16.139999389648438,14.372052192687988,10121400,HPE,yfinance,2026-02-10T05:09:22.739344+00:00
2022-01-24,15.845000267028809,16.1299991607666,15.449999809265137,16.100000381469727,14.336431503295898,11759700,HPE,yfinance,2026-02-10T05:09:22.739344+00:00
2022-01-25,15.920000076293945,15.989999771118164,15.399999618530273,15.890000343322754,14.149438858032227,11657100,HPE,yfinance,2026-02-10T05:09:22.739344+00:00
2022-01-26,16.06999969482422,16.149999618530273,15.619999885559082,15.84000015258789,14.104914665222168,10817100,HPE,yfinance,2026-02-10T05:09:22.739344+00:00
2022-01-27,16.010000228881836,16.31999969482422,15.619999885559082,15.8100004196167,14.078200340270996,12857800,HPE,yfinance,2026-02-10T05:09:22.739344+00:00
2022-01-28,15.720000267028809,16.139999389648438,15.675000190734863,16.1299991607666,14.363147735595703,11142100,HPE,yfinance,2026-02-10T05:09:22.739344+00:00
2022-01-31,16.09000015258789,16.389999389648438,15.881999969482422,16.329999923706055,14.541239738464355,16818400,HPE,yfinance,2026-02-10T05:09:22.739344+00:00
2022-02-01,16.360000610351562,16.860000610351562,16.290000915527344,16.809999465942383,14.968658447265625,10422500,HPE,yfinance,2026-02-10T05:09:22.739344+00:00
2022-02-02,16.735000610351562,17.079999923706055,16.700000762939453,17.030000686645508,15.16456413269043,8890000,HPE,yfinance,2026-02-10T05:09:22.739344+00:00
2022-02-03,16.959999084472656,17.149999618530273,16.829999923706055,16.850000381469727,15.004280090332031,7035100,HPE,yfinance,2026-02-10T05:09:22.739344+00:00
2022-02-04,16.809999465942383,17.010000228881836,16.6299991607666,16.84000015258789,14.995378494262695,6702500,HPE,yfinance,2026-02-10T05:09:22.739344+00:00
2022-02-07,17.0,17.049999237060547,16.790000915527344,16.93000030517578,15.075518608093262,6955400,HPE,yfinance,2026-02-10T05:09:22.739344+00:00
2022-02-08,17.100000381469727,17.149999618530273,16.920000076293945,17.100000381469727,15.226898193359375,6457600,HPE,yfinance,2026-02-10T05:09:22.739344+00:00
2022-02-09,17.190000534057617,17.31999969482422,17.100000381469727,17.299999237060547,15.404984474182129,8012200,HPE,yfinance,2026-02-10T05:09:22.739344+00:00
2022-02-10,17.200000762939453,17.760000228881836,17.15999984741211,17.350000381469727,15.449514389038086,9406300,HPE,yfinance,2026-02-10T05:09:22.739344+00:00
2022-02-11,17.350000381469727,17.584999084472656,17.079999923706055,17.200000762939453,15.315942764282227,8804600,HPE,yfinance,2026-02-10T05:09:22.739344+00:00
2022-02-14,17.270000457763672,17.299999237060547,16.719999313354492,16.8700008392334,15.022089004516602,9019400,HPE,yfinance,2026-02-10T05:09:22.739344+00:00
2022-02-15,17.010000228881836,17.469999313354492,16.959999084472656,17.3799991607666,15.476224899291992,7447100,HPE,yfinance,2026-02-10T05:09:22.739344+00:00
2022-02-16,17.290000915527344,17.719999313354492,17.270000457763672,17.639999389648438,15.707743644714355,8063400,HPE,yfinance,2026-02-10T05:09:22.739344+00:00
2022-02-17,17.440000534057617,17.540000915527344,17.190000534057617,17.239999771118164,15.351563453674316,8985800,HPE,yfinance,2026-02-10T05:09:22.739344+00:00
2022-02-18,17.239999771118164,17.510000228881836,17.15999984741211,17.329999923706055,15.431700706481934,9652000,HPE,yfinance,2026-02-10T05:09:22.739344+00:00
2022-02-22,17.18000030517578,17.420000076293945,16.760000228881836,16.940000534057617,15.08442497253418,11734200,HPE,yfinance,2026-02-10T05:09:22.739344+00:00
2022-02-23,17.06999969482422,17.110000610351562,16.540000915527344,16.6200008392334,14.799477577209473,7846200,HPE,yfinance,2026-02-10T05:09:22.739344+00:00
2022-02-24,16.139999389648438,16.290000915527344,15.75,16.25,14.47000503540039,11558400,HPE,yfinance,2026-02-10T05:09:22.739344+00:00
2022-02-25,16.020000457763672,16.15999984741211,15.460000038146973,16.020000457763672,14.265196800231934,18758600,HPE,yfinance,2026-02-10T05:09:22.739344+00:00
2022-02-28,15.75,15.979999542236328,15.579999923706055,15.920000076293945,14.176153182983398,18104500,HPE,yfinance,2026-02-10T05:09:22.739344+00:00
2022-03-01,15.9399995803833,16.049999237060547,15.265000343322754,15.40999984741211,13.722015380859375,14194400,HPE,yfinance,2026-02-10T05:09:22.739344+00:00
2022-03-02,16.219999313354492,17.18000030517578,16.149999618530273,16.989999771118164,15.128945350646973,20561000,HPE,yfinance,2026-02-10T05:09:22.739344+00:00
2022-03-03,17.010000228881836,17.020000457763672,16.59000015258789,16.75,14.91523551940918,16233100,HPE,yfinance,2026-02-10T05:09:22.739344+00:00
2022-03-04,16.350000381469727,16.450000762939453,16.100000381469727,16.420000076293945,14.621380805969238,10468300,HPE,yfinance,2026-02-10T05:09:22.739344+00:00
2022-03-07,16.399999618530273,16.43000030517578,15.729999542236328,15.770000457763672,14.042582511901855,9691700,HPE,yfinance,2026-02-10T05:09:22.739344+00:00
2022-03-08,16.09000015258789,16.575000762939453,16.06999969482422,16.09000015258789,14.32752799987793,12353300,HPE,yfinance,2026-02-10T05:09:22.739344+00:00
2022-03-09,16.440000534057617,16.577999114990234,16.299999237060547,16.3700008392334,14.576859474182129,12569700,HPE,yfinance,2026-02-10T05:09:22.739344+00:00
2022-03-10,16.06999969482422,16.375,15.979999542236328,16.360000610351562,14.675530433654785,10586400,HPE,yfinance,2026-02-10T05:09:22.739344+00:00
2022-03-11,16.5,16.690000534057617,16.385000228881836,16.549999237060547,14.845969200134277,11139400,HPE,yfinance,2026-02-10T05:09:22.739344+00:00
2022-03-14,16.6299991607666,16.799999237060547,16.165000915527344,16.31999969482422,14.639652252197266,10739100,HPE,yfinance,2026-02-10T05:09:22.739344+00:00
2022-03-15,16.31999969482422,16.65999984741211,16.204999923706055,16.530000686645508,14.82802677154541,14246300,HPE,yfinance,2026-02-10T05:09:22.739344+00:00
2022-03-16,16.670000076293945,16.850000381469727,16.479999542236328,16.760000228881836,15.034348487854004,11061500,HPE,yfinance,2026-02-10T05:09:22.739344+00:00
2022-03-17,16.5,16.799999237060547,16.270000457763672,16.719999313354492,14.998466491699219,10839600,HPE,yfinance,2026-02-10T05:09:22.739344+00:00
2022-03-18,16.600000381469727,17.100000381469727,16.44499969482422,17.040000915527344,15.285520553588867,25124800,HPE,yfinance,2026-02-10T05:09:22.739344+00:00
2022-03-21,17.1200008392334,17.334999084472656,16.854000091552734,17.049999237060547,15.294487953186035,9128400,HPE,yfinance,2026-02-10T05:09:22.739344+00:00
2022-03-22,17.200000762939453,17.299999237060547,16.985000610351562,17.1299991607666,15.366250038146973,12037600,HPE,yfinance,2026-02-10T05:09:22.739344+00:00
2022-03-23,17.049999237060547,17.200000762939453,16.959999084472656,16.969999313354492,15.222725868225098,7361400,HPE,yfinance,2026-02-10T05:09:22.739344+00:00
2022-03-24,17.059999465942383,17.149999618530273,16.93000030517578,17.049999237060547,15.294487953186035,13534300,HPE,yfinance,2026-02-10T05:09:22.739344+00:00
2022-03-25,17.149999618530273,17.56999969482422,17.110000610351562,17.540000915527344,15.734040260314941,11028500,HPE,yfinance,2026-02-10T05:09:22.739344+00:00
2022-03-28,17.399999618530273,17.450000762939453,17.09000015258789,17.3799991607666,15.590508460998535,6572600,HPE,yfinance,2026-02-10T05:09:22.739344+00:00
2022-03-29,17.579999923706055,17.655000686645508,17.3799991607666,17.559999465942383,15.75197696685791,6015400,HPE,yfinance,2026-02-10T05:09:22.739344+00:00
2022-03-30,17.5,17.614999771118164,17.200000762939453,17.280000686645508,15.500809669494629,4783700,HPE,yfinance,2026-02-10T05:09:22.739344+00:00
2022-03-31,17.049999237060547,17.15999984741211,16.690000534057617,16.709999084472656,14.989495277404785,10402900,HPE,yfinance,2026-02-10T05:09:22.739344+00:00
2022-04-01,16.8799991607666,16.8799991607666,16.059999465942383,16.290000915527344,14.612741470336914,8138800,HPE,yfinance,2026-02-10T05:09:22.739344+00:00
2022-04-04,16.260000228881836,16.3799991607666,15.979999542236328,16.31999969482422,14.639652252197266,10025400,HPE,yfinance,2026-02-10T05:09:22.739344+00:00
2022-04-05,16.170000076293945,16.329999923706055,15.739999771118164,15.800000190734863,14.17319393157959,8198500,HPE,yfinance,2026-02-10T05:09:22.739344+00:00
2022-04-06,15.699999809265137,15.744999885559082,15.470000267028809,15.569999694824219,13.966874122619629,9878100,HPE,yfinance,2026-02-10T05:09:22.739344+00:00
2022-04-07,15.989999771118164,16.09000015258789,15.604999542236328,16.0,14.352601051330566,14207800,HPE,yfinance,2026-02-10T05:09:22.739344+00:00
2022-04-08,16.020000457763672,16.295000076293945,15.84000015258789,16.100000381469727,14.442304611206055,8942200,HPE,yfinance,2026-02-10T05:09:22.739344+00:00
2022-04-11,16.020000457763672,16.219999313354492,15.800000190734863,15.8100004196167,14.18216323852539,6340600,HPE,yfinance,2026-02-10T05:09:22.739344+00:00
2022-04-12,15.489999771118164,15.850000381469727,15.319999694824219,15.40999984741211,13.823348045349121,10502100,HPE,yfinance,2026-02-10T05:09:22.739344+00:00
2022-04-13,15.4399995803833,15.555000305175781,15.3149995803833,15.479999542236328,13.886140823364258,10134300,HPE,yfinance,2026-02-10T05:09:22.739344+00:00
2022-04-14,15.520000457763672,15.619999885559082,15.343000411987305,15.380000114440918,13.79643726348877,7197400,HPE,yfinance,2026-02-10T05:09:22.739344+00:00
2022-04-18,15.4399995803833,15.75,15.399999618530273,15.710000038146973,14.092458724975586,8378800,HPE,yfinance,2026-02-10T05:09:22.739344+00:00
2022-04-19,15.90999984741211,16.165000915527344,15.819999694824219,16.110000610351562,14.451275825500488,8929400,HPE,yfinance,2026-02-10T05:09:22.739344+00:00
2022-04-20,16.209999084472656,16.65999984741211,16.209999084472656,16.520000457763672,14.819063186645508,9380700,HPE,yfinance,2026-02-10T05:09:22.739344+00:00
2022-04-21,16.6200008392334,16.739999771118164,16.270000457763672,16.31999969482422,14.639652252197266,9459500,HPE,yfinance,2026-02-10T05:09:22.739344+00:00
2022-04-22,16.25,16.25,15.729999542236328,15.75,14.128339767456055,7175600,HPE,yfinance,2026-02-10T05:09:22.739344+00:00
2022-04-25,15.579999923706055,15.630000114440918,15.223999977111816,15.59000015258789,13.984813690185547,8561800,HPE,yfinance,2026-02-10T05:09:22.739344+00:00
2022-04-26,15.470000267028809,15.600000381469727,15.25,15.270000457763672,13.697763442993164,6586000,HPE,yfinance,2026-02-10T05:09:22.739344+00:00
2022-04-27,15.260000228881836,15.479999542236328,15.050000190734863,15.380000114440918,13.79643726348877,10787200,HPE,yfinance,2026-02-10T05:09:22.739344+00:00
2022-04-28,15.65999984741211,15.819999694824219,15.529999732971191,15.699999809265137,14.083487510681152,10054600,HPE,yfinance,2026-02-10T05:09:22.739344+00:00
2022-04-29,15.649999618530273,15.9350004196167,15.390000343322754,15.40999984741211,13.823348045349121,10581000,HPE,yfinance,2026-02-10T05:09:22.739344+00:00
2022-05-02,15.404999732971191,15.5600004196167,14.989999771118164,15.380000114440918,13.79643726348877,7912100,HPE,yfinance,2026-02-10T05:09:22.739344+00:00
2022-05-03,15.420000076293945,15.675000190734863,15.354999542236328,15.489999771118164,13.895111083984375,7605300,HPE,yfinance,2026-02-10T05:09:22.739344+00:00
2022-05-04,15.5600004196167,16.110000610351562,15.510000228881836,16.09000015258789,14.433332443237305,9560000,HPE,yfinance,2026-02-10T05:09:22.739344+00:00
2022-05-05,15.9399995803833,16.135000228881836,15.755000114440918,15.949999809265137,14.307746887207031,16828700,HPE,yfinance,2026-02-10T05:09:22.739344+00:00
2022-05-06,15.90999984741211,15.949999809265137,15.569999694824219,15.6899995803833,14.074517250061035,11665700,HPE,yfinance,2026-02-10T05:09:22.739344+00:00
2022-05-09,15.479999542236328,15.989999771118164,15.460000038146973,15.84000015258789,14.209073066711426,17107000,HPE,yfinance,2026-02-10T05:09:22.739344+00:00
2022-05-10,16.0,16.440000534057617,15.880000114440918,16.219999313354492,14.549947738647461,20076800,HPE,yfinance,2026-02-10T05:09:22.739344+00:00
2022-05-11,16.209999084472656,16.43000030517578,15.5600004196167,15.579999923706055,13.975844383239746,8743800,HPE,yfinance,2026-02-10T05:09:22.739344+00:00
2022-05-12,15.569999694824219,15.675000190734863,15.284000396728516,15.619999885559082,14.011723518371582,13933100,HPE,yfinance,2026-02-10T05:09:22.739344+00:00
2022-05-13,15.760000228881836,16.030000686645508,15.65999984741211,15.949999809265137,14.307746887207031,7308400,HPE,yfinance,2026-02-10T05:09:22.739344+00:00
2022-05-16,15.850000381469727,16.075000762939453,15.75,15.970000267028809,14.325687408447266,6482600,HPE,yfinance,2026-02-10T05:09:22.739344+00:00
2022-05-17,16.25,16.799999237060547,16.200000762939453,16.75,15.02537727355957,10950300,HPE,yfinance,2026-02-10T05:09:22.739344+00:00
2022-05-18,16.549999237060547,16.6299991607666,15.649999618530273,15.760000228881836,14.137310981750488,13338700,HPE,yfinance,2026-02-10T05:09:22.739344+00:00
2022-05-19,15.369999885559082,15.385000228881836,14.569999694824219,15.039999961853027,13.491442680358887,21103000,HPE,yfinance,2026-02-10T05:09:22.739344+00:00
2022-05-20,14.800000190734863,14.800000190734863,13.534000396728516,14.15999984741211,12.70205020904541,24256000,HPE,yfinance,2026-02-10T05:09:22.739344+00:00
2022-05-23,14.199999809265137,14.569999694824219,14.15999984741211,14.510000228881836,13.016012191772461,11306900,HPE,yfinance,2026-02-10T05:09:22.739344+00:00
2022-05-24,14.359999656677246,14.619999885559082,14.010000228881836,14.5600004196167,13.060867309570312,13173400,HPE,yfinance,2026-02-10T05:09:22.739344+00:00
2022-05-25,14.390000343322754,15.039999961853027,14.390000343322754,14.90999984741211,13.374829292297363,10757000,HPE,yfinance,2026-02-10T05:09:22.739344+00:00
2022-05-26,14.960000038146973,15.170000076293945,14.880000114440918,15.09000015258789,13.536296844482422,12225600,HPE,yfinance,2026-02-10T05:09:22.739344+00:00
2022-05-27,15.609999656677246,15.979999542236328,15.545000076293945,15.789999961853027,14.164222717285156,11996300,HPE,yfinance,2026-02-10T05:09:22.739344+00:00
2022-05-31,15.670000076293945,15.84000015258789,15.385000228881836,15.600000381469727,13.993783950805664,19470600,HPE,yfinance,2026-02-10T05:09:22.739344+00:00
2022-06-01,15.8100004196167,16.030000686645508,15.585000038146973,15.779999732971191,14.155250549316406,12804600,HPE,yfinance,2026-02-10T05:09:22.739344+00:00
2022-06-02,14.829999923706055,15.015000343322754,14.229999542236328,14.960000038146973,13.41968059539795,23221200,HPE,yfinance,2026-02-10T05:09:22.739344+00:00
2022-06-03,14.789999961853027,15.180000305175781,14.755000114440918,15.079999923706055,13.527324676513672,9442500,HPE,yfinance,2026-02-10T05:09:22.739344+00:00
2022-06-06,15.25,15.425000190734863,15.09000015258789,15.220000267028809,13.652911186218262,9342400,HPE,yfinance,2026-02-10T05:09:22.739344+00:00
2022-06-07,15.069999694824219,15.390000343322754,14.859999656677246,15.34000015258789,13.760555267333984,9358700,HPE,yfinance,2026-02-10T05:09:22.739344+00:00
2022-06-08,15.289999961853027,15.289999961853027,14.970000267028809,14.970000267028809,13.4286527633667,6808000,HPE,yfinance,2026-02-10T05:09:22.739344+00:00
2022-06-09,14.90999984741211,15.050000190734863,14.649999618530273,14.680000305175781,13.168511390686035,6899000,HPE,yfinance,2026-02-10T05:09:22.739344+00:00
2022-06-10,14.380000114440918,14.5,14.154999732971191,14.229999542236328,12.870048522949219,8798800,HPE,yfinance,2026-02-10T05:09:22.739344+00:00
2022-06-13,13.880000114440918,14.015000343322754,13.640000343322754,13.699999809265137,12.390700340270996,12877100,HPE,yfinance,2026-02-10T05:09:22.739344+00:00
2022-06-14,13.65999984741211,13.850000381469727,13.555000305175781,13.670000076293945,12.363567352294922,10104800,HPE,yfinance,2026-02-10T05:09:22.739344+00:00
2022-06-15,13.760000228881836,14.260000228881836,13.704999923706055,14.069999694824219,12.725337982177734,13743300,HPE,yfinance,2026-02-10T05:09:22.739344+00:00
2022-06-16,13.729999542236328,13.760000228881836,13.234999656677246,13.350000381469727,12.07414722442627,11242200,HPE,yfinance,2026-02-10T05:09:22.739344+00:00
2022-06-17,13.430000305175781,13.59000015258789,13.175000190734863,13.420000076293945,12.137459754943848,18452900,HPE,yfinance,2026-02-10T05:09:22.739344+00:00
2022-06-21,13.859999656677246,14.020000457763672,13.729999542236328,13.899999618530273,12.571584701538086,10029000,HPE,yfinance,2026-02-10T05:09:22.739344+00:00
2022-06-22,13.65999984741211,13.864999771118164,13.625,13.729999542236328,12.417832374572754,8189600,HPE,yfinance,2026-02-10T05:09:22.739344+00:00
2022-06-23,13.75,13.859999656677246,13.414999961853027,13.619999885559082,12.318343162536621,8189100,HPE,yfinance,2026-02-10T05:09:22.739344+00:00
2022-06-24,13.739999771118164,14.140000343322754,13.649999618530273,14.0600004196167,12.716296195983887,12053500,HPE,yfinance,2026-02-10T05:09:22.739344+00:00
2022-06-27,14.15999984741211,14.244999885559082,14.020000457763672,14.130000114440918,12.7796049118042,6200800,HPE,yfinance,2026-02-10T05:09:22.739344+00:00
2022-06-28,14.199999809265137,14.28499984741211,13.73900032043457,13.75,12.435922622680664,9494300,HPE,yfinance,2026-02-10T05:09:22.739344+00:00
2022-06-29,13.819999694824219,13.819999694824219,13.3100004196167,13.359999656677246,12.083192825317383,8272800,HPE,yfinance,2026-02-10T05:09:22.739344+00:00
2022-06-30,13.140000343322754,13.350000381469727,13.0600004196167,13.260000228881836,11.992749214172363,13551500,HPE,yfinance,2026-02-10T05:09:22.739344+00:00
2022-07-01,13.220000267028809,13.300000190734863,12.729999542236328,12.960000038146973,11.72142219543457,12884700,HPE,yfinance,2026-02-10T05:09:22.739344+00:00
2022-07-05,12.699999809265137,12.84000015258789,12.399999618530273,12.829999923706055,11.60384464263916,13734700,HPE,yfinance,2026-02-10T05:09:22.739344+00:00
2022-07-06,12.779999732971191,12.885000228881836,12.5600004196167,12.770000457763672,11.549580574035645,10532500,HPE,yfinance,2026-02-10T05:09:22.739344+00:00
2022-07-07,13.039999961853027,13.180000305175781,12.949999809265137,13.039999961853027,11.793774604797363,11056600,HPE,yfinance,2026-02-10T05:09:22.739344+00:00
2022-07-08,13.100000381469727,13.300000190734863,12.960000038146973,13.1899995803833,11.929437637329102,8138400,HPE,yfinance,2026-02-10T05:09:22.739344+00:00
2022-07-11,13.010000228881836,13.194999694824219,13.0,13.0600004196167,11.81186294555664,7588900,HPE,yfinance,2026-02-10T05:09:22.739344+00:00
2022-07-12,13.140000343322754,13.399999618530273,13.020000457763672,13.119999885559082,11.866128921508789,10452200,HPE,yfinance,2026-02-10T05:09:22.739344+00:00
2022-07-13,12.90999984741211,13.074999809265137,12.835000038146973,13.0,11.757597923278809,7631100,HPE,yfinance,2026-02-10T05:09:22.739344+00:00
2022-07-14,12.75,13.0600004196167,12.668999671936035,13.010000228881836,11.766641616821289,8154800,HPE,yfinance,2026-02-10T05:09:22.739344+00:00
2022-07-15,13.170000076293945,13.279999732971191,12.96500015258789,13.270000457763672,12.001794815063477,7955800,HPE,yfinance,2026-02-10T05:09:22.739344+00:00
2022-07-18,13.380000114440918,13.475000381469727,13.130000114440918,13.15999984741211,11.902308464050293,6544700,HPE,yfinance,2026-02-10T05:09:22.739344+00:00
2022-07-19,13.34000015258789,13.789999961853027,13.3149995803833,13.779999732971191,12.463053703308105,7146200,HPE,yfinance,2026-02-10T05:09:22.739344+00:00
2022-07-20,13.75,14.055000305175781,13.6850004196167,13.90999984741211,12.580629348754883,8719100,HPE,yfinance,2026-02-10T05:09:22.739344+00:00
2022-07-21,13.819999694824219,14.069999694824219,13.729999542236328,14.0600004196167,12.716296195983887,8386300,HPE,yfinance,2026-02-10T05:09:22.739344+00:00
2022-07-22,13.979999542236328,14.069999694824219,13.6850004196167,13.770000457763672,12.454010009765625,8985400,HPE,yfinance,2026-02-10T05:09:22.739344+00:00
2022-07-25,13.890000343322754,13.925000190734863,13.720999717712402,13.880000114440918,12.553496360778809,9531900,HPE,yfinance,2026-02-10T05:09:22.739344+00:00
2022-07-26,13.869999885559082,14.0600004196167,13.739999771118164,13.779999732971191,12.463053703308105,6587300,HPE,yfinance,2026-02-10T05:09:22.739344+00:00
2022-07-27,13.829999923706055,14.055000305175781,13.720000267028809,13.989999771118164,12.652981758117676,8790700,HPE,yfinance,2026-02-10T05:09:22.739344+00:00
2022-07-28,13.970000267028809,14.15999984741211,13.875,14.079999923706055,12.734382629394531,6780700,HPE,yfinance,2026-02-10T05:09:22.739344+00:00
2022-07-29,14.100000381469727,14.329999923706055,13.989999771118164,14.239999771118164,12.879093170166016,9064700,HPE,yfinance,2026-02-10T05:09:22.739344+00:00
2022-08-01,14.109999656677246,14.4399995803833,14.100000381469727,14.420000076293945,13.041889190673828,7503600,HPE,yfinance,2026-02-10T05:09:22.739344+00:00
2022-08-02,14.3100004196167,14.375,14.100000381469727,14.170000076293945,12.81578254699707,6823900,HPE,yfinance,2026-02-10T05:09:22.739344+00:00
2022-08-03,14.239999771118164,14.390000343322754,14.09000015258789,14.270000457763672,12.906227111816406,7380000,HPE,yfinance,2026-02-10T05:09:22.739344+00:00
2022-08-04,14.229999542236328,14.3149995803833,14.154999732971191,14.289999961853027,12.92431354522705,7153700,HPE,yfinance,2026-02-10T05:09:22.739344+00:00
2022-08-05,14.119999885559082,14.4399995803833,14.0600004196167,14.359999656677246,12.987622261047363,9264600,HPE,yfinance,2026-02-10T05:09:22.739344+00:00
2022-08-08,14.520000457763672,14.640000343322754,14.319999694824219,14.399999618530273,13.023799896240234,6772700,HPE,yfinance,2026-02-10T05:09:22.739344+00:00
2022-08-09,14.350000381469727,14.390000343322754,13.949999809265137,14.09000015258789,12.743427276611328,10262900,HPE,yfinance,2026-02-10T05:09:22.739344+00:00
2022-08-10,14.289999961853027,14.579999923706055,14.239999771118164,14.510000228881836,13.123289108276367,9706000,HPE,yfinance,2026-02-10T05:09:22.739344+00:00
2022-08-11,14.640000343322754,14.84000015258789,14.600000381469727,14.670000076293945,13.267995834350586,8397900,HPE,yfinance,2026-02-10T05:09:22.739344+00:00
2022-08-12,14.75,14.850000381469727,14.720000267028809,14.800000190734863,13.38557243347168,11828800,HPE,yfinance,2026-02-10T05:09:22.739344+00:00
2022-08-15,14.680000305175781,14.90999984741211,14.625,14.859999656677246,13.439839363098145,7899100,HPE,yfinance,2026-02-10T05:09:22.739344+00:00
2022-08-16,14.84000015258789,15.0649995803833,14.833000183105469,14.949999809265137,13.52123737335205,8315600,HPE,yfinance,2026-02-10T05:09:22.739344+00:00
2022-08-17,14.899999618530273,15.0600004196167,14.770000457763672,14.930000305175781,13.50314998626709,11520600,HPE,yfinance,2026-02-10T05:09:22.739344+00:00
2022-08-18,15.020000457763672,15.199999809265137,14.994999885559082,15.170000076293945,13.720213890075684,10958200,HPE,yfinance,2026-02-10T05:09:22.739344+00:00
2022-08-19,15.029999732971191,15.09000015258789,14.805000305175781,14.859999656677246,13.439839363098145,11403200,HPE,yfinance,2026-02-10T05:09:22.739344+00:00
2022-08-22,14.6899995803833,14.6899995803833,14.380000114440918,14.40999984741211,13.032845497131348,10733700,HPE,yfinance,2026-02-10T05:09:22.739344+00:00
2022-08-23,14.470000267028809,14.630000114440918,14.399999618530273,14.40999984741211,13.032845497131348,11379300,HPE,yfinance,2026-02-10T05:09:22.739344+00:00
2022-08-24,14.399999618530273,14.479999542236328,14.239999771118164,14.359999656677246,12.987622261047363,13000500,HPE,yfinance,2026-02-10T05:09:22.739344+00:00
2022-08-25,14.5,14.845000267028809,14.5,14.829999923706055,13.412705421447754,9603100,HPE,yfinance,2026-02-10T05:09:22.739344+00:00
2022-08-26,14.630000114440918,14.649999618530273,13.739999771118164,13.760000228881836,12.444965362548828,16798200,HPE,yfinance,2026-02-10T05:09:22.739344+00:00
2022-08-29,13.619999885559082,13.960000038146973,13.545000076293945,13.720000267028809,12.408787727355957,13678800,HPE,yfinance,2026-02-10T05:09:22.739344+00:00
2022-08-30,13.760000228881836,13.84000015258789,13.5649995803833,13.649999618530273,12.345477104187012,12077000,HPE,yfinance,2026-02-10T05:09:22.739344+00:00
2022-08-31,13.710000038146973,13.805000305175781,13.529999732971191,13.600000381469727,12.300257682800293,25985300,HPE,yfinance,2026-02-10T05:09:22.739344+00:00
2022-09-01,13.5,13.53499984741211,13.130000114440918,13.369999885559082,12.09223747253418,16665000,HPE,yfinance,2026-02-10T05:09:22.739344+00:00
2022-09-02,13.579999923706055,13.619999885559082,13.180000305175781,13.239999771118164,11.974660873413086,16069500,HPE,yfinance,2026-02-10T05:09:22.739344+00:00
2022-09-06,13.270000457763672,13.348999977111816,13.050000190734863,13.149999618530273,11.89326286315918,14080800,HPE,yfinance,2026-02-10T05:09:22.739344+00:00
2022-09-07,13.109999656677246,13.329999923706055,13.020000457763672,13.289999961853027,12.019883155822754,9868000,HPE,yfinance,2026-02-10T05:09:22.739344+00:00
2022-09-08,13.180000305175781,13.359999656677246,13.079999923706055,13.359999656677246,12.083192825317383,17411800,HPE,yfinance,2026-02-10T05:09:22.739344+00:00
2022-09-09,13.319999694824219,13.489999771118164,13.289999961853027,13.430000305175781,12.25659465789795,12016700,HPE,yfinance,2026-02-10T05:09:22.739344+00:00
2022-09-12,13.569999694824219,13.819999694824219,13.539999961853027,13.760000228881836,12.557760238647461,12058800,HPE,yfinance,2026-02-10T05:09:22.739344+00:00
2022-09-13,13.460000038146973,13.550000190734863,13.085000038146973,13.180000305175781,12.028437614440918,12455800,HPE,yfinance,2026-02-10T05:09:22.739344+00:00
2022-09-14,13.220000267028809,13.260000228881836,12.930000305175781,13.029999732971191,11.891541481018066,12622900,HPE,yfinance,2026-02-10T05:09:22.739344+00:00
2022-09-15,13.029999732971191,13.289999961853027,12.960000038146973,13.069999694824219,11.928047180175781,12627200,HPE,yfinance,2026-02-10T05:09:22.739344+00:00
2022-09-16,12.90999984741211,13.119999885559082,12.805000305175781,13.0600004196167,11.918919563293457,16887100,HPE,yfinance,2026-02-10T05:09:22.739344+00:00
2022-09-19,12.890000343322754,13.109999656677246,12.819999694824219,12.979999542236328,11.845908164978027,7887400,HPE,yfinance,2026-02-10T05:09:22.739344+00:00
2022-09-20,12.850000381469727,12.859999656677246,12.670000076293945,12.760000228881836,11.645132064819336,7748300,HPE,yfinance,2026-02-10T05:09:22.739344+00:00
2022-09-21,12.859999656677246,12.979999542236328,12.579999923706055,12.600000381469727,11.499113082885742,8679600,HPE,yfinance,2026-02-10T05:09:22.739344+00:00
2022-09-22,12.600000381469727,12.619999885559082,12.34000015258789,12.399999618530273,11.316585540771484,12333300,HPE,yfinance,2026-02-10T05:09:22.739344+00:00
2022-09-23,12.229999542236328,12.270000457763672,11.899999618530273,12.15999984741211,11.097555160522461,13636000,HPE,yfinance,2026-02-10T05:09:22.739344+00:00
2022-09-26,12.079999923706055,12.239999771118164,11.925000190734863,12.010000228881836,10.960661888122559,14779600,HPE,yfinance,2026-02-10T05:09:22.739344+00:00
2022-09-27,12.170000076293945,12.229999542236328,11.930000305175781,12.039999961853027,10.988039016723633,14029300,HPE,yfinance,2026-02-10T05:09:22.739344+00:00
2022-09-28,12.010000228881836,12.329999923706055,11.994000434875488,12.279999732971191,11.207070350646973,14349100,HPE,yfinance,2026-02-10T05:09:22.739344+00:00
2022-09-29,12.180000305175781,12.180000305175781,11.970000267028809,12.119999885559082,11.061050415039062,17697700,HPE,yfinance,2026-02-10T05:09:22.739344+00:00
2022-09-30,12.119999885559082,12.319999694824219,11.970000267028809,11.979999542236328,10.933281898498535,13870500,HPE,yfinance,2026-02-10T05:09:22.739344+00:00
2022-10-03,12.170000076293945,12.470000267028809,12.020000457763672,12.369999885559082,11.289206504821777,14231900,HPE,yfinance,2026-02-10T05:09:22.739344+00:00
2022-10-04,12.579999923706055,12.850000381469727,12.5600004196167,12.850000381469727,11.727269172668457,11791300,HPE,yfinance,2026-02-10T05:09:22.739344+00:00
2022-10-05,12.65999984741211,13.015000343322754,12.579999923706055,12.949999809265137,11.818531036376953,11658700,HPE,yfinance,2026-02-10T05:09:22.739344+00:00
2022-10-06,12.869999885559082,12.989999771118164,12.819999694824219,12.90999984741211,11.782025337219238,12361200,HPE,yfinance,2026-02-10T05:09:22.739344+00:00
2022-10-07,12.65999984741211,12.729999542236328,12.380000114440918,12.460000038146973,11.371342658996582,12885200,HPE,yfinance,2026-02-10T05:09:22.739344+00:00
2022-10-10,12.550000190734863,12.569999694824219,12.140000343322754,12.300000190734863,11.225324630737305,11474300,HPE,yfinance,2026-02-10T05:09:22.739344+00:00
2022-10-11,12.229999542236328,12.399999618530273,12.104999542236328,12.210000038146973,11.14318561553955,18397200,HPE,yfinance,2026-02-10T05:09:22.739344+00:00
2022-10-12,12.239999771118164,12.520000457763672,12.140000343322754,12.350000381469727,11.270953178405762,14517800,HPE,yfinance,2026-02-10T05:09:22.739344+00:00
2022-10-13,12.180000305175781,12.930000305175781,12.0649995803833,12.829999923706055,11.709015846252441,18163200,HPE,yfinance,2026-02-10T05:09:22.739344+00:00
2022-10-14,12.930000305175781,12.930000305175781,12.574999809265137,12.59000015258789,11.489986419677734,16266300,HPE,yfinance,2026-02-10T05:09:22.739344+00:00
2022-10-17,12.899999618530273,13.010000228881836,12.630000114440918,12.779999732971191,11.663385391235352,19641200,HPE,yfinance,2026-02-10T05:09:22.739344+00:00
2022-10-18,12.9399995803833,13.069999694824219,12.704999923706055,12.869999885559082,11.745521545410156,14721800,HPE,yfinance,2026-02-10T05:09:22.739344+00:00
2022-10-19,12.850000381469727,13.039999961853027,12.710000038146973,12.819999694824219,11.699889183044434,12362700,HPE,yfinance,2026-02-10T05:09:22.739344+00:00
2022-10-20,12.770000457763672,13.199999809265137,12.739999771118164,12.8100004196167,11.690764427185059,17132400,HPE,yfinance,2026-02-10T05:09:22.739344+00:00
2022-10-21,12.859999656677246,13.48799991607666,12.8100004196167,13.470000267028809,12.293098449707031,20455900,HPE,yfinance,2026-02-10T05:09:22.739344+00:00
2022-10-24,13.529999732971191,13.710000038146973,13.40999984741211,13.65999984741211,12.466497421264648,17275100,HPE,yfinance,2026-02-10T05:09:22.739344+00:00
2022-10-25,13.600000381469727,13.930000305175781,13.520000457763672,13.850000381469727,12.639897346496582,16719900,HPE,yfinance,2026-02-10T05:09:22.739344+00:00
2022-10-26,13.779999732971191,14.15999984741211,13.755000114440918,13.979999542236328,12.758538246154785,14151600,HPE,yfinance,2026-02-10T05:09:22.739344+00:00
2022-10-27,14.069999694824219,14.25,14.029999732971191,14.069999694824219,12.840673446655273,15153000,HPE,yfinance,2026-02-10T05:09:22.739344+00:00
2022-10-28,14.15999984741211,14.470000267028809,14.15999984741211,14.390000343322754,13.132715225219727,12289200,HPE,yfinance,2026-02-10T05:09:22.739344+00:00
2022-10-31,14.289999961853027,14.390000343322754,14.1899995803833,14.270000457763672,13.023201942443848,13517000,HPE,yfinance,2026-02-10T05:09:22.739344+00:00
2022-11-01,14.399999618530273,14.449999809265137,14.239999771118164,14.359999656677246,13.105335235595703,15357800,HPE,yfinance,2026-02-10T05:09:22.739344+00:00
2022-11-02,14.289999961853027,14.449999809265137,14.0,14.0,12.776789665222168,14840900,HPE,yfinance,2026-02-10T05:09:22.739344+00:00
2022-11-03,13.800000190734863,13.880000114440918,13.569999694824219,13.800000190734863,12.59426498413086,11064100,HPE,yfinance,2026-02-10T05:09:22.739344+00:00
2022-11-04,14.100000381469727,14.3100004196167,13.9350004196167,14.25,13.004945755004883,12930100,HPE,yfinance,2026-02-10T05:09:22.739344+00:00
2022-11-07,14.25,14.489999771118164,14.180000305175781,14.430000305175781,13.169219970703125,11777000,HPE,yfinance,2026-02-10T05:09:22.739344+00:00
2022-11-08,14.5600004196167,14.654999732971191,14.305000305175781,14.420000076293945,13.160094261169434,11080900,HPE,yfinance,2026-02-10T05:09:22.739344+00:00
2022-11-09,14.279999732971191,14.399999618530273,14.130000114440918,14.149999618530273,12.913684844970703,11909200,HPE,yfinance,2026-02-10T05:09:22.739344+00:00
2022-11-10,14.6899995803833,14.880000114440918,14.53499984741211,14.869999885559082,13.57077693939209,13869900,HPE,yfinance,2026-02-10T05:09:22.739344+00:00
2022-11-11,14.970000267028809,15.34000015258789,14.899999618530273,15.289999961853027,13.954080581665039,13755900,HPE,yfinance,2026-02-10T05:09:22.739344+00:00
2022-11-14,15.1899995803833,15.600000381469727,15.130000114440918,15.319999694824219,13.981459617614746,11924900,HPE,yfinance,2026-02-10T05:09:22.739344+00:00
2022-11-15,15.529999732971191,15.640000343322754,15.329999923706055,15.510000228881836,14.154858589172363,14101200,HPE,yfinance,2026-02-10T05:09:22.739344+00:00
2022-11-16,15.420000076293945,15.510000228881836,15.119999885559082,15.229999542236328,13.899322509765625,15051100,HPE,yfinance,2026-02-10T05:09:22.739344+00:00
2022-11-17,15.010000228881836,15.550000190734863,14.9399995803833,15.539999961853027,14.182239532470703,14944800,HPE,yfinance,2026-02-10T05:09:22.739344+00:00
2022-11-18,15.640000343322754,15.800000190734863,15.5,15.770000457763672,14.392143249511719,14069000,HPE,yfinance,2026-02-10T05:09:22.739344+00:00
2022-11-21,15.59000015258789,15.619999885559082,15.420000076293945,15.550000190734863,14.191363334655762,14910900,HPE,yfinance,2026-02-10T05:09:22.739344+00:00
2022-11-22,15.569999694824219,15.755999565124512,15.46500015258789,15.630000114440918,14.264373779296875,16074500,HPE,yfinance,2026-02-10T05:09:22.739344+00:00
2022-11-23,15.609999656677246,15.84000015258789,15.569999694824219,15.800000190734863,14.419520378112793,11307200,HPE,yfinance,2026-02-10T05:09:22.739344+00:00
2022-11-25,15.800000190734863,15.989999771118164,15.729999542236328,15.829999923706055,14.446900367736816,5567600,HPE,yfinance,2026-02-10T05:09:22.739344+00:00
2022-11-28,15.699999809265137,15.760000228881836,15.494999885559082,15.550000190734863,14.191363334655762,13433100,HPE,yfinance,2026-02-10T05:09:22.739344+00:00
2022-11-29,15.619999885559082,15.699999809265137,15.449999809265137,15.460000038146973,14.109227180480957,14778700,HPE,yfinance,2026-02-10T05:09:22.739344+00:00
2022-11-30,15.760000228881836,16.860000610351562,15.550000190734863,16.780000686645508,15.313897132873535,35362300,HPE,yfinance,2026-02-10T05:09:22.739344+00:00
2022-12-01,16.389999389648438,16.93000030517578,16.239999771118164,16.81999969482422,15.3503999710083,17179300,HPE,yfinance,2026-02-10T05:09:22.739344+00:00
2022-12-02,16.6200008392334,16.834999084472656,16.530000686645508,16.690000534057617,15.231762886047363,13167100,HPE,yfinance,2026-02-10T05:09:22.739344+00:00
2022-12-05,16.59000015258789,16.649999618530273,16.1200008392334,16.209999084472656,14.793697357177734,12746500,HPE,yfinance,2026-02-10T05:09:22.739344+00:00
2022-12-06,16.229999542236328,16.31999969482422,16.1200008392334,16.270000457763672,14.848454475402832,14153400,HPE,yfinance,2026-02-10T05:09:22.739344+00:00
2022-12-07,16.1299991607666,16.1299991607666,15.885000228881836,16.059999465942383,14.656804084777832,14176600,HPE,yfinance,2026-02-10T05:09:22.739344+00:00
2022-12-08,16.190000534057617,16.354999542236328,16.15999984741211,16.290000915527344,14.86670970916748,9297600,HPE,yfinance,2026-02-10T05:09:22.739344+00:00
2022-12-09,16.299999237060547,16.389999389648438,16.139999389648438,16.149999618530273,14.73893928527832,10018200,HPE,yfinance,2026-02-10T05:09:22.739344+00:00
2022-12-12,16.020000457763672,16.399999618530273,16.0,16.360000610351562,14.930590629577637,11246500,HPE,yfinance,2026-02-10T05:09:22.739344+00:00
2022-12-13,16.34000015258789,16.4950008392334,16.079999923706055,16.25,14.939786911010742,18007900,HPE,yfinance,2026-02-10T05:09:22.739344+00:00
2022-12-14,16.100000381469727,16.420000076293945,16.030000686645508,16.200000762939453,14.893819808959961,14978300,HPE,yfinance,2026-02-10T05:09:22.739344+00:00
2022-12-15,15.960000038146973,16.030000686645508,15.654999732971191,15.760000228881836,14.489293098449707,16562900,HPE,yfinance,2026-02-10T05:09:22.739344+00:00
2022-12-16,15.545000076293945,15.739999771118164,15.4350004196167,15.640000343322754,14.378971099853516,31670500,HPE,yfinance,2026-02-10T05:09:22.739344+00:00
2022-12-19,15.699999809265137,15.770000457763672,15.375,15.479999542236328,14.2318696975708,9138500,HPE,yfinance,2026-02-10T05:09:22.739344+00:00
2022-12-20,15.510000228881836,15.680000305175781,15.470000267028809,15.65999984741211,14.397356033325195,13188200,HPE,yfinance,2026-02-10T05:09:22.739344+00:00
2022-12-21,15.770000457763672,15.954999923706055,15.739999771118164,15.779999732971191,14.50767993927002,14255200,HPE,yfinance,2026-02-10T05:09:22.739344+00:00
2022-12-22,15.649999618530273,15.720000267028809,15.4399995803833,15.710000038146973,14.443325996398926,13616800,HPE,yfinance,2026-02-10T05:09:22.739344+00:00
2022-12-23,15.720000267028809,15.774999618530273,15.489999771118164,15.75,14.480100631713867,8328800,HPE,yfinance,2026-02-10T05:09:22.739344+00:00
2022-12-27,15.8100004196167,15.9350004196167,15.744999885559082,15.880000114440918,14.599618911743164,6066800,HPE,yfinance,2026-02-10T05:09:22.739344+00:00
2022-12-28,15.899999618530273,15.9399995803833,15.5600004196167,15.569999694824219,14.31461238861084,6480100,HPE,yfinance,2026-02-10T05:09:22.739344+00:00
2022-12-29,15.670000076293945,16.030000686645508,15.670000076293945,15.920000076293945,14.636392593383789,8469100,HPE,yfinance,2026-02-10T05:09:22.739344+00:00
2022-12-30,15.819999694824219,15.960000038146973,15.760000228881836,15.960000038146973,14.673168182373047,9396400,HPE,yfinance,2026-02-10T05:09:22.739344+00:00
2023-01-03,16.09000015258789,16.139999389648438,15.829999923706055,16.059999465942383,14.765105247497559,18233900,HPE,yfinance,2026-02-10T05:09:22.739344+00:00
2023-01-04,16.149999618530273,16.524999618530273,16.1200008392334,16.420000076293945,15.096077919006348,15865500,HPE,yfinance,2026-02-10T05:09:22.739344+00:00
2023-01-05,16.290000915527344,16.4950008392334,16.184999465942383,16.450000762939453,15.123661994934082,13099500,HPE,yfinance,2026-02-10T05:09:22.739344+00:00
2023-01-06,16.68000030517578,17.209999084472656,16.670000076293945,17.110000610351562,15.73044490814209,15242500,HPE,yfinance,2026-02-10T05:09:22.739344+00:00
2023-01-09,17.100000381469727,17.25,16.889999389648438,16.959999084472656,15.592540740966797,19294700,HPE,yfinance,2026-02-10T05:09:22.739344+00:00
2023-01-10,16.799999237060547,17.139999389648438,16.684999465942383,17.059999465942383,15.684476852416992,16777600,HPE,yfinance,2026-02-10T05:09:22.739344+00:00
2023-01-11,16.989999771118164,17.049999237060547,16.780000686645508,16.90999984741211,15.5465726852417,16002800,HPE,yfinance,2026-02-10T05:09:22.739344+00:00
2023-01-12,16.610000610351562,16.719999313354492,16.309999465942383,16.31999969482422,15.004141807556152,22445800,HPE,yfinance,2026-02-10T05:09:22.739344+00:00
2023-01-13,16.170000076293945,16.46500015258789,16.1200008392334,16.450000762939453,15.123661994934082,12392100,HPE,yfinance,2026-02-10T05:09:22.739344+00:00
2023-01-17,16.399999618530273,16.450000762939453,16.045000076293945,16.25,14.939786911010742,14189500,HPE,yfinance,2026-02-10T05:09:22.739344+00:00
2023-01-18,16.25,16.350000381469727,16.06999969482422,16.079999923706055,14.783492088317871,13629400,HPE,yfinance,2026-02-10T05:09:22.739344+00:00
2023-01-19,15.9399995803833,15.970000267028809,15.739999771118164,15.8100004196167,14.535264015197754,12533300,HPE,yfinance,2026-02-10T05:09:22.739344+00:00
2023-01-20,15.84000015258789,15.960000038146973,15.640000343322754,15.949999809265137,14.663973808288574,12713700,HPE,yfinance,2026-02-10T05:09:22.739344+00:00
2023-01-23,16.030000686645508,16.290000915527344,15.991999626159668,16.170000076293945,14.866235733032227,10009600,HPE,yfinance,2026-02-10T05:09:22.739344+00:00
2023-01-24,16.030000686645508,16.264999389648438,15.930000305175781,16.170000076293945,14.866235733032227,9550900,HPE,yfinance,2026-02-10T05:09:22.739344+00:00
2023-01-25,16.030000686645508,16.170000076293945,15.774999618530273,16.1299991607666,14.829460144042969,10570700,HPE,yfinance,2026-02-10T05:09:22.739344+00:00
2023-01-26,16.25,16.290000915527344,15.989999771118164,16.219999313354492,14.91220474243164,11148700,HPE,yfinance,2026-02-10T05:09:22.739344+00:00
2023-01-27,16.18000030517578,16.290000915527344,16.100000381469727,16.139999389648438,14.838655471801758,9423100,HPE,yfinance,2026-02-10T05:09:22.739344+00:00
2023-01-30,15.989999771118164,16.18000030517578,15.9350004196167,16.010000228881836,14.719136238098145,10476500,HPE,yfinance,2026-02-10T05:09:22.739344+00:00
2023-01-31,16.010000228881836,16.149999618530273,15.899999618530273,16.1299991607666,14.829460144042969,24130400,HPE,yfinance,2026-02-10T05:09:22.739344+00:00
2023-02-01,16.1200008392334,16.18000030517578,15.90999984741211,16.110000610351562,14.811075210571289,18695100,HPE,yfinance,2026-02-10T05:09:22.739344+00:00
2023-02-02,16.200000762939453,16.517000198364258,16.18000030517578,16.40999984741211,15.086883544921875,13329200,HPE,yfinance,2026-02-10T05:09:22.739344+00:00
2023-02-03,16.25,16.540000915527344,16.239999771118164,16.329999923706055,15.013337135314941,9682000,HPE,yfinance,2026-02-10T05:09:22.739344+00:00
2023-02-06,16.270000457763672,16.280000686645508,16.03499984741211,16.110000610351562,14.811075210571289,24139200,HPE,yfinance,2026-02-10T05:09:22.739344+00:00
2023-02-07,16.1200008392334,16.299999237060547,15.989999771118164,16.229999542236328,14.921398162841797,17657500,HPE,yfinance,2026-02-10T05:09:22.739344+00:00
2023-02-08,16.09000015258789,16.100000381469727,15.894000053405762,16.010000228881836,14.719136238098145,18148900,HPE,yfinance,2026-02-10T05:09:22.739344+00:00
2023-02-09,16.200000762939453,16.295000076293945,16.149999618530273,16.239999771118164,14.930590629577637,18403500,HPE,yfinance,2026-02-10T05:09:22.739344+00:00
2023-02-10,16.25,16.485000610351562,16.18000030517578,16.440000534057617,15.114466667175293,14023300,HPE,yfinance,2026-02-10T05:09:22.739344+00:00
2023-02-13,16.40999984741211,16.700000762939453,16.389999389648438,16.65999984741211,15.316726684570312,9301900,HPE,yfinance,2026-02-10T05:09:22.739344+00:00
2023-02-14,16.65999984741211,16.729999542236328,16.479999542236328,16.540000915527344,15.206405639648438,8792600,HPE,yfinance,2026-02-10T05:09:22.739344+00:00
2023-02-15,16.440000534057617,16.600000381469727,16.389999389648438,16.56999969482422,15.23398494720459,7088300,HPE,yfinance,2026-02-10T05:09:22.739344+00:00
2023-02-16,16.459999084472656,16.586000442504883,16.280000686645508,16.459999084472656,15.132855415344238,10146600,HPE,yfinance,2026-02-10T05:09:22.739344+00:00
2023-02-17,16.399999618530273,16.450000762939453,16.295000076293945,16.360000610351562,15.040916442871094,7933100,HPE,yfinance,2026-02-10T05:09:22.739344+00:00
2023-02-21,16.280000686645508,16.280000686645508,15.979999542236328,15.979999542236328,14.691556930541992,8755900,HPE,yfinance,2026-02-10T05:09:22.739344+00:00
2023-02-22,15.975000381469727,16.040000915527344,15.649999618530273,15.75,14.480100631713867,8902700,HPE,yfinance,2026-02-10T05:09:22.739344+00:00
2023-02-23,15.869999885559082,15.899999618530273,15.53499984741211,15.739999771118164,14.470907211303711,10233800,HPE,yfinance,2026-02-10T05:09:22.739344+00:00
2023-02-24,15.520000457763672,15.670000076293945,15.454999923706055,15.600000381469727,14.342195510864258,9897100,HPE,yfinance,2026-02-10T05:09:22.739344+00:00
2023-02-27,15.75,15.84000015258789,15.585000038146973,15.640000343322754,14.378971099853516,8099900,HPE,yfinance,2026-02-10T05:09:22.739344+00:00
2023-02-28,15.619999885559082,15.739999771118164,15.574999809265137,15.609999656677246,14.351387023925781,15279800,HPE,yfinance,2026-02-10T05:09:22.739344+00:00
2023-03-01,15.65999984741211,15.739999771118164,15.460000038146973,15.539999961853027,14.287033081054688,9208000,HPE,yfinance,2026-02-10T05:09:22.739344+00:00
2023-03-02,15.4399995803833,15.529999732971191,15.300000190734863,15.5,14.250255584716797,11956800,HPE,yfinance,2026-02-10T05:09:22.739344+00:00
2023-03-03,15.880000114440918,16.049999237060547,15.220000267028809,15.279999732971191,14.047994613647461,22209000,HPE,yfinance,2026-02-10T05:09:22.739344+00:00
2023-03-06,15.289999961853027,15.420000076293945,15.09000015258789,15.149999618530273,13.928475379943848,17630200,HPE,yfinance,2026-02-10T05:09:22.739344+00:00
2023-03-07,15.149999618530273,15.319999694824219,14.979999542236328,15.010000228881836,13.799764633178711,12305400,HPE,yfinance,2026-02-10T05:09:22.739344+00:00
2023-03-08,15.100000381469727,15.168000221252441,15.020000457763672,15.100000381469727,13.882509231567383,11283700,HPE,yfinance,2026-02-10T05:09:22.739344+00:00
2023-03-09,15.140000343322754,15.140000343322754,14.664999961853027,14.710000038146973,13.523956298828125,10485600,HPE,yfinance,2026-02-10T05:09:22.739344+00:00
2023-03-10,14.6899995803833,14.704999923706055,14.260000228881836,14.329999923706055,13.174592018127441,17290600,HPE,yfinance,2026-02-10T05:09:22.739344+00:00
2023-03-13,14.119999885559082,14.225000381469727,13.914999961853027,14.010000228881836,12.88039493560791,15212400,HPE,yfinance,2026-02-10T05:09:22.739344+00:00
2023-03-14,14.1899995803833,14.300000190734863,13.979999542236328,14.140000343322754,12.999913215637207,16631000,HPE,yfinance,2026-02-10T05:09:22.739344+00:00
2023-03-15,13.859999656677246,14.029999732971191,13.75,13.90999984741211,12.788456916809082,16778500,HPE,yfinance,2026-02-10T05:09:22.739344+00:00
2023-03-16,13.699999809265137,14.324999809265137,13.65999984741211,14.3100004196167,13.270689010620117,15241000,HPE,yfinance,2026-02-10T05:09:22.739344+00:00
2023-03-17,14.229999542236328,14.319999694824219,14.079999923706055,14.100000381469727,13.075942039489746,22302400,HPE,yfinance,2026-02-10T05:09:22.739344+00:00
2023-03-20,14.199999809265137,14.479999542236328,14.180000305175781,14.4399995803833,13.391246795654297,13576800,HPE,yfinance,2026-02-10T05:09:22.739344+00:00
2023-03-21,14.640000343322754,14.770000457763672,14.614999771118164,14.75,13.67873477935791,10513800,HPE,yfinance,2026-02-10T05:09:22.739344+00:00
2023-03-22,14.789999961853027,14.850000381469727,14.40999984741211,14.430000305175781,13.381975173950195,12263100,HPE,yfinance,2026-02-10T05:09:22.739344+00:00
2023-03-23,14.489999771118164,14.569999694824219,14.180000305175781,14.270000457763672,13.233593940734863,11543300,HPE,yfinance,2026-02-10T05:09:22.739344+00:00
2023-03-24,14.180000305175781,14.229999542236328,14.045000076293945,14.229999542236328,13.196500778198242,12699700,HPE,yfinance,2026-02-10T05:09:22.739344+00:00
2023-03-27,14.399999618530273,15.0600004196167,14.380000114440918,15.010000228881836,13.919849395751953,17066400,HPE,yfinance,2026-02-10T05:09:22.739344+00:00
2023-03-28,14.970000267028809,14.989999771118164,14.829999923706055,14.949999809265137,13.864208221435547,13520500,HPE,yfinance,2026-02-10T05:09:22.739344+00:00
2023-03-29,15.130000114440918,15.619999885559082,15.130000114440918,15.520000457763672,14.392810821533203,16381400,HPE,yfinance,2026-02-10T05:09:22.739344+00:00
2023-03-30,15.640000343322754,15.739999771118164,15.550000190734863,15.720000267028809,14.578285217285156,12212500,HPE,yfinance,2026-02-10T05:09:22.739344+00:00
2023-03-31,15.800000190734863,15.960000038146973,15.770000457763672,15.930000305175781,14.773032188415527,15543500,HPE,yfinance,2026-02-10T05:09:22.739344+00:00
2023-04-03,15.899999618530273,16.389999389648438,15.869999885559082,16.329999923706055,15.143982887268066,15773200,HPE,yfinance,2026-02-10T05:09:22.739344+00:00
2023-04-04,16.350000381469727,16.399999618530273,15.960000038146973,16.110000610351562,14.939960479736328,13000300,HPE,yfinance,2026-02-10T05:09:22.739344+00:00
2023-04-05,16.010000228881836,16.100000381469727,15.75,15.90999984741211,14.754485130310059,10982900,HPE,yfinance,2026-02-10T05:09:22.739344+00:00
2023-04-06,15.899999618530273,15.949999809265137,15.800000190734863,15.859999656677246,14.708115577697754,6339000,HPE,yfinance,2026-02-10T05:09:22.739344+00:00
2023-04-10,15.760000228881836,16.059999465942383,15.75,16.059999465942383,14.893589973449707,7662700,HPE,yfinance,2026-02-10T05:09:22.739344+00:00
2023-04-11,16.06999969482422,16.15999984741211,16.049999237060547,16.049999237060547,14.884317398071289,7128100,HPE,yfinance,2026-02-10T05:09:22.739344+00:00
2023-04-12,16.15999984741211,16.15999984741211,15.859999656677246,15.979999542236328,14.819401741027832,7728000,HPE,yfinance,2026-02-10T05:09:22.739344+00:00
2023-04-13,15.920000076293945,16.09000015258789,15.800000190734863,16.030000686645508,14.865769386291504,9611000,HPE,yfinance,2026-02-10T05:09:22.739344+00:00
2023-04-14,16.030000686645508,16.229999542236328,15.789999961853027,15.90999984741211,14.754485130310059,8442900,HPE,yfinance,2026-02-10T05:09:22.739344+00:00
2023-04-17,15.920000076293945,16.030000686645508,15.760000228881836,15.850000381469727,14.698843002319336,10754100,HPE,yfinance,2026-02-10T05:09:22.739344+00:00
2023-04-18,15.930000305175781,16.020000457763672,15.704999923706055,15.779999732971191,14.633925437927246,8220300,HPE,yfinance,2026-02-10T05:09:22.739344+00:00
2023-04-19,15.40999984741211,15.59000015258789,14.850000381469727,14.960000038146973,13.873479843139648,14659200,HPE,yfinance,2026-02-10T05:09:22.739344+00:00
2023-04-20,14.699999809265137,14.800000190734863,14.414999961853027,14.539999961853027,13.483985900878906,14176000,HPE,yfinance,2026-02-10T05:09:22.739344+00:00
2023-04-21,14.550000190734863,14.550000190734863,14.175000190734863,14.460000038146973,13.409795761108398,11103800,HPE,yfinance,2026-02-10T05:09:22.739344+00:00
2023-04-24,14.40999984741211,14.4399995803833,14.25,14.34000015258789,13.298511505126953,8262400,HPE,yfinance,2026-02-10T05:09:22.739344+00:00
2023-04-25,14.220000267028809,14.25,14.09000015258789,14.140000343322754,13.113038063049316,9567100,HPE,yfinance,2026-02-10T05:09:22.739344+00:00
2023-04-26,14.09000015258789,14.239999771118164,14.010000228881836,14.09000015258789,13.066667556762695,9596300,HPE,yfinance,2026-02-10T05:09:22.739344+00:00
2023-04-27,14.100000381469727,14.260000228881836,13.960000038146973,14.260000228881836,13.224322319030762,9429200,HPE,yfinance,2026-02-10T05:09:22.739344+00:00
2023-04-28,14.210000038146973,14.348999977111816,14.199999809265137,14.319999694824219,13.279962539672852,8821600,HPE,yfinance,2026-02-10T05:09:22.739344+00:00
2023-05-01,14.390000343322754,14.59000015258789,14.380000114440918,14.4399995803833,13.391246795654297,8476300,HPE,yfinance,2026-02-10T05:09:22.739344+00:00
2023-05-02,14.479999542236328,14.569999694824219,14.095000267028809,14.25,13.215047836303711,9620400,HPE,yfinance,2026-02-10T05:09:22.739344+00:00
2023-05-03,14.3100004196167,14.380000114440918,13.949999809265137,13.949999809265137,12.936836242675781,12608400,HPE,yfinance,2026-02-10T05:09:22.739344+00:00
2023-05-04,13.880000114440918,13.899999618530273,13.654999732971191,13.800000190734863,12.797730445861816,8244500,HPE,yfinance,2026-02-10T05:09:22.739344+00:00
2023-05-05,13.970000267028809,14.170000076293945,13.930000305175781,14.109999656677246,13.085216522216797,7426000,HPE,yfinance,2026-02-10T05:09:22.739344+00:00
2023-05-08,14.140000343322754,14.199999809265137,14.0649995803833,14.1899995803833,13.159405708312988,7283200,HPE,yfinance,2026-02-10T05:09:22.739344+00:00
2023-05-09,14.069999694824219,14.180000305175781,14.010000228881836,14.15999984741211,13.131583213806152,6304000,HPE,yfinance,2026-02-10T05:09:22.739344+00:00
2023-05-10,14.210000038146973,14.329999923706055,13.920000076293945,14.09000015258789,13.066667556762695,8438100,HPE,yfinance,2026-02-10T05:09:22.739344+00:00
2023-05-11,14.029999732971191,14.029999732971191,13.699999809265137,13.779999732971191,12.779181480407715,16141900,HPE,yfinance,2026-02-10T05:09:22.739344+00:00
2023-05-12,13.850000381469727,13.90999984741211,13.710000038146973,13.829999923706055,12.825551986694336,14413300,HPE,yfinance,2026-02-10T05:09:22.739344+00:00
2023-05-15,13.890000343322754,14.3100004196167,13.8100004196167,14.289999961853027,13.252143859863281,11484500,HPE,yfinance,2026-02-10T05:09:22.739344+00:00
2023-05-16,14.25,14.305000305175781,13.960000038146973,14.039999961853027,13.020299911499023,15408600,HPE,yfinance,2026-02-10T05:09:22.739344+00:00
2023-05-17,14.149999618530273,14.430000305175781,14.085000038146973,14.3100004196167,13.270689010620117,10489400,HPE,yfinance,2026-02-10T05:09:22.739344+00:00
2023-05-18,14.260000228881836,14.460000038146973,14.194999694824219,14.40999984741211,13.36342716217041,17834500,HPE,yfinance,2026-02-10T05:09:22.739344+00:00
2023-05-19,14.5,14.5,14.3149995803833,14.329999923706055,13.289237022399902,17190400,HPE,yfinance,2026-02-10T05:09:22.739344+00:00
2023-05-22,14.369999885559082,14.510000228881836,14.289999961853027,14.449999809265137,13.400522232055664,11604400,HPE,yfinance,2026-02-10T05:09:22.739344+00:00
2023-05-23,14.449999809265137,14.710000038146973,14.380000114440918,14.380000114440918,13.335606575012207,15995100,HPE,yfinance,2026-02-10T05:09:22.739344+00:00
2023-05-24,14.319999694824219,14.319999694824219,14.024999618530273,14.15999984741211,13.131583213806152,10807800,HPE,yfinance,2026-02-10T05:09:22.739344+00:00
2023-05-25,14.260000228881836,14.725000381469727,14.25,14.670000076293945,13.604543685913086,11132900,HPE,yfinance,2026-02-10T05:09:22.739344+00:00
2023-05-26,14.899999618530273,15.454999923706055,14.734999656677246,15.34000015258789,14.225883483886719,22099300,HPE,yfinance,2026-02-10T05:09:22.739344+00:00
2023-05-30,15.569999694824219,15.734999656677246,15.5,15.520000457763672,14.392810821533203,20688600,HPE,yfinance,2026-02-10T05:09:22.739344+00:00
2023-05-31,13.859999656677246,14.640000343322754,13.789999961853027,14.420000076293945,13.372700691223145,34083600,HPE,yfinance,2026-02-10T05:09:22.739344+00:00
2023-06-01,14.5,14.979999542236328,14.430000305175781,14.670000076293945,13.604543685913086,26669400,HPE,yfinance,2026-02-10T05:09:22.739344+00:00
2023-06-02,14.770000457763672,15.3100004196167,14.579999923706055,15.239999771118164,14.13314437866211,20040300,HPE,yfinance,2026-02-10T05:09:22.739344+00:00
2023-06-05,15.229999542236328,15.300000190734863,14.989999771118164,15.020000457763672,13.929123878479004,16808400,HPE,yfinance,2026-02-10T05:09:22.739344+00:00
2023-06-06,14.960000038146973,15.40999984741211,14.949999809265137,15.34000015258789,14.225883483886719,12038800,HPE,yfinance,2026-02-10T05:09:22.739344+00:00
2023-06-07,15.449999809265137,15.800000190734863,15.390000343322754,15.760000228881836,14.615378379821777,14615400,HPE,yfinance,2026-02-10T05:09:22.739344+00:00
2023-06-08,15.760000228881836,15.84000015258789,15.609999656677246,15.800000190734863,14.652474403381348,12074100,HPE,yfinance,2026-02-10T05:09:22.739344+00:00
2023-06-09,15.869999885559082,16.0,15.779999732971191,15.789999961853027,14.643200874328613,7748300,HPE,yfinance,2026-02-10T05:09:22.739344+00:00
2023-06-12,15.779999732971191,16.280000686645508,15.779999732971191,16.280000686645508,15.097612380981445,14149400,HPE,yfinance,2026-02-10T05:09:22.739344+00:00
2023-06-13,16.309999465942383,16.700000762939453,16.299999237060547,16.639999389648438,15.431467056274414,17875100,HPE,yfinance,2026-02-10T05:09:22.739344+00:00
2023-06-14,16.5,16.9950008392334,16.5,16.809999465942383,15.70235824584961,15014500,HPE,yfinance,2026-02-10T05:09:22.739344+00:00
2023-06-15,16.75,17.4950008392334,16.739999771118164,17.450000762939453,16.300189971923828,24260700,HPE,yfinance,2026-02-10T05:09:22.739344+00:00
2023-06-16,17.489999771118164,17.739999771118164,17.280000686645508,17.56999969482422,16.412277221679688,24486800,HPE,yfinance,2026-02-10T05:09:22.739344+00:00
2023-06-20,17.440000534057617,17.469999313354492,16.905000686645508,17.010000228881836,15.889179229736328,19374500,HPE,yfinance,2026-02-10T05:09:22.739344+00:00
2023-06-21,17.079999923706055,17.415000915527344,16.790000915527344,16.81999969482422,15.71169662475586,12829900,HPE,yfinance,2026-02-10T05:09:22.739344+00:00
2023-06-22,16.860000610351562,16.985000610351562,16.610000610351562,16.780000686645508,15.674334526062012,14554600,HPE,yfinance,2026-02-10T05:09:22.739344+00:00
2023-06-23,16.600000381469727,16.670000076293945,16.489999771118164,16.520000457763672,15.431469917297363,13221100,HPE,yfinance,2026-02-10T05:09:22.739344+00:00
2023-06-26,16.610000610351562,16.719999313354492,16.3799991607666,16.389999389648438,15.31003189086914,10100500,HPE,yfinance,2026-02-10T05:09:22.739344+00:00
2023-06-27,16.399999618530273,16.559999465942383,16.325000762939453,16.43000030517578,15.347396850585938,10439400,HPE,yfinance,2026-02-10T05:09:22.739344+00:00
2023-06-28,16.3799991607666,16.450000762939453,16.239999771118164,16.360000610351562,15.28200912475586,7318300,HPE,yfinance,2026-02-10T05:09:22.739344+00:00
2023-06-29,16.399999618530273,16.729999542236328,16.395000457763672,16.649999618530273,15.552898406982422,8779800,HPE,yfinance,2026-02-10T05:09:22.739344+00:00
2023-06-30,16.709999084472656,16.889999389648438,16.709999084472656,16.799999237060547,15.693017959594727,9763500,HPE,yfinance,2026-02-10T05:09:22.739344+00:00
2023-07-03,16.729999542236328,16.780000686645508,16.6200008392334,16.709999084472656,15.608943939208984,4107200,HPE,yfinance,2026-02-10T05:09:22.739344+00:00
2023-07-05,16.540000915527344,16.780000686645508,16.420000076293945,16.670000076293945,15.571581840515137,7634800,HPE,yfinance,2026-02-10T05:09:22.739344+00:00
2023-07-06,16.469999313354492,16.68000030517578,16.420000076293945,16.65999984741211,15.562243461608887,8331000,HPE,yfinance,2026-02-10T05:09:22.739344+00:00
2023-07-07,16.709999084472656,17.09000015258789,16.670000076293945,16.8700008392334,15.758405685424805,12653100,HPE,yfinance,2026-02-10T05:09:22.739344+00:00
2023-07-10,16.770000457763672,17.079999923706055,16.760000228881836,16.989999771118164,15.870499610900879,10130200,HPE,yfinance,2026-02-10T05:09:22.739344+00:00
2023-07-11,17.0,17.34000015258789,17.0,17.329999923706055,16.188095092773438,9630100,HPE,yfinance,2026-02-10T05:09:22.739344+00:00
2023-07-12,17.5,17.520000457763672,17.049999237060547,17.079999923706055,15.954566955566406,9332000,HPE,yfinance,2026-02-10T05:09:22.739344+00:00
2023-07-13,17.15999984741211,17.3799991607666,17.149999618530273,17.31999969482422,16.178752899169922,8494000,HPE,yfinance,2026-02-10T05:09:22.739344+00:00
2023-07-14,17.219999313354492,17.270000457763672,16.790000915527344,16.8700008392334,15.758405685424805,8694600,HPE,yfinance,2026-02-10T05:09:22.739344+00:00
2023-07-17,16.770000457763672,17.170000076293945,16.71500015258789,17.049999237060547,15.926541328430176,9156600,HPE,yfinance,2026-02-10T05:09:22.739344+00:00
2023-07-18,17.0,17.510000228881836,16.959999084472656,17.459999084472656,16.309526443481445,13473600,HPE,yfinance,2026-02-10T05:09:22.739344+00:00
2023-07-19,17.510000228881836,17.639999389648438,17.209999084472656,17.270000457763672,16.132047653198242,13068700,HPE,yfinance,2026-02-10T05:09:22.739344+00:00
2023-07-20,17.299999237060547,17.3700008392334,17.049999237060547,17.200000762939453,16.066661834716797,11782300,HPE,yfinance,2026-02-10T05:09:22.739344+00:00
2023-07-21,17.280000686645508,17.3700008392334,17.165000915527344,17.260000228881836,16.12270736694336,12403700,HPE,yfinance,2026-02-10T05:09:22.739344+00:00
2023-07-24,17.479999542236328,17.649999618530273,17.229999542236328,17.350000381469727,16.206775665283203,11108200,HPE,yfinance,2026-02-10T05:09:22.739344+00:00
2023-07-25,17.40999984741211,17.690000534057617,17.309999465942383,17.59000015258789,16.43096351623535,11177500,HPE,yfinance,2026-02-10T05:09:22.739344+00:00
2023-07-26,17.559999465942383,17.71500015258789,17.42099952697754,17.450000762939453,16.300189971923828,11314700,HPE,yfinance,2026-02-10T05:09:22.739344+00:00
2023-07-27,17.65999984741211,17.739999771118164,17.309999465942383,17.360000610351562,16.21611785888672,8697600,HPE,yfinance,2026-02-10T05:09:22.739344+00:00
2023-07-28,17.559999465942383,17.6299991607666,17.260000228881836,17.260000228881836,16.12270736694336,9010300,HPE,yfinance,2026-02-10T05:09:22.739344+00:00
2023-07-31,17.229999542236328,17.43000030517578,17.219999313354492,17.3799991607666,16.234798431396484,7359500,HPE,yfinance,2026-02-10T05:09:22.739344+00:00
2023-08-01,17.40999984741211,17.469999313354492,17.219999313354492,17.40999984741211,16.2628231048584,10138000,HPE,yfinance,2026-02-10T05:09:22.739344+00:00
2023-08-02,17.219999313354492,17.520000457763672,17.170000076293945,17.239999771118164,16.104022979736328,10628800,HPE,yfinance,2026-02-10T05:09:22.739344+00:00
2023-08-03,17.100000381469727,17.420000076293945,16.92099952697754,17.31999969482422,16.178752899169922,9536200,HPE,yfinance,2026-02-10T05:09:22.739344+00:00
2023-08-04,17.299999237060547,17.600000381469727,17.170000076293945,17.3700008392334,16.2254581451416,11892500,HPE,yfinance,2026-02-10T05:09:22.739344+00:00
2023-08-07,17.479999542236328,17.655000686645508,17.354999542236328,17.549999237060547,16.39359474182129,10511600,HPE,yfinance,2026-02-10T05:09:22.739344+00:00
2023-08-08,17.389999389648438,18.135000228881836,17.19499969482422,18.06999969482422,16.87933349609375,22140400,HPE,yfinance,2026-02-10T05:09:22.739344+00:00
2023-08-09,18.030000686645508,18.079999923706055,17.469999313354492,17.68000030517578,16.515031814575195,16237900,HPE,yfinance,2026-02-10T05:09:22.739344+00:00
2023-08-10,17.790000915527344,17.89900016784668,17.540000915527344,17.6200008392334,16.458984375,17531500,HPE,yfinance,2026-02-10T05:09:22.739344+00:00
2023-08-11,17.540000915527344,17.65999984741211,17.479999542236328,17.600000381469727,16.440303802490234,11611300,HPE,yfinance,2026-02-10T05:09:22.739344+00:00
2023-08-14,17.5,17.639999389648438,17.360000610351562,17.600000381469727,16.440303802490234,10801900,HPE,yfinance,2026-02-10T05:09:22.739344+00:00
2023-08-15,17.469999313354492,17.625,17.299999237060547,17.299999237060547,16.160072326660156,7659600,HPE,yfinance,2026-02-10T05:09:22.739344+00:00
2023-08-16,17.219999313354492,17.309999465942383,17.014999389648438,17.040000915527344,15.91720199584961,9419000,HPE,yfinance,2026-02-10T05:09:22.739344+00:00
2023-08-17,17.15999984741211,17.239999771118164,16.8799991607666,16.969999313354492,15.851815223693848,12958700,HPE,yfinance,2026-02-10T05:09:22.739344+00:00
2023-08-18,16.760000228881836,17.1299991607666,16.75,17.0,15.879839897155762,8832800,HPE,yfinance,2026-02-10T05:09:22.739344+00:00
2023-08-21,17.010000228881836,17.1200008392334,16.8799991607666,17.040000915527344,15.91720199584961,8776000,HPE,yfinance,2026-02-10T05:09:22.739344+00:00
2023-08-22,17.06999969482422,17.114999771118164,16.770000457763672,16.790000915527344,15.683676719665527,10569100,HPE,yfinance,2026-02-10T05:09:22.739344+00:00
2023-08-23,16.809999465942383,17.06999969482422,16.770000457763672,17.020000457763672,15.898520469665527,8446100,HPE,yfinance,2026-02-10T05:09:22.739344+00:00
2023-08-24,17.079999923706055,17.145000457763672,16.690000534057617,16.700000762939453,15.599604606628418,11635700,HPE,yfinance,2026-02-10T05:09:22.739344+00:00
2023-08-25,16.739999771118164,16.799999237060547,16.450000762939453,16.6200008392334,15.524876594543457,9312000,HPE,yfinance,2026-02-10T05:09:22.739344+00:00
2023-08-28,16.75,16.920000076293945,16.655000686645508,16.790000915527344,15.683676719665527,11524800,HPE,yfinance,2026-02-10T05:09:22.739344+00:00
2023-08-29,16.81999969482422,16.954999923706055,16.670000076293945,16.84000015258789,15.730382919311523,10459100,HPE,yfinance,2026-02-10T05:09:22.739344+00:00
2023-08-30,16.3799991607666,17.440000534057617,16.200000762939453,17.360000610351562,16.21611785888672,13990600,HPE,yfinance,2026-02-10T05:09:22.739344+00:00
2023-08-31,17.450000762939453,17.5,16.850000381469727,16.989999771118164,15.870499610900879,17274400,HPE,yfinance,2026-02-10T05:09:22.739344+00:00
2023-09-01,17.209999084472656,18.020000457763672,17.190000534057617,17.979999542236328,16.795265197753906,19826100,HPE,yfinance,2026-02-10T05:09:22.739344+00:00
2023-09-05,17.940000534057617,18.094999313354492,17.799999237060547,17.809999465942383,16.63646697998047,10504800,HPE,yfinance,2026-02-10T05:09:22.739344+00:00
2023-09-06,17.639999389648438,17.915000915527344,17.549999237060547,17.75,16.580419540405273,10493800,HPE,yfinance,2026-02-10T05:09:22.739344+00:00
2023-09-07,17.510000228881836,17.56999969482422,17.274999618530273,17.290000915527344,16.15073013305664,13845400,HPE,yfinance,2026-02-10T05:09:22.739344+00:00
2023-09-08,17.299999237060547,17.40999984741211,17.290000915527344,17.34000015258789,16.19743537902832,6767300,HPE,yfinance,2026-02-10T05:09:22.739344+00:00
2023-09-11,17.43000030517578,17.540000915527344,17.145000457763672,17.229999542236328,16.094680786132812,10387000,HPE,yfinance,2026-02-10T05:09:22.739344+00:00
2023-09-12,17.030000686645508,17.18000030517578,16.950000762939453,17.079999923706055,15.954566955566406,10847900,HPE,yfinance,2026-02-10T05:09:22.739344+00:00
2023-09-13,17.020000457763672,17.09000015258789,16.760000228881836,16.770000457763672,15.775830268859863,9633600,HPE,yfinance,2026-02-10T05:09:22.739344+00:00
2023-09-14,16.989999771118164,17.229999542236328,16.920000076293945,17.209999084472656,16.189743041992188,8724300,HPE,yfinance,2026-02-10T05:09:22.739344+00:00
2023-09-15,17.1200008392334,17.280000686645508,16.8700008392334,17.06999969482422,16.058048248291016,18972700,HPE,yfinance,2026-02-10T05:09:22.739344+00:00
2023-09-18,16.979999542236328,17.040000915527344,16.78499984741211,17.0,15.992194175720215,8843900,HPE,yfinance,2026-02-10T05:09:22.739344+00:00
2023-09-19,17.049999237060547,17.167999267578125,17.0,17.06999969482422,16.058048248291016,7622000,HPE,yfinance,2026-02-10T05:09:22.739344+00:00
2023-09-20,17.31999969482422,17.399999618530273,17.06999969482422,17.100000381469727,16.086267471313477,8009400,HPE,yfinance,2026-02-10T05:09:22.739344+00:00
2023-09-21,16.959999084472656,17.06999969482422,16.8799991607666,16.979999542236328,15.973381996154785,8321900,HPE,yfinance,2026-02-10T05:09:22.739344+00:00
2023-09-22,16.979999542236328,17.100000381469727,16.85300064086914,17.020000457763672,16.011011123657227,5133600,HPE,yfinance,2026-02-10T05:09:22.739344+00:00
2023-09-25,16.889999389648438,17.110000610351562,16.8700008392334,16.969999313354492,15.96397590637207,8973600,HPE,yfinance,2026-02-10T05:09:22.739344+00:00
2023-09-26,16.809999465942383,16.93000030517578,16.725000381469727,16.780000686645508,15.785239219665527,9485600,HPE,yfinance,2026-02-10T05:09:22.739344+00:00
2023-09-27,16.950000762939453,17.31999969482422,16.815000534057617,17.06999969482422,16.058048248291016,12236900,HPE,yfinance,2026-02-10T05:09:22.739344+00:00
2023-09-28,17.1200008392334,17.75,17.1200008392334,17.6299991607666,16.58484649658203,13325400,HPE,yfinance,2026-02-10T05:09:22.739344+00:00
2023-09-29,17.65999984741211,17.729999542236328,17.260000228881836,17.3700008392334,16.34026336669922,10206000,HPE,yfinance,2026-02-10T05:09:22.739344+00:00
2023-10-02,17.399999618530273,17.59000015258789,17.344999313354492,17.440000534057617,16.406110763549805,8932000,HPE,yfinance,2026-02-10T05:09:22.739344+00:00
2023-10-03,17.209999084472656,17.3700008392334,16.75,16.93000030517578,15.926345825195312,7283400,HPE,yfinance,2026-02-10T05:09:22.739344+00:00
2023-10-04,16.969999313354492,17.030000686645508,16.780000686645508,17.010000228881836,16.001604080200195,4885200,HPE,yfinance,2026-02-10T05:09:22.739344+00:00
2023-10-05,16.90999984741211,17.040000915527344,16.6200008392334,16.790000915527344,15.794644355773926,6220300,HPE,yfinance,2026-02-10T05:09:22.739344+00:00
2023-10-06,16.739999771118164,16.969999313354492,16.579999923706055,16.829999923706055,15.832273483276367,9281400,HPE,yfinance,2026-02-10T05:09:22.739344+00:00
2023-10-09,16.729999542236328,16.975000381469727,16.593000411987305,16.850000381469727,15.851088523864746,7809900,HPE,yfinance,2026-02-10T05:09:22.739344+00:00
2023-10-10,16.90999984741211,17.184999465942383,16.8799991607666,16.93000030517578,15.926345825195312,9087000,HPE,yfinance,2026-02-10T05:09:22.739344+00:00
2023-10-11,16.979999542236328,17.290000915527344,16.969999313354492,17.15999984741211,16.142709732055664,6984900,HPE,yfinance,2026-02-10T05:09:22.739344+00:00
2023-10-12,17.170000076293945,17.200000762939453,16.774999618530273,16.950000762939453,15.945160865783691,10252300,HPE,yfinance,2026-02-10T05:09:22.739344+00:00
2023-10-13,16.959999084472656,17.049999237060547,16.469999313354492,16.479999542236328,15.503022193908691,8562500,HPE,yfinance,2026-02-10T05:09:22.739344+00:00
2023-10-16,16.6299991607666,17.18000030517578,16.59000015258789,17.110000610351562,16.095674514770508,13079600,HPE,yfinance,2026-02-10T05:09:22.739344+00:00
2023-10-17,16.959999084472656,17.125,16.850000381469727,16.979999542236328,15.973381996154785,7374700,HPE,yfinance,2026-02-10T05:09:22.739344+00:00
2023-10-18,16.850000381469727,16.959999084472656,16.6200008392334,16.68000030517578,15.691169738769531,7528100,HPE,yfinance,2026-02-10T05:09:22.739344+00:00
2023-10-19,16.729999542236328,16.774999618530273,16.239999771118164,16.299999237060547,15.333694458007812,11471000,HPE,yfinance,2026-02-10T05:09:22.739344+00:00
2023-10-20,15.9399995803833,16.110000610351562,14.914999961853027,15.229999542236328,14.327125549316406,24589400,HPE,yfinance,2026-02-10T05:09:22.739344+00:00
2023-10-23,15.180000305175781,15.359999656677246,15.100000381469727,15.199999809265137,14.298904418945312,13468400,HPE,yfinance,2026-02-10T05:09:22.739344+00:00
2023-10-24,15.289999961853027,15.404999732971191,15.180000305175781,15.289999961853027,14.38356876373291,8708500,HPE,yfinance,2026-02-10T05:09:22.739344+00:00
2023-10-25,15.279999732971191,15.319999694824219,15.095000267028809,15.140000343322754,14.242463111877441,8291300,HPE,yfinance,2026-02-10T05:09:22.739344+00:00
2023-10-26,15.109999656677246,15.28499984741211,14.960000038146973,15.130000114440918,14.233054161071777,10747100,HPE,yfinance,2026-02-10T05:09:22.739344+00:00
2023-10-27,15.199999809265137,15.4399995803833,15.130000114440918,15.210000038146973,14.308311462402344,9000400,HPE,yfinance,2026-02-10T05:09:22.739344+00:00
2023-10-30,15.359999656677246,15.40999984741211,15.15999984741211,15.300000190734863,14.392976760864258,8330300,HPE,yfinance,2026-02-10T05:09:22.739344+00:00
2023-10-31,15.289999961853027,15.390000343322754,15.1899995803833,15.380000114440918,14.468235969543457,7910800,HPE,yfinance,2026-02-10T05:09:22.739344+00:00
2023-11-01,15.399999618530273,15.529999732971191,15.345000267028809,15.529999732971191,14.609341621398926,7754600,HPE,yfinance,2026-02-10T05:09:22.739344+00:00
2023-11-02,15.710000038146973,15.75,15.479999542236328,15.59000015258789,14.665783882141113,9592300,HPE,yfinance,2026-02-10T05:09:22.739344+00:00
2023-11-03,15.8100004196167,16.0,15.789999961853027,15.930000305175781,14.985629081726074,6825600,HPE,yfinance,2026-02-10T05:09:22.739344+00:00
2023-11-06,15.920000076293945,16.0,15.765000343322754,15.90999984741211,14.966814041137695,6377700,HPE,yfinance,2026-02-10T05:09:22.739344+00:00
2023-11-07,15.800000190734863,15.930000305175781,15.710000038146973,15.75,14.816299438476562,6177100,HPE,yfinance,2026-02-10T05:09:22.739344+00:00
2023-11-08,15.75,15.829999923706055,15.600000381469727,15.739999771118164,14.806891441345215,7087600,HPE,yfinance,2026-02-10T05:09:22.739344+00:00
2023-11-09,15.760000228881836,15.850000381469727,15.59000015258789,15.619999885559082,14.694005012512207,6963200,HPE,yfinance,2026-02-10T05:09:22.739344+00:00
2023-11-10,15.710000038146973,15.989999771118164,15.604999542236328,15.960000038146973,15.013849258422852,5800100,HPE,yfinance,2026-02-10T05:09:22.739344+00:00
2023-11-13,15.829999923706055,16.030000686645508,15.755000114440918,16.0,15.051477432250977,11143900,HPE,yfinance,2026-02-10T05:09:22.739344+00:00
2023-11-14,16.239999771118164,16.4950008392334,16.1299991607666,16.420000076293945,15.446579933166504,9884800,HPE,yfinance,2026-02-10T05:09:22.739344+00:00
2023-11-15,16.479999542236328,16.68000030517578,16.420000076293945,16.450000762939453,15.474803924560547,8330600,HPE,yfinance,2026-02-10T05:09:22.739344+00:00
2023-11-16,16.260000228881836,16.309999465942383,15.630000114440918,15.739999771118164,14.806891441345215,11587400,HPE,yfinance,2026-02-10T05:09:22.739344+00:00
2023-11-17,15.869999885559082,15.989999771118164,15.8100004196167,15.930000305175781,14.985629081726074,8801000,HPE,yfinance,2026-02-10T05:09:22.739344+00:00
2023-11-20,15.880000114440918,15.960000038146973,15.78499984741211,15.829999923706055,14.891556739807129,7486500,HPE,yfinance,2026-02-10T05:09:22.739344+00:00
2023-11-21,15.789999961853027,15.819999694824219,15.555000305175781,15.619999885559082,14.694005012512207,8598100,HPE,yfinance,2026-02-10T05:09:22.739344+00:00
2023-11-22,15.75,15.880000114440918,15.680000305175781,15.779999732971191,14.84451961517334,11394800,HPE,yfinance,2026-02-10T05:09:22.739344+00:00
2023-11-24,15.850000381469727,15.914999961853027,15.744999885559082,15.829999923706055,14.891556739807129,3788800,HPE,yfinance,2026-02-10T05:09:22.739344+00:00
2023-11-27,15.729999542236328,15.779999732971191,15.569999694824219,15.600000381469727,14.675191879272461,11202100,HPE,yfinance,2026-02-10T05:09:22.739344+00:00
2023-11-28,15.569999694824219,15.619999885559082,15.449999809265137,15.520000457763672,14.599934577941895,14386200,HPE,yfinance,2026-02-10T05:09:22.739344+00:00
2023-11-29,16.229999542236328,16.899999618530273,15.789999961853027,16.520000457763672,15.540655136108398,21648300,HPE,yfinance,2026-02-10T05:09:22.739344+00:00
2023-11-30,16.84000015258789,17.049999237060547,16.709999084472656,16.90999984741211,15.907530784606934,24721700,HPE,yfinance,2026-02-10T05:09:22.739344+00:00
2023-12-01,16.790000915527344,17.139999389648438,16.649999618530273,16.889999389648438,15.888717651367188,14837000,HPE,yfinance,2026-02-10T05:09:22.739344+00:00
2023-12-04,16.75,16.8700008392334,16.5,16.540000915527344,15.559465408325195,14150100,HPE,yfinance,2026-02-10T05:09:22.739344+00:00
2023-12-05,16.43000030517578,16.43000030517578,16.040000915527344,16.079999923706055,15.126736640930176,15550100,HPE,yfinance,2026-02-10T05:09:22.739344+00:00
2023-12-06,16.1200008392334,16.209999084472656,15.8100004196167,15.880000114440918,14.938591957092285,13108700,HPE,yfinance,2026-02-10T05:09:22.739344+00:00
2023-12-07,15.90999984741211,16.1299991607666,15.699999809265137,16.1200008392334,15.1643648147583,19474000,HPE,yfinance,2026-02-10T05:09:22.739344+00:00
2023-12-08,16.110000610351562,16.399999618530273,16.09000015258789,16.219999313354492,15.258437156677246,11901300,HPE,yfinance,2026-02-10T05:09:22.739344+00:00
2023-12-11,16.219999313354492,16.709999084472656,16.219999313354492,16.65999984741211,15.672350883483887,13978500,HPE,yfinance,2026-02-10T05:09:22.739344+00:00
2023-12-12,16.049999237060547,16.485000610351562,16.049999237060547,16.3700008392334,15.520655632019043,16224600,HPE,yfinance,2026-02-10T05:09:22.739344+00:00
2023-12-13,16.3700008392334,16.649999618530273,16.274999618530273,16.579999923706055,15.719758987426758,10730500,HPE,yfinance,2026-02-10T05:09:22.739344+00:00
2023-12-14,16.700000762939453,17.18000030517578,16.700000762939453,17.059999465942383,16.174850463867188,20993600,HPE,yfinance,2026-02-10T05:09:22.739344+00:00
2023-12-15,16.8799991607666,16.940000534057617,16.610000610351562,16.719999313354492,15.852495193481445,21855000,HPE,yfinance,2026-02-10T05:09:22.739344+00:00
2023-12-18,16.780000686645508,16.829999923706055,16.55500030517578,16.790000915527344,15.918863296508789,12793900,HPE,yfinance,2026-02-10T05:09:22.739344+00:00
2023-12-19,16.8799991607666,16.920000076293945,16.760000228881836,16.829999923706055,15.956787109375,8317600,HPE,yfinance,2026-02-10T05:09:22.739344+00:00
2023-12-20,16.8700008392334,17.045000076293945,16.739999771118164,16.739999771118164,15.871455192565918,7572400,HPE,yfinance,2026-02-10T05:09:22.739344+00:00
2023-12-21,16.899999618530273,17.010000228881836,16.71500015258789,17.0,16.117965698242188,7160800,HPE,yfinance,2026-02-10T05:09:22.739344+00:00
2023-12-22,17.049999237060547,17.200000762939453,16.979999542236328,17.09000015258789,16.20329475402832,6112600,HPE,yfinance,2026-02-10T05:09:22.739344+00:00
2023-12-26,17.079999923706055,17.290000915527344,17.049999237060547,17.229999542236328,16.336030960083008,4857100,HPE,yfinance,2026-02-10T05:09:22.739344+00:00
2023-12-27,17.270000457763672,17.280000686645508,17.010000228881836,17.09000015258789,16.20329475402832,5911700,HPE,yfinance,2026-02-10T05:09:22.739344+00:00
2023-12-28,17.100000381469727,17.184999465942383,17.065000534057617,17.170000076293945,16.279144287109375,4684900,HPE,yfinance,2026-02-10T05:09:22.739344+00:00
2023-12-29,17.149999618530273,17.190000534057617,16.899999618530273,16.979999542236328,16.099002838134766,6026700,HPE,yfinance,2026-02-10T05:09:22.739344+00:00
2024-01-02,16.8700008392334,17.010000228881836,16.719999313354492,16.93000030517578,16.051599502563477,8438200,HPE,yfinance,2026-02-10T05:09:22.739344+00:00
2024-01-03,16.799999237060547,17.200000762939453,16.739999771118164,17.040000915527344,16.15589141845703,10331300,HPE,yfinance,2026-02-10T05:09:22.739344+00:00
2024-01-04,17.040000915527344,17.2450008392334,16.969999313354492,17.0,16.117965698242188,13255000,HPE,yfinance,2026-02-10T05:09:22.739344+00:00
2024-01-05,16.950000762939453,17.389999389648438,16.93000030517578,17.170000076293945,16.279144287109375,13780100,HPE,yfinance,2026-02-10T05:09:22.739344+00:00
2024-01-08,17.200000762939453,17.799999237060547,17.170000076293945,17.719999313354492,16.800607681274414,11782000,HPE,yfinance,2026-02-10T05:09:22.739344+00:00
2024-01-09,16.600000381469727,16.875,16.110000610351562,16.139999389648438,15.30258846282959,35499400,HPE,yfinance,2026-02-10T05:09:22.739344+00:00
2024-01-10,16.110000610351562,16.469999313354492,16.010000228881836,16.43000030517578,15.577542304992676,23542000,HPE,yfinance,2026-02-10T05:09:22.739344+00:00
2024-01-11,16.389999389648438,16.4950008392334,16.225000381469727,16.3700008392334,15.520655632019043,13319400,HPE,yfinance,2026-02-10T05:09:22.739344+00:00
2024-01-12,16.420000076293945,16.469999313354492,15.84000015258789,15.890000343322754,15.065559387207031,13200700,HPE,yfinance,2026-02-10T05:09:22.739344+00:00
2024-01-16,15.550000190734863,15.614999771118164,15.15999984741211,15.3100004196167,14.51565170288086,19468300,HPE,yfinance,2026-02-10T05:09:22.739344+00:00
2024-01-17,15.149999618530273,15.197999954223633,14.90999984741211,15.039999961853027,14.259658813476562,13466800,HPE,yfinance,2026-02-10T05:09:22.739344+00:00
2024-01-18,15.0600004196167,15.114999771118164,14.699999809265137,14.960000038146973,14.183810234069824,15106200,HPE,yfinance,2026-02-10T05:09:22.739344+00:00
2024-01-19,15.029999732971191,15.425000190734863,14.925000190734863,15.369999885559082,14.572538375854492,13251800,HPE,yfinance,2026-02-10T05:09:22.739344+00:00
2024-01-22,15.479999542236328,15.619999885559082,15.399999618530273,15.5,14.695792198181152,9414400,HPE,yfinance,2026-02-10T05:09:22.739344+00:00
2024-01-23,15.630000114440918,15.699999809265137,15.460000038146973,15.5,14.695792198181152,8726700,HPE,yfinance,2026-02-10T05:09:22.739344+00:00
2024-01-24,15.630000114440918,15.989999771118164,15.569999694824219,15.760000228881836,14.942303657531738,11362400,HPE,yfinance,2026-02-10T05:09:22.739344+00:00
2024-01-25,15.90999984741211,16.040000915527344,15.819999694824219,15.920000076293945,15.094001770019531,11244800,HPE,yfinance,2026-02-10T05:09:22.739344+00:00
2024-01-26,15.899999618530273,15.944999694824219,15.710000038146973,15.84000015258789,15.018152236938477,6099500,HPE,yfinance,2026-02-10T05:09:22.739344+00:00
2024-01-29,15.739999771118164,15.829999923706055,15.635000228881836,15.800000190734863,14.980229377746582,7291400,HPE,yfinance,2026-02-10T05:09:22.739344+00:00
2024-01-30,15.970000267028809,15.989999771118164,15.75,15.890000343322754,15.065559387207031,6540400,HPE,yfinance,2026-02-10T05:09:22.739344+00:00
2024-01-31,15.65999984741211,15.670000076293945,15.09000015258789,15.289999961853027,14.496689796447754,15595400,HPE,yfinance,2026-02-10T05:09:22.739344+00:00
2024-02-01,15.34000015258789,15.380000114440918,15.130000114440918,15.359999656677246,14.563056945800781,7500900,HPE,yfinance,2026-02-10T05:09:22.739344+00:00
2024-02-02,15.329999923706055,15.529999732971191,15.140000343322754,15.40999984741211,14.61046314239502,7301400,HPE,yfinance,2026-02-10T05:09:22.739344+00:00
2024-02-05,15.300000190734863,15.369999885559082,15.21500015258789,15.279999732971191,14.48720645904541,8563300,HPE,yfinance,2026-02-10T05:09:22.739344+00:00
2024-02-06,15.270000457763672,15.494999885559082,15.260000228881836,15.279999732971191,14.48720645904541,9909000,HPE,yfinance,2026-02-10T05:09:22.739344+00:00
2024-02-07,15.329999923706055,15.369999885559082,15.079999923706055,15.260000228881836,14.468245506286621,11377600,HPE,yfinance,2026-02-10T05:09:22.739344+00:00
2024-02-08,15.260000228881836,15.520000457763672,15.210000038146973,15.5,14.695792198181152,8059500,HPE,yfinance,2026-02-10T05:09:22.739344+00:00
2024-02-09,15.449999809265137,15.550000190734863,15.369999885559082,15.479999542236328,14.67683219909668,6572300,HPE,yfinance,2026-02-10T05:09:22.739344+00:00
2024-02-12,15.479999542236328,15.75,15.460000038146973,15.609999656677246,14.800085067749023,6361500,HPE,yfinance,2026-02-10T05:09:22.739344+00:00
2024-02-13,15.260000228881836,15.319999694824219,15.09000015258789,15.229999542236328,14.439801216125488,7133100,HPE,yfinance,2026-02-10T05:09:22.739344+00:00
2024-02-14,15.380000114440918,15.454999923706055,15.119999885559082,15.229999542236328,14.439801216125488,10443700,HPE,yfinance,2026-02-10T05:09:22.739344+00:00
2024-02-15,15.220000267028809,15.28499984741211,15.0649995803833,15.260000228881836,14.468245506286621,9556200,HPE,yfinance,2026-02-10T05:09:22.739344+00:00
2024-02-16,15.1899995803833,15.25,14.90999984741211,14.930000305175781,14.155366897583008,10076700,HPE,yfinance,2026-02-10T05:09:22.739344+00:00
2024-02-20,14.850000381469727,15.09000015258789,14.800000190734863,15.010000228881836,14.231217384338379,9652600,HPE,yfinance,2026-02-10T05:09:22.739344+00:00
2024-02-21,14.899999618530273,14.989999771118164,14.755000114440918,14.90999984741211,14.136404037475586,8116600,HPE,yfinance,2026-02-10T05:09:22.739344+00:00
2024-02-22,15.039999961853027,15.180000305175781,14.930000305175781,15.069999694824219,14.288103103637695,10462400,HPE,yfinance,2026-02-10T05:09:22.739344+00:00
2024-02-23,15.109999656677246,15.229999542236328,15.039999961853027,15.109999656677246,14.326028823852539,8561000,HPE,yfinance,2026-02-10T05:09:22.739344+00:00
2024-02-26,15.09000015258789,15.135000228881836,14.869999885559082,14.930000305175781,14.155366897583008,14869500,HPE,yfinance,2026-02-10T05:09:22.739344+00:00
2024-02-27,15.010000228881836,15.079999923706055,14.829999923706055,14.890000343322754,14.117443084716797,9432100,HPE,yfinance,2026-02-10T05:09:22.739344+00:00
2024-02-28,14.84000015258789,15.0600004196167,14.779999732971191,14.859999656677246,14.08899974822998,9910200,HPE,yfinance,2026-02-10T05:09:22.739344+00:00
2024-02-29,15.0,15.260000228881836,15.0,15.229999542236328,14.439801216125488,27341800,HPE,yfinance,2026-02-10T05:09:22.739344+00:00
2024-03-01,14.529999732971191,15.699999809265137,14.46500015258789,15.5600004196167,14.752680778503418,34153700,HPE,yfinance,2026-02-10T05:09:22.739344+00:00
2024-03-04,15.8100004196167,17.30500030517578,15.760000228881836,17.149999618530273,16.260183334350586,41177700,HPE,yfinance,2026-02-10T05:09:22.739344+00:00
2024-03-05,17.010000228881836,18.190000534057617,17.010000228881836,18.100000381469727,17.16089630126953,44150200,HPE,yfinance,2026-02-10T05:09:22.739344+00:00
2024-03-06,18.350000381469727,20.06999969482422,18.34000015258789,18.770000457763672,17.79612922668457,51250900,HPE,yfinance,2026-02-10T05:09:22.739344+00:00
2024-03-07,18.790000915527344,18.829999923706055,17.719999313354492,18.18000030517578,17.236743927001953,29773700,HPE,yfinance,2026-02-10T05:09:22.739344+00:00
2024-03-08,18.6299991607666,18.690000534057617,17.954999923706055,17.989999771118164,17.05660057067871,21698000,HPE,yfinance,2026-02-10T05:09:22.739344+00:00
2024-03-11,17.71500015258789,18.270000457763672,17.6299991607666,18.040000915527344,17.104005813598633,19422800,HPE,yfinance,2026-02-10T05:09:22.739344+00:00
2024-03-12,18.520000457763672,19.149999618530273,18.040000915527344,18.049999237060547,17.113489151000977,33677100,HPE,yfinance,2026-02-10T05:09:22.739344+00:00
2024-03-13,18.020000457763672,18.059999465942383,17.610000610351562,17.899999618530273,16.971271514892578,17482400,HPE,yfinance,2026-02-10T05:09:22.739344+00:00
2024-03-14,17.700000762939453,17.700000762939453,17.3799991607666,17.530000686645508,16.7420597076416,15774900,HPE,yfinance,2026-02-10T05:09:22.739344+00:00
2024-03-15,17.299999237060547,17.420000076293945,16.700000762939453,16.729999542236328,15.97801685333252,41144400,HPE,yfinance,2026-02-10T05:09:22.739344+00:00
2024-03-18,16.940000534057617,17.190000534057617,16.790000915527344,17.059999465942383,16.293184280395508,22137600,HPE,yfinance,2026-02-10T05:09:22.739344+00:00
2024-03-19,16.950000762939453,17.020000457763672,16.719999313354492,16.780000686645508,16.02577018737793,12178000,HPE,yfinance,2026-02-10T05:09:22.739344+00:00
2024-03-20,16.670000076293945,16.934999465942383,16.5,16.93000030517578,16.169029235839844,17508400,HPE,yfinance,2026-02-10T05:09:22.739344+00:00
2024-03-21,17.170000076293945,17.40999984741211,17.049999237060547,17.209999084472656,16.436439514160156,12914800,HPE,yfinance,2026-02-10T05:09:22.739344+00:00
2024-03-22,17.209999084472656,17.610000610351562,17.209999084472656,17.3700008392334,16.589252471923828,9279500,HPE,yfinance,2026-02-10T05:09:22.739344+00:00
2024-03-25,17.25,17.6299991607666,17.209999084472656,17.420000076293945,16.637004852294922,16167200,HPE,yfinance,2026-02-10T05:09:22.739344+00:00
2024-03-26,17.510000228881836,17.84000015258789,17.450000762939453,17.690000534057617,16.894866943359375,14285200,HPE,yfinance,2026-02-10T05:09:22.739344+00:00
2024-03-27,17.770000457763672,17.799999237060547,17.40999984741211,17.670000076293945,16.87576675415039,9727100,HPE,yfinance,2026-02-10T05:09:22.739344+00:00
2024-03-28,17.739999771118164,17.854999542236328,17.690000534057617,17.729999542236328,16.933069229125977,9155400,HPE,yfinance,2026-02-10T05:09:22.739344+00:00
2024-04-01,17.68000030517578,18.014999389648438,17.6200008392334,17.940000534057617,17.133628845214844,9680900,HPE,yfinance,2026-02-10T05:09:22.739344+00:00
2024-04-02,17.75,17.81999969482422,17.549999237060547,17.700000762939453,16.9044189453125,9361500,HPE,yfinance,2026-02-10T05:09:22.739344+00:00
2024-04-03,17.670000076293945,18.389999389648438,17.649999618530273,18.190000534057617,17.372390747070312,26942500,HPE,yfinance,2026-02-10T05:09:22.739344+00:00
2024-04-04,18.5,18.760000228881836,17.8799991607666,17.940000534057617,17.133628845214844,17602700,HPE,yfinance,2026-02-10T05:09:22.739344+00:00
2024-04-05,17.889999389648438,18.1200008392334,17.719999313354492,18.0,17.19093132019043,13148900,HPE,yfinance,2026-02-10T05:09:22.739344+00:00
2024-04-08,18.209999084472656,18.42300033569336,18.110000610351562,18.139999389648438,17.324642181396484,10709800,HPE,yfinance,2026-02-10T05:09:22.739344+00:00
2024-04-09,18.209999084472656,18.2450008392334,17.8799991607666,18.020000457763672,17.210033416748047,10641500,HPE,yfinance,2026-02-10T05:09:22.739344+00:00
2024-04-10,17.799999237060547,18.06999969482422,17.719999313354492,18.0,17.19093132019043,16226400,HPE,yfinance,2026-02-10T05:09:22.739344+00:00
2024-04-11,17.979999542236328,18.059999465942383,17.635000228881836,17.940000534057617,17.133628845214844,11099600,HPE,yfinance,2026-02-10T05:09:22.739344+00:00
2024-04-12,17.729999542236328,17.90999984741211,17.389999389648438,17.420000076293945,16.637004852294922,14035100,HPE,yfinance,2026-02-10T05:09:22.739344+00:00
2024-04-15,17.700000762939453,17.80500030517578,17.20199966430664,17.260000228881836,16.484193801879883,17413800,HPE,yfinance,2026-02-10T05:09:22.739344+00:00
2024-04-16,17.329999923706055,17.3799991607666,16.90999984741211,17.139999389648438,16.369586944580078,11214400,HPE,yfinance,2026-02-10T05:09:22.739344+00:00
2024-04-17,17.25,17.493000030517578,17.010000228881836,17.030000686645508,16.264535903930664,11256000,HPE,yfinance,2026-02-10T05:09:22.739344+00:00
2024-04-18,17.09000015258789,17.1200008392334,16.844999313354492,17.040000915527344,16.274084091186523,12392500,HPE,yfinance,2026-02-10T05:09:22.739344+00:00
2024-04-19,17.020000457763672,17.229999542236328,16.690000534057617,16.790000915527344,16.035320281982422,12486500,HPE,yfinance,2026-02-10T05:09:22.739344+00:00
2024-04-22,16.940000534057617,16.979999542236328,16.649999618530273,16.829999923706055,16.07352066040039,8508500,HPE,yfinance,2026-02-10T05:09:22.739344+00:00
2024-04-23,16.760000228881836,16.959999084472656,16.729999542236328,16.829999923706055,16.07352066040039,9110400,HPE,yfinance,2026-02-10T05:09:22.739344+00:00
2024-04-24,16.93000030517578,17.045000076293945,16.78499984741211,16.93000030517578,16.169029235839844,10856000,HPE,yfinance,2026-02-10T05:09:22.739344+00:00
2024-04-25,16.81999969482422,17.05500030517578,16.780000686645508,16.969999313354492,16.20722770690918,8383000,HPE,yfinance,2026-02-10T05:09:22.739344+00:00
2024-04-26,17.0,17.280000686645508,16.875,17.170000076293945,16.398239135742188,9189400,HPE,yfinance,2026-02-10T05:09:22.739344+00:00
2024-04-29,17.209999084472656,17.43000030517578,17.030000686645508,17.18000030517578,16.407791137695312,8335700,HPE,yfinance,2026-02-10T05:09:22.739344+00:00
2024-04-30,17.030000686645508,17.399999618530273,16.979999542236328,17.0,16.23587989807129,10073000,HPE,yfinance,2026-02-10T05:09:22.739344+00:00
2024-05-01,16.860000610351562,17.020000457763672,16.389999389648438,16.440000534057617,15.701051712036133,9407100,HPE,yfinance,2026-02-10T05:09:22.739344+00:00
2024-05-02,16.610000610351562,16.649999618530273,16.260000228881836,16.530000686645508,15.787006378173828,11008600,HPE,yfinance,2026-02-10T05:09:22.739344+00:00
2024-05-03,16.739999771118164,16.8700008392334,16.610000610351562,16.860000610351562,16.102174758911133,7951500,HPE,yfinance,2026-02-10T05:09:22.739344+00:00
2024-05-06,17.020000457763672,17.200000762939453,16.950000762939453,17.15999984741211,16.388690948486328,9233700,HPE,yfinance,2026-02-10T05:09:22.739344+00:00
2024-05-07,17.200000762939453,17.229999542236328,16.799999237060547,16.860000610351562,16.102174758911133,8273300,HPE,yfinance,2026-02-10T05:09:22.739344+00:00
2024-05-08,16.770000457763672,17.190000534057617,16.709999084472656,17.18000030517578,16.407791137695312,8134900,HPE,yfinance,2026-02-10T05:09:22.739344+00:00
2024-05-09,17.229999542236328,17.270000457763672,16.895000457763672,17.059999465942383,16.293184280395508,8599600,HPE,yfinance,2026-02-10T05:09:22.739344+00:00
2024-05-10,17.100000381469727,17.290000915527344,16.989999771118164,17.059999465942383,16.293184280395508,6454400,HPE,yfinance,2026-02-10T05:09:22.739344+00:00
2024-05-13,17.1299991607666,17.459999084472656,17.1299991607666,17.3799991607666,16.598798751831055,11969900,HPE,yfinance,2026-02-10T05:09:22.739344+00:00
2024-05-14,17.469999313354492,17.65999984741211,17.420000076293945,17.649999618530273,16.856664657592773,11483000,HPE,yfinance,2026-02-10T05:09:22.739344+00:00
2024-05-15,17.75,18.0,17.65999984741211,17.969999313354492,17.162282943725586,11307200,HPE,yfinance,2026-02-10T05:09:22.739344+00:00
2024-05-16,17.979999542236328,18.079999923706055,17.75,17.889999389648438,17.08587646484375,10222600,HPE,yfinance,2026-02-10T05:09:22.739344+00:00
2024-05-17,18.010000228881836,18.024999618530273,17.729999542236328,17.860000610351562,17.057228088378906,9238500,HPE,yfinance,2026-02-10T05:09:22.739344+00:00
2024-05-20,17.899999618530273,18.040000915527344,17.719999313354492,17.799999237060547,16.999923706054688,10130500,HPE,yfinance,2026-02-10T05:09:22.739344+00:00
2024-05-21,17.760000228881836,17.829999923706055,17.59000015258789,17.780000686645508,16.98082160949707,9328200,HPE,yfinance,2026-02-10T05:09:22.739344+00:00
2024-05-22,17.799999237060547,18.18000030517578,17.739999771118164,18.149999618530273,17.334190368652344,10667200,HPE,yfinance,2026-02-10T05:09:22.739344+00:00
2024-05-23,18.850000381469727,18.950000762939453,18.149999618530273,18.239999771118164,17.42014503479004,15612200,HPE,yfinance,2026-02-10T05:09:22.739344+00:00
2024-05-24,18.329999923706055,18.600000381469727,18.299999237060547,18.40999984741211,17.582502365112305,13605300,HPE,yfinance,2026-02-10T05:09:22.739344+00:00
2024-05-28,18.489999771118164,18.780000686645508,18.219999313354492,18.40999984741211,17.582502365112305,17948100,HPE,yfinance,2026-02-10T05:09:22.739344+00:00
2024-05-29,18.239999771118164,18.399999618530273,18.170000076293945,18.18000030517578,17.362844467163086,14206500,HPE,yfinance,2026-02-10T05:09:22.739344+00:00
2024-05-30,18.510000228881836,18.679000854492188,18.290000915527344,18.520000457763672,17.687562942504883,31909300,HPE,yfinance,2026-02-10T05:09:22.739344+00:00
2024-05-31,17.90999984741211,17.969999313354492,17.309999465942383,17.649999618530273,16.856664657592773,33499300,HPE,yfinance,2026-02-10T05:09:22.739344+00:00
2024-06-03,17.90999984741211,18.079999923706055,17.649999618530273,17.950000762939453,17.14318084716797,22762900,HPE,yfinance,2026-02-10T05:09:22.739344+00:00
2024-06-04,17.850000381469727,17.959999084472656,17.59000015258789,17.600000381469727,16.808910369873047,30743300,HPE,yfinance,2026-02-10T05:09:22.739344+00:00
2024-06-05,20.350000381469727,20.43000030517578,19.440000534057617,19.479999542236328,18.604408264160156,88492100,HPE,yfinance,2026-02-10T05:09:22.739344+00:00
2024-06-06,19.3700008392334,20.040000915527344,19.084999084472656,19.59000015258789,18.7094669342041,30573600,HPE,yfinance,2026-02-10T05:09:22.739344+00:00
2024-06-07,19.719999313354492,20.040000915527344,19.709999084472656,20.030000686645508,19.129690170288086,21612900,HPE,yfinance,2026-02-10T05:09:22.739344+00:00
2024-06-10,20.0,20.639999389648438,19.950000762939453,20.59000015258789,19.66451644897461,23519100,HPE,yfinance,2026-02-10T05:09:22.739344+00:00
2024-06-11,20.5,20.68000030517578,20.190000534057617,20.559999465942383,19.635866165161133,15196800,HPE,yfinance,2026-02-10T05:09:22.739344+00:00
2024-06-12,20.8700008392334,21.165000915527344,20.649999618530273,20.90999984741211,19.970134735107422,20247700,HPE,yfinance,2026-02-10T05:09:22.739344+00:00
2024-06-13,20.860000610351562,21.899999618530273,20.790000915527344,21.760000228881836,20.78192901611328,22925400,HPE,yfinance,2026-02-10T05:09:22.739344+00:00
2024-06-14,21.6200008392334,21.81999969482422,21.260000228881836,21.600000381469727,20.629121780395508,18473700,HPE,yfinance,2026-02-10T05:09:22.739344+00:00
2024-06-17,21.854999542236328,21.959999084472656,21.19499969482422,21.65999984741211,20.686420440673828,20204900,HPE,yfinance,2026-02-10T05:09:22.739344+00:00
2024-06-18,21.889999389648438,22.81999969482422,21.55500030517578,21.84000015258789,20.984277725219727,44296100,HPE,yfinance,2026-02-10T05:09:22.739344+00:00
2024-06-20,22.65999984741211,22.739999771118164,21.405000686645508,21.479999542236328,20.638381958007812,25498900,HPE,yfinance,2026-02-10T05:09:22.739344+00:00
2024-06-21,21.25,21.3799991607666,20.43000030517578,20.920000076293945,20.100324630737305,59893400,HPE,yfinance,2026-02-10T05:09:22.739344+00:00
2024-06-24,20.829999923706055,21.030000686645508,20.454999923706055,20.469999313354492,19.66795539855957,19621200,HPE,yfinance,2026-02-10T05:09:22.739344+00:00
2024-06-25,20.510000228881836,21.139999389648438,20.329999923706055,21.1200008392334,20.2924861907959,15186900,HPE,yfinance,2026-02-10T05:09:22.739344+00:00
2024-06-26,20.780000686645508,21.010000228881836,20.72100067138672,20.920000076293945,20.100324630737305,17304900,HPE,yfinance,2026-02-10T05:09:22.739344+00:00
2024-06-27,20.920000076293945,21.309999465942383,20.889999389648438,21.040000915527344,20.215621948242188,12921000,HPE,yfinance,2026-02-10T05:09:22.739344+00:00
2024-06-28,21.040000915527344,21.274999618530273,20.895000457763672,21.170000076293945,20.34052848815918,17398900,HPE,yfinance,2026-02-10T05:09:22.739344+00:00
2024-07-01,21.31999969482422,21.31999969482422,20.600000381469727,21.15999984741211,20.33091926574707,13452100,HPE,yfinance,2026-02-10T05:09:22.739344+00:00
2024-07-02,20.860000610351562,21.165000915527344,20.809999465942383,21.1200008392334,20.2924861907959,11762400,HPE,yfinance,2026-02-10T05:09:22.739344+00:00
2024-07-03,21.100000381469727,21.100000381469727,20.520000457763672,20.670000076293945,19.860118865966797,11412800,HPE,yfinance,2026-02-10T05:09:22.739344+00:00
2024-07-05,20.68000030517578,20.684999465942383,20.290000915527344,20.549999237060547,19.74481773376465,15281400,HPE,yfinance,2026-02-10T05:09:22.739344+00:00
2024-07-08,20.7450008392334,20.979999542236328,20.690000534057617,20.889999389648438,20.07149887084961,11118800,HPE,yfinance,2026-02-10T05:09:22.739344+00:00
2024-07-09,20.809999465942383,21.614999771118164,20.799999237060547,21.25,20.41739273071289,15683100,HPE,yfinance,2026-02-10T05:09:22.739344+00:00
2024-07-10,21.389999389648438,21.489999771118164,21.100000381469727,21.350000381469727,20.51347541809082,10414200,HPE,yfinance,2026-02-10T05:09:22.739344+00:00
2024-07-11,21.360000610351562,21.40999984741211,20.969999313354492,21.200000762939453,20.369352340698242,9411900,HPE,yfinance,2026-02-10T05:09:22.739344+00:00
2024-07-12,21.190000534057617,21.40999984741211,20.979999542236328,21.170000076293945,20.34052848815918,9206500,HPE,yfinance,2026-02-10T05:09:22.739344+00:00
2024-07-15,21.260000228881836,21.479999542236328,21.149999618530273,21.440000534057617,20.599950790405273,9921600,HPE,yfinance,2026-02-10T05:09:22.739344+00:00
2024-07-16,21.479999542236328,21.530000686645508,21.229999542236328,21.43000030517578,20.59033966064453,7878100,HPE,yfinance,2026-02-10T05:09:22.739344+00:00
2024-07-17,21.18000030517578,21.290000915527344,20.729999542236328,20.809999465942383,19.994632720947266,12520200,HPE,yfinance,2026-02-10T05:09:22.739344+00:00
2024-07-18,21.020000457763672,21.209999084472656,20.625,20.670000076293945,19.860118865966797,10713200,HPE,yfinance,2026-02-10T05:09:22.739344+00:00
2024-07-19,20.65999984741211,20.71500015258789,20.440000534057617,20.479999542236328,19.677562713623047,10035700,HPE,yfinance,2026-02-10T05:09:22.739344+00:00
2024-07-22,20.6200008392334,20.790000915527344,20.479999542236328,20.59000015258789,19.783252716064453,9656900,HPE,yfinance,2026-02-10T05:09:22.739344+00:00
2024-07-23,20.5,20.674999237060547,20.40999984741211,20.540000915527344,19.73521614074707,6290300,HPE,yfinance,2026-02-10T05:09:22.739344+00:00
2024-07-24,20.40999984741211,20.670000076293945,20.030000686645508,20.049999237060547,19.2644100189209,9554200,HPE,yfinance,2026-02-10T05:09:22.739344+00:00
2024-07-25,19.920000076293945,19.989999771118164,19.40999984741211,19.450000762939453,18.68792152404785,11529800,HPE,yfinance,2026-02-10T05:09:22.739344+00:00
2024-07-26,19.579999923706055,19.90999984741211,19.53499984741211,19.760000228881836,18.98577308654785,7954800,HPE,yfinance,2026-02-10T05:09:22.739344+00:00
2024-07-29,19.850000381469727,19.924999237060547,19.389999389648438,19.40999984741211,18.64948844909668,7886100,HPE,yfinance,2026-02-10T05:09:22.739344+00:00
2024-07-30,19.559999465942383,19.690000534057617,18.989999771118164,19.010000228881836,18.26515769958496,11214600,HPE,yfinance,2026-02-10T05:09:22.739344+00:00
2024-07-31,19.799999237060547,20.094999313354492,19.639999389648438,19.90999984741211,19.12989616394043,12120400,HPE,yfinance,2026-02-10T05:09:22.739344+00:00
2024-08-01,19.75,19.979999542236328,18.829999923706055,19.079999923706055,18.332416534423828,9310000,HPE,yfinance,2026-02-10T05:09:22.739344+00:00
2024-08-02,18.549999237060547,18.690000534057617,17.950000762939453,18.030000686645508,17.32356071472168,12776500,HPE,yfinance,2026-02-10T05:09:22.739344+00:00
2024-08-05,17.260000228881836,17.56999969482422,17.0,17.350000381469727,16.670202255249023,12876400,HPE,yfinance,2026-02-10T05:09:22.739344+00:00
2024-08-06,17.399999618530273,17.559999465942383,17.229999542236328,17.25,16.574119567871094,14081300,HPE,yfinance,2026-02-10T05:09:22.739344+00:00
2024-08-07,17.25,17.270000457763672,16.610000610351562,16.719999313354492,16.06488609313965,18905800,HPE,yfinance,2026-02-10T05:09:22.739344+00:00
2024-08-08,16.913000106811523,17.329999923706055,16.913000106811523,17.309999465942383,16.631771087646484,9934500,HPE,yfinance,2026-02-10T05:09:22.739344+00:00
2024-08-09,17.200000762939453,17.434999465942383,17.110000610351562,17.34000015258789,16.66059112548828,7352800,HPE,yfinance,2026-02-10T05:09:22.739344+00:00
2024-08-12,17.389999389648438,17.41900062561035,17.059999465942383,17.190000534057617,16.51647186279297,13676700,HPE,yfinance,2026-02-10T05:09:22.739344+00:00
2024-08-13,17.360000610351562,17.8799991607666,17.31999969482422,17.799999237060547,17.102569580078125,16886400,HPE,yfinance,2026-02-10T05:09:22.739344+00:00
2024-08-14,17.829999923706055,17.850000381469727,17.540000915527344,17.780000686645508,17.08335304260254,10201100,HPE,yfinance,2026-02-10T05:09:22.739344+00:00
2024-08-15,18.299999237060547,18.80500030517578,18.110000610351562,18.760000228881836,18.02495765686035,13126900,HPE,yfinance,2026-02-10T05:09:22.739344+00:00
2024-08-16,18.690000534057617,18.829999923706055,18.559999465942383,18.670000076293945,17.93848419189453,8302500,HPE,yfinance,2026-02-10T05:09:22.739344+00:00
2024-08-19,18.670000076293945,18.899999618530273,18.5,18.8799991607666,18.1402530670166,9017300,HPE,yfinance,2026-02-10T05:09:22.739344+00:00
2024-08-20,18.81999969482422,18.84000015258789,18.469999313354492,18.770000457763672,18.034561157226562,9747600,HPE,yfinance,2026-02-10T05:09:22.739344+00:00
2024-08-21,18.809999465942383,18.899999618530273,18.5,18.8799991607666,18.1402530670166,7719800,HPE,yfinance,2026-02-10T05:09:22.739344+00:00
2024-08-22,18.90999984741211,19.049999237060547,18.735000610351562,18.770000457763672,18.034561157226562,7195100,HPE,yfinance,2026-02-10T05:09:22.739344+00:00
2024-08-23,19.06999969482422,19.31999969482422,18.8799991607666,19.209999084472656,18.457321166992188,7959500,HPE,yfinance,2026-02-10T05:09:22.739344+00:00
2024-08-26,19.229999542236328,19.479999542236328,19.09000015258789,19.18000030517578,18.428499221801758,7313700,HPE,yfinance,2026-02-10T05:09:22.739344+00:00
2024-08-27,19.059999465942383,19.34000015258789,19.030000686645508,19.100000381469727,18.351634979248047,7637300,HPE,yfinance,2026-02-10T05:09:22.739344+00:00
2024-08-28,19.0,19.174999237060547,18.799999237060547,19.0,18.255552291870117,8707000,HPE,yfinance,2026-02-10T05:09:22.739344+00:00
2024-08-29,18.959999084472656,19.040000915527344,18.65999984741211,18.68000030517578,17.948087692260742,9558700,HPE,yfinance,2026-02-10T05:09:22.739344+00:00
2024-08-30,19.149999618530273,19.56999969482422,19.110000610351562,19.3700008392334,18.611055374145508,18330200,HPE,yfinance,2026-02-10T05:09:22.739344+00:00
2024-09-03,19.280000686645508,19.440000534057617,18.959999084472656,19.059999465942383,18.313201904296875,15341500,HPE,yfinance,2026-02-10T05:09:22.739344+00:00
2024-09-04,18.93000030517578,19.020999908447266,18.559999465942383,18.770000457763672,18.034561157226562,21890700,HPE,yfinance,2026-02-10T05:09:22.739344+00:00
2024-09-05,17.149999618530273,18.0,16.854999542236328,17.639999389648438,16.948837280273438,29090200,HPE,yfinance,2026-02-10T05:09:22.739344+00:00
2024-09-06,17.575000762939453,17.799999237060547,17.299999237060547,17.530000686645508,16.843149185180664,16208800,HPE,yfinance,2026-02-10T05:09:22.739344+00:00
2024-09-09,17.600000381469727,17.850000381469727,17.530000686645508,17.600000381469727,16.910404205322266,13693000,HPE,yfinance,2026-02-10T05:09:22.739344+00:00
2024-09-10,16.389999389648438,16.530000686645508,15.949999809265137,16.100000381469727,15.469179153442383,70663200,HPE,yfinance,2026-02-10T05:09:22.739344+00:00
2024-09-11,16.100000381469727,16.459999084472656,15.770000457763672,16.399999618530273,15.757423400878906,70763400,HPE,yfinance,2026-02-10T05:09:22.739344+00:00
2024-09-12,16.360000610351562,16.934999465942383,16.200000762939453,16.860000610351562,16.199399948120117,41955200,HPE,yfinance,2026-02-10T05:09:22.739344+00:00
2024-09-13,16.920000076293945,17.200000762939453,16.84000015258789,17.149999618530273,16.478036880493164,19822600,HPE,yfinance,2026-02-10T05:09:22.739344+00:00
2024-09-16,16.84000015258789,17.309999465942383,16.809999465942383,17.229999542236328,16.554901123046875,14943400,HPE,yfinance,2026-02-10T05:09:22.739344+00:00
2024-09-17,17.969999313354492,18.399999618530273,17.709999084472656,18.200000762939453,17.48689842224121,28391600,HPE,yfinance,2026-02-10T05:09:22.739344+00:00
2024-09-18,18.270000457763672,18.56999969482422,18.034000396728516,18.299999237060547,17.582977294921875,17767100,HPE,yfinance,2026-02-10T05:09:22.739344+00:00
2024-09-19,18.670000076293945,18.940000534057617,18.645000457763672,18.850000381469727,18.241010665893555,17085300,HPE,yfinance,2026-02-10T05:09:22.739344+00:00
2024-09-20,18.790000915527344,18.889999389648438,18.5049991607666,18.809999465942383,18.202301025390625,30623000,HPE,yfinance,2026-02-10T05:09:22.739344+00:00
2024-09-23,18.81999969482422,18.864999771118164,18.625,18.829999923706055,18.221654891967773,11338800,HPE,yfinance,2026-02-10T05:09:22.739344+00:00
2024-09-24,18.950000762939453,18.959999084472656,18.79199981689453,18.8799991607666,18.27004051208496,10154800,HPE,yfinance,2026-02-10T05:09:22.739344+00:00
2024-09-25,19.690000534057617,20.084999084472656,19.579999923706055,19.850000381469727,19.208703994750977,24344100,HPE,yfinance,2026-02-10T05:09:22.739344+00:00
2024-09-26,20.229999542236328,20.489999771118164,19.979999542236328,20.350000381469727,19.692548751831055,17618600,HPE,yfinance,2026-02-10T05:09:22.739344+00:00
2024-09-27,20.450000762939453,20.479999542236328,20.1299991607666,20.139999389648438,19.48933219909668,10396800,HPE,yfinance,2026-02-10T05:09:22.739344+00:00
2024-09-30,20.09000015258789,20.510000228881836,19.940000534057617,20.459999084472656,19.798995971679688,16962200,HPE,yfinance,2026-02-10T05:09:22.739344+00:00
2024-10-01,20.329999923706055,20.3799991607666,19.81999969482422,19.950000762939453,19.305471420288086,14802400,HPE,yfinance,2026-02-10T05:09:22.739344+00:00
2024-10-02,20.0,20.65999984741211,19.950000762939453,20.5,19.83770179748535,12851100,HPE,yfinance,2026-02-10T05:09:22.739344+00:00
2024-10-03,20.389999389648438,20.829999923706055,20.229999542236328,20.350000381469727,19.692548751831055,10884200,HPE,yfinance,2026-02-10T05:09:22.739344+00:00
2024-10-04,20.690000534057617,20.75,20.283000946044922,20.6200008392334,19.953826904296875,8528200,HPE,yfinance,2026-02-10T05:09:22.739344+00:00
2024-10-07,20.510000228881836,20.924999237060547,20.5,20.860000610351562,20.18607521057129,10961300,HPE,yfinance,2026-02-10T05:09:22.739344+00:00
2024-10-08,20.959999084472656,21.049999237060547,20.760000228881836,20.969999313354492,20.292518615722656,11588800,HPE,yfinance,2026-02-10T05:09:22.739344+00:00
2024-10-09,20.81999969482422,20.895999908447266,20.503000259399414,20.850000381469727,20.176395416259766,10816900,HPE,yfinance,2026-02-10T05:09:22.739344+00:00
2024-10-10,20.700000762939453,20.940000534057617,20.389999389648438,20.540000915527344,19.876413345336914,18463700,HPE,yfinance,2026-02-10T05:09:22.739344+00:00
2024-10-11,20.530000686645508,20.81999969482422,20.5,20.670000076293945,20.002208709716797,8488000,HPE,yfinance,2026-02-10T05:09:22.739344+00:00
2024-10-14,20.649999618530273,20.93000030517578,20.6299991607666,20.719999313354492,20.05059242248535,8153300,HPE,yfinance,2026-02-10T05:09:22.739344+00:00
2024-10-15,20.809999465942383,21.09000015258789,20.65999984741211,20.739999771118164,20.069950103759766,14362600,HPE,yfinance,2026-02-10T05:09:22.739344+00:00
2024-10-16,20.799999237060547,20.969999313354492,20.690000534057617,20.889999389648438,20.215103149414062,13599300,HPE,yfinance,2026-02-10T05:09:22.739344+00:00
2024-10-17,20.81999969482422,21.0,20.674999237060547,20.940000534057617,20.263490676879883,9672800,HPE,yfinance,2026-02-10T05:09:22.739344+00:00
2024-10-18,21.030000686645508,21.059999465942383,20.389999389648438,20.690000534057617,20.021564483642578,10429200,HPE,yfinance,2026-02-10T05:09:22.739344+00:00
2024-10-21,20.68000030517578,20.68000030517578,19.889999389648438,19.969999313354492,19.324825286865234,15063900,HPE,yfinance,2026-02-10T05:09:22.739344+00:00
2024-10-22,19.850000381469727,19.959999084472656,19.56999969482422,19.889999389648438,19.247407913208008,11112200,HPE,yfinance,2026-02-10T05:09:22.739344+00:00
2024-10-23,19.829999923706055,19.850000381469727,19.2450008392334,19.309999465942383,18.686147689819336,10069800,HPE,yfinance,2026-02-10T05:09:22.739344+00:00
2024-10-24,19.420000076293945,19.469999313354492,19.235000610351562,19.399999618530273,18.77324104309082,9434600,HPE,yfinance,2026-02-10T05:09:22.739344+00:00
2024-10-25,19.579999923706055,19.860000610351562,19.440000534057617,19.459999084472656,18.831302642822266,7901400,HPE,yfinance,2026-02-10T05:09:22.739344+00:00
2024-10-28,19.594999313354492,19.8799991607666,19.479999542236328,19.729999542236328,19.092578887939453,8955900,HPE,yfinance,2026-02-10T05:09:22.739344+00:00
2024-10-29,19.729999542236328,19.975000381469727,19.690000534057617,19.8700008392334,19.228055953979492,9709400,HPE,yfinance,2026-02-10T05:09:22.739344+00:00
2024-10-30,20.950000762939453,21.049999237060547,20.229999542236328,20.34000015258789,19.682870864868164,15599700,HPE,yfinance,2026-02-10T05:09:22.739344+00:00
2024-10-31,20.190000534057617,20.239999771118164,19.489999771118164,19.489999771118164,18.860332489013672,12163500,HPE,yfinance,2026-02-10T05:09:22.739344+00:00
2024-11-01,19.55500030517578,20.2450008392334,19.510000228881836,20.059999465942383,19.411916732788086,12602000,HPE,yfinance,2026-02-10T05:09:22.739344+00:00
2024-11-04,20.149999618530273,20.389999389648438,20.010000228881836,20.010000228881836,19.36353302001953,8093400,HPE,yfinance,2026-02-10T05:09:22.739344+00:00
2024-11-05,20.020000457763672,20.274999618530273,19.860000610351562,20.0,19.353857040405273,9456000,HPE,yfinance,2026-02-10T05:09:22.739344+00:00
2024-11-06,20.729999542236328,21.389999389648438,20.68000030517578,21.329999923706055,20.640888214111328,15601000,HPE,yfinance,2026-02-10T05:09:22.739344+00:00
2024-11-07,21.360000610351562,21.665000915527344,21.170000076293945,21.440000534057617,20.74733543395996,11975400,HPE,yfinance,2026-02-10T05:09:22.739344+00:00
2024-11-08,21.469999313354492,22.200000762939453,21.3799991607666,22.040000915527344,21.32794952392578,14164900,HPE,yfinance,2026-02-10T05:09:22.739344+00:00
2024-11-11,22.1200008392334,22.399999618530273,21.889999389648438,22.020000457763672,21.308597564697266,10395900,HPE,yfinance,2026-02-10T05:09:22.739344+00:00
2024-11-12,21.829999923706055,22.110000610351562,21.700000762939453,21.729999542236328,21.027965545654297,8487500,HPE,yfinance,2026-02-10T05:09:22.739344+00:00
2024-11-13,21.760000228881836,22.149999618530273,21.610000610351562,21.850000381469727,21.144088745117188,10682400,HPE,yfinance,2026-02-10T05:09:22.739344+00:00
2024-11-14,21.709999084472656,22.040000915527344,21.34000015258789,21.34000015258789,20.65056610107422,9000700,HPE,yfinance,2026-02-10T05:09:22.739344+00:00
2024-11-15,21.389999389648438,21.489999771118164,20.979999542236328,21.06999969482422,20.389286041259766,10918000,HPE,yfinance,2026-02-10T05:09:22.739344+00:00
2024-11-18,21.809999465942383,21.860000610351562,21.290000915527344,21.3799991607666,20.689271926879883,12030800,HPE,yfinance,2026-02-10T05:09:22.739344+00:00
2024-11-19,21.219999313354492,21.565000534057617,20.860000610351562,21.530000686645508,20.834426879882812,9248700,HPE,yfinance,2026-02-10T05:09:22.739344+00:00
2024-11-20,21.559999465942383,21.559999465942383,21.075000762939453,21.18000030517578,20.4957332611084,10338300,HPE,yfinance,2026-02-10T05:09:22.739344+00:00
2024-11-21,21.31999969482422,21.959999084472656,21.299999237060547,21.739999771118164,21.037639617919922,12939500,HPE,yfinance,2026-02-10T05:09:22.739344+00:00
2024-11-22,21.809999465942383,22.219999313354492,21.719999313354492,22.100000381469727,21.386011123657227,8865800,HPE,yfinance,2026-02-10T05:09:22.739344+00:00
2024-11-25,22.399999618530273,22.6200008392334,22.06999969482422,22.209999084472656,21.492456436157227,21880100,HPE,yfinance,2026-02-10T05:09:22.739344+00:00
2024-11-26,22.170000076293945,22.25,21.934999465942383,22.1299991607666,21.415040969848633,8299400,HPE,yfinance,2026-02-10T05:09:22.739344+00:00
2024-11-27,21.1200008392334,21.450000762939453,20.635000228881836,20.799999237060547,20.128009796142578,16174000,HPE,yfinance,2026-02-10T05:09:22.739344+00:00
2024-11-29,20.829999923706055,21.420000076293945,20.809999465942383,21.219999313354492,20.534440994262695,7085600,HPE,yfinance,2026-02-10T05:09:22.739344+00:00
2024-12-02,21.200000762939453,21.600000381469727,20.989999771118164,21.25,20.563472747802734,12697300,HPE,yfinance,2026-02-10T05:09:22.739344+00:00
2024-12-03,21.059999465942383,21.31999969482422,20.959999084472656,21.299999237060547,20.611854553222656,9325900,HPE,yfinance,2026-02-10T05:09:22.739344+00:00
2024-12-04,21.5,22.079999923706055,21.3700008392334,21.760000228881836,21.056995391845703,11767000,HPE,yfinance,2026-02-10T05:09:22.739344+00:00
2024-12-05,22.600000381469727,22.739999771118164,21.56999969482422,21.649999618530273,20.95054817199707,26020400,HPE,yfinance,2026-02-10T05:09:22.739344+00:00
2024-12-06,22.68000030517578,24.239999771118164,22.459999084472656,23.950000762939453,23.17624282836914,37723200,HPE,yfinance,2026-02-10T05:09:22.739344+00:00
2024-12-09,23.850000381469727,23.920000076293945,23.059999465942383,23.110000610351562,22.363378524780273,22240200,HPE,yfinance,2026-02-10T05:09:22.739344+00:00
2024-12-10,22.6299991607666,22.899999618530273,21.770000457763672,21.920000076293945,21.21182632446289,20630800,HPE,yfinance,2026-02-10T05:09:22.739344+00:00
2024-12-11,21.829999923706055,22.0,21.204999923706055,21.90999984741211,21.202150344848633,16182300,HPE,yfinance,2026-02-10T05:09:22.739344+00:00
2024-12-12,21.823999404907227,22.170000076293945,21.760000228881836,21.829999923706055,21.12473487854004,12668200,HPE,yfinance,2026-02-10T05:09:22.739344+00:00
2024-12-13,21.72800064086914,22.06999969482422,21.68000030517578,21.829999923706055,21.12473487854004,10279500,HPE,yfinance,2026-02-10T05:09:22.739344+00:00
2024-12-16,21.83300018310547,22.040000915527344,21.25,21.850000381469727,21.144088745117188,22024400,HPE,yfinance,2026-02-10T05:09:22.739344+00:00
2024-12-17,21.360000610351562,21.90999984741211,21.360000610351562,21.540000915527344,20.84410285949707,13269400,HPE,yfinance,2026-02-10T05:09:22.739344+00:00
2024-12-18,21.670000076293945,21.799999237060547,20.549999237060547,20.59000015258789,19.92479705810547,15360500,HPE,yfinance,2026-02-10T05:09:22.739344+00:00
2024-12-19,21.09000015258789,21.200000762939453,20.760000228881836,20.889999389648438,20.215103149414062,18372300,HPE,yfinance,2026-02-10T05:09:22.739344+00:00
2024-12-20,20.610000610351562,21.639999389648438,20.600000381469727,21.610000610351562,21.04279327392578,43682400,HPE,yfinance,2026-02-10T05:09:22.739344+00:00
2024-12-23,21.600000381469727,21.860000610351562,21.389999389648438,21.81999969482422,21.24728012084961,14384000,HPE,yfinance,2026-02-10T05:09:22.739344+00:00
2024-12-24,21.860000610351562,21.920000076293945,21.749000549316406,21.889999389648438,21.31544303894043,5955400,HPE,yfinance,2026-02-10T05:09:22.739344+00:00
2024-12-26,21.790000915527344,22.049999237060547,21.774999618530273,22.030000686645508,21.45176887512207,4815400,HPE,yfinance,2026-02-10T05:09:22.739344+00:00
2024-12-27,21.825000762939453,21.915000915527344,21.520000457763672,21.649999618530273,21.081741333007812,6571000,HPE,yfinance,2026-02-10T05:09:22.739344+00:00
2024-12-30,21.315000534057617,21.610000610351562,21.125,21.399999618530273,20.83830451965332,7219100,HPE,yfinance,2026-02-10T05:09:22.739344+00:00
2024-12-31,21.469999313354492,21.594999313354492,21.184999465942383,21.350000381469727,20.78961753845215,7318600,HPE,yfinance,2026-02-10T05:09:22.739344+00:00
2025-01-02,21.440000534057617,21.56999969482422,21.149999618530273,21.469999313354492,20.906465530395508,11584500,HPE,yfinance,2026-02-10T05:09:22.739344+00:00
2025-01-03,21.56999969482422,21.850000381469727,21.440000534057617,21.81999969482422,21.24728012084961,8661800,HPE,yfinance,2026-02-10T05:09:22.739344+00:00
2025-01-06,22.219999313354492,23.059999465942383,22.170000076293945,22.850000381469727,22.250246047973633,21505800,HPE,yfinance,2026-02-10T05:09:22.739344+00:00
2025-01-07,23.049999237060547,23.049999237060547,22.2549991607666,22.280000686645508,21.695207595825195,12107300,HPE,yfinance,2026-02-10T05:09:22.739344+00:00
2025-01-08,22.200000762939453,22.2450008392334,21.600000381469727,22.030000686645508,21.45176887512207,14520700,HPE,yfinance,2026-02-10T05:09:22.739344+00:00
2025-01-10,21.829999923706055,22.979999542236328,21.485000610351562,22.079999923706055,21.500455856323242,26537200,HPE,yfinance,2026-02-10T05:09:22.739344+00:00
2025-01-13,21.540000915527344,22.0,21.165000915527344,21.979999542236328,21.4030818939209,14949500,HPE,yfinance,2026-02-10T05:09:22.739344+00:00
2025-01-14,22.15999984741211,22.899999618530273,22.030000686645508,22.540000915527344,21.948383331298828,17645900,HPE,yfinance,2026-02-10T05:09:22.739344+00:00
2025-01-15,23.155000686645508,23.34000015258789,22.950000762939453,23.299999237060547,22.688434600830078,17963000,HPE,yfinance,2026-02-10T05:09:22.739344+00:00
2025-01-16,23.360000610351562,23.510000228881836,23.21500015258789,23.40999984741211,22.795547485351562,11090300,HPE,yfinance,2026-02-10T05:09:22.739344+00:00
2025-01-17,23.700000762939453,23.700000762939453,23.09000015258789,23.139999389648438,22.53263282775879,19931100,HPE,yfinance,2026-02-10T05:09:22.739344+00:00
2025-01-21,23.29199981689453,23.75,23.110000610351562,23.700000762939453,23.077938079833984,11827700,HPE,yfinance,2026-02-10T05:09:22.739344+00:00
2025-01-22,24.09000015258789,24.65999984741211,23.84000015258789,24.420000076293945,23.779035568237305,14117400,HPE,yfinance,2026-02-10T05:09:22.739344+00:00
2025-01-23,24.270000457763672,24.415000915527344,24.059999465942383,24.360000610351562,23.720613479614258,9303000,HPE,yfinance,2026-02-10T05:09:22.739344+00:00
2025-01-24,24.520000457763672,24.53499984741211,24.15999984741211,24.3700008392334,23.730350494384766,9462800,HPE,yfinance,2026-02-10T05:09:22.739344+00:00
2025-01-27,23.260000228881836,23.469999313354492,22.3799991607666,22.950000762939453,22.34762191772461,17887200,HPE,yfinance,2026-02-10T05:09:22.739344+00:00
2025-01-28,23.040000915527344,23.040000915527344,20.979999542236328,21.459999084472656,20.896728515625,30977900,HPE,yfinance,2026-02-10T05:09:22.739344+00:00
2025-01-29,21.84000015258789,22.200000762939453,21.625,21.65999984741211,21.091480255126953,15537200,HPE,yfinance,2026-02-10T05:09:22.739344+00:00
2025-01-30,22.049999237060547,22.09000015258789,20.34000015258789,21.190000534057617,20.63381576538086,27898800,HPE,yfinance,2026-02-10T05:09:22.739344+00:00
2025-01-31,21.209999084472656,21.56999969482422,20.979999542236328,21.190000534057617,20.63381576538086,17010800,HPE,yfinance,2026-02-10T05:09:22.739344+00:00
2025-02-03,20.614999771118164,20.929000854492188,20.40999984741211,20.459999084472656,19.922977447509766,16941500,HPE,yfinance,2026-02-10T05:09:22.739344+00:00
2025-02-04,20.579999923706055,20.84000015258789,20.389999389648438,20.829999923706055,20.283267974853516,15540300,HPE,yfinance,2026-02-10T05:09:22.739344+00:00
2025-02-05,20.809999465942383,21.479999542236328,20.780000686645508,21.360000610351562,20.799354553222656,12062000,HPE,yfinance,2026-02-10T05:09:22.739344+00:00
2025-02-06,21.559999465942383,21.700000762939453,21.239999771118164,21.360000610351562,20.799354553222656,10698800,HPE,yfinance,2026-02-10T05:09:22.739344+00:00
2025-02-07,21.559999465942383,21.700000762939453,21.139999389648438,21.270000457763672,20.71171760559082,10204900,HPE,yfinance,2026-02-10T05:09:22.739344+00:00
2025-02-10,21.389999389648438,21.469999313354492,21.075000762939453,21.43000030517578,20.867517471313477,10673500,HPE,yfinance,2026-02-10T05:09:22.739344+00:00
2025-02-11,21.229999542236328,21.424999237060547,21.1200008392334,21.18000030517578,20.62407875061035,11291800,HPE,yfinance,2026-02-10T05:09:22.739344+00:00
2025-02-12,20.989999771118164,21.274999618530273,20.860000610351562,21.09000015258789,20.53644371032715,7928600,HPE,yfinance,2026-02-10T05:09:22.739344+00:00
2025-02-13,21.25,21.440000534057617,20.989999771118164,21.280000686645508,20.72145652770996,9625100,HPE,yfinance,2026-02-10T05:09:22.739344+00:00
2025-02-14,21.290000915527344,21.770000457763672,21.18000030517578,21.709999084472656,21.140167236328125,9807700,HPE,yfinance,2026-02-10T05:09:22.739344+00:00
2025-02-18,21.80500030517578,21.860000610351562,21.290000915527344,21.780000686645508,21.208332061767578,11685600,HPE,yfinance,2026-02-10T05:09:22.739344+00:00
2025-02-19,21.700000762939453,21.905000686645508,21.600000381469727,21.850000381469727,21.2764949798584,8427700,HPE,yfinance,2026-02-10T05:09:22.739344+00:00
2025-02-20,21.860000610351562,21.96500015258789,21.53499984741211,21.739999771118164,21.16937828063965,8675800,HPE,yfinance,2026-02-10T05:09:22.739344+00:00
2025-02-21,21.889999389648438,21.975000381469727,21.059999465942383,21.139999389648438,20.585128784179688,7811900,HPE,yfinance,2026-02-10T05:09:22.739344+00:00
2025-02-24,21.200000762939453,21.256000518798828,20.65999984741211,20.75,20.205364227294922,13306200,HPE,yfinance,2026-02-10T05:09:22.739344+00:00
2025-02-25,20.709999084472656,20.729999542236328,20.165000915527344,20.290000915527344,19.75743865966797,11058000,HPE,yfinance,2026-02-10T05:09:22.739344+00:00
2025-02-26,20.489999771118164,20.78499984741211,20.239999771118164,20.3700008392334,19.83534049987793,10821500,HPE,yfinance,2026-02-10T05:09:22.739344+00:00
2025-02-27,20.489999771118164,20.68000030517578,19.809999465942383,19.84000015258789,19.319252014160156,9331100,HPE,yfinance,2026-02-10T05:09:22.739344+00:00
2025-02-28,19.600000381469727,20.030000686645508,19.239999771118164,19.809999465942383,19.2900390625,17708400,HPE,yfinance,2026-02-10T05:09:22.739344+00:00
2025-03-03,20.06999969482422,20.09000015258789,18.885000228881836,19.030000686645508,18.53050994873047,11757900,HPE,yfinance,2026-02-10T05:09:22.739344+00:00
2025-03-04,18.860000610351562,19.1200008392334,18.334999084472656,18.84000015258789,18.34549903869629,16369000,HPE,yfinance,2026-02-10T05:09:22.739344+00:00
2025-03-05,18.950000762939453,19.100000381469727,18.575000762939453,18.889999389648438,18.394184112548828,15371900,HPE,yfinance,2026-02-10T05:09:22.739344+00:00
2025-03-06,18.31999969482422,18.687999725341797,17.8799991607666,17.959999084472656,17.48859405517578,25150000,HPE,yfinance,2026-02-10T05:09:22.739344+00:00
2025-03-07,15.260000228881836,16.040000915527344,14.930000305175781,15.8100004196167,15.395028114318848,81950800,HPE,yfinance,2026-02-10T05:09:22.739344+00:00
2025-03-10,15.510000228881836,15.670000076293945,14.850000381469727,15.079999923706055,14.684187889099121,32930200,HPE,yfinance,2026-02-10T05:09:22.739344+00:00
2025-03-11,15.020000457763672,15.505000114440918,14.920000076293945,15.34000015258789,14.93736457824707,29627200,HPE,yfinance,2026-02-10T05:09:22.739344+00:00
2025-03-12,15.25,15.520000457763672,14.930000305175781,15.09000015258789,14.693927764892578,26594000,HPE,yfinance,2026-02-10T05:09:22.739344+00:00
2025-03-13,15.109999656677246,15.425000190734863,14.640000343322754,14.770000457763672,14.382325172424316,30915000,HPE,yfinance,2026-02-10T05:09:22.739344+00:00
2025-03-14,15.050000190734863,15.6899995803833,15.050000190734863,15.619999885559082,15.210015296936035,27800100,HPE,yfinance,2026-02-10T05:09:22.739344+00:00
2025-03-17,15.649999618530273,15.960000038146973,15.600000381469727,15.84000015258789,15.424240112304688,19419600,HPE,yfinance,2026-02-10T05:09:22.739344+00:00
2025-03-18,15.755000114440918,16.040000915527344,15.720000267028809,15.930000305175781,15.511878967285156,24407600,HPE,yfinance,2026-02-10T05:09:22.739344+00:00
2025-03-19,16.079999923706055,16.545000076293945,16.06399917602539,16.34000015258789,15.911117553710938,21482800,HPE,yfinance,2026-02-10T05:09:22.739344+00:00
2025-03-20,16.100000381469727,16.479999542236328,16.06100082397461,16.229999542236328,15.804003715515137,19402600,HPE,yfinance,2026-02-10T05:09:22.739344+00:00
2025-03-21,15.9399995803833,16.1200008392334,15.781000137329102,16.049999237060547,15.754922866821289,47407400,HPE,yfinance,2026-02-10T05:09:22.739344+00:00
2025-03-24,16.399999618530273,16.549999237060547,16.315000534057617,16.479999542236328,16.177017211914062,24161700,HPE,yfinance,2026-02-10T05:09:22.739344+00:00
2025-03-25,16.459999084472656,16.59000015258789,16.399999618530273,16.520000457763672,16.216283798217773,21198200,HPE,yfinance,2026-02-10T05:09:22.739344+00:00
2025-03-26,16.5,16.549999237060547,16.03499984741211,16.06999969482422,15.774555206298828,23621500,HPE,yfinance,2026-02-10T05:09:22.739344+00:00
2025-03-27,15.960000038146973,16.059999465942383,15.760000228881836,15.9399995803833,15.646944999694824,18129300,HPE,yfinance,2026-02-10T05:09:22.739344+00:00
2025-03-28,15.850000381469727,15.920000076293945,15.520000457763672,15.789999961853027,15.499702453613281,19216400,HPE,yfinance,2026-02-10T05:09:22.739344+00:00
2025-03-31,15.479999542236328,15.550000190734863,15.239999771118164,15.430000305175781,15.146321296691895,31786500,HPE,yfinance,2026-02-10T05:09:22.739344+00:00
2025-04-01,15.489999771118164,15.734999656677246,15.274999618530273,15.640000343322754,15.352461814880371,22897300,HPE,yfinance,2026-02-10T05:09:22.739344+00:00
2025-04-02,15.390000343322754,16.200000762939453,15.390000343322754,16.1200008392334,15.823637008666992,23638200,HPE,yfinance,2026-02-10T05:09:22.739344+00:00
2025-04-03,15.130000114440918,15.300000190734863,13.600000381469727,13.680000305175781,13.428495407104492,35325800,HPE,yfinance,2026-02-10T05:09:22.739344+00:00
2025-04-04,13.3100004196167,13.3100004196167,11.96500015258789,12.789999961853027,12.55485725402832,32655000,HPE,yfinance,2026-02-10T05:09:22.739344+00:00
2025-04-07,12.34000015258789,14.199999809265137,12.3100004196167,13.329999923706055,13.084929466247559,35719900,HPE,yfinance,2026-02-10T05:09:22.739344+00:00
2025-04-08,13.710000038146973,13.949999809265137,12.260000228881836,12.510000228881836,12.280006408691406,31348400,HPE,yfinance,2026-02-10T05:09:22.739344+00:00
2025-04-09,12.369999885559082,14.595000267028809,12.149999618530273,14.5,14.233419418334961,39493500,HPE,yfinance,2026-02-10T05:09:22.739344+00:00
2025-04-10,13.9399995803833,14.069999694824219,13.199999809265137,13.739999771118164,13.487391471862793,23011200,HPE,yfinance,2026-02-10T05:09:22.739344+00:00
2025-04-11,13.729999542236328,14.180000305175781,13.430000305175781,14.140000343322754,13.88003921508789,23791800,HPE,yfinance,2026-02-10T05:09:22.739344+00:00
2025-04-14,14.859999656677246,14.859999656677246,14.270000457763672,14.279999732971191,14.017463684082031,24166100,HPE,yfinance,2026-02-10T05:09:22.739344+00:00
2025-04-15,14.279999732971191,15.539999961853027,14.199999809265137,15.010000228881836,14.734044075012207,48695200,HPE,yfinance,2026-02-10T05:09:22.739344+00:00
2025-04-16,14.720000267028809,15.1899995803833,14.600000381469727,14.880000114440918,14.606433868408203,25806100,HPE,yfinance,2026-02-10T05:09:22.739344+00:00
2025-04-17,14.970000267028809,15.260000228881836,14.75,15.140000343322754,14.861653327941895,22462900,HPE,yfinance,2026-02-10T05:09:22.739344+00:00
2025-04-21,14.949999809265137,15.020000457763672,14.550000190734863,14.819999694824219,14.547536849975586,19119900,HPE,yfinance,2026-02-10T05:09:22.739344+00:00
2025-04-22,15.020000457763672,15.244999885559082,14.90999984741211,15.149999618530273,14.871469497680664,15465600,HPE,yfinance,2026-02-10T05:09:22.739344+00:00
2025-04-23,15.779999732971191,16.260000228881836,15.3149995803833,15.350000381469727,15.067793846130371,19315600,HPE,yfinance,2026-02-10T05:09:22.739344+00:00
2025-04-24,15.4399995803833,16.270000457763672,15.420000076293945,16.18000030517578,15.882533073425293,18837500,HPE,yfinance,2026-02-10T05:09:22.739344+00:00
2025-04-25,16.219999313354492,16.334999084472656,16.059999465942383,16.239999771118164,15.941429138183594,10292000,HPE,yfinance,2026-02-10T05:09:22.739344+00:00
2025-04-28,16.28499984741211,16.540000915527344,16.200000762939453,16.489999771118164,16.18683433532715,15464700,HPE,yfinance,2026-02-10T05:09:22.739344+00:00
2025-04-29,16.350000381469727,16.485000610351562,16.260000228881836,16.309999465942383,16.010141372680664,10251100,HPE,yfinance,2026-02-10T05:09:22.739344+00:00
2025-04-30,15.720000267028809,16.290000915527344,15.711000442504883,16.219999313354492,15.921797752380371,18477400,HPE,yfinance,2026-02-10T05:09:22.739344+00:00
2025-05-01,16.399999618530273,16.760000228881836,16.399999618530273,16.40999984741211,16.10830307006836,14720300,HPE,yfinance,2026-02-10T05:09:22.739344+00:00
2025-05-02,16.780000686645508,16.989999771118164,16.645000457763672,16.860000610351562,16.550033569335938,15404600,HPE,yfinance,2026-02-10T05:09:22.739344+00:00
2025-05-05,16.65999984741211,16.989999771118164,16.6299991607666,16.670000076293945,16.363523483276367,14118200,HPE,yfinance,2026-02-10T05:09:22.739344+00:00
2025-05-06,16.56999969482422,16.639999389648438,16.334999084472656,16.489999771118164,16.18683433532715,12831500,HPE,yfinance,2026-02-10T05:09:22.739344+00:00
2025-05-07,16.559999465942383,16.600000381469727,16.174999237060547,16.559999465942383,16.255544662475586,13249300,HPE,yfinance,2026-02-10T05:09:22.739344+00:00
2025-05-08,16.709999084472656,17.1299991607666,16.690000534057617,16.8700008392334,16.55984878540039,11542200,HPE,yfinance,2026-02-10T05:09:22.739344+00:00
2025-05-09,16.96500015258789,17.110000610351562,16.760000228881836,16.889999389648438,16.579479217529297,15585200,HPE,yfinance,2026-02-10T05:09:22.739344+00:00
2025-05-12,17.850000381469727,17.979999542236328,17.545000076293945,17.739999771118164,17.41385269165039,19595800,HPE,yfinance,2026-02-10T05:09:22.739344+00:00
2025-05-13,17.799999237060547,18.059999465942383,17.674999237060547,17.920000076293945,17.590545654296875,14354000,HPE,yfinance,2026-02-10T05:09:22.739344+00:00
2025-05-14,17.96500015258789,18.18000030517578,17.764999389648438,17.850000381469727,17.52182960510254,16650200,HPE,yfinance,2026-02-10T05:09:22.739344+00:00
2025-05-15,17.719999313354492,17.719999313354492,17.440000534057617,17.6200008392334,17.296058654785156,16691600,HPE,yfinance,2026-02-10T05:09:22.739344+00:00
2025-05-16,17.68000030517578,17.834999084472656,17.575000762939453,17.75,17.423667907714844,11741700,HPE,yfinance,2026-02-10T05:09:22.739344+00:00
2025-05-19,17.360000610351562,17.545000076293945,17.329999923706055,17.459999084472656,17.138999938964844,16883600,HPE,yfinance,2026-02-10T05:09:22.739344+00:00
2025-05-20,18.020000457763672,18.020000457763672,17.58300018310547,17.719999313354492,17.39422035217285,16293800,HPE,yfinance,2026-02-10T05:09:22.739344+00:00
2025-05-21,17.600000381469727,18.06999969482422,17.485000610351562,17.540000915527344,17.217531204223633,19962700,HPE,yfinance,2026-02-10T05:09:22.739344+00:00
2025-05-22,17.53499984741211,17.704999923706055,17.34000015258789,17.549999237060547,17.227344512939453,14241400,HPE,yfinance,2026-02-10T05:09:22.739344+00:00
2025-05-23,17.18000030517578,17.469999313354492,17.030000686645508,17.420000076293945,17.099735260009766,9263400,HPE,yfinance,2026-02-10T05:09:22.739344+00:00
2025-05-27,17.829999923706055,17.979999542236328,17.600000381469727,17.940000534057617,17.61017608642578,16322100,HPE,yfinance,2026-02-10T05:09:22.739344+00:00
2025-05-28,17.950000762939453,18.0049991607666,17.6299991607666,17.690000534057617,17.36477279663086,10687900,HPE,yfinance,2026-02-10T05:09:22.739344+00:00
2025-05-29,17.84000015258789,17.900999069213867,17.575000762939453,17.649999618530273,17.32550621032715,15549200,HPE,yfinance,2026-02-10T05:09:22.739344+00:00
2025-05-30,17.3799991607666,17.450000762939453,17.09000015258789,17.280000686645508,16.962310791015625,26151300,HPE,yfinance,2026-02-10T05:09:22.739344+00:00
2025-06-02,17.280000686645508,17.375,17.024999618530273,17.34000015258789,17.02120590209961,15657300,HPE,yfinance,2026-02-10T05:09:22.739344+00:00
2025-06-03,17.31999969482422,17.770000457763672,17.155000686645508,17.690000534057617,17.36477279663086,27275600,HPE,yfinance,2026-02-10T05:09:22.739344+00:00
2025-06-04,19.170000076293945,19.200000762939453,17.579999923706055,17.84000015258789,17.512014389038086,45635500,HPE,yfinance,2026-02-10T05:09:22.739344+00:00
2025-06-05,17.780000686645508,18.059999465942383,17.520000457763672,17.760000228881836,17.43348503112793,23709700,HPE,yfinance,2026-02-10T05:09:22.739344+00:00
2025-06-06,17.860000610351562,18.229999542236328,17.760000228881836,18.110000610351562,17.777050018310547,14262900,HPE,yfinance,2026-02-10T05:09:22.739344+00:00
2025-06-09,18.200000762939453,18.59000015258789,18.15999984741211,18.309999465942383,17.973371505737305,13415500,HPE,yfinance,2026-02-10T05:09:22.739344+00:00
2025-06-10,18.520000457763672,18.520000457763672,18.184999465942383,18.34000015258789,18.00282096862793,12940900,HPE,yfinance,2026-02-10T05:09:22.739344+00:00
2025-06-11,18.299999237060547,18.420000076293945,18.1200008392334,18.219999313354492,17.885026931762695,12487100,HPE,yfinance,2026-02-10T05:09:22.739344+00:00
2025-06-12,18.059999465942383,18.235000610351562,17.96500015258789,18.1299991607666,17.796680450439453,12763100,HPE,yfinance,2026-02-10T05:09:22.739344+00:00
2025-06-13,17.760000228881836,17.959999084472656,17.530000686645508,17.649999618530273,17.32550621032715,13037100,HPE,yfinance,2026-02-10T05:09:22.739344+00:00
2025-06-16,17.799999237060547,18.239999771118164,17.760000228881836,18.239999771118164,17.904661178588867,13992300,HPE,yfinance,2026-02-10T05:09:22.739344+00:00
2025-06-17,18.030000686645508,18.260000228881836,17.84000015258789,17.899999618530273,17.57090950012207,14023000,HPE,yfinance,2026-02-10T05:09:22.739344+00:00
2025-06-18,17.8700008392334,18.170000076293945,17.704999923706055,17.780000686645508,17.580799102783203,18678700,HPE,yfinance,2026-02-10T05:09:22.739344+00:00
2025-06-20,18.024999618530273,18.190000534057617,17.780000686645508,17.959999084472656,17.75878143310547,33361800,HPE,yfinance,2026-02-10T05:09:22.739344+00:00
2025-06-23,17.899999618530273,17.96500015258789,17.489999771118164,17.809999465942383,17.610462188720703,25782800,HPE,yfinance,2026-02-10T05:09:22.739344+00:00
2025-06-24,17.989999771118164,18.25,17.940000534057617,18.149999618530273,17.9466552734375,12645900,HPE,yfinance,2026-02-10T05:09:22.739344+00:00
2025-06-25,18.239999771118164,18.6200008392334,18.200000762939453,18.489999771118164,18.28284454345703,12015900,HPE,yfinance,2026-02-10T05:09:22.739344+00:00
2025-06-26,18.594999313354492,18.6299991607666,18.325000762939453,18.3700008392334,18.1641902923584,15446600,HPE,yfinance,2026-02-10T05:09:22.739344+00:00
2025-06-27,18.440000534057617,18.575000762939453,18.270000457763672,18.40999984741211,18.2037410736084,17126500,HPE,yfinance,2026-02-10T05:09:22.739344+00:00
2025-06-30,20.690000534057617,20.969999313354492,20.1200008392334,20.450000762939453,20.22088623046875,58082000,HPE,yfinance,2026-02-10T05:09:22.739344+00:00
2025-07-01,20.1200008392334,20.704999923706055,20.100000381469727,20.479999542236328,20.25054931640625,26402600,HPE,yfinance,2026-02-10T05:09:22.739344+00:00
2025-07-02,20.540000915527344,21.469999313354492,20.260000228881836,21.25,21.01192283630371,29651200,HPE,yfinance,2026-02-10T05:09:22.739344+00:00
2025-07-03,21.440000534057617,21.469999313354492,21.149999618530273,21.34000015258789,21.100914001464844,12296600,HPE,yfinance,2026-02-10T05:09:22.739344+00:00
2025-07-07,21.219999313354492,21.28499984741211,20.770000457763672,20.90999984741211,20.675731658935547,24657200,HPE,yfinance,2026-02-10T05:09:22.739344+00:00
2025-07-08,20.940000534057617,21.010000228881836,20.549999237060547,20.81999969482422,20.586740493774414,23841100,HPE,yfinance,2026-02-10T05:09:22.739344+00:00
2025-07-09,21.020000457763672,21.020000457763672,20.594999313354492,20.799999237060547,20.566965103149414,18238600,HPE,yfinance,2026-02-10T05:09:22.739344+00:00
2025-07-10,20.940000534057617,21.719999313354492,20.71500015258789,21.290000915527344,21.051475524902344,34641500,HPE,yfinance,2026-02-10T05:09:22.739344+00:00
2025-07-11,21.049999237060547,21.049999237060547,20.68000030517578,20.719999313354492,20.48785972595215,20877600,HPE,yfinance,2026-02-10T05:09:22.739344+00:00
2025-07-14,20.579999923706055,20.847999572753906,20.450000762939453,20.670000076293945,20.43842124938965,12232300,HPE,yfinance,2026-02-10T05:09:22.739344+00:00
2025-07-15,20.860000610351562,20.899999618530273,20.280000686645508,20.280000686645508,20.052791595458984,11868700,HPE,yfinance,2026-02-10T05:09:22.739344+00:00
2025-07-16,20.389999389648438,20.510000228881836,20.06999969482422,20.350000381469727,20.122005462646484,15635300,HPE,yfinance,2026-02-10T05:09:22.739344+00:00
2025-07-17,20.889999389648438,21.15999984741211,20.600000381469727,20.829999923706055,20.596628189086914,18801600,HPE,yfinance,2026-02-10T05:09:22.739344+00:00
2025-07-18,20.969999313354492,21.184999465942383,20.8799991607666,21.110000610351562,20.873491287231445,14176300,HPE,yfinance,2026-02-10T05:09:22.739344+00:00
2025-07-21,21.010000228881836,21.09000015258789,20.639999389648438,20.65999984741211,20.428531646728516,15437700,HPE,yfinance,2026-02-10T05:09:22.739344+00:00
2025-07-22,20.649999618530273,20.69499969482422,20.260000228881836,20.40999984741211,20.181333541870117,13488100,HPE,yfinance,2026-02-10T05:09:22.739344+00:00
2025-07-23,20.65999984741211,21.155000686645508,20.65999984741211,20.760000228881836,20.52741241455078,16135000,HPE,yfinance,2026-02-10T05:09:22.739344+00:00
2025-07-24,20.700000762939453,20.729999542236328,20.4950008392334,20.510000228881836,20.280214309692383,12227700,HPE,yfinance,2026-02-10T05:09:22.739344+00:00
2025-07-25,20.729999542236328,20.729999542236328,20.5,20.729999542236328,20.49774742126465,8927400,HPE,yfinance,2026-02-10T05:09:22.739344+00:00
2025-07-28,20.81999969482422,20.927000045776367,20.670000076293945,20.8799991607666,20.646066665649414,21449000,HPE,yfinance,2026-02-10T05:09:22.739344+00:00
2025-07-29,20.940000534057617,21.100000381469727,20.719999313354492,20.850000381469727,20.616405487060547,18352500,HPE,yfinance,2026-02-10T05:09:22.739344+00:00
2025-07-30,20.875,21.09000015258789,20.760000228881836,20.889999389648438,20.655956268310547,14022900,HPE,yfinance,2026-02-10T05:09:22.739344+00:00
2025-07-31,20.920000076293945,21.198999404907227,20.65999984741211,20.690000534057617,20.45819664001465,11267300,HPE,yfinance,2026-02-10T05:09:22.739344+00:00
2025-08-01,20.290000915527344,20.290000915527344,19.65999984741211,19.809999465942383,19.588056564331055,14724600,HPE,yfinance,2026-02-10T05:09:22.739344+00:00
2025-08-04,20.030000686645508,20.05500030517578,19.829999923706055,20.020000457763672,19.79570198059082,14705200,HPE,yfinance,2026-02-10T05:09:22.739344+00:00
2025-08-05,20.079999923706055,20.135000228881836,19.635000228881836,19.8700008392334,19.647384643554688,12199300,HPE,yfinance,2026-02-10T05:09:22.739344+00:00
2025-08-06,19.860000610351562,20.309999465942383,19.649999618530273,20.1299991607666,19.904470443725586,18907400,HPE,yfinance,2026-02-10T05:09:22.739344+00:00
2025-08-07,20.459999084472656,20.549999237060547,20.1299991607666,20.399999618530273,20.171443939208984,16213100,HPE,yfinance,2026-02-10T05:09:22.739344+00:00
2025-08-08,20.559999465942383,21.014999389648438,20.510000228881836,20.809999465942383,20.57685089111328,15199300,HPE,yfinance,2026-02-10T05:09:22.739344+00:00
2025-08-11,20.93000030517578,21.079999923706055,20.56999969482422,20.59000015258789,20.359317779541016,15792900,HPE,yfinance,2026-02-10T05:09:22.739344+00:00
2025-08-12,20.899999618530273,21.434999465942383,20.739999771118164,21.31999969482422,21.081138610839844,17056900,HPE,yfinance,2026-02-10T05:09:22.739344+00:00
2025-08-13,21.399999618530273,21.760000228881836,21.280000686645508,21.559999465942383,21.318450927734375,16222700,HPE,yfinance,2026-02-10T05:09:22.739344+00:00
2025-08-14,21.239999771118164,21.479999542236328,21.1299991607666,21.31999969482422,21.081138610839844,7800500,HPE,yfinance,2026-02-10T05:09:22.739344+00:00
2025-08-15,21.3799991607666,21.3799991607666,21.03499984741211,21.15999984741211,20.922929763793945,14998500,HPE,yfinance,2026-02-10T05:09:22.739344+00:00
2025-08-18,21.110000610351562,21.665000915527344,21.100000381469727,21.6299991607666,21.387664794921875,12214900,HPE,yfinance,2026-02-10T05:09:22.739344+00:00
2025-08-19,21.549999237060547,21.68000030517578,21.299999237060547,21.34000015258789,21.100914001464844,11587600,HPE,yfinance,2026-02-10T05:09:22.739344+00:00
2025-08-20,21.600000381469727,21.6200008392334,20.440000534057617,21.040000915527344,20.804275512695312,16999500,HPE,yfinance,2026-02-10T05:09:22.739344+00:00
2025-08-21,21.68000030517578,21.90999984741211,21.415000915527344,21.81999969482422,21.575536727905273,20562600,HPE,yfinance,2026-02-10T05:09:22.739344+00:00
2025-08-22,21.8700008392334,22.690000534057617,21.84000015258789,22.450000762939453,22.19847869873047,18245300,HPE,yfinance,2026-02-10T05:09:22.739344+00:00
2025-08-25,22.489999771118164,22.670000076293945,22.344999313354492,22.559999465942383,22.3072452545166,17378800,HPE,yfinance,2026-02-10T05:09:22.739344+00:00
2025-08-26,22.549999237060547,22.7450008392334,22.399999618530273,22.5,22.24791717529297,17056400,HPE,yfinance,2026-02-10T05:09:22.739344+00:00
2025-08-27,22.31999969482422,22.8700008392334,22.239999771118164,22.729999542236328,22.475339889526367,23389900,HPE,yfinance,2026-02-10T05:09:22.739344+00:00
2025-08-28,22.81999969482422,23.309999465942383,22.700000762939453,23.15999984741211,22.900524139404297,24964900,HPE,yfinance,2026-02-10T05:09:22.739344+00:00
2025-08-29,22.84000015258789,22.864999771118164,22.43000030517578,22.56999969482422,22.317134857177734,19962600,HPE,yfinance,2026-02-10T05:09:22.739344+00:00
2025-09-02,22.049999237060547,22.709999084472656,21.920000076293945,22.68000030517578,22.425901412963867,27797200,HPE,yfinance,2026-02-10T05:09:22.739344+00:00
2025-09-03,22.959999084472656,23.040000915527344,22.575000762939453,22.81999969482422,22.564332962036133,34179900,HPE,yfinance,2026-02-10T05:09:22.739344+00:00
2025-09-04,23.899999618530273,24.174999237060547,22.68000030517578,23.15999984741211,22.900524139404297,62528800,HPE,yfinance,2026-02-10T05:09:22.739344+00:00
2025-09-05,23.15999984741211,23.559999465942383,22.700000762939453,23.520000457763672,23.25649070739746,24237500,HPE,yfinance,2026-02-10T05:09:22.739344+00:00
2025-09-08,23.600000381469727,23.774999618530273,23.049999237060547,23.5,23.23671531677246,19157100,HPE,yfinance,2026-02-10T05:09:22.739344+00:00
2025-09-09,23.420000076293945,23.979999542236328,23.375,23.8799991607666,23.612457275390625,16873500,HPE,yfinance,2026-02-10T05:09:22.739344+00:00
2025-09-10,24.010000228881836,24.679000854492188,23.93000030517578,24.440000534057617,24.16618537902832,21361400,HPE,yfinance,2026-02-10T05:09:22.739344+00:00
2025-09-11,24.579999923706055,24.959999084472656,24.44499969482422,24.860000610351562,24.581478118896484,20845500,HPE,yfinance,2026-02-10T05:09:22.739344+00:00
2025-09-12,24.854999542236328,25.100000381469727,24.729999542236328,24.729999542236328,24.45293426513672,20692400,HPE,yfinance,2026-02-10T05:09:22.739344+00:00
2025-09-15,24.799999237060547,25.03700065612793,24.5049991607666,24.84000015258789,24.561702728271484,18368000,HPE,yfinance,2026-02-10T05:09:22.739344+00:00
2025-09-16,24.90999984741211,24.969999313354492,24.34000015258789,24.43000030517578,24.156295776367188,21439300,HPE,yfinance,2026-02-10T05:09:22.739344+00:00
2025-09-17,24.549999237060547,24.958999633789062,24.25,24.729999542236328,24.45293426513672,25280500,HPE,yfinance,2026-02-10T05:09:22.739344+00:00
2025-09-18,25.0,25.350000381469727,24.889999389648438,25.239999771118164,25.089107513427734,22034800,HPE,yfinance,2026-02-10T05:09:22.739344+00:00
2025-09-19,25.209999084472656,25.31999969482422,24.860000610351562,24.989999771118164,24.84060287475586,32895700,HPE,yfinance,2026-02-10T05:09:22.739344+00:00
2025-09-22,24.954999923706055,25.356000900268555,24.899999618530273,25.15999984741211,25.009586334228516,28153200,HPE,yfinance,2026-02-10T05:09:22.739344+00:00
2025-09-23,25.1200008392334,25.315000534057617,24.68000030517578,24.700000762939453,24.552337646484375,25207500,HPE,yfinance,2026-02-10T05:09:22.739344+00:00
2025-09-24,24.889999389648438,25.06599998474121,24.3700008392334,24.459999084472656,24.313770294189453,25135600,HPE,yfinance,2026-02-10T05:09:22.739344+00:00
2025-09-25,24.020000457763672,24.2549991607666,23.8700008392334,24.209999084472656,24.065265655517578,32909800,HPE,yfinance,2026-02-10T05:09:22.739344+00:00
2025-09-26,24.079999923706055,24.149999618530273,23.80500030517578,24.0,23.856521606445312,20647700,HPE,yfinance,2026-02-10T05:09:22.739344+00:00
2025-09-29,24.309999465942383,24.684999465942383,24.100000381469727,24.139999389648438,23.995683670043945,19445300,HPE,yfinance,2026-02-10T05:09:22.739344+00:00
2025-09-30,24.100000381469727,24.565000534057617,23.979999542236328,24.559999465942383,24.41317367553711,22897400,HPE,yfinance,2026-02-10T05:09:22.739344+00:00
2025-10-01,24.3799991607666,24.975000381469727,24.229999542236328,24.93000030517578,24.780961990356445,27908400,HPE,yfinance,2026-02-10T05:09:22.739344+00:00
2025-10-02,25.170000076293945,25.309999465942383,24.40999984741211,24.479999542236328,24.333650588989258,17599900,HPE,yfinance,2026-02-10T05:09:22.739344+00:00
2025-10-03,24.600000381469727,25.0,24.299999237060547,24.43000030517578,24.283950805664062,20800300,HPE,yfinance,2026-02-10T05:09:22.739344+00:00
2025-10-06,24.969999313354492,25.2549991607666,24.764999389648438,24.790000915527344,24.641799926757812,15656000,HPE,yfinance,2026-02-10T05:09:22.739344+00:00
2025-10-07,25.459999084472656,25.920000076293945,24.665000915527344,24.90999984741211,24.761079788208008,21949800,HPE,yfinance,2026-02-10T05:09:22.739344+00:00
2025-10-08,24.860000610351562,26.440000534057617,24.850000381469727,26.079999923706055,25.92408561706543,29025300,HPE,yfinance,2026-02-10T05:09:22.739344+00:00
2025-10-09,26.040000915527344,26.3700008392334,25.739999771118164,26.25,26.093069076538086,20274400,HPE,yfinance,2026-02-10T05:09:22.739344+00:00
2025-10-10,26.25,26.367000579833984,24.389999389648438,24.399999618530273,24.25412940979004,35814900,HPE,yfinance,2026-02-10T05:09:22.739344+00:00
2025-10-13,24.950000762939453,25.454999923706055,24.75,24.799999237060547,24.651737213134766,35267900,HPE,yfinance,2026-02-10T05:09:22.739344+00:00
2025-10-14,24.3799991607666,25.3700008392334,24.280000686645508,25.0,24.850542068481445,34533600,HPE,yfinance,2026-02-10T05:09:22.739344+00:00
2025-10-15,25.25,26.309999465942383,24.864999771118164,25.040000915527344,24.890304565429688,50347700,HPE,yfinance,2026-02-10T05:09:22.739344+00:00
2025-10-16,22.969999313354492,23.489999771118164,22.110000610351562,22.5,22.365488052368164,78889800,HPE,yfinance,2026-02-10T05:09:22.739344+00:00
2025-10-17,22.350000381469727,23.270000457763672,22.239999771118164,22.959999084472656,22.822736740112305,65685500,HPE,yfinance,2026-02-10T05:09:22.739344+00:00
2025-10-20,23.065000534057617,23.104999542236328,22.440000534057617,22.8700008392334,22.733278274536133,60189800,HPE,yfinance,2026-02-10T05:09:22.739344+00:00
2025-10-21,22.959999084472656,23.43000030517578,22.6200008392334,23.270000457763672,23.13088607788086,81272500,HPE,yfinance,2026-02-10T05:09:22.739344+00:00
2025-10-22,23.139999389648438,23.2450008392334,22.600000381469727,23.09000015258789,22.951961517333984,50450400,HPE,yfinance,2026-02-10T05:09:22.739344+00:00
2025-10-23,23.139999389648438,23.459999084472656,23.05500030517578,23.190000534057617,23.05136489868164,30706700,HPE,yfinance,2026-02-10T05:09:22.739344+00:00
2025-10-24,23.65999984741211,23.698999404907227,23.274999618530273,23.5,23.35951042175293,19914300,HPE,yfinance,2026-02-10T05:09:22.739344+00:00
2025-10-27,23.780000686645508,24.21500015258789,23.579999923706055,24.18000030517578,24.035446166992188,35603400,HPE,yfinance,2026-02-10T05:09:22.739344+00:00
2025-10-28,24.25,24.697999954223633,23.690000534057617,24.25,24.105026245117188,38284100,HPE,yfinance,2026-02-10T05:09:22.739344+00:00
2025-10-29,24.549999237060547,24.59000015258789,24.079999923706055,24.270000457763672,24.124906539916992,35121100,HPE,yfinance,2026-02-10T05:09:22.739344+00:00
2025-10-30,24.149999618530273,24.74799919128418,24.040000915527344,24.40999984741211,24.264070510864258,39387200,HPE,yfinance,2026-02-10T05:09:22.739344+00:00
2025-10-31,24.489999771118164,24.920000076293945,24.200000762939453,24.420000076293945,24.274009704589844,33572100,HPE,yfinance,2026-02-10T05:09:22.739344+00:00
2025-11-03,24.6200008392334,24.780000686645508,24.110000610351562,24.5,24.353532791137695,28309400,HPE,yfinance,2026-02-10T05:09:22.739344+00:00
2025-11-04,23.934999465942383,24.100000381469727,23.43000030517578,23.559999465942383,23.419151306152344,35378300,HPE,yfinance,2026-02-10T05:09:22.739344+00:00
2025-11-05,23.600000381469727,24.030000686645508,23.389999389648438,23.709999084472656,23.568254470825195,27393700,HPE,yfinance,2026-02-10T05:09:22.739344+00:00
2025-11-06,23.68000030517578,23.899999618530273,23.125,23.399999618530273,23.260107040405273,22854200,HPE,yfinance,2026-02-10T05:09:22.739344+00:00
2025-11-07,23.270000457763672,23.524999618530273,22.790000915527344,23.450000762939453,23.309810638427734,21932600,HPE,yfinance,2026-02-10T05:09:22.739344+00:00
2025-11-10,24.114999771118164,24.40999984741211,23.579999923706055,23.8799991607666,23.73723793029785,34049800,HPE,yfinance,2026-02-10T05:09:22.739344+00:00
2025-11-11,23.700000762939453,23.75,22.764999389648438,22.889999389648438,22.753156661987305,28882000,HPE,yfinance,2026-02-10T05:09:22.739344+00:00
2025-11-12,23.06999969482422,23.69499969482422,23.0,23.479999542236328,23.339630126953125,37546600,HPE,yfinance,2026-02-10T05:09:22.739344+00:00
2025-11-13,23.270000457763672,23.594999313354492,22.649999618530273,22.93000030517578,22.792917251586914,42098300,HPE,yfinance,2026-02-10T05:09:22.739344+00:00
2025-11-14,22.479999542236328,23.420000076293945,22.350000381469727,22.829999923706055,22.69351577758789,29807000,HPE,yfinance,2026-02-10T05:09:22.739344+00:00
2025-11-17,21.940000534057617,22.190000534057617,20.735000610351562,21.229999542236328,21.10308074951172,50382100,HPE,yfinance,2026-02-10T05:09:22.739344+00:00
2025-11-18,21.010000228881836,21.454999923706055,20.719999313354492,20.899999618530273,20.775053024291992,43252800,HPE,yfinance,2026-02-10T05:09:22.739344+00:00
2025-11-19,20.81999969482422,21.145000457763672,20.56999969482422,20.600000381469727,20.476848602294922,26653200,HPE,yfinance,2026-02-10T05:09:22.739344+00:00
2025-11-20,21.1200008392334,21.309999465942383,19.924999237060547,20.020000457763672,19.900314331054688,24343600,HPE,yfinance,2026-02-10T05:09:22.739344+00:00
2025-11-21,20.18000030517578,20.790000915527344,19.950000762939453,20.520000457763672,20.39732551574707,22404400,HPE,yfinance,2026-02-10T05:09:22.739344+00:00
2025-11-24,20.829999923706055,21.25,20.655000686645508,21.09000015258789,20.963918685913086,35604100,HPE,yfinance,2026-02-10T05:09:22.739344+00:00
2025-11-25,21.110000610351562,21.450000762939453,20.93000030517578,21.360000610351562,21.232303619384766,21491200,HPE,yfinance,2026-02-10T05:09:22.739344+00:00
2025-11-26,21.600000381469727,21.610000610351562,21.100000381469727,21.530000686645508,21.401288986206055,19609800,HPE,yfinance,2026-02-10T05:09:22.739344+00:00
2025-11-28,21.584999084472656,21.934999465942383,21.540000915527344,21.8700008392334,21.739255905151367,7707800,HPE,yfinance,2026-02-10T05:09:22.739344+00:00
2025-12-01,21.559999465942383,22.030000686645508,21.479999542236328,21.940000534057617,21.808835983276367,25190200,HPE,yfinance,2026-02-10T05:09:22.739344+00:00
2025-12-02,22.229999542236328,22.239999771118164,21.844999313354492,21.920000076293945,21.788955688476562,16830400,HPE,yfinance,2026-02-10T05:09:22.739344+00:00
2025-12-03,21.885000228881836,22.40999984741211,21.81999969482422,22.260000228881836,22.126924514770508,19079400,HPE,yfinance,2026-02-10T05:09:22.739344+00:00
2025-12-04,22.309999465942383,23.09000015258789,22.299999237060547,22.899999618530273,22.763097763061523,33710900,HPE,yfinance,2026-02-10T05:09:22.739344+00:00
2025-12-05,20.899999618530273,23.55500030517578,20.610000610351562,23.329999923706055,23.190526962280273,47409100,HPE,yfinance,2026-02-10T05:09:22.739344+00:00
2025-12-08,23.135000228881836,24.364999771118164,23.049999237060547,23.860000610351562,23.71735954284668,26246100,HPE,yfinance,2026-02-10T05:09:22.739344+00:00
2025-12-09,23.690000534057617,24.809999465942383,23.670000076293945,24.770000457763672,24.621917724609375,31516600,HPE,yfinance,2026-02-10T05:09:22.739344+00:00
2025-12-10,24.739999771118164,25.40999984741211,24.579999923706055,25.260000228881836,25.10898780822754,40648800,HPE,yfinance,2026-02-10T05:09:22.739344+00:00
2025-12-11,24.729999542236328,24.899999618530273,24.045000076293945,24.540000915527344,24.393293380737305,31575300,HPE,yfinance,2026-02-10T05:09:22.739344+00:00
2025-12-12,24.389999389648438,24.434999465942383,23.684999465942383,23.8700008392334,23.727298736572266,49512900,HPE,yfinance,2026-02-10T05:09:22.739344+00:00
2025-12-15,24.0,24.09000015258789,23.71500015258789,24.049999237060547,23.906221389770508,35706300,HPE,yfinance,2026-02-10T05:09:22.739344+00:00
2025-12-16,23.920000076293945,24.5,23.834999084472656,24.299999237060547,24.154726028442383,33437500,HPE,yfinance,2026-02-10T05:09:22.739344+00:00
2025-12-17,24.3700008392334,24.670000076293945,23.84000015258789,24.020000457763672,23.876401901245117,31541800,HPE,yfinance,2026-02-10T05:09:22.739344+00:00
2025-12-18,24.100000381469727,24.190000534057617,23.385000228881836,23.920000076293945,23.77699851989746,23603100,HPE,yfinance,2026-02-10T05:09:22.739344+00:00
2025-12-19,23.90999984741211,24.579999923706055,23.889999389648438,24.43000030517578,24.43000030517578,29907700,HPE,yfinance,2026-02-10T05:09:22.739344+00:00
2025-12-22,24.670000076293945,24.799999237060547,24.385000228881836,24.700000762939453,24.700000762939453,18592700,HPE,yfinance,2026-02-10T05:09:22.739344+00:00
2025-12-23,24.729999542236328,24.799999237060547,24.459999084472656,24.579999923706055,24.579999923706055,16269200,HPE,yfinance,2026-02-10T05:09:22.739344+00:00
2025-12-24,24.600000381469727,24.700000762939453,24.440000534057617,24.440000534057617,24.440000534057617,5180800,HPE,yfinance,2026-02-10T05:09:22.739344+00:00
2025-12-26,24.5,24.55500030517578,24.344999313354492,24.489999771118164,24.489999771118164,11203600,HPE,yfinance,2026-02-10T05:09:22.739344+00:00
2025-12-29,24.25,24.524999618530273,24.1299991607666,24.329999923706055,24.329999923706055,13836300,HPE,yfinance,2026-02-10T05:09:22.739344+00:00
2025-12-30,24.329999923706055,24.440000534057617,24.06999969482422,24.06999969482422,24.06999969482422,9611600,HPE,yfinance,2026-02-10T05:09:22.739344+00:00
2025-12-31,24.020000457763672,24.239999771118164,23.84000015258789,24.020000457763672,24.020000457763672,14245400,HPE,yfinance,2026-02-10T05:09:22.739344+00:00
2026-01-02,24.280000686645508,24.389999389648438,23.81999969482422,24.170000076293945,24.170000076293945,11238800,HPE,yfinance,2026-02-10T05:09:22.739344+00:00
2026-01-05,24.219999313354492,24.40999984741211,23.729999542236328,24.1299991607666,24.1299991607666,18144700,HPE,yfinance,2026-02-10T05:09:22.739344+00:00
2026-01-06,24.09000015258789,24.350000381469727,23.780000686645508,23.790000915527344,23.790000915527344,17048400,HPE,yfinance,2026-02-10T05:09:22.739344+00:00
2026-01-07,23.709999084472656,23.799999237060547,22.43000030517578,22.43000030517578,22.43000030517578,23267100,HPE,yfinance,2026-02-10T05:09:22.739344+00:00
2026-01-08,22.299999237060547,22.329999923706055,21.80500030517578,22.020000457763672,22.020000457763672,27026500,HPE,yfinance,2026-02-10T05:09:22.739344+00:00
2026-01-09,22.100000381469727,22.389999389648438,21.760000228881836,22.170000076293945,22.170000076293945,25301900,HPE,yfinance,2026-02-10T05:09:22.739344+00:00
2026-01-12,21.959999084472656,22.399999618530273,21.8700008392334,22.100000381469727,22.100000381469727,14571600,HPE,yfinance,2026-02-10T05:09:22.739344+00:00
2026-01-13,22.5,22.71500015258789,22.229999542236328,22.290000915527344,22.290000915527344,11503000,HPE,yfinance,2026-02-10T05:09:22.739344+00:00
2026-01-14,22.18000030517578,22.584999084472656,21.885000228881836,22.09000015258789,22.09000015258789,14093700,HPE,yfinance,2026-02-10T05:09:22.739344+00:00
2026-01-15,22.420000076293945,22.549999237060547,21.940000534057617,21.950000762939453,21.950000762939453,14910500,HPE,yfinance,2026-02-10T05:09:22.739344+00:00
2026-01-16,22.0,22.0,21.420000076293945,21.440000534057617,21.440000534057617,15541600,HPE,yfinance,2026-02-10T05:09:22.739344+00:00
2026-01-20,20.989999771118164,21.110000610351562,20.075000762939453,20.389999389648438,20.389999389648438,26347300,HPE,yfinance,2026-02-10T05:09:22.739344+00:00
2026-01-21,20.53499984741211,21.100000381469727,20.3700008392334,21.020000457763672,21.020000457763672,20480300,HPE,yfinance,2026-02-10T05:09:22.739344+00:00
2026-01-22,21.299999237060547,21.934999465942383,21.299999237060547,21.360000610351562,21.360000610351562,14748500,HPE,yfinance,2026-02-10T05:09:22.739344+00:00
2026-01-23,21.309999465942383,21.309999465942383,20.969999313354492,21.049999237060547,21.049999237060547,9391800,HPE,yfinance,2026-02-10T05:09:22.739344+00:00
2026-01-26,21.06999969482422,21.415000915527344,21.020000457763672,21.3700008392334,21.3700008392334,10641900,HPE,yfinance,2026-02-10T05:09:22.739344+00:00
2026-01-27,21.600000381469727,21.84000015258789,21.43000030517578,21.600000381469727,21.600000381469727,10058800,HPE,yfinance,2026-02-10T05:09:22.739344+00:00
2026-01-28,21.75,21.920000076293945,21.53499984741211,21.709999084472656,21.709999084472656,16653000,HPE,yfinance,2026-02-10T05:09:22.739344+00:00
2026-01-29,21.81999969482422,22.010000228881836,21.354999542236328,22.010000228881836,22.010000228881836,15125000,HPE,yfinance,2026-02-10T05:09:22.739344+00:00
2026-01-30,21.6299991607666,21.80500030517578,21.260000228881836,21.520000457763672,21.520000457763672,19367800,HPE,yfinance,2026-02-10T05:09:22.739344+00:00
2026-02-02,21.40999984741211,22.079999923706055,21.350000381469727,22.010000228881836,22.010000228881836,16061700,HPE,yfinance,2026-02-10T05:09:22.739344+00:00
2026-02-03,22.190000534057617,22.485000610351562,21.665000915527344,21.780000686645508,21.780000686645508,20537400,HPE,yfinance,2026-02-10T05:09:22.739344+00:00
2026-02-04,21.780000686645508,23.290000915527344,21.729999542236328,23.239999771118164,23.239999771118164,29903000,HPE,yfinance,2026-02-10T05:09:22.739344+00:00
2026-02-05,22.920000076293945,23.100000381469727,22.165000915527344,22.709999084472656,22.709999084472656,23404300,HPE,yfinance,2026-02-10T05:09:22.739344+00:00
2026-02-06,23.079999923706055,23.799999237060547,22.979999542236328,23.610000610351562,23.610000610351562,15011600,HPE,yfinance,2026-02-10T05:09:22.739344+00:00
2026-02-09,23.40999984741211,24.06999969482422,23.299999237060547,23.90999984741211,23.90999984741211,14121400,HPE,yfinance,2026-02-10T05:09:22.739344+00:00
