date,open,high,low,close,adj_close,volume,ticker,source,updated_at
2001-10-23,20.5,21.389999389648438,20.399999618530273,21.0,10.982597351074219,32584000,PFG,yfinance,2026-02-10T05:10:16.435896+00:00
2001-10-24,21.100000381469727,22.200000762939453,21.0,22.149999618530273,11.584022521972656,5847500,PFG,yfinance,2026-02-10T05:10:16.435896+00:00
2001-10-25,22.0,22.149999618530273,21.649999618530273,21.950000762939453,11.479426383972168,2038800,PFG,yfinance,2026-02-10T05:10:16.435896+00:00
2001-10-26,21.950000762939453,22.0,21.399999618530273,21.5,11.244085311889648,3339100,PFG,yfinance,2026-02-10T05:10:16.435896+00:00
2001-10-29,22.0,22.0,21.0,21.200000762939453,11.087190628051758,1758700,PFG,yfinance,2026-02-10T05:10:16.435896+00:00
2001-10-30,21.399999618530273,22.25,21.0,22.040000915527344,11.526494026184082,2225300,PFG,yfinance,2026-02-10T05:10:16.435896+00:00
2001-10-31,22.399999618530273,23.989999771118164,21.950000762939453,22.5,11.767069816589355,5101800,PFG,yfinance,2026-02-10T05:10:16.435896+00:00
2001-11-01,22.6299991607666,22.6299991607666,21.700000762939453,21.950000762939453,11.479426383972168,2747400,PFG,yfinance,2026-02-10T05:10:16.435896+00:00
2001-11-02,22.100000381469727,22.25,21.950000762939453,22.18000030517578,11.599710464477539,1183800,PFG,yfinance,2026-02-10T05:10:16.435896+00:00
2001-11-05,22.100000381469727,22.200000762939453,21.75,22.0,11.505576133728027,1144000,PFG,yfinance,2026-02-10T05:10:16.435896+00:00
2001-11-06,21.920000076293945,22.700000762939453,21.850000381469727,22.600000381469727,11.81936264038086,695100,PFG,yfinance,2026-02-10T05:10:16.435896+00:00
2001-11-07,22.649999618530273,22.649999618530273,21.649999618530273,21.850000381469727,11.4271240234375,1002900,PFG,yfinance,2026-02-10T05:10:16.435896+00:00
2001-11-08,21.950000762939453,22.0,21.59000015258789,21.81999969482422,11.411438941955566,1642800,PFG,yfinance,2026-02-10T05:10:16.435896+00:00
2001-11-09,21.5,21.770000457763672,21.5,21.600000381469727,11.296380043029785,1601000,PFG,yfinance,2026-02-10T05:10:16.435896+00:00
2001-11-12,21.610000610351562,22.0,21.309999465942383,21.979999542236328,11.495112419128418,1101400,PFG,yfinance,2026-02-10T05:10:16.435896+00:00
2001-11-13,22.0,22.0,21.75,21.850000381469727,11.4271240234375,687300,PFG,yfinance,2026-02-10T05:10:16.435896+00:00
2001-11-14,22.100000381469727,22.100000381469727,21.399999618530273,21.75,11.374828338623047,1964000,PFG,yfinance,2026-02-10T05:10:16.435896+00:00
2001-11-15,21.649999618530273,21.989999771118164,21.600000381469727,21.93000030517578,11.468966484069824,867300,PFG,yfinance,2026-02-10T05:10:16.435896+00:00
2001-11-16,22.0,22.8799991607666,21.979999542236328,22.25,11.636323928833008,1851600,PFG,yfinance,2026-02-10T05:10:16.435896+00:00
2001-11-19,22.0,22.739999771118164,22.0,22.329999923706055,11.678155899047852,1231800,PFG,yfinance,2026-02-10T05:10:16.435896+00:00
2001-11-20,22.25,22.75,22.25,22.719999313354492,11.882126808166504,1182300,PFG,yfinance,2026-02-10T05:10:16.435896+00:00
2001-11-21,22.799999237060547,22.899999618530273,22.649999618530273,22.8700008392334,11.9605712890625,1016400,PFG,yfinance,2026-02-10T05:10:16.435896+00:00
2001-11-23,22.8799991607666,22.8799991607666,22.200000762939453,22.3799991607666,11.704304695129395,328800,PFG,yfinance,2026-02-10T05:10:16.435896+00:00
2001-11-26,22.100000381469727,22.479999542236328,21.979999542236328,22.329999923706055,11.678155899047852,2417500,PFG,yfinance,2026-02-10T05:10:16.435896+00:00
2001-11-27,22.25,22.600000381469727,22.25,22.399999618530273,11.714765548706055,1536000,PFG,yfinance,2026-02-10T05:10:16.435896+00:00
2001-11-28,22.93000030517578,22.93000030517578,22.479999542236328,22.799999237060547,11.923957824707031,871900,PFG,yfinance,2026-02-10T05:10:16.435896+00:00
2001-11-29,22.799999237060547,22.950000762939453,22.5,22.8799991607666,11.96579360961914,523100,PFG,yfinance,2026-02-10T05:10:16.435896+00:00
2001-11-30,22.899999618530273,23.0,22.700000762939453,22.950000762939453,12.002406120300293,2255100,PFG,yfinance,2026-02-10T05:10:16.435896+00:00
2001-12-03,22.979999542236328,23.200000762939453,22.25,22.950000762939453,12.002406120300293,1037600,PFG,yfinance,2026-02-10T05:10:16.435896+00:00
2001-12-04,22.950000762939453,22.989999771118164,22.649999618530273,22.950000762939453,12.002406120300293,578700,PFG,yfinance,2026-02-10T05:10:16.435896+00:00
2001-12-05,23.030000686645508,23.299999237060547,22.950000762939453,23.200000762939453,12.133149147033691,1370400,PFG,yfinance,2026-02-10T05:10:16.435896+00:00
2001-12-06,23.200000762939453,23.809999465942383,23.1200008392334,23.450000762939453,12.263897895812988,509400,PFG,yfinance,2026-02-10T05:10:16.435896+00:00
2001-12-07,23.299999237060547,23.780000686645508,23.200000762939453,23.450000762939453,12.263897895812988,1175600,PFG,yfinance,2026-02-10T05:10:16.435896+00:00
2001-12-10,23.440000534057617,23.440000534057617,23.200000762939453,23.350000381469727,12.211593627929688,1396900,PFG,yfinance,2026-02-10T05:10:16.435896+00:00
2001-12-11,23.350000381469727,23.850000381469727,23.350000381469727,23.489999771118164,12.284818649291992,1376300,PFG,yfinance,2026-02-10T05:10:16.435896+00:00
2001-12-12,23.649999618530273,23.950000762939453,23.5,23.649999618530273,12.368492126464844,1933800,PFG,yfinance,2026-02-10T05:10:16.435896+00:00
2001-12-13,23.75,23.850000381469727,23.350000381469727,23.479999542236328,12.279583930969238,1813400,PFG,yfinance,2026-02-10T05:10:16.435896+00:00
2001-12-14,23.399999618530273,24.350000381469727,23.399999618530273,24.079999923706055,12.593374252319336,2133900,PFG,yfinance,2026-02-10T05:10:16.435896+00:00
2001-12-17,24.280000686645508,24.75,23.520000457763672,23.690000534057617,12.389413833618164,1285500,PFG,yfinance,2026-02-10T05:10:16.435896+00:00
2001-12-18,23.899999618530273,24.09000015258789,23.5,23.690000534057617,12.389413833618164,1949800,PFG,yfinance,2026-02-10T05:10:16.435896+00:00
2001-12-19,23.8799991607666,24.1200008392334,23.0,23.510000228881836,12.295276641845703,3143500,PFG,yfinance,2026-02-10T05:10:16.435896+00:00
2001-12-20,23.510000228881836,23.700000762939453,23.0,23.579999923706055,12.331883430480957,3660000,PFG,yfinance,2026-02-10T05:10:16.435896+00:00
2001-12-21,23.100000381469727,23.559999465942383,23.079999923706055,23.3700008392334,12.222062110900879,2871400,PFG,yfinance,2026-02-10T05:10:16.435896+00:00
2001-12-24,23.399999618530273,23.489999771118164,23.299999237060547,23.399999618530273,12.237743377685547,1578200,PFG,yfinance,2026-02-10T05:10:16.435896+00:00
2001-12-26,23.5,23.700000762939453,23.25,23.299999237060547,12.185452461242676,2152100,PFG,yfinance,2026-02-10T05:10:16.435896+00:00
2001-12-27,23.450000762939453,23.899999618530273,23.200000762939453,23.549999237060547,12.316194534301758,1772400,PFG,yfinance,2026-02-10T05:10:16.435896+00:00
2001-12-28,23.600000381469727,24.049999237060547,23.399999618530273,23.520000457763672,12.300505638122559,1977900,PFG,yfinance,2026-02-10T05:10:16.435896+00:00
2001-12-31,23.600000381469727,24.049999237060547,23.549999237060547,24.0,12.55153751373291,1596000,PFG,yfinance,2026-02-10T05:10:16.435896+00:00
2002-01-02,24.049999237060547,24.200000762939453,23.43000030517578,23.829999923706055,12.462631225585938,2708100,PFG,yfinance,2026-02-10T05:10:16.435896+00:00
2002-01-03,23.809999465942383,23.950000762939453,23.549999237060547,23.75,12.420792579650879,1501300,PFG,yfinance,2026-02-10T05:10:16.435896+00:00
2002-01-04,23.799999237060547,24.260000228881836,23.75,23.950000762939453,12.525385856628418,2971800,PFG,yfinance,2026-02-10T05:10:16.435896+00:00
2002-01-07,24.0,24.100000381469727,23.399999618530273,23.850000381469727,12.473090171813965,2623000,PFG,yfinance,2026-02-10T05:10:16.435896+00:00
2002-01-08,23.75,24.149999618530273,23.520000457763672,24.079999923706055,12.593374252319336,2397100,PFG,yfinance,2026-02-10T05:10:16.435896+00:00
2002-01-09,24.079999923706055,24.149999618530273,23.719999313354492,23.899999618530273,12.499238014221191,2569100,PFG,yfinance,2026-02-10T05:10:16.435896+00:00
2002-01-10,24.299999237060547,24.299999237060547,24.0,24.200000762939453,12.65613079071045,2023900,PFG,yfinance,2026-02-10T05:10:16.435896+00:00
2002-01-11,24.200000762939453,24.299999237060547,23.75,24.0,12.55153751373291,1845800,PFG,yfinance,2026-02-10T05:10:16.435896+00:00
2002-01-14,24.049999237060547,24.149999618530273,23.799999237060547,23.979999542236328,12.541078567504883,1516500,PFG,yfinance,2026-02-10T05:10:16.435896+00:00
2002-01-15,23.850000381469727,24.059999465942383,23.649999618530273,23.799999237060547,12.446941375732422,1548300,PFG,yfinance,2026-02-10T05:10:16.435896+00:00
2002-01-16,23.950000762939453,23.950000762939453,23.540000915527344,23.700000762939453,12.394645690917969,1409800,PFG,yfinance,2026-02-10T05:10:16.435896+00:00
2002-01-17,23.780000686645508,24.18000030517578,23.770000457763672,24.18000030517578,12.645672798156738,2317000,PFG,yfinance,2026-02-10T05:10:16.435896+00:00
2002-01-18,24.299999237060547,24.399999618530273,23.940000534057617,24.200000762939453,12.65613079071045,1503600,PFG,yfinance,2026-02-10T05:10:16.435896+00:00
2002-01-22,24.5,24.649999618530273,24.229999542236328,24.479999542236328,12.802563667297363,2034700,PFG,yfinance,2026-02-10T05:10:16.435896+00:00
2002-01-23,24.5,24.579999923706055,23.75,23.799999237060547,12.446941375732422,2306700,PFG,yfinance,2026-02-10T05:10:16.435896+00:00
2002-01-24,24.100000381469727,24.25,23.93000030517578,24.149999618530273,12.629981994628906,2413800,PFG,yfinance,2026-02-10T05:10:16.435896+00:00
2002-01-25,24.25,26.0,24.06999969482422,25.639999389648438,13.409226417541504,2492400,PFG,yfinance,2026-02-10T05:10:16.435896+00:00
2002-01-28,25.440000534057617,26.200000762939453,25.049999237060547,26.0,13.59749984741211,1486900,PFG,yfinance,2026-02-10T05:10:16.435896+00:00
2002-01-29,25.899999618530273,27.049999237060547,25.700000762939453,25.969999313354492,13.581812858581543,2980800,PFG,yfinance,2026-02-10T05:10:16.435896+00:00
2002-01-30,25.950000762939453,26.149999618530273,25.0,25.5,13.33600902557373,1981800,PFG,yfinance,2026-02-10T05:10:16.435896+00:00
2002-01-31,25.579999923706055,25.579999923706055,25.0,25.450000762939453,13.309856414794922,2352100,PFG,yfinance,2026-02-10T05:10:16.435896+00:00
2002-02-01,25.149999618530273,25.200000762939453,24.399999618530273,24.399999618530273,12.760729789733887,4133400,PFG,yfinance,2026-02-10T05:10:16.435896+00:00
2002-02-04,24.299999237060547,24.540000915527344,22.200000762939453,23.75,12.420792579650879,3861300,PFG,yfinance,2026-02-10T05:10:16.435896+00:00
2002-02-05,23.5,23.600000381469727,22.899999618530273,23.25,12.159295082092285,3665100,PFG,yfinance,2026-02-10T05:10:16.435896+00:00
2002-02-06,24.0,24.469999313354492,23.770000457763672,23.920000076293945,12.509695053100586,2942300,PFG,yfinance,2026-02-10T05:10:16.435896+00:00
2002-02-07,23.920000076293945,24.399999618530273,23.850000381469727,24.0,12.55153751373291,1683200,PFG,yfinance,2026-02-10T05:10:16.435896+00:00
2002-02-08,24.100000381469727,24.790000915527344,24.020000457763672,24.790000915527344,12.964692115783691,1214000,PFG,yfinance,2026-02-10T05:10:16.435896+00:00
2002-02-11,24.850000381469727,25.059999465942383,24.219999313354492,24.360000610351562,12.73980712890625,2064500,PFG,yfinance,2026-02-10T05:10:16.435896+00:00
2002-02-12,24.5,24.84000015258789,24.399999618530273,24.799999237060547,12.969916343688965,1156500,PFG,yfinance,2026-02-10T05:10:16.435896+00:00
2002-02-13,24.899999618530273,25.299999237060547,24.600000381469727,24.75,12.943768501281738,1899000,PFG,yfinance,2026-02-10T05:10:16.435896+00:00
2002-02-14,24.75,24.75,23.950000762939453,24.360000610351562,12.73980712890625,3033900,PFG,yfinance,2026-02-10T05:10:16.435896+00:00
2002-02-15,24.5,24.5,23.700000762939453,24.049999237060547,12.577683448791504,1902200,PFG,yfinance,2026-02-10T05:10:16.435896+00:00
2002-02-19,23.989999771118164,24.0,23.299999237060547,23.579999923706055,12.331883430480957,2002100,PFG,yfinance,2026-02-10T05:10:16.435896+00:00
2002-02-20,23.719999313354492,23.780000686645508,23.3799991607666,23.549999237060547,12.316194534301758,943100,PFG,yfinance,2026-02-10T05:10:16.435896+00:00
2002-02-21,23.649999618530273,23.899999618530273,23.049999237060547,23.200000762939453,12.133149147033691,1624200,PFG,yfinance,2026-02-10T05:10:16.435896+00:00
2002-02-22,23.399999618530273,23.399999618530273,22.0,22.5,11.767069816589355,2532900,PFG,yfinance,2026-02-10T05:10:16.435896+00:00
2002-02-25,22.899999618530273,23.239999771118164,22.899999618530273,23.190000534057617,12.127917289733887,2515300,PFG,yfinance,2026-02-10T05:10:16.435896+00:00
2002-02-26,23.399999618530273,23.950000762939453,23.1200008392334,23.700000762939453,12.394645690917969,1166900,PFG,yfinance,2026-02-10T05:10:16.435896+00:00
2002-02-27,23.799999237060547,24.469999313354492,23.75,24.440000534057617,12.781647682189941,1842500,PFG,yfinance,2026-02-10T05:10:16.435896+00:00
2002-02-28,24.75,24.979999542236328,24.0,24.360000610351562,12.73980712890625,1467600,PFG,yfinance,2026-02-10T05:10:16.435896+00:00
2002-03-01,24.299999237060547,24.799999237060547,24.149999618530273,24.799999237060547,12.969916343688965,1293700,PFG,yfinance,2026-02-10T05:10:16.435896+00:00
2002-03-04,24.799999237060547,26.0,24.5,25.270000457763672,13.215721130371094,1993100,PFG,yfinance,2026-02-10T05:10:16.435896+00:00
2002-03-05,25.229999542236328,25.510000228881836,25.020000457763672,25.049999237060547,13.100662231445312,2963400,PFG,yfinance,2026-02-10T05:10:16.435896+00:00
2002-03-06,25.200000762939453,25.31999969482422,24.549999237060547,25.0,13.074518203735352,995300,PFG,yfinance,2026-02-10T05:10:16.435896+00:00
2002-03-07,25.0,25.479999542236328,24.549999237060547,25.200000762939453,13.179118156433105,1714400,PFG,yfinance,2026-02-10T05:10:16.435896+00:00
2002-03-08,25.149999618530273,25.5,25.0,25.049999237060547,13.100662231445312,1085900,PFG,yfinance,2026-02-10T05:10:16.435896+00:00
2002-03-11,25.049999237060547,25.239999771118164,24.770000457763672,24.950000762939453,13.048365592956543,1338800,PFG,yfinance,2026-02-10T05:10:16.435896+00:00
2002-03-12,25.079999923706055,25.200000762939453,24.8799991607666,25.0,13.074518203735352,615600,PFG,yfinance,2026-02-10T05:10:16.435896+00:00
2002-03-13,25.0,25.139999389648438,24.799999237060547,25.020000457763672,13.084976196289062,965100,PFG,yfinance,2026-02-10T05:10:16.435896+00:00
2002-03-14,25.0,25.479999542236328,25.0,25.420000076293945,13.294167518615723,1636200,PFG,yfinance,2026-02-10T05:10:16.435896+00:00
2002-03-15,25.399999618530273,25.75,25.299999237060547,25.5,13.33600902557373,504400,PFG,yfinance,2026-02-10T05:10:16.435896+00:00
2002-03-18,26.5,26.600000381469727,25.299999237060547,25.5,13.33600902557373,2792000,PFG,yfinance,2026-02-10T05:10:16.435896+00:00
2002-03-19,25.700000762939453,25.899999618530273,25.399999618530273,25.520000457763672,13.346468925476074,3362800,PFG,yfinance,2026-02-10T05:10:16.435896+00:00
2002-03-20,25.549999237060547,25.969999313354492,25.43000030517578,25.799999237060547,13.492899894714355,1655700,PFG,yfinance,2026-02-10T05:10:16.435896+00:00
2002-03-21,25.850000381469727,25.8799991607666,25.549999237060547,25.780000686645508,13.482439994812012,1683100,PFG,yfinance,2026-02-10T05:10:16.435896+00:00
2002-03-22,25.850000381469727,25.850000381469727,25.639999389648438,25.799999237060547,13.492899894714355,1944400,PFG,yfinance,2026-02-10T05:10:16.435896+00:00
2002-03-25,25.799999237060547,25.799999237060547,25.049999237060547,25.450000762939453,13.309856414794922,2036100,PFG,yfinance,2026-02-10T05:10:16.435896+00:00
2002-03-26,25.440000534057617,25.579999923706055,25.25,25.5,13.33600902557373,1944000,PFG,yfinance,2026-02-10T05:10:16.435896+00:00
2002-03-27,25.579999923706055,25.670000076293945,25.5,25.670000076293945,13.424912452697754,1618200,PFG,yfinance,2026-02-10T05:10:16.435896+00:00
2002-03-28,25.75,25.84000015258789,25.200000762939453,25.299999237060547,13.231409072875977,2301100,PFG,yfinance,2026-02-10T05:10:16.435896+00:00
2002-04-01,25.350000381469727,25.450000762939453,25.0,25.329999923706055,13.24710464477539,1085900,PFG,yfinance,2026-02-10T05:10:16.435896+00:00
2002-04-02,25.329999923706055,25.739999771118164,25.209999084472656,25.520000457763672,13.346468925476074,1085000,PFG,yfinance,2026-02-10T05:10:16.435896+00:00
2002-04-03,25.75,25.889999389648438,25.3700008392334,25.450000762939453,13.309856414794922,1118600,PFG,yfinance,2026-02-10T05:10:16.435896+00:00
2002-04-04,25.75,26.239999771118164,25.559999465942383,26.100000381469727,13.649791717529297,1413400,PFG,yfinance,2026-02-10T05:10:16.435896+00:00
2002-04-05,26.350000381469727,27.209999084472656,26.059999465942383,27.020000457763672,14.130934715270996,1595500,PFG,yfinance,2026-02-10T05:10:16.435896+00:00
2002-04-08,27.030000686645508,27.600000381469727,26.649999618530273,27.440000534057617,14.350589752197266,1636700,PFG,yfinance,2026-02-10T05:10:16.435896+00:00
2002-04-09,27.450000762939453,28.040000915527344,27.299999237060547,27.6200008392334,14.44472885131836,1432300,PFG,yfinance,2026-02-10T05:10:16.435896+00:00
2002-04-10,27.850000381469727,28.1200008392334,27.3799991607666,27.780000686645508,14.528403282165527,944900,PFG,yfinance,2026-02-10T05:10:16.435896+00:00
2002-04-11,27.75,27.950000762939453,26.899999618530273,27.0,14.120477676391602,695600,PFG,yfinance,2026-02-10T05:10:16.435896+00:00
2002-04-12,27.049999237060547,27.299999237060547,27.0,27.299999237060547,14.277365684509277,966600,PFG,yfinance,2026-02-10T05:10:16.435896+00:00
2002-04-15,27.049999237060547,27.200000762939453,26.40999984741211,26.700000762939453,13.963582038879395,1397000,PFG,yfinance,2026-02-10T05:10:16.435896+00:00
2002-04-16,27.200000762939453,28.0,27.200000762939453,28.0,14.643457412719727,1819700,PFG,yfinance,2026-02-10T05:10:16.435896+00:00
2002-04-17,28.0,28.700000762939453,27.799999237060547,28.25,14.774199485778809,2130500,PFG,yfinance,2026-02-10T05:10:16.435896+00:00
2002-04-18,28.299999237060547,28.549999237060547,28.0,28.3799991607666,14.84218692779541,830800,PFG,yfinance,2026-02-10T05:10:16.435896+00:00
2002-04-19,28.350000381469727,28.540000915527344,27.850000381469727,28.15999984741211,14.727136611938477,639500,PFG,yfinance,2026-02-10T05:10:16.435896+00:00
2002-04-22,28.299999237060547,28.700000762939453,28.299999237060547,28.489999771118164,14.89971923828125,1078800,PFG,yfinance,2026-02-10T05:10:16.435896+00:00
2002-04-23,28.649999618530273,28.649999618530273,27.389999389648438,27.75,14.512712478637695,1671900,PFG,yfinance,2026-02-10T05:10:16.435896+00:00
2002-04-24,27.950000762939453,28.079999923706055,27.799999237060547,27.799999237060547,14.538860321044922,918900,PFG,yfinance,2026-02-10T05:10:16.435896+00:00
2002-04-25,27.549999237060547,27.700000762939453,27.0,27.100000381469727,14.172773361206055,1407200,PFG,yfinance,2026-02-10T05:10:16.435896+00:00
2002-04-26,27.399999618530273,27.5,27.049999237060547,27.299999237060547,14.277365684509277,1045500,PFG,yfinance,2026-02-10T05:10:16.435896+00:00
2002-04-29,27.5,27.850000381469727,27.219999313354492,27.479999542236328,14.37151050567627,1184100,PFG,yfinance,2026-02-10T05:10:16.435896+00:00
2002-04-30,27.299999237060547,28.100000381469727,27.200000762939453,27.799999237060547,14.538860321044922,846600,PFG,yfinance,2026-02-10T05:10:16.435896+00:00
2002-05-01,27.850000381469727,27.979999542236328,27.450000762939453,27.719999313354492,14.49701976776123,340300,PFG,yfinance,2026-02-10T05:10:16.435896+00:00
2002-05-02,27.799999237060547,27.979999542236328,27.6200008392334,27.899999618530273,14.591158866882324,1185400,PFG,yfinance,2026-02-10T05:10:16.435896+00:00
2002-05-03,27.75,27.770000457763672,26.920000076293945,27.040000915527344,14.141398429870605,1404200,PFG,yfinance,2026-02-10T05:10:16.435896+00:00
2002-05-06,27.260000228881836,27.56999969482422,27.049999237060547,27.25,14.251219749450684,526400,PFG,yfinance,2026-02-10T05:10:16.435896+00:00
2002-05-07,27.399999618530273,27.450000762939453,26.1200008392334,26.729999542236328,13.979275703430176,1170700,PFG,yfinance,2026-02-10T05:10:16.435896+00:00
2002-05-08,26.979999542236328,28.100000381469727,26.579999923706055,27.700000762939453,14.486565589904785,2104100,PFG,yfinance,2026-02-10T05:10:16.435896+00:00
2002-05-09,27.690000534057617,28.100000381469727,27.25,27.969999313354492,14.627768516540527,1565600,PFG,yfinance,2026-02-10T05:10:16.435896+00:00
2002-05-10,28.049999237060547,28.049999237060547,27.450000762939453,27.860000610351562,14.570242881774902,1142600,PFG,yfinance,2026-02-10T05:10:16.435896+00:00
2002-05-13,28.299999237060547,28.3799991607666,27.75,28.100000381469727,14.695755004882812,885600,PFG,yfinance,2026-02-10T05:10:16.435896+00:00
2002-05-14,28.5,28.5,28.010000228881836,28.299999237060547,14.800350189208984,1506100,PFG,yfinance,2026-02-10T05:10:16.435896+00:00
2002-05-15,28.43000030517578,28.5,28.18000030517578,28.420000076293945,14.863110542297363,919100,PFG,yfinance,2026-02-10T05:10:16.435896+00:00
2002-05-16,28.549999237060547,28.989999771118164,28.399999618530273,28.799999237060547,15.061845779418945,1052900,PFG,yfinance,2026-02-10T05:10:16.435896+00:00
2002-05-17,28.850000381469727,29.139999389648438,28.719999313354492,28.8700008392334,15.0984525680542,735600,PFG,yfinance,2026-02-10T05:10:16.435896+00:00
2002-05-20,28.809999465942383,29.350000381469727,28.299999237060547,28.93000030517578,15.129828453063965,1011500,PFG,yfinance,2026-02-10T05:10:16.435896+00:00
2002-05-21,29.1299991607666,29.700000762939453,28.760000228881836,29.290000915527344,15.318106651306152,905200,PFG,yfinance,2026-02-10T05:10:16.435896+00:00
2002-05-22,29.600000381469727,30.020000457763672,29.0,29.309999465942383,15.328563690185547,1140600,PFG,yfinance,2026-02-10T05:10:16.435896+00:00
2002-05-23,29.0,29.31999969482422,28.6200008392334,28.700000762939453,15.009547233581543,2129400,PFG,yfinance,2026-02-10T05:10:16.435896+00:00
2002-05-24,28.700000762939453,29.5,28.5,28.950000762939453,15.14029312133789,931400,PFG,yfinance,2026-02-10T05:10:16.435896+00:00
2002-05-28,29.0,29.729999542236328,28.959999084472656,29.510000228881836,15.433159828186035,831900,PFG,yfinance,2026-02-10T05:10:16.435896+00:00
2002-05-29,29.950000762939453,30.049999237060547,29.299999237060547,29.350000381469727,15.349485397338867,830700,PFG,yfinance,2026-02-10T05:10:16.435896+00:00
2002-05-30,29.25,29.489999771118164,29.059999465942383,29.170000076293945,15.255348205566406,824500,PFG,yfinance,2026-02-10T05:10:16.435896+00:00
2002-05-31,29.450000762939453,30.649999618530273,29.440000534057617,30.399999618530273,15.89860725402832,1629600,PFG,yfinance,2026-02-10T05:10:16.435896+00:00
2002-06-03,29.100000381469727,29.799999237060547,28.920000076293945,29.100000381469727,15.21873664855957,2208500,PFG,yfinance,2026-02-10T05:10:16.435896+00:00
2002-06-04,28.899999618530273,28.950000762939453,28.40999984741211,28.56999969482422,14.94155502319336,1398900,PFG,yfinance,2026-02-10T05:10:16.435896+00:00
2002-06-05,28.75,29.600000381469727,28.440000534057617,28.709999084472656,15.014768600463867,1826000,PFG,yfinance,2026-02-10T05:10:16.435896+00:00
2002-06-06,28.719999313354492,29.450000762939453,28.719999313354492,28.850000381469727,15.087991714477539,1234100,PFG,yfinance,2026-02-10T05:10:16.435896+00:00
2002-06-07,29.0,29.0,28.25,28.670000076293945,14.993847846984863,1497200,PFG,yfinance,2026-02-10T05:10:16.435896+00:00
2002-06-10,28.799999237060547,29.420000076293945,28.780000686645508,29.239999771118164,15.291954040527344,998000,PFG,yfinance,2026-02-10T05:10:16.435896+00:00
2002-06-11,29.149999618530273,29.649999618530273,29.149999618530273,29.149999618530273,15.24488639831543,1156600,PFG,yfinance,2026-02-10T05:10:16.435896+00:00
2002-06-12,29.100000381469727,29.989999771118164,29.049999237060547,29.950000762939453,15.663273811340332,1154600,PFG,yfinance,2026-02-10T05:10:16.435896+00:00
2002-06-13,29.940000534057617,31.5,29.940000534057617,30.479999542236328,15.940446853637695,2731400,PFG,yfinance,2026-02-10T05:10:16.435896+00:00
2002-06-14,30.299999237060547,30.649999618530273,30.0,30.309999465942383,15.851546287536621,1642500,PFG,yfinance,2026-02-10T05:10:16.435896+00:00
2002-06-17,30.270000457763672,30.649999618530273,30.030000686645508,30.25,15.820165634155273,1988600,PFG,yfinance,2026-02-10T05:10:16.435896+00:00
2002-06-18,30.25,30.260000228881836,29.020000457763672,29.280000686645508,15.312873840332031,1628000,PFG,yfinance,2026-02-10T05:10:16.435896+00:00
2002-06-19,29.25,30.030000686645508,29.200000762939453,29.690000534057617,15.52729606628418,1251400,PFG,yfinance,2026-02-10T05:10:16.435896+00:00
2002-06-20,29.649999618530273,30.149999618530273,29.309999465942383,29.43000030517578,15.391321182250977,1392900,PFG,yfinance,2026-02-10T05:10:16.435896+00:00
2002-06-21,29.440000534057617,29.600000381469727,28.5,28.790000915527344,15.056612014770508,2215700,PFG,yfinance,2026-02-10T05:10:16.435896+00:00
2002-06-24,28.600000381469727,29.700000762939453,28.510000228881836,29.360000610351562,15.354710578918457,860600,PFG,yfinance,2026-02-10T05:10:16.435896+00:00
2002-06-25,29.0,30.020000457763672,28.8799991607666,29.700000762939453,15.532523155212402,1483600,PFG,yfinance,2026-02-10T05:10:16.435896+00:00
2002-06-26,28.799999237060547,29.200000762939453,28.299999237060547,28.93000030517578,15.129828453063965,1449300,PFG,yfinance,2026-02-10T05:10:16.435896+00:00
2002-06-27,29.0,30.200000762939453,28.5,29.75,15.558673858642578,1691300,PFG,yfinance,2026-02-10T05:10:16.435896+00:00
2002-06-28,30.0,31.0,29.850000381469727,31.0,16.212406158447266,8889800,PFG,yfinance,2026-02-10T05:10:16.435896+00:00
2002-07-01,30.25,30.440000534057617,29.450000762939453,29.59000015258789,15.474995613098145,1757100,PFG,yfinance,2026-02-10T05:10:16.435896+00:00
2002-07-02,29.5,29.989999771118164,28.399999618530273,28.450000762939453,14.878800392150879,1743200,PFG,yfinance,2026-02-10T05:10:16.435896+00:00
2002-07-03,28.450000762939453,28.450000762939453,26.899999618530273,27.040000915527344,14.141398429870605,1682100,PFG,yfinance,2026-02-10T05:10:16.435896+00:00
2002-07-05,27.149999618530273,28.0,27.149999618530273,27.700000762939453,14.486565589904785,658100,PFG,yfinance,2026-02-10T05:10:16.435896+00:00
2002-07-08,27.75,28.989999771118164,27.700000762939453,28.700000762939453,15.009547233581543,1316500,PFG,yfinance,2026-02-10T05:10:16.435896+00:00
2002-07-09,28.700000762939453,28.700000762939453,26.920000076293945,27.0,14.120477676391602,2243100,PFG,yfinance,2026-02-10T05:10:16.435896+00:00
2002-07-10,28.899999618530273,28.969999313354492,28.25,28.34000015258789,14.821272850036621,6830500,PFG,yfinance,2026-02-10T05:10:16.435896+00:00
2002-07-11,28.100000381469727,29.450000762939453,28.100000381469727,29.299999237060547,15.32333755493164,2504900,PFG,yfinance,2026-02-10T05:10:16.435896+00:00
2002-07-12,29.5,29.950000762939453,29.350000381469727,29.700000762939453,15.532523155212402,2522400,PFG,yfinance,2026-02-10T05:10:16.435896+00:00
2002-07-15,29.399999618530273,30.100000381469727,28.75,29.149999618530273,15.24488639831543,2752700,PFG,yfinance,2026-02-10T05:10:16.435896+00:00
2002-07-16,29.15999984741211,29.600000381469727,28.809999465942383,29.149999618530273,15.24488639831543,2220400,PFG,yfinance,2026-02-10T05:10:16.435896+00:00
2002-07-17,29.399999618530273,29.5,28.0,28.729999542236328,15.025230407714844,4005300,PFG,yfinance,2026-02-10T05:10:16.435896+00:00
2002-07-18,28.450000762939453,28.579999923706055,27.25,27.850000381469727,14.565007209777832,5702800,PFG,yfinance,2026-02-10T05:10:16.435896+00:00
2002-07-19,27.850000381469727,27.950000762939453,26.219999313354492,27.950000762939453,14.617307662963867,33880100,PFG,yfinance,2026-02-10T05:10:16.435896+00:00
2002-07-22,27.0,27.739999771118164,26.239999771118164,27.299999237060547,14.277365684509277,5536700,PFG,yfinance,2026-02-10T05:10:16.435896+00:00
2002-07-23,27.350000381469727,27.360000610351562,25.299999237060547,26.399999618530273,13.806689262390137,3629000,PFG,yfinance,2026-02-10T05:10:16.435896+00:00
2002-07-24,26.0,27.799999237060547,25.399999618530273,27.799999237060547,14.538860321044922,4735700,PFG,yfinance,2026-02-10T05:10:16.435896+00:00
2002-07-25,27.549999237060547,27.549999237060547,25.299999237060547,26.34000015258789,13.775312423706055,4979700,PFG,yfinance,2026-02-10T05:10:16.435896+00:00
2002-07-26,26.149999618530273,26.450000762939453,25.559999465942383,26.0,13.59749984741211,2666000,PFG,yfinance,2026-02-10T05:10:16.435896+00:00
2002-07-29,26.399999618530273,28.100000381469727,26.34000015258789,28.100000381469727,14.695755004882812,2627900,PFG,yfinance,2026-02-10T05:10:16.435896+00:00
2002-07-30,27.899999618530273,28.950000762939453,27.149999618530273,28.350000381469727,14.826498985290527,1914100,PFG,yfinance,2026-02-10T05:10:16.435896+00:00
2002-07-31,28.25,28.950000762939453,27.950000762939453,28.709999084472656,15.014768600463867,1674900,PFG,yfinance,2026-02-10T05:10:16.435896+00:00
2002-08-01,28.600000381469727,28.690000534057617,27.950000762939453,28.0,14.643457412719727,1341000,PFG,yfinance,2026-02-10T05:10:16.435896+00:00
2002-08-02,27.899999618530273,27.979999542236328,26.700000762939453,27.100000381469727,14.172773361206055,2380100,PFG,yfinance,2026-02-10T05:10:16.435896+00:00
2002-08-05,27.0,27.010000228881836,25.600000381469727,26.0,13.59749984741211,1929900,PFG,yfinance,2026-02-10T05:10:16.435896+00:00
2002-08-06,26.75,26.75,25.299999237060547,25.360000610351562,13.262785911560059,2603500,PFG,yfinance,2026-02-10T05:10:16.435896+00:00
2002-08-07,25.149999618530273,26.700000762939453,25.149999618530273,26.34000015258789,13.775312423706055,1849400,PFG,yfinance,2026-02-10T05:10:16.435896+00:00
2002-08-08,26.34000015258789,28.149999618530273,26.299999237060547,27.700000762939453,14.486565589904785,2335400,PFG,yfinance,2026-02-10T05:10:16.435896+00:00
2002-08-09,27.549999237060547,28.920000076293945,27.139999389648438,28.850000381469727,15.087991714477539,981800,PFG,yfinance,2026-02-10T05:10:16.435896+00:00
2002-08-12,28.5,28.549999237060547,27.809999465942383,28.329999923706055,14.816045761108398,1112600,PFG,yfinance,2026-02-10T05:10:16.435896+00:00
2002-08-13,28.329999923706055,29.0,27.790000915527344,27.799999237060547,14.538860321044922,1393100,PFG,yfinance,2026-02-10T05:10:16.435896+00:00
2002-08-14,28.0,29.450000762939453,27.65999984741211,29.299999237060547,15.32333755493164,1230500,PFG,yfinance,2026-02-10T05:10:16.435896+00:00
2002-08-15,29.450000762939453,30.040000915527344,28.8799991607666,29.56999969482422,15.464533805847168,1058200,PFG,yfinance,2026-02-10T05:10:16.435896+00:00
2002-08-16,29.5,29.5,28.5,28.899999618530273,15.1141357421875,1013000,PFG,yfinance,2026-02-10T05:10:16.435896+00:00
2002-08-19,29.0,29.5,28.399999618530273,29.469999313354492,15.412240028381348,1628300,PFG,yfinance,2026-02-10T05:10:16.435896+00:00
2002-08-20,29.469999313354492,29.469999313354492,28.600000381469727,28.850000381469727,15.087991714477539,715500,PFG,yfinance,2026-02-10T05:10:16.435896+00:00
2002-08-21,29.049999237060547,29.219999313354492,28.43000030517578,28.860000610351562,15.093222618103027,550700,PFG,yfinance,2026-02-10T05:10:16.435896+00:00
2002-08-22,28.899999618530273,30.450000762939453,28.899999618530273,30.270000457763672,15.830628395080566,1558800,PFG,yfinance,2026-02-10T05:10:16.435896+00:00
2002-08-23,30.149999618530273,30.18000030517578,29.450000762939453,29.739999771118164,15.553447723388672,751100,PFG,yfinance,2026-02-10T05:10:16.435896+00:00
2002-08-26,29.799999237060547,30.700000762939453,29.700000762939453,29.780000686645508,15.574369430541992,1499200,PFG,yfinance,2026-02-10T05:10:16.435896+00:00
2002-08-27,29.760000228881836,30.100000381469727,29.010000228881836,29.280000686645508,15.312873840332031,1029400,PFG,yfinance,2026-02-10T05:10:16.435896+00:00
2002-08-28,29.219999313354492,29.25,28.610000610351562,28.920000076293945,15.124601364135742,729300,PFG,yfinance,2026-02-10T05:10:16.435896+00:00
2002-08-29,28.799999237060547,29.889999389648438,28.700000762939453,29.280000686645508,15.312873840332031,650800,PFG,yfinance,2026-02-10T05:10:16.435896+00:00
2002-08-30,29.229999542236328,30.0,28.920000076293945,29.329999923706055,15.339025497436523,876800,PFG,yfinance,2026-02-10T05:10:16.435896+00:00
2002-09-03,29.0,29.149999618530273,28.510000228881836,28.559999465942383,14.936324119567871,1602500,PFG,yfinance,2026-02-10T05:10:16.435896+00:00
2002-09-04,28.559999465942383,29.299999237060547,28.5,29.18000030517578,15.260575294494629,1052200,PFG,yfinance,2026-02-10T05:10:16.435896+00:00
2002-09-05,29.0,29.200000762939453,28.799999237060547,29.0,15.166441917419434,1047400,PFG,yfinance,2026-02-10T05:10:16.435896+00:00
2002-09-06,29.25,29.399999618530273,28.940000534057617,29.06999969482422,15.203047752380371,883800,PFG,yfinance,2026-02-10T05:10:16.435896+00:00
2002-09-09,28.899999618530273,29.639999389648438,28.8700008392334,29.100000381469727,15.21873664855957,996400,PFG,yfinance,2026-02-10T05:10:16.435896+00:00
2002-09-10,29.149999618530273,29.25,28.950000762939453,29.149999618530273,15.24488639831543,1080000,PFG,yfinance,2026-02-10T05:10:16.435896+00:00
2002-09-11,29.399999618530273,29.440000534057617,28.860000610351562,29.020000457763672,15.176899909973145,565600,PFG,yfinance,2026-02-10T05:10:16.435896+00:00
2002-09-12,29.0,29.0,28.299999237060547,28.5,14.904947280883789,1402400,PFG,yfinance,2026-02-10T05:10:16.435896+00:00
2002-09-13,28.5,28.790000915527344,28.100000381469727,28.3700008392334,14.836960792541504,1032700,PFG,yfinance,2026-02-10T05:10:16.435896+00:00
2002-09-16,28.399999618530273,28.75,28.049999237060547,28.649999618530273,14.98339557647705,646700,PFG,yfinance,2026-02-10T05:10:16.435896+00:00
2002-09-17,29.25,29.299999237060547,27.709999084472656,27.84000015258789,14.55978012084961,844700,PFG,yfinance,2026-02-10T05:10:16.435896+00:00
2002-09-18,27.700000762939453,27.850000381469727,27.3700008392334,27.440000534057617,14.350589752197266,1113000,PFG,yfinance,2026-02-10T05:10:16.435896+00:00
2002-09-19,27.049999237060547,27.139999389648438,26.700000762939453,26.780000686645508,14.00542163848877,943500,PFG,yfinance,2026-02-10T05:10:16.435896+00:00
2002-09-20,26.700000762939453,27.1299991607666,26.639999389648438,26.8799991607666,14.05772590637207,2389700,PFG,yfinance,2026-02-10T05:10:16.435896+00:00
2002-09-23,26.8700008392334,27.700000762939453,26.649999618530273,27.5,14.381970405578613,1304400,PFG,yfinance,2026-02-10T05:10:16.435896+00:00
2002-09-24,27.25,28.299999237060547,27.219999313354492,27.600000381469727,14.434266090393066,1249100,PFG,yfinance,2026-02-10T05:10:16.435896+00:00
2002-09-25,28.0,28.0,26.360000610351562,26.450000762939453,13.832842826843262,2659500,PFG,yfinance,2026-02-10T05:10:16.435896+00:00
2002-09-26,26.459999084472656,26.68000030517578,25.5,26.670000076293945,13.947892189025879,2795800,PFG,yfinance,2026-02-10T05:10:16.435896+00:00
2002-09-27,26.68000030517578,27.049999237060547,26.329999923706055,26.479999542236328,13.848526954650879,1232900,PFG,yfinance,2026-02-10T05:10:16.435896+00:00
2002-09-30,26.420000076293945,26.450000762939453,25.200000762939453,26.18000030517578,13.691632270812988,1718100,PFG,yfinance,2026-02-10T05:10:16.435896+00:00
2002-10-01,26.280000686645508,27.940000534057617,26.200000762939453,27.940000534057617,14.612076759338379,1580400,PFG,yfinance,2026-02-10T05:10:16.435896+00:00
2002-10-02,27.899999618530273,28.190000534057617,26.860000610351562,27.049999237060547,14.146623611450195,2956400,PFG,yfinance,2026-02-10T05:10:16.435896+00:00
2002-10-03,27.040000915527344,27.049999237060547,24.100000381469727,25.270000457763672,13.215721130371094,2785000,PFG,yfinance,2026-02-10T05:10:16.435896+00:00
2002-10-04,25.280000686645508,25.350000381469727,24.0,24.68000030517578,12.9071626663208,1922900,PFG,yfinance,2026-02-10T05:10:16.435896+00:00
2002-10-07,24.700000762939453,25.600000381469727,24.6299991607666,24.790000915527344,12.964692115783691,1401900,PFG,yfinance,2026-02-10T05:10:16.435896+00:00
2002-10-08,24.700000762939453,25.219999313354492,22.899999618530273,23.989999771118164,12.546305656433105,2998300,PFG,yfinance,2026-02-10T05:10:16.435896+00:00
2002-10-09,23.989999771118164,23.989999771118164,22.889999389648438,22.940000534057617,11.997177124023438,2151600,PFG,yfinance,2026-02-10T05:10:16.435896+00:00
2002-10-10,22.75,23.520000457763672,22.5,23.5,12.290050506591797,2760400,PFG,yfinance,2026-02-10T05:10:16.435896+00:00
2002-10-11,24.100000381469727,26.239999771118164,24.06999969482422,25.489999771118164,13.330775260925293,1639000,PFG,yfinance,2026-02-10T05:10:16.435896+00:00
2002-10-14,25.34000015258789,26.200000762939453,24.950000762939453,25.760000228881836,13.4719820022583,1146100,PFG,yfinance,2026-02-10T05:10:16.435896+00:00
2002-10-15,27.200000762939453,27.739999771118164,27.100000381469727,27.399999618530273,14.329666137695312,1440300,PFG,yfinance,2026-02-10T05:10:16.435896+00:00
2002-10-16,27.299999237060547,27.760000228881836,26.3799991607666,26.5,13.858985900878906,2679100,PFG,yfinance,2026-02-10T05:10:16.435896+00:00
2002-10-17,27.149999618530273,28.200000762939453,27.139999389648438,27.799999237060547,14.538860321044922,1340300,PFG,yfinance,2026-02-10T05:10:16.435896+00:00
2002-10-18,27.799999237060547,28.600000381469727,27.399999618530273,28.1299991607666,14.711445808410645,1310700,PFG,yfinance,2026-02-10T05:10:16.435896+00:00
2002-10-21,27.700000762939453,29.309999465942383,27.31999969482422,28.799999237060547,15.061845779418945,1600700,PFG,yfinance,2026-02-10T05:10:16.435896+00:00
2002-10-22,28.649999618530273,28.65999984741211,28.06999969482422,28.479999542236328,14.894491195678711,1031400,PFG,yfinance,2026-02-10T05:10:16.435896+00:00
2002-10-23,28.100000381469727,28.450000762939453,27.299999237060547,28.260000228881836,14.779437065124512,1219100,PFG,yfinance,2026-02-10T05:10:16.435896+00:00
2002-10-24,28.329999923706055,28.700000762939453,27.649999618530273,28.0,14.643457412719727,1577100,PFG,yfinance,2026-02-10T05:10:16.435896+00:00
2002-10-25,27.799999237060547,28.5,27.3799991607666,28.34000015258789,14.821272850036621,1306300,PFG,yfinance,2026-02-10T05:10:16.435896+00:00
2002-10-28,28.440000534057617,28.81999969482422,27.850000381469727,28.43000030517578,14.868338584899902,1401700,PFG,yfinance,2026-02-10T05:10:16.435896+00:00
2002-10-29,28.0,28.440000534057617,27.100000381469727,27.530000686645508,14.39765739440918,1825100,PFG,yfinance,2026-02-10T05:10:16.435896+00:00
2002-10-30,27.350000381469727,28.170000076293945,26.940000534057617,27.93000030517578,14.606850624084473,1560400,PFG,yfinance,2026-02-10T05:10:16.435896+00:00
2002-10-31,27.950000762939453,28.399999618530273,27.530000686645508,28.049999237060547,14.669608116149902,1055300,PFG,yfinance,2026-02-10T05:10:16.435896+00:00
2002-11-01,27.899999618530273,27.950000762939453,27.399999618530273,27.75,14.512712478637695,1603000,PFG,yfinance,2026-02-10T05:10:16.435896+00:00
2002-11-04,27.899999618530273,28.940000534057617,27.799999237060547,28.09000015258789,14.690520286560059,2088300,PFG,yfinance,2026-02-10T05:10:16.435896+00:00
2002-11-05,28.100000381469727,28.559999465942383,27.540000915527344,27.8799991607666,14.580697059631348,1904100,PFG,yfinance,2026-02-10T05:10:16.435896+00:00
2002-11-06,28.5,28.850000381469727,27.799999237060547,28.229999542236328,14.897324562072754,3737300,PFG,yfinance,2026-02-10T05:10:16.435896+00:00
2002-11-07,28.200000762939453,28.899999618530273,28.09000015258789,28.75,15.171740531921387,2089900,PFG,yfinance,2026-02-10T05:10:16.435896+00:00
2002-11-08,28.81999969482422,29.0,28.0,28.479999542236328,15.029257774353027,731400,PFG,yfinance,2026-02-10T05:10:16.435896+00:00
2002-11-11,28.299999237060547,28.299999237060547,27.469999313354492,27.690000534057617,14.6123685836792,1126900,PFG,yfinance,2026-02-10T05:10:16.435896+00:00
2002-11-12,27.600000381469727,28.260000228881836,27.43000030517578,27.84000015258789,14.691519737243652,629200,PFG,yfinance,2026-02-10T05:10:16.435896+00:00
2002-11-13,27.799999237060547,28.600000381469727,27.540000915527344,28.170000076293945,14.865669250488281,892500,PFG,yfinance,2026-02-10T05:10:16.435896+00:00
2002-11-14,28.399999618530273,29.1200008392334,28.399999618530273,29.09000015258789,15.351162910461426,1027000,PFG,yfinance,2026-02-10T05:10:16.435896+00:00
2002-11-15,29.0,29.700000762939453,28.75,29.610000610351562,15.625574111938477,884200,PFG,yfinance,2026-02-10T05:10:16.435896+00:00
2002-11-18,29.899999618530273,29.899999618530273,28.799999237060547,28.950000762939453,15.277284622192383,1123500,PFG,yfinance,2026-02-10T05:10:16.435896+00:00
2002-11-19,28.959999084472656,29.709999084472656,28.959999084472656,29.260000228881836,15.440873146057129,862200,PFG,yfinance,2026-02-10T05:10:16.435896+00:00
2002-11-20,29.200000762939453,29.739999771118164,28.920000076293945,29.600000381469727,15.620294570922852,1240400,PFG,yfinance,2026-02-10T05:10:16.435896+00:00
2002-11-21,29.559999465942383,30.549999237060547,29.450000762939453,30.350000381469727,16.016077041625977,1295400,PFG,yfinance,2026-02-10T05:10:16.435896+00:00
2002-11-22,30.329999923706055,30.889999389648438,30.170000076293945,30.600000381469727,16.148008346557617,1008100,PFG,yfinance,2026-02-10T05:10:16.435896+00:00
2002-11-25,30.299999237060547,30.43000030517578,29.350000381469727,29.56999969482422,15.60445785522461,1431400,PFG,yfinance,2026-02-10T05:10:16.435896+00:00
2002-11-26,29.3700008392334,29.489999771118164,28.979999542236328,29.06999969482422,15.340606689453125,873000,PFG,yfinance,2026-02-10T05:10:16.435896+00:00
2002-11-27,29.06999969482422,29.549999237060547,28.780000686645508,29.239999771118164,15.430317878723145,979700,PFG,yfinance,2026-02-10T05:10:16.435896+00:00
2002-11-29,29.200000762939453,29.209999084472656,28.899999618530273,29.0,15.303669929504395,716000,PFG,yfinance,2026-02-10T05:10:16.435896+00:00
2002-12-02,29.100000381469727,29.280000686645508,28.100000381469727,28.850000381469727,15.224509239196777,1437300,PFG,yfinance,2026-02-10T05:10:16.435896+00:00
2002-12-03,28.850000381469727,29.399999618530273,28.600000381469727,29.020000457763672,15.314223289489746,666400,PFG,yfinance,2026-02-10T05:10:16.435896+00:00
2002-12-04,29.030000686645508,29.420000076293945,28.690000534057617,29.350000381469727,15.48836898803711,1310700,PFG,yfinance,2026-02-10T05:10:16.435896+00:00
2002-12-05,29.600000381469727,29.6200008392334,28.81999969482422,29.0,15.303669929504395,708500,PFG,yfinance,2026-02-10T05:10:16.435896+00:00
2002-12-06,29.010000228881836,29.920000076293945,29.010000228881836,29.579999923706055,15.609737396240234,740100,PFG,yfinance,2026-02-10T05:10:16.435896+00:00
2002-12-09,29.549999237060547,29.59000015258789,29.0,29.299999237060547,15.46198558807373,604900,PFG,yfinance,2026-02-10T05:10:16.435896+00:00
2002-12-10,29.350000381469727,29.739999771118164,29.139999389648438,29.649999618530273,15.646676063537598,737700,PFG,yfinance,2026-02-10T05:10:16.435896+00:00
2002-12-11,29.549999237060547,29.549999237060547,29.100000381469727,29.450000762939453,15.541142463684082,874700,PFG,yfinance,2026-02-10T05:10:16.435896+00:00
2002-12-12,29.600000381469727,29.639999389648438,28.90999984741211,29.229999542236328,15.425046920776367,807100,PFG,yfinance,2026-02-10T05:10:16.435896+00:00
2002-12-13,29.219999313354492,29.3799991607666,28.729999542236328,29.200000762939453,15.409211158752441,801300,PFG,yfinance,2026-02-10T05:10:16.435896+00:00
2002-12-16,29.350000381469727,30.190000534057617,29.350000381469727,30.190000534057617,15.931646347045898,1223600,PFG,yfinance,2026-02-10T05:10:16.435896+00:00
2002-12-17,30.190000534057617,30.309999465942383,29.940000534057617,30.030000686645508,15.847211837768555,959500,PFG,yfinance,2026-02-10T05:10:16.435896+00:00
2002-12-18,30.18000030517578,30.329999923706055,29.75,29.979999542236328,15.820825576782227,1073900,PFG,yfinance,2026-02-10T05:10:16.435896+00:00
2002-12-19,29.979999542236328,30.290000915527344,29.450000762939453,29.600000381469727,15.620294570922852,1123000,PFG,yfinance,2026-02-10T05:10:16.435896+00:00
2002-12-20,29.81999969482422,31.0,29.649999618530273,30.579999923706055,16.137451171875,3759700,PFG,yfinance,2026-02-10T05:10:16.435896+00:00
2002-12-23,30.850000381469727,31.0,30.459999084472656,30.84000015258789,16.274656295776367,1320600,PFG,yfinance,2026-02-10T05:10:16.435896+00:00
2002-12-24,31.040000915527344,31.040000915527344,30.649999618530273,30.780000686645508,16.242990493774414,303600,PFG,yfinance,2026-02-10T05:10:16.435896+00:00
2002-12-26,30.8799991607666,31.489999771118164,30.5,30.799999237060547,16.253551483154297,556900,PFG,yfinance,2026-02-10T05:10:16.435896+00:00
2002-12-27,30.600000381469727,30.649999618530273,29.75,30.209999084472656,15.942198753356934,719700,PFG,yfinance,2026-02-10T05:10:16.435896+00:00
2002-12-30,30.399999618530273,30.59000015258789,29.799999237060547,30.450000762939453,16.06884765625,964200,PFG,yfinance,2026-02-10T05:10:16.435896+00:00
2002-12-31,30.399999618530273,30.399999618530273,29.75,30.1299991607666,15.899979591369629,834500,PFG,yfinance,2026-02-10T05:10:16.435896+00:00
2003-01-02,30.450000762939453,30.700000762939453,30.18000030517578,30.579999923706055,16.137451171875,1942300,PFG,yfinance,2026-02-10T05:10:16.435896+00:00
2003-01-03,30.399999618530273,30.690000534057617,30.200000762939453,30.399999618530273,16.04245948791504,951800,PFG,yfinance,2026-02-10T05:10:16.435896+00:00
2003-01-06,30.31999969482422,30.979999542236328,30.25,30.719999313354492,16.211332321166992,1611200,PFG,yfinance,2026-02-10T05:10:16.435896+00:00
2003-01-07,30.850000381469727,30.979999542236328,30.0,30.0,15.831378936767578,1173600,PFG,yfinance,2026-02-10T05:10:16.435896+00:00
2003-01-08,30.0,30.149999618530273,29.0,29.280000686645508,15.451427459716797,2149000,PFG,yfinance,2026-02-10T05:10:16.435896+00:00
2003-01-09,29.399999618530273,30.850000381469727,29.200000762939453,30.75,16.22716522216797,1544300,PFG,yfinance,2026-02-10T05:10:16.435896+00:00
2003-01-10,30.399999618530273,31.059999465942383,30.399999618530273,30.700000762939453,16.20077896118164,1027900,PFG,yfinance,2026-02-10T05:10:16.435896+00:00
2003-01-13,30.299999237060547,31.200000762939453,30.299999237060547,30.65999984741211,16.17967414855957,1282000,PFG,yfinance,2026-02-10T05:10:16.435896+00:00
2003-01-14,30.639999389648438,30.93000030517578,30.549999237060547,30.799999237060547,16.253551483154297,761100,PFG,yfinance,2026-02-10T05:10:16.435896+00:00
2003-01-15,30.809999465942383,30.809999465942383,30.280000686645508,30.399999618530273,16.04245948791504,1056300,PFG,yfinance,2026-02-10T05:10:16.435896+00:00
2003-01-16,30.350000381469727,30.399999618530273,29.700000762939453,29.8700008392334,15.762773513793945,1484300,PFG,yfinance,2026-02-10T05:10:16.435896+00:00
2003-01-17,29.8799991607666,30.0,29.65999984741211,29.8700008392334,15.762773513793945,969300,PFG,yfinance,2026-02-10T05:10:16.435896+00:00
2003-01-21,29.93000030517578,30.0,29.25,29.25,15.435595512390137,1412400,PFG,yfinance,2026-02-10T05:10:16.435896+00:00
2003-01-22,28.850000381469727,29.420000076293945,28.850000381469727,28.969999313354492,15.287834167480469,1082900,PFG,yfinance,2026-02-10T05:10:16.435896+00:00
2003-01-23,29.0,29.75,29.0,29.420000076293945,15.525306701660156,1077100,PFG,yfinance,2026-02-10T05:10:16.435896+00:00
2003-01-24,29.200000762939453,29.239999771118164,28.479999542236328,28.579999923706055,15.082025527954102,886600,PFG,yfinance,2026-02-10T05:10:16.435896+00:00
2003-01-27,28.540000915527344,28.75,28.149999618530273,28.479999542236328,15.029257774353027,1311800,PFG,yfinance,2026-02-10T05:10:16.435896+00:00
2003-01-28,28.649999618530273,28.889999389648438,28.079999923706055,28.829999923706055,15.213951110839844,773700,PFG,yfinance,2026-02-10T05:10:16.435896+00:00
2003-01-29,28.450000762939453,28.93000030517578,28.100000381469727,28.850000381469727,15.224509239196777,684500,PFG,yfinance,2026-02-10T05:10:16.435896+00:00
2003-01-30,28.889999389648438,29.270000457763672,28.639999389648438,28.65999984741211,15.124245643615723,998200,PFG,yfinance,2026-02-10T05:10:16.435896+00:00
2003-01-31,28.65999984741211,29.219999313354492,28.59000015258789,28.600000381469727,15.092583656311035,1755900,PFG,yfinance,2026-02-10T05:10:16.435896+00:00
2003-02-03,28.700000762939453,28.920000076293945,28.350000381469727,28.639999389648438,15.113693237304688,1006800,PFG,yfinance,2026-02-10T05:10:16.435896+00:00
2003-02-04,28.520000457763672,28.520000457763672,27.700000762939453,27.899999618530273,14.723180770874023,1275200,PFG,yfinance,2026-02-10T05:10:16.435896+00:00
2003-02-05,27.899999618530273,27.899999618530273,27.020000457763672,27.469999313354492,14.49626636505127,2096700,PFG,yfinance,2026-02-10T05:10:16.435896+00:00
2003-02-06,27.299999237060547,27.309999465942383,26.719999313354492,26.809999465942383,14.147978782653809,1426400,PFG,yfinance,2026-02-10T05:10:16.435896+00:00
2003-02-07,27.049999237060547,27.350000381469727,26.75,26.850000381469727,14.169083595275879,1079900,PFG,yfinance,2026-02-10T05:10:16.435896+00:00
2003-02-10,26.93000030517578,27.049999237060547,26.219999313354492,26.950000762939453,14.221858024597168,934100,PFG,yfinance,2026-02-10T05:10:16.435896+00:00
2003-02-11,26.93000030517578,27.299999237060547,26.549999237060547,26.59000015258789,14.031881332397461,888400,PFG,yfinance,2026-02-10T05:10:16.435896+00:00
2003-02-12,26.540000915527344,26.809999465942383,26.309999465942383,26.389999389648438,13.9263277053833,769700,PFG,yfinance,2026-02-10T05:10:16.435896+00:00
2003-02-13,26.459999084472656,26.709999084472656,26.350000381469727,26.56999969482422,14.021328926086426,770100,PFG,yfinance,2026-02-10T05:10:16.435896+00:00
2003-02-14,26.700000762939453,27.68000030517578,26.6200008392334,27.68000030517578,14.607087135314941,1116000,PFG,yfinance,2026-02-10T05:10:16.435896+00:00
2003-02-18,27.700000762939453,28.43000030517578,27.700000762939453,28.360000610351562,14.965932846069336,988800,PFG,yfinance,2026-02-10T05:10:16.435896+00:00
2003-02-19,28.200000762939453,28.219999313354492,27.8799991607666,28.040000915527344,14.797064781188965,1085600,PFG,yfinance,2026-02-10T05:10:16.435896+00:00
2003-02-20,28.149999618530273,28.399999618530273,27.760000228881836,27.799999237060547,14.67041015625,1426000,PFG,yfinance,2026-02-10T05:10:16.435896+00:00
2003-02-21,27.899999618530273,28.790000915527344,27.700000762939453,28.219999313354492,14.89205265045166,672800,PFG,yfinance,2026-02-10T05:10:16.435896+00:00
2003-02-24,28.200000762939453,28.200000762939453,27.649999618530273,27.700000762939453,14.61764144897461,529900,PFG,yfinance,2026-02-10T05:10:16.435896+00:00
2003-02-25,27.600000381469727,27.739999771118164,27.139999389648438,27.56999969482422,14.549036979675293,1325700,PFG,yfinance,2026-02-10T05:10:16.435896+00:00
2003-02-26,26.799999237060547,27.049999237060547,26.540000915527344,26.600000381469727,14.037158966064453,1898800,PFG,yfinance,2026-02-10T05:10:16.435896+00:00
2003-02-27,27.100000381469727,27.899999618530273,27.010000228881836,27.56999969482422,14.549036979675293,1858000,PFG,yfinance,2026-02-10T05:10:16.435896+00:00
2003-02-28,27.649999618530273,28.100000381469727,27.450000762939453,27.56999969482422,14.549036979675293,1309800,PFG,yfinance,2026-02-10T05:10:16.435896+00:00
2003-03-03,27.700000762939453,28.18000030517578,27.510000228881836,27.559999465942383,14.543760299682617,644900,PFG,yfinance,2026-02-10T05:10:16.435896+00:00
2003-03-04,27.649999618530273,27.700000762939453,27.399999618530273,27.399999618530273,14.459322929382324,700600,PFG,yfinance,2026-02-10T05:10:16.435896+00:00
2003-03-05,27.18000030517578,27.600000381469727,26.81999969482422,27.540000915527344,14.533206939697266,1220300,PFG,yfinance,2026-02-10T05:10:16.435896+00:00
2003-03-06,27.5,27.8799991607666,27.350000381469727,27.6200008392334,14.57542610168457,1055300,PFG,yfinance,2026-02-10T05:10:16.435896+00:00
2003-03-07,27.520000457763672,28.06999969482422,27.280000686645508,27.81999969482422,14.680965423583984,1023200,PFG,yfinance,2026-02-10T05:10:16.435896+00:00
2003-03-10,27.739999771118164,27.790000915527344,27.059999465942383,27.100000381469727,14.301010131835938,752600,PFG,yfinance,2026-02-10T05:10:16.435896+00:00
2003-03-11,26.899999618530273,27.75,25.700000762939453,26.0,13.720532417297363,2168900,PFG,yfinance,2026-02-10T05:10:16.435896+00:00
2003-03-12,25.959999084472656,25.969999313354492,25.209999084472656,25.829999923706055,13.630810737609863,1297000,PFG,yfinance,2026-02-10T05:10:16.435896+00:00
2003-03-13,26.0,26.920000076293945,26.0,26.899999618530273,14.195469856262207,1521500,PFG,yfinance,2026-02-10T05:10:16.435896+00:00
2003-03-14,27.049999237060547,27.940000534057617,26.809999465942383,26.979999542236328,14.237689018249512,1149600,PFG,yfinance,2026-02-10T05:10:16.435896+00:00
2003-03-17,26.700000762939453,28.100000381469727,26.309999465942383,28.100000381469727,14.82872486114502,1728700,PFG,yfinance,2026-02-10T05:10:16.435896+00:00
2003-03-18,28.030000686645508,28.5,27.25,27.709999084472656,14.622915267944336,1827600,PFG,yfinance,2026-02-10T05:10:16.435896+00:00
2003-03-19,27.8799991607666,28.280000686645508,27.670000076293945,28.149999618530273,14.855110168457031,1488500,PFG,yfinance,2026-02-10T05:10:16.435896+00:00
2003-03-20,28.0,28.079999923706055,27.559999465942383,27.81999969482422,14.680965423583984,1842800,PFG,yfinance,2026-02-10T05:10:16.435896+00:00
2003-03-21,27.829999923706055,28.399999618530273,27.3700008392334,28.399999618530273,14.987039566040039,3437100,PFG,yfinance,2026-02-10T05:10:16.435896+00:00
2003-03-24,28.149999618530273,28.15999984741211,27.690000534057617,27.719999313354492,14.628190040588379,1124300,PFG,yfinance,2026-02-10T05:10:16.435896+00:00
2003-03-25,27.81999969482422,28.389999389648438,27.520000457763672,28.139999389648438,14.849836349487305,900300,PFG,yfinance,2026-02-10T05:10:16.435896+00:00
2003-03-26,27.799999237060547,27.93000030517578,27.5,27.760000228881836,14.649304389953613,1116600,PFG,yfinance,2026-02-10T05:10:16.435896+00:00
2003-03-27,27.770000457763672,27.8700008392334,27.31999969482422,27.690000534057617,14.6123685836792,637000,PFG,yfinance,2026-02-10T05:10:16.435896+00:00
2003-03-28,27.690000534057617,27.809999465942383,27.329999923706055,27.700000762939453,14.61764144897461,702700,PFG,yfinance,2026-02-10T05:10:16.435896+00:00
2003-03-31,27.100000381469727,27.520000457763672,27.030000686645508,27.139999389648438,14.322118759155273,1086800,PFG,yfinance,2026-02-10T05:10:16.435896+00:00
2003-04-01,27.25,27.860000610351562,27.030000686645508,27.780000686645508,14.659858703613281,661700,PFG,yfinance,2026-02-10T05:10:16.435896+00:00
2003-04-02,28.200000762939453,28.489999771118164,28.0,28.09000015258789,14.823442459106445,791900,PFG,yfinance,2026-02-10T05:10:16.435896+00:00
2003-04-03,28.149999618530273,28.25,27.639999389648438,27.809999465942383,14.675688743591309,859200,PFG,yfinance,2026-02-10T05:10:16.435896+00:00
2003-04-04,28.030000686645508,28.299999237060547,27.850000381469727,28.209999084472656,14.8867769241333,835300,PFG,yfinance,2026-02-10T05:10:16.435896+00:00
2003-04-07,28.850000381469727,29.360000610351562,28.309999465942383,28.389999389648438,14.981762886047363,730600,PFG,yfinance,2026-02-10T05:10:16.435896+00:00
2003-04-08,28.299999237060547,28.739999771118164,28.139999389648438,28.600000381469727,15.092583656311035,734600,PFG,yfinance,2026-02-10T05:10:16.435896+00:00
2003-04-09,28.799999237060547,29.3799991607666,28.399999618530273,28.5,15.039809226989746,846500,PFG,yfinance,2026-02-10T05:10:16.435896+00:00
2003-04-10,28.600000381469727,28.860000610351562,28.40999984741211,28.809999465942383,15.203398704528809,921700,PFG,yfinance,2026-02-10T05:10:16.435896+00:00
2003-04-11,28.950000762939453,29.25,28.510000228881836,28.729999542236328,15.16118049621582,544400,PFG,yfinance,2026-02-10T05:10:16.435896+00:00
2003-04-14,28.729999542236328,29.43000030517578,28.729999542236328,29.43000030517578,15.530583381652832,778000,PFG,yfinance,2026-02-10T05:10:16.435896+00:00
2003-04-15,29.350000381469727,29.920000076293945,29.100000381469727,29.899999618530273,15.778614044189453,845300,PFG,yfinance,2026-02-10T05:10:16.435896+00:00
2003-04-16,29.889999389648438,30.100000381469727,29.1299991607666,29.25,15.435595512390137,753400,PFG,yfinance,2026-02-10T05:10:16.435896+00:00
2003-04-17,29.149999618530273,29.829999923706055,29.149999618530273,29.600000381469727,15.620294570922852,556500,PFG,yfinance,2026-02-10T05:10:16.435896+00:00
2003-04-21,29.719999313354492,29.780000686645508,29.299999237060547,29.5,15.567527770996094,683400,PFG,yfinance,2026-02-10T05:10:16.435896+00:00
2003-04-22,28.989999771118164,30.200000762939453,28.90999984741211,30.100000381469727,15.88415241241455,1256300,PFG,yfinance,2026-02-10T05:10:16.435896+00:00
2003-04-23,30.0,30.25,29.5,29.670000076293945,15.657236099243164,1681000,PFG,yfinance,2026-02-10T05:10:16.435896+00:00
2003-04-24,30.0,30.0,29.110000610351562,29.440000534057617,15.53585433959961,1140000,PFG,yfinance,2026-02-10T05:10:16.435896+00:00
2003-04-25,29.299999237060547,29.40999984741211,28.59000015258789,28.639999389648438,15.113693237304688,1054400,PFG,yfinance,2026-02-10T05:10:16.435896+00:00
2003-04-28,28.709999084472656,29.739999771118164,28.709999084472656,29.25,15.435595512390137,901900,PFG,yfinance,2026-02-10T05:10:16.435896+00:00
2003-04-29,29.350000381469727,29.709999084472656,29.18000030517578,29.34000015258789,15.483091354370117,743300,PFG,yfinance,2026-02-10T05:10:16.435896+00:00
2003-04-30,29.200000762939453,29.350000381469727,28.899999618530273,29.100000381469727,15.356437683105469,1690500,PFG,yfinance,2026-02-10T05:10:16.435896+00:00
2003-05-01,29.09000015258789,29.09000015258789,28.399999618530273,28.799999237060547,15.198126792907715,1087600,PFG,yfinance,2026-02-10T05:10:16.435896+00:00
2003-05-02,28.68000030517578,29.469999313354492,28.56999969482422,29.270000457763672,15.446148872375488,799600,PFG,yfinance,2026-02-10T05:10:16.435896+00:00
2003-05-05,29.25,29.8799991607666,29.229999542236328,29.25,15.435595512390137,1093600,PFG,yfinance,2026-02-10T05:10:16.435896+00:00
2003-05-06,29.799999237060547,30.0,29.399999618530273,29.579999923706055,15.609737396240234,1378500,PFG,yfinance,2026-02-10T05:10:16.435896+00:00
2003-05-07,29.579999923706055,29.8799991607666,29.350000381469727,29.549999237060547,15.59390926361084,926300,PFG,yfinance,2026-02-10T05:10:16.435896+00:00
2003-05-08,29.450000762939453,29.600000381469727,29.0,29.299999237060547,15.46198558807373,930600,PFG,yfinance,2026-02-10T05:10:16.435896+00:00
2003-05-09,29.479999542236328,30.049999237060547,29.440000534057617,29.93000030517578,15.794439315795898,1403700,PFG,yfinance,2026-02-10T05:10:16.435896+00:00
2003-05-12,29.93000030517578,30.559999465942383,29.65999984741211,30.5,16.095230102539062,758100,PFG,yfinance,2026-02-10T05:10:16.435896+00:00
2003-05-13,30.5,30.959999084472656,30.309999465942383,30.329999923706055,16.005525588989258,1040800,PFG,yfinance,2026-02-10T05:10:16.435896+00:00
2003-05-14,30.399999618530273,30.559999465942383,30.25,30.399999618530273,16.04245948791504,813600,PFG,yfinance,2026-02-10T05:10:16.435896+00:00
2003-05-15,30.549999237060547,31.059999465942383,30.530000686645508,31.040000915527344,16.380207061767578,1247600,PFG,yfinance,2026-02-10T05:10:16.435896+00:00
2003-05-16,30.979999542236328,31.18000030517578,30.6200008392334,30.899999618530273,16.30632209777832,950500,PFG,yfinance,2026-02-10T05:10:16.435896+00:00
2003-05-19,30.899999618530273,30.950000762939453,30.15999984741211,30.15999984741211,15.915811538696289,945200,PFG,yfinance,2026-02-10T05:10:16.435896+00:00
2003-05-20,30.299999237060547,30.690000534057617,30.15999984741211,30.200000762939453,15.936921119689941,1007300,PFG,yfinance,2026-02-10T05:10:16.435896+00:00
2003-05-21,30.209999084472656,30.579999923706055,30.0,30.420000076293945,16.053016662597656,1035600,PFG,yfinance,2026-02-10T05:10:16.435896+00:00
2003-05-22,30.399999618530273,31.219999313354492,30.25,31.020000457763672,16.369644165039062,1117200,PFG,yfinance,2026-02-10T05:10:16.435896+00:00
2003-05-23,30.899999618530273,31.049999237060547,30.780000686645508,30.84000015258789,16.274656295776367,916400,PFG,yfinance,2026-02-10T05:10:16.435896+00:00
2003-05-27,30.700000762939453,31.149999618530273,30.520000457763672,31.079999923706055,16.40130615234375,851300,PFG,yfinance,2026-02-10T05:10:16.435896+00:00
2003-05-28,31.100000381469727,31.469999313354492,30.889999389648438,31.049999237060547,16.385480880737305,1309300,PFG,yfinance,2026-02-10T05:10:16.435896+00:00
2003-05-29,31.020000457763672,31.299999237060547,30.770000457763672,30.8799991607666,16.29576301574707,963900,PFG,yfinance,2026-02-10T05:10:16.435896+00:00
2003-05-30,30.8700008392334,31.889999389648438,30.860000610351562,31.760000228881836,16.76015281677246,1274000,PFG,yfinance,2026-02-10T05:10:16.435896+00:00
2003-06-02,32.099998474121094,32.25,31.639999389648438,31.639999389648438,16.69682502746582,1251700,PFG,yfinance,2026-02-10T05:10:16.435896+00:00
2003-06-03,31.75,31.8799991607666,31.030000686645508,31.399999618530273,16.57017707824707,931700,PFG,yfinance,2026-02-10T05:10:16.435896+00:00
2003-06-04,31.549999237060547,32.20000076293945,31.530000686645508,32.20000076293945,16.99234962463379,778500,PFG,yfinance,2026-02-10T05:10:16.435896+00:00
2003-06-05,32.20000076293945,32.689998626708984,32.099998474121094,32.599998474121094,17.203428268432617,1237600,PFG,yfinance,2026-02-10T05:10:16.435896+00:00
2003-06-06,32.70000076293945,33.349998474121094,32.66999816894531,32.900001525878906,17.36174774169922,1007900,PFG,yfinance,2026-02-10T05:10:16.435896+00:00
2003-06-09,32.70000076293945,32.95000076293945,32.20000076293945,32.2400016784668,17.013456344604492,787400,PFG,yfinance,2026-02-10T05:10:16.435896+00:00
2003-06-10,32.29999923706055,32.79999923706055,32.29999923706055,32.79999923706055,17.308975219726562,852200,PFG,yfinance,2026-02-10T05:10:16.435896+00:00
2003-06-11,32.75,33.369998931884766,32.68000030517578,33.369998931884766,17.609773635864258,674500,PFG,yfinance,2026-02-10T05:10:16.435896+00:00
2003-06-12,33.45000076293945,33.72999954223633,33.13999938964844,33.72999954223633,17.799745559692383,985200,PFG,yfinance,2026-02-10T05:10:16.435896+00:00
2003-06-13,33.72999954223633,33.79999923706055,33.08000183105469,33.439998626708984,17.64670753479004,746400,PFG,yfinance,2026-02-10T05:10:16.435896+00:00
2003-06-16,33.47999954223633,34.310001373291016,33.38999938964844,34.29999923706055,18.100542068481445,1491700,PFG,yfinance,2026-02-10T05:10:16.435896+00:00
2003-06-17,34.650001525878906,34.66999816894531,34.08000183105469,34.27000045776367,18.0847110748291,980500,PFG,yfinance,2026-02-10T05:10:16.435896+00:00
2003-06-18,34.25,34.54999923706055,33.93000030517578,34.290000915527344,18.09526824951172,784500,PFG,yfinance,2026-02-10T05:10:16.435896+00:00
2003-06-19,34.279998779296875,34.279998779296875,33.279998779296875,33.470001220703125,17.662546157836914,1069400,PFG,yfinance,2026-02-10T05:10:16.435896+00:00
2003-06-20,33.599998474121094,33.900001525878906,33.2599983215332,33.38999938964844,17.620319366455078,2195300,PFG,yfinance,2026-02-10T05:10:16.435896+00:00
2003-06-23,33.31999969482422,33.34000015258789,32.310001373291016,32.4900016784668,17.1453857421875,988300,PFG,yfinance,2026-02-10T05:10:16.435896+00:00
2003-06-24,32.54999923706055,33.150001525878906,32.54999923706055,32.61000061035156,17.20871353149414,1328000,PFG,yfinance,2026-02-10T05:10:16.435896+00:00
2003-06-25,32.65999984741211,33.02000045776367,32.5,32.5,17.150657653808594,925800,PFG,yfinance,2026-02-10T05:10:16.435896+00:00
2003-06-26,32.400001525878906,32.63999938964844,32.150001525878906,32.45000076293945,17.124271392822266,978100,PFG,yfinance,2026-02-10T05:10:16.435896+00:00
2003-06-27,32.5,32.63999938964844,32.18000030517578,32.29999923706055,17.04511833190918,687800,PFG,yfinance,2026-02-10T05:10:16.435896+00:00
2003-06-30,32.29999923706055,32.72999954223633,32.060001373291016,32.25,17.018733978271484,790800,PFG,yfinance,2026-02-10T05:10:16.435896+00:00
2003-07-01,32.25,33.13999938964844,32.02000045776367,33.04999923706055,17.44090461730957,984900,PFG,yfinance,2026-02-10T05:10:16.435896+00:00
2003-07-02,32.849998474121094,33.2599983215332,32.779998779296875,33.2599983215332,17.551719665527344,1017800,PFG,yfinance,2026-02-10T05:10:16.435896+00:00
2003-07-03,33.20000076293945,33.25,32.81999969482422,32.939998626708984,17.382856369018555,491700,PFG,yfinance,2026-02-10T05:10:16.435896+00:00
2003-07-07,33.25,33.70000076293945,33.25,33.540000915527344,17.699480056762695,850300,PFG,yfinance,2026-02-10T05:10:16.435896+00:00
2003-07-08,32.79999923706055,33.540000915527344,32.79999923706055,33.52000045776367,17.68892478942871,919100,PFG,yfinance,2026-02-10T05:10:16.435896+00:00
2003-07-09,33.45000076293945,33.5,33.060001373291016,33.349998474121094,17.59922218322754,757300,PFG,yfinance,2026-02-10T05:10:16.435896+00:00
2003-07-10,33.20000076293945,33.20000076293945,32.599998474121094,32.77000045776367,17.29314422607422,670100,PFG,yfinance,2026-02-10T05:10:16.435896+00:00
2003-07-11,33.029998779296875,33.41999816894531,32.939998626708984,33.29999923706055,17.57282829284668,1016400,PFG,yfinance,2026-02-10T05:10:16.435896+00:00
2003-07-14,33.45000076293945,33.900001525878906,33.189998626708984,33.540000915527344,17.699480056762695,914700,PFG,yfinance,2026-02-10T05:10:16.435896+00:00
2003-07-15,33.79999923706055,34.099998474121094,33.349998474121094,33.41999816894531,17.63615608215332,1032400,PFG,yfinance,2026-02-10T05:10:16.435896+00:00
2003-07-16,33.5,33.7599983215332,33.220001220703125,33.279998779296875,17.562274932861328,541700,PFG,yfinance,2026-02-10T05:10:16.435896+00:00
2003-07-17,33.150001525878906,33.18000030517578,32.060001373291016,32.209999084472656,16.99762535095215,1725800,PFG,yfinance,2026-02-10T05:10:16.435896+00:00
2003-07-18,32.45000076293945,32.79999923706055,32.20000076293945,32.79999923706055,17.308975219726562,742900,PFG,yfinance,2026-02-10T05:10:16.435896+00:00
2003-07-21,33.0,33.0,32.04999923706055,32.290000915527344,17.039838790893555,856500,PFG,yfinance,2026-02-10T05:10:16.435896+00:00
2003-07-22,32.45000076293945,32.95000076293945,32.25,32.560001373291016,17.182321548461914,915400,PFG,yfinance,2026-02-10T05:10:16.435896+00:00
2003-07-23,32.47999954223633,32.77000045776367,32.20000076293945,32.70000076293945,17.25619888305664,640300,PFG,yfinance,2026-02-10T05:10:16.435896+00:00
2003-07-24,33.5,33.70000076293945,32.880001068115234,32.88999938964844,17.35647201538086,1090300,PFG,yfinance,2026-02-10T05:10:16.435896+00:00
2003-07-25,32.75,34.040000915527344,32.75,33.9900016784668,17.93695640563965,920600,PFG,yfinance,2026-02-10T05:10:16.435896+00:00
2003-07-28,34.040000915527344,34.099998474121094,33.58000183105469,33.869998931884766,17.873626708984375,772800,PFG,yfinance,2026-02-10T05:10:16.435896+00:00
2003-07-29,33.880001068115234,34.060001373291016,33.400001525878906,33.689998626708984,17.778644561767578,868600,PFG,yfinance,2026-02-10T05:10:16.435896+00:00
2003-07-30,33.790000915527344,33.88999938964844,33.20000076293945,33.20000076293945,17.520063400268555,907300,PFG,yfinance,2026-02-10T05:10:16.435896+00:00
2003-07-31,33.599998474121094,33.70000076293945,32.560001373291016,32.599998474121094,17.203428268432617,1470800,PFG,yfinance,2026-02-10T05:10:16.435896+00:00
2003-08-01,32.5,32.70000076293945,32.25,32.47999954223633,17.140104293823242,798800,PFG,yfinance,2026-02-10T05:10:16.435896+00:00
2003-08-04,32.29999923706055,32.75,31.479999542236328,32.599998474121094,17.203428268432617,1054700,PFG,yfinance,2026-02-10T05:10:16.435896+00:00
2003-08-05,31.799999237060547,31.950000762939453,30.719999313354492,30.729999542236328,16.216609954833984,2794500,PFG,yfinance,2026-02-10T05:10:16.435896+00:00
2003-08-06,30.600000381469727,31.809999465942383,30.56999969482422,31.440000534057617,16.591289520263672,1073000,PFG,yfinance,2026-02-10T05:10:16.435896+00:00
2003-08-07,31.510000228881836,31.950000762939453,31.360000610351562,31.850000381469727,16.807647705078125,642600,PFG,yfinance,2026-02-10T05:10:16.435896+00:00
2003-08-08,31.959999084472656,32.29999923706055,31.920000076293945,32.09000015258789,16.934301376342773,534700,PFG,yfinance,2026-02-10T05:10:16.435896+00:00
2003-08-11,32.040000915527344,32.04999923706055,31.219999313354492,31.530000686645508,16.638776779174805,895000,PFG,yfinance,2026-02-10T05:10:16.435896+00:00
2003-08-12,31.579999923706055,32.060001373291016,31.530000686645508,32.040000915527344,16.90791893005371,540000,PFG,yfinance,2026-02-10T05:10:16.435896+00:00
2003-08-13,32.150001525878906,32.25,31.68000030517578,31.8799991607666,16.8234806060791,573000,PFG,yfinance,2026-02-10T05:10:16.435896+00:00
2003-08-14,31.950000762939453,32.65999984741211,31.850000381469727,32.369998931884766,17.082061767578125,1054500,PFG,yfinance,2026-02-10T05:10:16.435896+00:00
2003-08-15,32.5,32.540000915527344,31.90999984741211,32.36000061035156,17.076780319213867,342900,PFG,yfinance,2026-02-10T05:10:16.435896+00:00
2003-08-18,32.40999984741211,32.7599983215332,32.2599983215332,32.529998779296875,17.166492462158203,541500,PFG,yfinance,2026-02-10T05:10:16.435896+00:00
2003-08-19,33.18000030517578,33.18000030517578,32.369998931884766,32.63999938964844,17.224536895751953,539900,PFG,yfinance,2026-02-10T05:10:16.435896+00:00
2003-08-20,32.650001525878906,32.650001525878906,31.899999618530273,31.90999984741211,16.839309692382812,1537000,PFG,yfinance,2026-02-10T05:10:16.435896+00:00
2003-08-21,31.969999313354492,32.0099983215332,31.6200008392334,31.770000457763672,16.765430450439453,957900,PFG,yfinance,2026-02-10T05:10:16.435896+00:00
2003-08-22,31.920000076293945,31.940000534057617,31.200000762939453,31.389999389648438,16.56490135192871,1051100,PFG,yfinance,2026-02-10T05:10:16.435896+00:00
2003-08-25,31.299999237060547,31.309999465942383,30.889999389648438,31.0,16.35909652709961,884300,PFG,yfinance,2026-02-10T05:10:16.435896+00:00
2003-08-26,30.549999237060547,30.899999618530273,30.170000076293945,30.860000610351562,16.285215377807617,1284400,PFG,yfinance,2026-02-10T05:10:16.435896+00:00
2003-08-27,30.860000610351562,30.899999618530273,30.649999618530273,30.690000534057617,16.19550132751465,491200,PFG,yfinance,2026-02-10T05:10:16.435896+00:00
2003-08-28,30.799999237060547,31.15999984741211,30.65999984741211,31.110000610351562,16.41714096069336,635600,PFG,yfinance,2026-02-10T05:10:16.435896+00:00
2003-08-29,31.1200008392334,31.479999542236328,30.829999923706055,31.459999084472656,16.601837158203125,579200,PFG,yfinance,2026-02-10T05:10:16.435896+00:00
2003-09-02,31.479999542236328,32.349998474121094,31.260000228881836,32.29999923706055,17.04511833190918,859200,PFG,yfinance,2026-02-10T05:10:16.435896+00:00
2003-09-03,32.54999923706055,32.709999084472656,32.349998474121094,32.65999984741211,17.23509979248047,990900,PFG,yfinance,2026-02-10T05:10:16.435896+00:00
2003-09-04,32.54999923706055,32.689998626708984,32.380001068115234,32.68000030517578,17.245651245117188,555900,PFG,yfinance,2026-02-10T05:10:16.435896+00:00
2003-09-05,32.5,32.58000183105469,32.099998474121094,32.380001068115234,17.08733367919922,632600,PFG,yfinance,2026-02-10T05:10:16.435896+00:00
2003-09-08,32.47999954223633,32.70000076293945,32.34000015258789,32.650001525878906,17.229820251464844,371200,PFG,yfinance,2026-02-10T05:10:16.435896+00:00
2003-09-09,32.599998474121094,32.61000061035156,32.040000915527344,32.22999954223633,17.008176803588867,921900,PFG,yfinance,2026-02-10T05:10:16.435896+00:00
2003-09-10,31.81999969482422,31.850000381469727,31.049999237060547,31.209999084472656,16.469913482666016,1163600,PFG,yfinance,2026-02-10T05:10:16.435896+00:00
2003-09-11,31.25,31.510000228881836,31.15999984741211,31.34000015258789,16.53851318359375,557700,PFG,yfinance,2026-02-10T05:10:16.435896+00:00
2003-09-12,31.34000015258789,31.479999542236328,30.899999618530273,31.43000030517578,16.58601188659668,564400,PFG,yfinance,2026-02-10T05:10:16.435896+00:00
2003-09-15,31.459999084472656,31.540000915527344,31.200000762939453,31.489999771118164,16.617673873901367,820000,PFG,yfinance,2026-02-10T05:10:16.435896+00:00
2003-09-16,31.549999237060547,31.850000381469727,31.520000457763672,31.829999923706055,16.79709243774414,491400,PFG,yfinance,2026-02-10T05:10:16.435896+00:00
2003-09-17,31.700000762939453,32.06999969482422,31.540000915527344,31.719999313354492,16.739046096801758,460300,PFG,yfinance,2026-02-10T05:10:16.435896+00:00
2003-09-18,31.739999771118164,32.439998626708984,31.709999084472656,32.22999954223633,17.008176803588867,605600,PFG,yfinance,2026-02-10T05:10:16.435896+00:00
2003-09-19,32.099998474121094,32.189998626708984,31.489999771118164,32.04999923706055,16.91319465637207,887300,PFG,yfinance,2026-02-10T05:10:16.435896+00:00
2003-09-22,31.899999618530273,31.899999618530273,31.25,31.40999984741211,16.575458526611328,819900,PFG,yfinance,2026-02-10T05:10:16.435896+00:00
2003-09-23,31.420000076293945,31.520000457763672,31.219999313354492,31.43000030517578,16.58601188659668,568200,PFG,yfinance,2026-02-10T05:10:16.435896+00:00
2003-09-24,31.350000381469727,31.420000076293945,30.790000915527344,31.139999389648438,16.432973861694336,905400,PFG,yfinance,2026-02-10T05:10:16.435896+00:00
2003-09-25,31.100000381469727,31.15999984741211,30.690000534057617,30.700000762939453,16.20077896118164,1029600,PFG,yfinance,2026-02-10T05:10:16.435896+00:00
2003-09-26,30.600000381469727,30.600000381469727,30.1299991607666,30.34000015258789,16.010801315307617,1165100,PFG,yfinance,2026-02-10T05:10:16.435896+00:00
2003-09-29,30.56999969482422,31.239999771118164,30.520000457763672,31.049999237060547,16.385480880737305,1236000,PFG,yfinance,2026-02-10T05:10:16.435896+00:00
2003-09-30,30.850000381469727,31.260000228881836,30.399999618530273,30.989999771118164,16.353818893432617,819600,PFG,yfinance,2026-02-10T05:10:16.435896+00:00
2003-10-01,31.010000228881836,31.850000381469727,31.010000228881836,31.850000381469727,16.807647705078125,1144400,PFG,yfinance,2026-02-10T05:10:16.435896+00:00
2003-10-02,31.850000381469727,31.940000534057617,31.31999969482422,31.739999771118164,16.749595642089844,364400,PFG,yfinance,2026-02-10T05:10:16.435896+00:00
2003-10-03,32.150001525878906,32.54999923706055,31.649999618530273,31.690000534057617,16.72321128845215,651500,PFG,yfinance,2026-02-10T05:10:16.435896+00:00
2003-10-06,31.75,32.029998779296875,31.420000076293945,31.989999771118164,16.88152503967285,459300,PFG,yfinance,2026-02-10T05:10:16.435896+00:00
2003-10-07,31.700000762939453,31.93000030517578,31.360000610351562,31.93000030517578,16.849864959716797,520100,PFG,yfinance,2026-02-10T05:10:16.435896+00:00
2003-10-08,31.920000076293945,31.959999084472656,31.469999313354492,31.760000228881836,16.76015281677246,767700,PFG,yfinance,2026-02-10T05:10:16.435896+00:00
2003-10-09,31.979999542236328,32.15999984741211,31.610000610351562,31.739999771118164,16.749595642089844,560900,PFG,yfinance,2026-02-10T05:10:16.435896+00:00
2003-10-10,31.549999237060547,31.549999237060547,31.0,31.200000762939453,16.464635848999023,1253000,PFG,yfinance,2026-02-10T05:10:16.435896+00:00
2003-10-13,32.099998474121094,32.58000183105469,31.90999984741211,32.2599983215332,17.024002075195312,1088600,PFG,yfinance,2026-02-10T05:10:16.435896+00:00
2003-10-14,32.29999923706055,32.5,32.2599983215332,32.40999984741211,17.103166580200195,519400,PFG,yfinance,2026-02-10T05:10:16.435896+00:00
2003-10-15,32.0,32.38999938964844,31.600000381469727,31.850000381469727,16.807647705078125,803700,PFG,yfinance,2026-02-10T05:10:16.435896+00:00
2003-10-16,31.799999237060547,32.25,31.799999237060547,32.08000183105469,16.929027557373047,634700,PFG,yfinance,2026-02-10T05:10:16.435896+00:00
2003-10-17,32.20000076293945,32.380001068115234,31.81999969482422,31.93000030517578,16.849864959716797,722300,PFG,yfinance,2026-02-10T05:10:16.435896+00:00
2003-10-20,31.940000534057617,32.150001525878906,31.100000381469727,32.0,16.886802673339844,857900,PFG,yfinance,2026-02-10T05:10:16.435896+00:00
2003-10-21,32.0,32.150001525878906,31.600000381469727,32.040000915527344,16.90791893005371,720500,PFG,yfinance,2026-02-10T05:10:16.435896+00:00
2003-10-22,31.950000762939453,32.06999969482422,31.579999923706055,31.65999984741211,16.707382202148438,503500,PFG,yfinance,2026-02-10T05:10:16.435896+00:00
2003-10-23,31.549999237060547,32.02000045776367,31.350000381469727,31.940000534057617,16.85514259338379,521600,PFG,yfinance,2026-02-10T05:10:16.435896+00:00
2003-10-24,31.690000534057617,31.860000610351562,31.440000534057617,31.760000228881836,16.76015281677246,514900,PFG,yfinance,2026-02-10T05:10:16.435896+00:00
2003-10-27,31.959999084472656,32.099998474121094,31.3700008392334,31.510000228881836,16.628223419189453,561200,PFG,yfinance,2026-02-10T05:10:16.435896+00:00
2003-10-28,31.700000762939453,31.700000762939453,31.360000610351562,31.549999237060547,16.649333953857422,979200,PFG,yfinance,2026-02-10T05:10:16.435896+00:00
2003-10-29,31.559999465942383,31.559999465942383,30.770000457763672,31.049999237060547,16.385480880737305,1452700,PFG,yfinance,2026-02-10T05:10:16.435896+00:00
2003-10-30,31.200000762939453,31.280000686645508,30.700000762939453,30.799999237060547,16.253551483154297,1055900,PFG,yfinance,2026-02-10T05:10:16.435896+00:00
2003-10-31,30.799999237060547,31.459999084472656,30.799999237060547,31.350000381469727,16.54378890991211,1391600,PFG,yfinance,2026-02-10T05:10:16.435896+00:00
2003-11-03,31.350000381469727,33.15999984741211,31.350000381469727,32.189998626708984,16.98706817626953,1608600,PFG,yfinance,2026-02-10T05:10:16.435896+00:00
2003-11-04,32.20000076293945,32.20000076293945,31.719999313354492,31.8700008392334,16.818206787109375,1751800,PFG,yfinance,2026-02-10T05:10:16.435896+00:00
2003-11-05,31.420000076293945,31.479999542236328,30.989999771118164,31.100000381469727,16.64691734313965,1155300,PFG,yfinance,2026-02-10T05:10:16.435896+00:00
2003-11-06,31.0,31.420000076293945,30.93000030517578,31.399999618530273,16.807497024536133,754800,PFG,yfinance,2026-02-10T05:10:16.435896+00:00
2003-11-07,31.389999389648438,31.450000762939453,30.899999618530273,30.899999618530273,16.53986358642578,800900,PFG,yfinance,2026-02-10T05:10:16.435896+00:00
2003-11-10,31.049999237060547,31.360000610351562,30.899999618530273,31.209999084472656,16.70579719543457,980300,PFG,yfinance,2026-02-10T05:10:16.435896+00:00
2003-11-11,31.219999313354492,31.56999969482422,31.209999084472656,31.43000030517578,16.823558807373047,958600,PFG,yfinance,2026-02-10T05:10:16.435896+00:00
2003-11-12,31.479999542236328,31.700000762939453,31.399999618530273,31.610000610351562,16.919906616210938,900200,PFG,yfinance,2026-02-10T05:10:16.435896+00:00
2003-11-13,31.450000762939453,31.84000015258789,31.420000076293945,31.799999237060547,17.0216064453125,1114200,PFG,yfinance,2026-02-10T05:10:16.435896+00:00
2003-11-14,31.780000686645508,31.90999984741211,31.43000030517578,31.559999465942383,16.893136978149414,1151100,PFG,yfinance,2026-02-10T05:10:16.435896+00:00
2003-11-17,31.450000762939453,31.56999969482422,31.15999984741211,31.540000915527344,16.88243865966797,797100,PFG,yfinance,2026-02-10T05:10:16.435896+00:00
2003-11-18,31.540000915527344,31.860000610351562,31.350000381469727,31.530000686645508,16.877079010009766,637700,PFG,yfinance,2026-02-10T05:10:16.435896+00:00
2003-11-19,31.649999618530273,31.959999084472656,31.489999771118164,31.90999984741211,17.08048439025879,940100,PFG,yfinance,2026-02-10T05:10:16.435896+00:00
2003-11-20,31.75,32.08000183105469,31.639999389648438,31.790000915527344,17.016250610351562,854000,PFG,yfinance,2026-02-10T05:10:16.435896+00:00
2003-11-21,31.969999313354492,32.02000045776367,31.719999313354492,31.889999389648438,17.06977653503418,714400,PFG,yfinance,2026-02-10T05:10:16.435896+00:00
2003-11-24,32.099998474121094,32.220001220703125,31.829999923706055,31.889999389648438,17.06977653503418,795500,PFG,yfinance,2026-02-10T05:10:16.435896+00:00
2003-11-25,31.950000762939453,32.220001220703125,31.850000381469727,32.099998474121094,17.182180404663086,760900,PFG,yfinance,2026-02-10T05:10:16.435896+00:00
2003-11-26,32.25,33.13999938964844,32.25,33.119998931884766,17.728164672851562,1311300,PFG,yfinance,2026-02-10T05:10:16.435896+00:00
2003-11-28,33.0,33.189998626708984,32.9900016784668,33.11000061035156,17.722808837890625,324300,PFG,yfinance,2026-02-10T05:10:16.435896+00:00
2003-12-01,33.400001525878906,33.540000915527344,33.25,33.41999816894531,17.888742446899414,963700,PFG,yfinance,2026-02-10T05:10:16.435896+00:00
2003-12-02,33.54999923706055,34.36000061035156,33.54999923706055,34.20000076293945,18.306257247924805,1449400,PFG,yfinance,2026-02-10T05:10:16.435896+00:00
2003-12-03,34.20000076293945,34.20000076293945,33.61000061035156,33.630001068115234,18.00115394592285,1044200,PFG,yfinance,2026-02-10T05:10:16.435896+00:00
2003-12-04,33.75,33.91999816894531,33.540000915527344,33.72999954223633,18.054676055908203,861700,PFG,yfinance,2026-02-10T05:10:16.435896+00:00
2003-12-05,33.72999954223633,34.06999969482422,33.65999984741211,33.77000045776367,18.076086044311523,978600,PFG,yfinance,2026-02-10T05:10:16.435896+00:00
2003-12-08,33.79999923706055,34.20000076293945,33.790000915527344,34.060001373291016,18.231319427490234,790600,PFG,yfinance,2026-02-10T05:10:16.435896+00:00
2003-12-09,34.0,34.0,33.25,33.29999923706055,17.824508666992188,1025900,PFG,yfinance,2026-02-10T05:10:16.435896+00:00
2003-12-10,33.380001068115234,33.380001068115234,32.689998626708984,32.83000183105469,17.57292938232422,881500,PFG,yfinance,2026-02-10T05:10:16.435896+00:00
2003-12-11,32.86000061035156,33.38999938964844,32.86000061035156,33.33000183105469,17.84056854248047,584200,PFG,yfinance,2026-02-10T05:10:16.435896+00:00
2003-12-12,33.33000183105469,33.54999923706055,33.25,33.4900016784668,17.926204681396484,527300,PFG,yfinance,2026-02-10T05:10:16.435896+00:00
2003-12-15,33.4900016784668,33.4900016784668,32.54999923706055,32.54999923706055,17.42305564880371,892800,PFG,yfinance,2026-02-10T05:10:16.435896+00:00
2003-12-16,32.54999923706055,33.0099983215332,32.36000061035156,32.959999084472656,17.64251708984375,1020500,PFG,yfinance,2026-02-10T05:10:16.435896+00:00
2003-12-17,33.0,33.0,32.75,32.86000061035156,17.588998794555664,970200,PFG,yfinance,2026-02-10T05:10:16.435896+00:00
2003-12-18,32.7400016784668,33.220001220703125,32.54999923706055,33.11000061035156,17.722808837890625,866500,PFG,yfinance,2026-02-10T05:10:16.435896+00:00
2003-12-19,33.279998779296875,33.470001220703125,32.95000076293945,33.099998474121094,17.717456817626953,1126300,PFG,yfinance,2026-02-10T05:10:16.435896+00:00
2003-12-22,33.15999984741211,33.27000045776367,32.790000915527344,32.849998474121094,17.583641052246094,714900,PFG,yfinance,2026-02-10T05:10:16.435896+00:00
2003-12-23,32.70000076293945,33.099998474121094,32.630001068115234,32.970001220703125,17.647871017456055,705600,PFG,yfinance,2026-02-10T05:10:16.435896+00:00
2003-12-24,32.91999816894531,33.029998779296875,32.7400016784668,32.900001525878906,17.61040496826172,161600,PFG,yfinance,2026-02-10T05:10:16.435896+00:00
2003-12-26,33.0,33.02000045776367,32.720001220703125,32.81999969482422,17.567581176757812,185800,PFG,yfinance,2026-02-10T05:10:16.435896+00:00
2003-12-29,33.0,33.33000183105469,32.709999084472656,33.33000183105469,17.84056854248047,494200,PFG,yfinance,2026-02-10T05:10:16.435896+00:00
2003-12-30,33.29999923706055,33.41999816894531,33.150001525878906,33.31999969482422,17.83521270751953,502900,PFG,yfinance,2026-02-10T05:10:16.435896+00:00
2003-12-31,32.95000076293945,33.13999938964844,32.88999938964844,33.06999969482422,17.701396942138672,805500,PFG,yfinance,2026-02-10T05:10:16.435896+00:00
2004-01-02,33.20000076293945,33.529998779296875,32.7599983215332,32.93000030517578,17.62645721435547,923400,PFG,yfinance,2026-02-10T05:10:16.435896+00:00
2004-01-05,32.70000076293945,33.099998474121094,32.349998474121094,32.529998779296875,17.412351608276367,2035600,PFG,yfinance,2026-02-10T05:10:16.435896+00:00
2004-01-06,32.529998779296875,32.70000076293945,32.400001525878906,32.56999969482422,17.433767318725586,903000,PFG,yfinance,2026-02-10T05:10:16.435896+00:00
2004-01-07,33.25,33.25,32.380001068115234,32.599998474121094,17.449817657470703,1622300,PFG,yfinance,2026-02-10T05:10:16.435896+00:00
2004-01-08,32.75,32.88999938964844,32.5,32.619998931884766,17.46052360534668,760800,PFG,yfinance,2026-02-10T05:10:16.435896+00:00
2004-01-09,32.5,32.79999923706055,32.40999984741211,32.560001373291016,17.428407669067383,765200,PFG,yfinance,2026-02-10T05:10:16.435896+00:00
2004-01-12,32.43000030517578,32.529998779296875,32.130001068115234,32.31999969482422,17.299945831298828,900900,PFG,yfinance,2026-02-10T05:10:16.435896+00:00
2004-01-13,32.369998931884766,32.939998626708984,32.31999969482422,32.900001525878906,17.61040496826172,1286000,PFG,yfinance,2026-02-10T05:10:16.435896+00:00
2004-01-14,33.0,34.150001525878906,32.91999816894531,34.130001068115234,18.26879119873047,1904100,PFG,yfinance,2026-02-10T05:10:16.435896+00:00
2004-01-15,34.099998474121094,34.18000030517578,33.54999923706055,34.150001525878906,18.27949333190918,1668500,PFG,yfinance,2026-02-10T05:10:16.435896+00:00
2004-01-16,34.349998474121094,35.27000045776367,34.27000045776367,35.119998931884766,18.798702239990234,1275300,PFG,yfinance,2026-02-10T05:10:16.435896+00:00
2004-01-20,35.0,35.36000061035156,34.91999816894531,35.279998779296875,18.884340286254883,1535200,PFG,yfinance,2026-02-10T05:10:16.435896+00:00
2004-01-21,35.31999969482422,36.13999938964844,35.27000045776367,36.029998779296875,19.285804748535156,1102500,PFG,yfinance,2026-02-10T05:10:16.435896+00:00
2004-01-22,36.040000915527344,36.470001220703125,35.75,35.970001220703125,19.253684997558594,877200,PFG,yfinance,2026-02-10T05:10:16.435896+00:00
2004-01-23,35.970001220703125,36.22999954223633,35.47999954223633,35.779998779296875,19.151981353759766,911700,PFG,yfinance,2026-02-10T05:10:16.435896+00:00
2004-01-26,35.630001068115234,36.029998779296875,35.0099983215332,35.9900016784668,19.264394760131836,1082300,PFG,yfinance,2026-02-10T05:10:16.435896+00:00
2004-01-27,35.849998474121094,36.279998779296875,35.56999969482422,35.619998931884766,19.06633949279785,925400,PFG,yfinance,2026-02-10T05:10:16.435896+00:00
2004-01-28,35.75,35.849998474121094,34.810001373291016,35.0,18.734468460083008,782900,PFG,yfinance,2026-02-10T05:10:16.435896+00:00
2004-01-29,35.04999923706055,35.220001220703125,34.720001220703125,35.029998779296875,18.75052261352539,1116300,PFG,yfinance,2026-02-10T05:10:16.435896+00:00
2004-01-30,34.70000076293945,34.97999954223633,34.599998474121094,34.70000076293945,18.57389259338379,715300,PFG,yfinance,2026-02-10T05:10:16.435896+00:00
2004-02-02,34.79999923706055,35.95000076293945,34.779998779296875,35.45000076293945,18.975345611572266,695600,PFG,yfinance,2026-02-10T05:10:16.435896+00:00
2004-02-03,35.29999923706055,35.95000076293945,34.779998779296875,35.70000076293945,19.10915756225586,2619500,PFG,yfinance,2026-02-10T05:10:16.435896+00:00
2004-02-04,35.61000061035156,35.61000061035156,35.09000015258789,35.439998626708984,18.969985961914062,765800,PFG,yfinance,2026-02-10T05:10:16.435896+00:00
2004-02-05,35.400001525878906,35.400001525878906,35.13999938964844,35.33000183105469,18.911115646362305,1272600,PFG,yfinance,2026-02-10T05:10:16.435896+00:00
2004-02-06,35.349998474121094,36.0,35.25,35.880001068115234,19.205514907836914,432300,PFG,yfinance,2026-02-10T05:10:16.435896+00:00
2004-02-09,35.70000076293945,36.25,35.45000076293945,35.689998626708984,19.103803634643555,485900,PFG,yfinance,2026-02-10T05:10:16.435896+00:00
2004-02-10,35.720001220703125,36.25,35.54999923706055,36.11000061035156,19.3286190032959,598300,PFG,yfinance,2026-02-10T05:10:16.435896+00:00
2004-02-11,35.93000030517578,36.709999084472656,35.45000076293945,36.650001525878906,19.617666244506836,718700,PFG,yfinance,2026-02-10T05:10:16.435896+00:00
2004-02-12,36.45000076293945,36.56999969482422,36.130001068115234,36.5099983215332,19.542726516723633,445500,PFG,yfinance,2026-02-10T05:10:16.435896+00:00
2004-02-13,36.5,36.66999816894531,36.060001373291016,36.459999084472656,19.515962600708008,463700,PFG,yfinance,2026-02-10T05:10:16.435896+00:00
2004-02-17,36.849998474121094,37.16999816894531,36.619998931884766,36.86000061035156,19.730085372924805,446300,PFG,yfinance,2026-02-10T05:10:16.435896+00:00
2004-02-18,36.75,36.900001525878906,36.2599983215332,36.5,19.537376403808594,520200,PFG,yfinance,2026-02-10T05:10:16.435896+00:00
2004-02-19,36.900001525878906,37.36000061035156,36.70000076293945,36.70000076293945,19.644426345825195,779700,PFG,yfinance,2026-02-10T05:10:16.435896+00:00
2004-02-20,36.900001525878906,36.900001525878906,36.08000183105469,36.720001220703125,19.65513801574707,566400,PFG,yfinance,2026-02-10T05:10:16.435896+00:00
2004-02-23,36.95000076293945,36.959999084472656,36.400001525878906,36.4900016784668,19.53202247619629,528200,PFG,yfinance,2026-02-10T05:10:16.435896+00:00
2004-02-24,36.4900016784668,36.72999954223633,36.150001525878906,36.29999923706055,19.430320739746094,483000,PFG,yfinance,2026-02-10T05:10:16.435896+00:00
2004-02-25,36.349998474121094,36.7599983215332,36.209999084472656,36.63999938964844,19.612323760986328,543800,PFG,yfinance,2026-02-10T05:10:16.435896+00:00
2004-02-26,36.349998474121094,36.709999084472656,36.20000076293945,36.5,19.537376403808594,826900,PFG,yfinance,2026-02-10T05:10:16.435896+00:00
2004-02-27,35.86000061035156,36.849998474121094,35.86000061035156,36.20000076293945,19.376794815063477,1627900,PFG,yfinance,2026-02-10T05:10:16.435896+00:00
2004-03-01,36.209999084472656,36.52000045776367,36.209999084472656,36.349998474121094,19.457088470458984,653000,PFG,yfinance,2026-02-10T05:10:16.435896+00:00
2004-03-02,36.36000061035156,36.619998931884766,36.18000030517578,36.25,19.403553009033203,1028100,PFG,yfinance,2026-02-10T05:10:16.435896+00:00
2004-03-03,36.20000076293945,36.65999984741211,35.93000030517578,36.59000015258789,19.585546493530273,487100,PFG,yfinance,2026-02-10T05:10:16.435896+00:00
2004-03-04,36.720001220703125,36.84000015258789,36.310001373291016,36.349998474121094,19.457088470458984,737500,PFG,yfinance,2026-02-10T05:10:16.435896+00:00
2004-03-05,36.290000915527344,36.95000076293945,36.04999923706055,36.7400016784668,19.66583824157715,848500,PFG,yfinance,2026-02-10T05:10:16.435896+00:00
2004-03-08,36.540000915527344,36.75,36.33000183105469,36.529998779296875,19.55343246459961,409000,PFG,yfinance,2026-02-10T05:10:16.435896+00:00
2004-03-09,36.369998931884766,36.65999984741211,36.15999984741211,36.29999923706055,19.430320739746094,587000,PFG,yfinance,2026-02-10T05:10:16.435896+00:00
2004-03-10,36.29999923706055,36.56999969482422,35.65999984741211,35.65999984741211,19.087751388549805,639600,PFG,yfinance,2026-02-10T05:10:16.435896+00:00
2004-03-11,35.400001525878906,35.79999923706055,35.029998779296875,35.119998931884766,18.798702239990234,784500,PFG,yfinance,2026-02-10T05:10:16.435896+00:00
2004-03-12,35.130001068115234,35.130001068115234,34.349998474121094,35.02000045776367,18.745182037353516,994100,PFG,yfinance,2026-02-10T05:10:16.435896+00:00
2004-03-15,34.79999923706055,34.84000015258789,33.7400016784668,34.18000030517578,18.295547485351562,1653200,PFG,yfinance,2026-02-10T05:10:16.435896+00:00
2004-03-16,34.599998474121094,35.02000045776367,34.5,34.97999954223633,18.723770141601562,934900,PFG,yfinance,2026-02-10T05:10:16.435896+00:00
2004-03-17,35.02000045776367,35.31999969482422,34.84000015258789,35.25,18.86829376220703,493800,PFG,yfinance,2026-02-10T05:10:16.435896+00:00
2004-03-18,35.25,35.84000015258789,35.04999923706055,35.58000183105469,19.0449275970459,804300,PFG,yfinance,2026-02-10T05:10:16.435896+00:00
2004-03-19,35.380001068115234,35.400001525878906,34.90999984741211,34.970001220703125,18.718408584594727,901700,PFG,yfinance,2026-02-10T05:10:16.435896+00:00
2004-03-22,34.599998474121094,34.880001068115234,34.2599983215332,34.790000915527344,18.6220645904541,696700,PFG,yfinance,2026-02-10T05:10:16.435896+00:00
2004-03-23,34.97999954223633,35.0,34.529998779296875,34.54999923706055,18.493595123291016,860100,PFG,yfinance,2026-02-10T05:10:16.435896+00:00
2004-03-24,34.599998474121094,34.709999084472656,34.16999816894531,34.43000030517578,18.42936134338379,1418400,PFG,yfinance,2026-02-10T05:10:16.435896+00:00
2004-03-25,34.54999923706055,34.91999816894531,34.29999923706055,34.75,18.60065269470215,1042500,PFG,yfinance,2026-02-10T05:10:16.435896+00:00
2004-03-26,34.70000076293945,35.29999923706055,34.47999954223633,35.02000045776367,18.745182037353516,639600,PFG,yfinance,2026-02-10T05:10:16.435896+00:00
2004-03-29,35.220001220703125,35.7400016784668,35.029998779296875,35.540000915527344,19.023517608642578,611400,PFG,yfinance,2026-02-10T05:10:16.435896+00:00
2004-03-30,35.540000915527344,35.790000915527344,35.22999954223633,35.58000183105469,19.0449275970459,577600,PFG,yfinance,2026-02-10T05:10:16.435896+00:00
2004-03-31,35.68000030517578,35.709999084472656,35.06999969482422,35.630001068115234,19.07169532775879,539600,PFG,yfinance,2026-02-10T05:10:16.435896+00:00
2004-04-01,35.70000076293945,36.290000915527344,35.52000045776367,35.95000076293945,19.242982864379883,1447400,PFG,yfinance,2026-02-10T05:10:16.435896+00:00
2004-04-02,36.150001525878906,36.150001525878906,35.619998931884766,35.72999954223633,19.125219345092773,993200,PFG,yfinance,2026-02-10T05:10:16.435896+00:00
2004-04-05,35.79999923706055,35.95000076293945,35.720001220703125,35.79999923706055,19.16268539428711,1167600,PFG,yfinance,2026-02-10T05:10:16.435896+00:00
2004-04-06,35.810001373291016,36.290000915527344,35.68000030517578,35.9900016784668,19.264394760131836,636200,PFG,yfinance,2026-02-10T05:10:16.435896+00:00
2004-04-07,35.84000015258789,36.150001525878906,35.7599983215332,36.0,19.26974105834961,511100,PFG,yfinance,2026-02-10T05:10:16.435896+00:00
2004-04-08,36.099998474121094,36.36000061035156,35.79999923706055,35.939998626708984,19.237625122070312,548000,PFG,yfinance,2026-02-10T05:10:16.435896+00:00
2004-04-12,36.150001525878906,36.4900016784668,36.09000015258789,36.2599983215332,19.408912658691406,461000,PFG,yfinance,2026-02-10T05:10:16.435896+00:00
2004-04-13,36.2599983215332,36.349998474121094,35.27000045776367,35.369998931884766,18.932523727416992,679900,PFG,yfinance,2026-02-10T05:10:16.435896+00:00
2004-04-14,35.08000183105469,35.52000045776367,34.70000076293945,34.97999954223633,18.723770141601562,665100,PFG,yfinance,2026-02-10T05:10:16.435896+00:00
2004-04-15,34.970001220703125,35.20000076293945,34.56999969482422,34.709999084472656,18.579242706298828,886500,PFG,yfinance,2026-02-10T05:10:16.435896+00:00
2004-04-16,35.0,35.38999938964844,34.70000076293945,35.220001220703125,18.852230072021484,654500,PFG,yfinance,2026-02-10T05:10:16.435896+00:00
2004-04-19,35.060001373291016,35.09000015258789,34.75,34.970001220703125,18.718408584594727,606000,PFG,yfinance,2026-02-10T05:10:16.435896+00:00
2004-04-20,34.970001220703125,35.150001525878906,34.310001373291016,34.310001373291016,18.365135192871094,763100,PFG,yfinance,2026-02-10T05:10:16.435896+00:00
2004-04-21,34.400001525878906,34.70000076293945,34.220001220703125,34.33000183105469,18.37584114074707,1099700,PFG,yfinance,2026-02-10T05:10:16.435896+00:00
2004-04-22,34.150001525878906,35.2599983215332,34.150001525878906,35.08000183105469,18.777294158935547,971400,PFG,yfinance,2026-02-10T05:10:16.435896+00:00
2004-04-23,34.79999923706055,35.290000915527344,34.75,35.16999816894531,18.82546615600586,858200,PFG,yfinance,2026-02-10T05:10:16.435896+00:00
2004-04-26,35.189998626708984,35.560001373291016,35.13999938964844,35.20000076293945,18.841522216796875,831300,PFG,yfinance,2026-02-10T05:10:16.435896+00:00
2004-04-27,35.439998626708984,35.93000030517578,35.400001525878906,35.58000183105469,19.0449275970459,846700,PFG,yfinance,2026-02-10T05:10:16.435896+00:00
2004-04-28,35.59000015258789,35.59000015258789,34.95000076293945,35.08000183105469,18.777294158935547,985500,PFG,yfinance,2026-02-10T05:10:16.435896+00:00
2004-04-29,35.08000183105469,35.59000015258789,35.029998779296875,35.099998474121094,18.788000106811523,1155900,PFG,yfinance,2026-02-10T05:10:16.435896+00:00
2004-04-30,35.290000915527344,35.709999084472656,35.150001525878906,35.29999923706055,18.895051956176758,1020700,PFG,yfinance,2026-02-10T05:10:16.435896+00:00
2004-05-03,35.29999923706055,35.849998474121094,35.16999816894531,35.79999923706055,19.16268539428711,1284600,PFG,yfinance,2026-02-10T05:10:16.435896+00:00
2004-05-04,35.599998474121094,35.599998474121094,34.84000015258789,35.06999969482422,18.771936416625977,1400300,PFG,yfinance,2026-02-10T05:10:16.435896+00:00
2004-05-05,35.06999969482422,35.22999954223633,34.72999954223633,34.72999954223633,18.589946746826172,945000,PFG,yfinance,2026-02-10T05:10:16.435896+00:00
2004-05-06,34.47999954223633,34.70000076293945,33.220001220703125,34.16999816894531,18.290193557739258,1114400,PFG,yfinance,2026-02-10T05:10:16.435896+00:00
2004-05-07,34.099998474121094,34.20000076293945,32.88999938964844,33.0,17.66393280029297,1220200,PFG,yfinance,2026-02-10T05:10:16.435896+00:00
2004-05-10,32.849998474121094,33.0,32.09000015258789,32.470001220703125,17.380237579345703,1624100,PFG,yfinance,2026-02-10T05:10:16.435896+00:00
2004-05-11,32.459999084472656,32.560001373291016,32.20000076293945,32.33000183105469,17.3052978515625,1267300,PFG,yfinance,2026-02-10T05:10:16.435896+00:00
2004-05-12,34.25,34.72999954223633,33.849998474121094,34.72999954223633,18.589946746826172,3512500,PFG,yfinance,2026-02-10T05:10:16.435896+00:00
2004-05-13,34.72999954223633,35.54999923706055,34.369998931884766,34.5,18.466833114624023,2098700,PFG,yfinance,2026-02-10T05:10:16.435896+00:00
2004-05-14,34.5,35.029998779296875,34.11000061035156,34.93000030517578,18.696998596191406,1636900,PFG,yfinance,2026-02-10T05:10:16.435896+00:00
2004-05-17,34.599998474121094,34.61000061035156,34.09000015258789,34.11000061035156,18.25808334350586,1468300,PFG,yfinance,2026-02-10T05:10:16.435896+00:00
2004-05-18,34.290000915527344,34.75,34.119998931884766,34.34000015258789,18.381189346313477,1039300,PFG,yfinance,2026-02-10T05:10:16.435896+00:00
2004-05-19,34.5,35.150001525878906,34.5,34.56999969482422,18.504302978515625,1020200,PFG,yfinance,2026-02-10T05:10:16.435896+00:00
2004-05-20,34.54999923706055,34.58000183105469,34.29999923706055,34.45000076293945,18.440074920654297,770800,PFG,yfinance,2026-02-10T05:10:16.435896+00:00
2004-05-21,34.709999084472656,35.029998779296875,34.619998931884766,34.72999954223633,18.589946746826172,800600,PFG,yfinance,2026-02-10T05:10:16.435896+00:00
2004-05-24,34.900001525878906,34.95000076293945,34.36000061035156,34.439998626708984,18.434724807739258,637000,PFG,yfinance,2026-02-10T05:10:16.435896+00:00
2004-05-25,34.20000076293945,34.79999923706055,33.790000915527344,34.7599983215332,18.606000900268555,1637700,PFG,yfinance,2026-02-10T05:10:16.435896+00:00
2004-05-26,34.7599983215332,35.04999923706055,34.52000045776367,34.810001373291016,18.63277816772461,947200,PFG,yfinance,2026-02-10T05:10:16.435896+00:00
2004-05-27,35.0,35.25,34.81999969482422,35.04999923706055,18.761240005493164,1221400,PFG,yfinance,2026-02-10T05:10:16.435896+00:00
2004-05-28,34.91999816894531,35.08000183105469,34.72999954223633,34.95000076293945,18.707704544067383,1147500,PFG,yfinance,2026-02-10T05:10:16.435896+00:00
2004-06-01,34.869998931884766,35.04999923706055,34.63999938964844,34.93000030517578,18.696998596191406,727700,PFG,yfinance,2026-02-10T05:10:16.435896+00:00
2004-06-02,35.0,35.529998779296875,34.97999954223633,35.33000183105469,18.911115646362305,701700,PFG,yfinance,2026-02-10T05:10:16.435896+00:00
2004-06-03,35.29999923706055,35.349998474121094,35.099998474121094,35.27000045776367,18.87899398803711,900600,PFG,yfinance,2026-02-10T05:10:16.435896+00:00
2004-06-04,35.4900016784668,35.720001220703125,35.400001525878906,35.58000183105469,19.0449275970459,785600,PFG,yfinance,2026-02-10T05:10:16.435896+00:00
2004-06-07,35.70000076293945,35.9900016784668,35.689998626708984,35.88999938964844,19.210859298706055,728300,PFG,yfinance,2026-02-10T05:10:16.435896+00:00
2004-06-08,35.95000076293945,36.130001068115234,35.7599983215332,35.880001068115234,19.205514907836914,1584700,PFG,yfinance,2026-02-10T05:10:16.435896+00:00
2004-06-09,35.88999938964844,36.04999923706055,35.630001068115234,35.66999816894531,19.093103408813477,815800,PFG,yfinance,2026-02-10T05:10:16.435896+00:00
2004-06-10,35.66999816894531,35.79999923706055,35.459999084472656,35.70000076293945,19.10915756225586,569100,PFG,yfinance,2026-02-10T05:10:16.435896+00:00
2004-06-14,35.599998474121094,35.599998474121094,34.869998931884766,34.93000030517578,18.696998596191406,803900,PFG,yfinance,2026-02-10T05:10:16.435896+00:00
2004-06-15,35.25,35.349998474121094,34.9900016784668,35.040000915527344,18.755891799926758,603400,PFG,yfinance,2026-02-10T05:10:16.435896+00:00
2004-06-16,35.040000915527344,35.349998474121094,34.900001525878906,35.25,18.86829376220703,566000,PFG,yfinance,2026-02-10T05:10:16.435896+00:00
2004-06-17,35.099998474121094,35.369998931884766,34.81999969482422,35.150001525878906,18.81476593017578,755300,PFG,yfinance,2026-02-10T05:10:16.435896+00:00
2004-06-18,34.900001525878906,35.40999984741211,34.880001068115234,35.150001525878906,18.81476593017578,757400,PFG,yfinance,2026-02-10T05:10:16.435896+00:00
2004-06-21,35.06999969482422,35.33000183105469,34.86000061035156,34.88999938964844,18.67559051513672,302300,PFG,yfinance,2026-02-10T05:10:16.435896+00:00
2004-06-22,34.720001220703125,34.75,34.220001220703125,34.52000045776367,18.477537155151367,906700,PFG,yfinance,2026-02-10T05:10:16.435896+00:00
2004-06-23,34.400001525878906,34.7599983215332,34.18000030517578,34.7400016784668,18.595298767089844,739500,PFG,yfinance,2026-02-10T05:10:16.435896+00:00
2004-06-24,34.599998474121094,35.43000030517578,34.380001068115234,34.52000045776367,18.477537155151367,777000,PFG,yfinance,2026-02-10T05:10:16.435896+00:00
2004-06-25,34.66999816894531,34.72999954223633,34.34000015258789,34.560001373291016,18.49895477294922,1137100,PFG,yfinance,2026-02-10T05:10:16.435896+00:00
2004-06-28,34.75,34.83000183105469,34.36000061035156,34.439998626708984,18.434724807739258,601000,PFG,yfinance,2026-02-10T05:10:16.435896+00:00
2004-06-29,34.34000015258789,35.04999923706055,34.34000015258789,34.93000030517578,18.696998596191406,662500,PFG,yfinance,2026-02-10T05:10:16.435896+00:00
2004-06-30,34.869998931884766,35.04999923706055,34.27000045776367,34.779998779296875,18.616708755493164,1261000,PFG,yfinance,2026-02-10T05:10:16.435896+00:00
2004-07-01,34.79999923706055,35.290000915527344,34.5,35.22999954223633,18.857580184936523,913000,PFG,yfinance,2026-02-10T05:10:16.435896+00:00
2004-07-02,35.099998474121094,35.47999954223633,35.029998779296875,35.29999923706055,18.895051956176758,609800,PFG,yfinance,2026-02-10T05:10:16.435896+00:00
2004-07-06,35.04999923706055,35.650001525878906,34.95000076293945,35.4900016784668,18.99675178527832,1277500,PFG,yfinance,2026-02-10T05:10:16.435896+00:00
2004-07-07,35.380001068115234,35.619998931884766,35.29999923706055,35.54999923706055,19.028873443603516,791000,PFG,yfinance,2026-02-10T05:10:16.435896+00:00
2004-07-08,35.400001525878906,35.58000183105469,35.189998626708984,35.310001373291016,18.900409698486328,1187400,PFG,yfinance,2026-02-10T05:10:16.435896+00:00
2004-07-09,35.310001373291016,35.52000045776367,35.22999954223633,35.47999954223633,18.99139976501465,672300,PFG,yfinance,2026-02-10T05:10:16.435896+00:00
2004-07-12,35.349998474121094,35.5099983215332,35.189998626708984,35.41999816894531,18.959280014038086,564800,PFG,yfinance,2026-02-10T05:10:16.435896+00:00
2004-07-13,35.33000183105469,35.529998779296875,35.209999084472656,35.380001068115234,18.937875747680664,497600,PFG,yfinance,2026-02-10T05:10:16.435896+00:00
2004-07-14,35.150001525878906,35.599998474121094,34.95000076293945,35.20000076293945,18.841522216796875,536300,PFG,yfinance,2026-02-10T05:10:16.435896+00:00
2004-07-15,35.18000030517578,35.25,34.77000045776367,34.81999969482422,18.638124465942383,569600,PFG,yfinance,2026-02-10T05:10:16.435896+00:00
2004-07-16,35.0,35.04999923706055,34.29999923706055,34.400001525878906,18.413305282592773,854100,PFG,yfinance,2026-02-10T05:10:16.435896+00:00
2004-07-19,34.400001525878906,34.810001373291016,34.220001220703125,34.38999938964844,18.4079532623291,686600,PFG,yfinance,2026-02-10T05:10:16.435896+00:00
2004-07-20,34.38999938964844,34.709999084472656,34.13999938964844,34.619998931884766,18.53107261657715,652900,PFG,yfinance,2026-02-10T05:10:16.435896+00:00
2004-07-21,34.68000030517578,34.849998474121094,34.029998779296875,34.029998779296875,18.21526336669922,554200,PFG,yfinance,2026-02-10T05:10:16.435896+00:00
2004-07-22,34.02000045776367,34.15999984741211,33.5,33.95000076293945,18.172435760498047,1110600,PFG,yfinance,2026-02-10T05:10:16.435896+00:00
2004-07-23,33.959999084472656,34.02000045776367,33.5099983215332,33.75,18.065378189086914,952400,PFG,yfinance,2026-02-10T05:10:16.435896+00:00
2004-07-26,33.75,34.099998474121094,33.709999084472656,33.869998931884766,18.129613876342773,564800,PFG,yfinance,2026-02-10T05:10:16.435896+00:00
2004-07-27,34.0,34.119998931884766,33.77000045776367,33.849998474121094,18.118906021118164,724300,PFG,yfinance,2026-02-10T05:10:16.435896+00:00
2004-07-28,33.7400016784668,33.90999984741211,33.290000915527344,33.65999984741211,18.01719856262207,909900,PFG,yfinance,2026-02-10T05:10:16.435896+00:00
2004-07-29,33.849998474121094,34.130001068115234,33.77000045776367,33.939998626708984,18.167083740234375,1339600,PFG,yfinance,2026-02-10T05:10:16.435896+00:00
2004-07-30,33.79999923706055,34.13999938964844,33.790000915527344,33.9900016784668,18.193851470947266,525000,PFG,yfinance,2026-02-10T05:10:16.435896+00:00
2004-08-02,34.0,34.52000045776367,33.810001373291016,34.36000061035156,18.391895294189453,554400,PFG,yfinance,2026-02-10T05:10:16.435896+00:00
2004-08-03,32.599998474121094,33.130001068115234,32.290000915527344,32.72999954223633,17.5194091796875,4563600,PFG,yfinance,2026-02-10T05:10:16.435896+00:00
2004-08-04,32.41999816894531,33.0,32.08000183105469,32.970001220703125,17.647871017456055,1352900,PFG,yfinance,2026-02-10T05:10:16.435896+00:00
2004-08-05,32.75,32.90999984741211,32.20000076293945,32.2400016784668,17.257123947143555,865900,PFG,yfinance,2026-02-10T05:10:16.435896+00:00
2004-08-06,32.25,32.47999954223633,32.0,32.220001220703125,17.246414184570312,898500,PFG,yfinance,2026-02-10T05:10:16.435896+00:00
2004-08-09,32.220001220703125,32.63999938964844,32.209999084472656,32.47999954223633,17.38558578491211,817400,PFG,yfinance,2026-02-10T05:10:16.435896+00:00
2004-08-10,32.400001525878906,32.91999816894531,32.400001525878906,32.869998931884766,17.594343185424805,1036100,PFG,yfinance,2026-02-10T05:10:16.435896+00:00
2004-08-11,32.720001220703125,32.900001525878906,32.400001525878906,32.900001525878906,17.61040496826172,959200,PFG,yfinance,2026-02-10T05:10:16.435896+00:00
2004-08-12,32.79999923706055,32.95000076293945,32.5099983215332,32.70000076293945,17.50334358215332,1316400,PFG,yfinance,2026-02-10T05:10:16.435896+00:00
2004-08-13,32.66999816894531,32.790000915527344,32.52000045776367,32.720001220703125,17.51405143737793,849600,PFG,yfinance,2026-02-10T05:10:16.435896+00:00
2004-08-16,32.709999084472656,33.470001220703125,32.70000076293945,33.43000030517578,17.89409637451172,653500,PFG,yfinance,2026-02-10T05:10:16.435896+00:00
2004-08-17,33.25,33.47999954223633,33.029998779296875,33.16999816894531,17.754924774169922,958500,PFG,yfinance,2026-02-10T05:10:16.435896+00:00
2004-08-18,33.16999816894531,33.7400016784668,33.11000061035156,33.7400016784668,18.060035705566406,661800,PFG,yfinance,2026-02-10T05:10:16.435896+00:00
2004-08-19,33.650001525878906,33.650001525878906,33.400001525878906,33.52000045776367,17.9422664642334,523900,PFG,yfinance,2026-02-10T05:10:16.435896+00:00
2004-08-20,33.529998779296875,33.81999969482422,33.43000030517578,33.68000030517578,18.027912139892578,336100,PFG,yfinance,2026-02-10T05:10:16.435896+00:00
2004-08-23,33.630001068115234,33.7400016784668,33.36000061035156,33.52000045776367,17.9422664642334,707600,PFG,yfinance,2026-02-10T05:10:16.435896+00:00
2004-08-24,33.599998474121094,33.7400016784668,33.47999954223633,33.63999938964844,18.00649642944336,530800,PFG,yfinance,2026-02-10T05:10:16.435896+00:00
2004-08-25,33.63999938964844,34.060001373291016,33.5099983215332,34.0,18.19920539855957,632400,PFG,yfinance,2026-02-10T05:10:16.435896+00:00
2004-08-26,33.900001525878906,34.06999969482422,33.709999084472656,33.900001525878906,18.14567756652832,405100,PFG,yfinance,2026-02-10T05:10:16.435896+00:00
2004-08-27,33.83000183105469,34.15999984741211,33.7599983215332,34.099998474121094,18.25272560119629,514400,PFG,yfinance,2026-02-10T05:10:16.435896+00:00
2004-08-30,34.11000061035156,34.25,34.02000045776367,34.18000030517578,18.295547485351562,662500,PFG,yfinance,2026-02-10T05:10:16.435896+00:00
2004-08-31,34.22999954223633,34.709999084472656,34.16999816894531,34.709999084472656,18.579242706298828,931700,PFG,yfinance,2026-02-10T05:10:16.435896+00:00
2004-09-01,34.7400016784668,35.09000015258789,34.70000076293945,34.88999938964844,18.67559051513672,1078700,PFG,yfinance,2026-02-10T05:10:16.435896+00:00
2004-09-02,34.880001068115234,35.13999938964844,34.70000076293945,35.11000061035156,18.793346405029297,682700,PFG,yfinance,2026-02-10T05:10:16.435896+00:00
2004-09-03,35.11000061035156,35.2400016784668,34.880001068115234,35.099998474121094,18.788000106811523,504600,PFG,yfinance,2026-02-10T05:10:16.435896+00:00
2004-09-07,35.130001068115234,35.66999816894531,35.0,35.560001373291016,19.03421974182129,819000,PFG,yfinance,2026-02-10T05:10:16.435896+00:00
2004-09-08,35.45000076293945,35.5099983215332,35.25,35.400001525878906,18.948577880859375,933300,PFG,yfinance,2026-02-10T05:10:16.435896+00:00
2004-09-09,35.400001525878906,35.5099983215332,35.119998931884766,35.470001220703125,18.986042022705078,697400,PFG,yfinance,2026-02-10T05:10:16.435896+00:00
2004-09-10,35.40999984741211,35.4900016784668,35.290000915527344,35.45000076293945,18.975345611572266,824000,PFG,yfinance,2026-02-10T05:10:16.435896+00:00
2004-09-13,35.54999923706055,35.83000183105469,35.40999984741211,35.83000183105469,19.17875099182129,1233500,PFG,yfinance,2026-02-10T05:10:16.435896+00:00
2004-09-14,35.83000183105469,36.22999954223633,35.25,36.22999954223633,19.392845153808594,843100,PFG,yfinance,2026-02-10T05:10:16.435896+00:00
2004-09-15,36.22999954223633,36.369998931884766,35.68000030517578,35.72999954223633,19.125219345092773,1121100,PFG,yfinance,2026-02-10T05:10:16.435896+00:00
2004-09-16,35.849998474121094,36.06999969482422,35.84000015258789,36.04999923706055,19.2965030670166,575100,PFG,yfinance,2026-02-10T05:10:16.435896+00:00
2004-09-17,36.099998474121094,36.2400016784668,35.97999954223633,36.099998474121094,19.323265075683594,1225800,PFG,yfinance,2026-02-10T05:10:16.435896+00:00
2004-09-20,36.0,36.0099983215332,35.63999938964844,35.66999816894531,19.093103408813477,603700,PFG,yfinance,2026-02-10T05:10:16.435896+00:00
2004-09-21,35.720001220703125,36.04999923706055,35.5099983215332,35.88999938964844,19.210859298706055,616000,PFG,yfinance,2026-02-10T05:10:16.435896+00:00
2004-09-22,35.75,35.75,35.459999084472656,35.5,19.00210952758789,525600,PFG,yfinance,2026-02-10T05:10:16.435896+00:00
2004-09-23,35.58000183105469,35.630001068115234,35.189998626708984,35.2599983215332,18.873634338378906,832800,PFG,yfinance,2026-02-10T05:10:16.435896+00:00
2004-09-24,35.20000076293945,35.540000915527344,35.20000076293945,35.31999969482422,18.90576171875,703200,PFG,yfinance,2026-02-10T05:10:16.435896+00:00
2004-09-27,35.29999923706055,35.54999923706055,35.16999816894531,35.38999938964844,18.943233489990234,675700,PFG,yfinance,2026-02-10T05:10:16.435896+00:00
2004-09-28,35.599998474121094,36.060001373291016,35.43000030517578,35.93000030517578,19.232280731201172,742500,PFG,yfinance,2026-02-10T05:10:16.435896+00:00
2004-09-29,35.849998474121094,36.54999923706055,35.619998931884766,36.540000915527344,19.55878257751465,1132200,PFG,yfinance,2026-02-10T05:10:16.435896+00:00
2004-09-30,36.45000076293945,36.4900016784668,35.849998474121094,35.970001220703125,19.253684997558594,1360300,PFG,yfinance,2026-02-10T05:10:16.435896+00:00
2004-10-01,36.04999923706055,36.95000076293945,35.86000061035156,36.709999084472656,19.649782180786133,873100,PFG,yfinance,2026-02-10T05:10:16.435896+00:00
2004-10-04,36.79999923706055,37.150001525878906,36.790000915527344,36.880001068115234,19.740781784057617,1034800,PFG,yfinance,2026-02-10T05:10:16.435896+00:00
2004-10-05,36.95000076293945,37.0099983215332,36.59000015258789,36.599998474121094,19.590900421142578,941000,PFG,yfinance,2026-02-10T05:10:16.435896+00:00
2004-10-06,36.650001525878906,36.790000915527344,36.54999923706055,36.72999954223633,19.660484313964844,921400,PFG,yfinance,2026-02-10T05:10:16.435896+00:00
2004-10-07,36.689998626708984,36.70000076293945,36.33000183105469,36.38999938964844,19.478498458862305,922600,PFG,yfinance,2026-02-10T05:10:16.435896+00:00
2004-10-08,36.400001525878906,36.529998779296875,36.060001373291016,36.15999984741211,19.355382919311523,935100,PFG,yfinance,2026-02-10T05:10:16.435896+00:00
2004-10-11,36.16999816894531,36.439998626708984,36.15999984741211,36.31999969482422,19.44102668762207,568000,PFG,yfinance,2026-02-10T05:10:16.435896+00:00
2004-10-12,36.20000076293945,36.709999084472656,36.099998474121094,36.5,19.537376403808594,540200,PFG,yfinance,2026-02-10T05:10:16.435896+00:00
2004-10-13,36.529998779296875,36.56999969482422,35.900001525878906,36.0099983215332,19.27508544921875,693500,PFG,yfinance,2026-02-10T05:10:16.435896+00:00
2004-10-14,35.650001525878906,35.75,35.09000015258789,35.290000915527344,18.88969612121582,1178400,PFG,yfinance,2026-02-10T05:10:16.435896+00:00
2004-10-15,35.5,35.5,34.869998931884766,35.06999969482422,18.771936416625977,1920500,PFG,yfinance,2026-02-10T05:10:16.435896+00:00
2004-10-18,34.95000076293945,35.689998626708984,34.619998931884766,35.52000045776367,19.0128173828125,1418900,PFG,yfinance,2026-02-10T05:10:16.435896+00:00
2004-10-19,35.599998474121094,35.599998474121094,34.20000076293945,34.43000030517578,18.42936134338379,1555600,PFG,yfinance,2026-02-10T05:10:16.435896+00:00
2004-10-20,34.43000030517578,35.2400016784668,34.310001373291016,35.189998626708984,18.83616828918457,1095300,PFG,yfinance,2026-02-10T05:10:16.435896+00:00
2004-10-21,35.02000045776367,35.290000915527344,34.84000015258789,35.16999816894531,18.82546615600586,785100,PFG,yfinance,2026-02-10T05:10:16.435896+00:00
2004-10-22,35.2400016784668,35.77000045776367,35.2400016784668,35.5099983215332,19.00745964050293,871300,PFG,yfinance,2026-02-10T05:10:16.435896+00:00
2004-10-25,35.45000076293945,35.84000015258789,35.22999954223633,35.619998931884766,19.06633949279785,851500,PFG,yfinance,2026-02-10T05:10:16.435896+00:00
2004-10-26,35.79999923706055,36.70000076293945,35.7599983215332,36.47999954223633,19.526668548583984,1338700,PFG,yfinance,2026-02-10T05:10:16.435896+00:00
2004-10-27,36.45000076293945,36.72999954223633,36.06999969482422,36.72999954223633,19.660484313964844,843900,PFG,yfinance,2026-02-10T05:10:16.435896+00:00
2004-10-28,36.43000030517578,37.380001068115234,36.41999816894531,37.04999923706055,19.83177375793457,1059100,PFG,yfinance,2026-02-10T05:10:16.435896+00:00
2004-10-29,37.36000061035156,37.7599983215332,37.0099983215332,37.7599983215332,20.211814880371094,1171500,PFG,yfinance,2026-02-10T05:10:16.435896+00:00
2004-11-01,37.7599983215332,37.77000045776367,36.75,36.83000183105469,19.71401596069336,1605100,PFG,yfinance,2026-02-10T05:10:16.435896+00:00
2004-11-02,36.88999938964844,38.279998779296875,36.86000061035156,37.9900016784668,20.33493423461914,1518200,PFG,yfinance,2026-02-10T05:10:16.435896+00:00
2004-11-03,37.9900016784668,38.119998931884766,36.790000915527344,37.72999954223633,20.195756912231445,2505600,PFG,yfinance,2026-02-10T05:10:16.435896+00:00
2004-11-04,37.7400016784668,38.150001525878906,37.5,38.150001525878906,20.420578002929688,1483200,PFG,yfinance,2026-02-10T05:10:16.435896+00:00
2004-11-05,38.13999938964844,38.79999923706055,37.880001068115234,38.369998931884766,20.538330078125,932600,PFG,yfinance,2026-02-10T05:10:16.435896+00:00
2004-11-08,38.599998474121094,39.119998931884766,38.560001373291016,39.029998779296875,20.891605377197266,1121400,PFG,yfinance,2026-02-10T05:10:16.435896+00:00
2004-11-09,38.47999954223633,39.02000045776367,38.47999954223633,38.7400016784668,21.03277015686035,1293400,PFG,yfinance,2026-02-10T05:10:16.435896+00:00
2004-11-10,38.75,39.150001525878906,38.709999084472656,38.939998626708984,21.141353607177734,883900,PFG,yfinance,2026-02-10T05:10:16.435896+00:00
2004-11-11,39.0,39.68000030517578,38.93000030517578,39.470001220703125,21.429100036621094,666800,PFG,yfinance,2026-02-10T05:10:16.435896+00:00
2004-11-12,39.25,39.279998779296875,38.279998779296875,38.7400016784668,21.03277015686035,2185500,PFG,yfinance,2026-02-10T05:10:16.435896+00:00
2004-11-15,38.70000076293945,39.130001068115234,38.630001068115234,39.08000183105469,21.21735954284668,696000,PFG,yfinance,2026-02-10T05:10:16.435896+00:00
2004-11-16,39.0,39.099998474121094,38.7599983215332,38.7599983215332,21.043622970581055,618700,PFG,yfinance,2026-02-10T05:10:16.435896+00:00
2004-11-17,38.900001525878906,39.209999084472656,38.630001068115234,38.75,21.03820037841797,673300,PFG,yfinance,2026-02-10T05:10:16.435896+00:00
2004-11-18,38.79999923706055,39.04999923706055,38.619998931884766,38.70000076293945,21.01104736328125,480600,PFG,yfinance,2026-02-10T05:10:16.435896+00:00
2004-11-19,38.849998474121094,38.849998474121094,38.29999923706055,38.310001373291016,20.799320220947266,588100,PFG,yfinance,2026-02-10T05:10:16.435896+00:00
2004-11-22,38.400001525878906,38.70000076293945,38.18000030517578,38.70000076293945,21.01104736328125,919100,PFG,yfinance,2026-02-10T05:10:16.435896+00:00
2004-11-23,38.70000076293945,38.7599983215332,38.439998626708984,38.58000183105469,20.945903778076172,881800,PFG,yfinance,2026-02-10T05:10:16.435896+00:00
2004-11-24,38.650001525878906,38.79999923706055,38.58000183105469,38.63999938964844,20.978471755981445,541800,PFG,yfinance,2026-02-10T05:10:16.435896+00:00
2004-11-26,38.25,38.54999923706055,38.15999984741211,38.2400016784668,20.76130485534668,687100,PFG,yfinance,2026-02-10T05:10:16.435896+00:00
2004-11-29,37.79999923706055,38.08000183105469,37.45000076293945,37.849998474121094,20.549571990966797,2094400,PFG,yfinance,2026-02-10T05:10:16.435896+00:00
2004-11-30,37.650001525878906,37.84000015258789,37.56999969482422,37.68000030517578,20.4572696685791,1546900,PFG,yfinance,2026-02-10T05:10:16.435896+00:00
2004-12-01,37.68000030517578,38.689998626708984,37.68000030517578,38.689998626708984,21.005626678466797,948400,PFG,yfinance,2026-02-10T05:10:16.435896+00:00
2004-12-02,38.45000076293945,38.83000183105469,38.33000183105469,38.709999084472656,21.0164852142334,761200,PFG,yfinance,2026-02-10T05:10:16.435896+00:00
2004-12-03,38.70000076293945,38.95000076293945,38.619998931884766,38.79999923706055,21.06534767150879,644200,PFG,yfinance,2026-02-10T05:10:16.435896+00:00
2004-12-06,38.61000061035156,39.06999969482422,38.5099983215332,38.91999816894531,21.130508422851562,1129300,PFG,yfinance,2026-02-10T05:10:16.435896+00:00
2004-12-07,39.0,39.04999923706055,38.529998779296875,38.54999923706055,20.92962074279785,1318200,PFG,yfinance,2026-02-10T05:10:16.435896+00:00
2004-12-08,38.560001373291016,38.939998626708984,38.54999923706055,38.91999816894531,21.130508422851562,807200,PFG,yfinance,2026-02-10T05:10:16.435896+00:00
2004-12-09,38.75,38.95000076293945,38.529998779296875,38.900001525878906,21.11963653564453,787900,PFG,yfinance,2026-02-10T05:10:16.435896+00:00
2004-12-10,38.849998474121094,39.02000045776367,38.540000915527344,39.0,21.173927307128906,911700,PFG,yfinance,2026-02-10T05:10:16.435896+00:00
2004-12-13,38.90999984741211,39.209999084472656,38.86000061035156,39.119998931884766,21.239078521728516,808300,PFG,yfinance,2026-02-10T05:10:16.435896+00:00
2004-12-14,39.189998626708984,39.40999984741211,38.900001525878906,38.97999954223633,21.163070678710938,1231600,PFG,yfinance,2026-02-10T05:10:16.435896+00:00
2004-12-15,38.81999969482422,39.849998474121094,38.61000061035156,39.849998474121094,21.635412216186523,1200900,PFG,yfinance,2026-02-10T05:10:16.435896+00:00
2004-12-16,39.650001525878906,39.9900016784668,39.25,39.939998626708984,21.68427085876465,982300,PFG,yfinance,2026-02-10T05:10:16.435896+00:00
2004-12-17,39.939998626708984,40.16999816894531,39.56999969482422,39.86000061035156,21.640838623046875,1823800,PFG,yfinance,2026-02-10T05:10:16.435896+00:00
2004-12-20,40.0,40.72999954223633,39.65999984741211,39.79999923706055,21.608266830444336,953600,PFG,yfinance,2026-02-10T05:10:16.435896+00:00
2004-12-21,40.0,40.2400016784668,39.68000030517578,40.11000061035156,21.77657127380371,710700,PFG,yfinance,2026-02-10T05:10:16.435896+00:00
2004-12-22,40.25,40.720001220703125,40.11000061035156,40.5,21.988317489624023,610100,PFG,yfinance,2026-02-10T05:10:16.435896+00:00
2004-12-23,40.400001525878906,40.689998626708984,40.279998779296875,40.5099983215332,21.99374008178711,391600,PFG,yfinance,2026-02-10T05:10:16.435896+00:00
2004-12-27,40.5099983215332,40.52000045776367,40.060001373291016,40.43000030517578,21.950307846069336,487100,PFG,yfinance,2026-02-10T05:10:16.435896+00:00
2004-12-28,40.47999954223633,41.209999084472656,40.47999954223633,41.209999084472656,22.3737850189209,627400,PFG,yfinance,2026-02-10T05:10:16.435896+00:00
2004-12-29,41.150001525878906,41.2599983215332,40.84000015258789,41.0099983215332,22.26519775390625,451300,PFG,yfinance,2026-02-10T05:10:16.435896+00:00
2004-12-30,41.02000045776367,41.099998474121094,40.779998779296875,41.02000045776367,22.270631790161133,290900,PFG,yfinance,2026-02-10T05:10:16.435896+00:00
2004-12-31,41.099998474121094,41.20000076293945,40.84000015258789,40.939998626708984,22.227201461791992,348500,PFG,yfinance,2026-02-10T05:10:16.435896+00:00
2005-01-03,40.939998626708984,41.099998474121094,40.41999816894531,40.560001373291016,22.0208797454834,841400,PFG,yfinance,2026-02-10T05:10:16.435896+00:00
2005-01-04,40.79999923706055,40.79999923706055,40.29999923706055,40.52000045776367,21.999170303344727,885700,PFG,yfinance,2026-02-10T05:10:16.435896+00:00
2005-01-05,40.59000015258789,40.79999923706055,40.04999923706055,40.060001373291016,21.74942398071289,596000,PFG,yfinance,2026-02-10T05:10:16.435896+00:00
2005-01-06,40.08000183105469,40.22999954223633,39.43000030517578,39.939998626708984,21.68427085876465,1263600,PFG,yfinance,2026-02-10T05:10:16.435896+00:00
2005-01-07,40.20000076293945,40.20000076293945,39.47999954223633,39.810001373291016,21.613698959350586,711500,PFG,yfinance,2026-02-10T05:10:16.435896+00:00
2005-01-10,39.75,40.150001525878906,39.75,39.9900016784668,21.711414337158203,602100,PFG,yfinance,2026-02-10T05:10:16.435896+00:00
2005-01-11,39.9900016784668,40.0,39.560001373291016,39.72999954223633,21.570261001586914,474600,PFG,yfinance,2026-02-10T05:10:16.435896+00:00
2005-01-12,39.720001220703125,40.369998931884766,39.31999969482422,40.31999969482422,21.890586853027344,762000,PFG,yfinance,2026-02-10T05:10:16.435896+00:00
2005-01-13,40.220001220703125,40.7599983215332,40.029998779296875,40.099998474121094,21.77114486694336,927900,PFG,yfinance,2026-02-10T05:10:16.435896+00:00
2005-01-14,40.0099983215332,40.40999984741211,39.75,40.27000045776367,21.863441467285156,753500,PFG,yfinance,2026-02-10T05:10:16.435896+00:00
2005-01-18,40.279998779296875,41.150001525878906,40.0,41.150001525878906,22.341211318969727,883500,PFG,yfinance,2026-02-10T05:10:16.435896+00:00
2005-01-19,40.75,41.099998474121094,40.54999923706055,40.54999923706055,22.015457153320312,702500,PFG,yfinance,2026-02-10T05:10:16.435896+00:00
2005-01-20,40.54999923706055,40.58000183105469,39.7599983215332,39.91999816894531,21.673419952392578,1106700,PFG,yfinance,2026-02-10T05:10:16.435896+00:00
2005-01-21,39.91999816894531,40.09000015258789,39.810001373291016,39.88999938964844,21.657121658325195,787500,PFG,yfinance,2026-02-10T05:10:16.435896+00:00
2005-01-24,39.97999954223633,40.290000915527344,39.84000015258789,39.86000061035156,21.640838623046875,736600,PFG,yfinance,2026-02-10T05:10:16.435896+00:00
2005-01-25,39.86000061035156,40.369998931884766,39.86000061035156,39.93000030517578,21.678852081298828,940900,PFG,yfinance,2026-02-10T05:10:16.435896+00:00
2005-01-26,40.04999923706055,40.459999084472656,39.970001220703125,40.459999084472656,21.96659278869629,737100,PFG,yfinance,2026-02-10T05:10:16.435896+00:00
2005-01-27,40.36000061035156,40.75,39.88999938964844,39.88999938964844,21.657121658325195,1152700,PFG,yfinance,2026-02-10T05:10:16.435896+00:00
2005-01-28,40.04999923706055,40.04999923706055,39.4900016784668,39.7400016784668,21.575695037841797,579900,PFG,yfinance,2026-02-10T05:10:16.435896+00:00
2005-01-31,40.150001525878906,40.599998474121094,40.09000015258789,40.58000183105469,22.031749725341797,726500,PFG,yfinance,2026-02-10T05:10:16.435896+00:00
2005-02-01,40.70000076293945,41.33000183105469,40.65999984741211,41.2400016784668,22.390073776245117,610600,PFG,yfinance,2026-02-10T05:10:16.435896+00:00
2005-02-02,41.380001068115234,41.650001525878906,41.150001525878906,41.38999938964844,22.471513748168945,700500,PFG,yfinance,2026-02-10T05:10:16.435896+00:00
2005-02-03,41.279998779296875,41.849998474121094,41.18000030517578,41.560001373291016,22.56380271911621,546100,PFG,yfinance,2026-02-10T05:10:16.435896+00:00
2005-02-04,41.41999816894531,41.59000015258789,41.0,41.45000076293945,22.504091262817383,1084400,PFG,yfinance,2026-02-10T05:10:16.435896+00:00
2005-02-07,41.45000076293945,41.959999084472656,41.20000076293945,41.7599983215332,22.672395706176758,793900,PFG,yfinance,2026-02-10T05:10:16.435896+00:00
2005-02-08,41.5099983215332,41.52000045776367,39.56999969482422,39.709999084472656,21.55939292907715,2712000,PFG,yfinance,2026-02-10T05:10:16.435896+00:00
2005-02-09,39.709999084472656,39.709999084472656,38.959999084472656,39.27000045776367,21.320520401000977,1799700,PFG,yfinance,2026-02-10T05:10:16.435896+00:00
2005-02-10,39.2599983215332,39.650001525878906,39.029998779296875,39.459999084472656,21.423681259155273,905000,PFG,yfinance,2026-02-10T05:10:16.435896+00:00
2005-02-11,39.459999084472656,39.88999938964844,39.13999938964844,39.7599983215332,21.586551666259766,892700,PFG,yfinance,2026-02-10T05:10:16.435896+00:00
2005-02-14,39.70000076293945,39.720001220703125,39.220001220703125,39.599998474121094,21.499683380126953,1256400,PFG,yfinance,2026-02-10T05:10:16.435896+00:00
2005-02-15,39.709999084472656,40.5,39.61000061035156,40.20000076293945,21.825443267822266,952300,PFG,yfinance,2026-02-10T05:10:16.435896+00:00
2005-02-16,40.08000183105469,40.29999923706055,39.84000015258789,39.959999084472656,21.69513702392578,860500,PFG,yfinance,2026-02-10T05:10:16.435896+00:00
2005-02-17,39.91999816894531,40.0,39.45000076293945,39.45000076293945,21.41824722290039,779200,PFG,yfinance,2026-02-10T05:10:16.435896+00:00
2005-02-18,39.619998931884766,39.70000076293945,39.380001068115234,39.38999938964844,21.385669708251953,718200,PFG,yfinance,2026-02-10T05:10:16.435896+00:00
2005-02-22,39.34000015258789,39.38999938964844,38.33000183105469,38.33000183105469,20.81017303466797,1206200,PFG,yfinance,2026-02-10T05:10:16.435896+00:00
2005-02-23,38.54999923706055,38.79999923706055,38.43000030517578,38.5,20.902467727661133,641700,PFG,yfinance,2026-02-10T05:10:16.435896+00:00
2005-02-24,38.52000045776367,38.790000915527344,38.400001525878906,38.790000915527344,21.059913635253906,543500,PFG,yfinance,2026-02-10T05:10:16.435896+00:00
2005-02-25,38.810001373291016,39.599998474121094,38.63999938964844,39.4900016784668,21.439970016479492,784000,PFG,yfinance,2026-02-10T05:10:16.435896+00:00
2005-02-28,39.4900016784668,39.4900016784668,38.650001525878906,39.02000045776367,21.184783935546875,725300,PFG,yfinance,2026-02-10T05:10:16.435896+00:00
2005-03-01,39.02000045776367,39.34000015258789,38.72999954223633,38.869998931884766,21.103349685668945,1076900,PFG,yfinance,2026-02-10T05:10:16.435896+00:00
2005-03-02,38.869998931884766,39.189998626708984,38.709999084472656,38.779998779296875,21.054485321044922,692000,PFG,yfinance,2026-02-10T05:10:16.435896+00:00
2005-03-03,38.97999954223633,38.97999954223633,38.529998779296875,38.709999084472656,21.0164852142334,913200,PFG,yfinance,2026-02-10T05:10:16.435896+00:00
2005-03-04,38.90999984741211,39.040000915527344,38.5,38.88999938964844,21.114208221435547,1149200,PFG,yfinance,2026-02-10T05:10:16.435896+00:00
2005-03-07,38.900001525878906,39.2400016784668,38.84000015258789,38.93000030517578,21.13593292236328,446300,PFG,yfinance,2026-02-10T05:10:16.435896+00:00
2005-03-08,38.93000030517578,39.060001373291016,38.650001525878906,38.79999923706055,21.06534767150879,726500,PFG,yfinance,2026-02-10T05:10:16.435896+00:00
2005-03-09,38.81999969482422,38.959999084472656,38.650001525878906,38.70000076293945,21.01104736328125,937700,PFG,yfinance,2026-02-10T05:10:16.435896+00:00
2005-03-10,38.70000076293945,39.0099983215332,38.41999816894531,39.0099983215332,21.179365158081055,1183000,PFG,yfinance,2026-02-10T05:10:16.435896+00:00
2005-03-11,39.2400016784668,39.25,38.0099983215332,38.16999816894531,20.723308563232422,1427800,PFG,yfinance,2026-02-10T05:10:16.435896+00:00
2005-03-14,38.41999816894531,38.84000015258789,38.310001373291016,38.68000030517578,21.00019645690918,1144900,PFG,yfinance,2026-02-10T05:10:16.435896+00:00
2005-03-15,38.93000030517578,39.349998474121094,38.869998931884766,39.04999923706055,21.201078414916992,1207200,PFG,yfinance,2026-02-10T05:10:16.435896+00:00
2005-03-16,39.0,39.150001525878906,38.880001068115234,38.880001068115234,21.108779907226562,1476900,PFG,yfinance,2026-02-10T05:10:16.435896+00:00
2005-03-17,39.08000183105469,39.18000030517578,38.869998931884766,38.90999984741211,21.12506866455078,932100,PFG,yfinance,2026-02-10T05:10:16.435896+00:00
2005-03-18,38.91999816894531,39.119998931884766,38.65999984741211,38.959999084472656,21.152210235595703,2360500,PFG,yfinance,2026-02-10T05:10:16.435896+00:00
2005-03-21,38.86000061035156,39.20000076293945,38.290000915527344,38.5,20.902467727661133,1034100,PFG,yfinance,2026-02-10T05:10:16.435896+00:00
2005-03-22,38.5,39.04999923706055,37.900001525878906,37.900001525878906,20.57672119140625,1042000,PFG,yfinance,2026-02-10T05:10:16.435896+00:00
2005-03-23,37.939998626708984,38.08000183105469,37.65999984741211,37.88999938964844,20.571287155151367,1212800,PFG,yfinance,2026-02-10T05:10:16.435896+00:00
2005-03-24,37.91999816894531,38.08000183105469,37.61000061035156,37.61000061035156,20.419267654418945,806800,PFG,yfinance,2026-02-10T05:10:16.435896+00:00
2005-03-28,37.83000183105469,38.470001220703125,37.75,38.20000076293945,20.739591598510742,608600,PFG,yfinance,2026-02-10T05:10:16.435896+00:00
2005-03-29,38.06999969482422,38.52000045776367,37.970001220703125,38.0,20.631010055541992,629500,PFG,yfinance,2026-02-10T05:10:16.435896+00:00
2005-03-30,38.0099983215332,38.54999923706055,37.849998474121094,38.5099983215332,20.90789794921875,1070800,PFG,yfinance,2026-02-10T05:10:16.435896+00:00
2005-03-31,38.540000915527344,38.66999816894531,38.25,38.4900016784668,20.897031784057617,1023500,PFG,yfinance,2026-02-10T05:10:16.435896+00:00
2005-04-01,38.720001220703125,38.959999084472656,37.95000076293945,38.11000061035156,20.690731048583984,1096300,PFG,yfinance,2026-02-10T05:10:16.435896+00:00
2005-04-04,38.08000183105469,38.79999923706055,37.939998626708984,38.650001525878906,20.983909606933594,739000,PFG,yfinance,2026-02-10T05:10:16.435896+00:00
2005-04-05,38.72999954223633,38.810001373291016,38.47999954223633,38.599998474121094,20.95676612854004,692700,PFG,yfinance,2026-02-10T05:10:16.435896+00:00
2005-04-06,38.77000045776367,39.2400016784668,38.68000030517578,38.869998931884766,21.103349685668945,626200,PFG,yfinance,2026-02-10T05:10:16.435896+00:00
2005-04-07,38.95000076293945,39.0099983215332,38.54999923706055,38.75,21.03820037841797,713200,PFG,yfinance,2026-02-10T05:10:16.435896+00:00
2005-04-08,38.400001525878906,38.400001525878906,37.650001525878906,38.099998474121094,20.685306549072266,1553800,PFG,yfinance,2026-02-10T05:10:16.435896+00:00
2005-04-11,38.099998474121094,38.34000015258789,37.97999954223633,38.220001220703125,20.75044822692871,601100,PFG,yfinance,2026-02-10T05:10:16.435896+00:00
2005-04-12,38.33000183105469,39.029998779296875,38.0,38.84000015258789,21.087060928344727,1240200,PFG,yfinance,2026-02-10T05:10:16.435896+00:00
2005-04-13,38.619998931884766,38.7599983215332,38.29999923706055,38.439998626708984,20.869892120361328,1027800,PFG,yfinance,2026-02-10T05:10:16.435896+00:00
2005-04-14,38.38999938964844,38.45000076293945,37.58000183105469,37.630001068115234,20.430124282836914,1032300,PFG,yfinance,2026-02-10T05:10:16.435896+00:00
2005-04-15,37.380001068115234,37.79999923706055,37.08000183105469,37.11000061035156,20.147809982299805,909200,PFG,yfinance,2026-02-10T05:10:16.435896+00:00
2005-04-18,37.11000061035156,37.400001525878906,36.79999923706055,37.11000061035156,20.147809982299805,970200,PFG,yfinance,2026-02-10T05:10:16.435896+00:00
2005-04-19,37.13999938964844,37.349998474121094,37.0,37.15999984741211,20.174955368041992,570400,PFG,yfinance,2026-02-10T05:10:16.435896+00:00
2005-04-20,37.060001373291016,37.20000076293945,36.849998474121094,36.90999984741211,20.039222717285156,946700,PFG,yfinance,2026-02-10T05:10:16.435896+00:00
2005-04-21,37.29999923706055,37.83000183105469,36.86000061035156,37.689998626708984,20.46269989013672,913800,PFG,yfinance,2026-02-10T05:10:16.435896+00:00
2005-04-22,37.689998626708984,38.060001373291016,37.31999969482422,37.560001373291016,20.392118453979492,822500,PFG,yfinance,2026-02-10T05:10:16.435896+00:00
2005-04-25,37.88999938964844,38.38999938964844,37.72999954223633,37.91999816894531,20.587574005126953,1347300,PFG,yfinance,2026-02-10T05:10:16.435896+00:00
2005-04-26,37.79999923706055,37.959999084472656,37.540000915527344,37.58000183105469,20.40298843383789,836500,PFG,yfinance,2026-02-10T05:10:16.435896+00:00
2005-04-27,37.58000183105469,37.869998931884766,37.27000045776367,37.790000915527344,20.516992568969727,1108700,PFG,yfinance,2026-02-10T05:10:16.435896+00:00
2005-04-28,37.540000915527344,38.060001373291016,37.36000061035156,37.7400016784668,20.489843368530273,773100,PFG,yfinance,2026-02-10T05:10:16.435896+00:00
2005-04-29,37.88999938964844,39.22999954223633,37.79999923706055,39.08000183105469,21.21735954284668,1459200,PFG,yfinance,2026-02-10T05:10:16.435896+00:00
2005-05-02,39.29999923706055,39.849998474121094,37.900001525878906,38.11000061035156,20.690731048583984,2134800,PFG,yfinance,2026-02-10T05:10:16.435896+00:00
2005-05-03,38.11000061035156,39.720001220703125,37.150001525878906,38.849998474121094,21.09248924255371,2210600,PFG,yfinance,2026-02-10T05:10:16.435896+00:00
2005-05-04,38.88999938964844,41.720001220703125,38.880001068115234,40.15999984741211,21.803709030151367,3533200,PFG,yfinance,2026-02-10T05:10:16.435896+00:00
2005-05-05,40.2599983215332,40.70000076293945,39.79999923706055,40.2400016784668,21.847148895263672,1054800,PFG,yfinance,2026-02-10T05:10:16.435896+00:00
2005-05-06,40.439998626708984,40.47999954223633,39.959999084472656,40.02000045776367,21.727710723876953,994300,PFG,yfinance,2026-02-10T05:10:16.435896+00:00
2005-05-09,40.0,40.22999954223633,39.720001220703125,40.18000030517578,21.8145751953125,1066700,PFG,yfinance,2026-02-10T05:10:16.435896+00:00
2005-05-10,40.0,40.04999923706055,39.34000015258789,39.47999954223633,21.43453025817871,1254900,PFG,yfinance,2026-02-10T05:10:16.435896+00:00
2005-05-11,39.5,39.97999954223633,39.20000076293945,39.79999923706055,21.608266830444336,618500,PFG,yfinance,2026-02-10T05:10:16.435896+00:00
2005-05-12,39.79999923706055,39.970001220703125,39.29999923706055,39.31999969482422,21.347658157348633,825900,PFG,yfinance,2026-02-10T05:10:16.435896+00:00
2005-05-13,39.2599983215332,39.27000045776367,38.599998474121094,38.95000076293945,21.146780014038086,1076500,PFG,yfinance,2026-02-10T05:10:16.435896+00:00
2005-05-16,38.95000076293945,39.45000076293945,38.93000030517578,39.279998779296875,21.32594871520996,1258300,PFG,yfinance,2026-02-10T05:10:16.435896+00:00
2005-05-17,39.04999923706055,39.7599983215332,39.0099983215332,39.70000076293945,21.553974151611328,1150100,PFG,yfinance,2026-02-10T05:10:16.435896+00:00
2005-05-18,39.939998626708984,40.06999969482422,39.77000045776367,39.95000076293945,21.689706802368164,801200,PFG,yfinance,2026-02-10T05:10:16.435896+00:00
2005-05-19,39.97999954223633,40.09000015258789,39.59000015258789,39.709999084472656,21.55939292907715,658600,PFG,yfinance,2026-02-10T05:10:16.435896+00:00
2005-05-20,39.88999938964844,40.09000015258789,39.56999969482422,39.81999969482422,21.619125366210938,459400,PFG,yfinance,2026-02-10T05:10:16.435896+00:00
2005-05-23,39.95000076293945,40.060001373291016,39.72999954223633,39.900001525878906,21.662559509277344,574000,PFG,yfinance,2026-02-10T05:10:16.435896+00:00
2005-05-24,39.810001373291016,39.959999084472656,39.619998931884766,39.91999816894531,21.673419952392578,441000,PFG,yfinance,2026-02-10T05:10:16.435896+00:00
2005-05-25,39.720001220703125,39.720001220703125,39.40999984741211,39.4900016784668,21.439970016479492,533000,PFG,yfinance,2026-02-10T05:10:16.435896+00:00
2005-05-26,39.540000915527344,39.810001373291016,39.29999923706055,39.779998779296875,21.597410202026367,553700,PFG,yfinance,2026-02-10T05:10:16.435896+00:00
2005-05-27,39.72999954223633,39.95000076293945,39.61000061035156,39.790000915527344,21.60283660888672,329200,PFG,yfinance,2026-02-10T05:10:16.435896+00:00
2005-05-31,39.790000915527344,40.119998931884766,39.40999984741211,39.88999938964844,21.657121658325195,804500,PFG,yfinance,2026-02-10T05:10:16.435896+00:00
2005-06-01,40.0,40.29999923706055,39.56999969482422,39.95000076293945,21.689706802368164,579600,PFG,yfinance,2026-02-10T05:10:16.435896+00:00
2005-06-02,39.9900016784668,39.9900016784668,39.5,39.83000183105469,21.624549865722656,639300,PFG,yfinance,2026-02-10T05:10:16.435896+00:00
2005-06-03,39.83000183105469,39.88999938964844,38.970001220703125,39.400001525878906,21.391103744506836,619800,PFG,yfinance,2026-02-10T05:10:16.435896+00:00
2005-06-06,39.33000183105469,39.619998931884766,39.209999084472656,39.41999816894531,21.401960372924805,922800,PFG,yfinance,2026-02-10T05:10:16.435896+00:00
2005-06-07,39.41999816894531,39.66999816894531,39.20000076293945,39.36000061035156,21.36937713623047,1176400,PFG,yfinance,2026-02-10T05:10:16.435896+00:00
2005-06-08,39.2599983215332,39.61000061035156,39.2599983215332,39.29999923706055,21.336814880371094,526500,PFG,yfinance,2026-02-10T05:10:16.435896+00:00
2005-06-09,39.29999923706055,39.689998626708984,39.189998626708984,39.439998626708984,21.412817001342773,429800,PFG,yfinance,2026-02-10T05:10:16.435896+00:00
2005-06-10,39.41999816894531,39.91999816894531,39.2599983215332,39.88999938964844,21.657121658325195,898600,PFG,yfinance,2026-02-10T05:10:16.435896+00:00
2005-06-13,39.79999923706055,40.0,39.599998474121094,39.7400016784668,21.575695037841797,686400,PFG,yfinance,2026-02-10T05:10:16.435896+00:00
2005-06-14,39.599998474121094,39.709999084472656,39.36000061035156,39.5,21.445390701293945,778700,PFG,yfinance,2026-02-10T05:10:16.435896+00:00
2005-06-15,39.650001525878906,39.70000076293945,39.20000076293945,39.470001220703125,21.429100036621094,571100,PFG,yfinance,2026-02-10T05:10:16.435896+00:00
2005-06-16,39.459999084472656,40.13999938964844,39.43000030517578,40.029998779296875,21.733135223388672,883500,PFG,yfinance,2026-02-10T05:10:16.435896+00:00
2005-06-17,40.75,41.400001525878906,40.7400016784668,41.150001525878906,22.341211318969727,2461900,PFG,yfinance,2026-02-10T05:10:16.435896+00:00
2005-06-20,41.16999816894531,41.38999938964844,41.099998474121094,41.22999954223633,22.384634017944336,1277200,PFG,yfinance,2026-02-10T05:10:16.435896+00:00
2005-06-21,41.25,41.5,41.15999984741211,41.25,22.3955078125,827500,PFG,yfinance,2026-02-10T05:10:16.435896+00:00
2005-06-22,41.4900016784668,41.66999816894531,41.310001373291016,41.439998626708984,22.498653411865234,628400,PFG,yfinance,2026-02-10T05:10:16.435896+00:00
2005-06-23,41.5,41.66999816894531,41.29999923706055,41.38999938964844,22.471513748168945,1129100,PFG,yfinance,2026-02-10T05:10:16.435896+00:00
2005-06-24,41.20000076293945,41.630001068115234,41.18000030517578,41.209999084472656,22.3737850189209,892700,PFG,yfinance,2026-02-10T05:10:16.435896+00:00
2005-06-27,41.20000076293945,42.0,41.20000076293945,41.83000183105469,22.710397720336914,946600,PFG,yfinance,2026-02-10T05:10:16.435896+00:00
2005-06-28,41.83000183105469,41.970001220703125,41.599998474121094,41.849998474121094,22.72126007080078,677700,PFG,yfinance,2026-02-10T05:10:16.435896+00:00
2005-06-29,42.0,42.099998474121094,41.75,41.939998626708984,22.770111083984375,836300,PFG,yfinance,2026-02-10T05:10:16.435896+00:00
2005-06-30,42.0,42.29999923706055,41.81999969482422,41.900001525878906,22.748397827148438,1054000,PFG,yfinance,2026-02-10T05:10:16.435896+00:00
2005-07-01,42.0,42.31999969482422,42.0,42.31999969482422,22.976423263549805,561600,PFG,yfinance,2026-02-10T05:10:16.435896+00:00
2005-07-05,42.150001525878906,42.959999084472656,42.119998931884766,42.81999969482422,23.247888565063477,768400,PFG,yfinance,2026-02-10T05:10:16.435896+00:00
2005-07-06,42.599998474121094,43.06999969482422,42.5099983215332,42.709999084472656,23.18817901611328,618300,PFG,yfinance,2026-02-10T05:10:16.435896+00:00
2005-07-07,42.18000030517578,42.93000030517578,41.79999923706055,42.900001525878906,23.291330337524414,603800,PFG,yfinance,2026-02-10T05:10:16.435896+00:00
2005-07-08,42.869998931884766,43.619998931884766,42.75,43.4900016784668,23.61164093017578,696300,PFG,yfinance,2026-02-10T05:10:16.435896+00:00
2005-07-11,43.43000030517578,43.869998931884766,43.34000015258789,43.560001373291016,23.64964485168457,866300,PFG,yfinance,2026-02-10T05:10:16.435896+00:00
2005-07-12,43.43000030517578,43.84000015258789,43.27000045776367,43.75,23.7528018951416,929800,PFG,yfinance,2026-02-10T05:10:16.435896+00:00
2005-07-13,43.68000030517578,44.029998779296875,43.68000030517578,43.880001068115234,23.82339096069336,715500,PFG,yfinance,2026-02-10T05:10:16.435896+00:00
2005-07-14,43.79999923706055,44.279998779296875,43.5099983215332,43.66999816894531,23.709367752075195,1208200,PFG,yfinance,2026-02-10T05:10:16.435896+00:00
2005-07-15,43.66999816894531,43.900001525878906,43.4900016784668,43.84000015258789,23.80167579650879,623800,PFG,yfinance,2026-02-10T05:10:16.435896+00:00
2005-07-18,43.75,44.060001373291016,43.47999954223633,43.849998474121094,23.807104110717773,467800,PFG,yfinance,2026-02-10T05:10:16.435896+00:00
2005-07-19,43.88999938964844,44.47999954223633,43.88999938964844,44.0099983215332,23.893966674804688,981800,PFG,yfinance,2026-02-10T05:10:16.435896+00:00
2005-07-20,44.02000045776367,44.369998931884766,43.880001068115234,44.119998931884766,23.953689575195312,695200,PFG,yfinance,2026-02-10T05:10:16.435896+00:00
2005-07-21,44.31999969482422,44.810001373291016,43.86000061035156,44.130001068115234,23.959108352661133,747400,PFG,yfinance,2026-02-10T05:10:16.435896+00:00
2005-07-22,44.13999938964844,44.150001525878906,43.40999984741211,43.9900016784668,23.883108139038086,1054500,PFG,yfinance,2026-02-10T05:10:16.435896+00:00
2005-07-25,44.0,44.36000061035156,43.91999816894531,43.970001220703125,23.87224769592285,591700,PFG,yfinance,2026-02-10T05:10:16.435896+00:00
2005-07-26,44.16999816894531,44.279998779296875,43.58000183105469,43.58000183105469,23.66050910949707,958100,PFG,yfinance,2026-02-10T05:10:16.435896+00:00
2005-07-27,43.77000045776367,44.470001220703125,43.77000045776367,44.33000183105469,24.067705154418945,773200,PFG,yfinance,2026-02-10T05:10:16.435896+00:00
2005-07-28,44.529998779296875,44.79999923706055,44.459999084472656,44.560001373291016,24.19257164001465,737600,PFG,yfinance,2026-02-10T05:10:16.435896+00:00
2005-07-29,44.400001525878906,44.630001068115234,43.939998626708984,43.95000076293945,23.86138916015625,734100,PFG,yfinance,2026-02-10T05:10:16.435896+00:00
2005-08-01,43.939998626708984,44.2400016784668,43.72999954223633,43.90999984741211,23.839675903320312,781700,PFG,yfinance,2026-02-10T05:10:16.435896+00:00
2005-08-02,43.90999984741211,44.54999923706055,43.349998474121094,44.47999954223633,24.149133682250977,1591000,PFG,yfinance,2026-02-10T05:10:16.435896+00:00
2005-08-03,44.9900016784668,45.59000015258789,44.540000915527344,45.34000015258789,24.616052627563477,1621000,PFG,yfinance,2026-02-10T05:10:16.435896+00:00
2005-08-04,45.36000061035156,45.5,44.97999954223633,45.189998626708984,24.53461265563965,1112600,PFG,yfinance,2026-02-10T05:10:16.435896+00:00
2005-08-05,45.0099983215332,45.279998779296875,44.56999969482422,44.61000061035156,24.219717025756836,1063700,PFG,yfinance,2026-02-10T05:10:16.435896+00:00
2005-08-08,44.849998474121094,45.2400016784668,44.470001220703125,44.619998931884766,24.225143432617188,989800,PFG,yfinance,2026-02-10T05:10:16.435896+00:00
2005-08-09,44.81999969482422,45.7400016784668,44.81999969482422,45.599998474121094,24.75720977783203,1126100,PFG,yfinance,2026-02-10T05:10:16.435896+00:00
2005-08-10,45.70000076293945,46.40999984741211,45.560001373291016,45.720001220703125,24.82236099243164,909800,PFG,yfinance,2026-02-10T05:10:16.435896+00:00
2005-08-11,45.689998626708984,46.2400016784668,45.52000045776367,46.20000076293945,25.082963943481445,813100,PFG,yfinance,2026-02-10T05:10:16.435896+00:00
2005-08-12,46.20000076293945,46.4900016784668,45.779998779296875,45.88999938964844,24.914657592773438,771500,PFG,yfinance,2026-02-10T05:10:16.435896+00:00
2005-08-15,45.900001525878906,46.349998474121094,45.869998931884766,46.08000183105469,25.017818450927734,747000,PFG,yfinance,2026-02-10T05:10:16.435896+00:00
2005-08-16,46.11000061035156,46.25,45.86000061035156,45.86000061035156,24.89837074279785,582100,PFG,yfinance,2026-02-10T05:10:16.435896+00:00
2005-08-17,45.7599983215332,46.13999938964844,45.61000061035156,45.939998626708984,24.941797256469727,709900,PFG,yfinance,2026-02-10T05:10:16.435896+00:00
2005-08-18,45.939998626708984,46.04999923706055,45.650001525878906,45.88999938964844,24.914657592773438,610700,PFG,yfinance,2026-02-10T05:10:16.435896+00:00
2005-08-19,46.20000076293945,46.20000076293945,45.93000030517578,45.93000030517578,24.93638038635254,870300,PFG,yfinance,2026-02-10T05:10:16.435896+00:00
2005-08-22,46.04999923706055,46.290000915527344,45.790000915527344,46.0099983215332,24.979806900024414,640700,PFG,yfinance,2026-02-10T05:10:16.435896+00:00
2005-08-23,46.11000061035156,46.279998779296875,45.869998931884766,45.869998931884766,24.90380859375,971400,PFG,yfinance,2026-02-10T05:10:16.435896+00:00
2005-08-24,45.869998931884766,46.2599983215332,45.83000183105469,45.83000183105469,24.8820858001709,825300,PFG,yfinance,2026-02-10T05:10:16.435896+00:00
2005-08-25,46.04999923706055,46.119998931884766,45.88999938964844,46.0099983215332,24.979806900024414,494000,PFG,yfinance,2026-02-10T05:10:16.435896+00:00
2005-08-26,45.81999969482422,46.43000030517578,45.81999969482422,45.88999938964844,24.914657592773438,1059800,PFG,yfinance,2026-02-10T05:10:16.435896+00:00
2005-08-29,45.63999938964844,46.08000183105469,45.45000076293945,46.08000183105469,25.017818450927734,998400,PFG,yfinance,2026-02-10T05:10:16.435896+00:00
2005-08-30,46.0,46.150001525878906,45.459999084472656,45.83000183105469,24.8820858001709,808600,PFG,yfinance,2026-02-10T05:10:16.435896+00:00
2005-08-31,45.83000183105469,45.88999938964844,45.5,45.79999923706055,24.86579704284668,1000300,PFG,yfinance,2026-02-10T05:10:16.435896+00:00
2005-09-01,45.90999984741211,46.529998779296875,45.7599983215332,46.459999084472656,25.224117279052734,1004400,PFG,yfinance,2026-02-10T05:10:16.435896+00:00
2005-09-02,46.5,46.810001373291016,46.36000061035156,46.52000045776367,25.256696701049805,767400,PFG,yfinance,2026-02-10T05:10:16.435896+00:00
2005-09-06,46.77000045776367,47.31999969482422,46.77000045776367,47.22999954223633,25.642183303833008,572600,PFG,yfinance,2026-02-10T05:10:16.435896+00:00
2005-09-07,47.22999954223633,47.22999954223633,46.95000076293945,47.060001373291016,25.54987144470215,1128000,PFG,yfinance,2026-02-10T05:10:16.435896+00:00
2005-09-08,46.95000076293945,47.060001373291016,46.7400016784668,46.779998779296875,25.39786148071289,1146000,PFG,yfinance,2026-02-10T05:10:16.435896+00:00
2005-09-09,46.79999923706055,47.650001525878906,46.77000045776367,47.58000183105469,25.832199096679688,1345000,PFG,yfinance,2026-02-10T05:10:16.435896+00:00
2005-09-12,47.5099983215332,48.369998931884766,47.5,48.209999084472656,26.174232482910156,1216200,PFG,yfinance,2026-02-10T05:10:16.435896+00:00
2005-09-13,48.209999084472656,48.34000015258789,47.84000015258789,47.900001525878906,26.005931854248047,1081100,PFG,yfinance,2026-02-10T05:10:16.435896+00:00
2005-09-14,47.54999923706055,47.75,47.20000076293945,47.290000915527344,25.67474937438965,1562100,PFG,yfinance,2026-02-10T05:10:16.435896+00:00
2005-09-15,47.0099983215332,47.41999816894531,46.59000015258789,46.7400016784668,25.376148223876953,1835600,PFG,yfinance,2026-02-10T05:10:16.435896+00:00
2005-09-16,46.77000045776367,47.18000030517578,46.65999984741211,46.959999084472656,25.495582580566406,1776800,PFG,yfinance,2026-02-10T05:10:16.435896+00:00
2005-09-19,46.41999816894531,46.779998779296875,46.290000915527344,46.77000045776367,25.392431259155273,912600,PFG,yfinance,2026-02-10T05:10:16.435896+00:00
2005-09-20,46.95000076293945,47.619998931884766,46.650001525878906,46.66999816894531,25.338130950927734,1074600,PFG,yfinance,2026-02-10T05:10:16.435896+00:00
2005-09-21,46.54999923706055,46.70000076293945,45.9900016784668,45.9900016784668,24.96895408630371,1113700,PFG,yfinance,2026-02-10T05:10:16.435896+00:00
2005-09-22,46.0,46.0,45.4900016784668,45.900001525878906,24.920089721679688,969700,PFG,yfinance,2026-02-10T05:10:16.435896+00:00
2005-09-23,45.849998474121094,46.7599983215332,45.849998474121094,46.7400016784668,25.376148223876953,969000,PFG,yfinance,2026-02-10T05:10:16.435896+00:00
2005-09-26,46.650001525878906,46.77000045776367,46.099998474121094,46.400001525878906,25.191545486450195,861500,PFG,yfinance,2026-02-10T05:10:16.435896+00:00
2005-09-27,46.45000076293945,46.7400016784668,46.20000076293945,46.34000015258789,25.158967971801758,704400,PFG,yfinance,2026-02-10T05:10:16.435896+00:00
2005-09-28,46.59000015258789,46.77000045776367,46.189998626708984,46.38999938964844,25.186113357543945,590700,PFG,yfinance,2026-02-10T05:10:16.435896+00:00
2005-09-29,46.40999984741211,47.41999816894531,46.40999984741211,47.22999954223633,25.642183303833008,927300,PFG,yfinance,2026-02-10T05:10:16.435896+00:00
2005-09-30,47.150001525878906,47.41999816894531,46.65999984741211,47.369998931884766,25.718185424804688,1512700,PFG,yfinance,2026-02-10T05:10:16.435896+00:00
2005-10-03,47.20000076293945,47.349998474121094,46.79999923706055,47.20000076293945,25.625892639160156,713600,PFG,yfinance,2026-02-10T05:10:16.435896+00:00
2005-10-04,47.400001525878906,47.970001220703125,47.11000061035156,47.16999816894531,25.609594345092773,825500,PFG,yfinance,2026-02-10T05:10:16.435896+00:00
2005-10-05,47.15999984741211,47.52000045776367,46.650001525878906,46.70000076293945,25.35441780090332,865800,PFG,yfinance,2026-02-10T05:10:16.435896+00:00
2005-10-06,46.709999084472656,47.29999923706055,46.70000076293945,47.099998474121094,25.57159423828125,1097800,PFG,yfinance,2026-02-10T05:10:16.435896+00:00
2005-10-07,47.20000076293945,47.20000076293945,46.459999084472656,46.7400016784668,25.376148223876953,812900,PFG,yfinance,2026-02-10T05:10:16.435896+00:00
2005-10-10,47.04999923706055,47.52000045776367,46.4900016784668,46.66999816894531,25.338130950927734,867300,PFG,yfinance,2026-02-10T05:10:16.435896+00:00
2005-10-11,46.66999816894531,47.08000183105469,46.5099983215332,46.61000061035156,25.305557250976562,801500,PFG,yfinance,2026-02-10T05:10:16.435896+00:00
2005-10-12,46.47999954223633,46.84000015258789,46.060001373291016,46.2400016784668,25.10467529296875,832500,PFG,yfinance,2026-02-10T05:10:16.435896+00:00
2005-10-13,46.099998474121094,46.619998931884766,45.779998779296875,46.5,25.245830535888672,1212300,PFG,yfinance,2026-02-10T05:10:16.435896+00:00
2005-10-14,46.5099983215332,47.47999954223633,46.459999084472656,47.27000045776367,25.66389274597168,952800,PFG,yfinance,2026-02-10T05:10:16.435896+00:00
2005-10-17,47.130001068115234,47.5,46.880001068115234,47.369998931884766,25.718185424804688,687800,PFG,yfinance,2026-02-10T05:10:16.435896+00:00
2005-10-18,47.209999084472656,47.52000045776367,46.970001220703125,47.290000915527344,25.67474937438965,939400,PFG,yfinance,2026-02-10T05:10:16.435896+00:00
2005-10-19,47.150001525878906,48.33000183105469,47.150001525878906,48.31999969482422,26.23396110534668,1170600,PFG,yfinance,2026-02-10T05:10:16.435896+00:00
2005-10-20,48.099998474121094,48.540000915527344,47.650001525878906,47.689998626708984,25.89191436767578,858200,PFG,yfinance,2026-02-10T05:10:16.435896+00:00
2005-10-21,47.849998474121094,48.66999816894531,47.83000183105469,48.290000915527344,26.217666625976562,772500,PFG,yfinance,2026-02-10T05:10:16.435896+00:00
2005-10-24,48.349998474121094,49.0,48.349998474121094,49.0,26.60314178466797,763500,PFG,yfinance,2026-02-10T05:10:16.435896+00:00
2005-10-25,48.959999084472656,49.97999954223633,48.7599983215332,49.83000183105469,27.05375862121582,1747900,PFG,yfinance,2026-02-10T05:10:16.435896+00:00
2005-10-26,49.84000015258789,50.849998474121094,49.84000015258789,50.279998779296875,27.298078536987305,1832800,PFG,yfinance,2026-02-10T05:10:16.435896+00:00
2005-10-27,48.5,49.459999084472656,48.4900016784668,49.130001068115234,26.673715591430664,1755400,PFG,yfinance,2026-02-10T05:10:16.435896+00:00
2005-10-28,49.13999938964844,49.790000915527344,49.0099983215332,49.560001373291016,26.907182693481445,1637500,PFG,yfinance,2026-02-10T05:10:16.435896+00:00
2005-10-31,49.560001373291016,49.97999954223633,48.970001220703125,49.630001068115234,26.94517707824707,1491900,PFG,yfinance,2026-02-10T05:10:16.435896+00:00
2005-11-01,49.68000030517578,50.22999954223633,48.68000030517578,48.970001220703125,26.586868286132812,2063500,PFG,yfinance,2026-02-10T05:10:16.435896+00:00
2005-11-02,48.939998626708984,49.77000045776367,48.77000045776367,49.7599983215332,27.015762329101562,1428700,PFG,yfinance,2026-02-10T05:10:16.435896+00:00
2005-11-03,50.0,50.61000061035156,50.0,50.459999084472656,27.395809173583984,1032900,PFG,yfinance,2026-02-10T05:10:16.435896+00:00
2005-11-04,50.459999084472656,50.66999816894531,50.13999938964844,50.369998931884766,27.346946716308594,1041600,PFG,yfinance,2026-02-10T05:10:16.435896+00:00
2005-11-07,50.54999923706055,50.83000183105469,50.209999084472656,50.75,27.553253173828125,1335200,PFG,yfinance,2026-02-10T05:10:16.435896+00:00
2005-11-08,50.849998474121094,51.36000061035156,50.70000076293945,50.77000045776367,27.564109802246094,1143000,PFG,yfinance,2026-02-10T05:10:16.435896+00:00
2005-11-09,50.81999969482422,51.16999816894531,50.47999954223633,50.77000045776367,27.564109802246094,1165400,PFG,yfinance,2026-02-10T05:10:16.435896+00:00
2005-11-10,50.900001525878906,52.0,50.72999954223633,51.900001525878906,28.177610397338867,1238300,PFG,yfinance,2026-02-10T05:10:16.435896+00:00
2005-11-11,52.0,52.0,51.470001220703125,51.70000076293945,28.06903648376465,607600,PFG,yfinance,2026-02-10T05:10:16.435896+00:00
2005-11-14,51.70000076293945,51.75,51.380001068115234,51.650001525878906,28.04188346862793,491400,PFG,yfinance,2026-02-10T05:10:16.435896+00:00
2005-11-15,50.20000076293945,50.65999984741211,49.70000076293945,49.81999969482422,27.3930721282959,1427400,PFG,yfinance,2026-02-10T05:10:16.435896+00:00
2005-11-16,49.790000915527344,49.790000915527344,48.93000030517578,49.25,27.07966423034668,1311700,PFG,yfinance,2026-02-10T05:10:16.435896+00:00
2005-11-17,49.349998474121094,49.689998626708984,49.27000045776367,49.689998626708984,27.321590423583984,843400,PFG,yfinance,2026-02-10T05:10:16.435896+00:00
2005-11-18,49.689998626708984,49.7400016784668,49.20000076293945,49.650001525878906,27.299598693847656,920000,PFG,yfinance,2026-02-10T05:10:16.435896+00:00
2005-11-21,49.650001525878906,49.9900016784668,49.349998474121094,49.650001525878906,27.299598693847656,733200,PFG,yfinance,2026-02-10T05:10:16.435896+00:00
2005-11-22,49.65999984741211,50.099998474121094,49.33000183105469,50.0,27.492040634155273,1036000,PFG,yfinance,2026-02-10T05:10:16.435896+00:00
2005-11-23,50.08000183105469,50.63999938964844,50.040000915527344,50.20000076293945,27.60201072692871,706600,PFG,yfinance,2026-02-10T05:10:16.435896+00:00
2005-11-25,50.220001220703125,50.459999084472656,50.220001220703125,50.29999923706055,27.657001495361328,241000,PFG,yfinance,2026-02-10T05:10:16.435896+00:00
2005-11-28,50.43000030517578,50.95000076293945,50.349998474121094,50.439998626708984,27.733978271484375,857800,PFG,yfinance,2026-02-10T05:10:16.435896+00:00
2005-11-29,50.630001068115234,50.97999954223633,50.54999923706055,50.560001373291016,27.799951553344727,893000,PFG,yfinance,2026-02-10T05:10:16.435896+00:00
2005-11-30,50.560001373291016,51.220001220703125,50.560001373291016,50.66999816894531,27.860431671142578,1676500,PFG,yfinance,2026-02-10T05:10:16.435896+00:00
2005-12-01,50.79999923706055,51.22999954223633,50.38999938964844,50.40999984741211,27.717487335205078,993000,PFG,yfinance,2026-02-10T05:10:16.435896+00:00
2005-12-02,50.349998474121094,50.65999984741211,49.790000915527344,50.40999984741211,27.717487335205078,600300,PFG,yfinance,2026-02-10T05:10:16.435896+00:00
2005-12-05,50.310001373291016,50.31999969482422,49.70000076293945,49.79999923706055,27.382070541381836,674200,PFG,yfinance,2026-02-10T05:10:16.435896+00:00
2005-12-06,50.099998474121094,50.099998474121094,49.2599983215332,49.27000045776367,27.09065055847168,652800,PFG,yfinance,2026-02-10T05:10:16.435896+00:00
2005-12-07,49.20000076293945,49.45000076293945,48.59000015258789,49.400001525878906,27.162145614624023,1298400,PFG,yfinance,2026-02-10T05:10:16.435896+00:00
2005-12-08,49.5099983215332,49.58000183105469,49.16999816894531,49.31999969482422,27.118152618408203,665400,PFG,yfinance,2026-02-10T05:10:16.435896+00:00
2005-12-09,49.459999084472656,50.130001068115234,49.290000915527344,49.65999984741211,27.305095672607422,533000,PFG,yfinance,2026-02-10T05:10:16.435896+00:00
2005-12-12,49.849998474121094,50.099998474121094,49.31999969482422,49.45000076293945,27.189620971679688,694900,PFG,yfinance,2026-02-10T05:10:16.435896+00:00
2005-12-13,49.47999954223633,50.5,49.470001220703125,50.02000045776367,27.503036499023438,807100,PFG,yfinance,2026-02-10T05:10:16.435896+00:00
2005-12-14,50.119998931884766,50.380001068115234,49.97999954223633,49.97999954223633,27.48105812072754,572600,PFG,yfinance,2026-02-10T05:10:16.435896+00:00
2005-12-15,49.9900016784668,50.040000915527344,49.54999923706055,49.790000915527344,27.376577377319336,511400,PFG,yfinance,2026-02-10T05:10:16.435896+00:00
2005-12-16,49.790000915527344,50.0,49.720001220703125,49.720001220703125,27.33808708190918,917000,PFG,yfinance,2026-02-10T05:10:16.435896+00:00
2005-12-19,49.619998931884766,49.630001068115234,48.849998474121094,48.880001068115234,26.876220703125,751100,PFG,yfinance,2026-02-10T05:10:16.435896+00:00
2005-12-20,48.790000915527344,49.13999938964844,48.75,48.849998474121094,26.859731674194336,540400,PFG,yfinance,2026-02-10T05:10:16.435896+00:00
2005-12-21,48.970001220703125,48.970001220703125,48.40999984741211,48.619998931884766,26.73326873779297,714600,PFG,yfinance,2026-02-10T05:10:16.435896+00:00
2005-12-22,48.61000061035156,48.77000045776367,48.220001220703125,48.2599983215332,26.535314559936523,1017600,PFG,yfinance,2026-02-10T05:10:16.435896+00:00
2005-12-23,48.27000045776367,48.349998474121094,48.0099983215332,48.279998779296875,26.54631996154785,516300,PFG,yfinance,2026-02-10T05:10:16.435896+00:00
2005-12-27,48.25,48.279998779296875,47.77000045776367,47.77000045776367,26.265901565551758,903800,PFG,yfinance,2026-02-10T05:10:16.435896+00:00
2005-12-28,47.900001525878906,48.119998931884766,47.900001525878906,47.91999816894531,26.348371505737305,610700,PFG,yfinance,2026-02-10T05:10:16.435896+00:00
2005-12-29,47.900001525878906,48.18000030517578,47.70000076293945,47.709999084472656,26.23291015625,667500,PFG,yfinance,2026-02-10T05:10:16.435896+00:00
2005-12-30,47.70000076293945,47.70000076293945,47.36000061035156,47.43000030517578,26.078960418701172,645700,PFG,yfinance,2026-02-10T05:10:16.435896+00:00
2006-01-03,47.4900016784668,47.849998474121094,47.0,47.72999954223633,26.24390411376953,1274200,PFG,yfinance,2026-02-10T05:10:16.435896+00:00
2006-01-04,47.61000061035156,47.7599983215332,47.31999969482422,47.68000030517578,26.21641731262207,1597400,PFG,yfinance,2026-02-10T05:10:16.435896+00:00
2006-01-05,47.61000061035156,47.63999938964844,47.34000015258789,47.380001068115234,26.05145835876465,1024000,PFG,yfinance,2026-02-10T05:10:16.435896+00:00
2006-01-06,47.599998474121094,47.599998474121094,46.900001525878906,47.290000915527344,26.001970291137695,1144700,PFG,yfinance,2026-02-10T05:10:16.435896+00:00
2006-01-09,47.5,48.0099983215332,47.4900016784668,47.7599983215332,26.26039695739746,3990200,PFG,yfinance,2026-02-10T05:10:16.435896+00:00
2006-01-10,47.68000030517578,48.11000061035156,47.56999969482422,48.08000183105469,26.436351776123047,1644600,PFG,yfinance,2026-02-10T05:10:16.435896+00:00
2006-01-11,48.150001525878906,48.20000076293945,47.939998626708984,48.0,26.392362594604492,1020200,PFG,yfinance,2026-02-10T05:10:16.435896+00:00
2006-01-12,48.0,48.15999984741211,47.599998474121094,47.63999938964844,26.19441795349121,929800,PFG,yfinance,2026-02-10T05:10:16.435896+00:00
2006-01-13,47.7599983215332,47.95000076293945,47.61000061035156,47.61000061035156,26.177928924560547,630200,PFG,yfinance,2026-02-10T05:10:16.435896+00:00
2006-01-17,47.619998931884766,47.63999938964844,47.209999084472656,47.369998931884766,26.04597282409668,595200,PFG,yfinance,2026-02-10T05:10:16.435896+00:00
2006-01-18,47.220001220703125,47.40999984741211,46.70000076293945,46.790000915527344,25.72705078125,791400,PFG,yfinance,2026-02-10T05:10:16.435896+00:00
2006-01-19,46.790000915527344,46.869998931884766,46.41999816894531,46.4900016784668,25.56209945678711,1026500,PFG,yfinance,2026-02-10T05:10:16.435896+00:00
2006-01-20,46.5,46.56999969482422,45.90999984741211,45.970001220703125,25.276185989379883,910700,PFG,yfinance,2026-02-10T05:10:16.435896+00:00
2006-01-23,46.09000015258789,46.470001220703125,46.09000015258789,46.33000183105469,25.474124908447266,964100,PFG,yfinance,2026-02-10T05:10:16.435896+00:00
2006-01-24,47.5,47.849998474121094,47.34000015258789,47.41999816894531,26.07344627380371,2051700,PFG,yfinance,2026-02-10T05:10:16.435896+00:00
2006-01-25,47.38999938964844,47.43000030517578,46.75,46.849998474121094,25.76003646850586,1208100,PFG,yfinance,2026-02-10T05:10:16.435896+00:00
2006-01-26,47.72999954223633,47.72999954223633,46.91999816894531,47.130001068115234,25.91399383544922,1099100,PFG,yfinance,2026-02-10T05:10:16.435896+00:00
2006-01-27,47.06999969482422,48.20000076293945,46.970001220703125,47.20000076293945,25.952484130859375,981100,PFG,yfinance,2026-02-10T05:10:16.435896+00:00
2006-01-30,47.209999084472656,47.97999954223633,47.20000076293945,47.72999954223633,26.24390411376953,1013000,PFG,yfinance,2026-02-10T05:10:16.435896+00:00
2006-01-31,47.619998931884766,47.72999954223633,46.959999084472656,47.15999984741211,25.930500030517578,954700,PFG,yfinance,2026-02-10T05:10:16.435896+00:00
2006-02-01,47.189998626708984,47.47999954223633,46.77000045776367,47.02000045776367,25.853517532348633,901400,PFG,yfinance,2026-02-10T05:10:16.435896+00:00
2006-02-02,47.09000015258789,47.09000015258789,46.52000045776367,46.54999923706055,25.595094680786133,693300,PFG,yfinance,2026-02-10T05:10:16.435896+00:00
2006-02-03,46.459999084472656,47.040000915527344,46.20000076293945,46.529998779296875,25.58409309387207,646900,PFG,yfinance,2026-02-10T05:10:16.435896+00:00
2006-02-06,46.47999954223633,46.880001068115234,46.29999923706055,46.810001373291016,25.73805046081543,851400,PFG,yfinance,2026-02-10T05:10:16.435896+00:00
2006-02-07,47.25,47.45000076293945,46.900001525878906,47.099998474121094,25.897506713867188,1466400,PFG,yfinance,2026-02-10T05:10:16.435896+00:00
2006-02-08,47.18000030517578,47.47999954223633,47.040000915527344,47.349998474121094,26.034963607788086,696900,PFG,yfinance,2026-02-10T05:10:16.435896+00:00
2006-02-09,48.25,48.25,47.02000045776367,47.31999969482422,26.01847267150879,618700,PFG,yfinance,2026-02-10T05:10:16.435896+00:00
2006-02-10,47.290000915527344,47.88999938964844,47.290000915527344,47.7599983215332,26.26039695739746,723800,PFG,yfinance,2026-02-10T05:10:16.435896+00:00
2006-02-13,47.7400016784668,47.869998931884766,47.5099983215332,47.83000183105469,26.298885345458984,587800,PFG,yfinance,2026-02-10T05:10:16.435896+00:00
2006-02-14,47.93000030517578,48.939998626708984,47.93000030517578,48.68000030517578,26.76625633239746,1048200,PFG,yfinance,2026-02-10T05:10:16.435896+00:00
2006-02-15,48.439998626708984,48.5,47.9900016784668,48.310001373291016,26.562816619873047,595300,PFG,yfinance,2026-02-10T05:10:16.435896+00:00
2006-02-16,48.209999084472656,48.27000045776367,47.790000915527344,48.25,26.529823303222656,686400,PFG,yfinance,2026-02-10T05:10:16.435896+00:00
2006-02-17,48.290000915527344,48.31999969482422,47.86000061035156,48.0099983215332,26.397855758666992,580400,PFG,yfinance,2026-02-10T05:10:16.435896+00:00
2006-02-21,48.0099983215332,48.400001525878906,48.0099983215332,48.349998474121094,26.58480453491211,964100,PFG,yfinance,2026-02-10T05:10:16.435896+00:00
2006-02-22,48.45000076293945,48.9900016784668,48.45000076293945,48.75,26.80474281311035,1101300,PFG,yfinance,2026-02-10T05:10:16.435896+00:00
2006-02-23,48.709999084472656,48.97999954223633,48.439998626708984,48.599998474121094,26.722253799438477,740300,PFG,yfinance,2026-02-10T05:10:16.435896+00:00
2006-02-24,49.349998474121094,49.5,49.119998931884766,49.2400016784668,27.074155807495117,1198500,PFG,yfinance,2026-02-10T05:10:16.435896+00:00
2006-02-27,49.40999984741211,49.630001068115234,49.189998626708984,49.25,27.07966423034668,1121900,PFG,yfinance,2026-02-10T05:10:16.435896+00:00
2006-02-28,49.029998779296875,49.06999969482422,48.33000183105469,48.720001220703125,26.78824806213379,1491500,PFG,yfinance,2026-02-10T05:10:16.435896+00:00
2006-03-01,48.720001220703125,49.310001373291016,48.709999084472656,49.0,26.94220542907715,1139600,PFG,yfinance,2026-02-10T05:10:16.435896+00:00
2006-03-02,49.0099983215332,49.060001373291016,48.34000015258789,48.38999938964844,26.606801986694336,1002300,PFG,yfinance,2026-02-10T05:10:16.435896+00:00
2006-03-03,48.20000076293945,48.52000045776367,48.099998474121094,48.13999938964844,26.469341278076172,555200,PFG,yfinance,2026-02-10T05:10:16.435896+00:00
2006-03-06,48.08000183105469,48.18000030517578,47.65999984741211,47.75,26.254894256591797,571400,PFG,yfinance,2026-02-10T05:10:16.435896+00:00
2006-03-07,47.75,48.349998474121094,47.720001220703125,48.25,26.529823303222656,578500,PFG,yfinance,2026-02-10T05:10:16.435896+00:00
2006-03-08,48.18000030517578,48.52000045776367,48.15999984741211,48.349998474121094,26.58480453491211,770300,PFG,yfinance,2026-02-10T05:10:16.435896+00:00
2006-03-09,48.279998779296875,48.369998931884766,48.04999923706055,48.09000015258789,26.441848754882812,657600,PFG,yfinance,2026-02-10T05:10:16.435896+00:00
2006-03-10,48.029998779296875,48.810001373291016,48.0099983215332,48.599998474121094,26.722253799438477,634800,PFG,yfinance,2026-02-10T05:10:16.435896+00:00
2006-03-13,48.5,48.790000915527344,48.41999816894531,48.599998474121094,26.722253799438477,560300,PFG,yfinance,2026-02-10T05:10:16.435896+00:00
2006-03-14,48.54999923706055,49.290000915527344,48.540000915527344,49.119998931884766,27.008176803588867,647300,PFG,yfinance,2026-02-10T05:10:16.435896+00:00
2006-03-15,49.09000015258789,49.77000045776367,49.09000015258789,49.619998931884766,27.283100128173828,696300,PFG,yfinance,2026-02-10T05:10:16.435896+00:00
2006-03-16,49.81999969482422,50.16999816894531,49.75,49.970001220703125,27.47553825378418,647700,PFG,yfinance,2026-02-10T05:10:16.435896+00:00
2006-03-17,50.130001068115234,50.369998931884766,49.849998474121094,50.150001525878906,27.574527740478516,804100,PFG,yfinance,2026-02-10T05:10:16.435896+00:00
2006-03-20,50.25,50.720001220703125,50.11000061035156,50.310001373291016,27.662500381469727,542400,PFG,yfinance,2026-02-10T05:10:16.435896+00:00
2006-03-21,50.08000183105469,50.369998931884766,49.72999954223633,49.72999954223633,27.34358024597168,1297300,PFG,yfinance,2026-02-10T05:10:16.435896+00:00
2006-03-22,49.79999923706055,50.099998474121094,49.70000076293945,49.869998931884766,27.420568466186523,703300,PFG,yfinance,2026-02-10T05:10:16.435896+00:00
2006-03-23,49.880001068115234,49.90999984741211,49.38999938964844,49.599998474121094,27.272106170654297,725200,PFG,yfinance,2026-02-10T05:10:16.435896+00:00
2006-03-24,49.45000076293945,49.7599983215332,49.189998626708984,49.75,27.35457420349121,818600,PFG,yfinance,2026-02-10T05:10:16.435896+00:00
2006-03-27,49.650001525878906,49.90999984741211,49.310001373291016,49.459999084472656,27.195131301879883,473800,PFG,yfinance,2026-02-10T05:10:16.435896+00:00
2006-03-28,49.209999084472656,49.47999954223633,49.0099983215332,49.11000061035156,27.002695083618164,596200,PFG,yfinance,2026-02-10T05:10:16.435896+00:00
2006-03-29,49.0,49.650001525878906,49.0,49.54999923706055,27.24460792541504,489400,PFG,yfinance,2026-02-10T05:10:16.435896+00:00
2006-03-30,49.41999816894531,49.90999984741211,49.400001525878906,49.400001525878906,27.162145614624023,675700,PFG,yfinance,2026-02-10T05:10:16.435896+00:00
2006-03-31,49.560001373291016,49.61000061035156,48.70000076293945,48.79999923706055,26.83223533630371,986300,PFG,yfinance,2026-02-10T05:10:16.435896+00:00
2006-04-03,49.150001525878906,49.599998474121094,48.86000061035156,49.02000045776367,26.953195571899414,751600,PFG,yfinance,2026-02-10T05:10:16.435896+00:00
2006-04-04,49.27000045776367,49.869998931884766,49.150001525878906,49.75,27.35457420349121,709900,PFG,yfinance,2026-02-10T05:10:16.435896+00:00
2006-04-05,49.880001068115234,50.04999923706055,49.70000076293945,49.900001525878906,27.43706703186035,698000,PFG,yfinance,2026-02-10T05:10:16.435896+00:00
2006-04-06,49.849998474121094,50.06999969482422,49.560001373291016,49.91999816894531,27.448060989379883,566000,PFG,yfinance,2026-02-10T05:10:16.435896+00:00
2006-04-07,49.95000076293945,50.18000030517578,49.029998779296875,49.040000915527344,26.964200973510742,477800,PFG,yfinance,2026-02-10T05:10:16.435896+00:00
2006-04-10,49.13999938964844,49.529998779296875,49.0,49.150001525878906,27.024673461914062,494200,PFG,yfinance,2026-02-10T05:10:16.435896+00:00
2006-04-11,49.25,49.279998779296875,48.810001373291016,48.849998474121094,26.859731674194336,729500,PFG,yfinance,2026-02-10T05:10:16.435896+00:00
2006-04-12,48.900001525878906,49.38999938964844,48.900001525878906,49.08000183105469,26.986190795898438,505000,PFG,yfinance,2026-02-10T05:10:16.435896+00:00
2006-04-13,49.08000183105469,49.130001068115234,48.56999969482422,48.810001373291016,26.837736129760742,573100,PFG,yfinance,2026-02-10T05:10:16.435896+00:00
2006-04-17,48.7400016784668,48.97999954223633,48.5099983215332,48.66999816894531,26.760761260986328,387400,PFG,yfinance,2026-02-10T05:10:16.435896+00:00
2006-04-18,48.7400016784668,50.25,48.7400016784668,50.11000061035156,27.552518844604492,1174000,PFG,yfinance,2026-02-10T05:10:16.435896+00:00
2006-04-19,50.11000061035156,50.5099983215332,49.91999816894531,50.5099983215332,27.772459030151367,799000,PFG,yfinance,2026-02-10T05:10:16.435896+00:00
2006-04-20,50.4900016784668,50.810001373291016,50.22999954223633,50.65999984741211,27.854938507080078,699100,PFG,yfinance,2026-02-10T05:10:16.435896+00:00
2006-04-21,50.79999923706055,50.86000061035156,50.27000045776367,50.470001220703125,27.750476837158203,505200,PFG,yfinance,2026-02-10T05:10:16.435896+00:00
2006-04-24,50.470001220703125,50.7599983215332,49.900001525878906,50.650001525878906,27.849435806274414,727800,PFG,yfinance,2026-02-10T05:10:16.435896+00:00
2006-04-25,50.75,50.810001373291016,50.150001525878906,50.310001373291016,27.662500381469727,677600,PFG,yfinance,2026-02-10T05:10:16.435896+00:00
2006-04-26,50.40999984741211,51.15999984741211,50.40999984741211,51.06999969482422,28.08036994934082,610600,PFG,yfinance,2026-02-10T05:10:16.435896+00:00
2006-04-27,50.849998474121094,51.75,50.75,51.4900016784668,28.311302185058594,801200,PFG,yfinance,2026-02-10T05:10:16.435896+00:00
2006-04-28,51.4900016784668,51.79999923706055,51.119998931884766,51.310001373291016,28.212337493896484,1159000,PFG,yfinance,2026-02-10T05:10:16.435896+00:00
2006-05-01,51.099998474121094,51.2599983215332,50.47999954223633,50.720001220703125,27.8879337310791,933300,PFG,yfinance,2026-02-10T05:10:16.435896+00:00
2006-05-02,51.400001525878906,52.33000183105469,50.9900016784668,52.220001220703125,28.712688446044922,1616400,PFG,yfinance,2026-02-10T05:10:16.435896+00:00
2006-05-03,52.220001220703125,52.58000183105469,51.959999084472656,52.25,28.729188919067383,910800,PFG,yfinance,2026-02-10T05:10:16.435896+00:00
2006-05-04,52.349998474121094,52.9900016784668,52.29999923706055,52.95000076293945,29.114065170288086,588700,PFG,yfinance,2026-02-10T05:10:16.435896+00:00
2006-05-05,53.29999923706055,53.72999954223633,53.25,53.54999923706055,29.4439697265625,594700,PFG,yfinance,2026-02-10T05:10:16.435896+00:00
2006-05-08,53.5,53.599998474121094,53.25,53.310001373291016,29.3120174407959,468600,PFG,yfinance,2026-02-10T05:10:16.435896+00:00
2006-05-09,53.189998626708984,53.380001068115234,52.95000076293945,53.0,29.14156150817871,416600,PFG,yfinance,2026-02-10T05:10:16.435896+00:00
2006-05-10,52.70000076293945,53.18000030517578,52.63999938964844,53.09000015258789,29.191043853759766,972300,PFG,yfinance,2026-02-10T05:10:16.435896+00:00
2006-05-11,53.45000076293945,54.47999954223633,53.43000030517578,53.97999954223633,29.68041229248047,1660400,PFG,yfinance,2026-02-10T05:10:16.435896+00:00
2006-05-12,53.939998626708984,53.939998626708984,52.91999816894531,53.040000915527344,29.163549423217773,976400,PFG,yfinance,2026-02-10T05:10:16.435896+00:00
2006-05-15,53.400001525878906,53.45000076293945,52.95000076293945,53.45000076293945,29.388996124267578,920700,PFG,yfinance,2026-02-10T05:10:16.435896+00:00
2006-05-16,53.54999923706055,53.66999816894531,53.099998474121094,53.209999084472656,29.25704002380371,537100,PFG,yfinance,2026-02-10T05:10:16.435896+00:00
2006-05-17,53.209999084472656,53.209999084472656,52.189998626708984,52.209999084472656,28.707189559936523,908200,PFG,yfinance,2026-02-10T05:10:16.435896+00:00
2006-05-18,51.33000183105469,52.41999816894531,51.33000183105469,51.79999923706055,28.481769561767578,820900,PFG,yfinance,2026-02-10T05:10:16.435896+00:00
2006-05-19,51.95000076293945,52.4900016784668,51.599998474121094,52.18000030517578,28.690690994262695,804900,PFG,yfinance,2026-02-10T05:10:16.435896+00:00
2006-05-22,52.18000030517578,52.599998474121094,51.81999969482422,52.0,28.591732025146484,1518400,PFG,yfinance,2026-02-10T05:10:16.435896+00:00
2006-05-23,52.06999969482422,52.38999938964844,51.900001525878906,52.029998779296875,28.608217239379883,812500,PFG,yfinance,2026-02-10T05:10:16.435896+00:00
2006-05-24,52.0,52.709999084472656,51.900001525878906,52.599998474121094,28.921632766723633,979600,PFG,yfinance,2026-02-10T05:10:16.435896+00:00
2006-05-25,52.849998474121094,53.77000045776367,52.720001220703125,53.77000045776367,29.5649471282959,1254400,PFG,yfinance,2026-02-10T05:10:16.435896+00:00
2006-05-26,53.91999816894531,54.45000076293945,53.810001373291016,54.45000076293945,29.938833236694336,1466100,PFG,yfinance,2026-02-10T05:10:16.435896+00:00
2006-05-30,54.45000076293945,54.650001525878906,53.900001525878906,54.20000076293945,29.801376342773438,2500400,PFG,yfinance,2026-02-10T05:10:16.435896+00:00
2006-05-31,54.4900016784668,54.939998626708984,54.20000076293945,54.650001525878906,30.048797607421875,5995100,PFG,yfinance,2026-02-10T05:10:16.435896+00:00
2006-06-01,54.54999923706055,54.560001373291016,53.70000076293945,54.45000076293945,29.938833236694336,1948900,PFG,yfinance,2026-02-10T05:10:16.435896+00:00
2006-06-02,54.40999984741211,55.20000076293945,54.25,54.93000030517578,30.20275115966797,1560300,PFG,yfinance,2026-02-10T05:10:16.435896+00:00
2006-06-05,54.93000030517578,54.93000030517578,53.79999923706055,53.900001525878906,29.636430740356445,922600,PFG,yfinance,2026-02-10T05:10:16.435896+00:00
2006-06-06,53.939998626708984,54.060001373291016,53.2599983215332,53.77000045776367,29.5649471282959,1583100,PFG,yfinance,2026-02-10T05:10:16.435896+00:00
2006-06-07,53.77000045776367,54.22999954223633,53.47999954223633,53.810001373291016,29.586936950683594,1127100,PFG,yfinance,2026-02-10T05:10:16.435896+00:00
2006-06-08,53.900001525878906,54.400001525878906,53.099998474121094,54.220001220703125,29.812362670898438,1263100,PFG,yfinance,2026-02-10T05:10:16.435896+00:00
2006-06-09,54.06999969482422,54.290000915527344,53.709999084472656,53.91999816894531,29.647418975830078,774300,PFG,yfinance,2026-02-10T05:10:16.435896+00:00
2006-06-12,54.029998779296875,54.08000183105469,53.209999084472656,53.209999084472656,29.25704002380371,911100,PFG,yfinance,2026-02-10T05:10:16.435896+00:00
2006-06-13,53.220001220703125,53.369998931884766,52.22999954223633,52.31999969482422,28.767677307128906,1554600,PFG,yfinance,2026-02-10T05:10:16.435896+00:00
2006-06-14,52.33000183105469,52.630001068115234,52.16999816894531,52.56999969482422,28.905134201049805,1500000,PFG,yfinance,2026-02-10T05:10:16.435896+00:00
2006-06-15,53.099998474121094,54.27000045776367,53.099998474121094,54.16999816894531,29.784875869750977,1310200,PFG,yfinance,2026-02-10T05:10:16.435896+00:00
2006-06-16,53.650001525878906,53.959999084472656,53.310001373291016,53.470001220703125,29.399995803833008,1171500,PFG,yfinance,2026-02-10T05:10:16.435896+00:00
2006-06-19,53.599998474121094,53.86000061035156,52.75,52.93000030517578,29.103076934814453,1255300,PFG,yfinance,2026-02-10T05:10:16.435896+00:00
2006-06-20,53.099998474121094,53.279998779296875,52.72999954223633,52.900001525878906,29.08658790588379,1058400,PFG,yfinance,2026-02-10T05:10:16.435896+00:00
2006-06-21,52.869998931884766,53.689998626708984,52.79999923706055,53.40999984741211,29.36700439453125,946600,PFG,yfinance,2026-02-10T05:10:16.435896+00:00
2006-06-22,53.310001373291016,53.400001525878906,52.779998779296875,53.02000045776367,29.15256118774414,740300,PFG,yfinance,2026-02-10T05:10:16.435896+00:00
2006-06-23,52.77000045776367,53.369998931884766,52.439998626708984,53.02000045776367,29.15256118774414,1012000,PFG,yfinance,2026-02-10T05:10:16.435896+00:00
2006-06-26,53.0099983215332,54.029998779296875,52.959999084472656,54.029998779296875,29.70790672302246,956900,PFG,yfinance,2026-02-10T05:10:16.435896+00:00
2006-06-27,53.900001525878906,54.15999984741211,53.70000076293945,54.0,29.6914119720459,1366200,PFG,yfinance,2026-02-10T05:10:16.435896+00:00
2006-06-28,54.0099983215332,54.16999816894531,53.56999969482422,53.88999938964844,29.630918502807617,735000,PFG,yfinance,2026-02-10T05:10:16.435896+00:00
2006-06-29,53.900001525878906,55.08000183105469,53.900001525878906,54.9900016784668,30.235746383666992,1557900,PFG,yfinance,2026-02-10T05:10:16.435896+00:00
2006-06-30,55.2400016784668,55.93000030517578,55.18000030517578,55.650001525878906,30.598644256591797,1605700,PFG,yfinance,2026-02-10T05:10:16.435896+00:00
2006-07-03,55.95000076293945,56.209999084472656,55.72999954223633,56.099998474121094,30.8460636138916,396700,PFG,yfinance,2026-02-10T05:10:16.435896+00:00
2006-07-05,56.25,56.45000076293945,55.5,56.20000076293945,30.901060104370117,992900,PFG,yfinance,2026-02-10T05:10:16.435896+00:00
2006-07-06,56.25,56.470001220703125,56.06999969482422,56.220001220703125,30.91205596923828,952200,PFG,yfinance,2026-02-10T05:10:16.435896+00:00
2006-07-07,56.27000045776367,56.27000045776367,55.2599983215332,55.45000076293945,30.48868751525879,882500,PFG,yfinance,2026-02-10T05:10:16.435896+00:00
2006-07-10,55.650001525878906,55.97999954223633,55.31999969482422,55.439998626708984,30.483169555664062,895300,PFG,yfinance,2026-02-10T05:10:16.435896+00:00
2006-07-11,55.22999954223633,55.619998931884766,54.66999816894531,55.4900016784668,30.510665893554688,860500,PFG,yfinance,2026-02-10T05:10:16.435896+00:00
2006-07-12,54.5,55.20000076293945,53.61000061035156,54.54999923706055,29.993818283081055,1850200,PFG,yfinance,2026-02-10T05:10:16.435896+00:00
2006-07-13,54.560001373291016,54.599998474121094,53.709999084472656,53.779998779296875,29.5704345703125,1159100,PFG,yfinance,2026-02-10T05:10:16.435896+00:00
2006-07-14,53.779998779296875,53.869998931884766,53.22999954223633,53.40999984741211,29.36700439453125,704900,PFG,yfinance,2026-02-10T05:10:16.435896+00:00
2006-07-17,53.41999816894531,53.70000076293945,53.16999816894531,53.619998931884766,29.482473373413086,608000,PFG,yfinance,2026-02-10T05:10:16.435896+00:00
2006-07-18,53.650001525878906,53.7400016784668,52.880001068115234,53.599998474121094,29.471479415893555,768100,PFG,yfinance,2026-02-10T05:10:16.435896+00:00
2006-07-19,53.650001525878906,54.5,53.529998779296875,54.209999084472656,29.806865692138672,1515100,PFG,yfinance,2026-02-10T05:10:16.435896+00:00
2006-07-20,54.20000076293945,54.52000045776367,54.099998474121094,54.099998474121094,29.74637794494629,668400,PFG,yfinance,2026-02-10T05:10:16.435896+00:00
2006-07-21,54.400001525878906,54.470001220703125,53.779998779296875,53.779998779296875,29.5704345703125,901600,PFG,yfinance,2026-02-10T05:10:16.435896+00:00
2006-07-24,54.0,54.47999954223633,54.0,54.29999923706055,29.856353759765625,682200,PFG,yfinance,2026-02-10T05:10:16.435896+00:00
2006-07-25,54.20000076293945,54.540000915527344,53.810001373291016,54.2400016784668,29.82337188720703,944600,PFG,yfinance,2026-02-10T05:10:16.435896+00:00
2006-07-26,54.13999938964844,54.220001220703125,53.880001068115234,54.0,29.6914119720459,926000,PFG,yfinance,2026-02-10T05:10:16.435896+00:00
2006-07-27,54.25,54.56999969482422,53.630001068115234,53.630001068115234,29.48797035217285,647900,PFG,yfinance,2026-02-10T05:10:16.435896+00:00
2006-07-28,53.79999923706055,54.349998474121094,53.75,54.08000183105469,29.735397338867188,704400,PFG,yfinance,2026-02-10T05:10:16.435896+00:00
2006-07-31,53.95000076293945,54.119998931884766,53.630001068115234,54.0,29.6914119720459,1581800,PFG,yfinance,2026-02-10T05:10:16.435896+00:00
2006-08-01,52.70000076293945,53.25,52.619998931884766,52.90999984741211,29.092073440551758,1327700,PFG,yfinance,2026-02-10T05:10:16.435896+00:00
2006-08-02,53.0,53.38999938964844,52.810001373291016,53.29999923706055,29.30652618408203,685100,PFG,yfinance,2026-02-10T05:10:16.435896+00:00
2006-08-03,53.29999923706055,53.720001220703125,53.20000076293945,53.220001220703125,29.26251792907715,1138500,PFG,yfinance,2026-02-10T05:10:16.435896+00:00
2006-08-04,53.70000076293945,54.349998474121094,52.869998931884766,52.9900016784668,29.13606834411621,1118600,PFG,yfinance,2026-02-10T05:10:16.435896+00:00
2006-08-07,53.040000915527344,53.06999969482422,52.650001525878906,52.72999954223633,28.99309730529785,787200,PFG,yfinance,2026-02-10T05:10:16.435896+00:00
2006-08-08,53.400001525878906,53.849998474121094,53.040000915527344,53.20000076293945,29.25153160095215,1013100,PFG,yfinance,2026-02-10T05:10:16.435896+00:00
2006-08-09,53.599998474121094,53.810001373291016,53.029998779296875,53.029998779296875,29.158065795898438,816500,PFG,yfinance,2026-02-10T05:10:16.435896+00:00
2006-08-10,53.040000915527344,53.47999954223633,52.84000015258789,53.349998474121094,29.334020614624023,820800,PFG,yfinance,2026-02-10T05:10:16.435896+00:00
2006-08-11,53.369998931884766,53.79999923706055,53.31999969482422,53.47999954223633,29.405481338500977,638300,PFG,yfinance,2026-02-10T05:10:16.435896+00:00
2006-08-14,53.72999954223633,53.9900016784668,53.349998474121094,53.400001525878906,29.36150360107422,721000,PFG,yfinance,2026-02-10T05:10:16.435896+00:00
2006-08-15,53.560001373291016,54.189998626708984,53.470001220703125,53.81999969482422,29.592439651489258,789100,PFG,yfinance,2026-02-10T05:10:16.435896+00:00
2006-08-16,53.91999816894531,54.189998626708984,53.81999969482422,53.97999954223633,29.68041229248047,1235900,PFG,yfinance,2026-02-10T05:10:16.435896+00:00
2006-08-17,53.9900016784668,54.27000045776367,53.9900016784668,54.150001525878906,29.773895263671875,661200,PFG,yfinance,2026-02-10T05:10:16.435896+00:00
2006-08-18,54.0,54.0099983215332,53.40999984741211,53.59000015258789,29.465970993041992,1021800,PFG,yfinance,2026-02-10T05:10:16.435896+00:00
2006-08-21,53.5,53.900001525878906,53.41999816894531,53.59000015258789,29.465970993041992,718000,PFG,yfinance,2026-02-10T05:10:16.435896+00:00
2006-08-22,53.54999923706055,53.56999969482422,53.029998779296875,53.349998474121094,29.334020614624023,1067200,PFG,yfinance,2026-02-10T05:10:16.435896+00:00
2006-08-23,53.54999923706055,53.599998474121094,52.869998931884766,53.060001373291016,29.174560546875,589600,PFG,yfinance,2026-02-10T05:10:16.435896+00:00
2006-08-24,53.189998626708984,53.29999923706055,53.0,53.150001525878906,29.22403907775879,491100,PFG,yfinance,2026-02-10T05:10:16.435896+00:00
2006-08-25,53.0,53.43000030517578,52.83000183105469,52.91999816894531,29.097579956054688,599900,PFG,yfinance,2026-02-10T05:10:16.435896+00:00
2006-08-28,52.91999816894531,53.63999938964844,52.91999816894531,53.400001525878906,29.36150360107422,424700,PFG,yfinance,2026-02-10T05:10:16.435896+00:00
2006-08-29,53.349998474121094,53.369998931884766,53.09000015258789,53.20000076293945,29.25153160095215,817600,PFG,yfinance,2026-02-10T05:10:16.435896+00:00
2006-08-30,53.20000076293945,53.290000915527344,53.060001373291016,53.06999969482422,29.180051803588867,669600,PFG,yfinance,2026-02-10T05:10:16.435896+00:00
2006-08-31,53.08000183105469,53.34000015258789,53.04999923706055,53.2400016784668,29.273534774780273,1260100,PFG,yfinance,2026-02-10T05:10:16.435896+00:00
2006-09-01,53.2400016784668,53.2599983215332,52.97999954223633,53.099998474121094,29.196552276611328,687700,PFG,yfinance,2026-02-10T05:10:16.435896+00:00
2006-09-05,53.04999923706055,53.11000061035156,52.93000030517578,53.02000045776367,29.15256118774414,1002900,PFG,yfinance,2026-02-10T05:10:16.435896+00:00
2006-09-06,52.75,53.40999984741211,52.75,53.15999984741211,29.229530334472656,965200,PFG,yfinance,2026-02-10T05:10:16.435896+00:00
2006-09-07,53.15999984741211,53.27000045776367,52.849998474121094,52.88999938964844,29.081092834472656,946200,PFG,yfinance,2026-02-10T05:10:16.435896+00:00
2006-09-08,53.040000915527344,53.150001525878906,52.83000183105469,53.06999969482422,29.180051803588867,466000,PFG,yfinance,2026-02-10T05:10:16.435896+00:00
2006-09-11,52.91999816894531,53.63999938964844,52.91999816894531,53.470001220703125,29.399995803833008,523900,PFG,yfinance,2026-02-10T05:10:16.435896+00:00
2006-09-12,53.619998931884766,53.880001068115234,53.52000045776367,53.84000015258789,29.603425979614258,1222700,PFG,yfinance,2026-02-10T05:10:16.435896+00:00
2006-09-13,53.84000015258789,53.84000015258789,53.29999923706055,53.709999084472656,29.53195571899414,587200,PFG,yfinance,2026-02-10T05:10:16.435896+00:00
2006-09-14,53.70000076293945,53.81999969482422,53.41999816894531,53.47999954223633,29.405481338500977,559900,PFG,yfinance,2026-02-10T05:10:16.435896+00:00
2006-09-15,53.5,53.810001373291016,53.5,53.52000045776367,29.427478790283203,1106600,PFG,yfinance,2026-02-10T05:10:16.435896+00:00
2006-09-18,53.54999923706055,53.65999984741211,53.15999984741211,53.29999923706055,29.30652618408203,652400,PFG,yfinance,2026-02-10T05:10:16.435896+00:00
2006-09-19,53.20000076293945,53.38999938964844,53.09000015258789,53.310001373291016,29.3120174407959,790900,PFG,yfinance,2026-02-10T05:10:16.435896+00:00
2006-09-20,53.5,53.79999923706055,53.45000076293945,53.70000076293945,29.52645492553711,557100,PFG,yfinance,2026-02-10T05:10:16.435896+00:00
2006-09-21,53.650001525878906,53.869998931884766,53.45000076293945,53.560001373291016,29.449474334716797,555400,PFG,yfinance,2026-02-10T05:10:16.435896+00:00
2006-09-22,53.70000076293945,53.880001068115234,53.54999923706055,53.709999084472656,29.53195571899414,571800,PFG,yfinance,2026-02-10T05:10:16.435896+00:00
2006-09-25,53.779998779296875,54.65999984741211,53.779998779296875,54.47999954223633,29.95533561706543,1115500,PFG,yfinance,2026-02-10T05:10:16.435896+00:00
2006-09-26,54.52000045776367,54.709999084472656,53.970001220703125,54.279998779296875,29.845355987548828,762300,PFG,yfinance,2026-02-10T05:10:16.435896+00:00
2006-09-27,54.279998779296875,54.45000076293945,53.970001220703125,54.130001068115234,29.76288604736328,634700,PFG,yfinance,2026-02-10T05:10:16.435896+00:00
2006-09-28,53.97999954223633,54.4900016784668,53.93000030517578,54.45000076293945,29.938833236694336,552600,PFG,yfinance,2026-02-10T05:10:16.435896+00:00
2006-09-29,54.619998931884766,54.619998931884766,54.189998626708984,54.279998779296875,29.845355987548828,552300,PFG,yfinance,2026-02-10T05:10:16.435896+00:00
2006-10-02,54.22999954223633,54.2400016784668,53.75,53.970001220703125,29.674915313720703,849900,PFG,yfinance,2026-02-10T05:10:16.435896+00:00
2006-10-03,53.97999954223633,54.5,53.84000015258789,54.08000183105469,29.735397338867188,921500,PFG,yfinance,2026-02-10T05:10:16.435896+00:00
2006-10-04,54.06999969482422,54.4900016784668,53.84000015258789,54.4900016784668,29.96082305908203,883900,PFG,yfinance,2026-02-10T05:10:16.435896+00:00
2006-10-05,54.400001525878906,54.43000030517578,54.09000015258789,54.31999969482422,29.86734962463379,516600,PFG,yfinance,2026-02-10T05:10:16.435896+00:00
2006-10-06,54.31999969482422,54.619998931884766,54.119998931884766,54.41999816894531,29.92234230041504,514500,PFG,yfinance,2026-02-10T05:10:16.435896+00:00
2006-10-09,54.43000030517578,54.54999923706055,54.25,54.41999816894531,29.92234230041504,694700,PFG,yfinance,2026-02-10T05:10:16.435896+00:00
2006-10-10,54.41999816894531,54.459999084472656,54.130001068115234,54.36000061035156,29.889345169067383,805900,PFG,yfinance,2026-02-10T05:10:16.435896+00:00
2006-10-11,54.279998779296875,54.310001373291016,54.029998779296875,54.099998474121094,29.74637794494629,921200,PFG,yfinance,2026-02-10T05:10:16.435896+00:00
2006-10-12,54.45000076293945,54.79999923706055,54.2400016784668,54.25,29.828866958618164,936200,PFG,yfinance,2026-02-10T05:10:16.435896+00:00
2006-10-13,54.2599983215332,54.88999938964844,54.099998474121094,54.88999938964844,30.180774688720703,845900,PFG,yfinance,2026-02-10T05:10:16.435896+00:00
2006-10-16,55.0,55.15999984741211,54.68000030517578,54.849998474121094,30.158777236938477,618200,PFG,yfinance,2026-02-10T05:10:16.435896+00:00
2006-10-17,54.86000061035156,54.95000076293945,54.619998931884766,54.84000015258789,30.153282165527344,810900,PFG,yfinance,2026-02-10T05:10:16.435896+00:00
2006-10-18,55.13999938964844,55.72999954223633,55.13999938964844,55.61000061035156,30.576650619506836,1272100,PFG,yfinance,2026-02-10T05:10:16.435896+00:00
2006-10-19,55.61000061035156,55.61000061035156,55.29999923706055,55.38999938964844,30.45568084716797,500800,PFG,yfinance,2026-02-10T05:10:16.435896+00:00
2006-10-20,55.599998474121094,55.93000030517578,55.459999084472656,55.529998779296875,30.532669067382812,779800,PFG,yfinance,2026-02-10T05:10:16.435896+00:00
2006-10-23,55.68000030517578,55.88999938964844,55.29999923706055,55.65999984741211,30.60413932800293,702700,PFG,yfinance,2026-02-10T05:10:16.435896+00:00
2006-10-24,55.619998931884766,56.279998779296875,55.439998626708984,56.279998779296875,30.945039749145508,913100,PFG,yfinance,2026-02-10T05:10:16.435896+00:00
2006-10-25,56.349998474121094,56.349998474121094,55.70000076293945,55.91999816894531,30.747100830078125,677500,PFG,yfinance,2026-02-10T05:10:16.435896+00:00
2006-10-26,55.90999984741211,56.619998931884766,55.86000061035156,56.45000076293945,31.038509368896484,608500,PFG,yfinance,2026-02-10T05:10:16.435896+00:00
2006-10-27,56.29999923706055,56.52000045776367,55.900001525878906,56.0,30.791088104248047,649500,PFG,yfinance,2026-02-10T05:10:16.435896+00:00
2006-10-30,56.25,56.400001525878906,55.970001220703125,56.18000030517578,30.89006233215332,535200,PFG,yfinance,2026-02-10T05:10:16.435896+00:00
2006-10-31,56.75,56.86000061035156,56.11000061035156,56.4900016784668,31.060510635375977,1625200,PFG,yfinance,2026-02-10T05:10:16.435896+00:00
2006-11-01,56.400001525878906,56.4900016784668,55.93000030517578,55.95000076293945,30.76360321044922,1038600,PFG,yfinance,2026-02-10T05:10:16.435896+00:00
2006-11-02,55.77000045776367,56.34000015258789,55.68000030517578,56.2400016784668,30.923053741455078,947900,PFG,yfinance,2026-02-10T05:10:16.435896+00:00
2006-11-03,56.45000076293945,56.540000915527344,55.72999954223633,56.099998474121094,30.8460636138916,816800,PFG,yfinance,2026-02-10T05:10:16.435896+00:00
2006-11-06,56.95000076293945,57.31999969482422,56.68000030517578,57.04999923706055,31.368419647216797,714800,PFG,yfinance,2026-02-10T05:10:16.435896+00:00
2006-11-07,57.20000076293945,57.97999954223633,57.150001525878906,57.97999954223633,31.879762649536133,927100,PFG,yfinance,2026-02-10T05:10:16.435896+00:00
2006-11-08,57.97999954223633,58.880001068115234,57.75,58.849998474121094,32.35812759399414,1165300,PFG,yfinance,2026-02-10T05:10:16.435896+00:00
2006-11-09,58.77000045776367,58.779998779296875,57.72999954223633,57.72999954223633,31.742307662963867,1226800,PFG,yfinance,2026-02-10T05:10:16.435896+00:00
2006-11-10,57.849998474121094,58.400001525878906,57.84000015258789,58.18000030517578,31.9897518157959,722600,PFG,yfinance,2026-02-10T05:10:16.435896+00:00
2006-11-13,58.25,58.630001068115234,58.189998626708984,58.369998931884766,32.09421157836914,514700,PFG,yfinance,2026-02-10T05:10:16.435896+00:00
2006-11-14,58.27000045776367,58.5,57.86000061035156,58.38999938964844,32.1052131652832,655100,PFG,yfinance,2026-02-10T05:10:16.435896+00:00
2006-11-15,58.540000915527344,58.790000915527344,58.369998931884766,58.65999984741211,32.25365447998047,565800,PFG,yfinance,2026-02-10T05:10:16.435896+00:00
2006-11-16,58.95000076293945,59.380001068115234,58.79999923706055,59.34000015258789,32.62754821777344,407500,PFG,yfinance,2026-02-10T05:10:16.435896+00:00
2006-11-17,59.189998626708984,59.36000061035156,58.900001525878906,59.25,32.57806396484375,745000,PFG,yfinance,2026-02-10T05:10:16.435896+00:00
2006-11-20,58.529998779296875,58.689998626708984,58.099998474121094,58.459999084472656,32.58364486694336,710400,PFG,yfinance,2026-02-10T05:10:16.435896+00:00
2006-11-21,58.38999938964844,58.43000030517578,57.88999938964844,57.97999954223633,32.31610870361328,715300,PFG,yfinance,2026-02-10T05:10:16.435896+00:00
2006-11-22,57.900001525878906,57.95000076293945,57.63999938964844,57.869998931884766,32.254791259765625,536800,PFG,yfinance,2026-02-10T05:10:16.435896+00:00
2006-11-24,57.599998474121094,57.790000915527344,57.41999816894531,57.560001373291016,32.08201599121094,251200,PFG,yfinance,2026-02-10T05:10:16.435896+00:00
2006-11-27,57.70000076293945,57.70000076293945,56.83000183105469,56.86000061035156,31.69186019897461,707700,PFG,yfinance,2026-02-10T05:10:16.435896+00:00
2006-11-28,56.86000061035156,57.15999984741211,56.61000061035156,56.779998779296875,31.647266387939453,628700,PFG,yfinance,2026-02-10T05:10:16.435896+00:00
2006-11-29,57.09000015258789,57.560001373291016,56.79999923706055,57.5,32.04857635498047,768000,PFG,yfinance,2026-02-10T05:10:16.435896+00:00
2006-11-30,57.4900016784668,57.86000061035156,57.220001220703125,57.75,32.18790817260742,1322500,PFG,yfinance,2026-02-10T05:10:16.435896+00:00
2006-12-01,57.970001220703125,57.970001220703125,56.849998474121094,57.41999816894531,32.00398254394531,751500,PFG,yfinance,2026-02-10T05:10:16.435896+00:00
2006-12-04,58.0,58.689998626708984,57.79999923706055,58.56999969482422,32.64494705200195,889800,PFG,yfinance,2026-02-10T05:10:16.435896+00:00
2006-12-05,58.369998931884766,59.380001068115234,58.369998931884766,59.279998779296875,33.04067611694336,903200,PFG,yfinance,2026-02-10T05:10:16.435896+00:00
2006-12-06,59.27000045776367,59.27000045776367,58.66999816894531,58.7400016784668,32.73969650268555,621700,PFG,yfinance,2026-02-10T05:10:16.435896+00:00
2006-12-07,58.970001220703125,59.119998931884766,58.220001220703125,58.27000045776367,32.47774124145508,528000,PFG,yfinance,2026-02-10T05:10:16.435896+00:00
2006-12-08,58.02000045776367,58.4900016784668,57.88999938964844,58.27000045776367,32.47774124145508,508300,PFG,yfinance,2026-02-10T05:10:16.435896+00:00
2006-12-11,58.06999969482422,58.400001525878906,57.810001373291016,58.189998626708984,32.43315505981445,421100,PFG,yfinance,2026-02-10T05:10:16.435896+00:00
2006-12-12,58.400001525878906,58.4900016784668,57.880001068115234,58.15999984741211,32.41643142700195,788100,PFG,yfinance,2026-02-10T05:10:16.435896+00:00
2006-12-13,58.5,58.5,57.779998779296875,57.81999969482422,32.226932525634766,1469300,PFG,yfinance,2026-02-10T05:10:16.435896+00:00
2006-12-14,57.900001525878906,58.58000183105469,57.900001525878906,58.41999816894531,32.56135177612305,611200,PFG,yfinance,2026-02-10T05:10:16.435896+00:00
2006-12-15,58.43000030517578,58.72999954223633,58.25,58.310001373291016,32.50003433227539,882800,PFG,yfinance,2026-02-10T05:10:16.435896+00:00
2006-12-18,58.47999954223633,58.869998931884766,58.130001068115234,58.41999816894531,32.56135177612305,587800,PFG,yfinance,2026-02-10T05:10:16.435896+00:00
2006-12-19,58.58000183105469,58.869998931884766,58.439998626708984,58.84000015258789,32.79544448852539,754000,PFG,yfinance,2026-02-10T05:10:16.435896+00:00
2006-12-20,58.68000030517578,58.9900016784668,58.2599983215332,58.560001373291016,32.63939666748047,590900,PFG,yfinance,2026-02-10T05:10:16.435896+00:00
2006-12-21,58.86000061035156,59.0099983215332,58.540000915527344,58.54999923706055,32.63380813598633,468400,PFG,yfinance,2026-02-10T05:10:16.435896+00:00
2006-12-22,58.650001525878906,58.790000915527344,58.34000015258789,58.619998931884766,32.672821044921875,426900,PFG,yfinance,2026-02-10T05:10:16.435896+00:00
2006-12-26,58.400001525878906,59.099998474121094,58.27000045776367,59.040000915527344,32.906917572021484,292600,PFG,yfinance,2026-02-10T05:10:16.435896+00:00
2006-12-27,59.400001525878906,59.400001525878906,58.810001373291016,59.11000061035156,32.94593048095703,290600,PFG,yfinance,2026-02-10T05:10:16.435896+00:00
2006-12-28,59.150001525878906,59.29999923706055,58.90999984741211,59.06999969482422,32.92362594604492,276500,PFG,yfinance,2026-02-10T05:10:16.435896+00:00
2006-12-29,58.93000030517578,59.099998474121094,58.619998931884766,58.70000076293945,32.7174072265625,373400,PFG,yfinance,2026-02-10T05:10:16.435896+00:00
2007-01-03,58.880001068115234,59.599998474121094,58.880001068115234,59.31999969482422,33.06298065185547,715500,PFG,yfinance,2026-02-10T05:10:16.435896+00:00
2007-01-04,59.16999816894531,59.33000183105469,58.349998474121094,59.209999084472656,33.001670837402344,574100,PFG,yfinance,2026-02-10T05:10:16.435896+00:00
2007-01-05,59.209999084472656,59.209999084472656,58.43000030517578,58.56999969482422,32.64494705200195,374900,PFG,yfinance,2026-02-10T05:10:16.435896+00:00
2007-01-08,58.369998931884766,58.84000015258789,58.189998626708984,58.68000030517578,32.706275939941406,646900,PFG,yfinance,2026-02-10T05:10:16.435896+00:00
2007-01-09,59.029998779296875,59.25,58.38999938964844,58.619998931884766,32.672821044921875,877600,PFG,yfinance,2026-02-10T05:10:16.435896+00:00
2007-01-10,58.5099983215332,59.06999969482422,58.27000045776367,59.0,32.88462448120117,597900,PFG,yfinance,2026-02-10T05:10:16.435896+00:00
2007-01-11,59.25,60.099998474121094,59.22999954223633,60.099998474121094,33.49773406982422,781600,PFG,yfinance,2026-02-10T05:10:16.435896+00:00
2007-01-12,60.25,60.47999954223633,59.84000015258789,60.369998931884766,33.64821243286133,777900,PFG,yfinance,2026-02-10T05:10:16.435896+00:00
2007-01-16,60.349998474121094,60.68000030517578,60.29999923706055,60.41999816894531,33.67609405517578,525200,PFG,yfinance,2026-02-10T05:10:16.435896+00:00
2007-01-17,60.43000030517578,60.77000045776367,60.15999984741211,60.4900016784668,33.715110778808594,653300,PFG,yfinance,2026-02-10T05:10:16.435896+00:00
2007-01-18,60.65999984741211,60.77000045776367,60.29999923706055,60.5099983215332,33.726234436035156,557200,PFG,yfinance,2026-02-10T05:10:16.435896+00:00
2007-01-19,60.81999969482422,61.2400016784668,60.34000015258789,60.529998779296875,33.737403869628906,655700,PFG,yfinance,2026-02-10T05:10:16.435896+00:00
2007-01-22,60.29999923706055,60.5,60.040000915527344,60.220001220703125,33.564613342285156,517200,PFG,yfinance,2026-02-10T05:10:16.435896+00:00
2007-01-23,60.349998474121094,60.66999816894531,59.9900016784668,60.40999984741211,33.67051315307617,419600,PFG,yfinance,2026-02-10T05:10:16.435896+00:00
2007-01-24,60.540000915527344,61.290000915527344,60.38999938964844,61.279998779296875,34.15540313720703,497600,PFG,yfinance,2026-02-10T05:10:16.435896+00:00
2007-01-25,61.290000915527344,61.290000915527344,60.20000076293945,60.220001220703125,33.564613342285156,559600,PFG,yfinance,2026-02-10T05:10:16.435896+00:00
2007-01-26,60.22999954223633,60.619998931884766,60.09000015258789,60.209999084472656,33.559043884277344,735000,PFG,yfinance,2026-02-10T05:10:16.435896+00:00
2007-01-29,60.560001373291016,60.83000183105469,60.310001373291016,60.75,33.860023498535156,803600,PFG,yfinance,2026-02-10T05:10:16.435896+00:00
2007-01-30,60.849998474121094,61.22999954223633,60.75,61.22999954223633,34.12754821777344,471500,PFG,yfinance,2026-02-10T05:10:16.435896+00:00
2007-01-31,61.16999816894531,61.86000061035156,60.900001525878906,61.61000061035156,34.33934783935547,693600,PFG,yfinance,2026-02-10T05:10:16.435896+00:00
2007-02-01,61.7599983215332,62.689998626708984,61.7400016784668,62.689998626708984,34.941307067871094,834500,PFG,yfinance,2026-02-10T05:10:16.435896+00:00
2007-02-02,62.70000076293945,62.95000076293945,62.52000045776367,62.77000045776367,34.98588943481445,631400,PFG,yfinance,2026-02-10T05:10:16.435896+00:00
2007-02-05,62.5,62.689998626708984,62.130001068115234,62.2400016784668,34.69048309326172,644600,PFG,yfinance,2026-02-10T05:10:16.435896+00:00
2007-02-06,62.380001068115234,63.349998474121094,62.380001068115234,62.97999954223633,35.10293960571289,1136100,PFG,yfinance,2026-02-10T05:10:16.435896+00:00
2007-02-07,63.13999938964844,63.75,63.040000915527344,63.5,35.39278030395508,626700,PFG,yfinance,2026-02-10T05:10:16.435896+00:00
2007-02-08,63.5099983215332,64.06999969482422,63.33000183105469,63.619998931884766,35.45966339111328,754000,PFG,yfinance,2026-02-10T05:10:16.435896+00:00
2007-02-09,63.619998931884766,63.95000076293945,62.20000076293945,62.65999984741211,34.924583435058594,728500,PFG,yfinance,2026-02-10T05:10:16.435896+00:00
2007-02-12,62.75,62.91999816894531,62.20000076293945,62.310001373291016,34.72950744628906,736800,PFG,yfinance,2026-02-10T05:10:16.435896+00:00
2007-02-13,62.75,63.5,62.310001373291016,63.470001220703125,35.37605667114258,668800,PFG,yfinance,2026-02-10T05:10:16.435896+00:00
2007-02-14,63.45000076293945,64.11000061035156,63.22999954223633,63.7599983215332,35.537696838378906,461400,PFG,yfinance,2026-02-10T05:10:16.435896+00:00
2007-02-15,64.01000213623047,64.0199966430664,63.310001373291016,63.38999938964844,35.331478118896484,637400,PFG,yfinance,2026-02-10T05:10:16.435896+00:00
2007-02-16,63.13999938964844,63.54999923706055,63.13999938964844,63.47999954223633,35.38162612915039,510200,PFG,yfinance,2026-02-10T05:10:16.435896+00:00
2007-02-20,63.72999954223633,64.16999816894531,63.20000076293945,63.31999969482422,35.292449951171875,5010300,PFG,yfinance,2026-02-10T05:10:16.435896+00:00
2007-02-21,63.25,63.349998474121094,62.84000015258789,63.02000045776367,35.125244140625,1191600,PFG,yfinance,2026-02-10T05:10:16.435896+00:00
2007-02-22,63.369998931884766,63.540000915527344,63.02000045776367,63.31999969482422,35.292449951171875,576700,PFG,yfinance,2026-02-10T05:10:16.435896+00:00
2007-02-23,63.04999923706055,63.119998931884766,62.630001068115234,62.88999938964844,35.05278396606445,662700,PFG,yfinance,2026-02-10T05:10:16.435896+00:00
2007-02-26,62.900001525878906,62.9900016784668,62.540000915527344,62.630001068115234,34.907859802246094,658400,PFG,yfinance,2026-02-10T05:10:16.435896+00:00
2007-02-27,62.63999938964844,62.63999938964844,59.709999084472656,60.060001373291016,33.475425720214844,1669800,PFG,yfinance,2026-02-10T05:10:16.435896+00:00
2007-02-28,60.09000015258789,61.0,60.09000015258789,60.869998931884766,33.9268913269043,1420600,PFG,yfinance,2026-02-10T05:10:16.435896+00:00
2007-03-01,60.63999938964844,61.0099983215332,59.79999923706055,60.81999969482422,33.89904022216797,1129900,PFG,yfinance,2026-02-10T05:10:16.435896+00:00
2007-03-02,60.66999816894531,60.66999816894531,60.0099983215332,60.040000915527344,33.46428298950195,781600,PFG,yfinance,2026-02-10T05:10:16.435896+00:00
2007-03-05,59.75,60.15999984741211,59.31999969482422,59.31999969482422,33.06298065185547,933600,PFG,yfinance,2026-02-10T05:10:16.435896+00:00
2007-03-06,59.52000045776367,59.81999969482422,59.20000076293945,59.650001525878906,33.24692153930664,1608900,PFG,yfinance,2026-02-10T05:10:16.435896+00:00
2007-03-07,59.5,59.95000076293945,59.29999923706055,59.43000030517578,33.12429428100586,665000,PFG,yfinance,2026-02-10T05:10:16.435896+00:00
2007-03-08,59.630001068115234,60.25,59.45000076293945,59.689998626708984,33.26919937133789,574200,PFG,yfinance,2026-02-10T05:10:16.435896+00:00
2007-03-09,60.150001525878906,60.5099983215332,59.72999954223633,60.43000030517578,33.68165969848633,773100,PFG,yfinance,2026-02-10T05:10:16.435896+00:00
2007-03-12,60.150001525878906,60.58000183105469,59.9900016784668,60.459999084472656,33.69837951660156,528200,PFG,yfinance,2026-02-10T05:10:16.435896+00:00
2007-03-13,60.209999084472656,60.33000183105469,58.52000045776367,58.52000045776367,32.61708450317383,1513700,PFG,yfinance,2026-02-10T05:10:16.435896+00:00
2007-03-14,58.86000061035156,59.040000915527344,57.869998931884766,58.97999954223633,32.87348175048828,850500,PFG,yfinance,2026-02-10T05:10:16.435896+00:00
2007-03-15,58.97999954223633,59.7599983215332,58.79999923706055,59.560001373291016,33.196754455566406,838500,PFG,yfinance,2026-02-10T05:10:16.435896+00:00
2007-03-16,59.59000015258789,59.709999084472656,58.810001373291016,59.029998779296875,32.90134811401367,1117800,PFG,yfinance,2026-02-10T05:10:16.435896+00:00
2007-03-19,59.43000030517578,59.880001068115234,59.349998474121094,59.869998931884766,33.36952590942383,838200,PFG,yfinance,2026-02-10T05:10:16.435896+00:00
2007-03-20,59.66999816894531,60.220001220703125,59.63999938964844,60.09000015258789,33.492156982421875,854500,PFG,yfinance,2026-02-10T05:10:16.435896+00:00
2007-03-21,60.099998474121094,62.09000015258789,59.88999938964844,61.2599983215332,34.14427185058594,738800,PFG,yfinance,2026-02-10T05:10:16.435896+00:00
2007-03-22,61.400001525878906,61.4900016784668,60.68000030517578,60.83000183105469,33.90459442138672,667900,PFG,yfinance,2026-02-10T05:10:16.435896+00:00
2007-03-23,60.84000015258789,61.18000030517578,60.75,60.849998474121094,33.915748596191406,922500,PFG,yfinance,2026-02-10T05:10:16.435896+00:00
2007-03-26,60.599998474121094,60.84000015258789,60.09000015258789,60.630001068115234,33.79314422607422,728100,PFG,yfinance,2026-02-10T05:10:16.435896+00:00
2007-03-27,60.47999954223633,60.529998779296875,60.119998931884766,60.29999923706055,33.60919189453125,599100,PFG,yfinance,2026-02-10T05:10:16.435896+00:00
2007-03-28,60.20000076293945,60.27000045776367,59.540000915527344,59.61000061035156,33.224605560302734,718100,PFG,yfinance,2026-02-10T05:10:16.435896+00:00
2007-03-29,59.90999984741211,60.22999954223633,59.43000030517578,59.86000061035156,33.36396408081055,626200,PFG,yfinance,2026-02-10T05:10:16.435896+00:00
2007-03-30,59.77000045776367,60.27000045776367,59.22999954223633,59.869998931884766,33.36952590942383,953400,PFG,yfinance,2026-02-10T05:10:16.435896+00:00
2007-04-02,60.06999969482422,60.06999969482422,59.400001525878906,59.88999938964844,33.38067626953125,602500,PFG,yfinance,2026-02-10T05:10:16.435896+00:00
2007-04-03,60.06999969482422,60.63999938964844,60.06999969482422,60.540000915527344,33.74297332763672,464100,PFG,yfinance,2026-02-10T05:10:16.435896+00:00
2007-04-04,60.36000061035156,60.59000015258789,60.099998474121094,60.56999969482422,33.75967788696289,619300,PFG,yfinance,2026-02-10T05:10:16.435896+00:00
2007-04-05,60.560001373291016,60.91999816894531,60.54999923706055,60.630001068115234,33.79314422607422,418100,PFG,yfinance,2026-02-10T05:10:16.435896+00:00
2007-04-09,60.72999954223633,60.75,60.290000915527344,60.310001373291016,33.614776611328125,372600,PFG,yfinance,2026-02-10T05:10:16.435896+00:00
2007-04-10,60.20000076293945,60.59000015258789,60.11000061035156,60.529998779296875,33.737403869628906,558500,PFG,yfinance,2026-02-10T05:10:16.435896+00:00
2007-04-11,60.599998474121094,60.619998931884766,59.869998931884766,60.209999084472656,33.559043884277344,575400,PFG,yfinance,2026-02-10T05:10:16.435896+00:00
2007-04-12,60.029998779296875,60.209999084472656,59.63999938964844,60.20000076293945,33.5534782409668,484600,PFG,yfinance,2026-02-10T05:10:16.435896+00:00
2007-04-13,60.150001525878906,60.459999084472656,60.060001373291016,60.2599983215332,33.58689880371094,625000,PFG,yfinance,2026-02-10T05:10:16.435896+00:00
2007-04-16,60.2599983215332,61.459999084472656,60.2599983215332,61.279998779296875,34.15540313720703,645400,PFG,yfinance,2026-02-10T05:10:16.435896+00:00
2007-04-17,62.54999923706055,62.959999084472656,62.189998626708984,62.45000076293945,34.80752944946289,1209000,PFG,yfinance,2026-02-10T05:10:16.435896+00:00
2007-04-18,62.41999816894531,63.119998931884766,62.20000076293945,62.81999969482422,35.01376724243164,836100,PFG,yfinance,2026-02-10T05:10:16.435896+00:00
2007-04-19,63.66999816894531,63.66999816894531,62.119998931884766,62.27000045776367,34.70721435546875,659300,PFG,yfinance,2026-02-10T05:10:16.435896+00:00
2007-04-20,63.0,63.5099983215332,62.900001525878906,63.369998931884766,35.320316314697266,965100,PFG,yfinance,2026-02-10T05:10:16.435896+00:00
2007-04-23,62.900001525878906,63.47999954223633,62.88999938964844,62.88999938964844,35.05278396606445,591700,PFG,yfinance,2026-02-10T05:10:16.435896+00:00
2007-04-24,63.099998474121094,63.150001525878906,62.709999084472656,62.75,34.974754333496094,582400,PFG,yfinance,2026-02-10T05:10:16.435896+00:00
2007-04-25,63.04999923706055,63.86000061035156,63.0,63.790000915527344,35.55439376831055,882400,PFG,yfinance,2026-02-10T05:10:16.435896+00:00
2007-04-26,64.6500015258789,64.66999816894531,63.68000030517578,63.869998931884766,35.5989990234375,813200,PFG,yfinance,2026-02-10T05:10:16.435896+00:00
2007-04-27,63.83000183105469,64.36000061035156,63.61000061035156,64.08999633789062,35.721614837646484,685800,PFG,yfinance,2026-02-10T05:10:16.435896+00:00
2007-04-30,64.91999816894531,64.91999816894531,63.4900016784668,63.4900016784668,35.38719177246094,568500,PFG,yfinance,2026-02-10T05:10:16.435896+00:00
2007-05-01,62.63999938964844,62.650001525878906,60.5,60.869998931884766,33.9268913269043,4277300,PFG,yfinance,2026-02-10T05:10:16.435896+00:00
2007-05-02,60.66999816894531,62.189998626708984,60.5,61.83000183105469,34.46197509765625,1366800,PFG,yfinance,2026-02-10T05:10:16.435896+00:00
2007-05-03,62.25,62.689998626708984,62.13999938964844,62.560001373291016,34.86886215209961,947300,PFG,yfinance,2026-02-10T05:10:16.435896+00:00
2007-05-04,62.83000183105469,63.31999969482422,62.56999969482422,63.040000915527344,35.13638687133789,1169700,PFG,yfinance,2026-02-10T05:10:16.435896+00:00
2007-05-07,63.20000076293945,63.29999923706055,62.5099983215332,62.599998474121094,34.89114761352539,988300,PFG,yfinance,2026-02-10T05:10:16.435896+00:00
2007-05-08,62.540000915527344,62.59000015258789,61.43000030517578,61.61000061035156,34.33934783935547,1157900,PFG,yfinance,2026-02-10T05:10:16.435896+00:00
2007-05-09,60.900001525878906,61.52000045776367,60.5,60.810001373291016,33.893463134765625,1893800,PFG,yfinance,2026-02-10T05:10:16.435896+00:00
2007-05-10,61.0099983215332,61.0099983215332,59.9900016784668,60.029998779296875,33.458709716796875,1526400,PFG,yfinance,2026-02-10T05:10:16.435896+00:00
2007-05-11,60.25,61.40999984741211,60.16999816894531,61.400001525878906,34.222293853759766,1100700,PFG,yfinance,2026-02-10T05:10:16.435896+00:00
2007-05-14,61.43000030517578,61.900001525878906,60.900001525878906,61.15999984741211,34.088539123535156,1278100,PFG,yfinance,2026-02-10T05:10:16.435896+00:00
2007-05-15,61.209999084472656,61.77000045776367,60.540000915527344,60.59000015258789,33.77082061767578,1675000,PFG,yfinance,2026-02-10T05:10:16.435896+00:00
2007-05-16,60.52000045776367,60.95000076293945,60.2400016784668,60.95000076293945,33.971466064453125,804400,PFG,yfinance,2026-02-10T05:10:16.435896+00:00
2007-05-17,61.38999938964844,61.75,61.20000076293945,61.36000061035156,34.200008392333984,1134700,PFG,yfinance,2026-02-10T05:10:16.435896+00:00
2007-05-18,61.5,61.9900016784668,61.5,61.720001220703125,34.40066146850586,1097800,PFG,yfinance,2026-02-10T05:10:16.435896+00:00
2007-05-21,61.56999969482422,61.790000915527344,61.34000015258789,61.560001373291016,34.31147003173828,819100,PFG,yfinance,2026-02-10T05:10:16.435896+00:00
2007-05-22,61.459999084472656,61.59000015258789,61.16999816894531,61.31999969482422,34.177711486816406,706200,PFG,yfinance,2026-02-10T05:10:16.435896+00:00
2007-05-23,61.70000076293945,61.9900016784668,61.099998474121094,61.150001525878906,34.08296203613281,1142500,PFG,yfinance,2026-02-10T05:10:16.435896+00:00
2007-05-24,61.349998474121094,61.66999816894531,60.52000045776367,60.779998779296875,33.87673568725586,1314500,PFG,yfinance,2026-02-10T05:10:16.435896+00:00
2007-05-25,61.08000183105469,61.2599983215332,60.790000915527344,61.0099983215332,34.00493240356445,861300,PFG,yfinance,2026-02-10T05:10:16.435896+00:00
2007-05-29,61.099998474121094,61.56999969482422,60.880001068115234,61.02000045776367,34.010501861572266,1033100,PFG,yfinance,2026-02-10T05:10:16.435896+00:00
2007-05-30,61.54999923706055,61.54999923706055,60.59000015258789,60.869998931884766,33.9268913269043,1491200,PFG,yfinance,2026-02-10T05:10:16.435896+00:00
2007-05-31,61.27000045776367,61.7599983215332,60.7400016784668,60.79999923706055,33.88787841796875,1664200,PFG,yfinance,2026-02-10T05:10:16.435896+00:00
2007-06-01,60.900001525878906,61.5,60.900001525878906,61.45000076293945,34.25017547607422,1155100,PFG,yfinance,2026-02-10T05:10:16.435896+00:00
2007-06-04,61.40999984741211,61.619998931884766,61.11000061035156,61.52000045776367,34.289180755615234,722400,PFG,yfinance,2026-02-10T05:10:16.435896+00:00
2007-06-05,61.150001525878906,61.79999923706055,60.90999984741211,60.91999816894531,33.95477294921875,955300,PFG,yfinance,2026-02-10T05:10:16.435896+00:00
2007-06-06,60.25,61.02000045776367,60.09000015258789,60.15999984741211,33.53117370605469,1622700,PFG,yfinance,2026-02-10T05:10:16.435896+00:00
2007-06-07,59.61000061035156,60.0,58.220001220703125,58.220001220703125,32.449867248535156,2286300,PFG,yfinance,2026-02-10T05:10:16.435896+00:00
2007-06-08,58.75,59.119998931884766,58.45000076293945,59.119998931884766,32.95150375366211,1951900,PFG,yfinance,2026-02-10T05:10:16.435896+00:00
2007-06-11,58.9900016784668,59.4900016784668,58.79999923706055,59.20000076293945,32.99609375,941400,PFG,yfinance,2026-02-10T05:10:16.435896+00:00
2007-06-12,58.900001525878906,59.38999938964844,58.59000015258789,58.65999984741211,32.69511413574219,1219100,PFG,yfinance,2026-02-10T05:10:16.435896+00:00
2007-06-13,58.709999084472656,59.790000915527344,58.630001068115234,59.790000915527344,33.3249626159668,1138600,PFG,yfinance,2026-02-10T05:10:16.435896+00:00
2007-06-14,59.75,60.029998779296875,59.560001373291016,59.70000076293945,33.27478790283203,712400,PFG,yfinance,2026-02-10T05:10:16.435896+00:00
2007-06-15,60.25,60.66999816894531,59.79999923706055,59.86000061035156,33.36396408081055,1000200,PFG,yfinance,2026-02-10T05:10:16.435896+00:00
2007-06-18,59.86000061035156,60.029998779296875,59.52000045776367,59.75,33.302635192871094,598700,PFG,yfinance,2026-02-10T05:10:16.435896+00:00
2007-06-19,59.400001525878906,59.65999984741211,59.2599983215332,59.41999816894531,33.11870574951172,922200,PFG,yfinance,2026-02-10T05:10:16.435896+00:00
2007-06-20,59.79999923706055,59.79999923706055,58.34000015258789,58.34000015258789,32.51676940917969,1041300,PFG,yfinance,2026-02-10T05:10:16.435896+00:00
2007-06-21,58.0,58.88999938964844,57.61000061035156,58.81999969482422,32.784297943115234,993900,PFG,yfinance,2026-02-10T05:10:16.435896+00:00
2007-06-22,58.47999954223633,58.77000045776367,57.04999923706055,57.33000183105469,31.953819274902344,2812200,PFG,yfinance,2026-02-10T05:10:16.435896+00:00
2007-06-25,57.34000015258789,58.33000183105469,56.84000015258789,57.18000030517578,31.870216369628906,1096600,PFG,yfinance,2026-02-10T05:10:16.435896+00:00
2007-06-26,57.529998779296875,58.08000183105469,57.130001068115234,57.209999084472656,31.886943817138672,1074900,PFG,yfinance,2026-02-10T05:10:16.435896+00:00
2007-06-27,56.599998474121094,58.09000015258789,56.560001373291016,58.060001373291016,32.36070251464844,1008000,PFG,yfinance,2026-02-10T05:10:16.435896+00:00
2007-06-28,57.900001525878906,59.060001373291016,57.720001220703125,58.40999984741211,32.555782318115234,1505200,PFG,yfinance,2026-02-10T05:10:16.435896+00:00
2007-06-29,58.439998626708984,59.04999923706055,57.93000030517578,58.290000915527344,32.48890686035156,1181600,PFG,yfinance,2026-02-10T05:10:16.435896+00:00
2007-07-02,60.0,60.34000015258789,59.54999923706055,60.0,33.44197463989258,1280200,PFG,yfinance,2026-02-10T05:10:16.435896+00:00
2007-07-03,60.060001373291016,60.18000030517578,59.900001525878906,60.04999923706055,33.46987533569336,606300,PFG,yfinance,2026-02-10T05:10:16.435896+00:00
2007-07-05,60.0,60.2599983215332,59.84000015258789,60.029998779296875,33.458709716796875,1134400,PFG,yfinance,2026-02-10T05:10:16.435896+00:00
2007-07-06,60.0,60.08000183105469,59.779998779296875,60.060001373291016,33.475425720214844,894400,PFG,yfinance,2026-02-10T05:10:16.435896+00:00
2007-07-09,60.0,60.619998931884766,60.0,60.349998474121094,33.63706588745117,915000,PFG,yfinance,2026-02-10T05:10:16.435896+00:00
2007-07-10,61.439998626708984,61.439998626708984,60.459999084472656,60.5,33.72067642211914,2374700,PFG,yfinance,2026-02-10T05:10:16.435896+00:00
2007-07-11,60.25,61.27000045776367,60.25,61.20000076293945,34.110836029052734,1322500,PFG,yfinance,2026-02-10T05:10:16.435896+00:00
2007-07-12,61.310001373291016,61.9900016784668,61.130001068115234,61.9900016784668,34.551143646240234,880700,PFG,yfinance,2026-02-10T05:10:16.435896+00:00
2007-07-13,61.939998626708984,62.18000030517578,61.75,61.86000061035156,34.47868728637695,720600,PFG,yfinance,2026-02-10T05:10:16.435896+00:00
2007-07-16,61.54999923706055,62.220001220703125,61.54999923706055,61.790000915527344,34.43968963623047,691700,PFG,yfinance,2026-02-10T05:10:16.435896+00:00
2007-07-17,61.70000076293945,62.04999923706055,61.5099983215332,61.54999923706055,34.305908203125,1026400,PFG,yfinance,2026-02-10T05:10:16.435896+00:00
2007-07-18,61.20000076293945,61.59000015258789,60.91999816894531,61.45000076293945,34.25017547607422,1214700,PFG,yfinance,2026-02-10T05:10:16.435896+00:00
2007-07-19,61.849998474121094,62.0,61.560001373291016,61.91999816894531,34.512123107910156,910400,PFG,yfinance,2026-02-10T05:10:16.435896+00:00
2007-07-20,61.83000183105469,61.83000183105469,60.939998626708984,61.029998779296875,34.016075134277344,2038300,PFG,yfinance,2026-02-10T05:10:16.435896+00:00
2007-07-23,61.25,61.349998474121094,60.880001068115234,60.939998626708984,33.965904235839844,1348700,PFG,yfinance,2026-02-10T05:10:16.435896+00:00
2007-07-24,60.599998474121094,61.060001373291016,59.18000030517578,59.279998779296875,33.04067611694336,1683800,PFG,yfinance,2026-02-10T05:10:16.435896+00:00
2007-07-25,59.54999923706055,59.86000061035156,58.7400016784668,59.529998779296875,33.180030822753906,2206900,PFG,yfinance,2026-02-10T05:10:16.435896+00:00
2007-07-26,59.0,59.06999969482422,57.150001525878906,58.06999969482422,32.36627197265625,1926900,PFG,yfinance,2026-02-10T05:10:16.435896+00:00
2007-07-27,57.959999084472656,58.20000076293945,55.869998931884766,55.9900016784668,31.206953048706055,3244900,PFG,yfinance,2026-02-10T05:10:16.435896+00:00
2007-07-30,56.29999923706055,56.95000076293945,55.20000076293945,55.810001373291016,31.106611251831055,2964800,PFG,yfinance,2026-02-10T05:10:16.435896+00:00
2007-07-31,57.45000076293945,58.0099983215332,56.310001373291016,56.38999938964844,31.429912567138672,1940100,PFG,yfinance,2026-02-10T05:10:16.435896+00:00
2007-08-01,56.400001525878906,56.79999923706055,54.900001525878906,56.52000045776367,31.502355575561523,2210200,PFG,yfinance,2026-02-10T05:10:16.435896+00:00
2007-08-02,56.5099983215332,57.47999954223633,55.52000045776367,56.08000183105469,31.257108688354492,1671800,PFG,yfinance,2026-02-10T05:10:16.435896+00:00
2007-08-03,56.099998474121094,56.20000076293945,52.75,52.77000045776367,29.412229537963867,2144000,PFG,yfinance,2026-02-10T05:10:16.435896+00:00
2007-08-06,52.900001525878906,56.22999954223633,52.65999984741211,56.22999954223633,31.340721130371094,2663200,PFG,yfinance,2026-02-10T05:10:16.435896+00:00
2007-08-07,55.54999923706055,56.20000076293945,54.13999938964844,55.2400016784668,30.788930892944336,2392700,PFG,yfinance,2026-02-10T05:10:16.435896+00:00
2007-08-08,55.41999816894531,56.68000030517578,55.22999954223633,56.36000061035156,31.41318130493164,2600200,PFG,yfinance,2026-02-10T05:10:16.435896+00:00
2007-08-09,55.95000076293945,56.150001525878906,52.77000045776367,52.880001068115234,29.473543167114258,3540700,PFG,yfinance,2026-02-10T05:10:16.435896+00:00
2007-08-10,52.95000076293945,55.90999984741211,51.52000045776367,55.66999816894531,31.028587341308594,2607000,PFG,yfinance,2026-02-10T05:10:16.435896+00:00
2007-08-13,56.77000045776367,57.43000030517578,56.43000030517578,56.880001068115234,31.702993392944336,2640200,PFG,yfinance,2026-02-10T05:10:16.435896+00:00
2007-08-14,57.150001525878906,57.56999969482422,54.349998474121094,54.349998474121094,30.292877197265625,1312700,PFG,yfinance,2026-02-10T05:10:16.435896+00:00
2007-08-15,54.119998931884766,55.380001068115234,52.95000076293945,53.060001373291016,29.573867797851562,1744800,PFG,yfinance,2026-02-10T05:10:16.435896+00:00
2007-08-16,52.849998474121094,54.38999938964844,52.2599983215332,54.349998474121094,30.292877197265625,2216700,PFG,yfinance,2026-02-10T05:10:16.435896+00:00
2007-08-17,56.41999816894531,57.810001373291016,55.15999984741211,56.9900016784668,31.76430892944336,1926500,PFG,yfinance,2026-02-10T05:10:16.435896+00:00
2007-08-20,57.20000076293945,57.77000045776367,55.09000015258789,55.70000076293945,31.04531478881836,1158100,PFG,yfinance,2026-02-10T05:10:16.435896+00:00
2007-08-21,55.400001525878906,56.380001068115234,54.939998626708984,55.25,30.794492721557617,990600,PFG,yfinance,2026-02-10T05:10:16.435896+00:00
2007-08-22,55.75,57.5,55.75,57.29999923706055,31.93709373474121,1110500,PFG,yfinance,2026-02-10T05:10:16.435896+00:00
2007-08-23,57.599998474121094,57.599998474121094,56.29999923706055,56.630001068115234,31.56367301940918,996200,PFG,yfinance,2026-02-10T05:10:16.435896+00:00
2007-08-24,56.70000076293945,57.59000015258789,56.18000030517578,57.54999923706055,32.07644271850586,702800,PFG,yfinance,2026-02-10T05:10:16.435896+00:00
2007-08-27,57.29999923706055,57.400001525878906,56.540000915527344,56.540000915527344,31.51349639892578,473200,PFG,yfinance,2026-02-10T05:10:16.435896+00:00
2007-08-28,56.0,56.04999923706055,54.08000183105469,54.20000076293945,30.209272384643555,1339800,PFG,yfinance,2026-02-10T05:10:16.435896+00:00
2007-08-29,54.650001525878906,55.900001525878906,54.189998626708984,55.900001525878906,31.156780242919922,995200,PFG,yfinance,2026-02-10T05:10:16.435896+00:00
2007-08-30,55.619998931884766,55.869998931884766,54.619998931884766,54.81999969482422,30.554826736450195,735100,PFG,yfinance,2026-02-10T05:10:16.435896+00:00
2007-08-31,55.380001068115234,55.959999084472656,54.93000030517578,55.4900016784668,30.92825698852539,709000,PFG,yfinance,2026-02-10T05:10:16.435896+00:00
2007-09-04,55.58000183105469,57.040000915527344,55.439998626708984,56.560001373291016,31.524641036987305,1062400,PFG,yfinance,2026-02-10T05:10:16.435896+00:00
2007-09-05,55.709999084472656,56.36000061035156,55.5,55.81999969482422,31.11219596862793,1636000,PFG,yfinance,2026-02-10T05:10:16.435896+00:00
2007-09-06,55.709999084472656,56.040000915527344,55.470001220703125,55.95000076293945,31.184667587280273,878700,PFG,yfinance,2026-02-10T05:10:16.435896+00:00
2007-09-07,55.04999923706055,55.81999969482422,54.9900016784668,55.130001068115234,30.72760772705078,847500,PFG,yfinance,2026-02-10T05:10:16.435896+00:00
2007-09-10,55.31999969482422,55.31999969482422,54.290000915527344,54.650001525878906,30.46007537841797,835000,PFG,yfinance,2026-02-10T05:10:16.435896+00:00
2007-09-11,55.20000076293945,55.91999816894531,54.849998474121094,55.83000183105469,31.117765426635742,959000,PFG,yfinance,2026-02-10T05:10:16.435896+00:00
2007-09-12,55.5,56.11000061035156,55.29999923706055,55.72999954223633,31.062034606933594,648400,PFG,yfinance,2026-02-10T05:10:16.435896+00:00
2007-09-13,56.209999084472656,57.52000045776367,56.15999984741211,57.060001373291016,31.803321838378906,673800,PFG,yfinance,2026-02-10T05:10:16.435896+00:00
2007-09-14,56.720001220703125,58.220001220703125,56.58000183105469,57.790000915527344,32.21021270751953,1086900,PFG,yfinance,2026-02-10T05:10:16.435896+00:00
2007-09-17,57.5,57.599998474121094,56.970001220703125,57.369998931884766,31.976110458374023,926200,PFG,yfinance,2026-02-10T05:10:16.435896+00:00
2007-09-18,57.54999923706055,61.060001373291016,57.54999923706055,61.02000045776367,34.010501861572266,1547900,PFG,yfinance,2026-02-10T05:10:16.435896+00:00
2007-09-19,61.599998474121094,61.83000183105469,60.13999938964844,60.4900016784668,33.715110778808594,925100,PFG,yfinance,2026-02-10T05:10:16.435896+00:00
2007-09-20,60.380001068115234,61.0099983215332,59.84000015258789,59.959999084472656,33.41968536376953,781800,PFG,yfinance,2026-02-10T05:10:16.435896+00:00
2007-09-21,60.45000076293945,60.45000076293945,59.560001373291016,59.939998626708984,33.40855026245117,1116700,PFG,yfinance,2026-02-10T05:10:16.435896+00:00
2007-09-24,59.880001068115234,60.34000015258789,59.34000015258789,59.40999984741211,33.11314010620117,605200,PFG,yfinance,2026-02-10T05:10:16.435896+00:00
2007-09-25,59.33000183105469,59.9900016784668,59.060001373291016,59.77000045776367,33.31378936767578,775600,PFG,yfinance,2026-02-10T05:10:16.435896+00:00
2007-09-26,60.0,61.279998779296875,59.849998474121094,60.779998779296875,33.87673568725586,742200,PFG,yfinance,2026-02-10T05:10:16.435896+00:00
2007-09-27,61.13999938964844,62.310001373291016,60.79999923706055,62.27000045776367,34.70721435546875,932100,PFG,yfinance,2026-02-10T05:10:16.435896+00:00
2007-09-28,62.33000183105469,63.2400016784668,62.33000183105469,63.09000015258789,35.164241790771484,1123400,PFG,yfinance,2026-02-10T05:10:16.435896+00:00
2007-10-01,63.09000015258789,65.0,63.09000015258789,64.86000061035156,36.15079879760742,1550400,PFG,yfinance,2026-02-10T05:10:16.435896+00:00
2007-10-02,64.72000122070312,65.23999786376953,63.97999954223633,64.19999694824219,35.782928466796875,1107900,PFG,yfinance,2026-02-10T05:10:16.435896+00:00
2007-10-03,64.12000274658203,64.4000015258789,63.0099983215332,63.150001525878906,35.19770050048828,1239200,PFG,yfinance,2026-02-10T05:10:16.435896+00:00
2007-10-04,63.54999923706055,63.7599983215332,62.70000076293945,62.75,34.974754333496094,1839700,PFG,yfinance,2026-02-10T05:10:16.435896+00:00
2007-10-05,63.630001068115234,64.87999725341797,63.20000076293945,64.3499984741211,35.86653518676758,1294400,PFG,yfinance,2026-02-10T05:10:16.435896+00:00
2007-10-08,64.30000305175781,64.33000183105469,63.619998931884766,63.959999084472656,35.64915466308594,555600,PFG,yfinance,2026-02-10T05:10:16.435896+00:00
2007-10-09,64.25,64.87000274658203,64.08999633789062,64.87000274658203,36.15636444091797,1167200,PFG,yfinance,2026-02-10T05:10:16.435896+00:00
2007-10-10,64.75,64.87999725341797,64.2300033569336,64.68000030517578,36.05045700073242,885300,PFG,yfinance,2026-02-10T05:10:16.435896+00:00
2007-10-11,64.9000015258789,66.0999984741211,64.8499984741211,65.36000061035156,36.42947769165039,1589800,PFG,yfinance,2026-02-10T05:10:16.435896+00:00
2007-10-12,65.04000091552734,65.72000122070312,65.04000091552734,65.55999755859375,36.54093933105469,869100,PFG,yfinance,2026-02-10T05:10:16.435896+00:00
2007-10-15,65.62999725341797,65.75,63.77000045776367,64.22000122070312,35.79407501220703,916600,PFG,yfinance,2026-02-10T05:10:16.435896+00:00
2007-10-16,64.18000030517578,64.18000030517578,62.81999969482422,63.15999984741211,35.20326232910156,1128100,PFG,yfinance,2026-02-10T05:10:16.435896+00:00
2007-10-17,63.0,63.97999954223633,62.130001068115234,63.380001068115234,35.32587814331055,927100,PFG,yfinance,2026-02-10T05:10:16.435896+00:00
2007-10-18,63.099998474121094,63.790000915527344,62.47999954223633,63.18000030517578,35.214420318603516,685800,PFG,yfinance,2026-02-10T05:10:16.435896+00:00
2007-10-19,62.7400016784668,63.0,60.880001068115234,60.880001068115234,33.932472229003906,1131700,PFG,yfinance,2026-02-10T05:10:16.435896+00:00
2007-10-22,60.650001525878906,62.54999923706055,60.54999923706055,62.5,34.835411071777344,916500,PFG,yfinance,2026-02-10T05:10:16.435896+00:00
2007-10-23,62.72999954223633,62.880001068115234,61.7400016784668,62.83000183105469,35.01934051513672,533100,PFG,yfinance,2026-02-10T05:10:16.435896+00:00
2007-10-24,62.7400016784668,63.0,60.59000015258789,62.470001220703125,34.81867980957031,1263100,PFG,yfinance,2026-02-10T05:10:16.435896+00:00
2007-10-25,62.939998626708984,64.26000213623047,62.61000061035156,63.5099983215332,35.39834976196289,1526300,PFG,yfinance,2026-02-10T05:10:16.435896+00:00
2007-10-26,64.62000274658203,65.29000091552734,63.720001220703125,65.29000091552734,36.390464782714844,801800,PFG,yfinance,2026-02-10T05:10:16.435896+00:00
2007-10-29,65.41000366210938,65.47000122070312,64.7699966430664,65.45999908447266,36.4852180480957,1078100,PFG,yfinance,2026-02-10T05:10:16.435896+00:00
2007-10-30,66.0,67.61000061035156,65.63999938964844,66.30999755859375,36.958980560302734,1558000,PFG,yfinance,2026-02-10T05:10:16.435896+00:00
2007-10-31,66.4800033569336,68.43000030517578,66.29000091552734,67.66999816894531,37.716976165771484,1656300,PFG,yfinance,2026-02-10T05:10:16.435896+00:00
2007-11-01,67.11000061035156,67.62999725341797,65.98999786376953,66.0999984741211,36.84193801879883,1212100,PFG,yfinance,2026-02-10T05:10:16.435896+00:00
2007-11-02,66.5199966430664,66.91999816894531,64.38999938964844,66.44000244140625,37.03144073486328,1862900,PFG,yfinance,2026-02-10T05:10:16.435896+00:00
2007-11-05,66.12000274658203,67.0,64.87999725341797,66.30000305175781,36.95338439941406,1087700,PFG,yfinance,2026-02-10T05:10:16.435896+00:00
2007-11-06,66.55999755859375,67.31999969482422,65.29000091552734,67.2699966430664,37.49403381347656,1017500,PFG,yfinance,2026-02-10T05:10:16.435896+00:00
2007-11-07,66.5,66.80000305175781,63.790000915527344,63.970001220703125,35.65473175048828,2184000,PFG,yfinance,2026-02-10T05:10:16.435896+00:00
2007-11-08,64.16000366210938,65.72000122070312,63.4900016784668,65.55000305175781,36.535377502441406,1763700,PFG,yfinance,2026-02-10T05:10:16.435896+00:00
2007-11-09,64.55999755859375,66.68000030517578,64.55999755859375,65.33999633789062,36.41832733154297,2022700,PFG,yfinance,2026-02-10T05:10:16.435896+00:00
2007-11-12,64.70999908447266,68.16000366210938,64.70999908447266,66.6500015258789,37.148475646972656,1590000,PFG,yfinance,2026-02-10T05:10:16.435896+00:00
2007-11-13,67.3499984741211,67.91999816894531,65.77999877929688,67.43000030517578,37.583229064941406,1792500,PFG,yfinance,2026-02-10T05:10:16.435896+00:00
2007-11-14,66.41999816894531,68.19000244140625,66.41999816894531,67.5999984741211,38.187660217285156,1209600,PFG,yfinance,2026-02-10T05:10:16.435896+00:00
2007-11-15,67.47000122070312,67.76000213623047,66.0999984741211,66.58999633789062,37.61711883544922,1355300,PFG,yfinance,2026-02-10T05:10:16.435896+00:00
2007-11-16,66.9000015258789,67.41000366210938,65.19999694824219,66.30999755859375,37.458946228027344,2564800,PFG,yfinance,2026-02-10T05:10:16.435896+00:00
2007-11-19,65.97000122070312,65.97000122070312,64.05999755859375,64.19000244140625,36.26133346557617,1869200,PFG,yfinance,2026-02-10T05:10:16.435896+00:00
2007-11-20,64.16000366210938,66.4800033569336,64.11000061035156,65.88999938964844,37.221683502197266,1998000,PFG,yfinance,2026-02-10T05:10:16.435896+00:00
2007-11-21,65.36000061035156,66.05999755859375,64.43000030517578,64.44999694824219,36.408206939697266,1555400,PFG,yfinance,2026-02-10T05:10:16.435896+00:00
2007-11-23,64.75,66.44999694824219,64.75,66.23999786376953,37.41939926147461,352300,PFG,yfinance,2026-02-10T05:10:16.435896+00:00
2007-11-26,66.11000061035156,66.16000366210938,63.650001525878906,63.84000015258789,36.063621520996094,1033800,PFG,yfinance,2026-02-10T05:10:16.435896+00:00
2007-11-27,64.04000091552734,66.36000061035156,64.04000091552734,66.33999633789062,37.47587966918945,1627500,PFG,yfinance,2026-02-10T05:10:16.435896+00:00
2007-11-28,66.97000122070312,70.05000305175781,66.33999633789062,69.9000015258789,39.48694610595703,2627600,PFG,yfinance,2026-02-10T05:10:16.435896+00:00
2007-11-29,66.87999725341797,66.87999725341797,63.95000076293945,64.2699966430664,36.30653381347656,4107700,PFG,yfinance,2026-02-10T05:10:16.435896+00:00
2007-11-30,65.0,66.62000274658203,64.7699966430664,65.48999786376953,36.9957160949707,1917500,PFG,yfinance,2026-02-10T05:10:16.435896+00:00
2007-12-03,65.43000030517578,65.61000061035156,63.47999954223633,63.95000076293945,36.12576675415039,1823500,PFG,yfinance,2026-02-10T05:10:16.435896+00:00
2007-12-04,63.880001068115234,63.88999938964844,61.90999984741211,63.290000915527344,35.7529182434082,2915400,PFG,yfinance,2026-02-10T05:10:16.435896+00:00
2007-12-05,64.0,65.06999969482422,63.650001525878906,65.04000091552734,36.741512298583984,1483600,PFG,yfinance,2026-02-10T05:10:16.435896+00:00
2007-12-06,65.0199966430664,66.37999725341797,64.51000213623047,66.37000274658203,37.492828369140625,1025000,PFG,yfinance,2026-02-10T05:10:16.435896+00:00
2007-12-07,65.88999938964844,67.0199966430664,65.88999938964844,66.5999984741211,37.62276077270508,2149600,PFG,yfinance,2026-02-10T05:10:16.435896+00:00
2007-12-10,66.6500015258789,68.2699966430664,66.6500015258789,67.76000213623047,38.27806091308594,1060400,PFG,yfinance,2026-02-10T05:10:16.435896+00:00
2007-12-11,68.0,68.83999633789062,65.51000213623047,65.51000213623047,37.00703048706055,1407000,PFG,yfinance,2026-02-10T05:10:16.435896+00:00
2007-12-12,68.0199966430664,68.56999969482422,66.81999969482422,67.9800033569336,38.40235137939453,2332100,PFG,yfinance,2026-02-10T05:10:16.435896+00:00
2007-12-13,67.51000213623047,68.75,66.61000061035156,68.75,38.83731460571289,1364000,PFG,yfinance,2026-02-10T05:10:16.435896+00:00
2007-12-14,68.04000091552734,68.51000213623047,67.04000091552734,67.41000366210938,38.08034133911133,1392500,PFG,yfinance,2026-02-10T05:10:16.435896+00:00
2007-12-17,67.33999633789062,67.94999694824219,66.83999633789062,67.3499984741211,38.04643630981445,1752200,PFG,yfinance,2026-02-10T05:10:16.435896+00:00
2007-12-18,68.0,68.62000274658203,66.75,68.44999694824219,38.66785430908203,1582600,PFG,yfinance,2026-02-10T05:10:16.435896+00:00
2007-12-19,68.5999984741211,69.72000122070312,68.01000213623047,68.86000061035156,38.89945602416992,1366800,PFG,yfinance,2026-02-10T05:10:16.435896+00:00
2007-12-20,69.5,69.63999938964844,67.75,68.9800033569336,38.967247009277344,1021800,PFG,yfinance,2026-02-10T05:10:16.435896+00:00
2007-12-21,70.19999694824219,70.19999694824219,69.4000015258789,69.72000122070312,39.385284423828125,1592100,PFG,yfinance,2026-02-10T05:10:16.435896+00:00
2007-12-24,70.54000091552734,70.8499984741211,70.02999877929688,70.72000122070312,39.9501838684082,446100,PFG,yfinance,2026-02-10T05:10:16.435896+00:00
2007-12-26,70.55000305175781,70.72000122070312,70.02999877929688,70.66999816894531,39.92192077636719,564300,PFG,yfinance,2026-02-10T05:10:16.435896+00:00
2007-12-27,70.22000122070312,70.4000015258789,69.19999694824219,69.22000122070312,39.10282516479492,634400,PFG,yfinance,2026-02-10T05:10:16.435896+00:00
2007-12-28,70.5999984741211,70.5999984741211,68.80000305175781,69.12000274658203,39.04633712768555,621100,PFG,yfinance,2026-02-10T05:10:16.435896+00:00
2007-12-31,68.7699966430664,69.33999633789062,68.4000015258789,68.83999633789062,38.88815689086914,793600,PFG,yfinance,2026-02-10T05:10:16.435896+00:00
2008-01-02,68.66999816894531,68.94000244140625,67.66999816894531,67.95999908447266,38.39104080200195,1743800,PFG,yfinance,2026-02-10T05:10:16.435896+00:00
2008-01-03,68.19999694824219,68.83000183105469,67.63999938964844,67.98999786376953,38.40797805786133,1231000,PFG,yfinance,2026-02-10T05:10:16.435896+00:00
2008-01-04,66.95999908447266,67.66000366210938,66.87999725341797,67.08999633789062,37.899559020996094,1642800,PFG,yfinance,2026-02-10T05:10:16.435896+00:00
2008-01-07,66.5999984741211,67.19000244140625,65.9800033569336,67.0,37.848724365234375,2662300,PFG,yfinance,2026-02-10T05:10:16.435896+00:00
2008-01-08,67.44999694824219,67.5,65.48999786376953,65.66000366210938,37.09175109863281,2239500,PFG,yfinance,2026-02-10T05:10:16.435896+00:00
2008-01-09,65.61000061035156,66.33000183105469,64.69999694824219,66.08000183105469,37.329002380371094,2532600,PFG,yfinance,2026-02-10T05:10:16.435896+00:00
2008-01-10,65.66999816894531,67.62999725341797,65.51000213623047,67.0,37.848724365234375,2500200,PFG,yfinance,2026-02-10T05:10:16.435896+00:00
2008-01-11,66.4000015258789,67.63999938964844,65.91999816894531,66.2300033569336,37.41374969482422,2324000,PFG,yfinance,2026-02-10T05:10:16.435896+00:00
2008-01-14,66.9000015258789,67.0,66.01000213623047,66.5999984741211,37.62276077270508,1332700,PFG,yfinance,2026-02-10T05:10:16.435896+00:00
2008-01-15,65.38999938964844,65.91999816894531,64.70999908447266,65.41000366210938,36.95051574707031,1658300,PFG,yfinance,2026-02-10T05:10:16.435896+00:00
2008-01-16,65.20999908447266,66.36000061035156,64.62000274658203,65.0,36.718910217285156,2181600,PFG,yfinance,2026-02-10T05:10:16.435896+00:00
2008-01-17,65.06999969482422,65.18000030517578,62.68000030517578,62.91999816894531,35.54390335083008,4329300,PFG,yfinance,2026-02-10T05:10:16.435896+00:00
2008-01-18,63.349998474121094,63.529998779296875,59.20000076293945,59.880001068115234,33.826595306396484,4412700,PFG,yfinance,2026-02-10T05:10:16.435896+00:00
2008-01-22,56.4900016784668,60.09000015258789,55.959999084472656,58.27000045776367,32.91709518432617,4262600,PFG,yfinance,2026-02-10T05:10:16.435896+00:00
2008-01-23,55.2400016784668,59.119998931884766,54.09000015258789,58.119998931884766,32.832366943359375,5148300,PFG,yfinance,2026-02-10T05:10:16.435896+00:00
2008-01-24,58.59000015258789,59.599998474121094,58.060001373291016,58.900001525878906,33.272987365722656,2469400,PFG,yfinance,2026-02-10T05:10:16.435896+00:00
2008-01-25,59.58000183105469,60.119998931884766,57.029998779296875,57.36000061035156,32.40303039550781,2430900,PFG,yfinance,2026-02-10T05:10:16.435896+00:00
2008-01-28,57.150001525878906,58.810001373291016,56.279998779296875,58.810001373291016,33.222145080566406,1586500,PFG,yfinance,2026-02-10T05:10:16.435896+00:00
2008-01-29,59.5,60.2400016784668,59.060001373291016,60.04999923706055,33.92264175415039,1984200,PFG,yfinance,2026-02-10T05:10:16.435896+00:00
2008-01-30,59.869998931884766,60.779998779296875,57.880001068115234,58.54999923706055,33.07528305053711,2200800,PFG,yfinance,2026-02-10T05:10:16.435896+00:00
2008-01-31,56.68000030517578,60.38999938964844,56.68000030517578,59.61000061035156,33.67406463623047,2091100,PFG,yfinance,2026-02-10T05:10:16.435896+00:00
2008-02-01,59.79999923706055,61.209999084472656,59.45000076293945,61.209999084472656,34.57791519165039,1703300,PFG,yfinance,2026-02-10T05:10:16.435896+00:00
2008-02-04,61.0,61.25,59.810001373291016,59.810001373291016,33.78705596923828,1483300,PFG,yfinance,2026-02-10T05:10:16.435896+00:00
2008-02-05,53.47999954223633,54.970001220703125,51.0,53.099998474121094,29.996536254882812,9202700,PFG,yfinance,2026-02-10T05:10:16.435896+00:00
2008-02-06,53.36000061035156,54.380001068115234,53.0099983215332,53.959999084472656,30.48235321044922,3387300,PFG,yfinance,2026-02-10T05:10:16.435896+00:00
2008-02-07,53.58000183105469,56.349998474121094,53.58000183105469,55.599998474121094,31.408790588378906,3624300,PFG,yfinance,2026-02-10T05:10:16.435896+00:00
2008-02-08,55.04999923706055,55.279998779296875,54.400001525878906,55.0099983215332,31.07550621032715,3637800,PFG,yfinance,2026-02-10T05:10:16.435896+00:00
2008-02-11,55.099998474121094,55.099998474121094,53.0099983215332,54.29999923706055,30.67441177368164,2784600,PFG,yfinance,2026-02-10T05:10:16.435896+00:00
2008-02-12,54.459999084472656,56.02000045776367,54.41999816894531,55.650001525878906,31.437047958374023,2072100,PFG,yfinance,2026-02-10T05:10:16.435896+00:00
2008-02-13,56.189998626708984,57.349998474121094,55.709999084472656,57.29999923706055,32.36913299560547,3058200,PFG,yfinance,2026-02-10T05:10:16.435896+00:00
2008-02-14,57.209999084472656,57.779998779296875,56.31999969482422,56.31999969482422,31.815536499023438,3105600,PFG,yfinance,2026-02-10T05:10:16.435896+00:00
2008-02-15,55.9900016784668,56.9900016784668,55.470001220703125,56.790000915527344,32.08103561401367,2006700,PFG,yfinance,2026-02-10T05:10:16.435896+00:00
2008-02-19,57.33000183105469,57.58000183105469,56.290000915527344,56.93000030517578,32.16012954711914,1585300,PFG,yfinance,2026-02-10T05:10:16.435896+00:00
2008-02-20,56.18000030517578,57.119998931884766,55.63999938964844,56.95000076293945,32.171409606933594,2382400,PFG,yfinance,2026-02-10T05:10:16.435896+00:00
2008-02-21,57.369998931884766,59.119998931884766,56.7599983215332,58.86000061035156,33.25038528442383,6099000,PFG,yfinance,2026-02-10T05:10:16.435896+00:00
2008-02-22,59.0099983215332,59.040000915527344,56.650001525878906,58.34000015258789,32.956642150878906,4828500,PFG,yfinance,2026-02-10T05:10:16.435896+00:00
2008-02-25,58.5,60.02000045776367,57.279998779296875,59.880001068115234,33.826595306396484,2677500,PFG,yfinance,2026-02-10T05:10:16.435896+00:00
2008-02-26,59.869998931884766,60.439998626708984,59.31999969482422,60.099998474121094,33.95087814331055,1780500,PFG,yfinance,2026-02-10T05:10:16.435896+00:00
2008-02-27,59.599998474121094,61.40999984741211,58.88999938964844,60.279998779296875,34.05255126953125,2456200,PFG,yfinance,2026-02-10T05:10:16.435896+00:00
2008-02-28,59.7400016784668,60.0,57.529998779296875,57.599998474121094,32.538612365722656,3772800,PFG,yfinance,2026-02-10T05:10:16.435896+00:00
2008-02-29,56.189998626708984,57.11000061035156,55.06999969482422,55.22999954223633,31.19977569580078,2946400,PFG,yfinance,2026-02-10T05:10:16.435896+00:00
2008-03-03,54.93000030517578,55.279998779296875,53.560001373291016,54.59000015258789,30.838237762451172,2333300,PFG,yfinance,2026-02-10T05:10:16.435896+00:00
2008-03-04,54.189998626708984,54.47999954223633,52.630001068115234,54.18000030517578,30.606632232666016,3333500,PFG,yfinance,2026-02-10T05:10:16.435896+00:00
2008-03-05,54.939998626708984,55.189998626708984,53.45000076293945,54.349998474121094,30.70266342163086,2585100,PFG,yfinance,2026-02-10T05:10:16.435896+00:00
2008-03-06,53.31999969482422,53.66999816894531,51.869998931884766,52.029998779296875,29.392074584960938,3544800,PFG,yfinance,2026-02-10T05:10:16.435896+00:00
2008-03-07,51.599998474121094,53.119998931884766,50.790000915527344,51.68000030517578,29.194353103637695,1884500,PFG,yfinance,2026-02-10T05:10:16.435896+00:00
2008-03-10,51.63999938964844,52.560001373291016,49.849998474121094,50.5,28.527774810791016,2520700,PFG,yfinance,2026-02-10T05:10:16.435896+00:00
2008-03-11,51.72999954223633,54.06999969482422,49.97999954223633,52.45000076293945,29.62934112548828,4676400,PFG,yfinance,2026-02-10T05:10:16.435896+00:00
2008-03-12,52.939998626708984,53.880001068115234,52.119998931884766,52.130001068115234,29.448570251464844,2231900,PFG,yfinance,2026-02-10T05:10:16.435896+00:00
2008-03-13,50.68000030517578,52.20000076293945,49.95000076293945,51.7400016784668,29.228252410888672,3715000,PFG,yfinance,2026-02-10T05:10:16.435896+00:00
2008-03-14,51.72999954223633,52.0,49.04999923706055,49.150001525878906,27.765148162841797,3127900,PFG,yfinance,2026-02-10T05:10:16.435896+00:00
2008-03-17,48.0,49.25,47.22999954223633,48.56999969482422,27.437496185302734,5491400,PFG,yfinance,2026-02-10T05:10:16.435896+00:00
2008-03-18,49.4900016784668,52.279998779296875,49.220001220703125,52.279998779296875,29.53329086303711,3927600,PFG,yfinance,2026-02-10T05:10:16.435896+00:00
2008-03-19,53.41999816894531,54.04999923706055,52.11000061035156,53.099998474121094,29.996536254882812,4544700,PFG,yfinance,2026-02-10T05:10:16.435896+00:00
2008-03-20,53.86000061035156,55.47999954223633,53.220001220703125,55.470001220703125,31.335355758666992,3106800,PFG,yfinance,2026-02-10T05:10:16.435896+00:00
2008-03-24,55.650001525878906,57.40999984741211,55.58000183105469,56.27000045776367,31.787290573120117,2204300,PFG,yfinance,2026-02-10T05:10:16.435896+00:00
2008-03-25,55.880001068115234,57.439998626708984,55.5,56.70000076293945,32.03019714355469,1860500,PFG,yfinance,2026-02-10T05:10:16.435896+00:00
2008-03-26,56.29999923706055,56.29999923706055,54.58000183105469,54.70000076293945,30.900381088256836,2370800,PFG,yfinance,2026-02-10T05:10:16.435896+00:00
2008-03-27,55.41999816894531,55.709999084472656,53.86000061035156,55.04999923706055,31.09810447692871,2494700,PFG,yfinance,2026-02-10T05:10:16.435896+00:00
2008-03-28,55.25,55.650001525878906,54.54999923706055,54.65999984741211,30.877769470214844,1742900,PFG,yfinance,2026-02-10T05:10:16.435896+00:00
2008-03-31,54.72999954223633,56.029998779296875,54.439998626708984,55.720001220703125,31.47658348083496,1821100,PFG,yfinance,2026-02-10T05:10:16.435896+00:00
2008-04-01,56.279998779296875,58.86000061035156,55.90999984741211,58.68000030517578,33.14870834350586,2469400,PFG,yfinance,2026-02-10T05:10:16.435896+00:00
2008-04-02,58.959999084472656,59.529998779296875,58.09000015258789,58.290000915527344,32.92839813232422,1844400,PFG,yfinance,2026-02-10T05:10:16.435896+00:00
2008-04-03,57.83000183105469,58.33000183105469,56.939998626708984,57.68000030517578,32.58378601074219,1885300,PFG,yfinance,2026-02-10T05:10:16.435896+00:00
2008-04-04,57.689998626708984,58.40999984741211,57.08000183105469,57.27000045776367,32.35219192504883,1971700,PFG,yfinance,2026-02-10T05:10:16.435896+00:00
2008-04-07,57.58000183105469,58.099998474121094,56.63999938964844,57.130001068115234,32.273094177246094,2015700,PFG,yfinance,2026-02-10T05:10:16.435896+00:00
2008-04-08,56.689998626708984,56.88999938964844,56.2400016784668,56.400001525878906,31.860729217529297,1831800,PFG,yfinance,2026-02-10T05:10:16.435896+00:00
2008-04-09,55.970001220703125,56.599998474121094,55.150001525878906,55.279998779296875,31.22802734375,1453100,PFG,yfinance,2026-02-10T05:10:16.435896+00:00
2008-04-10,55.06999969482422,55.70000076293945,54.70000076293945,55.029998779296875,31.086795806884766,1204600,PFG,yfinance,2026-02-10T05:10:16.435896+00:00
2008-04-11,54.16999816894531,54.75,53.16999816894531,53.209999084472656,30.058671951293945,2334100,PFG,yfinance,2026-02-10T05:10:16.435896+00:00
2008-04-14,53.0,53.0,52.060001373291016,52.18000030517578,29.47681427001953,1745900,PFG,yfinance,2026-02-10T05:10:16.435896+00:00
2008-04-15,52.619998931884766,53.04999923706055,51.900001525878906,52.47999954223633,29.64628791809082,1851000,PFG,yfinance,2026-02-10T05:10:16.435896+00:00
2008-04-16,52.779998779296875,53.91999816894531,52.70000076293945,53.81999969482422,30.403257369995117,1730700,PFG,yfinance,2026-02-10T05:10:16.435896+00:00
2008-04-17,53.349998474121094,54.0099983215332,53.029998779296875,53.7599983215332,30.369373321533203,1234700,PFG,yfinance,2026-02-10T05:10:16.435896+00:00
2008-04-18,55.29999923706055,55.63999938964844,54.5,54.97999954223633,31.05855369567871,1606700,PFG,yfinance,2026-02-10T05:10:16.435896+00:00
2008-04-21,54.5,54.7400016784668,53.529998779296875,53.900001525878906,30.44845962524414,899400,PFG,yfinance,2026-02-10T05:10:16.435896+00:00
2008-04-22,53.70000076293945,53.70000076293945,52.7400016784668,53.150001525878906,30.0247745513916,1917900,PFG,yfinance,2026-02-10T05:10:16.435896+00:00
2008-04-23,52.70000076293945,53.09000015258789,51.91999816894531,52.189998626708984,29.48246192932129,1798200,PFG,yfinance,2026-02-10T05:10:16.435896+00:00
2008-04-24,52.400001525878906,53.790000915527344,52.0,53.560001373291016,30.256380081176758,2475000,PFG,yfinance,2026-02-10T05:10:16.435896+00:00
2008-04-25,53.93000030517578,54.41999816894531,53.2599983215332,54.060001373291016,30.538848876953125,1059300,PFG,yfinance,2026-02-10T05:10:16.435896+00:00
2008-04-28,54.560001373291016,54.81999969482422,53.790000915527344,54.5,30.787397384643555,872900,PFG,yfinance,2026-02-10T05:10:16.435896+00:00
2008-04-29,54.290000915527344,54.939998626708984,54.099998474121094,54.630001068115234,30.860836029052734,1166600,PFG,yfinance,2026-02-10T05:10:16.435896+00:00
2008-04-30,54.630001068115234,54.880001068115234,53.619998931884766,53.65999984741211,30.31287956237793,1434700,PFG,yfinance,2026-02-10T05:10:16.435896+00:00
2008-05-01,53.400001525878906,56.310001373291016,53.20000076293945,56.16999816894531,31.730777740478516,1943200,PFG,yfinance,2026-02-10T05:10:16.435896+00:00
2008-05-02,56.599998474121094,59.0,56.599998474121094,57.91999816894531,32.7193717956543,2242100,PFG,yfinance,2026-02-10T05:10:16.435896+00:00
2008-05-05,57.02000045776367,57.810001373291016,57.0099983215332,57.18000030517578,32.30134963989258,1543300,PFG,yfinance,2026-02-10T05:10:16.435896+00:00
2008-05-06,55.0,58.040000915527344,54.70000076293945,56.5,31.917219161987305,4128900,PFG,yfinance,2026-02-10T05:10:16.435896+00:00
2008-05-07,56.63999938964844,56.63999938964844,54.290000915527344,54.43000030517578,30.74785041809082,2010000,PFG,yfinance,2026-02-10T05:10:16.435896+00:00
2008-05-08,54.560001373291016,54.869998931884766,52.77000045776367,52.97999954223633,29.928741455078125,2237200,PFG,yfinance,2026-02-10T05:10:16.435896+00:00
2008-05-09,52.70000076293945,54.150001525878906,52.43000030517578,53.56999969482422,30.262042999267578,1510500,PFG,yfinance,2026-02-10T05:10:16.435896+00:00
2008-05-12,53.61000061035156,55.58000183105469,53.59000015258789,55.5099983215332,31.357961654663086,1257800,PFG,yfinance,2026-02-10T05:10:16.435896+00:00
2008-05-13,55.849998474121094,55.86000061035156,54.380001068115234,54.5,30.787397384643555,1311600,PFG,yfinance,2026-02-10T05:10:16.435896+00:00
2008-05-14,54.939998626708984,55.63999938964844,54.5,55.16999816894531,31.165878295898438,1059700,PFG,yfinance,2026-02-10T05:10:16.435896+00:00
2008-05-15,55.099998474121094,56.13999938964844,54.75,56.060001373291016,31.668655395507812,1180900,PFG,yfinance,2026-02-10T05:10:16.435896+00:00
2008-05-16,56.2599983215332,56.4900016784668,55.06999969482422,55.779998779296875,31.510467529296875,1186500,PFG,yfinance,2026-02-10T05:10:16.435896+00:00
2008-05-19,55.779998779296875,56.779998779296875,55.68000030517578,56.41999816894531,31.87201499938965,1145200,PFG,yfinance,2026-02-10T05:10:16.435896+00:00
2008-05-20,55.93000030517578,56.209999084472656,54.380001068115234,54.5,30.787397384643555,1448600,PFG,yfinance,2026-02-10T05:10:16.435896+00:00
2008-05-21,54.599998474121094,54.900001525878906,52.470001220703125,52.56999969482422,29.697128295898438,2150400,PFG,yfinance,2026-02-10T05:10:16.435896+00:00
2008-05-22,52.709999084472656,53.90999984741211,52.220001220703125,53.66999816894531,30.318511962890625,1055200,PFG,yfinance,2026-02-10T05:10:16.435896+00:00
2008-05-23,53.25,53.439998626708984,52.13999938964844,52.22999954223633,29.50505828857422,1085500,PFG,yfinance,2026-02-10T05:10:16.435896+00:00
2008-05-27,52.15999984741211,53.29999923706055,52.15999984741211,53.209999084472656,30.058671951293945,1079100,PFG,yfinance,2026-02-10T05:10:16.435896+00:00
2008-05-28,53.54999923706055,53.68000030517578,52.560001373291016,53.099998474121094,29.996536254882812,1253100,PFG,yfinance,2026-02-10T05:10:16.435896+00:00
2008-05-29,53.11000061035156,54.349998474121094,52.939998626708984,54.08000183105469,30.55014991760254,1226200,PFG,yfinance,2026-02-10T05:10:16.435896+00:00
2008-05-30,54.400001525878906,54.459999084472656,53.779998779296875,53.880001068115234,30.43716049194336,1183600,PFG,yfinance,2026-02-10T05:10:16.435896+00:00
2008-06-02,53.439998626708984,53.68000030517578,51.959999084472656,52.349998474121094,29.57284927368164,1431400,PFG,yfinance,2026-02-10T05:10:16.435896+00:00
2008-06-03,52.5,52.869998931884766,51.25,51.72999954223633,29.22260284423828,1516500,PFG,yfinance,2026-02-10T05:10:16.435896+00:00
2008-06-04,51.70000076293945,52.16999816894531,51.400001525878906,51.54999923706055,29.12091827392578,2090300,PFG,yfinance,2026-02-10T05:10:16.435896+00:00
2008-06-05,51.900001525878906,52.369998931884766,51.54999923706055,52.25,29.516361236572266,1595800,PFG,yfinance,2026-02-10T05:10:16.435896+00:00
2008-06-06,51.0099983215332,51.630001068115234,49.0,49.189998626708984,27.787752151489258,2067800,PFG,yfinance,2026-02-10T05:10:16.435896+00:00
2008-06-09,49.34000015258789,50.0099983215332,49.0099983215332,49.45000076293945,27.934616088867188,1721600,PFG,yfinance,2026-02-10T05:10:16.435896+00:00
2008-06-10,49.09000015258789,50.27000045776367,48.84000015258789,49.790000915527344,28.126699447631836,1345900,PFG,yfinance,2026-02-10T05:10:16.435896+00:00
2008-06-11,49.2400016784668,49.75,48.18000030517578,48.29999923706055,27.28498077392578,1238000,PFG,yfinance,2026-02-10T05:10:16.435896+00:00
2008-06-12,49.099998474121094,50.63999938964844,48.970001220703125,49.7599983215332,28.10973358154297,1348300,PFG,yfinance,2026-02-10T05:10:16.435896+00:00
2008-06-13,50.380001068115234,50.68000030517578,49.54999923706055,50.650001525878906,28.612503051757812,1248200,PFG,yfinance,2026-02-10T05:10:16.435896+00:00
2008-06-16,49.79999923706055,50.70000076293945,49.7400016784668,50.38999938964844,28.46563720703125,1111500,PFG,yfinance,2026-02-10T05:10:16.435896+00:00
2008-06-17,50.560001373291016,51.040000915527344,49.18000030517578,49.18000030517578,27.7821044921875,1347800,PFG,yfinance,2026-02-10T05:10:16.435896+00:00
2008-06-18,48.77000045776367,49.400001525878906,48.150001525878906,48.40999984741211,27.347108840942383,1420000,PFG,yfinance,2026-02-10T05:10:16.435896+00:00
2008-06-19,48.47999954223633,50.369998931884766,48.029998779296875,50.2400016784668,28.380908966064453,1964200,PFG,yfinance,2026-02-10T05:10:16.435896+00:00
2008-06-20,49.43000030517578,50.11000061035156,48.22999954223633,48.27000045776367,27.26802635192871,2346100,PFG,yfinance,2026-02-10T05:10:16.435896+00:00
2008-06-23,48.5099983215332,48.65999984741211,45.33000183105469,45.439998626708984,25.669347763061523,4609600,PFG,yfinance,2026-02-10T05:10:16.435896+00:00
2008-06-24,45.36000061035156,46.15999984741211,44.81999969482422,45.650001525878906,25.78797149658203,2763600,PFG,yfinance,2026-02-10T05:10:16.435896+00:00
2008-06-25,46.09000015258789,48.09000015258789,45.68000030517578,46.97999954223633,26.539304733276367,2900000,PFG,yfinance,2026-02-10T05:10:16.435896+00:00
2008-06-26,45.84000015258789,46.31999969482422,43.38999938964844,43.40999984741211,24.5225830078125,3184900,PFG,yfinance,2026-02-10T05:10:16.435896+00:00
2008-06-27,43.40999984741211,43.970001220703125,41.970001220703125,42.52000045776367,24.01983070373535,3919400,PFG,yfinance,2026-02-10T05:10:16.435896+00:00
2008-06-30,42.529998779296875,43.349998474121094,41.900001525878906,41.970001220703125,23.709121704101562,2091900,PFG,yfinance,2026-02-10T05:10:16.435896+00:00
2008-07-01,41.79999923706055,41.810001373291016,40.52000045776367,40.970001220703125,23.144214630126953,3491500,PFG,yfinance,2026-02-10T05:10:16.435896+00:00
2008-07-02,40.939998626708984,42.369998931884766,40.939998626708984,41.439998626708984,23.40972328186035,2860800,PFG,yfinance,2026-02-10T05:10:16.435896+00:00
2008-07-03,41.91999816894531,42.310001373291016,40.93000030517578,41.02000045776367,23.17246437072754,1052900,PFG,yfinance,2026-02-10T05:10:16.435896+00:00
2008-07-07,41.279998779296875,41.52000045776367,39.2400016784668,39.880001068115234,22.528453826904297,2860300,PFG,yfinance,2026-02-10T05:10:16.435896+00:00
2008-07-08,40.220001220703125,41.9900016784668,39.59000015258789,41.77000045776367,23.59614372253418,3025200,PFG,yfinance,2026-02-10T05:10:16.435896+00:00
2008-07-09,41.68000030517578,42.2599983215332,39.36000061035156,39.560001373291016,22.347694396972656,2172300,PFG,yfinance,2026-02-10T05:10:16.435896+00:00
2008-07-10,39.63999938964844,39.66999816894531,38.04999923706055,38.61000061035156,21.811037063598633,3347200,PFG,yfinance,2026-02-10T05:10:16.435896+00:00
2008-07-11,38.09000015258789,38.349998474121094,36.720001220703125,37.36000061035156,21.104902267456055,3950300,PFG,yfinance,2026-02-10T05:10:16.435896+00:00
2008-07-14,37.88999938964844,38.59000015258789,36.439998626708984,36.54999923706055,20.647323608398438,2096700,PFG,yfinance,2026-02-10T05:10:16.435896+00:00
2008-07-15,36.400001525878906,37.130001068115234,35.099998474121094,35.47999954223633,20.04288101196289,2965400,PFG,yfinance,2026-02-10T05:10:16.435896+00:00
2008-07-16,35.459999084472656,37.779998779296875,34.79999923706055,37.65999984741211,21.274381637573242,4597400,PFG,yfinance,2026-02-10T05:10:16.435896+00:00
2008-07-17,37.88999938964844,39.400001525878906,37.2400016784668,39.2599983215332,22.1782283782959,4112100,PFG,yfinance,2026-02-10T05:10:16.435896+00:00
2008-07-18,39.310001373291016,39.869998931884766,38.040000915527344,39.68000030517578,22.415481567382812,3675200,PFG,yfinance,2026-02-10T05:10:16.435896+00:00
2008-07-21,39.68000030517578,39.75,38.18000030517578,38.369998931884766,21.675460815429688,2411400,PFG,yfinance,2026-02-10T05:10:16.435896+00:00
2008-07-22,38.02000045776367,41.220001220703125,37.13999938964844,40.93000030517578,23.121614456176758,3011400,PFG,yfinance,2026-02-10T05:10:16.435896+00:00
2008-07-23,40.52000045776367,42.81999969482422,40.310001373291016,42.43000030517578,23.968976974487305,3661400,PFG,yfinance,2026-02-10T05:10:16.435896+00:00
2008-07-24,42.470001220703125,43.25,41.02000045776367,41.18000030517578,23.262845993041992,3489900,PFG,yfinance,2026-02-10T05:10:16.435896+00:00
2008-07-25,41.38999938964844,42.43000030517578,40.65999984741211,41.25,23.302396774291992,2438600,PFG,yfinance,2026-02-10T05:10:16.435896+00:00
2008-07-28,40.7599983215332,41.7400016784668,39.4900016784668,39.650001525878906,22.39853858947754,3964700,PFG,yfinance,2026-02-10T05:10:16.435896+00:00
2008-07-29,39.709999084472656,42.06999969482422,39.58000183105469,42.0099983215332,23.731721878051758,2232400,PFG,yfinance,2026-02-10T05:10:16.435896+00:00
2008-07-30,41.95000076293945,44.0099983215332,40.90999984741211,42.77000045776367,24.161046981811523,2424900,PFG,yfinance,2026-02-10T05:10:16.435896+00:00
2008-07-31,42.040000915527344,43.099998474121094,41.63999938964844,42.5099983215332,24.0141658782959,2180000,PFG,yfinance,2026-02-10T05:10:16.435896+00:00
2008-08-01,42.5099983215332,42.849998474121094,41.04999923706055,41.97999954223633,23.714765548706055,1729900,PFG,yfinance,2026-02-10T05:10:16.435896+00:00
2008-08-04,41.33000183105469,43.380001068115234,40.83000183105469,42.900001525878906,24.234485626220703,2188300,PFG,yfinance,2026-02-10T05:10:16.435896+00:00
2008-08-05,43.75,47.5099983215332,43.75,47.439998626708984,26.799152374267578,5297200,PFG,yfinance,2026-02-10T05:10:16.435896+00:00
2008-08-06,47.439998626708984,49.9900016784668,46.529998779296875,47.04999923706055,26.57884407043457,3853100,PFG,yfinance,2026-02-10T05:10:16.435896+00:00
2008-08-07,46.52000045776367,47.0099983215332,44.36000061035156,44.959999084472656,25.398183822631836,3500300,PFG,yfinance,2026-02-10T05:10:16.435896+00:00
2008-08-08,44.689998626708984,46.459999084472656,44.689998626708984,45.9900016784668,25.980043411254883,2934200,PFG,yfinance,2026-02-10T05:10:16.435896+00:00
2008-08-11,46.09000015258789,47.5099983215332,45.40999984741211,46.529998779296875,26.28508758544922,2054500,PFG,yfinance,2026-02-10T05:10:16.435896+00:00
2008-08-12,46.150001525878906,46.4900016784668,44.9900016784668,45.400001525878906,25.646757125854492,1767500,PFG,yfinance,2026-02-10T05:10:16.435896+00:00
2008-08-13,45.04999923706055,45.529998779296875,43.439998626708984,44.5,25.13833999633789,2438000,PFG,yfinance,2026-02-10T05:10:16.435896+00:00
2008-08-14,44.08000183105469,46.790000915527344,43.61000061035156,46.7599983215332,26.41501808166504,2276600,PFG,yfinance,2026-02-10T05:10:16.435896+00:00
2008-08-15,47.36000061035156,49.400001525878906,47.099998474121094,48.93000030517578,27.6408748626709,4026800,PFG,yfinance,2026-02-10T05:10:16.435896+00:00
2008-08-18,48.95000076293945,48.95000076293945,46.13999938964844,46.4900016784668,26.262495040893555,2628500,PFG,yfinance,2026-02-10T05:10:16.435896+00:00
2008-08-19,45.349998474121094,45.88999938964844,44.33000183105469,44.90999984741211,25.369945526123047,2279100,PFG,yfinance,2026-02-10T05:10:16.435896+00:00
2008-08-20,44.880001068115234,45.099998474121094,43.11000061035156,44.20000076293945,24.96886444091797,3024100,PFG,yfinance,2026-02-10T05:10:16.435896+00:00
2008-08-21,43.13999938964844,44.459999084472656,42.779998779296875,43.959999084472656,24.83327865600586,2359600,PFG,yfinance,2026-02-10T05:10:16.435896+00:00
2008-08-22,44.29999923706055,45.5,44.2599983215332,45.04999923706055,25.449031829833984,2294200,PFG,yfinance,2026-02-10T05:10:16.435896+00:00
2008-08-25,44.599998474121094,44.61000061035156,42.77000045776367,42.90999984741211,24.24012565612793,1791900,PFG,yfinance,2026-02-10T05:10:16.435896+00:00
2008-08-26,42.91999816894531,43.27000045776367,42.189998626708984,43.11000061035156,24.353111267089844,1988100,PFG,yfinance,2026-02-10T05:10:16.435896+00:00
2008-08-27,43.0,43.790000915527344,42.7400016784668,43.7599983215332,24.72030258178711,2194000,PFG,yfinance,2026-02-10T05:10:16.435896+00:00
2008-08-28,44.59000015258789,45.5099983215332,44.209999084472656,45.38999938964844,25.641098022460938,1967800,PFG,yfinance,2026-02-10T05:10:16.435896+00:00
2008-08-29,44.529998779296875,46.02000045776367,44.529998779296875,45.790000915527344,25.867069244384766,1743700,PFG,yfinance,2026-02-10T05:10:16.435896+00:00
2008-09-02,46.72999954223633,47.4900016784668,45.34000015258789,46.099998474121094,26.042177200317383,1348400,PFG,yfinance,2026-02-10T05:10:16.435896+00:00
2008-09-03,45.77000045776367,46.619998931884766,45.189998626708984,46.540000915527344,26.29075050354004,1285200,PFG,yfinance,2026-02-10T05:10:16.435896+00:00
2008-09-04,45.93000030517578,46.400001525878906,44.5099983215332,44.599998474121094,25.1948184967041,1751900,PFG,yfinance,2026-02-10T05:10:16.435896+00:00
2008-09-05,43.970001220703125,44.70000076293945,42.709999084472656,44.70000076293945,25.25132179260254,3114800,PFG,yfinance,2026-02-10T05:10:16.435896+00:00
2008-09-08,47.4900016784668,48.79999923706055,46.130001068115234,48.7599983215332,27.54483413696289,4032000,PFG,yfinance,2026-02-10T05:10:16.435896+00:00
2008-09-09,48.189998626708984,49.119998931884766,45.93000030517578,45.93000030517578,25.946149826049805,3476200,PFG,yfinance,2026-02-10T05:10:16.435896+00:00
2008-09-10,46.0,47.290000915527344,44.189998626708984,46.130001068115234,26.05912208557129,2564500,PFG,yfinance,2026-02-10T05:10:16.435896+00:00
2008-09-11,45.220001220703125,47.220001220703125,44.68000030517578,47.040000915527344,26.573198318481445,2564700,PFG,yfinance,2026-02-10T05:10:16.435896+00:00
2008-09-12,46.15999984741211,47.970001220703125,45.849998474121094,47.439998626708984,26.799152374267578,2073100,PFG,yfinance,2026-02-10T05:10:16.435896+00:00
2008-09-15,42.91999816894531,46.58000183105469,42.91999816894531,43.11000061035156,24.353111267089844,3827800,PFG,yfinance,2026-02-10T05:10:16.435896+00:00
2008-09-16,41.95000076293945,44.84000015258789,41.16999816894531,44.630001068115234,25.21177864074707,6096200,PFG,yfinance,2026-02-10T05:10:16.435896+00:00
2008-09-17,43.41999816894531,43.900001525878906,38.459999084472656,38.849998474121094,21.94660758972168,5177500,PFG,yfinance,2026-02-10T05:10:16.435896+00:00
2008-09-18,39.7400016784668,44.33000183105469,34.81999969482422,43.38999938964844,24.51129150390625,7256600,PFG,yfinance,2026-02-10T05:10:16.435896+00:00
2008-09-19,50.70000076293945,54.279998779296875,44.72999954223633,51.95000076293945,29.346887588500977,4443100,PFG,yfinance,2026-02-10T05:10:16.435896+00:00
2008-09-22,51.75,51.75,43.86000061035156,44.2400016784668,24.99146270751953,1861800,PFG,yfinance,2026-02-10T05:10:16.435896+00:00
2008-09-23,44.25,45.349998474121094,41.0,41.029998779296875,23.1781063079834,1997000,PFG,yfinance,2026-02-10T05:10:16.435896+00:00
2008-09-24,41.5099983215332,43.34000015258789,40.599998474121094,42.0,23.726064682006836,1331400,PFG,yfinance,2026-02-10T05:10:16.435896+00:00
2008-09-25,42.33000183105469,49.939998626708984,42.189998626708984,43.77000045776367,24.725942611694336,1109100,PFG,yfinance,2026-02-10T05:10:16.435896+00:00
2008-09-26,43.310001373291016,44.95000076293945,42.38999938964844,44.150001525878906,24.940614700317383,1457700,PFG,yfinance,2026-02-10T05:10:16.435896+00:00
2008-09-29,43.88999938964844,45.36000061035156,38.08000183105469,39.209999084472656,22.149972915649414,2903100,PFG,yfinance,2026-02-10T05:10:16.435896+00:00
2008-09-30,39.59000015258789,45.0,39.52000045776367,43.4900016784668,24.56777572631836,2011700,PFG,yfinance,2026-02-10T05:10:16.435896+00:00
2008-10-01,44.380001068115234,45.4900016784668,35.56999969482422,37.63999938964844,21.263076782226562,2926600,PFG,yfinance,2026-02-10T05:10:16.435896+00:00
2008-10-02,37.599998474121094,37.599998474121094,29.3799991607666,31.520000457763672,17.805849075317383,3944900,PFG,yfinance,2026-02-10T05:10:16.435896+00:00
2008-10-03,32.220001220703125,34.869998931884766,30.510000228881836,32.5099983215332,18.365110397338867,3117100,PFG,yfinance,2026-02-10T05:10:16.435896+00:00
2008-10-06,31.0,32.75,27.200000762939453,29.469999313354492,16.647789001464844,2095600,PFG,yfinance,2026-02-10T05:10:16.435896+00:00
2008-10-07,29.540000915527344,32.0,27.110000610351562,27.110000610351562,15.314607620239258,3298900,PFG,yfinance,2026-02-10T05:10:16.435896+00:00
2008-10-08,26.170000076293945,28.149999618530273,20.600000381469727,21.739999771118164,12.281059265136719,5292100,PFG,yfinance,2026-02-10T05:10:16.435896+00:00
2008-10-09,22.200000762939453,23.040000915527344,14.039999961853027,15.789999961853027,8.919870376586914,7063500,PFG,yfinance,2026-02-10T05:10:16.435896+00:00
2008-10-10,14.989999771118164,21.209999084472656,12.5,18.200000762939453,10.281299591064453,7730200,PFG,yfinance,2026-02-10T05:10:16.435896+00:00
2008-10-13,23.8700008392334,23.8700008392334,20.829999923706055,22.950000762939453,12.964600563049316,4251600,PFG,yfinance,2026-02-10T05:10:16.435896+00:00
2008-10-14,26.920000076293945,26.950000762939453,23.010000228881836,24.719999313354492,13.964485168457031,3977400,PFG,yfinance,2026-02-10T05:10:16.435896+00:00
2008-10-15,24.040000915527344,24.329999923706055,21.799999237060547,22.260000228881836,12.574811935424805,3725000,PFG,yfinance,2026-02-10T05:10:16.435896+00:00
2008-10-16,22.290000915527344,22.950000762939453,19.030000686645508,22.0,12.427945137023926,3722900,PFG,yfinance,2026-02-10T05:10:16.435896+00:00
2008-10-17,21.139999389648438,22.459999084472656,20.450000762939453,20.90999984741211,11.8121919631958,2745800,PFG,yfinance,2026-02-10T05:10:16.435896+00:00
2008-10-20,21.079999923706055,21.770000457763672,19.75,21.299999237060547,12.032502174377441,2493500,PFG,yfinance,2026-02-10T05:10:16.435896+00:00
2008-10-21,21.239999771118164,22.25,20.709999084472656,21.43000030517578,12.105937957763672,2101400,PFG,yfinance,2026-02-10T05:10:16.435896+00:00
2008-10-22,20.5,21.059999465942383,18.079999923706055,18.520000457763672,10.462065696716309,2977800,PFG,yfinance,2026-02-10T05:10:16.435896+00:00
2008-10-23,18.690000534057617,19.149999618530273,17.06999969482422,18.610000610351562,10.512906074523926,3596200,PFG,yfinance,2026-02-10T05:10:16.435896+00:00
2008-10-24,16.6299991607666,20.270000457763672,15.0,19.610000610351562,11.077813148498535,4193000,PFG,yfinance,2026-02-10T05:10:16.435896+00:00
2008-10-27,19.3700008392334,20.040000915527344,18.100000381469727,18.100000381469727,10.22480583190918,2729500,PFG,yfinance,2026-02-10T05:10:16.435896+00:00
2008-10-28,18.850000381469727,22.059999465942383,17.709999084472656,22.0,12.427945137023926,3359000,PFG,yfinance,2026-02-10T05:10:16.435896+00:00
2008-10-29,21.829999923706055,22.479999542236328,20.469999313354492,20.81999969482422,11.761350631713867,2891100,PFG,yfinance,2026-02-10T05:10:16.435896+00:00
2008-10-30,21.540000915527344,22.06999969482422,19.190000534057617,20.06999969482422,11.337669372558594,4338600,PFG,yfinance,2026-02-10T05:10:16.435896+00:00
2008-10-31,17.280000686645508,19.440000534057617,15.449999809265137,18.989999771118164,10.727572441101074,7028100,PFG,yfinance,2026-02-10T05:10:16.435896+00:00
2008-11-03,18.8799991607666,23.1299991607666,18.43000030517578,22.389999389648438,12.6482572555542,3902300,PFG,yfinance,2026-02-10T05:10:16.435896+00:00
2008-11-04,24.899999618530273,28.829999923706055,23.5,27.5,15.53492546081543,5940200,PFG,yfinance,2026-02-10T05:10:16.435896+00:00
2008-11-05,28.18000030517578,29.40999984741211,25.40999984741211,25.540000915527344,14.427701950073242,4150300,PFG,yfinance,2026-02-10T05:10:16.435896+00:00
2008-11-06,25.110000610351562,26.3799991607666,23.239999771118164,23.59000015258789,13.326144218444824,3521000,PFG,yfinance,2026-02-10T05:10:16.435896+00:00
2008-11-07,23.829999923706055,25.420000076293945,23.829999923706055,25.190000534057617,14.22999095916748,2315700,PFG,yfinance,2026-02-10T05:10:16.435896+00:00
2008-11-10,25.65999984741211,26.59000015258789,23.760000228881836,24.229999542236328,13.687685012817383,2848100,PFG,yfinance,2026-02-10T05:10:16.435896+00:00
2008-11-11,22.670000076293945,22.760000228881836,19.780000686645508,20.6299991607666,11.654013633728027,3452100,PFG,yfinance,2026-02-10T05:10:16.435896+00:00
2008-11-12,19.950000762939453,20.06999969482422,17.079999923706055,17.479999542236328,10.09476089477539,3827200,PFG,yfinance,2026-02-10T05:10:16.435896+00:00
2008-11-13,17.780000686645508,18.90999984741211,14.270000457763672,18.760000228881836,10.833964347839355,6923900,PFG,yfinance,2026-02-10T05:10:16.435896+00:00
2008-11-14,17.530000686645508,18.719999313354492,16.170000076293945,16.829999923706055,9.719382286071777,4702300,PFG,yfinance,2026-02-10T05:10:16.435896+00:00
2008-11-17,16.579999923706055,16.579999923706055,14.979999542236328,15.0,8.66254997253418,3995700,PFG,yfinance,2026-02-10T05:10:16.435896+00:00
2008-11-18,14.829999923706055,15.649999618530273,12.930000305175781,14.3100004196167,8.26407527923584,5924600,PFG,yfinance,2026-02-10T05:10:16.435896+00:00
2008-11-19,14.09000015258789,14.5,11.4399995803833,11.670000076293945,6.739465713500977,8350400,PFG,yfinance,2026-02-10T05:10:16.435896+00:00
2008-11-20,11.4399995803833,11.869999885559082,9.25,9.430000305175781,5.445857524871826,8332600,PFG,yfinance,2026-02-10T05:10:16.435896+00:00
2008-11-21,9.970000267028809,10.399999618530273,8.779999732971191,10.0,5.775033950805664,7873000,PFG,yfinance,2026-02-10T05:10:16.435896+00:00
2008-11-24,10.920000076293945,12.600000381469727,9.5,12.470000267028809,7.201469898223877,6189000,PFG,yfinance,2026-02-10T05:10:16.435896+00:00
2008-11-25,12.859999656677246,13.100000381469727,11.869999885559082,12.880000114440918,7.4382452964782715,4388100,PFG,yfinance,2026-02-10T05:10:16.435896+00:00
2008-11-26,12.5600004196167,13.600000381469727,12.010000228881836,13.569999694824219,7.836721897125244,3468900,PFG,yfinance,2026-02-10T05:10:16.435896+00:00
2008-11-28,13.600000381469727,14.210000038146973,13.380000114440918,13.8100004196167,7.975324630737305,1911600,PFG,yfinance,2026-02-10T05:10:16.435896+00:00
2008-12-01,13.699999809265137,13.699999809265137,11.699999809265137,11.859999656677246,6.849187850952148,3956600,PFG,yfinance,2026-02-10T05:10:16.435896+00:00
2008-12-02,12.279999732971191,14.0,11.5600004196167,13.90999984741211,8.033075332641602,5204500,PFG,yfinance,2026-02-10T05:10:16.435896+00:00
2008-12-03,13.300000190734863,14.260000228881836,12.760000228881836,14.180000305175781,8.189000129699707,3770500,PFG,yfinance,2026-02-10T05:10:16.435896+00:00
2008-12-04,13.770000457763672,14.920000076293945,13.289999961853027,13.640000343322754,7.87714958190918,2916000,PFG,yfinance,2026-02-10T05:10:16.435896+00:00
2008-12-05,13.930000305175781,19.989999771118164,13.430000305175781,19.200000762939453,11.088064193725586,7703900,PFG,yfinance,2026-02-10T05:10:16.435896+00:00
2008-12-08,20.020000457763672,21.5,17.540000915527344,17.84000015258789,10.302664756774902,7102600,PFG,yfinance,2026-02-10T05:10:16.435896+00:00
2008-12-09,17.479999542236328,20.25,17.1200008392334,18.649999618530273,10.770437240600586,5668400,PFG,yfinance,2026-02-10T05:10:16.435896+00:00
2008-12-10,18.899999618530273,20.1299991607666,17.81999969482422,19.149999618530273,11.059194564819336,5085600,PFG,yfinance,2026-02-10T05:10:16.435896+00:00
2008-12-11,18.729999542236328,18.8799991607666,16.6299991607666,16.920000076293945,9.771354675292969,4056500,PFG,yfinance,2026-02-10T05:10:16.435896+00:00
2008-12-12,16.280000686645508,18.1200008392334,15.890000343322754,17.850000381469727,10.30843448638916,4386200,PFG,yfinance,2026-02-10T05:10:16.435896+00:00
2008-12-15,17.889999389648438,17.989999771118164,16.079999923706055,17.299999237060547,9.990806579589844,3995500,PFG,yfinance,2026-02-10T05:10:16.435896+00:00
2008-12-16,17.700000762939453,20.790000915527344,16.969999313354492,20.600000381469727,11.896571159362793,5588400,PFG,yfinance,2026-02-10T05:10:16.435896+00:00
2008-12-17,20.459999084472656,21.290000915527344,19.139999389648438,20.149999618530273,11.636690139770508,4804000,PFG,yfinance,2026-02-10T05:10:16.435896+00:00
2008-12-18,19.84000015258789,21.0,18.690000534057617,18.940000534057617,10.937914848327637,6086500,PFG,yfinance,2026-02-10T05:10:16.435896+00:00
2008-12-19,19.15999984741211,20.479999542236328,18.25,20.309999465942383,11.729093551635742,4148000,PFG,yfinance,2026-02-10T05:10:16.435896+00:00
2008-12-22,20.3700008392334,20.68000030517578,18.950000762939453,19.25,11.116939544677734,4543500,PFG,yfinance,2026-02-10T05:10:16.435896+00:00
2008-12-23,19.360000610351562,20.059999465942383,18.760000228881836,18.950000762939453,10.943689346313477,2879400,PFG,yfinance,2026-02-10T05:10:16.435896+00:00
2008-12-24,18.989999771118164,19.239999771118164,18.520000457763672,19.110000610351562,11.036090850830078,580400,PFG,yfinance,2026-02-10T05:10:16.435896+00:00
2008-12-26,19.31999969482422,19.59000015258789,18.8799991607666,19.489999771118164,11.25554084777832,794100,PFG,yfinance,2026-02-10T05:10:16.435896+00:00
2008-12-29,19.510000228881836,19.719999313354492,18.350000381469727,19.020000457763672,10.98411750793457,1086000,PFG,yfinance,2026-02-10T05:10:16.435896+00:00
2008-12-30,19.219999313354492,21.6299991607666,19.209999084472656,21.489999771118164,12.410550117492676,2249000,PFG,yfinance,2026-02-10T05:10:16.435896+00:00
2008-12-31,21.450000762939453,22.81999969482422,21.030000686645508,22.56999969482422,13.034248352050781,2856000,PFG,yfinance,2026-02-10T05:10:16.435896+00:00
2009-01-02,22.889999389648438,23.860000610351562,21.149999618530273,23.600000381469727,13.629076957702637,2876200,PFG,yfinance,2026-02-10T05:10:16.435896+00:00
2009-01-05,23.280000686645508,23.989999771118164,22.709999084472656,23.079999923706055,13.328781127929688,2389800,PFG,yfinance,2026-02-10T05:10:16.435896+00:00
2009-01-06,23.399999618530273,24.799999237060547,22.969999313354492,24.479999542236328,14.13728141784668,3214800,PFG,yfinance,2026-02-10T05:10:16.435896+00:00
2009-01-07,23.790000915527344,23.790000915527344,21.6200008392334,21.829999923706055,12.606898307800293,3067000,PFG,yfinance,2026-02-10T05:10:16.435896+00:00
2009-01-08,21.65999984741211,22.299999237060547,21.059999465942383,21.899999618530273,12.647318840026855,2938000,PFG,yfinance,2026-02-10T05:10:16.435896+00:00
2009-01-09,21.979999542236328,22.549999237060547,20.739999771118164,20.940000534057617,12.092925071716309,2407900,PFG,yfinance,2026-02-10T05:10:16.435896+00:00
2009-01-12,20.8700008392334,20.8700008392334,18.270000457763672,18.549999237060547,10.712684631347656,4474000,PFG,yfinance,2026-02-10T05:10:16.435896+00:00
2009-01-13,18.260000228881836,19.850000381469727,18.149999618530273,19.100000381469727,11.030317306518555,4140300,PFG,yfinance,2026-02-10T05:10:16.435896+00:00
2009-01-14,18.579999923706055,18.6200008392334,16.389999389648438,16.940000534057617,9.782909393310547,3946500,PFG,yfinance,2026-02-10T05:10:16.435896+00:00
2009-01-15,16.889999389648438,17.350000381469727,15.4399995803833,16.399999618530273,9.47105598449707,4589300,PFG,yfinance,2026-02-10T05:10:16.435896+00:00
2009-01-16,17.049999237060547,17.68000030517578,15.1899995803833,16.190000534057617,9.34978199005127,4132300,PFG,yfinance,2026-02-10T05:10:16.435896+00:00
2009-01-20,16.020000457763672,16.170000076293945,13.479999542236328,13.949999809265137,8.056173324584961,6105200,PFG,yfinance,2026-02-10T05:10:16.435896+00:00
2009-01-21,15.210000038146973,16.389999389648438,14.359999656677246,16.290000915527344,9.407532691955566,6277000,PFG,yfinance,2026-02-10T05:10:16.435896+00:00
2009-01-22,15.59000015258789,15.899999618530273,14.029999732971191,14.90999984741211,8.610576629638672,5919000,PFG,yfinance,2026-02-10T05:10:16.435896+00:00
2009-01-23,14.170000076293945,15.989999771118164,13.59000015258789,15.699999809265137,9.066803932189941,4323500,PFG,yfinance,2026-02-10T05:10:16.435896+00:00
2009-01-26,16.1200008392334,16.889999389648438,14.960000038146973,15.479999542236328,8.939750671386719,3880500,PFG,yfinance,2026-02-10T05:10:16.435896+00:00
2009-01-27,15.760000228881836,16.559999465942383,15.3100004196167,16.489999771118164,9.523029327392578,3244000,PFG,yfinance,2026-02-10T05:10:16.435896+00:00
2009-01-28,17.899999618530273,20.700000762939453,17.5,20.479999542236328,11.827268600463867,6329800,PFG,yfinance,2026-02-10T05:10:16.435896+00:00
2009-01-29,19.790000915527344,19.790000915527344,17.450000762939453,17.84000015258789,10.302664756774902,4439100,PFG,yfinance,2026-02-10T05:10:16.435896+00:00
2009-01-30,18.25,18.520000457763672,16.43000030517578,16.59000015258789,9.58078384399414,3690700,PFG,yfinance,2026-02-10T05:10:16.435896+00:00
2009-02-02,16.010000228881836,17.229999542236328,15.8100004196167,17.030000686645508,9.834885597229004,3219600,PFG,yfinance,2026-02-10T05:10:16.435896+00:00
2009-02-03,17.389999389648438,17.389999389648438,15.050000190734863,16.639999389648438,9.609655380249023,4008200,PFG,yfinance,2026-02-10T05:10:16.435896+00:00
2009-02-04,16.75,17.65999984741211,15.90999984741211,16.190000534057617,9.34978199005127,3009400,PFG,yfinance,2026-02-10T05:10:16.435896+00:00
2009-02-05,16.360000610351562,17.860000610351562,15.630000114440918,16.6200008392334,9.598108291625977,5028400,PFG,yfinance,2026-02-10T05:10:16.435896+00:00
2009-02-06,16.649999618530273,17.5,15.90999984741211,16.829999923706055,9.719382286071777,5144900,PFG,yfinance,2026-02-10T05:10:16.435896+00:00
2009-02-09,17.549999237060547,18.829999923706055,16.899999618530273,17.030000686645508,9.834885597229004,7733000,PFG,yfinance,2026-02-10T05:10:16.435896+00:00
2009-02-10,12.949999809265137,13.65999984741211,11.5,11.989999771118164,6.9242682456970215,22830400,PFG,yfinance,2026-02-10T05:10:16.435896+00:00
2009-02-11,11.9399995803833,12.4399995803833,11.0,11.65999984741211,6.733686447143555,6466200,PFG,yfinance,2026-02-10T05:10:16.435896+00:00
2009-02-12,11.0600004196167,12.149999618530273,10.460000038146973,12.039999961853027,6.953139781951904,6583200,PFG,yfinance,2026-02-10T05:10:16.435896+00:00
2009-02-13,11.84000015258789,12.0,11.319999694824219,11.640000343322754,6.722140312194824,4303100,PFG,yfinance,2026-02-10T05:10:16.435896+00:00
2009-02-17,11.319999694824219,11.319999694824219,10.5,10.819999694824219,6.248589515686035,6387500,PFG,yfinance,2026-02-10T05:10:16.435896+00:00
2009-02-18,11.050000190734863,11.1899995803833,10.319999694824219,10.550000190734863,6.092662334442139,5365200,PFG,yfinance,2026-02-10T05:10:16.435896+00:00
2009-02-19,11.010000228881836,11.670000076293945,10.34000015258789,10.510000228881836,6.069562911987305,11782300,PFG,yfinance,2026-02-10T05:10:16.435896+00:00
2009-02-20,10.0,10.930000305175781,9.15999984741211,10.520000457763672,6.075336456298828,9469200,PFG,yfinance,2026-02-10T05:10:16.435896+00:00
2009-02-23,10.800000190734863,11.100000381469727,9.300000190734863,9.34000015258789,5.393881797790527,9025900,PFG,yfinance,2026-02-10T05:10:16.435896+00:00
2009-02-24,9.539999961853027,11.109999656677246,9.149999618530273,11.069999694824219,6.3929643630981445,8563600,PFG,yfinance,2026-02-10T05:10:16.435896+00:00
2009-02-25,10.949999809265137,10.949999809265137,9.479999542236328,10.329999923706055,5.965610027313232,8497400,PFG,yfinance,2026-02-10T05:10:16.435896+00:00
2009-02-26,10.569999694824219,11.430000305175781,10.270000457763672,10.59000015258789,6.1157636642456055,5718300,PFG,yfinance,2026-02-10T05:10:16.435896+00:00
2009-02-27,9.0,9.4399995803833,7.75,7.989999771118164,4.614252090454102,15432300,PFG,yfinance,2026-02-10T05:10:16.435896+00:00
2009-03-02,7.699999809265137,8.0,7.269999980926514,7.300000190734863,4.215775489807129,7684200,PFG,yfinance,2026-02-10T05:10:16.435896+00:00
2009-03-03,7.539999961853027,7.769999980926514,6.699999809265137,6.860000133514404,3.9616734981536865,8712200,PFG,yfinance,2026-02-10T05:10:16.435896+00:00
2009-03-04,7.239999771118164,7.820000171661377,6.019999980926514,7.309999942779541,4.221549034118652,10293800,PFG,yfinance,2026-02-10T05:10:16.435896+00:00
2009-03-05,6.800000190734863,7.119999885559082,5.949999809265137,6.380000114440918,3.6844725608825684,8529700,PFG,yfinance,2026-02-10T05:10:16.435896+00:00
2009-03-06,6.5,6.739999771118164,5.659999847412109,6.079999923706055,3.511220693588257,7015000,PFG,yfinance,2026-02-10T05:10:16.435896+00:00
2009-03-09,5.730000019073486,6.489999771118164,5.409999847412109,5.880000114440918,3.395720958709717,6252100,PFG,yfinance,2026-02-10T05:10:16.435896+00:00
2009-03-10,6.329999923706055,7.349999904632568,5.739999771118164,7.269999980926514,4.19844913482666,9066100,PFG,yfinance,2026-02-10T05:10:16.435896+00:00
2009-03-11,8.109999656677246,8.149999618530273,6.849999904632568,7.53000020980835,4.3486008644104,7067000,PFG,yfinance,2026-02-10T05:10:16.435896+00:00
2009-03-12,7.489999771118164,8.430000305175781,6.960000038146973,8.199999809265137,4.735527992248535,8290900,PFG,yfinance,2026-02-10T05:10:16.435896+00:00
2009-03-13,8.3100004196167,8.779999732971191,7.489999771118164,7.769999980926514,4.487200736999512,9264400,PFG,yfinance,2026-02-10T05:10:16.435896+00:00
2009-03-16,8.050000190734863,8.699999809265137,7.300000190734863,7.380000114440918,4.261975288391113,12602400,PFG,yfinance,2026-02-10T05:10:16.435896+00:00
2009-03-17,7.550000190734863,8.220000267028809,6.849999904632568,8.140000343322754,4.700878620147705,8973400,PFG,yfinance,2026-02-10T05:10:16.435896+00:00
2009-03-18,8.0,9.149999618530273,7.800000190734863,8.899999618530273,5.139780521392822,14205900,PFG,yfinance,2026-02-10T05:10:16.435896+00:00
2009-03-19,9.25,9.5,7.699999809265137,7.78000020980835,4.49297571182251,9815900,PFG,yfinance,2026-02-10T05:10:16.435896+00:00
2009-03-20,7.75,7.75,6.809999942779541,7.0,4.042523384094238,8503900,PFG,yfinance,2026-02-10T05:10:16.435896+00:00
2009-03-23,7.619999885559082,8.40999984741211,7.360000133514404,8.40999984741211,4.856803894042969,11187500,PFG,yfinance,2026-02-10T05:10:16.435896+00:00
2009-03-24,8.0,9.40999984741211,7.610000133514404,8.649999618530273,4.995403289794922,10623400,PFG,yfinance,2026-02-10T05:10:16.435896+00:00
2009-03-25,8.920000076293945,9.579999923706055,8.350000381469727,9.119999885559082,5.2668328285217285,10313200,PFG,yfinance,2026-02-10T05:10:16.435896+00:00
2009-03-26,9.460000038146973,10.0,9.170000076293945,9.920000076293945,5.7288336753845215,8003800,PFG,yfinance,2026-02-10T05:10:16.435896+00:00
2009-03-27,9.6899995803833,10.8100004196167,9.4399995803833,10.300000190734863,5.9482855796813965,7303500,PFG,yfinance,2026-02-10T05:10:16.435896+00:00
2009-03-30,9.720000267028809,9.720000267028809,7.869999885559082,7.980000019073486,4.608476638793945,8589800,PFG,yfinance,2026-02-10T05:10:16.435896+00:00
2009-03-31,7.489999771118164,8.619999885559082,7.409999847412109,8.180000305175781,4.723977565765381,9171400,PFG,yfinance,2026-02-10T05:10:16.435896+00:00
2009-04-01,7.920000076293945,8.329999923706055,7.739999771118164,8.15999984741211,4.712426662445068,7559000,PFG,yfinance,2026-02-10T05:10:16.435896+00:00
2009-04-02,8.75,9.449999809265137,8.710000038146973,8.779999732971191,5.0704803466796875,7194400,PFG,yfinance,2026-02-10T05:10:16.435896+00:00
2009-04-03,8.880000114440918,10.529999732971191,8.600000381469727,10.529999732971191,6.081111907958984,9337300,PFG,yfinance,2026-02-10T05:10:16.435896+00:00
2009-04-06,9.949999809265137,10.770000457763672,9.8100004196167,10.630000114440918,6.138864517211914,8504100,PFG,yfinance,2026-02-10T05:10:16.435896+00:00
2009-04-07,10.140000343322754,10.800000190734863,9.600000381469727,10.149999618530273,5.861659526824951,8537100,PFG,yfinance,2026-02-10T05:10:16.435896+00:00
2009-04-08,13.199999809265137,14.25,11.75,12.3100004196167,7.109066486358643,20320300,PFG,yfinance,2026-02-10T05:10:16.435896+00:00
2009-04-09,12.930000305175781,14.680000305175781,12.640000343322754,14.470000267028809,8.356472969055176,11476800,PFG,yfinance,2026-02-10T05:10:16.435896+00:00
2009-04-13,13.760000228881836,15.5,13.520000457763672,14.970000267028809,8.64522647857666,8574800,PFG,yfinance,2026-02-10T05:10:16.435896+00:00
2009-04-14,14.710000038146973,14.880000114440918,12.90999984741211,13.039999961853027,7.530645370483398,7788500,PFG,yfinance,2026-02-10T05:10:16.435896+00:00
2009-04-15,13.039999961853027,14.029999732971191,12.449999809265137,13.779999732971191,7.958000183105469,7108800,PFG,yfinance,2026-02-10T05:10:16.435896+00:00
2009-04-16,14.010000228881836,14.239999771118164,13.0,13.760000228881836,7.946448802947998,7845900,PFG,yfinance,2026-02-10T05:10:16.435896+00:00
2009-04-17,13.630000114440918,15.0,13.15999984741211,14.720000267028809,8.500847816467285,7292400,PFG,yfinance,2026-02-10T05:10:16.435896+00:00
2009-04-20,14.430000305175781,14.5600004196167,12.84000015258789,12.920000076293945,7.46134090423584,7699400,PFG,yfinance,2026-02-10T05:10:16.435896+00:00
2009-04-21,12.289999961853027,14.180000305175781,11.920000076293945,14.0,8.085046768188477,7224400,PFG,yfinance,2026-02-10T05:10:16.435896+00:00
2009-04-22,13.59000015258789,14.779999732971191,13.050000190734863,14.210000038146973,8.206323623657227,7539600,PFG,yfinance,2026-02-10T05:10:16.435896+00:00
2009-04-23,14.4399995803833,15.0,13.9399995803833,14.869999885559082,8.58747386932373,5655100,PFG,yfinance,2026-02-10T05:10:16.435896+00:00
2009-04-24,14.989999771118164,15.600000381469727,14.399999618530273,15.3100004196167,8.841575622558594,6681600,PFG,yfinance,2026-02-10T05:10:16.435896+00:00
2009-04-27,14.569999694824219,15.199999809265137,14.449999809265137,14.680000305175781,8.477749824523926,5996800,PFG,yfinance,2026-02-10T05:10:16.435896+00:00
2009-04-28,14.210000038146973,14.75,13.84000015258789,14.180000305175781,8.189000129699707,4499400,PFG,yfinance,2026-02-10T05:10:16.435896+00:00
2009-04-29,14.539999961853027,15.899999618530273,14.350000381469727,15.65999984741211,9.043703079223633,5644300,PFG,yfinance,2026-02-10T05:10:16.435896+00:00
2009-04-30,16.190000534057617,17.1299991607666,15.789999961853027,16.34000015258789,9.436405181884766,8118100,PFG,yfinance,2026-02-10T05:10:16.435896+00:00
2009-05-01,15.920000076293945,16.489999771118164,15.180000305175781,15.430000305175781,8.910877227783203,7029900,PFG,yfinance,2026-02-10T05:10:16.435896+00:00
2009-05-04,16.079999923706055,17.059999465942383,15.470000267028809,16.93000030517578,9.777132987976074,9313500,PFG,yfinance,2026-02-10T05:10:16.435896+00:00
2009-05-05,17.31999969482422,20.270000457763672,17.299999237060547,18.75,10.828187942504883,9751200,PFG,yfinance,2026-02-10T05:10:16.435896+00:00
2009-05-06,19.149999618530273,24.3700008392334,18.75,23.290000915527344,13.450053215026855,15540800,PFG,yfinance,2026-02-10T05:10:16.435896+00:00
2009-05-07,24.399999618530273,24.899999618530273,20.899999618530273,21.450000762939453,12.387451171875,10114100,PFG,yfinance,2026-02-10T05:10:16.435896+00:00
2009-05-08,21.760000228881836,24.34000015258789,20.93000030517578,23.68000030517578,13.67528247833252,7093100,PFG,yfinance,2026-02-10T05:10:16.435896+00:00
2009-05-11,21.350000381469727,21.780000686645508,20.15999984741211,20.34000015258789,11.746420860290527,8222800,PFG,yfinance,2026-02-10T05:10:16.435896+00:00
2009-05-12,20.1200008392334,20.260000228881836,19.15999984741211,19.739999771118164,11.399917602539062,38848500,PFG,yfinance,2026-02-10T05:10:16.435896+00:00
2009-05-13,19.799999237060547,19.799999237060547,18.5,18.549999237060547,10.712684631347656,13362500,PFG,yfinance,2026-02-10T05:10:16.435896+00:00
2009-05-14,18.520000457763672,19.850000381469727,18.25,18.860000610351562,10.891715049743652,10591100,PFG,yfinance,2026-02-10T05:10:16.435896+00:00
2009-05-15,19.90999984741211,19.90999984741211,18.31999969482422,18.579999923706055,10.730012893676758,8963900,PFG,yfinance,2026-02-10T05:10:16.435896+00:00
2009-05-18,19.040000915527344,20.700000762939453,18.540000915527344,20.56999969482422,11.879246711730957,9056700,PFG,yfinance,2026-02-10T05:10:16.435896+00:00
2009-05-19,20.84000015258789,21.739999771118164,20.139999389648438,20.809999465942383,12.017849922180176,9627100,PFG,yfinance,2026-02-10T05:10:16.435896+00:00
2009-05-20,21.520000457763672,22.229999542236328,20.020000457763672,20.209999084472656,11.671342849731445,7853600,PFG,yfinance,2026-02-10T05:10:16.435896+00:00
2009-05-21,19.649999618530273,20.920000076293945,19.649999618530273,20.25,11.694446563720703,5280600,PFG,yfinance,2026-02-10T05:10:16.435896+00:00
2009-05-22,20.360000610351562,21.1299991607666,19.90999984741211,20.579999923706055,11.885017395019531,4220200,PFG,yfinance,2026-02-10T05:10:16.435896+00:00
2009-05-26,21.450000762939453,21.450000762939453,20.149999618530273,20.790000915527344,12.00629711151123,6065600,PFG,yfinance,2026-02-10T05:10:16.435896+00:00
2009-05-27,21.260000228881836,22.40999984741211,20.399999618530273,20.559999465942383,11.873470306396484,8156500,PFG,yfinance,2026-02-10T05:10:16.435896+00:00
2009-05-28,20.90999984741211,21.84000015258789,20.610000610351562,21.809999465942383,12.595349311828613,5528800,PFG,yfinance,2026-02-10T05:10:16.435896+00:00
2009-05-29,21.950000762939453,22.219999313354492,21.200000762939453,22.200000762939453,12.820576667785645,7784500,PFG,yfinance,2026-02-10T05:10:16.435896+00:00
2009-06-01,22.559999465942383,23.229999542236328,22.15999984741211,22.440000534057617,12.959179878234863,6978100,PFG,yfinance,2026-02-10T05:10:16.435896+00:00
2009-06-02,22.920000076293945,23.420000076293945,22.059999465942383,22.229999542236328,12.837897300720215,5853000,PFG,yfinance,2026-02-10T05:10:16.435896+00:00
2009-06-03,22.010000228881836,22.010000228881836,20.5,20.93000030517578,12.087148666381836,6243600,PFG,yfinance,2026-02-10T05:10:16.435896+00:00
2009-06-04,21.190000534057617,21.75,20.6200008392334,21.56999969482422,12.456747055053711,7846900,PFG,yfinance,2026-02-10T05:10:16.435896+00:00
2009-06-05,22.010000228881836,22.5,21.559999465942383,22.229999542236328,12.837897300720215,6528000,PFG,yfinance,2026-02-10T05:10:16.435896+00:00
2009-06-08,21.829999923706055,22.450000762939453,21.1200008392334,22.149999618530273,12.79170036315918,4903100,PFG,yfinance,2026-02-10T05:10:16.435896+00:00
2009-06-09,22.1200008392334,22.299999237060547,21.489999771118164,21.969999313354492,12.687753677368164,3567500,PFG,yfinance,2026-02-10T05:10:16.435896+00:00
2009-06-10,22.1299991607666,22.3799991607666,21.360000610351562,21.639999389648438,12.49717903137207,4564500,PFG,yfinance,2026-02-10T05:10:16.435896+00:00
2009-06-11,21.360000610351562,22.020000457763672,21.239999771118164,21.329999923706055,12.31815242767334,3635900,PFG,yfinance,2026-02-10T05:10:16.435896+00:00
2009-06-12,21.34000015258789,21.510000228881836,20.459999084472656,20.889999389648438,12.064043998718262,4423800,PFG,yfinance,2026-02-10T05:10:16.435896+00:00
2009-06-15,20.43000030517578,20.729999542236328,19.270000457763672,19.479999542236328,11.249767303466797,5696000,PFG,yfinance,2026-02-10T05:10:16.435896+00:00
2009-06-16,19.889999389648438,19.920000076293945,18.780000686645508,18.969999313354492,10.955239295959473,3098000,PFG,yfinance,2026-02-10T05:10:16.435896+00:00
2009-06-17,18.75,18.950000762939453,17.959999084472656,18.290000915527344,10.562536239624023,4154900,PFG,yfinance,2026-02-10T05:10:16.435896+00:00
2009-06-18,18.399999618530273,19.1200008392334,18.290000915527344,18.639999389648438,10.764664649963379,3396900,PFG,yfinance,2026-02-10T05:10:16.435896+00:00
2009-06-19,18.959999084472656,19.459999084472656,18.93000030517578,19.0,10.972567558288574,4417500,PFG,yfinance,2026-02-10T05:10:16.435896+00:00
2009-06-22,18.700000762939453,18.850000381469727,17.479999542236328,17.520000457763672,10.117865562438965,5370600,PFG,yfinance,2026-02-10T05:10:16.435896+00:00
2009-06-23,17.8799991607666,18.15999984741211,17.059999465942383,18.110000610351562,10.458587646484375,4944500,PFG,yfinance,2026-02-10T05:10:16.435896+00:00
2009-06-24,18.299999237060547,19.5,18.18000030517578,18.889999389648438,10.909040451049805,5588100,PFG,yfinance,2026-02-10T05:10:16.435896+00:00
2009-06-25,18.649999618530273,19.739999771118164,18.389999389648438,19.530000686645508,11.278639793395996,4703600,PFG,yfinance,2026-02-10T05:10:16.435896+00:00
2009-06-26,19.520000457763672,19.770000457763672,18.90999984741211,19.110000610351562,11.036090850830078,8077800,PFG,yfinance,2026-02-10T05:10:16.435896+00:00
2009-06-29,19.229999542236328,19.549999237060547,19.100000381469727,19.190000534057617,11.082293510437012,3732700,PFG,yfinance,2026-02-10T05:10:16.435896+00:00
2009-06-30,19.139999389648438,19.209999084472656,18.329999923706055,18.84000015258789,10.88016414642334,3660300,PFG,yfinance,2026-02-10T05:10:16.435896+00:00
2009-07-01,19.06999969482422,19.350000381469727,18.799999237060547,19.0,10.972567558288574,3732800,PFG,yfinance,2026-02-10T05:10:16.435896+00:00
2009-07-02,18.709999084472656,18.709999084472656,17.690000534057617,17.690000534057617,10.216038703918457,4136800,PFG,yfinance,2026-02-10T05:10:16.435896+00:00
2009-07-06,17.389999389648438,18.459999084472656,17.389999389648438,18.399999618530273,10.626062393188477,4836600,PFG,yfinance,2026-02-10T05:10:16.435896+00:00
2009-07-07,18.389999389648438,18.420000076293945,17.670000076293945,17.690000534057617,10.216038703918457,4188500,PFG,yfinance,2026-02-10T05:10:16.435896+00:00
2009-07-08,17.739999771118164,18.059999465942383,17.18000030517578,17.40999984741211,10.05433464050293,7811900,PFG,yfinance,2026-02-10T05:10:16.435896+00:00
2009-07-09,17.739999771118164,18.010000228881836,17.520000457763672,17.579999923706055,10.152509689331055,3731700,PFG,yfinance,2026-02-10T05:10:16.435896+00:00
2009-07-10,17.459999084472656,17.579999923706055,16.770000457763672,17.139999389648438,9.89841079711914,3346400,PFG,yfinance,2026-02-10T05:10:16.435896+00:00
2009-07-13,17.479999542236328,18.90999984741211,17.329999923706055,18.8799991607666,10.903265953063965,4586300,PFG,yfinance,2026-02-10T05:10:16.435896+00:00
2009-07-14,18.8799991607666,18.950000762939453,18.40999984741211,18.729999542236328,10.81663703918457,2928300,PFG,yfinance,2026-02-10T05:10:16.435896+00:00
2009-07-15,19.1299991607666,19.799999237060547,18.93000030517578,19.510000228881836,11.267091751098633,6763200,PFG,yfinance,2026-02-10T05:10:16.435896+00:00
2009-07-16,19.280000686645508,19.959999084472656,18.8799991607666,19.719999313354492,11.388371467590332,2895100,PFG,yfinance,2026-02-10T05:10:16.435896+00:00
2009-07-17,19.59000015258789,19.84000015258789,19.049999237060547,19.780000686645508,11.423016548156738,3037700,PFG,yfinance,2026-02-10T05:10:16.435896+00:00
2009-07-20,19.90999984741211,20.489999771118164,19.809999465942383,20.40999984741211,11.786845207214355,2973800,PFG,yfinance,2026-02-10T05:10:16.435896+00:00
2009-07-21,20.459999084472656,20.940000534057617,20.25,20.65999984741211,11.931220054626465,3549000,PFG,yfinance,2026-02-10T05:10:16.435896+00:00
2009-07-22,20.15999984741211,20.90999984741211,20.15999984741211,20.600000381469727,11.896571159362793,3107600,PFG,yfinance,2026-02-10T05:10:16.435896+00:00
2009-07-23,20.639999389648438,22.65999984741211,20.6299991607666,22.600000381469727,13.051576614379883,5920700,PFG,yfinance,2026-02-10T05:10:16.435896+00:00
2009-07-24,22.299999237060547,22.940000534057617,22.020000457763672,22.8799991607666,13.213279724121094,3008800,PFG,yfinance,2026-02-10T05:10:16.435896+00:00
2009-07-27,22.790000915527344,23.709999084472656,22.670000076293945,23.610000610351562,13.63485050201416,2537600,PFG,yfinance,2026-02-10T05:10:16.435896+00:00
2009-07-28,23.190000534057617,23.260000228881836,22.3700008392334,22.860000610351562,13.201730728149414,3066600,PFG,yfinance,2026-02-10T05:10:16.435896+00:00
2009-07-29,22.59000015258789,22.889999389648438,22.299999237060547,22.56999969482422,13.034248352050781,2244300,PFG,yfinance,2026-02-10T05:10:16.435896+00:00
2009-07-30,23.450000762939453,24.40999984741211,23.020000457763672,23.290000915527344,13.450053215026855,4411200,PFG,yfinance,2026-02-10T05:10:16.435896+00:00
2009-07-31,23.229999542236328,23.780000686645508,22.920000076293945,23.700000762939453,13.686834335327148,4583700,PFG,yfinance,2026-02-10T05:10:16.435896+00:00
2009-08-03,24.329999923706055,25.59000015258789,23.6299991607666,25.440000534057617,14.691690444946289,8536000,PFG,yfinance,2026-02-10T05:10:16.435896+00:00
2009-08-04,24.790000915527344,26.90999984741211,24.260000228881836,25.329999923706055,14.628164291381836,10802100,PFG,yfinance,2026-02-10T05:10:16.435896+00:00
2009-08-05,25.5,25.670000076293945,24.540000915527344,25.579999923706055,14.772541999816895,5582400,PFG,yfinance,2026-02-10T05:10:16.435896+00:00
2009-08-06,25.90999984741211,25.959999084472656,23.979999542236328,24.719999313354492,14.275884628295898,4542400,PFG,yfinance,2026-02-10T05:10:16.435896+00:00
2009-08-07,25.190000534057617,26.329999923706055,25.030000686645508,25.75,14.870713233947754,3515900,PFG,yfinance,2026-02-10T05:10:16.435896+00:00
2009-08-10,25.579999923706055,25.860000610351562,25.110000610351562,25.280000686645508,14.599288940429688,2126700,PFG,yfinance,2026-02-10T05:10:16.435896+00:00
2009-08-11,25.15999984741211,25.530000686645508,24.360000610351562,24.399999618530273,14.091084480285645,3520500,PFG,yfinance,2026-02-10T05:10:16.435896+00:00
2009-08-12,25.15999984741211,26.09000015258789,24.25,25.809999465942383,14.905360221862793,3167600,PFG,yfinance,2026-02-10T05:10:16.435896+00:00
2009-08-13,26.229999542236328,26.5,25.739999771118164,26.489999771118164,15.298066139221191,2501400,PFG,yfinance,2026-02-10T05:10:16.435896+00:00
2009-08-14,26.350000381469727,26.56999969482422,25.100000381469727,25.540000915527344,14.749435424804688,3347900,PFG,yfinance,2026-02-10T05:10:16.435896+00:00
2009-08-17,24.520000457763672,24.6200008392334,23.889999389648438,23.989999771118164,13.8543062210083,2994200,PFG,yfinance,2026-02-10T05:10:16.435896+00:00
2009-08-18,24.219999313354492,24.84000015258789,24.149999618530273,24.790000915527344,14.31631088256836,2020500,PFG,yfinance,2026-02-10T05:10:16.435896+00:00
2009-08-19,24.399999618530273,25.020000457763672,23.969999313354492,24.940000534057617,14.402939796447754,2925700,PFG,yfinance,2026-02-10T05:10:16.435896+00:00
2009-08-20,24.760000228881836,26.100000381469727,24.75,25.989999771118164,15.009315490722656,2602700,PFG,yfinance,2026-02-10T05:10:16.435896+00:00
2009-08-21,26.299999237060547,28.1299991607666,26.1200008392334,27.739999771118164,16.019947052001953,4771700,PFG,yfinance,2026-02-10T05:10:16.435896+00:00
2009-08-24,28.1200008392334,28.690000534057617,27.649999618530273,27.850000381469727,16.083471298217773,5047900,PFG,yfinance,2026-02-10T05:10:16.435896+00:00
2009-08-25,28.110000610351562,28.860000610351562,27.93000030517578,28.040000915527344,16.19319725036621,3490900,PFG,yfinance,2026-02-10T05:10:16.435896+00:00
2009-08-26,28.040000915527344,28.329999923706055,27.479999542236328,28.100000381469727,16.22785186767578,3074800,PFG,yfinance,2026-02-10T05:10:16.435896+00:00
2009-08-27,27.68000030517578,28.8700008392334,27.3799991607666,28.709999084472656,16.580123901367188,3192400,PFG,yfinance,2026-02-10T05:10:16.435896+00:00
2009-08-28,29.110000610351562,29.40999984741211,28.309999465942383,28.8799991607666,16.67829132080078,2192400,PFG,yfinance,2026-02-10T05:10:16.435896+00:00
2009-08-31,28.350000381469727,28.469999313354492,27.850000381469727,28.399999618530273,16.40109634399414,2432400,PFG,yfinance,2026-02-10T05:10:16.435896+00:00
2009-09-01,27.950000762939453,28.360000610351562,25.950000762939453,26.15999984741211,15.107490539550781,4252500,PFG,yfinance,2026-02-10T05:10:16.435896+00:00
2009-09-02,25.93000030517578,26.229999542236328,25.299999237060547,25.93000030517578,14.974660873413086,4456600,PFG,yfinance,2026-02-10T05:10:16.435896+00:00
2009-09-03,25.889999389648438,26.420000076293945,25.280000686645508,25.770000457763672,14.88226318359375,4453400,PFG,yfinance,2026-02-10T05:10:16.435896+00:00
2009-09-04,25.790000915527344,26.270000457763672,25.559999465942383,26.059999465942383,15.049738883972168,2353800,PFG,yfinance,2026-02-10T05:10:16.435896+00:00
2009-09-08,26.540000915527344,26.780000686645508,25.700000762939453,26.31999969482422,15.19989013671875,4182700,PFG,yfinance,2026-02-10T05:10:16.435896+00:00
2009-09-09,26.329999923706055,26.729999542236328,26.190000534057617,26.6299991607666,15.378913879394531,2496900,PFG,yfinance,2026-02-10T05:10:16.435896+00:00
2009-09-10,26.700000762939453,28.559999465942383,26.5,28.489999771118164,16.45306968688965,4151600,PFG,yfinance,2026-02-10T05:10:16.435896+00:00
2009-09-11,27.90999984741211,28.299999237060547,27.549999237060547,27.829999923706055,16.071918487548828,5297200,PFG,yfinance,2026-02-10T05:10:16.435896+00:00
2009-09-14,27.360000610351562,28.030000686645508,27.06999969482422,28.0,16.170093536376953,3170200,PFG,yfinance,2026-02-10T05:10:16.435896+00:00
2009-09-15,28.200000762939453,28.459999084472656,27.780000686645508,28.200000762939453,16.285598754882812,2841000,PFG,yfinance,2026-02-10T05:10:16.435896+00:00
2009-09-16,28.399999618530273,30.8700008392334,28.200000762939453,30.829999923706055,17.804428100585938,5018800,PFG,yfinance,2026-02-10T05:10:16.435896+00:00
2009-09-17,30.190000534057617,30.75,28.829999923706055,29.010000228881836,16.75337028503418,3894400,PFG,yfinance,2026-02-10T05:10:16.435896+00:00
2009-09-18,29.18000030517578,29.299999237060547,28.139999389648438,28.290000915527344,16.33757209777832,4294400,PFG,yfinance,2026-02-10T05:10:16.435896+00:00
2009-09-21,27.440000534057617,27.93000030517578,27.290000915527344,27.559999465942383,15.916000366210938,3307900,PFG,yfinance,2026-02-10T05:10:16.435896+00:00
2009-09-22,28.030000686645508,28.290000915527344,27.5,27.760000228881836,16.031496047973633,3966400,PFG,yfinance,2026-02-10T05:10:16.435896+00:00
2009-09-23,28.010000228881836,28.010000228881836,26.350000381469727,26.360000610351562,15.222992897033691,4944000,PFG,yfinance,2026-02-10T05:10:16.435896+00:00
2009-09-24,26.579999923706055,26.899999618530273,25.809999465942383,26.030000686645508,15.032410621643066,3246400,PFG,yfinance,2026-02-10T05:10:16.435896+00:00
2009-09-25,25.899999618530273,26.09000015258789,25.15999984741211,25.799999237060547,14.899588584899902,3377800,PFG,yfinance,2026-02-10T05:10:16.435896+00:00
2009-09-28,25.920000076293945,27.989999771118164,25.75,27.969999313354492,16.152772903442383,4061500,PFG,yfinance,2026-02-10T05:10:16.435896+00:00
2009-09-29,27.950000762939453,28.530000686645508,27.3700008392334,27.829999923706055,16.071918487548828,2827500,PFG,yfinance,2026-02-10T05:10:16.435896+00:00
2009-09-30,27.84000015258789,28.389999389648438,26.860000610351562,27.389999389648438,15.817816734313965,3596200,PFG,yfinance,2026-02-10T05:10:16.435896+00:00
2009-10-01,27.200000762939453,27.299999237060547,25.399999618530273,25.459999084472656,14.703240394592285,4714200,PFG,yfinance,2026-02-10T05:10:16.435896+00:00
2009-10-02,25.110000610351562,25.809999465942383,24.3799991607666,25.260000228881836,14.587738990783691,4100100,PFG,yfinance,2026-02-10T05:10:16.435896+00:00
2009-10-05,25.510000228881836,26.68000030517578,25.299999237060547,26.639999389648438,15.384689331054688,3038300,PFG,yfinance,2026-02-10T05:10:16.435896+00:00
2009-10-06,26.90999984741211,27.8799991607666,26.43000030517578,27.260000228881836,15.742737770080566,4694700,PFG,yfinance,2026-02-10T05:10:16.435896+00:00
2009-10-07,27.139999389648438,27.579999923706055,26.860000610351562,27.399999618530273,15.823590278625488,2661400,PFG,yfinance,2026-02-10T05:10:16.435896+00:00
2009-10-08,27.68000030517578,28.329999923706055,27.5,28.110000610351562,16.233619689941406,4134000,PFG,yfinance,2026-02-10T05:10:16.435896+00:00
2009-10-09,27.8700008392334,28.3700008392334,27.690000534057617,28.290000915527344,16.33757209777832,2550200,PFG,yfinance,2026-02-10T05:10:16.435896+00:00
2009-10-12,28.479999542236328,28.579999923706055,28.15999984741211,28.510000228881836,16.464628219604492,1965000,PFG,yfinance,2026-02-10T05:10:16.435896+00:00
2009-10-13,28.209999084472656,28.399999618530273,27.43000030517578,27.809999465942383,16.06037712097168,2168200,PFG,yfinance,2026-02-10T05:10:16.435896+00:00
2009-10-14,28.510000228881836,29.639999389648438,28.290000915527344,29.469999313354492,17.01902961730957,4532100,PFG,yfinance,2026-02-10T05:10:16.435896+00:00
2009-10-15,29.049999237060547,29.739999771118164,28.850000381469727,29.690000534057617,17.146080017089844,3947500,PFG,yfinance,2026-02-10T05:10:16.435896+00:00
2009-10-16,28.809999465942383,29.110000610351562,28.469999313354492,28.850000381469727,16.660972595214844,4133700,PFG,yfinance,2026-02-10T05:10:16.435896+00:00
2009-10-19,29.06999969482422,30.06999969482422,28.889999389648438,29.420000076293945,16.990148544311523,3323800,PFG,yfinance,2026-02-10T05:10:16.435896+00:00
2009-10-20,29.459999084472656,29.469999313354492,28.479999542236328,28.540000915527344,16.481952667236328,3712000,PFG,yfinance,2026-02-10T05:10:16.435896+00:00
2009-10-21,28.469999313354492,29.56999969482422,28.139999389648438,28.219999313354492,16.297147750854492,2880500,PFG,yfinance,2026-02-10T05:10:16.435896+00:00
2009-10-22,28.299999237060547,29.690000534057617,28.049999237060547,29.389999389648438,16.972820281982422,2627400,PFG,yfinance,2026-02-10T05:10:16.435896+00:00
2009-10-23,29.350000381469727,29.350000381469727,28.06999969482422,28.209999084472656,16.291370391845703,2789000,PFG,yfinance,2026-02-10T05:10:16.435896+00:00
2009-10-26,28.209999084472656,28.84000015258789,26.93000030517578,27.059999465942383,15.627242088317871,2819900,PFG,yfinance,2026-02-10T05:10:16.435896+00:00
2009-10-27,27.260000228881836,27.649999618530273,26.530000686645508,26.610000610351562,15.367362022399902,2327900,PFG,yfinance,2026-02-10T05:10:16.435896+00:00
2009-10-28,26.5,26.809999465942383,24.920000076293945,24.959999084472656,14.414485931396484,4063900,PFG,yfinance,2026-02-10T05:10:16.435896+00:00
2009-10-29,25.700000762939453,26.8799991607666,25.690000534057617,26.729999542236328,15.436666488647461,5192100,PFG,yfinance,2026-02-10T05:10:16.435896+00:00
2009-10-30,26.329999923706055,26.530000686645508,24.860000610351562,25.040000915527344,14.46069049835205,3704500,PFG,yfinance,2026-02-10T05:10:16.435896+00:00
2009-11-02,25.270000457763672,26.18000030517578,24.100000381469727,25.010000228881836,14.443359375,4297600,PFG,yfinance,2026-02-10T05:10:16.435896+00:00
2009-11-03,25.610000610351562,25.690000534057617,24.049999237060547,25.170000076293945,14.535762786865234,4346500,PFG,yfinance,2026-02-10T05:10:16.435896+00:00
2009-11-04,25.579999923706055,26.219999313354492,25.059999465942383,25.25,14.581965446472168,5077900,PFG,yfinance,2026-02-10T05:10:16.435896+00:00
2009-11-05,25.540000915527344,25.75,24.790000915527344,25.450000762939453,14.69745922088623,3274900,PFG,yfinance,2026-02-10T05:10:16.435896+00:00
2009-11-06,24.93000030517578,25.8799991607666,24.530000686645508,25.709999084472656,14.847613334655762,2308100,PFG,yfinance,2026-02-10T05:10:16.435896+00:00
2009-11-09,26.170000076293945,26.799999237060547,26.010000228881836,26.770000457763672,15.459768295288086,2492200,PFG,yfinance,2026-02-10T05:10:16.435896+00:00
2009-11-10,26.270000457763672,26.270000457763672,25.600000381469727,25.84000015258789,15.206708908081055,2124200,PFG,yfinance,2026-02-10T05:10:16.435896+00:00
2009-11-11,26.18000030517578,26.75,26.139999389648438,26.34000015258789,15.500964164733887,1429400,PFG,yfinance,2026-02-10T05:10:16.435896+00:00
2009-11-12,25.829999923706055,26.030000686645508,25.420000076293945,25.540000915527344,15.030162811279297,3404400,PFG,yfinance,2026-02-10T05:10:16.435896+00:00
2009-11-13,25.84000015258789,26.020000457763672,25.329999923706055,25.729999542236328,15.141975402832031,1715000,PFG,yfinance,2026-02-10T05:10:16.435896+00:00
2009-11-16,26.040000915527344,26.8799991607666,25.93000030517578,26.760000228881836,15.748125076293945,2971400,PFG,yfinance,2026-02-10T05:10:16.435896+00:00
2009-11-17,26.56999969482422,27.149999618530273,26.389999389648438,27.1200008392334,15.959991455078125,2525200,PFG,yfinance,2026-02-10T05:10:16.435896+00:00
2009-11-18,27.1200008392334,27.350000381469727,26.809999465942383,27.010000228881836,15.895257949829102,1479400,PFG,yfinance,2026-02-10T05:10:16.435896+00:00
2009-11-19,26.739999771118164,27.010000228881836,26.110000610351562,26.200000762939453,15.418574333190918,2363100,PFG,yfinance,2026-02-10T05:10:16.435896+00:00
2009-11-20,25.149999618530273,25.889999389648438,25.149999618530273,25.780000686645508,15.171399116516113,2921300,PFG,yfinance,2026-02-10T05:10:16.435896+00:00
2009-11-23,26.540000915527344,26.540000915527344,25.8700008392334,26.079999923706055,15.347954750061035,1819000,PFG,yfinance,2026-02-10T05:10:16.435896+00:00
2009-11-24,26.100000381469727,26.15999984741211,25.510000228881836,26.010000228881836,15.30675983428955,1840700,PFG,yfinance,2026-02-10T05:10:16.435896+00:00
2009-11-25,26.059999465942383,26.489999771118164,25.90999984741211,26.18000030517578,15.406805038452148,2077100,PFG,yfinance,2026-02-10T05:10:16.435896+00:00
2009-11-27,24.959999084472656,25.56999969482422,24.670000076293945,25.0,14.71237564086914,1558500,PFG,yfinance,2026-02-10T05:10:16.435896+00:00
2009-11-30,25.09000015258789,25.43000030517578,24.719999313354492,25.389999389648438,14.941892623901367,2838600,PFG,yfinance,2026-02-10T05:10:16.435896+00:00
2009-12-01,25.6299991607666,25.780000686645508,25.25,25.40999984741211,14.953661918640137,2556200,PFG,yfinance,2026-02-10T05:10:16.435896+00:00
2009-12-02,25.389999389648438,26.020000457763672,25.15999984741211,25.979999542236328,15.28909683227539,3063100,PFG,yfinance,2026-02-10T05:10:16.435896+00:00
2009-12-03,26.059999465942383,26.670000076293945,22.200000762939453,22.520000457763672,13.252910614013672,17184600,PFG,yfinance,2026-02-10T05:10:16.435896+00:00
2009-12-04,23.149999618530273,24.1200008392334,22.360000610351562,24.09000015258789,14.176849365234375,11600700,PFG,yfinance,2026-02-10T05:10:16.435896+00:00
2009-12-07,23.829999923706055,24.229999542236328,23.25,23.329999923706055,13.729591369628906,4986100,PFG,yfinance,2026-02-10T05:10:16.435896+00:00
2009-12-08,23.020000457763672,23.40999984741211,22.969999313354492,23.280000686645508,13.700165748596191,2373100,PFG,yfinance,2026-02-10T05:10:16.435896+00:00
2009-12-09,23.209999084472656,23.450000762939453,22.700000762939453,23.100000381469727,13.594236373901367,2386800,PFG,yfinance,2026-02-10T05:10:16.435896+00:00
2009-12-10,23.270000457763672,23.469999313354492,22.979999542236328,23.06999969482422,13.576579093933105,3291500,PFG,yfinance,2026-02-10T05:10:16.435896+00:00
2009-12-11,23.06999969482422,23.639999389648438,22.989999771118164,23.600000381469727,13.888482093811035,1878400,PFG,yfinance,2026-02-10T05:10:16.435896+00:00
2009-12-14,23.600000381469727,24.280000686645508,23.520000457763672,23.8700008392334,14.047374725341797,2231200,PFG,yfinance,2026-02-10T05:10:16.435896+00:00
2009-12-15,23.68000030517578,23.969999313354492,23.209999084472656,23.309999465942383,13.71782112121582,3118300,PFG,yfinance,2026-02-10T05:10:16.435896+00:00
2009-12-16,23.489999771118164,24.399999618530273,23.469999313354492,24.020000457763672,14.135648727416992,2732200,PFG,yfinance,2026-02-10T05:10:16.435896+00:00
2009-12-17,23.860000610351562,24.100000381469727,23.450000762939453,23.709999084472656,13.95321273803711,3573800,PFG,yfinance,2026-02-10T05:10:16.435896+00:00
2009-12-18,23.770000457763672,24.040000915527344,23.5,23.719999313354492,13.959099769592285,3585200,PFG,yfinance,2026-02-10T05:10:16.435896+00:00
2009-12-21,23.889999389648438,24.299999237060547,23.600000381469727,24.229999542236328,14.259235382080078,3323500,PFG,yfinance,2026-02-10T05:10:16.435896+00:00
2009-12-22,24.139999389648438,25.209999084472656,24.139999389648438,25.209999084472656,14.835965156555176,2680100,PFG,yfinance,2026-02-10T05:10:16.435896+00:00
2009-12-23,25.280000686645508,25.559999465942383,25.059999465942383,25.43000030517578,14.965432167053223,2058800,PFG,yfinance,2026-02-10T05:10:16.435896+00:00
2009-12-24,25.799999237060547,25.829999923706055,25.40999984741211,25.459999084472656,14.983089447021484,657600,PFG,yfinance,2026-02-10T05:10:16.435896+00:00
2009-12-28,25.510000228881836,25.6299991607666,24.90999984741211,24.969999313354492,14.694722175598145,1610300,PFG,yfinance,2026-02-10T05:10:16.435896+00:00
2009-12-29,25.139999389648438,25.290000915527344,24.549999237060547,24.6299991607666,14.49463176727295,1590000,PFG,yfinance,2026-02-10T05:10:16.435896+00:00
2009-12-30,24.530000686645508,24.59000015258789,24.260000228881836,24.350000381469727,14.32985782623291,1228300,PFG,yfinance,2026-02-10T05:10:16.435896+00:00
2009-12-31,24.469999313354492,24.6299991607666,24.020000457763672,24.040000915527344,14.147420883178711,1241700,PFG,yfinance,2026-02-10T05:10:16.435896+00:00
2010-01-04,24.110000610351562,25.030000686645508,24.100000381469727,25.0,14.71237564086914,3470900,PFG,yfinance,2026-02-10T05:10:16.435896+00:00
2010-01-05,24.90999984741211,25.6299991607666,24.709999084472656,25.59000015258789,15.059593200683594,3689900,PFG,yfinance,2026-02-10T05:10:16.435896+00:00
2010-01-06,25.440000534057617,25.489999771118164,24.780000686645508,25.420000076293945,14.959546089172363,2179300,PFG,yfinance,2026-02-10T05:10:16.435896+00:00
2010-01-07,25.40999984741211,25.639999389648438,24.920000076293945,25.639999389648438,15.089015007019043,2642100,PFG,yfinance,2026-02-10T05:10:16.435896+00:00
2010-01-08,25.469999313354492,25.760000228881836,25.290000915527344,25.670000076293945,15.106670379638672,3806100,PFG,yfinance,2026-02-10T05:10:16.435896+00:00
2010-01-11,25.75,26.1200008392334,25.559999465942383,25.790000915527344,15.177289009094238,1318400,PFG,yfinance,2026-02-10T05:10:16.435896+00:00
2010-01-12,26.59000015258789,26.979999542236328,25.209999084472656,25.350000381469727,14.918351173400879,3634200,PFG,yfinance,2026-02-10T05:10:16.435896+00:00
2010-01-13,25.540000915527344,25.729999542236328,25.15999984741211,25.530000686645508,15.024285316467285,1946200,PFG,yfinance,2026-02-10T05:10:16.435896+00:00
2010-01-14,25.530000686645508,25.829999923706055,25.079999923706055,25.649999618530273,15.094904899597168,1713600,PFG,yfinance,2026-02-10T05:10:16.435896+00:00
2010-01-15,25.469999313354492,25.8799991607666,25.170000076293945,25.260000228881836,14.865387916564941,2082000,PFG,yfinance,2026-02-10T05:10:16.435896+00:00
2010-01-19,25.15999984741211,25.959999084472656,25.030000686645508,25.780000686645508,15.171399116516113,2072700,PFG,yfinance,2026-02-10T05:10:16.435896+00:00
2010-01-20,25.479999542236328,25.479999542236328,24.770000457763672,25.170000076293945,14.812422752380371,2338800,PFG,yfinance,2026-02-10T05:10:16.435896+00:00
2010-01-21,25.15999984741211,25.3799991607666,23.75,23.809999465942383,14.012066841125488,5080800,PFG,yfinance,2026-02-10T05:10:16.435896+00:00
2010-01-22,23.760000228881836,24.350000381469727,23.190000534057617,23.34000015258789,13.735477447509766,5751600,PFG,yfinance,2026-02-10T05:10:16.435896+00:00
2010-01-25,23.760000228881836,24.079999923706055,23.420000076293945,23.760000228881836,13.982645988464355,2916500,PFG,yfinance,2026-02-10T05:10:16.435896+00:00
2010-01-26,23.549999237060547,23.979999542236328,23.280000686645508,23.360000610351562,13.747244834899902,2806000,PFG,yfinance,2026-02-10T05:10:16.435896+00:00
2010-01-27,23.360000610351562,24.020000457763672,23.139999389648438,24.010000228881836,14.129765510559082,3707900,PFG,yfinance,2026-02-10T05:10:16.435896+00:00
2010-01-28,24.260000228881836,24.260000228881836,23.059999465942383,23.170000076293945,13.635430335998535,4017900,PFG,yfinance,2026-02-10T05:10:16.435896+00:00
2010-01-29,23.3799991607666,23.65999984741211,22.979999542236328,23.049999237060547,13.564807891845703,3480200,PFG,yfinance,2026-02-10T05:10:16.435896+00:00
2010-02-01,23.239999771118164,23.690000534057617,23.100000381469727,23.329999923706055,13.729591369628906,1882800,PFG,yfinance,2026-02-10T05:10:16.435896+00:00
2010-02-02,23.40999984741211,24.049999237060547,23.100000381469727,24.0,14.123882293701172,3614800,PFG,yfinance,2026-02-10T05:10:16.435896+00:00
2010-02-03,23.8799991607666,24.079999923706055,23.299999237060547,23.450000762939453,13.800216674804688,2894800,PFG,yfinance,2026-02-10T05:10:16.435896+00:00
2010-02-04,23.010000228881836,23.309999465942383,22.530000686645508,22.56999969482422,13.282333374023438,3661500,PFG,yfinance,2026-02-10T05:10:16.435896+00:00
2010-02-05,22.469999313354492,22.799999237060547,21.59000015258789,22.459999084472656,13.217601776123047,3843900,PFG,yfinance,2026-02-10T05:10:16.435896+00:00
2010-02-08,22.610000610351562,22.93000030517578,22.079999923706055,22.190000534057617,13.058707237243652,3291100,PFG,yfinance,2026-02-10T05:10:16.435896+00:00
2010-02-09,21.639999389648438,22.81999969482422,20.889999389648438,21.450000762939453,12.623223304748535,6365500,PFG,yfinance,2026-02-10T05:10:16.435896+00:00
2010-02-10,21.329999923706055,22.049999237060547,21.18000030517578,21.899999618530273,12.88803768157959,3778400,PFG,yfinance,2026-02-10T05:10:16.435896+00:00
2010-02-11,21.8799991607666,22.239999771118164,21.389999389648438,22.209999084472656,13.070476531982422,3834800,PFG,yfinance,2026-02-10T05:10:16.435896+00:00
2010-02-12,21.940000534057617,22.1200008392334,21.65999984741211,22.040000915527344,12.970434188842773,3531300,PFG,yfinance,2026-02-10T05:10:16.435896+00:00
2010-02-16,22.309999465942383,22.809999465942383,22.200000762939453,22.809999465942383,13.423574447631836,2727000,PFG,yfinance,2026-02-10T05:10:16.435896+00:00
2010-02-17,22.90999984741211,23.100000381469727,22.770000457763672,22.84000015258789,13.441229820251465,3088400,PFG,yfinance,2026-02-10T05:10:16.435896+00:00
2010-02-18,22.670000076293945,22.989999771118164,22.59000015258789,22.969999313354492,13.517727851867676,2654900,PFG,yfinance,2026-02-10T05:10:16.435896+00:00
2010-02-19,22.799999237060547,22.93000030517578,22.450000762939453,22.829999923706055,13.435348510742188,2801200,PFG,yfinance,2026-02-10T05:10:16.435896+00:00
2010-02-22,22.860000610351562,23.149999618530273,22.850000381469727,23.0,13.535385131835938,2344800,PFG,yfinance,2026-02-10T05:10:16.435896+00:00
2010-02-23,22.809999465942383,22.850000381469727,22.100000381469727,22.209999084472656,13.070476531982422,3261500,PFG,yfinance,2026-02-10T05:10:16.435896+00:00
2010-02-24,22.31999969482422,23.219999313354492,22.299999237060547,23.200000762939453,13.653083801269531,3551200,PFG,yfinance,2026-02-10T05:10:16.435896+00:00
2010-02-25,22.670000076293945,23.170000076293945,22.399999618530273,23.1200008392334,13.606001853942871,3051900,PFG,yfinance,2026-02-10T05:10:16.435896+00:00
2010-02-26,23.200000762939453,23.25,22.790000915527344,23.209999084472656,13.65897274017334,2308800,PFG,yfinance,2026-02-10T05:10:16.435896+00:00
2010-03-01,23.239999771118164,23.549999237060547,23.100000381469727,23.15999984741211,13.629548072814941,2442100,PFG,yfinance,2026-02-10T05:10:16.435896+00:00
2010-03-02,23.25,23.93000030517578,23.25,23.780000686645508,13.994416236877441,3145200,PFG,yfinance,2026-02-10T05:10:16.435896+00:00
2010-03-03,23.8700008392334,24.209999084472656,23.729999542236328,23.959999084472656,14.10033893585205,2833900,PFG,yfinance,2026-02-10T05:10:16.435896+00:00
2010-03-04,23.989999771118164,24.200000762939453,23.729999542236328,24.15999984741211,14.21804141998291,2784500,PFG,yfinance,2026-02-10T05:10:16.435896+00:00
2010-03-05,24.31999969482422,24.860000610351562,24.110000610351562,24.799999237060547,14.594680786132812,2654900,PFG,yfinance,2026-02-10T05:10:16.435896+00:00
2010-03-08,24.790000915527344,24.979999542236328,24.610000610351562,24.90999984741211,14.659412384033203,2499400,PFG,yfinance,2026-02-10T05:10:16.435896+00:00
2010-03-09,24.729999542236328,25.239999771118164,24.690000534057617,25.040000915527344,14.735921859741211,2148900,PFG,yfinance,2026-02-10T05:10:16.435896+00:00
2010-03-10,25.15999984741211,25.639999389648438,24.899999618530273,25.43000030517578,14.965432167053223,2716200,PFG,yfinance,2026-02-10T05:10:16.435896+00:00
2010-03-11,25.299999237060547,25.459999084472656,24.93000030517578,25.440000534057617,14.971320152282715,2001500,PFG,yfinance,2026-02-10T05:10:16.435896+00:00
2010-03-12,25.700000762939453,25.860000610351562,25.34000015258789,25.610000610351562,15.071362495422363,3234400,PFG,yfinance,2026-02-10T05:10:16.435896+00:00
2010-03-15,25.549999237060547,25.969999313354492,25.360000610351562,25.969999313354492,15.283221244812012,3925100,PFG,yfinance,2026-02-10T05:10:16.435896+00:00
2010-03-16,26.0,26.8799991607666,25.809999465942383,26.829999923706055,15.789327621459961,3894600,PFG,yfinance,2026-02-10T05:10:16.435896+00:00
2010-03-17,27.010000228881836,28.100000381469727,26.969999313354492,27.760000228881836,16.33662223815918,6069300,PFG,yfinance,2026-02-10T05:10:16.435896+00:00
2010-03-18,27.700000762939453,28.030000686645508,27.56999969482422,27.760000228881836,16.33662223815918,4021200,PFG,yfinance,2026-02-10T05:10:16.435896+00:00
2010-03-19,27.399999618530273,27.940000534057617,27.239999771118164,27.399999618530273,16.124765396118164,4655700,PFG,yfinance,2026-02-10T05:10:16.435896+00:00
2010-03-22,27.020000457763672,27.610000610351562,26.610000610351562,27.450000762939453,16.15418815612793,4335400,PFG,yfinance,2026-02-10T05:10:16.435896+00:00
2010-03-23,27.56999969482422,28.100000381469727,27.31999969482422,28.040000915527344,16.501405715942383,3559000,PFG,yfinance,2026-02-10T05:10:16.435896+00:00
2010-03-24,27.8700008392334,28.860000610351562,27.780000686645508,28.65999984741211,16.866268157958984,5912800,PFG,yfinance,2026-02-10T05:10:16.435896+00:00
2010-03-25,28.90999984741211,29.610000610351562,28.799999237060547,29.18000030517578,17.172286987304688,6958500,PFG,yfinance,2026-02-10T05:10:16.435896+00:00
2010-03-26,29.299999237060547,29.510000228881836,28.940000534057617,29.170000076293945,17.166404724121094,4691400,PFG,yfinance,2026-02-10T05:10:16.435896+00:00
2010-03-29,29.360000610351562,29.489999771118164,28.920000076293945,29.31999969482422,17.25467300415039,4436000,PFG,yfinance,2026-02-10T05:10:16.435896+00:00
2010-03-30,29.389999389648438,29.40999984741211,28.6299991607666,28.81999969482422,16.96042823791504,3183900,PFG,yfinance,2026-02-10T05:10:16.435896+00:00
2010-03-31,28.700000762939453,29.239999771118164,28.639999389648438,29.209999084472656,17.189945220947266,5143300,PFG,yfinance,2026-02-10T05:10:16.435896+00:00
2010-04-01,29.479999542236328,29.90999984741211,29.239999771118164,29.440000534057617,17.32529640197754,5247600,PFG,yfinance,2026-02-10T05:10:16.435896+00:00
2010-04-05,29.579999923706055,30.219999313354492,29.579999923706055,30.09000015258789,17.707820892333984,4041200,PFG,yfinance,2026-02-10T05:10:16.435896+00:00
2010-04-06,29.950000762939453,30.479999542236328,29.860000610351562,30.31999969482422,17.843170166015625,3186800,PFG,yfinance,2026-02-10T05:10:16.435896+00:00
2010-04-07,30.239999771118164,30.329999923706055,29.280000686645508,29.6299991607666,17.437114715576172,4462100,PFG,yfinance,2026-02-10T05:10:16.435896+00:00
2010-04-08,28.850000381469727,29.639999389648438,28.850000381469727,29.420000076293945,17.313526153564453,4243600,PFG,yfinance,2026-02-10T05:10:16.435896+00:00
2010-04-09,29.579999923706055,29.670000076293945,28.860000610351562,29.299999237060547,17.242910385131836,3543400,PFG,yfinance,2026-02-10T05:10:16.435896+00:00
2010-04-12,29.3799991607666,29.559999465942383,29.040000915527344,29.06999969482422,17.107553482055664,3001800,PFG,yfinance,2026-02-10T05:10:16.435896+00:00
2010-04-13,28.969999313354492,29.260000228881836,28.889999389648438,29.100000381469727,17.125211715698242,2706200,PFG,yfinance,2026-02-10T05:10:16.435896+00:00
2010-04-14,29.219999313354492,29.969999313354492,29.15999984741211,29.860000610351562,17.572463989257812,3053600,PFG,yfinance,2026-02-10T05:10:16.435896+00:00
2010-04-15,29.739999771118164,30.1200008392334,29.479999542236328,29.899999618530273,17.59600257873535,3869500,PFG,yfinance,2026-02-10T05:10:16.435896+00:00
2010-04-16,29.790000915527344,30.0,28.790000915527344,29.040000915527344,17.08989906311035,4965100,PFG,yfinance,2026-02-10T05:10:16.435896+00:00
2010-04-19,28.579999923706055,29.670000076293945,28.579999923706055,29.670000076293945,17.460647583007812,3657200,PFG,yfinance,2026-02-10T05:10:16.435896+00:00
2010-04-20,30.020000457763672,30.219999313354492,29.84000015258789,30.219999313354492,17.784317016601562,2993000,PFG,yfinance,2026-02-10T05:10:16.435896+00:00
2010-04-21,30.219999313354492,30.40999984741211,29.649999618530273,30.079999923706055,17.701929092407227,2981100,PFG,yfinance,2026-02-10T05:10:16.435896+00:00
2010-04-22,29.700000762939453,29.889999389648438,29.15999984741211,29.6299991607666,17.437114715576172,4029200,PFG,yfinance,2026-02-10T05:10:16.435896+00:00
2010-04-23,30.0,31.100000381469727,29.81999969482422,31.040000915527344,18.266883850097656,4051600,PFG,yfinance,2026-02-10T05:10:16.435896+00:00
2010-04-26,31.0,31.40999984741211,30.709999084472656,30.770000457763672,18.107990264892578,2915400,PFG,yfinance,2026-02-10T05:10:16.435896+00:00
2010-04-27,30.43000030517578,30.649999618530273,28.739999771118164,28.81999969482422,16.96042823791504,5052000,PFG,yfinance,2026-02-10T05:10:16.435896+00:00
2010-04-28,29.15999984741211,30.139999389648438,28.969999313354492,29.25,17.213485717773438,3061900,PFG,yfinance,2026-02-10T05:10:16.435896+00:00
2010-04-29,29.639999389648438,30.559999465942383,29.639999389648438,30.329999923706055,17.84905242919922,4049900,PFG,yfinance,2026-02-10T05:10:16.435896+00:00
2010-04-30,29.950000762939453,30.440000534057617,29.190000534057617,29.219999313354492,17.195825576782227,3014300,PFG,yfinance,2026-02-10T05:10:16.435896+00:00
2010-05-03,29.579999923706055,30.389999389648438,29.469999313354492,30.260000228881836,17.807859420776367,2199400,PFG,yfinance,2026-02-10T05:10:16.435896+00:00
2010-05-04,30.600000381469727,30.68000030517578,29.3799991607666,29.549999237060547,17.390031814575195,4663600,PFG,yfinance,2026-02-10T05:10:16.435896+00:00
2010-05-05,29.079999923706055,30.1299991607666,28.81999969482422,29.399999618530273,17.301748275756836,3296200,PFG,yfinance,2026-02-10T05:10:16.435896+00:00
2010-05-06,29.190000534057617,29.899999618530273,26.010000228881836,28.34000015258789,16.677949905395508,4691700,PFG,yfinance,2026-02-10T05:10:16.435896+00:00
2010-05-07,28.420000076293945,28.93000030517578,27.350000381469727,27.670000076293945,16.283662796020508,5649400,PFG,yfinance,2026-02-10T05:10:16.435896+00:00
2010-05-10,28.989999771118164,30.489999771118164,28.8700008392334,30.229999542236328,17.79020881652832,5321100,PFG,yfinance,2026-02-10T05:10:16.435896+00:00
2010-05-11,29.760000228881836,30.530000686645508,29.540000915527344,29.850000381469727,17.566579818725586,5120600,PFG,yfinance,2026-02-10T05:10:16.435896+00:00
2010-05-12,30.110000610351562,30.739999771118164,29.90999984741211,30.68000030517578,18.055030822753906,2031800,PFG,yfinance,2026-02-10T05:10:16.435896+00:00
2010-05-13,30.469999313354492,30.68000030517578,30.100000381469727,30.110000610351562,17.719593048095703,1998200,PFG,yfinance,2026-02-10T05:10:16.435896+00:00
2010-05-14,29.670000076293945,29.799999237060547,28.540000915527344,28.899999618530273,17.00750732421875,2635600,PFG,yfinance,2026-02-10T05:10:16.435896+00:00
2010-05-17,28.93000030517578,29.540000915527344,28.399999618530273,29.309999465942383,17.24879264831543,2454000,PFG,yfinance,2026-02-10T05:10:16.435896+00:00
2010-05-18,29.59000015258789,29.829999923706055,28.18000030517578,28.489999771118164,16.76622200012207,4272600,PFG,yfinance,2026-02-10T05:10:16.435896+00:00
2010-05-19,27.979999542236328,28.68000030517578,27.450000762939453,28.15999984741211,16.572023391723633,4060800,PFG,yfinance,2026-02-10T05:10:16.435896+00:00
2010-05-20,27.420000076293945,27.520000457763672,26.1299991607666,26.1299991607666,15.3773775100708,5003100,PFG,yfinance,2026-02-10T05:10:16.435896+00:00
2010-05-21,25.110000610351562,26.549999237060547,25.110000610351562,26.200000762939453,15.418574333190918,7250900,PFG,yfinance,2026-02-10T05:10:16.435896+00:00
2010-05-24,25.959999084472656,26.709999084472656,25.84000015258789,25.90999984741211,15.247906684875488,3450700,PFG,yfinance,2026-02-10T05:10:16.435896+00:00
2010-05-25,25.010000228881836,26.1200008392334,24.579999923706055,26.100000381469727,15.359721183776855,4793200,PFG,yfinance,2026-02-10T05:10:16.435896+00:00
2010-05-26,26.540000915527344,26.8799991607666,25.8700008392334,26.06999969482422,15.342069625854492,2690700,PFG,yfinance,2026-02-10T05:10:16.435896+00:00
2010-05-27,26.780000686645508,28.1299991607666,26.760000228881836,28.1200008392334,16.54848289489746,3945000,PFG,yfinance,2026-02-10T05:10:16.435896+00:00
2010-05-28,28.079999923706055,28.079999923706055,27.0,27.190000534057617,16.00118064880371,2875000,PFG,yfinance,2026-02-10T05:10:16.435896+00:00
2010-06-01,26.809999465942383,27.290000915527344,26.270000457763672,26.299999237060547,15.477418899536133,2949700,PFG,yfinance,2026-02-10T05:10:16.435896+00:00
2010-06-02,26.6200008392334,27.579999923706055,26.110000610351562,27.549999237060547,16.213043212890625,2720600,PFG,yfinance,2026-02-10T05:10:16.435896+00:00
2010-06-03,27.59000015258789,27.790000915527344,26.989999771118164,27.40999984741211,16.130651473999023,1921100,PFG,yfinance,2026-02-10T05:10:16.435896+00:00
2010-06-04,26.799999237060547,26.799999237060547,25.690000534057617,25.8700008392334,15.224369049072266,3412100,PFG,yfinance,2026-02-10T05:10:16.435896+00:00
2010-06-07,26.010000228881836,26.229999542236328,24.969999313354492,25.030000686645508,14.730032920837402,3342900,PFG,yfinance,2026-02-10T05:10:16.435896+00:00
2010-06-08,25.219999313354492,25.790000915527344,24.790000915527344,25.700000762939453,15.124322891235352,4905100,PFG,yfinance,2026-02-10T05:10:16.435896+00:00
2010-06-09,25.899999618530273,26.290000915527344,25.1299991607666,25.290000915527344,14.883041381835938,3377500,PFG,yfinance,2026-02-10T05:10:16.435896+00:00
2010-06-10,26.1200008392334,26.420000076293945,25.739999771118164,26.360000610351562,15.512733459472656,2839500,PFG,yfinance,2026-02-10T05:10:16.435896+00:00
2010-06-11,25.899999618530273,26.100000381469727,25.6200008392334,25.75,15.153751373291016,5013900,PFG,yfinance,2026-02-10T05:10:16.435896+00:00
2010-06-14,26.030000686645508,26.520000457763672,25.850000381469727,25.8799991607666,15.230255126953125,4779300,PFG,yfinance,2026-02-10T05:10:16.435896+00:00
2010-06-15,26.270000457763672,27.1299991607666,26.059999465942383,27.040000915527344,15.912912368774414,3473900,PFG,yfinance,2026-02-10T05:10:16.435896+00:00
2010-06-16,26.809999465942383,26.899999618530273,26.219999313354492,26.420000076293945,15.548035621643066,4323200,PFG,yfinance,2026-02-10T05:10:16.435896+00:00
2010-06-17,26.469999313354492,26.549999237060547,25.940000534057617,26.399999618530273,15.536270141601562,2872300,PFG,yfinance,2026-02-10T05:10:16.435896+00:00
2010-06-18,26.43000030517578,26.489999771118164,26.190000534057617,26.350000381469727,15.506853103637695,2280000,PFG,yfinance,2026-02-10T05:10:16.435896+00:00
2010-06-21,26.780000686645508,26.84000015258789,25.8799991607666,26.06999969482422,15.342069625854492,2577400,PFG,yfinance,2026-02-10T05:10:16.435896+00:00
2010-06-22,26.100000381469727,26.3700008392334,25.6200008392334,25.68000030517578,15.112555503845215,2266800,PFG,yfinance,2026-02-10T05:10:16.435896+00:00
2010-06-23,25.690000534057617,25.84000015258789,25.15999984741211,25.510000228881836,15.012510299682617,3116700,PFG,yfinance,2026-02-10T05:10:16.435896+00:00
2010-06-24,25.299999237060547,25.649999618530273,24.799999237060547,24.8700008392334,14.635872840881348,3763900,PFG,yfinance,2026-02-10T05:10:16.435896+00:00
2010-06-25,25.1299991607666,25.760000228881836,24.84000015258789,25.399999618530273,14.947779655456543,8871900,PFG,yfinance,2026-02-10T05:10:16.435896+00:00
2010-06-28,25.40999984741211,25.850000381469727,25.219999313354492,25.399999618530273,14.947779655456543,2572900,PFG,yfinance,2026-02-10T05:10:16.435896+00:00
2010-06-29,24.690000534057617,24.90999984741211,23.709999084472656,23.93000030517578,14.082688331604004,5152300,PFG,yfinance,2026-02-10T05:10:16.435896+00:00
2010-06-30,23.850000381469727,24.299999237060547,23.329999923706055,23.440000534057617,13.794330596923828,3480600,PFG,yfinance,2026-02-10T05:10:16.435896+00:00
2010-07-01,23.450000762939453,23.649999618530273,22.350000381469727,23.139999389648438,13.617779731750488,4709700,PFG,yfinance,2026-02-10T05:10:16.435896+00:00
2010-07-02,23.3799991607666,23.56999969482422,22.520000457763672,23.010000228881836,13.541274070739746,4776100,PFG,yfinance,2026-02-10T05:10:16.435896+00:00
2010-07-06,23.56999969482422,23.68000030517578,22.610000610351562,22.959999084472656,13.511846542358398,4122100,PFG,yfinance,2026-02-10T05:10:16.435896+00:00
2010-07-07,23.079999923706055,24.1200008392334,22.899999618530273,24.06999969482422,14.165077209472656,4037000,PFG,yfinance,2026-02-10T05:10:16.435896+00:00
2010-07-08,24.329999923706055,24.530000686645508,23.979999542236328,24.510000228881836,14.424015998840332,2729800,PFG,yfinance,2026-02-10T05:10:16.435896+00:00
2010-07-09,24.479999542236328,24.889999389648438,24.280000686645508,24.8700008392334,14.635872840881348,2811700,PFG,yfinance,2026-02-10T05:10:16.435896+00:00
2010-07-12,24.719999313354492,24.8700008392334,24.420000076293945,24.610000610351562,14.482866287231445,2292400,PFG,yfinance,2026-02-10T05:10:16.435896+00:00
2010-07-13,25.100000381469727,25.670000076293945,24.920000076293945,25.479999542236328,14.994856834411621,3151600,PFG,yfinance,2026-02-10T05:10:16.435896+00:00
2010-07-14,25.399999618530273,25.670000076293945,25.06999969482422,25.399999618530273,14.947779655456543,3777000,PFG,yfinance,2026-02-10T05:10:16.435896+00:00
2010-07-15,25.450000762939453,25.450000762939453,24.719999313354492,25.299999237060547,14.888925552368164,3234900,PFG,yfinance,2026-02-10T05:10:16.435896+00:00
2010-07-16,24.899999618530273,24.959999084472656,23.709999084472656,23.799999237060547,14.006185531616211,3628400,PFG,yfinance,2026-02-10T05:10:16.435896+00:00
2010-07-19,23.920000076293945,24.270000457763672,23.6200008392334,24.1200008392334,14.194503784179688,2507400,PFG,yfinance,2026-02-10T05:10:16.435896+00:00
2010-07-20,23.549999237060547,24.530000686645508,23.489999771118164,24.489999771118164,14.412243843078613,2539500,PFG,yfinance,2026-02-10T05:10:16.435896+00:00
2010-07-21,24.899999618530273,24.899999618530273,24.020000457763672,24.239999771118164,14.265121459960938,4541000,PFG,yfinance,2026-02-10T05:10:16.435896+00:00
2010-07-22,24.739999771118164,25.440000534057617,24.649999618530273,25.350000381469727,14.918351173400879,2874500,PFG,yfinance,2026-02-10T05:10:16.435896+00:00
2010-07-23,25.190000534057617,25.690000534057617,24.950000762939453,25.59000015258789,15.059593200683594,2350000,PFG,yfinance,2026-02-10T05:10:16.435896+00:00
2010-07-26,25.6299991607666,25.809999465942383,25.170000076293945,25.6299991607666,15.083125114440918,2681700,PFG,yfinance,2026-02-10T05:10:16.435896+00:00
2010-07-27,26.09000015258789,26.1299991607666,25.459999084472656,25.530000686645508,15.024285316467285,3153600,PFG,yfinance,2026-02-10T05:10:16.435896+00:00
2010-07-28,25.389999389648438,25.479999542236328,24.799999237060547,24.920000076293945,14.665291786193848,3136100,PFG,yfinance,2026-02-10T05:10:16.435896+00:00
2010-07-29,25.110000610351562,26.010000228881836,24.989999771118164,25.899999618530273,15.242029190063477,5322100,PFG,yfinance,2026-02-10T05:10:16.435896+00:00
2010-07-30,25.489999771118164,25.829999923706055,25.280000686645508,25.610000610351562,15.071362495422363,4192600,PFG,yfinance,2026-02-10T05:10:16.435896+00:00
2010-08-02,26.149999618530273,26.280000686645508,25.760000228881836,26.079999923706055,15.347954750061035,6348000,PFG,yfinance,2026-02-10T05:10:16.435896+00:00
2010-08-03,24.780000686645508,25.600000381469727,24.0,24.799999237060547,14.594680786132812,5587900,PFG,yfinance,2026-02-10T05:10:16.435896+00:00
2010-08-04,24.8700008392334,25.100000381469727,24.40999984741211,24.739999771118164,14.559367179870605,2735500,PFG,yfinance,2026-02-10T05:10:16.435896+00:00
2010-08-05,24.510000228881836,24.600000381469727,24.25,24.549999237060547,14.447553634643555,3200400,PFG,yfinance,2026-02-10T05:10:16.435896+00:00
2010-08-06,24.190000534057617,24.469999313354492,23.540000915527344,24.0,14.123882293701172,4198200,PFG,yfinance,2026-02-10T05:10:16.435896+00:00
2010-08-09,24.1200008392334,24.510000228881836,23.950000762939453,24.510000228881836,14.424015998840332,3661600,PFG,yfinance,2026-02-10T05:10:16.435896+00:00
2010-08-10,24.200000762939453,24.399999618530273,23.899999618530273,24.229999542236328,14.259235382080078,3916700,PFG,yfinance,2026-02-10T05:10:16.435896+00:00
2010-08-11,23.719999313354492,23.719999313354492,22.920000076293945,22.979999542236328,13.52362060546875,3170400,PFG,yfinance,2026-02-10T05:10:16.435896+00:00
2010-08-12,22.6299991607666,22.989999771118164,22.450000762939453,22.760000228881836,13.39415454864502,2632000,PFG,yfinance,2026-02-10T05:10:16.435896+00:00
2010-08-13,22.719999313354492,23.209999084472656,22.600000381469727,22.889999389648438,13.470650672912598,2704700,PFG,yfinance,2026-02-10T05:10:16.435896+00:00
2010-08-16,22.739999771118164,22.940000534057617,22.5,22.760000228881836,13.39415454864502,3338200,PFG,yfinance,2026-02-10T05:10:16.435896+00:00
2010-08-17,23.0,23.139999389648438,22.920000076293945,23.010000228881836,13.541274070739746,4469400,PFG,yfinance,2026-02-10T05:10:16.435896+00:00
2010-08-18,23.030000686645508,23.260000228881836,22.850000381469727,23.030000686645508,13.5530424118042,2555600,PFG,yfinance,2026-02-10T05:10:16.435896+00:00
2010-08-19,22.8700008392334,23.020000457763672,22.600000381469727,22.739999771118164,13.382376670837402,6780500,PFG,yfinance,2026-02-10T05:10:16.435896+00:00
2010-08-20,22.489999771118164,22.65999984741211,22.270000457763672,22.389999389648438,13.176407814025879,3105200,PFG,yfinance,2026-02-10T05:10:16.435896+00:00
2010-08-23,22.530000686645508,22.530000686645508,21.989999771118164,21.989999771118164,12.941009521484375,2383100,PFG,yfinance,2026-02-10T05:10:16.435896+00:00
2010-08-24,21.65999984741211,21.940000534057617,21.510000228881836,21.559999465942383,12.68795394897461,5029400,PFG,yfinance,2026-02-10T05:10:16.435896+00:00
2010-08-25,21.290000915527344,22.1200008392334,21.190000534057617,22.030000686645508,12.964548110961914,4132200,PFG,yfinance,2026-02-10T05:10:16.435896+00:00
2010-08-26,22.1200008392334,22.40999984741211,21.920000076293945,22.020000457763672,12.958664894104004,4618300,PFG,yfinance,2026-02-10T05:10:16.435896+00:00
2010-08-27,22.200000762939453,23.219999313354492,21.739999771118164,23.209999084472656,13.65897274017334,4430200,PFG,yfinance,2026-02-10T05:10:16.435896+00:00
2010-08-30,23.059999465942383,23.1200008392334,22.389999389648438,22.510000228881836,13.247021675109863,3553900,PFG,yfinance,2026-02-10T05:10:16.435896+00:00
2010-08-31,22.5,23.1299991607666,22.229999542236328,23.049999237060547,13.564807891845703,4188700,PFG,yfinance,2026-02-10T05:10:16.435896+00:00
2010-09-01,23.389999389648438,24.469999313354492,23.350000381469727,24.459999084472656,14.394585609436035,4461100,PFG,yfinance,2026-02-10T05:10:16.435896+00:00
2010-09-02,24.450000762939453,24.81999969482422,24.260000228881836,24.790000915527344,14.588794708251953,2240000,PFG,yfinance,2026-02-10T05:10:16.435896+00:00
2010-09-03,25.1200008392334,25.600000381469727,25.049999237060547,25.559999465942383,15.0419282913208,3207700,PFG,yfinance,2026-02-10T05:10:16.435896+00:00
2010-09-07,25.190000534057617,25.190000534057617,24.709999084472656,24.780000686645508,14.582906723022461,3024100,PFG,yfinance,2026-02-10T05:10:16.435896+00:00
2010-09-08,24.940000534057617,25.510000228881836,24.940000534057617,25.06999969482422,14.753575325012207,2258400,PFG,yfinance,2026-02-10T05:10:16.435896+00:00
2010-09-09,25.600000381469727,25.770000457763672,25.219999313354492,25.489999771118164,15.000738143920898,2021800,PFG,yfinance,2026-02-10T05:10:16.435896+00:00
2010-09-10,25.489999771118164,25.639999389648438,25.239999771118164,25.450000762939453,14.977198600769043,1880000,PFG,yfinance,2026-02-10T05:10:16.435896+00:00
2010-09-13,26.0,26.149999618530273,25.719999313354492,26.110000610351562,15.365612030029297,1967000,PFG,yfinance,2026-02-10T05:10:16.435896+00:00
2010-09-14,25.899999618530273,26.270000457763672,25.670000076293945,26.010000228881836,15.30675983428955,2096600,PFG,yfinance,2026-02-10T05:10:16.435896+00:00
2010-09-15,25.850000381469727,26.0,25.540000915527344,25.940000534057617,15.265556335449219,2067200,PFG,yfinance,2026-02-10T05:10:16.435896+00:00
2010-09-16,25.860000610351562,25.889999389648438,25.309999465942383,25.549999237060547,15.036048889160156,2010700,PFG,yfinance,2026-02-10T05:10:16.435896+00:00
2010-09-17,25.670000076293945,25.8700008392334,25.100000381469727,25.350000381469727,14.918351173400879,2267200,PFG,yfinance,2026-02-10T05:10:16.435896+00:00
2010-09-20,25.3799991607666,26.219999313354492,25.31999969482422,26.1299991607666,15.3773775100708,2159000,PFG,yfinance,2026-02-10T05:10:16.435896+00:00
2010-09-21,26.209999084472656,26.639999389648438,26.049999237060547,26.200000762939453,15.418574333190918,2399200,PFG,yfinance,2026-02-10T05:10:16.435896+00:00
2010-09-22,26.010000228881836,26.09000015258789,25.489999771118164,25.75,15.153751373291016,4589200,PFG,yfinance,2026-02-10T05:10:16.435896+00:00
2010-09-23,25.350000381469727,25.6299991607666,24.790000915527344,24.799999237060547,14.594680786132812,3962200,PFG,yfinance,2026-02-10T05:10:16.435896+00:00
2010-09-24,25.239999771118164,26.020000457763672,25.200000762939453,25.899999618530273,15.242029190063477,2384300,PFG,yfinance,2026-02-10T05:10:16.435896+00:00
2010-09-27,25.829999923706055,26.209999084472656,25.6200008392334,25.920000076293945,15.253791809082031,3330500,PFG,yfinance,2026-02-10T05:10:16.435896+00:00
2010-09-28,25.989999771118164,26.350000381469727,25.540000915527344,26.260000228881836,15.453878402709961,2310600,PFG,yfinance,2026-02-10T05:10:16.435896+00:00
2010-09-29,26.030000686645508,26.290000915527344,25.84000015258789,25.950000762939453,15.271448135375977,2487000,PFG,yfinance,2026-02-10T05:10:16.435896+00:00
2010-09-30,26.040000915527344,26.479999542236328,25.770000457763672,25.920000076293945,15.253791809082031,4185400,PFG,yfinance,2026-02-10T05:10:16.435896+00:00
2010-10-01,26.219999313354492,26.5,25.65999984741211,25.920000076293945,15.253791809082031,2641700,PFG,yfinance,2026-02-10T05:10:16.435896+00:00
2010-10-04,25.770000457763672,26.0,25.420000076293945,25.690000534057617,15.118440628051758,2884500,PFG,yfinance,2026-02-10T05:10:16.435896+00:00
2010-10-05,26.09000015258789,26.75,25.860000610351562,26.549999237060547,15.62454605102539,4191100,PFG,yfinance,2026-02-10T05:10:16.435896+00:00
2010-10-06,26.549999237060547,26.950000762939453,26.350000381469727,26.84000015258789,15.795210838317871,3685300,PFG,yfinance,2026-02-10T05:10:16.435896+00:00
2010-10-07,26.979999542236328,27.100000381469727,26.56999969482422,26.700000762939453,15.712821960449219,2612800,PFG,yfinance,2026-02-10T05:10:16.435896+00:00
2010-10-08,26.790000915527344,27.5,26.690000534057617,27.360000610351562,16.101226806640625,2696100,PFG,yfinance,2026-02-10T05:10:16.435896+00:00
2010-10-11,27.329999923706055,27.329999923706055,27.049999237060547,27.219999313354492,16.018831253051758,1886900,PFG,yfinance,2026-02-10T05:10:16.435896+00:00
2010-10-12,27.139999389648438,27.15999984741211,26.899999618530273,27.010000228881836,15.895257949829102,3958300,PFG,yfinance,2026-02-10T05:10:16.435896+00:00
2010-10-13,27.149999618530273,27.510000228881836,27.010000228881836,27.020000457763672,15.901140213012695,3196900,PFG,yfinance,2026-02-10T05:10:16.435896+00:00
2010-10-14,26.8700008392334,27.139999389648438,26.09000015258789,26.670000076293945,15.695159912109375,4699800,PFG,yfinance,2026-02-10T05:10:16.435896+00:00
2010-10-15,26.979999542236328,27.030000686645508,26.190000534057617,26.479999542236328,15.583348274230957,3504600,PFG,yfinance,2026-02-10T05:10:16.435896+00:00
2010-10-18,26.530000686645508,26.959999084472656,26.40999984741211,26.920000076293945,15.842286109924316,5650300,PFG,yfinance,2026-02-10T05:10:16.435896+00:00
2010-10-19,26.3700008392334,27.100000381469727,26.1200008392334,26.260000228881836,15.453878402709961,3134100,PFG,yfinance,2026-02-10T05:10:16.435896+00:00
2010-10-20,26.350000381469727,27.06999969482422,26.299999237060547,26.850000381469727,15.801095962524414,2080900,PFG,yfinance,2026-02-10T05:10:16.435896+00:00
2010-10-21,26.969999313354492,27.34000015258789,26.739999771118164,27.09000015258789,15.942331314086914,3157000,PFG,yfinance,2026-02-10T05:10:16.435896+00:00
2010-10-22,27.1299991607666,27.139999389648438,26.860000610351562,27.06999969482422,15.930566787719727,1896200,PFG,yfinance,2026-02-10T05:10:16.435896+00:00
2010-10-25,27.829999923706055,28.3799991607666,27.079999923706055,27.229999542236328,16.02472496032715,2611500,PFG,yfinance,2026-02-10T05:10:16.435896+00:00
2010-10-26,27.020000457763672,27.260000228881836,26.920000076293945,27.110000610351562,15.954097747802734,1766000,PFG,yfinance,2026-02-10T05:10:16.435896+00:00
2010-10-27,26.610000610351562,27.299999237060547,26.610000610351562,27.260000228881836,16.042373657226562,2200700,PFG,yfinance,2026-02-10T05:10:16.435896+00:00
2010-10-28,27.489999771118164,27.56999969482422,26.920000076293945,27.100000381469727,15.948219299316406,1849100,PFG,yfinance,2026-02-10T05:10:16.435896+00:00
2010-10-29,27.010000228881836,27.170000076293945,26.799999237060547,26.84000015258789,15.795210838317871,1860600,PFG,yfinance,2026-02-10T05:10:16.435896+00:00
2010-11-01,27.190000534057617,27.34000015258789,26.68000030517578,26.989999771118164,15.883481979370117,2081400,PFG,yfinance,2026-02-10T05:10:16.435896+00:00
2010-11-02,27.389999389648438,27.90999984741211,27.1200008392334,27.5,16.183618545532227,2375700,PFG,yfinance,2026-02-10T05:10:16.435896+00:00
2010-11-03,27.520000457763672,28.170000076293945,27.420000076293945,28.170000076293945,16.577905654907227,2437600,PFG,yfinance,2026-02-10T05:10:16.435896+00:00
2010-11-04,28.479999542236328,29.6299991607666,28.350000381469727,29.59000015258789,17.413570404052734,7347800,PFG,yfinance,2026-02-10T05:10:16.435896+00:00
2010-11-05,29.510000228881836,30.229999542236328,29.34000015258789,29.799999237060547,17.537155151367188,6974900,PFG,yfinance,2026-02-10T05:10:16.435896+00:00
2010-11-08,29.559999465942383,29.6299991607666,29.190000534057617,29.459999084472656,17.33707046508789,6035400,PFG,yfinance,2026-02-10T05:10:16.435896+00:00
2010-11-09,29.469999313354492,29.469999313354492,28.809999465942383,28.920000076293945,17.0192813873291,2244500,PFG,yfinance,2026-02-10T05:10:16.435896+00:00
2010-11-10,28.8700008392334,29.360000610351562,28.809999465942383,29.280000686645508,17.231142044067383,2317800,PFG,yfinance,2026-02-10T05:10:16.435896+00:00
2010-11-11,28.6200008392334,29.09000015258789,28.469999313354492,28.90999984741211,17.013397216796875,1906500,PFG,yfinance,2026-02-10T05:10:16.435896+00:00
2010-11-12,28.56999969482422,28.81999969482422,28.200000762939453,28.34000015258789,16.677949905395508,1897900,PFG,yfinance,2026-02-10T05:10:16.435896+00:00
2010-11-15,28.559999465942383,29.030000686645508,28.360000610351562,28.559999465942383,16.807422637939453,1661500,PFG,yfinance,2026-02-10T05:10:16.435896+00:00
2010-11-16,28.260000228881836,28.479999542236328,27.75,27.860000610351562,16.395471572875977,3086600,PFG,yfinance,2026-02-10T05:10:16.435896+00:00
2010-11-17,27.3700008392334,27.729999542236328,27.1299991607666,27.670000076293945,16.611602783203125,2023200,PFG,yfinance,2026-02-10T05:10:16.435896+00:00
2010-11-18,28.15999984741211,28.639999389648438,28.110000610351562,28.530000686645508,17.127899169921875,2385300,PFG,yfinance,2026-02-10T05:10:16.435896+00:00
2010-11-19,28.459999084472656,28.8700008392334,28.15999984741211,28.809999465942383,17.29599380493164,2275000,PFG,yfinance,2026-02-10T05:10:16.435896+00:00
2010-11-22,28.559999465942383,28.649999618530273,27.93000030517578,28.530000686645508,17.127899169921875,2363100,PFG,yfinance,2026-02-10T05:10:16.435896+00:00
2010-11-23,27.989999771118164,28.049999237060547,27.260000228881836,27.40999984741211,16.455503463745117,4308100,PFG,yfinance,2026-02-10T05:10:16.435896+00:00
2010-11-24,27.739999771118164,28.110000610351562,27.639999389648438,28.010000228881836,16.815711975097656,1419700,PFG,yfinance,2026-02-10T05:10:16.435896+00:00
2010-11-26,27.6200008392334,27.780000686645508,27.389999389648438,27.530000686645508,16.52754783630371,646300,PFG,yfinance,2026-02-10T05:10:16.435896+00:00
2010-11-29,27.260000228881836,27.700000762939453,27.09000015258789,27.579999923706055,16.557565689086914,1312400,PFG,yfinance,2026-02-10T05:10:16.435896+00:00
2010-11-30,27.139999389648438,27.510000228881836,27.040000915527344,27.239999771118164,16.35344696044922,2131400,PFG,yfinance,2026-02-10T05:10:16.435896+00:00
2010-12-01,27.93000030517578,28.239999771118164,27.639999389648438,28.15999984741211,16.90576171875,3746100,PFG,yfinance,2026-02-10T05:10:16.435896+00:00
2010-12-02,28.889999389648438,29.670000076293945,28.549999237060547,29.420000076293945,17.662206649780273,4641300,PFG,yfinance,2026-02-10T05:10:16.435896+00:00
2010-12-03,29.280000686645508,29.75,29.139999389648438,29.68000030517578,17.818296432495117,5519500,PFG,yfinance,2026-02-10T05:10:16.435896+00:00
2010-12-06,29.639999389648438,30.200000762939453,29.479999542236328,30.020000457763672,18.022418975830078,1682000,PFG,yfinance,2026-02-10T05:10:16.435896+00:00
2010-12-07,30.520000457763672,30.540000915527344,29.709999084472656,29.790000915527344,17.884328842163086,2549100,PFG,yfinance,2026-02-10T05:10:16.435896+00:00
2010-12-08,29.899999618530273,31.0,29.6299991607666,30.959999084472656,18.586740493774414,4765800,PFG,yfinance,2026-02-10T05:10:16.435896+00:00
2010-12-09,31.31999969482422,32.0,31.219999313354492,31.850000381469727,19.12105369567871,5143700,PFG,yfinance,2026-02-10T05:10:16.435896+00:00
2010-12-10,31.8799991607666,31.950000762939453,30.940000534057617,31.450000762939453,18.880908966064453,3803600,PFG,yfinance,2026-02-10T05:10:16.435896+00:00
2010-12-13,31.760000228881836,32.06999969482422,31.489999771118164,31.81999969482422,19.10303497314453,2415600,PFG,yfinance,2026-02-10T05:10:16.435896+00:00
2010-12-14,32.04999923706055,32.5,31.850000381469727,32.41999816894531,19.463241577148438,3036600,PFG,yfinance,2026-02-10T05:10:16.435896+00:00
2010-12-15,32.31999969482422,32.7400016784668,32.31999969482422,32.459999084472656,19.48725700378418,4149500,PFG,yfinance,2026-02-10T05:10:16.435896+00:00
2010-12-16,32.459999084472656,32.650001525878906,32.189998626708984,32.369998931884766,19.433229446411133,3982600,PFG,yfinance,2026-02-10T05:10:16.435896+00:00
2010-12-17,32.36000061035156,32.54999923706055,31.920000076293945,31.93000030517578,19.169069290161133,3692400,PFG,yfinance,2026-02-10T05:10:16.435896+00:00
2010-12-20,32.130001068115234,32.279998779296875,31.739999771118164,31.84000015258789,19.11504554748535,2449500,PFG,yfinance,2026-02-10T05:10:16.435896+00:00
2010-12-21,32.119998931884766,32.9900016784668,32.119998931884766,32.939998626708984,19.775423049926758,1959700,PFG,yfinance,2026-02-10T05:10:16.435896+00:00
2010-12-22,32.900001525878906,33.34000015258789,32.849998474121094,33.31999969482422,20.003562927246094,1690600,PFG,yfinance,2026-02-10T05:10:16.435896+00:00
2010-12-23,33.08000183105469,33.27000045776367,32.939998626708984,33.04999923706055,19.84146499633789,1605600,PFG,yfinance,2026-02-10T05:10:16.435896+00:00
2010-12-27,32.83000183105469,33.16999816894531,32.689998626708984,33.099998474121094,19.871484756469727,1050500,PFG,yfinance,2026-02-10T05:10:16.435896+00:00
2010-12-28,33.150001525878906,33.150001525878906,32.84000015258789,33.0099983215332,19.81744956970215,635500,PFG,yfinance,2026-02-10T05:10:16.435896+00:00
2010-12-29,33.06999969482422,33.08000183105469,32.779998779296875,32.79999923706055,19.691375732421875,661100,PFG,yfinance,2026-02-10T05:10:16.435896+00:00
2010-12-30,32.77000045776367,33.0,32.52000045776367,32.540000915527344,19.53529167175293,807900,PFG,yfinance,2026-02-10T05:10:16.435896+00:00
2010-12-31,32.4900016784668,32.75,32.400001525878906,32.560001373291016,19.547292709350586,959400,PFG,yfinance,2026-02-10T05:10:16.435896+00:00
2011-01-03,33.08000183105469,33.90999984741211,33.0,33.560001373291016,20.147640228271484,2622500,PFG,yfinance,2026-02-10T05:10:16.435896+00:00
2011-01-04,33.70000076293945,33.70000076293945,32.709999084472656,33.02000045776367,19.823450088500977,2321000,PFG,yfinance,2026-02-10T05:10:16.435896+00:00
2011-01-05,32.88999938964844,33.150001525878906,32.72999954223633,33.06999969482422,19.853473663330078,2076200,PFG,yfinance,2026-02-10T05:10:16.435896+00:00
2011-01-06,32.900001525878906,32.959999084472656,32.310001373291016,32.380001068115234,19.439233779907227,3583300,PFG,yfinance,2026-02-10T05:10:16.435896+00:00
2011-01-07,32.540000915527344,32.779998779296875,31.940000534057617,32.439998626708984,19.475250244140625,2526900,PFG,yfinance,2026-02-10T05:10:16.435896+00:00
2011-01-10,32.04999923706055,32.45000076293945,31.75,32.33000183105469,19.409217834472656,1636600,PFG,yfinance,2026-02-10T05:10:16.435896+00:00
2011-01-11,32.5099983215332,32.75,31.81999969482422,32.34000015258789,19.41522216796875,2414000,PFG,yfinance,2026-02-10T05:10:16.435896+00:00
2011-01-12,32.7400016784668,33.22999954223633,32.630001068115234,33.22999954223633,19.949527740478516,1837900,PFG,yfinance,2026-02-10T05:10:16.435896+00:00
2011-01-13,32.959999084472656,33.25,32.650001525878906,32.86000061035156,19.727401733398438,1856600,PFG,yfinance,2026-02-10T05:10:16.435896+00:00
2011-01-14,32.70000076293945,33.349998474121094,32.459999084472656,33.349998474121094,20.02156639099121,2630300,PFG,yfinance,2026-02-10T05:10:16.435896+00:00
2011-01-18,33.33000183105469,33.369998931884766,32.88999938964844,33.2599983215332,19.967538833618164,2264500,PFG,yfinance,2026-02-10T05:10:16.435896+00:00
2011-01-19,33.029998779296875,33.130001068115234,32.09000015258789,32.2599983215332,19.3671875,2039700,PFG,yfinance,2026-02-10T05:10:16.435896+00:00
2011-01-20,32.290000915527344,32.630001068115234,31.940000534057617,32.279998779296875,19.379194259643555,2339200,PFG,yfinance,2026-02-10T05:10:16.435896+00:00
2011-01-21,32.59000015258789,32.84000015258789,32.15999984741211,32.36000061035156,19.42722511291504,2163700,PFG,yfinance,2026-02-10T05:10:16.435896+00:00
2011-01-24,32.349998474121094,32.4900016784668,32.099998474121094,32.369998931884766,19.433229446411133,1516700,PFG,yfinance,2026-02-10T05:10:16.435896+00:00
2011-01-25,32.20000076293945,32.63999938964844,32.060001373291016,32.61000061035156,19.57731056213379,1116800,PFG,yfinance,2026-02-10T05:10:16.435896+00:00
2011-01-26,32.68000030517578,33.2400016784668,32.5099983215332,33.11000061035156,19.877487182617188,1517600,PFG,yfinance,2026-02-10T05:10:16.435896+00:00
2011-01-27,33.0099983215332,33.65999984741211,32.86000061035156,33.63999938964844,20.19566535949707,1770400,PFG,yfinance,2026-02-10T05:10:16.435896+00:00
2011-01-28,33.66999816894531,33.79999923706055,32.529998779296875,32.54999923706055,19.541290283203125,2448500,PFG,yfinance,2026-02-10T05:10:16.435896+00:00
2011-01-31,32.77000045776367,33.2599983215332,32.599998474121094,32.77000045776367,19.67336654663086,2110200,PFG,yfinance,2026-02-10T05:10:16.435896+00:00
2011-02-01,33.060001373291016,34.36000061035156,32.900001525878906,34.29999923706055,20.59189224243164,2346400,PFG,yfinance,2026-02-10T05:10:16.435896+00:00
2011-02-02,34.130001068115234,34.33000183105469,33.77000045776367,33.880001068115234,20.339757919311523,1553000,PFG,yfinance,2026-02-10T05:10:16.435896+00:00
2011-02-03,33.79999923706055,33.959999084472656,33.15999984741211,33.2599983215332,19.967538833618164,2652800,PFG,yfinance,2026-02-10T05:10:16.435896+00:00
2011-02-04,33.34000015258789,33.79999923706055,33.099998474121094,33.560001373291016,20.147640228271484,2327800,PFG,yfinance,2026-02-10T05:10:16.435896+00:00
2011-02-07,33.77000045776367,34.040000915527344,33.540000915527344,33.70000076293945,20.231685638427734,2856200,PFG,yfinance,2026-02-10T05:10:16.435896+00:00
2011-02-08,32.720001220703125,33.040000915527344,32.06999969482422,32.2400016784668,19.355186462402344,5470400,PFG,yfinance,2026-02-10T05:10:16.435896+00:00
2011-02-09,32.13999938964844,32.81999969482422,32.0,32.5,19.511276245117188,2862700,PFG,yfinance,2026-02-10T05:10:16.435896+00:00
2011-02-10,32.33000183105469,32.75,32.2599983215332,32.400001525878906,19.45124053955078,2286900,PFG,yfinance,2026-02-10T05:10:16.435896+00:00
2011-02-11,32.20000076293945,32.61000061035156,32.02000045776367,32.529998779296875,19.529281616210938,2984700,PFG,yfinance,2026-02-10T05:10:16.435896+00:00
2011-02-14,32.43000030517578,32.7400016784668,31.84000015258789,32.08000183105469,19.259126663208008,2487000,PFG,yfinance,2026-02-10T05:10:16.435896+00:00
2011-02-15,31.989999771118164,32.709999084472656,31.690000534057617,32.52000045776367,19.523279190063477,2859500,PFG,yfinance,2026-02-10T05:10:16.435896+00:00
2011-02-16,32.65999984741211,33.66999816894531,32.54999923706055,33.58000183105469,20.159645080566406,2775800,PFG,yfinance,2026-02-10T05:10:16.435896+00:00
2011-02-17,33.459999084472656,34.189998626708984,33.119998931884766,34.13999938964844,20.4958438873291,1835300,PFG,yfinance,2026-02-10T05:10:16.435896+00:00
2011-02-18,34.11000061035156,34.70000076293945,33.959999084472656,34.689998626708984,20.826034545898438,2875000,PFG,yfinance,2026-02-10T05:10:16.435896+00:00
2011-02-22,34.0099983215332,34.13999938964844,33.349998474121094,33.54999923706055,20.14163589477539,2881000,PFG,yfinance,2026-02-10T05:10:16.435896+00:00
2011-02-23,33.470001220703125,33.810001373291016,32.84000015258789,33.13999938964844,19.895503997802734,1698600,PFG,yfinance,2026-02-10T05:10:16.435896+00:00
2011-02-24,33.060001373291016,33.56999969482422,32.720001220703125,33.380001068115234,20.03957748413086,2376700,PFG,yfinance,2026-02-10T05:10:16.435896+00:00
2011-02-25,33.61000061035156,33.95000076293945,33.529998779296875,33.939998626708984,20.375770568847656,1333400,PFG,yfinance,2026-02-10T05:10:16.435896+00:00
2011-02-28,34.060001373291016,34.45000076293945,33.970001220703125,34.2599983215332,20.56787872314453,2027000,PFG,yfinance,2026-02-10T05:10:16.435896+00:00
2011-03-01,34.27000045776367,34.45000076293945,33.40999984741211,33.5,20.11161994934082,2252400,PFG,yfinance,2026-02-10T05:10:16.435896+00:00
2011-03-02,33.459999084472656,33.459999084472656,32.709999084472656,33.099998474121094,19.871484756469727,4205100,PFG,yfinance,2026-02-10T05:10:16.435896+00:00
2011-03-03,33.529998779296875,33.959999084472656,33.400001525878906,33.66999816894531,20.21367645263672,2804600,PFG,yfinance,2026-02-10T05:10:16.435896+00:00
2011-03-04,33.5099983215332,33.65999984741211,32.61000061035156,32.9900016784668,19.805444717407227,2742500,PFG,yfinance,2026-02-10T05:10:16.435896+00:00
2011-03-07,33.2599983215332,33.56999969482422,32.560001373291016,32.68000030517578,19.619342803955078,2352400,PFG,yfinance,2026-02-10T05:10:16.435896+00:00
2011-03-08,32.79999923706055,33.7400016784668,32.70000076293945,33.560001373291016,20.147640228271484,2251600,PFG,yfinance,2026-02-10T05:10:16.435896+00:00
2011-03-09,33.38999938964844,33.630001068115234,33.18000030517578,33.529998779296875,20.1296329498291,1773200,PFG,yfinance,2026-02-10T05:10:16.435896+00:00
2011-03-10,32.91999816894531,32.9900016784668,32.11000061035156,32.13999938964844,19.295154571533203,2959700,PFG,yfinance,2026-02-10T05:10:16.435896+00:00
2011-03-11,32.13999938964844,32.400001525878906,31.809999465942383,32.33000183105469,19.409217834472656,1947700,PFG,yfinance,2026-02-10T05:10:16.435896+00:00
2011-03-14,31.940000534057617,32.40999984741211,31.270000457763672,32.31999969482422,19.403207778930664,3149800,PFG,yfinance,2026-02-10T05:10:16.435896+00:00
2011-03-15,30.8799991607666,31.360000610351562,30.43000030517578,31.15999984741211,18.706811904907227,5095100,PFG,yfinance,2026-02-10T05:10:16.435896+00:00
2011-03-16,31.0,31.270000457763672,30.280000686645508,30.719999313354492,18.442651748657227,3268800,PFG,yfinance,2026-02-10T05:10:16.435896+00:00
2011-03-17,31.280000686645508,31.600000381469727,30.8799991607666,31.40999984741211,18.856897354125977,2139400,PFG,yfinance,2026-02-10T05:10:16.435896+00:00
2011-03-18,31.940000534057617,32.63999938964844,31.59000015258789,31.75,19.06102180480957,3784100,PFG,yfinance,2026-02-10T05:10:16.435896+00:00
2011-03-21,32.310001373291016,32.349998474121094,31.920000076293945,32.04999923706055,19.241119384765625,2341400,PFG,yfinance,2026-02-10T05:10:16.435896+00:00
2011-03-22,32.04999923706055,32.11000061035156,31.65999984741211,31.719999313354492,19.043004989624023,1567800,PFG,yfinance,2026-02-10T05:10:16.435896+00:00
2011-03-23,31.510000228881836,31.670000076293945,31.079999923706055,31.5,18.91092872619629,2811700,PFG,yfinance,2026-02-10T05:10:16.435896+00:00
2011-03-24,31.65999984741211,31.940000534057617,31.459999084472656,31.81999969482422,19.10303497314453,1833800,PFG,yfinance,2026-02-10T05:10:16.435896+00:00
2011-03-25,31.8700008392334,32.18000030517578,31.670000076293945,31.860000610351562,19.127052307128906,1650100,PFG,yfinance,2026-02-10T05:10:16.435896+00:00
2011-03-28,32.040000915527344,32.09000015258789,31.68000030517578,31.68000030517578,19.01899528503418,2391300,PFG,yfinance,2026-02-10T05:10:16.435896+00:00
2011-03-29,31.59000015258789,31.770000457763672,31.31999969482422,31.700000762939453,19.03099822998047,1396600,PFG,yfinance,2026-02-10T05:10:16.435896+00:00
2011-03-30,31.860000610351562,31.979999542236328,31.68000030517578,31.790000915527344,19.08502769470215,1949600,PFG,yfinance,2026-02-10T05:10:16.435896+00:00
2011-03-31,31.6299991607666,32.18000030517578,31.469999313354492,32.11000061035156,19.27713966369629,3158200,PFG,yfinance,2026-02-10T05:10:16.435896+00:00
2011-04-01,32.349998474121094,32.45000076293945,31.649999618530273,31.729999542236328,19.04901123046875,2342400,PFG,yfinance,2026-02-10T05:10:16.435896+00:00
2011-04-04,31.889999389648438,32.099998474121094,31.809999465942383,31.989999771118164,19.205101013183594,1708300,PFG,yfinance,2026-02-10T05:10:16.435896+00:00
2011-04-05,31.8799991607666,31.940000534057617,31.600000381469727,31.690000534057617,19.024991989135742,1565600,PFG,yfinance,2026-02-10T05:10:16.435896+00:00
2011-04-06,31.860000610351562,32.119998931884766,31.690000534057617,32.06999969482422,19.25312614440918,1758700,PFG,yfinance,2026-02-10T05:10:16.435896+00:00
2011-04-07,31.940000534057617,32.040000915527344,31.649999618530273,31.829999923706055,19.109045028686523,2017900,PFG,yfinance,2026-02-10T05:10:16.435896+00:00
2011-04-08,32.029998779296875,32.20000076293945,31.5,31.719999313354492,19.043004989624023,1530500,PFG,yfinance,2026-02-10T05:10:16.435896+00:00
2011-04-11,31.719999313354492,32.0,31.690000534057617,31.899999618530273,19.151065826416016,1747900,PFG,yfinance,2026-02-10T05:10:16.435896+00:00
2011-04-12,31.6299991607666,31.829999923706055,31.219999313354492,31.459999084472656,18.886911392211914,1523500,PFG,yfinance,2026-02-10T05:10:16.435896+00:00
2011-04-13,31.719999313354492,31.739999771118164,31.06999969482422,31.25,18.76083755493164,1893100,PFG,yfinance,2026-02-10T05:10:16.435896+00:00
2011-04-14,31.010000228881836,31.190000534057617,30.639999389648438,30.93000030517578,18.56873321533203,1933000,PFG,yfinance,2026-02-10T05:10:16.435896+00:00
2011-04-15,31.010000228881836,31.469999313354492,30.799999237060547,31.399999618530273,18.850894927978516,1685800,PFG,yfinance,2026-02-10T05:10:16.435896+00:00
2011-04-18,30.850000381469727,31.030000686645508,30.3799991607666,30.56999969482422,18.35260581970215,3059500,PFG,yfinance,2026-02-10T05:10:16.435896+00:00
2011-04-19,30.649999618530273,30.81999969482422,30.3799991607666,30.81999969482422,18.502687454223633,1362400,PFG,yfinance,2026-02-10T05:10:16.435896+00:00
2011-04-20,31.360000610351562,31.610000610351562,31.280000686645508,31.540000915527344,18.93494415283203,1919200,PFG,yfinance,2026-02-10T05:10:16.435896+00:00
2011-04-21,31.719999313354492,31.850000381469727,31.530000686645508,31.809999465942383,19.097028732299805,1183500,PFG,yfinance,2026-02-10T05:10:16.435896+00:00
2011-04-25,31.68000030517578,31.969999313354492,31.56999969482422,31.84000015258789,19.11504554748535,1791200,PFG,yfinance,2026-02-10T05:10:16.435896+00:00
2011-04-26,32.04999923706055,32.2400016784668,31.920000076293945,31.979999542236328,19.1990909576416,2200000,PFG,yfinance,2026-02-10T05:10:16.435896+00:00
2011-04-27,32.02000045776367,32.86000061035156,31.8700008392334,32.77000045776367,19.67336654663086,2232000,PFG,yfinance,2026-02-10T05:10:16.435896+00:00
2011-04-28,32.66999816894531,33.45000076293945,32.66999816894531,33.2599983215332,19.967538833618164,1612400,PFG,yfinance,2026-02-10T05:10:16.435896+00:00
2011-04-29,33.310001373291016,33.79999923706055,33.150001525878906,33.75,20.2617130279541,2057000,PFG,yfinance,2026-02-10T05:10:16.435896+00:00
2011-05-02,34.779998779296875,35.0,33.380001068115234,33.560001373291016,20.147640228271484,3128400,PFG,yfinance,2026-02-10T05:10:16.435896+00:00
2011-05-03,31.65999984741211,32.59000015258789,31.350000381469727,31.829999923706055,19.109045028686523,4580400,PFG,yfinance,2026-02-10T05:10:16.435896+00:00
2011-05-04,31.799999237060547,31.899999618530273,31.079999923706055,31.3700008392334,18.8328800201416,2305600,PFG,yfinance,2026-02-10T05:10:16.435896+00:00
2011-05-05,31.139999389648438,31.709999084472656,30.969999313354492,31.18000030517578,18.718814849853516,2375400,PFG,yfinance,2026-02-10T05:10:16.435896+00:00
2011-05-06,31.600000381469727,31.81999969482422,31.1299991607666,31.40999984741211,18.856897354125977,1851900,PFG,yfinance,2026-02-10T05:10:16.435896+00:00
2011-05-09,31.40999984741211,31.700000762939453,31.18000030517578,31.610000610351562,18.97696304321289,1439700,PFG,yfinance,2026-02-10T05:10:16.435896+00:00
2011-05-10,31.799999237060547,32.099998474121094,31.59000015258789,32.08000183105469,19.259126663208008,1709300,PFG,yfinance,2026-02-10T05:10:16.435896+00:00
2011-05-11,31.93000030517578,31.989999771118164,31.270000457763672,31.670000076293945,19.012981414794922,2101500,PFG,yfinance,2026-02-10T05:10:16.435896+00:00
2011-05-12,31.549999237060547,32.0099983215332,31.1299991607666,31.979999542236328,19.1990909576416,1500000,PFG,yfinance,2026-02-10T05:10:16.435896+00:00
2011-05-13,31.940000534057617,32.099998474121094,30.8700008392334,31.020000457763672,18.622758865356445,1605300,PFG,yfinance,2026-02-10T05:10:16.435896+00:00
2011-05-16,30.84000015258789,31.43000030517578,30.780000686645508,30.93000030517578,18.56873321533203,1223900,PFG,yfinance,2026-02-10T05:10:16.435896+00:00
2011-05-17,30.68000030517578,31.25,30.610000610351562,31.239999771118164,18.754838943481445,1865600,PFG,yfinance,2026-02-10T05:10:16.435896+00:00
2011-05-18,31.25,31.860000610351562,31.110000610351562,31.75,19.06102180480957,1988900,PFG,yfinance,2026-02-10T05:10:16.435896+00:00
2011-05-19,31.90999984741211,31.920000076293945,31.479999542236328,31.809999465942383,19.097028732299805,1752500,PFG,yfinance,2026-02-10T05:10:16.435896+00:00
2011-05-20,31.68000030517578,31.8700008392334,31.459999084472656,31.579999923706055,18.958953857421875,1593900,PFG,yfinance,2026-02-10T05:10:16.435896+00:00
2011-05-23,30.979999542236328,31.40999984741211,30.979999542236328,31.190000534057617,18.724817276000977,1698900,PFG,yfinance,2026-02-10T05:10:16.435896+00:00
2011-05-24,31.280000686645508,31.530000686645508,30.90999984741211,30.93000030517578,18.56873321533203,1445200,PFG,yfinance,2026-02-10T05:10:16.435896+00:00
2011-05-25,30.729999542236328,31.190000534057617,30.549999237060547,30.950000762939453,18.580738067626953,2376700,PFG,yfinance,2026-02-10T05:10:16.435896+00:00
2011-05-26,30.850000381469727,31.09000015258789,30.600000381469727,30.93000030517578,18.56873321533203,2202400,PFG,yfinance,2026-02-10T05:10:16.435896+00:00
2011-05-27,31.1299991607666,31.40999984741211,30.860000610351562,30.969999313354492,18.592737197875977,2833300,PFG,yfinance,2026-02-10T05:10:16.435896+00:00
2011-05-31,31.420000076293945,31.610000610351562,30.8700008392334,31.270000457763672,18.77285385131836,3774200,PFG,yfinance,2026-02-10T05:10:16.435896+00:00
2011-06-01,31.170000076293945,31.18000030517578,29.950000762939453,30.020000457763672,18.022418975830078,3302600,PFG,yfinance,2026-02-10T05:10:16.435896+00:00
2011-06-02,30.0,30.5,29.93000030517578,30.40999984741211,18.256549835205078,2961700,PFG,yfinance,2026-02-10T05:10:16.435896+00:00
2011-06-03,29.889999389648438,30.350000381469727,29.729999542236328,29.8799991607666,17.93836784362793,2144200,PFG,yfinance,2026-02-10T05:10:16.435896+00:00
2011-06-06,29.770000457763672,30.020000457763672,29.18000030517578,29.260000228881836,17.566144943237305,1805400,PFG,yfinance,2026-02-10T05:10:16.435896+00:00
2011-06-07,29.440000534057617,29.670000076293945,29.309999465942383,29.309999465942383,17.596158981323242,2121200,PFG,yfinance,2026-02-10T05:10:16.435896+00:00
2011-06-08,29.139999389648438,29.360000610351562,28.850000381469727,28.860000610351562,17.32600975036621,2195800,PFG,yfinance,2026-02-10T05:10:16.435896+00:00
2011-06-09,28.959999084472656,29.260000228881836,28.649999618530273,28.790000915527344,17.28398895263672,3196500,PFG,yfinance,2026-02-10T05:10:16.435896+00:00
2011-06-10,28.549999237060547,28.709999084472656,27.809999465942383,28.290000915527344,16.983816146850586,3558900,PFG,yfinance,2026-02-10T05:10:16.435896+00:00
2011-06-13,28.31999969482422,28.56999969482422,28.139999389648438,28.469999313354492,17.091875076293945,2814400,PFG,yfinance,2026-02-10T05:10:16.435896+00:00
2011-06-14,28.829999923706055,29.459999084472656,28.739999771118164,29.209999084472656,17.536128997802734,2694400,PFG,yfinance,2026-02-10T05:10:16.435896+00:00
2011-06-15,28.889999389648438,29.110000610351562,28.1299991607666,28.1299991607666,16.887758255004883,2893300,PFG,yfinance,2026-02-10T05:10:16.435896+00:00
2011-06-16,28.209999084472656,28.56999969482422,28.1299991607666,28.549999237060547,17.1398983001709,3161500,PFG,yfinance,2026-02-10T05:10:16.435896+00:00
2011-06-17,28.8799991607666,29.149999618530273,28.81999969482422,29.100000381469727,17.470096588134766,2846100,PFG,yfinance,2026-02-10T05:10:16.435896+00:00
2011-06-20,28.889999389648438,29.56999969482422,28.850000381469727,29.350000381469727,17.620182037353516,1992200,PFG,yfinance,2026-02-10T05:10:16.435896+00:00
2011-06-21,29.6200008392334,30.1200008392334,29.56999969482422,30.100000381469727,18.07044792175293,2235100,PFG,yfinance,2026-02-10T05:10:16.435896+00:00
2011-06-22,29.899999618530273,30.200000762939453,29.6299991607666,29.639999389648438,17.794281005859375,2014300,PFG,yfinance,2026-02-10T05:10:16.435896+00:00
2011-06-23,29.1200008392334,29.540000915527344,28.690000534057617,29.469999313354492,17.692224502563477,2615700,PFG,yfinance,2026-02-10T05:10:16.435896+00:00
2011-06-24,29.469999313354492,29.530000686645508,28.649999618530273,29.010000228881836,17.41606330871582,3037800,PFG,yfinance,2026-02-10T05:10:16.435896+00:00
2011-06-27,29.1200008392334,29.530000686645508,29.020000457763672,29.399999618530273,17.65019416809082,2428100,PFG,yfinance,2026-02-10T05:10:16.435896+00:00
2011-06-28,29.540000915527344,29.84000015258789,29.469999313354492,29.540000915527344,17.73424530029297,2017100,PFG,yfinance,2026-02-10T05:10:16.435896+00:00
2011-06-29,29.860000610351562,30.31999969482422,29.6299991607666,30.270000457763672,18.172504425048828,2032400,PFG,yfinance,2026-02-10T05:10:16.435896+00:00
2011-06-30,30.360000610351562,30.729999542236328,30.15999984741211,30.420000076293945,18.262548446655273,2261400,PFG,yfinance,2026-02-10T05:10:16.435896+00:00
2011-07-01,30.350000381469727,31.0,30.260000228881836,30.8700008392334,18.532703399658203,2896900,PFG,yfinance,2026-02-10T05:10:16.435896+00:00
2011-07-05,30.729999542236328,30.790000915527344,30.190000534057617,30.200000762939453,18.130470275878906,2803200,PFG,yfinance,2026-02-10T05:10:16.435896+00:00
2011-07-06,30.079999923706055,30.18000030517578,29.65999984741211,29.959999084472656,17.986392974853516,2439700,PFG,yfinance,2026-02-10T05:10:16.435896+00:00
2011-07-07,30.399999618530273,30.8700008392334,30.190000534057617,30.860000610351562,18.526700973510742,2926900,PFG,yfinance,2026-02-10T05:10:16.435896+00:00
2011-07-08,30.309999465942383,30.350000381469727,30.040000915527344,30.149999618530273,18.1004581451416,2663600,PFG,yfinance,2026-02-10T05:10:16.435896+00:00
2011-07-11,29.600000381469727,29.649999618530273,28.729999542236328,28.8700008392334,17.332015991210938,2253900,PFG,yfinance,2026-02-10T05:10:16.435896+00:00
2011-07-12,28.68000030517578,29.34000015258789,28.639999389648438,28.81999969482422,17.3019962310791,2296400,PFG,yfinance,2026-02-10T05:10:16.435896+00:00
2011-07-13,28.979999542236328,29.559999465942383,28.75,28.93000030517578,17.368040084838867,1725900,PFG,yfinance,2026-02-10T05:10:16.435896+00:00
2011-07-14,29.0,29.200000762939453,28.3799991607666,28.469999313354492,17.091875076293945,1774400,PFG,yfinance,2026-02-10T05:10:16.435896+00:00
2011-07-15,28.649999618530273,28.700000762939453,28.06999969482422,28.40999984741211,17.055849075317383,1695000,PFG,yfinance,2026-02-10T05:10:16.435896+00:00
2011-07-18,28.15999984741211,28.270000457763672,27.40999984741211,27.639999389648438,16.593589782714844,1883500,PFG,yfinance,2026-02-10T05:10:16.435896+00:00
2011-07-19,27.780000686645508,28.34000015258789,27.639999389648438,28.270000457763672,16.97180938720703,2240800,PFG,yfinance,2026-02-10T05:10:16.435896+00:00
2011-07-20,28.43000030517578,28.809999465942383,28.280000686645508,28.540000915527344,17.133901596069336,2144000,PFG,yfinance,2026-02-10T05:10:16.435896+00:00
2011-07-21,28.799999237060547,29.43000030517578,28.799999237060547,29.270000457763672,17.57215690612793,2427500,PFG,yfinance,2026-02-10T05:10:16.435896+00:00
2011-07-22,29.31999969482422,29.31999969482422,28.799999237060547,28.989999771118164,17.404056549072266,1121200,PFG,yfinance,2026-02-10T05:10:16.435896+00:00
2011-07-25,28.649999618530273,28.81999969482422,28.479999542236328,28.68000030517578,17.21794891357422,1340400,PFG,yfinance,2026-02-10T05:10:16.435896+00:00
2011-07-26,28.610000610351562,28.770000457763672,28.31999969482422,28.3799991607666,17.037837982177734,1594900,PFG,yfinance,2026-02-10T05:10:16.435896+00:00
2011-07-27,28.239999771118164,28.280000686645508,27.3700008392334,27.43000030517578,16.46752166748047,2458700,PFG,yfinance,2026-02-10T05:10:16.435896+00:00
2011-07-28,27.510000228881836,28.100000381469727,27.469999313354492,27.56999969482422,16.55156707763672,1870900,PFG,yfinance,2026-02-10T05:10:16.435896+00:00
2011-07-29,27.209999084472656,28.030000686645508,27.100000381469727,27.6299991607666,16.587589263916016,2773400,PFG,yfinance,2026-02-10T05:10:16.435896+00:00
2011-08-01,28.15999984741211,28.15999984741211,27.049999237060547,27.420000076293945,16.461509704589844,2877300,PFG,yfinance,2026-02-10T05:10:16.435896+00:00
2011-08-02,27.709999084472656,28.790000915527344,27.440000534057617,27.440000534057617,16.473522186279297,6182300,PFG,yfinance,2026-02-10T05:10:16.435896+00:00
2011-08-03,27.440000534057617,28.049999237060547,27.18000030517578,27.989999771118164,16.8037109375,4158600,PFG,yfinance,2026-02-10T05:10:16.435896+00:00
2011-08-04,27.420000076293945,27.809999465942383,26.09000015258789,26.190000534057617,15.723084449768066,5242000,PFG,yfinance,2026-02-10T05:10:16.435896+00:00
2011-08-05,26.6299991607666,26.84000015258789,24.889999389648438,25.329999923706055,15.206786155700684,5032200,PFG,yfinance,2026-02-10T05:10:16.435896+00:00
2011-08-08,24.3700008392334,25.030000686645508,22.43000030517578,22.43000030517578,13.465781211853027,5626200,PFG,yfinance,2026-02-10T05:10:16.435896+00:00
2011-08-09,22.860000610351562,24.200000762939453,21.549999237060547,24.170000076293945,14.510384559631348,6394800,PFG,yfinance,2026-02-10T05:10:16.435896+00:00
2011-08-10,23.06999969482422,23.510000228881836,22.09000015258789,22.15999984741211,13.303683280944824,5165700,PFG,yfinance,2026-02-10T05:10:16.435896+00:00
2011-08-11,22.260000228881836,24.5,22.139999389648438,24.09000015258789,14.462361335754395,5259900,PFG,yfinance,2026-02-10T05:10:16.435896+00:00
2011-08-12,24.31999969482422,24.459999084472656,23.40999984741211,23.479999542236328,14.096141815185547,4524800,PFG,yfinance,2026-02-10T05:10:16.435896+00:00
2011-08-15,23.75,24.100000381469727,23.600000381469727,24.100000381469727,14.468361854553223,3215300,PFG,yfinance,2026-02-10T05:10:16.435896+00:00
2011-08-16,23.6299991607666,23.979999542236328,23.200000762939453,23.6299991607666,14.186195373535156,3557300,PFG,yfinance,2026-02-10T05:10:16.435896+00:00
2011-08-17,23.860000610351562,24.170000076293945,23.489999771118164,23.790000915527344,14.28225040435791,2693300,PFG,yfinance,2026-02-10T05:10:16.435896+00:00
2011-08-18,22.93000030517578,22.93000030517578,22.18000030517578,22.31999969482422,13.39974308013916,4563800,PFG,yfinance,2026-02-10T05:10:16.435896+00:00
2011-08-19,21.8799991607666,22.81999969482422,21.559999465942383,21.6299991607666,12.985505104064941,6565700,PFG,yfinance,2026-02-10T05:10:16.435896+00:00
2011-08-22,22.260000228881836,22.360000610351562,21.799999237060547,22.06999969482422,13.249656677246094,5005100,PFG,yfinance,2026-02-10T05:10:16.435896+00:00
2011-08-23,22.190000534057617,23.43000030517578,21.829999923706055,23.40999984741211,14.054123878479004,5152400,PFG,yfinance,2026-02-10T05:10:16.435896+00:00
2011-08-24,23.239999771118164,24.020000457763672,23.1200008392334,23.950000762939453,14.378305435180664,3543400,PFG,yfinance,2026-02-10T05:10:16.435896+00:00
2011-08-25,24.1299991607666,24.709999084472656,23.06999969482422,23.59000015258789,14.162186622619629,3955100,PFG,yfinance,2026-02-10T05:10:16.435896+00:00
2011-08-26,23.200000762939453,24.010000228881836,22.639999389648438,23.670000076293945,14.210206985473633,3248900,PFG,yfinance,2026-02-10T05:10:16.435896+00:00
2011-08-29,24.040000915527344,25.209999084472656,24.040000915527344,25.200000762939453,15.128742218017578,2579900,PFG,yfinance,2026-02-10T05:10:16.435896+00:00
2011-08-30,25.0,25.25,24.43000030517578,24.979999542236328,14.996664047241211,2274900,PFG,yfinance,2026-02-10T05:10:16.435896+00:00
2011-08-31,25.18000030517578,25.780000686645508,25.020000457763672,25.360000610351562,15.224797248840332,2939800,PFG,yfinance,2026-02-10T05:10:16.435896+00:00
2011-09-01,25.350000381469727,25.6299991607666,24.739999771118164,24.75,14.858589172363281,3382500,PFG,yfinance,2026-02-10T05:10:16.435896+00:00
2011-09-02,23.989999771118164,24.149999618530273,23.25,23.25,13.958063125610352,3557000,PFG,yfinance,2026-02-10T05:10:16.435896+00:00
2011-09-06,22.440000534057617,22.729999542236328,22.149999618530273,22.639999389648438,13.5918550491333,3425300,PFG,yfinance,2026-02-10T05:10:16.435896+00:00
2011-09-07,23.190000534057617,24.56999969482422,23.1200008392334,24.530000686645508,14.726511001586914,3631300,PFG,yfinance,2026-02-10T05:10:16.435896+00:00
2011-09-08,24.040000915527344,24.56999969482422,23.68000030517578,23.729999542236328,14.246225357055664,3392700,PFG,yfinance,2026-02-10T05:10:16.435896+00:00
2011-09-09,23.31999969482422,23.809999465942383,22.799999237060547,23.020000457763672,13.819987297058105,3658300,PFG,yfinance,2026-02-10T05:10:16.435896+00:00
2011-09-12,22.420000076293945,23.459999084472656,22.420000076293945,23.420000076293945,14.060131072998047,2890800,PFG,yfinance,2026-02-10T05:10:16.435896+00:00
2011-09-13,23.559999465942383,24.209999084472656,23.270000457763672,23.799999237060547,14.288259506225586,4445700,PFG,yfinance,2026-02-10T05:10:16.435896+00:00
2011-09-14,24.030000686645508,25.34000015258789,23.559999465942383,24.90999984741211,14.95463752746582,4586900,PFG,yfinance,2026-02-10T05:10:16.435896+00:00
2011-09-15,25.34000015258789,25.75,25.06999969482422,25.700000762939453,15.428915023803711,3973800,PFG,yfinance,2026-02-10T05:10:16.435896+00:00
2011-09-16,25.770000457763672,26.15999984741211,25.200000762939453,25.489999771118164,15.302839279174805,4289000,PFG,yfinance,2026-02-10T05:10:16.435896+00:00
2011-09-19,24.790000915527344,24.899999618530273,24.239999771118164,24.530000686645508,14.726511001586914,3678900,PFG,yfinance,2026-02-10T05:10:16.435896+00:00
2011-09-20,24.719999313354492,25.34000015258789,24.420000076293945,24.510000228881836,14.71450138092041,3023800,PFG,yfinance,2026-02-10T05:10:16.435896+00:00
2011-09-21,24.56999969482422,24.889999389648438,23.25,23.270000457763672,13.970076560974121,4075800,PFG,yfinance,2026-02-10T05:10:16.435896+00:00
2011-09-22,22.329999923706055,23.100000381469727,22.260000228881836,22.670000076293945,13.609856605529785,6086800,PFG,yfinance,2026-02-10T05:10:16.435896+00:00
2011-09-23,22.450000762939453,23.229999542236328,22.420000076293945,22.889999389648438,13.741941452026367,3239000,PFG,yfinance,2026-02-10T05:10:16.435896+00:00
2011-09-26,23.260000228881836,23.959999084472656,22.579999923706055,23.8700008392334,14.330276489257812,2836400,PFG,yfinance,2026-02-10T05:10:16.435896+00:00
2011-09-27,24.530000686645508,24.81999969482422,23.75,23.950000762939453,14.378305435180664,2839300,PFG,yfinance,2026-02-10T05:10:16.435896+00:00
2011-09-28,23.950000762939453,24.329999923706055,22.989999771118164,23.010000228881836,13.813976287841797,2896500,PFG,yfinance,2026-02-10T05:10:16.435896+00:00
2011-09-29,23.700000762939453,24.190000534057617,23.030000686645508,23.920000076293945,14.36030101776123,2945500,PFG,yfinance,2026-02-10T05:10:16.435896+00:00
2011-09-30,23.3799991607666,23.459999084472656,22.639999389648438,22.670000076293945,13.609856605529785,3696200,PFG,yfinance,2026-02-10T05:10:16.435896+00:00
2011-10-03,22.420000076293945,22.989999771118164,21.219999313354492,21.219999313354492,12.739359855651855,4107100,PFG,yfinance,2026-02-10T05:10:16.435896+00:00
2011-10-04,20.850000381469727,22.219999313354492,20.479999542236328,22.149999618530273,13.297677993774414,5200000,PFG,yfinance,2026-02-10T05:10:16.435896+00:00
2011-10-05,22.209999084472656,23.06999969482422,21.860000610351562,22.920000076293945,13.7599515914917,2713600,PFG,yfinance,2026-02-10T05:10:16.435896+00:00
2011-10-06,22.790000915527344,23.760000228881836,22.3799991607666,23.719999313354492,14.240226745605469,2482100,PFG,yfinance,2026-02-10T05:10:16.435896+00:00
2011-10-07,23.809999465942383,23.809999465942383,22.6200008392334,22.670000076293945,13.609856605529785,2875400,PFG,yfinance,2026-02-10T05:10:16.435896+00:00
2011-10-10,23.280000686645508,24.139999389648438,23.280000686645508,24.1299991607666,14.486369132995605,2462500,PFG,yfinance,2026-02-10T05:10:16.435896+00:00
2011-10-11,23.75,24.479999542236328,23.56999969482422,24.329999923706055,14.60643482208252,1895300,PFG,yfinance,2026-02-10T05:10:16.435896+00:00
2011-10-12,24.59000015258789,25.420000076293945,24.56999969482422,24.920000076293945,14.960649490356445,2281800,PFG,yfinance,2026-02-10T05:10:16.435896+00:00
2011-10-13,24.579999923706055,24.739999771118164,24.020000457763672,24.489999771118164,14.702498435974121,3604900,PFG,yfinance,2026-02-10T05:10:16.435896+00:00
2011-10-14,25.0,25.280000686645508,24.549999237060547,25.149999618530273,15.098721504211426,1621400,PFG,yfinance,2026-02-10T05:10:16.435896+00:00
2011-10-17,24.760000228881836,24.790000915527344,23.850000381469727,23.899999618530273,14.34829330444336,2153900,PFG,yfinance,2026-02-10T05:10:16.435896+00:00
2011-10-18,24.079999923706055,25.610000610351562,23.770000457763672,25.360000610351562,15.224797248840332,2956200,PFG,yfinance,2026-02-10T05:10:16.435896+00:00
2011-10-19,25.360000610351562,25.700000762939453,24.510000228881836,24.59000015258789,14.762531280517578,2721700,PFG,yfinance,2026-02-10T05:10:16.435896+00:00
2011-10-20,24.600000381469727,25.25,24.15999984741211,25.06999969482422,15.050700187683105,3228700,PFG,yfinance,2026-02-10T05:10:16.435896+00:00
2011-10-21,25.5,26.18000030517578,25.299999237060547,25.959999084472656,15.585002899169922,2519300,PFG,yfinance,2026-02-10T05:10:16.435896+00:00
2011-10-24,26.200000762939453,26.780000686645508,26.0,26.639999389648438,15.993239402770996,1950600,PFG,yfinance,2026-02-10T05:10:16.435896+00:00
2011-10-25,26.270000457763672,26.270000457763672,25.1200008392334,25.190000534057617,15.122735977172852,2723700,PFG,yfinance,2026-02-10T05:10:16.435896+00:00
2011-10-26,25.739999771118164,26.440000534057617,25.170000076293945,26.3700008392334,15.831148147583008,2663800,PFG,yfinance,2026-02-10T05:10:16.435896+00:00
2011-10-27,27.799999237060547,28.760000228881836,27.600000381469727,28.469999313354492,17.091875076293945,5501200,PFG,yfinance,2026-02-10T05:10:16.435896+00:00
2011-10-28,27.670000076293945,27.81999969482422,26.049999237060547,26.979999542236328,16.197359085083008,6284500,PFG,yfinance,2026-02-10T05:10:16.435896+00:00
2011-10-31,26.350000381469727,26.459999084472656,25.760000228881836,25.780000686645508,15.476946830749512,4129400,PFG,yfinance,2026-02-10T05:10:16.435896+00:00
2011-11-01,24.450000762939453,25.040000915527344,24.0,24.219999313354492,14.540398597717285,4598300,PFG,yfinance,2026-02-10T05:10:16.435896+00:00
2011-11-02,24.790000915527344,25.110000610351562,24.299999237060547,24.719999313354492,14.840575218200684,3156100,PFG,yfinance,2026-02-10T05:10:16.435896+00:00
2011-11-03,25.1299991607666,25.59000015258789,24.219999313354492,25.479999542236328,15.296838760375977,11763700,PFG,yfinance,2026-02-10T05:10:16.435896+00:00
2011-11-04,25.049999237060547,25.18000030517578,24.56999969482422,24.989999771118164,15.002666473388672,10948700,PFG,yfinance,2026-02-10T05:10:16.435896+00:00
2011-11-07,24.93000030517578,25.110000610351562,24.239999771118164,25.0,15.008668899536133,3776400,PFG,yfinance,2026-02-10T05:10:16.435896+00:00
2011-11-08,24.43000030517578,25.309999465942383,24.309999465942383,25.149999618530273,15.53366470336914,4532200,PFG,yfinance,2026-02-10T05:10:16.435896+00:00
2011-11-09,24.170000076293945,24.170000076293945,23.170000076293945,23.260000228881836,14.366325378417969,4700500,PFG,yfinance,2026-02-10T05:10:16.435896+00:00
2011-11-10,23.760000228881836,23.8700008392334,23.110000610351562,23.68000030517578,14.625736236572266,4812000,PFG,yfinance,2026-02-10T05:10:16.435896+00:00
2011-11-11,24.170000076293945,24.469999313354492,23.889999389648438,24.020000457763672,14.83573055267334,2169900,PFG,yfinance,2026-02-10T05:10:16.435896+00:00
2011-11-14,23.790000915527344,24.149999618530273,23.600000381469727,24.030000686645508,14.841909408569336,4306700,PFG,yfinance,2026-02-10T05:10:16.435896+00:00
2011-11-15,23.8799991607666,24.350000381469727,23.459999084472656,24.149999618530273,14.916029930114746,3374600,PFG,yfinance,2026-02-10T05:10:16.435896+00:00
2011-11-16,23.760000228881836,23.899999618530273,23.450000762939453,23.520000457763672,14.52690601348877,3515100,PFG,yfinance,2026-02-10T05:10:16.435896+00:00
2011-11-17,23.510000228881836,23.639999389648438,22.65999984741211,22.8700008392334,14.125449180603027,4056800,PFG,yfinance,2026-02-10T05:10:16.435896+00:00
2011-11-18,23.18000030517578,23.93000030517578,22.889999389648438,23.75,14.66896915435791,4843300,PFG,yfinance,2026-02-10T05:10:16.435896+00:00
2011-11-21,23.280000686645508,23.459999084472656,22.670000076293945,22.979999542236328,14.19338607788086,3675400,PFG,yfinance,2026-02-10T05:10:16.435896+00:00
2011-11-22,22.959999084472656,23.15999984741211,22.610000610351562,22.700000762939453,14.020442008972168,2281600,PFG,yfinance,2026-02-10T05:10:16.435896+00:00
2011-11-23,22.350000381469727,22.3700008392334,21.649999618530273,21.670000076293945,13.384275436401367,2421000,PFG,yfinance,2026-02-10T05:10:16.435896+00:00
2011-11-25,21.479999542236328,22.0,21.420000076293945,21.43000030517578,13.236040115356445,1522600,PFG,yfinance,2026-02-10T05:10:16.435896+00:00
2011-11-28,22.399999618530273,22.549999237060547,22.0,22.290000915527344,13.767213821411133,4593400,PFG,yfinance,2026-02-10T05:10:16.435896+00:00
2011-11-29,22.34000015258789,22.829999923706055,22.1200008392334,22.360000610351562,13.81045150756836,2047800,PFG,yfinance,2026-02-10T05:10:16.435896+00:00
2011-11-30,23.360000610351562,24.149999618530273,23.309999465942383,24.1299991607666,14.903671264648438,3436500,PFG,yfinance,2026-02-10T05:10:16.435896+00:00
2011-12-01,23.8799991607666,24.719999313354492,23.239999771118164,24.239999771118164,14.971613883972168,6375600,PFG,yfinance,2026-02-10T05:10:16.435896+00:00
2011-12-02,24.639999389648438,25.239999771118164,24.260000228881836,24.299999237060547,15.008667945861816,5266800,PFG,yfinance,2026-02-10T05:10:16.435896+00:00
2011-12-05,24.90999984741211,25.510000228881836,24.860000610351562,25.149999618530273,15.53366470336914,3517300,PFG,yfinance,2026-02-10T05:10:16.435896+00:00
2011-12-06,25.030000686645508,25.719999313354492,24.940000534057617,25.469999313354492,15.73131275177002,3565700,PFG,yfinance,2026-02-10T05:10:16.435896+00:00
2011-12-07,25.149999618530273,25.700000762939453,24.739999771118164,25.530000686645508,15.768370628356934,3132200,PFG,yfinance,2026-02-10T05:10:16.435896+00:00
2011-12-08,25.1200008392334,25.1200008392334,23.989999771118164,24.049999237060547,14.854267120361328,4415600,PFG,yfinance,2026-02-10T05:10:16.435896+00:00
2011-12-09,24.290000915527344,24.729999542236328,24.229999542236328,24.530000686645508,15.150733947753906,4422300,PFG,yfinance,2026-02-10T05:10:16.435896+00:00
2011-12-12,24.1299991607666,24.1299991607666,23.510000228881836,23.75,14.66896915435791,2884800,PFG,yfinance,2026-02-10T05:10:16.435896+00:00
2011-12-13,23.959999084472656,24.219999313354492,23.09000015258789,23.329999923706055,14.409558296203613,3001400,PFG,yfinance,2026-02-10T05:10:16.435896+00:00
2011-12-14,23.049999237060547,23.709999084472656,22.959999084472656,23.459999084472656,14.489849090576172,3539600,PFG,yfinance,2026-02-10T05:10:16.435896+00:00
2011-12-15,23.8799991607666,23.920000076293945,23.440000534057617,23.459999084472656,14.489849090576172,2466900,PFG,yfinance,2026-02-10T05:10:16.435896+00:00
2011-12-16,23.709999084472656,23.790000915527344,23.309999465942383,23.540000915527344,14.539265632629395,4100500,PFG,yfinance,2026-02-10T05:10:16.435896+00:00
2011-12-19,23.579999923706055,23.68000030517578,22.809999465942383,22.93000030517578,14.162507057189941,2095000,PFG,yfinance,2026-02-10T05:10:16.435896+00:00
2011-12-20,23.610000610351562,24.450000762939453,23.530000686645508,24.229999542236328,14.965438842773438,3725700,PFG,yfinance,2026-02-10T05:10:16.435896+00:00
2011-12-21,24.15999984741211,24.68000030517578,23.809999465942383,24.559999465942383,15.169264793395996,3217900,PFG,yfinance,2026-02-10T05:10:16.435896+00:00
2011-12-22,24.610000610351562,24.93000030517578,24.579999923706055,24.829999923706055,15.336021423339844,1285600,PFG,yfinance,2026-02-10T05:10:16.435896+00:00
2011-12-23,24.950000762939453,25.010000228881836,24.739999771118164,24.950000762939453,15.410140037536621,810500,PFG,yfinance,2026-02-10T05:10:16.435896+00:00
2011-12-27,24.920000076293945,25.110000610351562,24.68000030517578,24.68000030517578,15.243369102478027,823900,PFG,yfinance,2026-02-10T05:10:16.435896+00:00
2011-12-28,24.719999313354492,24.760000228881836,24.209999084472656,24.229999542236328,14.965438842773438,1256700,PFG,yfinance,2026-02-10T05:10:16.435896+00:00
2011-12-29,24.3799991607666,24.84000015258789,24.34000015258789,24.739999771118164,15.280438423156738,1342700,PFG,yfinance,2026-02-10T05:10:16.435896+00:00
2011-12-30,24.829999923706055,24.829999923706055,24.600000381469727,24.600000381469727,15.19395923614502,758700,PFG,yfinance,2026-02-10T05:10:16.435896+00:00
2012-01-03,25.43000030517578,25.760000228881836,25.260000228881836,25.260000228881836,15.601606369018555,2092200,PFG,yfinance,2026-02-10T05:10:16.435896+00:00
2012-01-04,25.059999465942383,25.110000610351562,24.639999389648438,24.93000030517578,15.397783279418945,1996100,PFG,yfinance,2026-02-10T05:10:16.435896+00:00
2012-01-05,24.81999969482422,25.190000534057617,24.350000381469727,24.920000076293945,15.391609191894531,2422800,PFG,yfinance,2026-02-10T05:10:16.435896+00:00
2012-01-06,24.84000015258789,24.940000534057617,24.469999313354492,24.469999313354492,15.11367130279541,2599000,PFG,yfinance,2026-02-10T05:10:16.435896+00:00
2012-01-09,24.209999084472656,24.889999389648438,24.209999084472656,24.809999465942383,15.323673248291016,2153400,PFG,yfinance,2026-02-10T05:10:16.435896+00:00
2012-01-10,25.329999923706055,26.1299991607666,25.290000915527344,25.969999313354492,16.040132522583008,2364400,PFG,yfinance,2026-02-10T05:10:16.435896+00:00
2012-01-11,25.829999923706055,26.139999389648438,25.729999542236328,26.059999465942383,16.095720291137695,1298200,PFG,yfinance,2026-02-10T05:10:16.435896+00:00
2012-01-12,26.260000228881836,26.459999084472656,25.850000381469727,26.260000228881836,16.21924591064453,1635100,PFG,yfinance,2026-02-10T05:10:16.435896+00:00
2012-01-13,26.25,26.270000457763672,25.34000015258789,26.100000381469727,16.12042808532715,2161000,PFG,yfinance,2026-02-10T05:10:16.435896+00:00
2012-01-17,26.56999969482422,26.649999618530273,26.239999771118164,26.389999389648438,16.299537658691406,2408200,PFG,yfinance,2026-02-10T05:10:16.435896+00:00
2012-01-18,26.309999465942383,26.940000534057617,26.049999237060547,26.75,16.52189064025879,2971900,PFG,yfinance,2026-02-10T05:10:16.435896+00:00
2012-01-19,26.920000076293945,27.010000228881836,26.530000686645508,26.989999771118164,16.670124053955078,2895000,PFG,yfinance,2026-02-10T05:10:16.435896+00:00
2012-01-20,26.90999984741211,27.229999542236328,26.90999984741211,27.06999969482422,16.719533920288086,2507800,PFG,yfinance,2026-02-10T05:10:16.435896+00:00
2012-01-23,27.09000015258789,27.65999984741211,27.09000015258789,27.299999237060547,16.861587524414062,1826700,PFG,yfinance,2026-02-10T05:10:16.435896+00:00
2012-01-24,26.969999313354492,27.420000076293945,26.969999313354492,27.3700008392334,16.904834747314453,1680900,PFG,yfinance,2026-02-10T05:10:16.435896+00:00
2012-01-25,27.239999771118164,27.329999923706055,26.81999969482422,27.290000915527344,16.855422973632812,2831200,PFG,yfinance,2026-02-10T05:10:16.435896+00:00
2012-01-26,27.489999771118164,27.579999923706055,26.979999542236328,27.190000534057617,16.793657302856445,2990000,PFG,yfinance,2026-02-10T05:10:16.435896+00:00
2012-01-27,26.950000762939453,27.65999984741211,26.940000534057617,27.540000915527344,17.009828567504883,2423400,PFG,yfinance,2026-02-10T05:10:16.435896+00:00
2012-01-30,27.170000076293945,27.489999771118164,26.84000015258789,27.309999465942383,16.86777114868164,2419200,PFG,yfinance,2026-02-10T05:10:16.435896+00:00
2012-01-31,27.6299991607666,27.690000534057617,27.100000381469727,27.309999465942383,16.86777114868164,2531700,PFG,yfinance,2026-02-10T05:10:16.435896+00:00
2012-02-01,27.649999618530273,28.06999969482422,27.459999084472656,27.90999984741211,17.23835563659668,3300300,PFG,yfinance,2026-02-10T05:10:16.435896+00:00
2012-02-02,27.8700008392334,27.889999389648438,27.280000686645508,27.469999313354492,16.96659278869629,3781400,PFG,yfinance,2026-02-10T05:10:16.435896+00:00
2012-02-03,27.639999389648438,28.31999969482422,27.1200008392334,27.5,16.985124588012695,5909900,PFG,yfinance,2026-02-10T05:10:16.435896+00:00
2012-02-06,27.389999389648438,27.40999984741211,26.709999084472656,26.950000762939453,16.645421981811523,2497600,PFG,yfinance,2026-02-10T05:10:16.435896+00:00
2012-02-07,26.799999237060547,27.079999923706055,26.6299991607666,26.8700008392334,16.596010208129883,2178500,PFG,yfinance,2026-02-10T05:10:16.435896+00:00
2012-02-08,26.93000030517578,26.989999771118164,26.649999618530273,26.729999542236328,16.50954246520996,2959700,PFG,yfinance,2026-02-10T05:10:16.435896+00:00
2012-02-09,26.829999923706055,27.190000534057617,26.65999984741211,26.940000534057617,16.639245986938477,2990800,PFG,yfinance,2026-02-10T05:10:16.435896+00:00
2012-02-10,26.510000228881836,26.600000381469727,26.09000015258789,26.209999084472656,16.188365936279297,4244100,PFG,yfinance,2026-02-10T05:10:16.435896+00:00
2012-02-13,26.56999969482422,26.829999923706055,26.350000381469727,26.43000030517578,16.32425308227539,2578900,PFG,yfinance,2026-02-10T05:10:16.435896+00:00
2012-02-14,26.299999237060547,26.469999313354492,26.1200008392334,26.420000076293945,16.318073272705078,2692200,PFG,yfinance,2026-02-10T05:10:16.435896+00:00
2012-02-15,26.59000015258789,26.84000015258789,26.399999618530273,26.5,16.367481231689453,2207100,PFG,yfinance,2026-02-10T05:10:16.435896+00:00
2012-02-16,26.510000228881836,27.360000610351562,26.31999969482422,27.31999969482422,16.873947143554688,1710800,PFG,yfinance,2026-02-10T05:10:16.435896+00:00
2012-02-17,27.479999542236328,27.520000457763672,27.200000762939453,27.399999618530273,16.923355102539062,1574400,PFG,yfinance,2026-02-10T05:10:16.435896+00:00
2012-02-21,27.469999313354492,27.829999923706055,27.309999465942383,27.489999771118164,16.97894287109375,1592200,PFG,yfinance,2026-02-10T05:10:16.435896+00:00
2012-02-22,27.43000030517578,27.489999771118164,26.940000534057617,27.010000228881836,16.682476043701172,1309300,PFG,yfinance,2026-02-10T05:10:16.435896+00:00
2012-02-23,27.280000686645508,28.040000915527344,27.139999389648438,27.889999389648438,17.22599983215332,2631700,PFG,yfinance,2026-02-10T05:10:16.435896+00:00
2012-02-24,27.959999084472656,28.09000015258789,27.790000915527344,27.850000381469727,17.20130157470703,2207000,PFG,yfinance,2026-02-10T05:10:16.435896+00:00
2012-02-27,27.5,27.760000228881836,27.360000610351562,27.459999084472656,16.960418701171875,1835800,PFG,yfinance,2026-02-10T05:10:16.435896+00:00
2012-02-28,27.479999542236328,27.68000030517578,27.299999237060547,27.559999465942383,17.02218246459961,1858300,PFG,yfinance,2026-02-10T05:10:16.435896+00:00
2012-02-29,27.459999084472656,27.940000534057617,27.43000030517578,27.65999984741211,17.08395004272461,2345200,PFG,yfinance,2026-02-10T05:10:16.435896+00:00
2012-03-01,27.690000534057617,28.15999984741211,27.59000015258789,27.989999771118164,17.28776741027832,1797600,PFG,yfinance,2026-02-10T05:10:16.435896+00:00
2012-03-02,27.84000015258789,27.940000534057617,27.489999771118164,27.579999923706055,17.03453254699707,1684900,PFG,yfinance,2026-02-10T05:10:16.435896+00:00
2012-03-05,27.510000228881836,27.770000457763672,27.40999984741211,27.530000686645508,17.003650665283203,1568300,PFG,yfinance,2026-02-10T05:10:16.435896+00:00
2012-03-06,27.200000762939453,27.329999923706055,26.440000534057617,26.440000534057617,16.33042335510254,2710200,PFG,yfinance,2026-02-10T05:10:16.435896+00:00
2012-03-07,26.440000534057617,26.729999542236328,26.260000228881836,26.729999542236328,16.50954246520996,2131400,PFG,yfinance,2026-02-10T05:10:16.435896+00:00
2012-03-08,26.899999618530273,26.959999084472656,26.3700008392334,26.579999923706055,16.528188705444336,2420600,PFG,yfinance,2026-02-10T05:10:16.435896+00:00
2012-03-09,26.700000762939453,27.31999969482422,26.600000381469727,27.139999389648438,16.876419067382812,2010200,PFG,yfinance,2026-02-10T05:10:16.435896+00:00
2012-03-12,27.209999084472656,27.280000686645508,26.940000534057617,27.219999313354492,16.926172256469727,1442100,PFG,yfinance,2026-02-10T05:10:16.435896+00:00
2012-03-13,27.450000762939453,28.200000762939453,27.399999618530273,28.149999618530273,17.50446319580078,2138300,PFG,yfinance,2026-02-10T05:10:16.435896+00:00
2012-03-14,28.229999542236328,28.790000915527344,28.049999237060547,28.549999237060547,17.75319480895996,3177600,PFG,yfinance,2026-02-10T05:10:16.435896+00:00
2012-03-15,28.579999923706055,29.670000076293945,28.489999771118164,29.639999389648438,18.430980682373047,4059800,PFG,yfinance,2026-02-10T05:10:16.435896+00:00
2012-03-16,29.639999389648438,29.709999084472656,29.010000228881836,29.170000076293945,18.13872718811035,2700200,PFG,yfinance,2026-02-10T05:10:16.435896+00:00
2012-03-19,29.229999542236328,29.469999313354492,29.040000915527344,29.100000381469727,18.095199584960938,1541600,PFG,yfinance,2026-02-10T05:10:16.435896+00:00
2012-03-20,28.899999618530273,29.139999389648438,28.649999618530273,28.8700008392334,17.952177047729492,1554400,PFG,yfinance,2026-02-10T05:10:16.435896+00:00
2012-03-21,28.8799991607666,29.110000610351562,28.739999771118164,28.950000762939453,18.00192642211914,1695500,PFG,yfinance,2026-02-10T05:10:16.435896+00:00
2012-03-22,28.709999084472656,29.0,28.639999389648438,28.889999389648438,17.964618682861328,2872000,PFG,yfinance,2026-02-10T05:10:16.435896+00:00
2012-03-23,28.889999389648438,29.229999542236328,28.68000030517578,29.1200008392334,18.107635498046875,1792500,PFG,yfinance,2026-02-10T05:10:16.435896+00:00
2012-03-26,29.43000030517578,29.709999084472656,29.350000381469727,29.68000030517578,18.455862045288086,2044900,PFG,yfinance,2026-02-10T05:10:16.435896+00:00
2012-03-27,29.729999542236328,29.84000015258789,29.450000762939453,29.459999084472656,18.31905746459961,1717600,PFG,yfinance,2026-02-10T05:10:16.435896+00:00
2012-03-28,29.420000076293945,29.549999237060547,29.040000915527344,29.469999313354492,18.325279235839844,1703000,PFG,yfinance,2026-02-10T05:10:16.435896+00:00
2012-03-29,29.139999389648438,29.200000762939453,28.6299991607666,29.010000228881836,18.03923988342285,1952900,PFG,yfinance,2026-02-10T05:10:16.435896+00:00
2012-03-30,29.280000686645508,29.600000381469727,28.979999542236328,29.510000228881836,18.350154876708984,1934600,PFG,yfinance,2026-02-10T05:10:16.435896+00:00
2012-04-02,29.469999313354492,29.959999084472656,29.209999084472656,29.93000030517578,18.611316680908203,1888300,PFG,yfinance,2026-02-10T05:10:16.435896+00:00
2012-04-03,29.760000228881836,29.829999923706055,29.149999618530273,29.18000030517578,18.14494514465332,2983200,PFG,yfinance,2026-02-10T05:10:16.435896+00:00
2012-04-04,28.940000534057617,29.239999771118164,28.850000381469727,29.049999237060547,18.064109802246094,2134600,PFG,yfinance,2026-02-10T05:10:16.435896+00:00
2012-04-05,28.90999984741211,29.3700008392334,28.8799991607666,29.299999237060547,18.219566345214844,2404200,PFG,yfinance,2026-02-10T05:10:16.435896+00:00
2012-04-09,28.510000228881836,28.649999618530273,28.190000534057617,28.229999542236328,17.55421257019043,1761100,PFG,yfinance,2026-02-10T05:10:16.435896+00:00
2012-04-10,28.190000534057617,28.25,27.299999237060547,27.31999969482422,16.98834228515625,2009200,PFG,yfinance,2026-02-10T05:10:16.435896+00:00
2012-04-11,27.760000228881836,27.809999465942383,27.309999465942383,27.389999389648438,17.031875610351562,2016200,PFG,yfinance,2026-02-10T05:10:16.435896+00:00
2012-04-12,27.530000686645508,28.510000228881836,27.440000534057617,28.489999771118164,17.71588706970215,1703000,PFG,yfinance,2026-02-10T05:10:16.435896+00:00
2012-04-13,28.450000762939453,28.450000762939453,27.700000762939453,27.709999084472656,17.230859756469727,1934900,PFG,yfinance,2026-02-10T05:10:16.435896+00:00
2012-04-16,27.760000228881836,27.989999771118164,27.5,27.84000015258789,17.311695098876953,1427200,PFG,yfinance,2026-02-10T05:10:16.435896+00:00
2012-04-17,28.190000534057617,28.450000762939453,27.93000030517578,28.399999618530273,17.659921646118164,1200500,PFG,yfinance,2026-02-10T05:10:16.435896+00:00
2012-04-18,28.149999618530273,28.420000076293945,28.040000915527344,28.260000228881836,17.57286834716797,1455800,PFG,yfinance,2026-02-10T05:10:16.435896+00:00
2012-04-19,28.450000762939453,28.68000030517578,28.09000015258789,28.260000228881836,17.57286834716797,2086000,PFG,yfinance,2026-02-10T05:10:16.435896+00:00
2012-04-20,28.420000076293945,28.56999969482422,28.049999237060547,28.15999984741211,17.510684967041016,1474500,PFG,yfinance,2026-02-10T05:10:16.435896+00:00
2012-04-23,27.579999923706055,27.799999237060547,27.34000015258789,27.760000228881836,17.261951446533203,1308200,PFG,yfinance,2026-02-10T05:10:16.435896+00:00
2012-04-24,27.84000015258789,28.389999389648438,27.65999984741211,28.260000228881836,17.57286834716797,1430500,PFG,yfinance,2026-02-10T05:10:16.435896+00:00
2012-04-25,28.6200008392334,28.860000610351562,28.399999618530273,28.719999313354492,17.858903884887695,1840400,PFG,yfinance,2026-02-10T05:10:16.435896+00:00
2012-04-26,28.559999465942383,29.260000228881836,28.530000686645508,29.190000534057617,18.151161193847656,1594600,PFG,yfinance,2026-02-10T05:10:16.435896+00:00
2012-04-27,26.899999618530273,28.489999771118164,26.010000228881836,27.690000534057617,17.21842384338379,6050200,PFG,yfinance,2026-02-10T05:10:16.435896+00:00
2012-04-30,27.520000457763672,27.959999084472656,27.489999771118164,27.670000076293945,17.205995559692383,1888200,PFG,yfinance,2026-02-10T05:10:16.435896+00:00
2012-05-01,27.65999984741211,28.219999313354492,27.479999542236328,27.770000457763672,17.268163681030273,2304600,PFG,yfinance,2026-02-10T05:10:16.435896+00:00
2012-05-02,27.549999237060547,27.65999984741211,27.1200008392334,27.420000076293945,17.0505313873291,2406700,PFG,yfinance,2026-02-10T05:10:16.435896+00:00
2012-05-03,27.459999084472656,27.5,26.479999542236328,26.729999542236328,16.6214656829834,3695100,PFG,yfinance,2026-02-10T05:10:16.435896+00:00
2012-05-04,26.559999465942383,26.610000610351562,25.969999313354492,26.09000015258789,16.223495483398438,1716800,PFG,yfinance,2026-02-10T05:10:16.435896+00:00
2012-05-07,25.90999984741211,26.25,25.850000381469727,26.059999465942383,16.204843521118164,2679900,PFG,yfinance,2026-02-10T05:10:16.435896+00:00
2012-05-08,25.780000686645508,25.950000762939453,25.43000030517578,25.81999969482422,16.055606842041016,2105600,PFG,yfinance,2026-02-10T05:10:16.435896+00:00
2012-05-09,25.34000015258789,25.75,25.149999618530273,25.40999984741211,15.800657272338867,2437600,PFG,yfinance,2026-02-10T05:10:16.435896+00:00
2012-05-10,25.780000686645508,26.049999237060547,25.540000915527344,25.65999984741211,15.956108093261719,2483400,PFG,yfinance,2026-02-10T05:10:16.435896+00:00
2012-05-11,25.309999465942383,25.809999465942383,25.100000381469727,25.219999313354492,15.68250846862793,2224300,PFG,yfinance,2026-02-10T05:10:16.435896+00:00
2012-05-14,24.850000381469727,24.8700008392334,24.56999969482422,24.579999923706055,15.284538269042969,2430000,PFG,yfinance,2026-02-10T05:10:16.435896+00:00
2012-05-15,24.579999923706055,24.790000915527344,24.280000686645508,24.299999237060547,15.11042308807373,2297800,PFG,yfinance,2026-02-10T05:10:16.435896+00:00
2012-05-16,24.520000457763672,24.700000762939453,23.950000762939453,23.969999313354492,14.905224800109863,2352700,PFG,yfinance,2026-02-10T05:10:16.435896+00:00
2012-05-17,23.940000534057617,24.110000610351562,23.489999771118164,23.5,14.612957954406738,2135400,PFG,yfinance,2026-02-10T05:10:16.435896+00:00
2012-05-18,23.6200008392334,23.649999618530273,23.290000915527344,23.469999313354492,14.594305992126465,2992500,PFG,yfinance,2026-02-10T05:10:16.435896+00:00
2012-05-21,23.56999969482422,24.139999389648438,23.3799991607666,24.1200008392334,14.998504638671875,2825100,PFG,yfinance,2026-02-10T05:10:16.435896+00:00
2012-05-22,24.149999618530273,24.809999465942383,24.059999465942383,24.260000228881836,15.085552215576172,3912200,PFG,yfinance,2026-02-10T05:10:16.435896+00:00
2012-05-23,24.0,24.940000534057617,23.559999465942383,24.06999969482422,14.967403411865234,3184500,PFG,yfinance,2026-02-10T05:10:16.435896+00:00
2012-05-24,24.219999313354492,24.40999984741211,23.940000534057617,24.40999984741211,15.178827285766602,2060900,PFG,yfinance,2026-02-10T05:10:16.435896+00:00
2012-05-25,24.440000534057617,24.719999313354492,24.299999237060547,24.440000534057617,15.19748306274414,1667200,PFG,yfinance,2026-02-10T05:10:16.435896+00:00
2012-05-29,24.639999389648438,25.209999084472656,24.639999389648438,25.110000610351562,15.614108085632324,2595100,PFG,yfinance,2026-02-10T05:10:16.435896+00:00
2012-05-30,24.770000457763672,24.770000457763672,24.31999969482422,24.59000015258789,15.290753364562988,3221200,PFG,yfinance,2026-02-10T05:10:16.435896+00:00
2012-05-31,24.399999618530273,24.860000610351562,24.15999984741211,24.559999465942383,15.38471794128418,7622400,PFG,yfinance,2026-02-10T05:10:16.435896+00:00
2012-06-01,23.93000030517578,24.040000915527344,23.280000686645508,23.299999237060547,14.595437049865723,3129300,PFG,yfinance,2026-02-10T05:10:16.435896+00:00
2012-06-04,23.420000076293945,23.59000015258789,23.1200008392334,23.229999542236328,14.551591873168945,2331700,PFG,yfinance,2026-02-10T05:10:16.435896+00:00
2012-06-05,23.09000015258789,23.600000381469727,23.09000015258789,23.559999465942383,14.758302688598633,3623800,PFG,yfinance,2026-02-10T05:10:16.435896+00:00
2012-06-06,23.81999969482422,24.299999237060547,23.760000228881836,24.299999237060547,15.221847534179688,3419300,PFG,yfinance,2026-02-10T05:10:16.435896+00:00
2012-06-07,24.489999771118164,24.93000030517578,24.3799991607666,24.540000915527344,15.372184753417969,3232900,PFG,yfinance,2026-02-10T05:10:16.435896+00:00
2012-06-08,24.350000381469727,24.81999969482422,24.110000610351562,24.809999465942383,15.541318893432617,2002300,PFG,yfinance,2026-02-10T05:10:16.435896+00:00
2012-06-11,25.1299991607666,25.229999542236328,24.59000015258789,24.600000381469727,15.409774780273438,2681300,PFG,yfinance,2026-02-10T05:10:16.435896+00:00
2012-06-12,24.649999618530273,25.200000762939453,24.549999237060547,25.190000534057617,15.779359817504883,2023900,PFG,yfinance,2026-02-10T05:10:16.435896+00:00
2012-06-13,25.059999465942383,25.350000381469727,24.809999465942383,24.899999618530273,15.597700119018555,1890700,PFG,yfinance,2026-02-10T05:10:16.435896+00:00
2012-06-14,24.950000762939453,25.5,24.8700008392334,25.31999969482422,15.860786437988281,1703600,PFG,yfinance,2026-02-10T05:10:16.435896+00:00
2012-06-15,25.43000030517578,25.5,25.149999618530273,25.399999618530273,15.910908699035645,2747800,PFG,yfinance,2026-02-10T05:10:16.435896+00:00
2012-06-18,25.1299991607666,25.280000686645508,24.950000762939453,25.1299991607666,15.741772651672363,1734100,PFG,yfinance,2026-02-10T05:10:16.435896+00:00
2012-06-19,25.31999969482422,25.610000610351562,25.260000228881836,25.399999618530273,15.910908699035645,1953100,PFG,yfinance,2026-02-10T05:10:16.435896+00:00
2012-06-20,25.459999084472656,25.610000610351562,25.040000915527344,25.139999389648438,15.748037338256836,2709600,PFG,yfinance,2026-02-10T05:10:16.435896+00:00
2012-06-21,25.25,25.350000381469727,24.530000686645508,24.579999923706055,15.397246360778809,3444900,PFG,yfinance,2026-02-10T05:10:16.435896+00:00
2012-06-22,24.760000228881836,25.030000686645508,24.709999084472656,24.850000381469727,15.566376686096191,2552500,PFG,yfinance,2026-02-10T05:10:16.435896+00:00
2012-06-25,24.40999984741211,24.540000915527344,24.209999084472656,24.520000457763672,15.359661102294922,2269200,PFG,yfinance,2026-02-10T05:10:16.435896+00:00
2012-06-26,24.549999237060547,24.93000030517578,24.469999313354492,24.729999542236328,15.491206169128418,1868800,PFG,yfinance,2026-02-10T05:10:16.435896+00:00
2012-06-27,24.8799991607666,25.360000610351562,24.709999084472656,25.299999237060547,15.848262786865234,1329300,PFG,yfinance,2026-02-10T05:10:16.435896+00:00
2012-06-28,24.969999313354492,25.420000076293945,24.850000381469727,25.40999984741211,15.9171724319458,1981100,PFG,yfinance,2026-02-10T05:10:16.435896+00:00
2012-06-29,25.719999313354492,26.239999771118164,25.700000762939453,26.229999542236328,16.430835723876953,2622700,PFG,yfinance,2026-02-10T05:10:16.435896+00:00
2012-07-02,26.510000228881836,26.690000534057617,25.950000762939453,26.149999618530273,16.380722045898438,1954400,PFG,yfinance,2026-02-10T05:10:16.435896+00:00
2012-07-03,26.040000915527344,26.690000534057617,25.969999313354492,26.6299991607666,16.681394577026367,822800,PFG,yfinance,2026-02-10T05:10:16.435896+00:00
2012-07-05,26.420000076293945,26.5,25.959999084472656,26.170000076293945,16.39324378967285,1279300,PFG,yfinance,2026-02-10T05:10:16.435896+00:00
2012-07-06,25.690000534057617,26.06999969482422,25.68000030517578,26.040000915527344,16.311809539794922,1041800,PFG,yfinance,2026-02-10T05:10:16.435896+00:00
2012-07-09,25.950000762939453,26.020000457763672,25.690000534057617,25.950000762939453,16.255434036254883,1570400,PFG,yfinance,2026-02-10T05:10:16.435896+00:00
2012-07-10,26.100000381469727,26.299999237060547,25.299999237060547,25.3799991607666,15.898372650146484,2489100,PFG,yfinance,2026-02-10T05:10:16.435896+00:00
2012-07-11,25.420000076293945,25.940000534057617,25.40999984741211,25.809999465942383,16.16773223876953,1613600,PFG,yfinance,2026-02-10T05:10:16.435896+00:00
2012-07-12,25.530000686645508,25.579999923706055,25.309999465942383,25.389999389648438,15.904642105102539,1344200,PFG,yfinance,2026-02-10T05:10:16.435896+00:00
2012-07-13,25.43000030517578,26.110000610351562,25.389999389648438,26.110000610351562,16.35565757751465,1548900,PFG,yfinance,2026-02-10T05:10:16.435896+00:00
2012-07-16,25.989999771118164,26.030000686645508,25.739999771118164,25.93000030517578,16.242900848388672,1107400,PFG,yfinance,2026-02-10T05:10:16.435896+00:00
2012-07-17,26.06999969482422,26.18000030517578,25.639999389648438,26.149999618530273,16.380722045898438,1134900,PFG,yfinance,2026-02-10T05:10:16.435896+00:00
2012-07-18,25.899999618530273,26.190000534057617,25.790000915527344,26.020000457763672,16.29927635192871,1371600,PFG,yfinance,2026-02-10T05:10:16.435896+00:00
2012-07-19,26.059999465942383,26.309999465942383,25.84000015258789,26.139999389648438,16.374446868896484,1862900,PFG,yfinance,2026-02-10T05:10:16.435896+00:00
2012-07-20,25.889999389648438,25.950000762939453,25.489999771118164,25.579999923706055,16.023664474487305,1779700,PFG,yfinance,2026-02-10T05:10:16.435896+00:00
2012-07-23,24.969999313354492,25.479999542236328,24.84000015258789,25.31999969482422,15.860786437988281,2053800,PFG,yfinance,2026-02-10T05:10:16.435896+00:00
2012-07-24,25.3799991607666,25.3799991607666,24.8799991607666,25.110000610351562,15.729249954223633,2061000,PFG,yfinance,2026-02-10T05:10:16.435896+00:00
2012-07-25,25.270000457763672,25.450000762939453,25.030000686645508,25.06999969482422,15.70418930053711,1860600,PFG,yfinance,2026-02-10T05:10:16.435896+00:00
2012-07-26,25.6299991607666,26.18000030517578,25.489999771118164,25.6299991607666,16.054981231689453,2878200,PFG,yfinance,2026-02-10T05:10:16.435896+00:00
2012-07-27,24.81999969482422,25.540000915527344,24.260000228881836,24.979999542236328,15.64781379699707,7555100,PFG,yfinance,2026-02-10T05:10:16.435896+00:00
2012-07-30,24.780000686645508,25.299999237060547,24.65999984741211,25.170000076293945,15.766830444335938,1955100,PFG,yfinance,2026-02-10T05:10:16.435896+00:00
2012-07-31,25.190000534057617,25.719999313354492,25.100000381469727,25.59000015258789,16.029924392700195,2428500,PFG,yfinance,2026-02-10T05:10:16.435896+00:00
2012-08-01,25.65999984741211,25.790000915527344,25.280000686645508,25.299999237060547,15.848262786865234,1907700,PFG,yfinance,2026-02-10T05:10:16.435896+00:00
2012-08-02,25.0,25.229999542236328,24.709999084472656,25.010000228881836,15.66660213470459,2065700,PFG,yfinance,2026-02-10T05:10:16.435896+00:00
2012-08-03,25.579999923706055,26.219999313354492,25.559999465942383,26.110000610351562,16.35565757751465,2150100,PFG,yfinance,2026-02-10T05:10:16.435896+00:00
2012-08-06,26.219999313354492,26.280000686645508,25.959999084472656,26.030000686645508,16.305543899536133,1577400,PFG,yfinance,2026-02-10T05:10:16.435896+00:00
2012-08-07,26.1299991607666,26.649999618530273,26.1299991607666,26.309999465942383,16.480934143066406,1498500,PFG,yfinance,2026-02-10T05:10:16.435896+00:00
2012-08-08,26.15999984741211,26.260000228881836,25.969999313354492,26.1299991607666,16.368192672729492,2171100,PFG,yfinance,2026-02-10T05:10:16.435896+00:00
2012-08-09,26.020000457763672,26.350000381469727,26.020000457763672,26.1200008392334,16.361923217773438,1279600,PFG,yfinance,2026-02-10T05:10:16.435896+00:00
2012-08-10,26.059999465942383,26.270000457763672,25.969999313354492,26.229999542236328,16.430835723876953,1066700,PFG,yfinance,2026-02-10T05:10:16.435896+00:00
2012-08-13,26.399999618530273,26.530000686645508,26.09000015258789,26.399999618530273,16.537309646606445,1330100,PFG,yfinance,2026-02-10T05:10:16.435896+00:00
2012-08-14,26.450000762939453,26.6200008392334,26.309999465942383,26.3700008392334,16.518524169921875,1779000,PFG,yfinance,2026-02-10T05:10:16.435896+00:00
2012-08-15,26.360000610351562,26.399999618530273,25.989999771118164,26.309999465942383,16.480934143066406,1674700,PFG,yfinance,2026-02-10T05:10:16.435896+00:00
2012-08-16,26.299999237060547,26.75,26.200000762939453,26.709999084472656,16.731510162353516,1302200,PFG,yfinance,2026-02-10T05:10:16.435896+00:00
2012-08-17,26.75,26.790000915527344,26.31999969482422,26.549999237060547,16.631277084350586,1179300,PFG,yfinance,2026-02-10T05:10:16.435896+00:00
2012-08-20,26.43000030517578,26.549999237060547,26.290000915527344,26.40999984741211,16.543582916259766,1108600,PFG,yfinance,2026-02-10T05:10:16.435896+00:00
2012-08-21,26.450000762939453,26.979999542236328,26.450000762939453,26.780000686645508,16.77535629272461,1822500,PFG,yfinance,2026-02-10T05:10:16.435896+00:00
2012-08-22,26.719999313354492,27.239999771118164,26.579999923706055,27.229999542236328,17.057241439819336,3147200,PFG,yfinance,2026-02-10T05:10:16.435896+00:00
2012-08-23,27.09000015258789,27.1299991607666,26.969999313354492,27.049999237060547,16.94448471069336,2684700,PFG,yfinance,2026-02-10T05:10:16.435896+00:00
2012-08-24,27.010000228881836,27.309999465942383,26.979999542236328,27.270000457763672,17.082300186157227,1708400,PFG,yfinance,2026-02-10T05:10:16.435896+00:00
2012-08-27,27.299999237060547,27.31999969482422,27.06999969482422,27.200000762939453,17.0384464263916,1576000,PFG,yfinance,2026-02-10T05:10:16.435896+00:00
2012-08-28,27.040000915527344,27.489999771118164,27.0,27.209999084472656,17.044715881347656,1771600,PFG,yfinance,2026-02-10T05:10:16.435896+00:00
2012-08-29,27.25,27.6299991607666,27.139999389648438,27.579999923706055,17.2764892578125,1632200,PFG,yfinance,2026-02-10T05:10:16.435896+00:00
2012-08-30,27.360000610351562,27.459999084472656,27.200000762939453,27.34000015258789,17.126144409179688,1276800,PFG,yfinance,2026-02-10T05:10:16.435896+00:00
2012-08-31,27.540000915527344,27.739999771118164,27.360000610351562,27.440000534057617,17.188793182373047,2313600,PFG,yfinance,2026-02-10T05:10:16.435896+00:00
2012-09-04,27.34000015258789,27.479999542236328,27.170000076293945,27.34000015258789,17.25822639465332,1488500,PFG,yfinance,2026-02-10T05:10:16.435896+00:00
2012-09-05,27.440000534057617,27.719999313354492,27.399999618530273,27.530000686645508,17.37816047668457,1968900,PFG,yfinance,2026-02-10T05:10:16.435896+00:00
2012-09-06,27.709999084472656,28.06999969482422,27.709999084472656,28.030000686645508,17.693788528442383,1741800,PFG,yfinance,2026-02-10T05:10:16.435896+00:00
2012-09-07,28.15999984741211,28.479999542236328,28.010000228881836,28.309999465942383,17.87053108215332,1615400,PFG,yfinance,2026-02-10T05:10:16.435896+00:00
2012-09-10,28.110000610351562,28.219999313354492,27.649999618530273,27.68000030517578,17.472850799560547,2309800,PFG,yfinance,2026-02-10T05:10:16.435896+00:00
2012-09-11,27.739999771118164,28.040000915527344,27.6200008392334,28.010000228881836,17.681154251098633,1616500,PFG,yfinance,2026-02-10T05:10:16.435896+00:00
2012-09-12,28.1200008392334,28.3700008392334,28.010000228881836,28.079999923706055,17.7253475189209,1779100,PFG,yfinance,2026-02-10T05:10:16.435896+00:00
2012-09-13,28.040000915527344,28.690000534057617,27.690000534057617,28.690000534057617,18.11040687561035,2248100,PFG,yfinance,2026-02-10T05:10:16.435896+00:00
2012-09-14,28.81999969482422,29.15999984741211,28.760000228881836,29.15999984741211,18.407089233398438,2302000,PFG,yfinance,2026-02-10T05:10:16.435896+00:00
2012-09-17,29.100000381469727,29.200000762939453,28.770000457763672,28.829999923706055,18.19878387451172,1537100,PFG,yfinance,2026-02-10T05:10:16.435896+00:00
2012-09-18,28.700000762939453,28.81999969482422,28.40999984741211,28.510000228881836,17.99679183959961,1754100,PFG,yfinance,2026-02-10T05:10:16.435896+00:00
2012-09-19,28.520000457763672,28.600000381469727,28.31999969482422,28.450000762939453,17.958906173706055,880400,PFG,yfinance,2026-02-10T05:10:16.435896+00:00
2012-09-20,28.200000762939453,28.309999465942383,28.010000228881836,28.309999465942383,17.87053108215332,2075600,PFG,yfinance,2026-02-10T05:10:16.435896+00:00
2012-09-21,28.479999542236328,28.489999771118164,27.600000381469727,27.920000076293945,17.624347686767578,5336900,PFG,yfinance,2026-02-10T05:10:16.435896+00:00
2012-09-24,27.81999969482422,27.959999084472656,27.530000686645508,27.59000015258789,17.416038513183594,2558300,PFG,yfinance,2026-02-10T05:10:16.435896+00:00
2012-09-25,27.639999389648438,27.829999923706055,26.790000915527344,26.799999237060547,16.917356491088867,2664900,PFG,yfinance,2026-02-10T05:10:16.435896+00:00
2012-09-26,26.739999771118164,26.90999984741211,26.530000686645508,26.790000915527344,16.911041259765625,2646300,PFG,yfinance,2026-02-10T05:10:16.435896+00:00
2012-09-27,27.030000686645508,27.139999389648438,26.81999969482422,26.940000534057617,17.005733489990234,1294800,PFG,yfinance,2026-02-10T05:10:16.435896+00:00
2012-09-28,26.780000686645508,27.079999923706055,26.649999618530273,26.940000534057617,17.005733489990234,1973100,PFG,yfinance,2026-02-10T05:10:16.435896+00:00
2012-10-01,27.059999465942383,27.399999618530273,26.84000015258789,26.899999618530273,16.980485916137695,1783500,PFG,yfinance,2026-02-10T05:10:16.435896+00:00
2012-10-02,27.079999923706055,27.170000076293945,26.920000076293945,27.139999389648438,17.131980895996094,1398600,PFG,yfinance,2026-02-10T05:10:16.435896+00:00
2012-10-03,27.3700008392334,27.3799991607666,27.049999237060547,27.1299991607666,17.12566566467285,2854100,PFG,yfinance,2026-02-10T05:10:16.435896+00:00
2012-10-04,27.350000381469727,27.81999969482422,27.329999923706055,27.81999969482422,17.56122589111328,1730500,PFG,yfinance,2026-02-10T05:10:16.435896+00:00
2012-10-05,28.079999923706055,28.18000030517578,27.700000762939453,27.760000228881836,17.523344039916992,1424100,PFG,yfinance,2026-02-10T05:10:16.435896+00:00
2012-10-08,27.600000381469727,27.8700008392334,27.59000015258789,27.770000457763672,17.5296630859375,903600,PFG,yfinance,2026-02-10T05:10:16.435896+00:00
2012-10-09,27.010000228881836,27.6299991607666,27.010000228881836,27.209999084472656,17.176166534423828,3670100,PFG,yfinance,2026-02-10T05:10:16.435896+00:00
2012-10-10,27.209999084472656,27.34000015258789,26.989999771118164,27.09000015258789,17.100414276123047,1410500,PFG,yfinance,2026-02-10T05:10:16.435896+00:00
2012-10-11,27.239999771118164,27.6200008392334,27.079999923706055,27.3700008392334,17.27716636657715,2632600,PFG,yfinance,2026-02-10T05:10:16.435896+00:00
2012-10-12,27.290000915527344,27.450000762939453,26.889999389648438,26.920000076293945,16.993101119995117,1319100,PFG,yfinance,2026-02-10T05:10:16.435896+00:00
2012-10-15,27.09000015258789,27.270000457763672,26.829999923706055,27.1299991607666,17.12566566467285,1082400,PFG,yfinance,2026-02-10T05:10:16.435896+00:00
2012-10-16,27.389999389648438,28.049999237060547,27.389999389648438,27.920000076293945,17.624347686767578,2514100,PFG,yfinance,2026-02-10T05:10:16.435896+00:00
2012-10-17,28.020000457763672,28.5,28.020000457763672,28.440000534057617,17.95259666442871,2220300,PFG,yfinance,2026-02-10T05:10:16.435896+00:00
2012-10-18,28.3799991607666,28.709999084472656,28.3799991607666,28.59000015258789,18.04728126525879,1337600,PFG,yfinance,2026-02-10T05:10:16.435896+00:00
2012-10-19,28.600000381469727,28.600000381469727,28.010000228881836,28.15999984741211,17.775850296020508,2282500,PFG,yfinance,2026-02-10T05:10:16.435896+00:00
2012-10-22,28.09000015258789,28.450000762939453,28.06999969482422,28.420000076293945,17.939973831176758,1455800,PFG,yfinance,2026-02-10T05:10:16.435896+00:00
2012-10-23,27.920000076293945,28.059999465942383,27.729999542236328,27.920000076293945,17.624347686767578,1247900,PFG,yfinance,2026-02-10T05:10:16.435896+00:00
2012-10-24,28.020000457763672,28.270000457763672,27.850000381469727,27.969999313354492,17.655906677246094,1168600,PFG,yfinance,2026-02-10T05:10:16.435896+00:00
2012-10-25,28.239999771118164,28.469999313354492,28.06999969482422,28.290000915527344,17.857912063598633,2779000,PFG,yfinance,2026-02-10T05:10:16.435896+00:00
2012-10-26,28.020000457763672,28.479999542236328,27.239999771118164,27.700000762939453,17.485471725463867,2511200,PFG,yfinance,2026-02-10T05:10:16.435896+00:00
2012-10-31,27.809999465942383,27.889999389648438,27.40999984741211,27.540000915527344,17.384475708007812,2111400,PFG,yfinance,2026-02-10T05:10:16.435896+00:00
2012-11-01,27.6299991607666,28.360000610351562,27.600000381469727,28.290000915527344,17.857912063598633,1884500,PFG,yfinance,2026-02-10T05:10:16.435896+00:00
2012-11-02,28.579999923706055,28.600000381469727,27.90999984741211,28.170000076293945,17.78215789794922,1748000,PFG,yfinance,2026-02-10T05:10:16.435896+00:00
2012-11-05,27.899999618530273,28.260000228881836,27.790000915527344,28.170000076293945,17.78215789794922,757600,PFG,yfinance,2026-02-10T05:10:16.435896+00:00
2012-11-06,28.399999618530273,28.479999542236328,28.25,28.299999237060547,17.864219665527344,1371900,PFG,yfinance,2026-02-10T05:10:16.435896+00:00
2012-11-07,27.770000457763672,27.959999084472656,26.959999084472656,26.989999771118164,17.037290573120117,2060600,PFG,yfinance,2026-02-10T05:10:16.435896+00:00
2012-11-08,26.790000915527344,27.290000915527344,26.5,26.5,16.72797966003418,1412500,PFG,yfinance,2026-02-10T05:10:16.435896+00:00
2012-11-09,26.34000015258789,27.020000457763672,26.25,26.600000381469727,16.791105270385742,1436600,PFG,yfinance,2026-02-10T05:10:16.435896+00:00
2012-11-12,26.549999237060547,26.75,26.290000915527344,26.6299991607666,16.810043334960938,1393600,PFG,yfinance,2026-02-10T05:10:16.435896+00:00
2012-11-13,26.3700008392334,26.889999389648438,26.290000915527344,26.5,16.72797966003418,1592300,PFG,yfinance,2026-02-10T05:10:16.435896+00:00
2012-11-14,26.56999969482422,26.709999084472656,26.09000015258789,26.170000076293945,16.519670486450195,1253800,PFG,yfinance,2026-02-10T05:10:16.435896+00:00
2012-11-15,26.229999542236328,26.469999313354492,26.020000457763672,26.229999542236328,16.55754852294922,1146200,PFG,yfinance,2026-02-10T05:10:16.435896+00:00
2012-11-16,26.200000762939453,26.3700008392334,25.829999923706055,26.31999969482422,16.614356994628906,1337000,PFG,yfinance,2026-02-10T05:10:16.435896+00:00
2012-11-19,26.670000076293945,26.899999618530273,26.559999465942383,26.700000762939453,16.854232788085938,1574500,PFG,yfinance,2026-02-10T05:10:16.435896+00:00
2012-11-20,26.579999923706055,26.770000457763672,26.40999984741211,26.75,16.88578987121582,2083700,PFG,yfinance,2026-02-10T05:10:16.435896+00:00
2012-11-21,26.81999969482422,26.81999969482422,26.549999237060547,26.760000228881836,16.892105102539062,864500,PFG,yfinance,2026-02-10T05:10:16.435896+00:00
2012-11-23,26.93000030517578,27.329999923706055,26.780000686645508,27.329999923706055,17.251914978027344,537100,PFG,yfinance,2026-02-10T05:10:16.435896+00:00
2012-11-26,27.079999923706055,27.600000381469727,26.989999771118164,27.59000015258789,17.416038513183594,1601600,PFG,yfinance,2026-02-10T05:10:16.435896+00:00
2012-11-27,27.489999771118164,27.6299991607666,27.260000228881836,27.31999969482422,17.245601654052734,2048400,PFG,yfinance,2026-02-10T05:10:16.435896+00:00
2012-11-28,26.670000076293945,26.829999923706055,26.149999618530273,26.799999237060547,16.917356491088867,3303800,PFG,yfinance,2026-02-10T05:10:16.435896+00:00
2012-11-29,26.920000076293945,27.010000228881836,26.739999771118164,26.920000076293945,16.993101119995117,1450800,PFG,yfinance,2026-02-10T05:10:16.435896+00:00
2012-11-30,26.940000534057617,27.200000762939453,26.780000686645508,27.149999618530273,17.13829231262207,2200500,PFG,yfinance,2026-02-10T05:10:16.435896+00:00
2012-12-03,27.280000686645508,27.43000030517578,27.15999984741211,27.350000381469727,17.26453971862793,2361900,PFG,yfinance,2026-02-10T05:10:16.435896+00:00
2012-12-04,27.31999969482422,27.68000030517578,27.299999237060547,27.670000076293945,17.466533660888672,4232300,PFG,yfinance,2026-02-10T05:10:16.435896+00:00
2012-12-05,27.690000534057617,27.989999771118164,27.600000381469727,27.8799991607666,17.599098205566406,2430800,PFG,yfinance,2026-02-10T05:10:16.435896+00:00
2012-12-06,27.65999984741211,27.770000457763672,27.579999923706055,27.690000534057617,17.6118221282959,970700,PFG,yfinance,2026-02-10T05:10:16.435896+00:00
2012-12-07,27.799999237060547,27.860000610351562,27.639999389648438,27.65999984741211,17.59273910522461,1101800,PFG,yfinance,2026-02-10T05:10:16.435896+00:00
2012-12-10,27.530000686645508,27.81999969482422,27.450000762939453,27.729999542236328,17.637258529663086,1362700,PFG,yfinance,2026-02-10T05:10:16.435896+00:00
2012-12-11,27.860000610351562,27.950000762939453,27.68000030517578,27.719999313354492,17.630905151367188,1994500,PFG,yfinance,2026-02-10T05:10:16.435896+00:00
2012-12-12,27.90999984741211,28.290000915527344,27.850000381469727,28.0,17.80898666381836,1432100,PFG,yfinance,2026-02-10T05:10:16.435896+00:00
2012-12-13,27.950000762939453,28.09000015258789,27.600000381469727,27.6200008392334,17.56729507446289,1744500,PFG,yfinance,2026-02-10T05:10:16.435896+00:00
2012-12-14,27.59000015258789,27.68000030517578,27.440000534057617,27.510000228881836,17.497331619262695,1146500,PFG,yfinance,2026-02-10T05:10:16.435896+00:00
2012-12-17,27.690000534057617,27.850000381469727,27.6299991607666,27.850000381469727,17.71358871459961,1132300,PFG,yfinance,2026-02-10T05:10:16.435896+00:00
2012-12-18,28.010000228881836,28.709999084472656,27.90999984741211,28.700000762939453,18.254215240478516,2187800,PFG,yfinance,2026-02-10T05:10:16.435896+00:00
2012-12-19,27.940000534057617,28.530000686645508,27.940000534057617,28.1299991607666,17.891677856445312,1867400,PFG,yfinance,2026-02-10T05:10:16.435896+00:00
2012-12-20,28.1200008392334,28.440000534057617,28.020000457763672,28.420000076293945,18.076126098632812,923600,PFG,yfinance,2026-02-10T05:10:16.435896+00:00
2012-12-21,28.049999237060547,28.309999465942383,27.8700008392334,28.049999237060547,17.840795516967773,1692400,PFG,yfinance,2026-02-10T05:10:16.435896+00:00
2012-12-24,27.989999771118164,28.290000915527344,27.989999771118164,28.09000015258789,17.866230010986328,496400,PFG,yfinance,2026-02-10T05:10:16.435896+00:00
2012-12-26,28.139999389648438,28.280000686645508,28.059999465942383,28.1299991607666,17.891677856445312,884400,PFG,yfinance,2026-02-10T05:10:16.435896+00:00
2012-12-27,28.110000610351562,28.190000534057617,27.889999389648438,28.110000610351562,17.87894630432129,1366200,PFG,yfinance,2026-02-10T05:10:16.435896+00:00
2012-12-28,27.829999923706055,28.200000762939453,27.81999969482422,28.079999923706055,17.859872817993164,1378800,PFG,yfinance,2026-02-10T05:10:16.435896+00:00
2012-12-31,27.950000762939453,28.530000686645508,27.90999984741211,28.520000457763672,18.139732360839844,1715600,PFG,yfinance,2026-02-10T05:10:16.435896+00:00
2013-01-02,29.079999923706055,29.239999771118164,28.760000228881836,29.09000015258789,18.50226593017578,1780500,PFG,yfinance,2026-02-10T05:10:16.435896+00:00
2013-01-03,29.020000457763672,29.190000534057617,28.760000228881836,28.8700008392334,18.362340927124023,1864100,PFG,yfinance,2026-02-10T05:10:16.435896+00:00
2013-01-04,28.899999618530273,29.399999618530273,28.889999389648438,29.329999923706055,18.65491485595703,1728900,PFG,yfinance,2026-02-10T05:10:16.435896+00:00
2013-01-07,29.1299991607666,29.190000534057617,28.899999618530273,29.06999969482422,18.48954963684082,1485900,PFG,yfinance,2026-02-10T05:10:16.435896+00:00
2013-01-08,28.940000534057617,29.200000762939453,28.93000030517578,29.200000762939453,18.572229385375977,1197300,PFG,yfinance,2026-02-10T05:10:16.435896+00:00
2013-01-09,29.239999771118164,29.56999969482422,29.209999084472656,29.3700008392334,18.680355072021484,1421900,PFG,yfinance,2026-02-10T05:10:16.435896+00:00
2013-01-10,29.479999542236328,29.670000076293945,29.350000381469727,29.670000076293945,18.87116813659668,1214100,PFG,yfinance,2026-02-10T05:10:16.435896+00:00
2013-01-11,29.3799991607666,29.3799991607666,28.969999313354492,29.200000762939453,18.572229385375977,2164300,PFG,yfinance,2026-02-10T05:10:16.435896+00:00
2013-01-14,29.18000030517578,29.209999084472656,28.940000534057617,29.170000076293945,18.553146362304688,1441500,PFG,yfinance,2026-02-10T05:10:16.435896+00:00
2013-01-15,28.809999465942383,29.190000534057617,28.75,29.149999618530273,18.540433883666992,1330900,PFG,yfinance,2026-02-10T05:10:16.435896+00:00
2013-01-16,29.1200008392334,29.1200008392334,28.8799991607666,29.040000915527344,18.470468521118164,1018200,PFG,yfinance,2026-02-10T05:10:16.435896+00:00
2013-01-17,29.209999084472656,29.68000030517578,29.049999237060547,29.510000228881836,18.769399642944336,1694400,PFG,yfinance,2026-02-10T05:10:16.435896+00:00
2013-01-18,29.600000381469727,29.610000610351562,29.399999618530273,29.510000228881836,18.769399642944336,1721500,PFG,yfinance,2026-02-10T05:10:16.435896+00:00
2013-01-22,29.510000228881836,30.299999237060547,29.40999984741211,30.299999237060547,19.271869659423828,1604800,PFG,yfinance,2026-02-10T05:10:16.435896+00:00
2013-01-23,30.190000534057617,30.43000030517578,30.1200008392334,30.360000610351562,19.310041427612305,1531000,PFG,yfinance,2026-02-10T05:10:16.435896+00:00
2013-01-24,30.360000610351562,30.739999771118164,30.280000686645508,30.559999465942383,19.437240600585938,1496400,PFG,yfinance,2026-02-10T05:10:16.435896+00:00
2013-01-25,30.690000534057617,30.850000381469727,30.420000076293945,30.780000686645508,19.57716941833496,1556200,PFG,yfinance,2026-02-10T05:10:16.435896+00:00
2013-01-28,30.8799991607666,31.110000610351562,30.760000228881836,30.790000915527344,19.58352279663086,1857800,PFG,yfinance,2026-02-10T05:10:16.435896+00:00
2013-01-29,30.770000457763672,30.989999771118164,30.610000610351562,30.899999618530273,19.653491973876953,2584800,PFG,yfinance,2026-02-10T05:10:16.435896+00:00
2013-01-30,30.799999237060547,30.8799991607666,30.59000015258789,30.729999542236328,19.545372009277344,2397200,PFG,yfinance,2026-02-10T05:10:16.435896+00:00
2013-01-31,30.670000076293945,31.030000686645508,30.489999771118164,31.010000228881836,19.72345733642578,2057300,PFG,yfinance,2026-02-10T05:10:16.435896+00:00
2013-02-01,31.40999984741211,31.59000015258789,30.510000228881836,30.520000457763672,19.41179847717285,4400200,PFG,yfinance,2026-02-10T05:10:16.435896+00:00
2013-02-04,30.309999465942383,30.450000762939453,30.1299991607666,30.329999923706055,19.290950775146484,3116500,PFG,yfinance,2026-02-10T05:10:16.435896+00:00
2013-02-05,30.579999923706055,30.81999969482422,30.549999237060547,30.75,19.558086395263672,1754700,PFG,yfinance,2026-02-10T05:10:16.435896+00:00
2013-02-06,30.469999313354492,30.719999313354492,30.309999465942383,30.6200008392334,19.47539520263672,1357000,PFG,yfinance,2026-02-10T05:10:16.435896+00:00
2013-02-07,30.670000076293945,30.700000762939453,30.190000534057617,30.520000457763672,19.41179847717285,1627400,PFG,yfinance,2026-02-10T05:10:16.435896+00:00
2013-02-08,30.639999389648438,30.959999084472656,30.440000534057617,30.899999618530273,19.653491973876953,1622900,PFG,yfinance,2026-02-10T05:10:16.435896+00:00
2013-02-11,30.860000610351562,31.170000076293945,30.780000686645508,31.059999465942383,19.7552547454834,1247200,PFG,yfinance,2026-02-10T05:10:16.435896+00:00
2013-02-12,31.079999923706055,31.350000381469727,31.049999237060547,31.18000030517578,19.831579208374023,1225300,PFG,yfinance,2026-02-10T05:10:16.435896+00:00
2013-02-13,31.270000457763672,31.479999542236328,31.15999984741211,31.459999084472656,20.009675979614258,1550000,PFG,yfinance,2026-02-10T05:10:16.435896+00:00
2013-02-14,31.260000228881836,31.700000762939453,31.1200008392334,31.6200008392334,20.111438751220703,1753100,PFG,yfinance,2026-02-10T05:10:16.435896+00:00
2013-02-15,31.700000762939453,31.739999771118164,31.579999923706055,31.690000534057617,20.155961990356445,1917100,PFG,yfinance,2026-02-10T05:10:16.435896+00:00
2013-02-19,31.729999542236328,32.290000915527344,31.530000686645508,32.279998779296875,20.53121566772461,2207800,PFG,yfinance,2026-02-10T05:10:16.435896+00:00
2013-02-20,32.2400016784668,32.25,31.540000915527344,31.600000381469727,20.098718643188477,2994200,PFG,yfinance,2026-02-10T05:10:16.435896+00:00
2013-02-21,31.40999984741211,31.479999542236328,30.770000457763672,30.90999984741211,19.659854888916016,2551700,PFG,yfinance,2026-02-10T05:10:16.435896+00:00
2013-02-22,31.079999923706055,31.6200008392334,31.079999923706055,31.610000610351562,20.105073928833008,1726900,PFG,yfinance,2026-02-10T05:10:16.435896+00:00
2013-02-25,31.700000762939453,31.84000015258789,30.68000030517578,30.700000762939453,19.526283264160156,4141700,PFG,yfinance,2026-02-10T05:10:16.435896+00:00
2013-02-26,30.84000015258789,30.920000076293945,30.489999771118164,30.84000015258789,19.61532974243164,3023900,PFG,yfinance,2026-02-10T05:10:16.435896+00:00
2013-02-27,30.809999465942383,31.700000762939453,30.770000457763672,31.639999389648438,20.124160766601562,1843500,PFG,yfinance,2026-02-10T05:10:16.435896+00:00
2013-02-28,31.700000762939453,31.950000762939453,31.540000915527344,31.610000610351562,20.105073928833008,1932000,PFG,yfinance,2026-02-10T05:10:16.435896+00:00
2013-03-01,31.399999618530273,31.709999084472656,31.049999237060547,31.549999237060547,20.066919326782227,1649700,PFG,yfinance,2026-02-10T05:10:16.435896+00:00
2013-03-04,31.399999618530273,32.0,31.3700008392334,31.889999389648438,20.283166885375977,1853800,PFG,yfinance,2026-02-10T05:10:16.435896+00:00
2013-03-05,32.09000015258789,32.65999984741211,32.09000015258789,32.41999816894531,20.62026596069336,1373800,PFG,yfinance,2026-02-10T05:10:16.435896+00:00
2013-03-06,32.630001068115234,32.7599983215332,32.5,32.58000183105469,20.72203254699707,990400,PFG,yfinance,2026-02-10T05:10:16.435896+00:00
2013-03-07,32.33000183105469,32.790000915527344,32.2400016784668,32.650001525878906,20.914201736450195,1332200,PFG,yfinance,2026-02-10T05:10:16.435896+00:00
2013-03-08,32.900001525878906,33.4900016784668,32.880001068115234,33.41999816894531,21.40742301940918,1801600,PFG,yfinance,2026-02-10T05:10:16.435896+00:00
2013-03-11,33.38999938964844,34.0,33.36000061035156,33.880001068115234,21.702083587646484,1597000,PFG,yfinance,2026-02-10T05:10:16.435896+00:00
2013-03-12,33.88999938964844,33.91999816894531,33.66999816894531,33.81999969482422,21.663658142089844,1365900,PFG,yfinance,2026-02-10T05:10:16.435896+00:00
2013-03-13,33.90999984741211,34.18000030517578,33.7400016784668,34.150001525878906,21.875032424926758,1360100,PFG,yfinance,2026-02-10T05:10:16.435896+00:00
2013-03-14,34.27000045776367,34.58000183105469,34.2400016784668,34.380001068115234,22.022361755371094,1383600,PFG,yfinance,2026-02-10T05:10:16.435896+00:00
2013-03-15,34.22999954223633,34.380001068115234,33.86000061035156,34.09000015258789,21.83660888671875,2006300,PFG,yfinance,2026-02-10T05:10:16.435896+00:00
2013-03-18,33.54999923706055,34.0099983215332,33.470001220703125,33.650001525878906,21.554763793945312,1573400,PFG,yfinance,2026-02-10T05:10:16.435896+00:00
2013-03-19,33.72999954223633,33.869998931884766,33.209999084472656,33.4900016784668,21.4522647857666,1647800,PFG,yfinance,2026-02-10T05:10:16.435896+00:00
2013-03-20,33.7599983215332,33.970001220703125,33.58000183105469,33.650001525878906,21.554763793945312,1893500,PFG,yfinance,2026-02-10T05:10:16.435896+00:00
2013-03-21,33.41999816894531,33.65999984741211,33.209999084472656,33.349998474121094,21.362586975097656,1350300,PFG,yfinance,2026-02-10T05:10:16.435896+00:00
2013-03-22,33.529998779296875,33.63999938964844,33.25,33.529998779296875,21.477888107299805,1353300,PFG,yfinance,2026-02-10T05:10:16.435896+00:00
2013-03-25,33.7400016784668,33.810001373291016,33.130001068115234,33.34000015258789,21.356191635131836,1027900,PFG,yfinance,2026-02-10T05:10:16.435896+00:00
2013-03-26,33.58000183105469,33.900001525878906,33.47999954223633,33.77000045776367,21.631628036499023,1192100,PFG,yfinance,2026-02-10T05:10:16.435896+00:00
2013-03-27,33.52000045776367,33.650001525878906,33.29999923706055,33.59000015258789,21.516321182250977,860800,PFG,yfinance,2026-02-10T05:10:16.435896+00:00
2013-03-28,33.63999938964844,34.04999923706055,33.560001373291016,34.029998779296875,21.798168182373047,1361600,PFG,yfinance,2026-02-10T05:10:16.435896+00:00
2013-04-01,33.97999954223633,34.040000915527344,33.560001373291016,33.63999938964844,21.548349380493164,1259200,PFG,yfinance,2026-02-10T05:10:16.435896+00:00
2013-04-02,33.95000076293945,34.16999816894531,33.84000015258789,33.93000030517578,21.734113693237305,2051600,PFG,yfinance,2026-02-10T05:10:16.435896+00:00
2013-04-03,33.95000076293945,34.029998779296875,33.2599983215332,33.34000015258789,21.356191635131836,2072400,PFG,yfinance,2026-02-10T05:10:16.435896+00:00
2013-04-04,33.349998474121094,33.709999084472656,33.310001373291016,33.65999984741211,21.561166763305664,1075100,PFG,yfinance,2026-02-10T05:10:16.435896+00:00
2013-04-05,33.0,33.52000045776367,32.59000015258789,33.470001220703125,21.4394588470459,1678300,PFG,yfinance,2026-02-10T05:10:16.435896+00:00
2013-04-08,33.439998626708984,33.650001525878906,33.18000030517578,33.650001525878906,21.554763793945312,1632800,PFG,yfinance,2026-02-10T05:10:16.435896+00:00
2013-04-09,33.81999969482422,34.27000045776367,33.72999954223633,34.09000015258789,21.83660888671875,1333700,PFG,yfinance,2026-02-10T05:10:16.435896+00:00
2013-04-10,34.04999923706055,34.880001068115234,34.040000915527344,34.810001373291016,22.297805786132812,1768200,PFG,yfinance,2026-02-10T05:10:16.435896+00:00
2013-04-11,34.88999938964844,35.470001220703125,34.81999969482422,35.45000076293945,22.707761764526367,2408500,PFG,yfinance,2026-02-10T05:10:16.435896+00:00
2013-04-12,35.209999084472656,35.470001220703125,35.099998474121094,35.45000076293945,22.707761764526367,1304800,PFG,yfinance,2026-02-10T05:10:16.435896+00:00
2013-04-15,35.380001068115234,35.380001068115234,34.290000915527344,34.36000061035156,22.009557723999023,1481500,PFG,yfinance,2026-02-10T05:10:16.435896+00:00
2013-04-16,34.7400016784668,34.95000076293945,34.56999969482422,34.91999816894531,22.36826515197754,1195300,PFG,yfinance,2026-02-10T05:10:16.435896+00:00
2013-04-17,34.65999984741211,34.66999816894531,33.880001068115234,34.150001525878906,21.875032424926758,1583400,PFG,yfinance,2026-02-10T05:10:16.435896+00:00
2013-04-18,34.25,34.25,33.43000030517578,33.58000183105469,21.50992202758789,2084300,PFG,yfinance,2026-02-10T05:10:16.435896+00:00
2013-04-19,33.779998779296875,34.41999816894531,33.709999084472656,34.34000015258789,21.99674415588379,1384800,PFG,yfinance,2026-02-10T05:10:16.435896+00:00
2013-04-22,34.47999954223633,34.560001373291016,33.900001525878906,34.5099983215332,22.105636596679688,844000,PFG,yfinance,2026-02-10T05:10:16.435896+00:00
2013-04-23,34.7599983215332,35.38999938964844,34.63999938964844,35.2599983215332,22.586048126220703,1492300,PFG,yfinance,2026-02-10T05:10:16.435896+00:00
2013-04-24,35.369998931884766,35.7400016784668,35.22999954223633,35.599998474121094,22.803848266601562,1358200,PFG,yfinance,2026-02-10T05:10:16.435896+00:00
2013-04-25,35.689998626708984,36.369998931884766,35.459999084472656,35.779998779296875,22.919139862060547,2286900,PFG,yfinance,2026-02-10T05:10:16.435896+00:00
2013-04-26,35.810001373291016,35.97999954223633,35.38999938964844,35.7400016784668,22.893524169921875,1257100,PFG,yfinance,2026-02-10T05:10:16.435896+00:00
2013-04-29,35.84000015258789,35.95000076293945,35.619998931884766,35.81999969482422,22.94477081298828,751100,PFG,yfinance,2026-02-10T05:10:16.435896+00:00
2013-04-30,35.849998474121094,36.15999984741211,35.52000045776367,36.099998474121094,23.124126434326172,1271300,PFG,yfinance,2026-02-10T05:10:16.435896+00:00
2013-05-01,36.11000061035156,36.25,35.58000183105469,35.619998931884766,22.816654205322266,1196800,PFG,yfinance,2026-02-10T05:10:16.435896+00:00
2013-05-02,35.720001220703125,36.189998626708984,35.5099983215332,35.9900016784668,23.053661346435547,1076300,PFG,yfinance,2026-02-10T05:10:16.435896+00:00
2013-05-03,36.470001220703125,37.130001068115234,36.40999984741211,36.720001220703125,23.521268844604492,1459100,PFG,yfinance,2026-02-10T05:10:16.435896+00:00
2013-05-06,36.470001220703125,37.09000015258789,36.380001068115234,36.9900016784668,23.6942195892334,886400,PFG,yfinance,2026-02-10T05:10:16.435896+00:00
2013-05-07,37.029998779296875,37.2599983215332,36.95000076293945,37.2599983215332,23.867170333862305,1249300,PFG,yfinance,2026-02-10T05:10:16.435896+00:00
2013-05-08,37.20000076293945,37.40999984741211,36.97999954223633,37.290000915527344,23.886383056640625,1354800,PFG,yfinance,2026-02-10T05:10:16.435896+00:00
2013-05-09,37.220001220703125,37.34000015258789,36.75,36.88999938964844,23.630163192749023,1167300,PFG,yfinance,2026-02-10T05:10:16.435896+00:00
2013-05-10,36.91999816894531,37.119998931884766,36.849998474121094,37.04999923706055,23.732648849487305,806200,PFG,yfinance,2026-02-10T05:10:16.435896+00:00
2013-05-13,36.91999816894531,37.16999816894531,36.689998626708984,37.150001525878906,23.796710968017578,1041300,PFG,yfinance,2026-02-10T05:10:16.435896+00:00
2013-05-14,37.150001525878906,37.880001068115234,37.119998931884766,37.869998931884766,24.25791358947754,1173000,PFG,yfinance,2026-02-10T05:10:16.435896+00:00
2013-05-15,37.77000045776367,38.209999084472656,37.70000076293945,38.099998474121094,24.405235290527344,1026200,PFG,yfinance,2026-02-10T05:10:16.435896+00:00
2013-05-16,37.91999816894531,38.13999938964844,37.560001373291016,37.63999938964844,24.110580444335938,934900,PFG,yfinance,2026-02-10T05:10:16.435896+00:00
2013-05-17,37.7599983215332,38.16999816894531,37.70000076293945,38.13999938964844,24.430866241455078,1531500,PFG,yfinance,2026-02-10T05:10:16.435896+00:00
2013-05-20,37.9900016784668,38.34000015258789,37.90999984741211,38.040000915527344,24.366804122924805,1467700,PFG,yfinance,2026-02-10T05:10:16.435896+00:00
2013-05-21,38.040000915527344,38.29999923706055,37.880001068115234,38.13999938964844,24.430866241455078,1236300,PFG,yfinance,2026-02-10T05:10:16.435896+00:00
2013-05-22,38.119998931884766,38.599998474121094,37.38999938964844,37.58000183105469,24.0721435546875,1363900,PFG,yfinance,2026-02-10T05:10:16.435896+00:00
2013-05-23,37.11000061035156,37.349998474121094,36.77000045776367,37.2599983215332,23.867170333862305,1286600,PFG,yfinance,2026-02-10T05:10:16.435896+00:00
2013-05-24,36.91999816894531,37.22999954223633,36.5099983215332,37.220001220703125,23.841550827026367,1014300,PFG,yfinance,2026-02-10T05:10:16.435896+00:00
2013-05-28,37.709999084472656,38.400001525878906,37.68000030517578,38.0099983215332,24.34758949279785,1279000,PFG,yfinance,2026-02-10T05:10:16.435896+00:00
2013-05-29,37.75,38.439998626708984,37.61000061035156,38.150001525878906,24.43726921081543,1405100,PFG,yfinance,2026-02-10T05:10:16.435896+00:00
2013-05-30,37.970001220703125,38.75,37.959999084472656,38.5099983215332,24.817489624023438,1204000,PFG,yfinance,2026-02-10T05:10:16.435896+00:00
2013-05-31,38.310001373291016,38.560001373291016,37.81999969482422,37.849998474121094,24.39215087890625,1757400,PFG,yfinance,2026-02-10T05:10:16.435896+00:00
2013-06-03,37.9900016784668,38.13999938964844,37.150001525878906,37.70000076293945,24.295490264892578,1838100,PFG,yfinance,2026-02-10T05:10:16.435896+00:00
2013-06-04,37.720001220703125,38.13999938964844,37.349998474121094,37.63999938964844,24.256824493408203,1635000,PFG,yfinance,2026-02-10T05:10:16.435896+00:00
2013-06-05,37.619998931884766,37.68000030517578,36.86000061035156,37.25,24.005481719970703,2165300,PFG,yfinance,2026-02-10T05:10:16.435896+00:00
2013-06-06,37.27000045776367,37.810001373291016,36.959999084472656,37.79999923706055,24.359935760498047,1301000,PFG,yfinance,2026-02-10T05:10:16.435896+00:00
2013-06-07,38.119998931884766,38.68000030517578,38.0099983215332,38.58000183105469,24.862598419189453,1317800,PFG,yfinance,2026-02-10T05:10:16.435896+00:00
2013-06-10,38.720001220703125,38.95000076293945,38.59000015258789,38.720001220703125,24.95281982421875,946300,PFG,yfinance,2026-02-10T05:10:16.435896+00:00
2013-06-11,38.38999938964844,38.65999984741211,37.77000045776367,38.0099983215332,24.49526596069336,1646200,PFG,yfinance,2026-02-10T05:10:16.435896+00:00
2013-06-12,38.310001373291016,38.459999084472656,37.970001220703125,38.029998779296875,24.508159637451172,1381800,PFG,yfinance,2026-02-10T05:10:16.435896+00:00
2013-06-13,38.02000045776367,38.77000045776367,37.88999938964844,38.66999816894531,24.920595169067383,1167900,PFG,yfinance,2026-02-10T05:10:16.435896+00:00
2013-06-14,38.65999984741211,38.68000030517578,37.77000045776367,38.040000915527344,24.51459312438965,1212700,PFG,yfinance,2026-02-10T05:10:16.435896+00:00
2013-06-17,38.310001373291016,38.900001525878906,38.310001373291016,38.75,24.972152709960938,1001400,PFG,yfinance,2026-02-10T05:10:16.435896+00:00
2013-06-18,38.83000183105469,39.04999923706055,38.70000076293945,38.880001068115234,25.05593490600586,1005700,PFG,yfinance,2026-02-10T05:10:16.435896+00:00
2013-06-19,38.77000045776367,39.040000915527344,38.189998626708984,38.20000076293945,24.617708206176758,1832600,PFG,yfinance,2026-02-10T05:10:16.435896+00:00
2013-06-20,37.81999969482422,38.0099983215332,37.060001373291016,37.22999954223633,23.992597579956055,2651700,PFG,yfinance,2026-02-10T05:10:16.435896+00:00
2013-06-21,37.560001373291016,37.70000076293945,36.439998626708984,36.79999923706055,23.71548843383789,2945100,PFG,yfinance,2026-02-10T05:10:16.435896+00:00
2013-06-24,36.27000045776367,36.38999938964844,35.650001525878906,36.119998931884766,23.277267456054688,2002800,PFG,yfinance,2026-02-10T05:10:16.435896+00:00
2013-06-25,36.56999969482422,37.15999984741211,36.34000015258789,36.9900016784668,23.837936401367188,1315500,PFG,yfinance,2026-02-10T05:10:16.435896+00:00
2013-06-26,36.95000076293945,37.619998931884766,36.900001525878906,37.459999084472656,24.140832901000977,1673900,PFG,yfinance,2026-02-10T05:10:16.435896+00:00
2013-06-27,37.709999084472656,38.040000915527344,37.619998931884766,37.970001220703125,24.4694881439209,834100,PFG,yfinance,2026-02-10T05:10:16.435896+00:00
2013-06-28,37.86000061035156,37.86000061035156,37.400001525878906,37.45000076293945,24.13437843322754,2034800,PFG,yfinance,2026-02-10T05:10:16.435896+00:00
2013-07-01,37.7400016784668,37.970001220703125,37.58000183105469,37.81999969482422,24.372825622558594,1535100,PFG,yfinance,2026-02-10T05:10:16.435896+00:00
2013-07-02,37.70000076293945,37.88999938964844,37.029998779296875,37.290000915527344,24.031265258789062,2360100,PFG,yfinance,2026-02-10T05:10:16.435896+00:00
2013-07-03,36.97999954223633,37.06999969482422,36.75,36.970001220703125,23.82504653930664,1027200,PFG,yfinance,2026-02-10T05:10:16.435896+00:00
2013-07-05,37.15999984741211,37.93000030517578,37.15999984741211,37.90999984741211,24.43082618713379,1453700,PFG,yfinance,2026-02-10T05:10:16.435896+00:00
2013-07-08,38.11000061035156,38.619998931884766,38.04999923706055,38.31999969482422,24.69503402709961,2066500,PFG,yfinance,2026-02-10T05:10:16.435896+00:00
2013-07-09,38.650001525878906,38.79999923706055,38.15999984741211,38.65999984741211,24.91415023803711,1467900,PFG,yfinance,2026-02-10T05:10:16.435896+00:00
2013-07-10,38.560001373291016,38.70000076293945,38.189998626708984,38.40999984741211,24.753040313720703,1760500,PFG,yfinance,2026-02-10T05:10:16.435896+00:00
2013-07-11,38.93000030517578,39.0,38.43000030517578,38.849998474121094,25.036603927612305,1395100,PFG,yfinance,2026-02-10T05:10:16.435896+00:00
2013-07-12,38.779998779296875,38.939998626708984,38.619998931884766,38.900001525878906,25.068811416625977,911500,PFG,yfinance,2026-02-10T05:10:16.435896+00:00
2013-07-15,38.58000183105469,39.099998474121094,38.4900016784668,38.75,24.972152709960938,1308600,PFG,yfinance,2026-02-10T05:10:16.435896+00:00
2013-07-16,38.849998474121094,39.08000183105469,38.599998474121094,38.790000915527344,24.99793815612793,1617700,PFG,yfinance,2026-02-10T05:10:16.435896+00:00
2013-07-17,38.95000076293945,39.54999923706055,38.81999969482422,39.459999084472656,25.429706573486328,1779500,PFG,yfinance,2026-02-10T05:10:16.435896+00:00
2013-07-18,39.61000061035156,39.97999954223633,39.54999923706055,39.83000183105469,25.668153762817383,1342000,PFG,yfinance,2026-02-10T05:10:16.435896+00:00
2013-07-19,39.91999816894531,39.91999816894531,39.439998626708984,39.68000030517578,25.57148551940918,958400,PFG,yfinance,2026-02-10T05:10:16.435896+00:00
2013-07-22,39.689998626708984,40.72999954223633,39.59000015258789,40.72999954223633,26.248153686523438,1552100,PFG,yfinance,2026-02-10T05:10:16.435896+00:00
2013-07-23,40.93000030517578,40.9900016784668,40.38999938964844,40.40999984741211,26.041929244995117,1059600,PFG,yfinance,2026-02-10T05:10:16.435896+00:00
2013-07-24,40.5099983215332,40.720001220703125,40.060001373291016,40.09000015258789,25.83570671081543,1215200,PFG,yfinance,2026-02-10T05:10:16.435896+00:00
2013-07-25,39.880001068115234,40.529998779296875,39.79999923706055,40.459999084472656,26.07414436340332,1362000,PFG,yfinance,2026-02-10T05:10:16.435896+00:00
2013-07-26,42.0099983215332,43.18000030517578,42.0,42.9900016784668,27.70458984375,4615100,PFG,yfinance,2026-02-10T05:10:16.435896+00:00
2013-07-29,42.880001068115234,43.33000183105469,42.459999084472656,42.52000045776367,27.40170669555664,1395200,PFG,yfinance,2026-02-10T05:10:16.435896+00:00
2013-07-30,42.81999969482422,43.040000915527344,42.540000915527344,42.650001525878906,27.4854793548584,1093900,PFG,yfinance,2026-02-10T05:10:16.435896+00:00
2013-07-31,42.84000015258789,43.81999969482422,42.84000015258789,43.36000061035156,27.943038940429688,2533400,PFG,yfinance,2026-02-10T05:10:16.435896+00:00
2013-08-01,43.81999969482422,44.939998626708984,43.81999969482422,44.849998474121094,28.903257369995117,2271100,PFG,yfinance,2026-02-10T05:10:16.435896+00:00
2013-08-02,44.59000015258789,44.66999816894531,44.16999816894531,44.369998931884766,28.59392738342285,1492600,PFG,yfinance,2026-02-10T05:10:16.435896+00:00
2013-08-05,44.18000030517578,44.310001373291016,43.66999816894531,43.83000183105469,28.245912551879883,1773000,PFG,yfinance,2026-02-10T05:10:16.435896+00:00
2013-08-06,43.68000030517578,43.77000045776367,43.16999816894531,43.40999984741211,27.975257873535156,1855000,PFG,yfinance,2026-02-10T05:10:16.435896+00:00
2013-08-07,43.22999954223633,43.310001373291016,42.88999938964844,43.04999923706055,27.74325942993164,1540500,PFG,yfinance,2026-02-10T05:10:16.435896+00:00
2013-08-08,43.369998931884766,43.66999816894531,42.90999984741211,43.11000061035156,27.78192710876465,1203100,PFG,yfinance,2026-02-10T05:10:16.435896+00:00
2013-08-09,43.060001373291016,43.369998931884766,42.83000183105469,42.88999938964844,27.640146255493164,1072500,PFG,yfinance,2026-02-10T05:10:16.435896+00:00
2013-08-12,42.52000045776367,42.86000061035156,42.31999969482422,42.560001373291016,27.427471160888672,978100,PFG,yfinance,2026-02-10T05:10:16.435896+00:00
2013-08-13,42.70000076293945,43.0,42.47999954223633,42.95000076293945,27.67881202697754,787100,PFG,yfinance,2026-02-10T05:10:16.435896+00:00
2013-08-14,42.86000061035156,43.119998931884766,42.75,42.83000183105469,27.60146713256836,655200,PFG,yfinance,2026-02-10T05:10:16.435896+00:00
2013-08-15,42.369998931884766,42.52000045776367,41.90999984741211,41.970001220703125,27.047260284423828,715000,PFG,yfinance,2026-02-10T05:10:16.435896+00:00
2013-08-16,41.849998474121094,42.68000030517578,41.810001373291016,42.47999954223633,27.375926971435547,1015100,PFG,yfinance,2026-02-10T05:10:16.435896+00:00
2013-08-19,42.400001525878906,42.4900016784668,41.84000015258789,41.88999938964844,26.995710372924805,937200,PFG,yfinance,2026-02-10T05:10:16.435896+00:00
2013-08-20,41.81999969482422,42.45000076293945,41.72999954223633,42.279998779296875,27.247045516967773,742400,PFG,yfinance,2026-02-10T05:10:16.435896+00:00
2013-08-21,42.15999984741211,42.38999938964844,41.59000015258789,42.0099983215332,27.073043823242188,1044300,PFG,yfinance,2026-02-10T05:10:16.435896+00:00
2013-08-22,42.150001525878906,42.86000061035156,42.06999969482422,42.45000076293945,27.35658836364746,864900,PFG,yfinance,2026-02-10T05:10:16.435896+00:00
2013-08-23,42.47999954223633,42.54999923706055,42.04999923706055,42.310001373291016,27.26637077331543,861800,PFG,yfinance,2026-02-10T05:10:16.435896+00:00
2013-08-26,42.29999923706055,42.63999938964844,42.119998931884766,42.13999938964844,27.15681266784668,912200,PFG,yfinance,2026-02-10T05:10:16.435896+00:00
2013-08-27,41.5,41.52000045776367,40.59000015258789,40.599998474121094,26.164369583129883,1692500,PFG,yfinance,2026-02-10T05:10:16.435896+00:00
2013-08-28,40.56999969482422,40.939998626708984,40.290000915527344,40.790000915527344,26.286813735961914,1496900,PFG,yfinance,2026-02-10T05:10:16.435896+00:00
2013-08-29,40.7599983215332,41.68000030517578,40.529998779296875,41.15999984741211,26.52525520324707,1180800,PFG,yfinance,2026-02-10T05:10:16.435896+00:00
2013-08-30,41.189998626708984,41.310001373291016,40.560001373291016,40.91999816894531,26.370595932006836,1123300,PFG,yfinance,2026-02-10T05:10:16.435896+00:00
2013-09-03,41.220001220703125,41.72999954223633,41.04999923706055,41.380001068115234,26.837562561035156,2062800,PFG,yfinance,2026-02-10T05:10:16.435896+00:00
2013-09-04,41.41999816894531,42.40999984741211,41.36000061035156,41.84000015258789,27.13589859008789,1791400,PFG,yfinance,2026-02-10T05:10:16.435896+00:00
2013-09-05,42.0,42.459999084472656,41.91999816894531,42.08000183105469,27.29155921936035,998400,PFG,yfinance,2026-02-10T05:10:16.435896+00:00
2013-09-06,42.22999954223633,42.400001525878906,41.380001068115234,42.040000915527344,27.265609741210938,1132200,PFG,yfinance,2026-02-10T05:10:16.435896+00:00
2013-09-09,42.09000015258789,42.70000076293945,41.91999816894531,42.68000030517578,27.680696487426758,1132300,PFG,yfinance,2026-02-10T05:10:16.435896+00:00
2013-09-10,43.11000061035156,43.849998474121094,42.970001220703125,43.75,28.37465476989746,1327800,PFG,yfinance,2026-02-10T05:10:16.435896+00:00
2013-09-11,43.70000076293945,43.86000061035156,43.31999969482422,43.83000183105469,28.426532745361328,940600,PFG,yfinance,2026-02-10T05:10:16.435896+00:00
2013-09-12,43.77000045776367,43.81999969482422,43.29999923706055,43.439998626708984,28.173593521118164,923500,PFG,yfinance,2026-02-10T05:10:16.435896+00:00
2013-09-13,43.40999984741211,43.720001220703125,42.9900016784668,43.09000015258789,27.946605682373047,1665100,PFG,yfinance,2026-02-10T05:10:16.435896+00:00
2013-09-16,43.79999923706055,44.130001068115234,43.59000015258789,43.84000015258789,28.433019638061523,1321100,PFG,yfinance,2026-02-10T05:10:16.435896+00:00
2013-09-17,43.810001373291016,44.0,43.56999969482422,43.900001525878906,28.47194480895996,1401900,PFG,yfinance,2026-02-10T05:10:16.435896+00:00
2013-09-18,43.939998626708984,44.22999954223633,43.63999938964844,43.970001220703125,28.51734161376953,2074200,PFG,yfinance,2026-02-10T05:10:16.435896+00:00
2013-09-19,44.06999969482422,44.11000061035156,43.13999938964844,43.20000076293945,28.017940521240234,1783900,PFG,yfinance,2026-02-10T05:10:16.435896+00:00
2013-09-20,43.2400016784668,43.86000061035156,43.13999938964844,43.2400016784668,28.043901443481445,1582800,PFG,yfinance,2026-02-10T05:10:16.435896+00:00
2013-09-23,42.900001525878906,43.130001068115234,42.650001525878906,42.95000076293945,27.855802536010742,835800,PFG,yfinance,2026-02-10T05:10:16.435896+00:00
2013-09-24,43.0,43.400001525878906,42.90999984741211,43.08000183105469,27.94012451171875,993000,PFG,yfinance,2026-02-10T05:10:16.435896+00:00
2013-09-25,43.09000015258789,43.5,42.970001220703125,43.279998779296875,28.0698184967041,863800,PFG,yfinance,2026-02-10T05:10:16.435896+00:00
2013-09-26,43.279998779296875,43.7599983215332,43.209999084472656,43.4900016784668,28.20603370666504,754600,PFG,yfinance,2026-02-10T05:10:16.435896+00:00
2013-09-27,43.13999938964844,43.36000061035156,42.95000076293945,43.189998626708984,28.011457443237305,657100,PFG,yfinance,2026-02-10T05:10:16.435896+00:00
2013-09-30,42.47999954223633,42.97999954223633,42.41999816894531,42.81999969482422,27.77149772644043,1122700,PFG,yfinance,2026-02-10T05:10:16.435896+00:00
2013-10-01,42.9900016784668,43.22999954223633,42.650001525878906,43.0099983215332,27.894718170166016,1089100,PFG,yfinance,2026-02-10T05:10:16.435896+00:00
2013-10-02,42.689998626708984,43.02000045776367,42.31999969482422,43.02000045776367,27.901203155517578,1103400,PFG,yfinance,2026-02-10T05:10:16.435896+00:00
2013-10-03,42.849998474121094,43.04999923706055,42.04999923706055,42.61000061035156,27.635292053222656,1081600,PFG,yfinance,2026-02-10T05:10:16.435896+00:00
2013-10-04,42.560001373291016,43.43000030517578,42.560001373291016,43.40999984741211,28.154146194458008,895900,PFG,yfinance,2026-02-10T05:10:16.435896+00:00
2013-10-07,42.880001068115234,42.959999084472656,42.5,42.5,27.563962936401367,699700,PFG,yfinance,2026-02-10T05:10:16.435896+00:00
2013-10-08,42.43000030517578,42.599998474121094,41.66999816894531,41.709999084472656,27.051576614379883,1052600,PFG,yfinance,2026-02-10T05:10:16.435896+00:00
2013-10-09,41.84000015258789,42.20000076293945,41.45000076293945,42.040000915527344,27.265609741210938,1310200,PFG,yfinance,2026-02-10T05:10:16.435896+00:00
2013-10-10,42.65999984741211,43.31999969482422,42.619998931884766,43.31999969482422,28.095775604248047,1469300,PFG,yfinance,2026-02-10T05:10:16.435896+00:00
2013-10-11,43.29999923706055,43.95000076293945,43.150001525878906,43.939998626708984,28.497888565063477,1218300,PFG,yfinance,2026-02-10T05:10:16.435896+00:00
2013-10-14,43.38999938964844,44.18000030517578,43.290000915527344,44.119998931884766,28.614625930786133,950800,PFG,yfinance,2026-02-10T05:10:16.435896+00:00
2013-10-15,43.86000061035156,44.709999084472656,43.7599983215332,43.90999984741211,28.47842788696289,1743300,PFG,yfinance,2026-02-10T05:10:16.435896+00:00
2013-10-16,43.5,45.0,43.5,44.93000030517578,29.139963150024414,1374000,PFG,yfinance,2026-02-10T05:10:16.435896+00:00
2013-10-17,44.68000030517578,45.720001220703125,44.54999923706055,45.619998931884766,29.58746910095215,1702600,PFG,yfinance,2026-02-10T05:10:16.435896+00:00
2013-10-18,45.939998626708984,46.40999984741211,45.70000076293945,46.36000061035156,30.06740379333496,1561200,PFG,yfinance,2026-02-10T05:10:16.435896+00:00
2013-10-21,46.5099983215332,46.560001373291016,46.060001373291016,46.310001373291016,30.034982681274414,629700,PFG,yfinance,2026-02-10T05:10:16.435896+00:00
2013-10-22,46.43000030517578,46.95000076293945,46.380001068115234,46.599998474121094,30.223054885864258,951900,PFG,yfinance,2026-02-10T05:10:16.435896+00:00
2013-10-23,46.2599983215332,46.439998626708984,45.83000183105469,46.2400016784668,29.989582061767578,1088100,PFG,yfinance,2026-02-10T05:10:16.435896+00:00
2013-10-24,46.31999969482422,46.790000915527344,46.040000915527344,46.75,30.32034683227539,1160900,PFG,yfinance,2026-02-10T05:10:16.435896+00:00
2013-10-25,46.65999984741211,47.93000030517578,46.22999954223633,46.849998474121094,30.385190963745117,1663300,PFG,yfinance,2026-02-10T05:10:16.435896+00:00
2013-10-28,46.849998474121094,47.209999084472656,46.529998779296875,47.08000183105469,30.534374237060547,1589100,PFG,yfinance,2026-02-10T05:10:16.435896+00:00
2013-10-29,47.29999923706055,47.9900016784668,47.25,47.91999816894531,31.07914924621582,1233300,PFG,yfinance,2026-02-10T05:10:16.435896+00:00
2013-10-30,47.88999938964844,48.16999816894531,47.290000915527344,47.54999923706055,30.839197158813477,1218100,PFG,yfinance,2026-02-10T05:10:16.435896+00:00
2013-10-31,47.40999984741211,47.900001525878906,47.27000045776367,47.459999084472656,30.78083610534668,1211200,PFG,yfinance,2026-02-10T05:10:16.435896+00:00
2013-11-01,47.47999954223633,47.709999084472656,47.22999954223633,47.47999954223633,30.793804168701172,1194300,PFG,yfinance,2026-02-10T05:10:16.435896+00:00
2013-11-04,47.59000015258789,47.84000015258789,47.33000183105469,47.810001373291016,31.0078182220459,861100,PFG,yfinance,2026-02-10T05:10:16.435896+00:00
2013-11-05,47.709999084472656,47.88999938964844,47.38999938964844,47.470001220703125,30.787307739257812,1328600,PFG,yfinance,2026-02-10T05:10:16.435896+00:00
2013-11-06,47.63999938964844,48.06999969482422,47.61000061035156,47.95000076293945,31.098617553710938,730400,PFG,yfinance,2026-02-10T05:10:16.435896+00:00
2013-11-07,48.0,48.45000076293945,46.939998626708984,46.959999084472656,30.456546783447266,1383300,PFG,yfinance,2026-02-10T05:10:16.435896+00:00
2013-11-08,47.15999984741211,48.790000915527344,47.11000061035156,48.439998626708984,31.416414260864258,1964800,PFG,yfinance,2026-02-10T05:10:16.435896+00:00
2013-11-11,48.25,48.45000076293945,48.0,48.16999816894531,31.24130630493164,1060300,PFG,yfinance,2026-02-10T05:10:16.435896+00:00
2013-11-12,48.04999923706055,48.31999969482422,47.599998474121094,47.849998474121094,31.033761978149414,1096800,PFG,yfinance,2026-02-10T05:10:16.435896+00:00
2013-11-13,47.810001373291016,48.279998779296875,47.630001068115234,48.279998779296875,31.312639236450195,1334200,PFG,yfinance,2026-02-10T05:10:16.435896+00:00
2013-11-14,48.400001525878906,48.9900016784668,48.11000061035156,48.939998626708984,31.740692138671875,836100,PFG,yfinance,2026-02-10T05:10:16.435896+00:00
2013-11-15,48.91999816894531,49.2400016784668,48.529998779296875,49.189998626708984,31.9028377532959,947800,PFG,yfinance,2026-02-10T05:10:16.435896+00:00
2013-11-18,49.27000045776367,49.81999969482422,49.15999984741211,49.2599983215332,31.9482421875,1207500,PFG,yfinance,2026-02-10T05:10:16.435896+00:00
2013-11-19,49.189998626708984,49.599998474121094,48.90999984741211,49.150001525878906,31.876911163330078,942700,PFG,yfinance,2026-02-10T05:10:16.435896+00:00
2013-11-20,49.150001525878906,49.56999969482422,48.88999938964844,49.0099983215332,31.786094665527344,766500,PFG,yfinance,2026-02-10T05:10:16.435896+00:00
2013-11-21,49.2400016784668,49.709999084472656,49.15999984741211,49.689998626708984,32.22711944580078,1130900,PFG,yfinance,2026-02-10T05:10:16.435896+00:00
2013-11-22,49.220001220703125,50.20000076293945,49.18000030517578,50.15999984741211,32.531951904296875,1575600,PFG,yfinance,2026-02-10T05:10:16.435896+00:00
2013-11-25,50.130001068115234,50.31999969482422,49.970001220703125,50.06999969482422,32.47358322143555,975600,PFG,yfinance,2026-02-10T05:10:16.435896+00:00
2013-11-26,50.040000915527344,50.75,50.0,50.59000015258789,32.81082534790039,1905600,PFG,yfinance,2026-02-10T05:10:16.435896+00:00
2013-11-27,50.59000015258789,50.849998474121094,50.31999969482422,50.619998931884766,32.83028793334961,955200,PFG,yfinance,2026-02-10T05:10:16.435896+00:00
2013-11-29,50.810001373291016,50.970001220703125,50.439998626708984,50.630001068115234,32.836769104003906,838100,PFG,yfinance,2026-02-10T05:10:16.435896+00:00
2013-12-02,50.86000061035156,50.90999984741211,50.18000030517578,50.290000915527344,32.61625671386719,1337100,PFG,yfinance,2026-02-10T05:10:16.435896+00:00
2013-12-03,50.16999816894531,50.16999816894531,49.20000076293945,49.70000076293945,32.23360824584961,1545200,PFG,yfinance,2026-02-10T05:10:16.435896+00:00
2013-12-04,49.540000915527344,49.88999938964844,48.93000030517578,49.47999954223633,32.09092330932617,1718600,PFG,yfinance,2026-02-10T05:10:16.435896+00:00
2013-12-05,49.09000015258789,49.4900016784668,48.869998931884766,49.16999816894531,32.058319091796875,1177700,PFG,yfinance,2026-02-10T05:10:16.435896+00:00
2013-12-06,49.72999954223633,49.91999816894531,49.38999938964844,49.459999084472656,32.24739074707031,2242600,PFG,yfinance,2026-02-10T05:10:16.435896+00:00
2013-12-09,49.540000915527344,49.95000076293945,49.36000061035156,49.38999938964844,32.201744079589844,985300,PFG,yfinance,2026-02-10T05:10:16.435896+00:00
2013-12-10,49.16999816894531,49.439998626708984,48.959999084472656,49.220001220703125,32.09092330932617,924600,PFG,yfinance,2026-02-10T05:10:16.435896+00:00
2013-12-11,49.13999938964844,49.18000030517578,48.349998474121094,48.43000030517578,31.575843811035156,916000,PFG,yfinance,2026-02-10T05:10:16.435896+00:00
2013-12-12,48.400001525878906,48.79999923706055,48.22999954223633,48.31999969482422,31.50412940979004,949300,PFG,yfinance,2026-02-10T05:10:16.435896+00:00
2013-12-13,48.36000061035156,48.5099983215332,47.959999084472656,48.08000183105469,31.34764862060547,1307600,PFG,yfinance,2026-02-10T05:10:16.435896+00:00
2013-12-16,48.41999816894531,48.4900016784668,48.040000915527344,48.099998474121094,31.360694885253906,1567600,PFG,yfinance,2026-02-10T05:10:16.435896+00:00
2013-12-17,48.060001373291016,48.119998931884766,47.279998779296875,47.61000061035156,31.041215896606445,2438700,PFG,yfinance,2026-02-10T05:10:16.435896+00:00
2013-12-18,47.90999984741211,48.47999954223633,47.279998779296875,48.470001220703125,31.601924896240234,2643400,PFG,yfinance,2026-02-10T05:10:16.435896+00:00
2013-12-19,48.279998779296875,48.400001525878906,47.9900016784668,48.20000076293945,31.4258975982666,2403000,PFG,yfinance,2026-02-10T05:10:16.435896+00:00
2013-12-20,48.040000915527344,48.9900016784668,48.0,48.75,31.784488677978516,1991400,PFG,yfinance,2026-02-10T05:10:16.435896+00:00
2013-12-23,49.02000045776367,49.33000183105469,48.95000076293945,49.22999954223633,32.097434997558594,840300,PFG,yfinance,2026-02-10T05:10:16.435896+00:00
2013-12-24,49.08000183105469,49.45000076293945,48.86000061035156,49.400001525878906,32.20828628540039,336000,PFG,yfinance,2026-02-10T05:10:16.435896+00:00
2013-12-26,49.43000030517578,49.66999816894531,49.130001068115234,49.560001373291016,32.31259536743164,630700,PFG,yfinance,2026-02-10T05:10:16.435896+00:00
2013-12-27,49.65999984741211,49.779998779296875,49.25,49.380001068115234,32.19525146484375,626600,PFG,yfinance,2026-02-10T05:10:16.435896+00:00
2013-12-30,49.38999938964844,49.439998626708984,49.040000915527344,49.15999984741211,32.05180740356445,1174000,PFG,yfinance,2026-02-10T05:10:16.435896+00:00
2013-12-31,49.349998474121094,49.470001220703125,49.040000915527344,49.310001373291016,32.149600982666016,815800,PFG,yfinance,2026-02-10T05:10:16.435896+00:00
2014-01-02,48.959999084472656,49.099998474121094,48.349998474121094,48.619998931884766,31.699731826782227,1014200,PFG,yfinance,2026-02-10T05:10:16.435896+00:00
2014-01-03,48.84000015258789,49.130001068115234,48.720001220703125,48.959999084472656,31.921401977539062,771000,PFG,yfinance,2026-02-10T05:10:16.435896+00:00
2014-01-06,49.09000015258789,49.29999923706055,48.66999816894531,49.0099983215332,31.953996658325195,1104100,PFG,yfinance,2026-02-10T05:10:16.435896+00:00
2014-01-07,49.15999984741211,49.540000915527344,48.91999816894531,49.040000915527344,31.973569869995117,1271700,PFG,yfinance,2026-02-10T05:10:16.435896+00:00
2014-01-08,49.08000183105469,49.279998779296875,48.849998474121094,49.130001068115234,32.03223419189453,1215100,PFG,yfinance,2026-02-10T05:10:16.435896+00:00
2014-01-09,49.470001220703125,49.83000183105469,49.189998626708984,49.790000915527344,32.462562561035156,1178300,PFG,yfinance,2026-02-10T05:10:16.435896+00:00
2014-01-10,49.84000015258789,49.84000015258789,49.16999816894531,49.560001373291016,32.31259536743164,815300,PFG,yfinance,2026-02-10T05:10:16.435896+00:00
2014-01-13,49.0,49.29999923706055,47.63999938964844,47.720001220703125,31.112939834594727,1611100,PFG,yfinance,2026-02-10T05:10:16.435896+00:00
2014-01-14,47.83000183105469,48.349998474121094,47.63999938964844,48.349998474121094,31.52369499206543,1227700,PFG,yfinance,2026-02-10T05:10:16.435896+00:00
2014-01-15,48.36000061035156,48.38999938964844,48.08000183105469,48.220001220703125,31.438928604125977,1988400,PFG,yfinance,2026-02-10T05:10:16.435896+00:00
2014-01-16,48.130001068115234,48.279998779296875,47.7599983215332,47.939998626708984,31.25637435913086,1145000,PFG,yfinance,2026-02-10T05:10:16.435896+00:00
2014-01-17,47.810001373291016,48.04999923706055,47.40999984741211,47.439998626708984,30.930389404296875,1380000,PFG,yfinance,2026-02-10T05:10:16.435896+00:00
2014-01-21,47.7400016784668,47.959999084472656,47.189998626708984,47.33000183105469,30.858665466308594,1465400,PFG,yfinance,2026-02-10T05:10:16.435896+00:00
2014-01-22,47.54999923706055,47.650001525878906,47.0099983215332,47.22999954223633,30.79346466064453,1315900,PFG,yfinance,2026-02-10T05:10:16.435896+00:00
2014-01-23,46.77000045776367,46.86000061035156,45.459999084472656,45.68000030517578,29.782875061035156,1641000,PFG,yfinance,2026-02-10T05:10:16.435896+00:00
2014-01-24,45.45000076293945,45.56999969482422,43.970001220703125,43.970001220703125,28.66797637939453,1809800,PFG,yfinance,2026-02-10T05:10:16.435896+00:00
2014-01-27,44.0,44.36000061035156,43.529998779296875,43.779998779296875,28.54410171508789,2171900,PFG,yfinance,2026-02-10T05:10:16.435896+00:00
2014-01-28,43.939998626708984,44.369998931884766,43.939998626708984,44.29999923706055,28.883132934570312,1176400,PFG,yfinance,2026-02-10T05:10:16.435896+00:00
2014-01-29,43.58000183105469,43.9900016784668,43.209999084472656,43.369998931884766,28.27678871154785,1721000,PFG,yfinance,2026-02-10T05:10:16.435896+00:00
2014-01-30,43.709999084472656,44.38999938964844,43.709999084472656,44.29999923706055,28.883132934570312,1018700,PFG,yfinance,2026-02-10T05:10:16.435896+00:00
2014-01-31,43.290000915527344,44.119998931884766,43.25,43.56999969482422,28.40718650817871,1207700,PFG,yfinance,2026-02-10T05:10:16.435896+00:00
2014-02-03,43.619998931884766,43.689998626708984,41.54999923706055,41.709999084472656,27.194473266601562,2125600,PFG,yfinance,2026-02-10T05:10:16.435896+00:00
2014-02-04,42.0,42.47999954223633,41.20000076293945,42.2599983215332,27.55307388305664,2696600,PFG,yfinance,2026-02-10T05:10:16.435896+00:00
2014-02-05,42.15999984741211,42.5,41.619998931884766,42.380001068115234,27.631317138671875,1380100,PFG,yfinance,2026-02-10T05:10:16.435896+00:00
2014-02-06,42.470001220703125,42.7599983215332,42.16999816894531,42.7400016784668,27.86602783203125,1285900,PFG,yfinance,2026-02-10T05:10:16.435896+00:00
2014-02-07,43.130001068115234,43.540000915527344,42.849998474121094,43.4900016784668,28.355024337768555,1374300,PFG,yfinance,2026-02-10T05:10:16.435896+00:00
2014-02-10,43.5,43.5099983215332,42.7599983215332,43.04999923706055,28.06814956665039,1216900,PFG,yfinance,2026-02-10T05:10:16.435896+00:00
2014-02-11,43.060001373291016,43.869998931884766,42.97999954223633,43.72999954223633,28.511507034301758,1492200,PFG,yfinance,2026-02-10T05:10:16.435896+00:00
2014-02-12,43.779998779296875,44.189998626708984,43.650001525878906,43.959999084472656,28.661466598510742,979100,PFG,yfinance,2026-02-10T05:10:16.435896+00:00
2014-02-13,43.5,44.4900016784668,43.2599983215332,44.459999084472656,28.987462997436523,1892800,PFG,yfinance,2026-02-10T05:10:16.435896+00:00
2014-02-14,44.34000015258789,44.720001220703125,44.119998931884766,44.540000915527344,29.039613723754883,1206200,PFG,yfinance,2026-02-10T05:10:16.435896+00:00
2014-02-18,44.529998779296875,44.83000183105469,44.310001373291016,44.790000915527344,29.202604293823242,1102800,PFG,yfinance,2026-02-10T05:10:16.435896+00:00
2014-02-19,44.5,45.099998474121094,44.13999938964844,44.20000076293945,28.81793212890625,1249900,PFG,yfinance,2026-02-10T05:10:16.435896+00:00
2014-02-20,44.22999954223633,44.369998931884766,43.689998626708984,44.09000015258789,28.746219635009766,967800,PFG,yfinance,2026-02-10T05:10:16.435896+00:00
2014-02-21,44.099998474121094,44.709999084472656,44.02000045776367,44.47999954223633,29.00049591064453,1411400,PFG,yfinance,2026-02-10T05:10:16.435896+00:00
2014-02-24,44.5099983215332,45.220001220703125,44.5099983215332,44.880001068115234,29.26129150390625,1085200,PFG,yfinance,2026-02-10T05:10:16.435896+00:00
2014-02-25,44.790000915527344,44.880001068115234,44.220001220703125,44.380001068115234,28.93529510498047,1040000,PFG,yfinance,2026-02-10T05:10:16.435896+00:00
2014-02-26,44.4900016784668,44.66999816894531,44.11000061035156,44.400001525878906,28.948341369628906,953000,PFG,yfinance,2026-02-10T05:10:16.435896+00:00
2014-02-27,44.36000061035156,44.790000915527344,44.16999816894531,44.65999984741211,29.117843627929688,575200,PFG,yfinance,2026-02-10T05:10:16.435896+00:00
2014-02-28,45.2599983215332,46.04999923706055,45.0,45.349998474121094,29.56773567199707,1675300,PFG,yfinance,2026-02-10T05:10:16.435896+00:00
2014-03-03,44.779998779296875,44.9900016784668,44.400001525878906,44.79999923706055,29.209131240844727,1060800,PFG,yfinance,2026-02-10T05:10:16.435896+00:00
2014-03-04,45.43000030517578,46.459999084472656,45.43000030517578,46.369998931884766,30.232759475708008,1416100,PFG,yfinance,2026-02-10T05:10:16.435896+00:00
2014-03-05,46.27000045776367,46.619998931884766,46.16999816894531,46.439998626708984,30.278390884399414,1525600,PFG,yfinance,2026-02-10T05:10:16.435896+00:00
2014-03-06,46.400001525878906,46.97999954223633,46.09000015258789,46.689998626708984,30.626035690307617,1181100,PFG,yfinance,2026-02-10T05:10:16.435896+00:00
2014-03-07,47.040000915527344,47.7400016784668,47.0099983215332,47.279998779296875,31.013044357299805,1654000,PFG,yfinance,2026-02-10T05:10:16.435896+00:00
2014-03-10,47.27000045776367,47.27000045776367,46.59000015258789,47.189998626708984,30.954010009765625,1137400,PFG,yfinance,2026-02-10T05:10:16.435896+00:00
2014-03-11,47.310001373291016,47.380001068115234,46.56999969482422,46.720001220703125,30.645729064941406,926800,PFG,yfinance,2026-02-10T05:10:16.435896+00:00
2014-03-12,46.290000915527344,46.470001220703125,46.02000045776367,46.470001220703125,30.48172950744629,1298300,PFG,yfinance,2026-02-10T05:10:16.435896+00:00
2014-03-13,46.61000061035156,46.79999923706055,45.70000076293945,45.79999923706055,30.0422420501709,959000,PFG,yfinance,2026-02-10T05:10:16.435896+00:00
2014-03-14,45.68000030517578,46.02000045776367,45.290000915527344,45.369998931884766,29.76018714904785,1429800,PFG,yfinance,2026-02-10T05:10:16.435896+00:00
2014-03-17,45.81999969482422,46.119998931884766,45.560001373291016,45.689998626708984,29.97010040283203,1020500,PFG,yfinance,2026-02-10T05:10:16.435896+00:00
2014-03-18,45.849998474121094,46.16999816894531,45.779998779296875,46.130001068115234,30.25872039794922,947200,PFG,yfinance,2026-02-10T05:10:16.435896+00:00
2014-03-19,46.130001068115234,46.310001373291016,45.65999984741211,45.9900016784668,30.16688346862793,908500,PFG,yfinance,2026-02-10T05:10:16.435896+00:00
2014-03-20,45.900001525878906,46.470001220703125,45.790000915527344,46.029998779296875,30.193126678466797,1783900,PFG,yfinance,2026-02-10T05:10:16.435896+00:00
2014-03-21,46.459999084472656,47.099998474121094,46.22999954223633,46.41999816894531,30.448938369750977,2010800,PFG,yfinance,2026-02-10T05:10:16.435896+00:00
2014-03-24,47.47999954223633,47.720001220703125,46.77000045776367,46.93000030517578,30.78346824645996,2086200,PFG,yfinance,2026-02-10T05:10:16.435896+00:00
2014-03-25,47.0099983215332,47.209999084472656,46.189998626708984,46.619998931884766,30.580120086669922,1406600,PFG,yfinance,2026-02-10T05:10:16.435896+00:00
2014-03-26,47.029998779296875,47.36000061035156,46.5,46.66999816894531,30.61292266845703,2190500,PFG,yfinance,2026-02-10T05:10:16.435896+00:00
2014-03-27,46.58000183105469,46.65999984741211,45.220001220703125,45.290000915527344,29.707725524902344,2240100,PFG,yfinance,2026-02-10T05:10:16.435896+00:00
2014-03-28,45.529998779296875,46.380001068115234,45.36000061035156,45.810001373291016,30.04880714416504,1372700,PFG,yfinance,2026-02-10T05:10:16.435896+00:00
2014-03-31,46.040000915527344,46.369998931884766,45.810001373291016,45.9900016784668,30.16688346862793,1764100,PFG,yfinance,2026-02-10T05:10:16.435896+00:00
2014-04-01,46.34000015258789,46.9900016784668,46.2400016784668,46.869998931884766,30.744117736816406,1523500,PFG,yfinance,2026-02-10T05:10:16.435896+00:00
2014-04-02,46.84000015258789,47.470001220703125,46.779998779296875,47.439998626708984,31.11800765991211,1577100,PFG,yfinance,2026-02-10T05:10:16.435896+00:00
2014-04-03,47.470001220703125,47.4900016784668,46.709999084472656,47.2599983215332,30.99993133544922,1321700,PFG,yfinance,2026-02-10T05:10:16.435896+00:00
2014-04-04,47.619998931884766,47.79999923706055,46.650001525878906,46.66999816894531,30.61292266845703,2090000,PFG,yfinance,2026-02-10T05:10:16.435896+00:00
2014-04-07,46.47999954223633,46.599998474121094,45.40999984741211,45.5,29.8454647064209,1942600,PFG,yfinance,2026-02-10T05:10:16.435896+00:00
2014-04-08,45.31999969482422,45.68000030517578,45.0099983215332,45.27000045776367,29.69460678100586,1315600,PFG,yfinance,2026-02-10T05:10:16.435896+00:00
2014-04-09,45.5099983215332,46.02000045776367,45.04999923706055,45.97999954223633,30.160324096679688,909400,PFG,yfinance,2026-02-10T05:10:16.435896+00:00
2014-04-10,45.91999816894531,46.0,44.310001373291016,44.310001373291016,29.06489372253418,1343700,PFG,yfinance,2026-02-10T05:10:16.435896+00:00
2014-04-11,43.9900016784668,44.25,43.25,43.279998779296875,28.389272689819336,1850800,PFG,yfinance,2026-02-10T05:10:16.435896+00:00
2014-04-14,44.27000045776367,44.439998626708984,43.560001373291016,44.04999923706055,28.89435577392578,1553000,PFG,yfinance,2026-02-10T05:10:16.435896+00:00
2014-04-15,44.02000045776367,44.630001068115234,43.400001525878906,44.22999954223633,29.01241683959961,1548700,PFG,yfinance,2026-02-10T05:10:16.435896+00:00
2014-04-16,44.68000030517578,44.90999984741211,44.25,44.88999938964844,29.445341110229492,1065500,PFG,yfinance,2026-02-10T05:10:16.435896+00:00
2014-04-17,44.81999969482422,45.599998474121094,42.900001525878906,45.20000076293945,29.648681640625,1290800,PFG,yfinance,2026-02-10T05:10:16.435896+00:00
2014-04-21,45.09000015258789,45.2599983215332,44.84000015258789,45.0,29.51750373840332,1052900,PFG,yfinance,2026-02-10T05:10:16.435896+00:00
2014-04-22,45.0,45.40999984741211,44.869998931884766,45.310001373291016,29.720844268798828,1614900,PFG,yfinance,2026-02-10T05:10:16.435896+00:00
2014-04-23,45.31999969482422,45.61000061035156,45.0099983215332,45.15999984741211,29.622446060180664,1401500,PFG,yfinance,2026-02-10T05:10:16.435896+00:00
2014-04-24,45.36000061035156,45.630001068115234,44.439998626708984,44.790000915527344,29.3797607421875,1464800,PFG,yfinance,2026-02-10T05:10:16.435896+00:00
2014-04-25,46.63999938964844,47.84000015258789,45.29999923706055,46.290000915527344,30.363658905029297,3319700,PFG,yfinance,2026-02-10T05:10:16.435896+00:00
2014-04-28,46.970001220703125,47.0,45.63999938964844,46.130001068115234,30.25872039794922,1802000,PFG,yfinance,2026-02-10T05:10:16.435896+00:00
2014-04-29,46.31999969482422,46.68000030517578,46.2599983215332,46.560001373291016,30.540771484375,1264300,PFG,yfinance,2026-02-10T05:10:16.435896+00:00
2014-04-30,46.5099983215332,46.900001525878906,46.06999969482422,46.84000015258789,30.724437713623047,1907900,PFG,yfinance,2026-02-10T05:10:16.435896+00:00
2014-05-01,46.720001220703125,46.939998626708984,46.290000915527344,46.5,30.50142478942871,1100500,PFG,yfinance,2026-02-10T05:10:16.435896+00:00
2014-05-02,46.45000076293945,47.040000915527344,46.400001525878906,46.650001525878906,30.59980583190918,1307500,PFG,yfinance,2026-02-10T05:10:16.435896+00:00
2014-05-05,46.310001373291016,46.5099983215332,45.77000045776367,46.29999923706055,30.370227813720703,1351900,PFG,yfinance,2026-02-10T05:10:16.435896+00:00
2014-05-06,46.130001068115234,46.220001220703125,45.56999969482422,45.59000015258789,29.904510498046875,1251100,PFG,yfinance,2026-02-10T05:10:16.435896+00:00
2014-05-07,45.83000183105469,46.400001525878906,45.43000030517578,46.380001068115234,30.422698974609375,1570200,PFG,yfinance,2026-02-10T05:10:16.435896+00:00
2014-05-08,46.43000030517578,47.150001525878906,46.31999969482422,46.779998779296875,30.68506622314453,1437100,PFG,yfinance,2026-02-10T05:10:16.435896+00:00
2014-05-09,46.65999984741211,46.65999984741211,45.9900016784668,46.58000183105469,30.55389976501465,896100,PFG,yfinance,2026-02-10T05:10:16.435896+00:00
2014-05-12,46.900001525878906,47.790000915527344,46.61000061035156,47.72999954223633,31.30821990966797,1480400,PFG,yfinance,2026-02-10T05:10:16.435896+00:00
2014-05-13,47.81999969482422,47.869998931884766,47.380001068115234,47.45000076293945,31.124557495117188,1026700,PFG,yfinance,2026-02-10T05:10:16.435896+00:00
2014-05-14,47.47999954223633,47.52000045776367,46.41999816894531,46.54999923706055,30.534208297729492,823100,PFG,yfinance,2026-02-10T05:10:16.435896+00:00
2014-05-15,46.20000076293945,46.279998779296875,44.65999984741211,45.25,29.681493759155273,2049900,PFG,yfinance,2026-02-10T05:10:16.435896+00:00
2014-05-16,45.209999084472656,45.540000915527344,44.880001068115234,45.5,29.8454647064209,1180800,PFG,yfinance,2026-02-10T05:10:16.435896+00:00
2014-05-19,45.349998474121094,45.79999923706055,45.349998474121094,45.779998779296875,30.02913475036621,796000,PFG,yfinance,2026-02-10T05:10:16.435896+00:00
2014-05-20,45.75,45.75,44.939998626708984,45.400001525878906,29.77987289428711,1174800,PFG,yfinance,2026-02-10T05:10:16.435896+00:00
2014-05-21,45.709999084472656,46.150001525878906,45.630001068115234,46.119998931884766,30.252151489257812,766700,PFG,yfinance,2026-02-10T05:10:16.435896+00:00
2014-05-22,46.060001373291016,46.66999816894531,45.939998626708984,46.40999984741211,30.442380905151367,1003700,PFG,yfinance,2026-02-10T05:10:16.435896+00:00
2014-05-23,46.43000030517578,46.66999816894531,46.290000915527344,46.459999084472656,30.47516632080078,610700,PFG,yfinance,2026-02-10T05:10:16.435896+00:00
2014-05-27,46.63999938964844,46.91999816894531,46.54999923706055,46.79999923706055,30.698200225830078,939600,PFG,yfinance,2026-02-10T05:10:16.435896+00:00
2014-05-28,46.72999954223633,46.849998474121094,46.400001525878906,46.630001068115234,30.586687088012695,868600,PFG,yfinance,2026-02-10T05:10:16.435896+00:00
2014-05-29,46.72999954223633,47.0,46.310001373291016,46.630001068115234,30.586687088012695,690900,PFG,yfinance,2026-02-10T05:10:16.435896+00:00
2014-05-30,46.5099983215332,46.91999816894531,46.45000076293945,46.77000045776367,30.678518295288086,930600,PFG,yfinance,2026-02-10T05:10:16.435896+00:00
2014-06-02,46.869998931884766,47.29999923706055,46.56999969482422,47.279998779296875,31.013044357299805,838300,PFG,yfinance,2026-02-10T05:10:16.435896+00:00
2014-06-03,47.119998931884766,47.560001373291016,47.029998779296875,47.31999969482422,31.039297103881836,872900,PFG,yfinance,2026-02-10T05:10:16.435896+00:00
2014-06-04,47.220001220703125,48.220001220703125,47.220001220703125,48.189998626708984,31.60995864868164,1496800,PFG,yfinance,2026-02-10T05:10:16.435896+00:00
2014-06-05,48.15999984741211,48.2599983215332,47.4900016784668,48.18000030517578,31.814674377441406,1402300,PFG,yfinance,2026-02-10T05:10:16.435896+00:00
2014-06-06,48.220001220703125,48.939998626708984,48.18000030517578,48.880001068115234,32.276893615722656,1116000,PFG,yfinance,2026-02-10T05:10:16.435896+00:00
2014-06-09,49.22999954223633,49.599998474121094,48.959999084472656,49.369998931884766,32.60045623779297,1850500,PFG,yfinance,2026-02-10T05:10:16.435896+00:00
2014-06-10,49.29999923706055,49.58000183105469,49.2400016784668,49.5099983215332,32.692901611328125,953800,PFG,yfinance,2026-02-10T05:10:16.435896+00:00
2014-06-11,49.13999938964844,49.31999969482422,48.7599983215332,48.83000183105469,32.243892669677734,840400,PFG,yfinance,2026-02-10T05:10:16.435896+00:00
2014-06-12,48.83000183105469,49.0,48.380001068115234,48.68000030517578,32.14483642578125,863200,PFG,yfinance,2026-02-10T05:10:16.435896+00:00
2014-06-13,48.70000076293945,48.880001068115234,48.45000076293945,48.75,32.19105529785156,886000,PFG,yfinance,2026-02-10T05:10:16.435896+00:00
2014-06-16,48.66999816894531,48.880001068115234,48.41999816894531,48.7400016784668,32.18444061279297,793800,PFG,yfinance,2026-02-10T05:10:16.435896+00:00
2014-06-17,48.66999816894531,49.369998931884766,48.66999816894531,49.29999923706055,32.55423355102539,1062800,PFG,yfinance,2026-02-10T05:10:16.435896+00:00
2014-06-18,49.2400016784668,49.900001525878906,48.95000076293945,49.880001068115234,32.937217712402344,1247400,PFG,yfinance,2026-02-10T05:10:16.435896+00:00
2014-06-19,49.81999969482422,49.970001220703125,49.5099983215332,49.959999084472656,32.99005126953125,924400,PFG,yfinance,2026-02-10T05:10:16.435896+00:00
2014-06-20,49.849998474121094,50.70000076293945,49.849998474121094,50.369998931884766,33.260780334472656,1607100,PFG,yfinance,2026-02-10T05:10:16.435896+00:00
2014-06-23,50.279998779296875,50.52000045776367,50.11000061035156,50.31999969482422,33.22777557373047,607900,PFG,yfinance,2026-02-10T05:10:16.435896+00:00
2014-06-24,50.209999084472656,50.52000045776367,49.970001220703125,50.0099983215332,33.023075103759766,941500,PFG,yfinance,2026-02-10T05:10:16.435896+00:00
2014-06-25,49.79999923706055,50.310001373291016,49.68000030517578,50.290000915527344,33.20796203613281,816500,PFG,yfinance,2026-02-10T05:10:16.435896+00:00
2014-06-26,50.220001220703125,50.41999816894531,49.650001525878906,50.369998931884766,33.260780334472656,1225900,PFG,yfinance,2026-02-10T05:10:16.435896+00:00
2014-06-27,50.11000061035156,50.4900016784668,50.0,50.27000045776367,33.19476318359375,748400,PFG,yfinance,2026-02-10T05:10:16.435896+00:00
2014-06-30,50.25,50.7400016784668,50.06999969482422,50.47999954223633,33.33342742919922,1065100,PFG,yfinance,2026-02-10T05:10:16.435896+00:00
2014-07-01,50.5,51.22999954223633,50.5,50.970001220703125,33.656978607177734,981400,PFG,yfinance,2026-02-10T05:10:16.435896+00:00
2014-07-02,50.959999084472656,51.189998626708984,50.68000030517578,50.86000061035156,33.58434295654297,906400,PFG,yfinance,2026-02-10T05:10:16.435896+00:00
2014-07-03,51.11000061035156,51.63999938964844,51.09000015258789,51.540000915527344,34.033363342285156,536300,PFG,yfinance,2026-02-10T05:10:16.435896+00:00
2014-07-07,51.31999969482422,51.5099983215332,51.11000061035156,51.45000076293945,33.97393798828125,1053600,PFG,yfinance,2026-02-10T05:10:16.435896+00:00
2014-07-08,51.31999969482422,51.54999923706055,51.099998474121094,51.400001525878906,33.94092559814453,1593100,PFG,yfinance,2026-02-10T05:10:16.435896+00:00
2014-07-09,51.599998474121094,51.970001220703125,51.29999923706055,51.5099983215332,34.0135612487793,1285200,PFG,yfinance,2026-02-10T05:10:16.435896+00:00
2014-07-10,50.77000045776367,51.31999969482422,50.45000076293945,51.220001220703125,33.82206344604492,1402000,PFG,yfinance,2026-02-10T05:10:16.435896+00:00
2014-07-11,51.040000915527344,51.470001220703125,50.86000061035156,51.45000076293945,33.97393798828125,1009200,PFG,yfinance,2026-02-10T05:10:16.435896+00:00
2014-07-14,51.880001068115234,52.16999816894531,51.59000015258789,51.63999938964844,34.09940719604492,1110100,PFG,yfinance,2026-02-10T05:10:16.435896+00:00
2014-07-15,51.7400016784668,52.029998779296875,51.380001068115234,51.7400016784668,34.165435791015625,1032100,PFG,yfinance,2026-02-10T05:10:16.435896+00:00
2014-07-16,52.0,52.08000183105469,51.68000030517578,51.849998474121094,34.238075256347656,826400,PFG,yfinance,2026-02-10T05:10:16.435896+00:00
2014-07-17,51.599998474121094,52.08000183105469,50.939998626708984,51.09000015258789,33.73622131347656,1049300,PFG,yfinance,2026-02-10T05:10:16.435896+00:00
2014-07-18,51.130001068115234,51.939998626708984,50.959999084472656,51.869998931884766,34.251277923583984,1236200,PFG,yfinance,2026-02-10T05:10:16.435896+00:00
2014-07-21,51.56999969482422,51.880001068115234,51.31999969482422,51.61000061035156,34.079593658447266,857400,PFG,yfinance,2026-02-10T05:10:16.435896+00:00
2014-07-22,51.880001068115234,51.97999954223633,51.599998474121094,51.880001068115234,34.25787353515625,977500,PFG,yfinance,2026-02-10T05:10:16.435896+00:00
2014-07-23,51.970001220703125,51.970001220703125,51.45000076293945,51.709999084472656,34.14562225341797,707700,PFG,yfinance,2026-02-10T05:10:16.435896+00:00
2014-07-24,51.970001220703125,51.970001220703125,51.459999084472656,51.779998779296875,34.19185256958008,1028800,PFG,yfinance,2026-02-10T05:10:16.435896+00:00
2014-07-25,51.86000061035156,52.5099983215332,51.470001220703125,51.790000915527344,34.19845962524414,1238900,PFG,yfinance,2026-02-10T05:10:16.435896+00:00
2014-07-28,51.650001525878906,51.81999969482422,51.0099983215332,51.56999969482422,34.05317687988281,1229100,PFG,yfinance,2026-02-10T05:10:16.435896+00:00
2014-07-29,51.56999969482422,51.7599983215332,50.959999084472656,50.959999084472656,33.650386810302734,813000,PFG,yfinance,2026-02-10T05:10:16.435896+00:00
2014-07-30,51.13999938964844,51.41999816894531,50.650001525878906,51.209999084472656,33.81546401977539,954800,PFG,yfinance,2026-02-10T05:10:16.435896+00:00
2014-07-31,50.83000183105469,51.029998779296875,49.68000030517578,49.68000030517578,32.80515670776367,1335700,PFG,yfinance,2026-02-10T05:10:16.435896+00:00
2014-08-01,49.47999954223633,49.790000915527344,48.83000183105469,49.16999816894531,32.4683952331543,1418000,PFG,yfinance,2026-02-10T05:10:16.435896+00:00
2014-08-04,49.400001525878906,49.72999954223633,48.970001220703125,49.58000183105469,32.73911666870117,1197200,PFG,yfinance,2026-02-10T05:10:16.435896+00:00
2014-08-05,49.2599983215332,49.650001525878906,49.099998474121094,49.380001068115234,32.6070671081543,1717600,PFG,yfinance,2026-02-10T05:10:16.435896+00:00
2014-08-06,49.15999984741211,50.470001220703125,48.81999969482422,50.20000076293945,33.14852523803711,2150400,PFG,yfinance,2026-02-10T05:10:16.435896+00:00
2014-08-07,50.45000076293945,50.709999084472656,49.31999969482422,49.5,32.68629455566406,1109400,PFG,yfinance,2026-02-10T05:10:16.435896+00:00
2014-08-08,49.70000076293945,50.20000076293945,49.380001068115234,50.20000076293945,33.14852523803711,768700,PFG,yfinance,2026-02-10T05:10:16.435896+00:00
2014-08-11,50.349998474121094,50.720001220703125,50.2599983215332,50.47999954223633,33.33342742919922,786200,PFG,yfinance,2026-02-10T05:10:16.435896+00:00
2014-08-12,50.459999084472656,50.84000015258789,50.33000183105469,50.810001373291016,33.55134582519531,914400,PFG,yfinance,2026-02-10T05:10:16.435896+00:00
2014-08-13,50.9900016784668,51.349998474121094,50.93000030517578,51.119998931884766,33.75603485107422,762400,PFG,yfinance,2026-02-10T05:10:16.435896+00:00
2014-08-14,51.11000061035156,51.52000045776367,51.09000015258789,51.400001525878906,33.94092559814453,508200,PFG,yfinance,2026-02-10T05:10:16.435896+00:00
2014-08-15,51.58000183105469,51.689998626708984,50.439998626708984,51.06999969482422,33.7230110168457,1140900,PFG,yfinance,2026-02-10T05:10:16.435896+00:00
2014-08-18,51.4900016784668,52.130001068115234,51.400001525878906,52.0,34.337127685546875,822200,PFG,yfinance,2026-02-10T05:10:16.435896+00:00
2014-08-19,52.0,52.56999969482422,51.880001068115234,52.2400016784668,34.49559020996094,877800,PFG,yfinance,2026-02-10T05:10:16.435896+00:00
2014-08-20,52.04999923706055,52.720001220703125,51.959999084472656,52.58000183105469,34.72010803222656,827200,PFG,yfinance,2026-02-10T05:10:16.435896+00:00
2014-08-21,52.61000061035156,53.52000045776367,52.279998779296875,53.470001220703125,35.30780029296875,1465000,PFG,yfinance,2026-02-10T05:10:16.435896+00:00
2014-08-22,53.290000915527344,53.47999954223633,52.810001373291016,52.91999816894531,34.944618225097656,1297600,PFG,yfinance,2026-02-10T05:10:16.435896+00:00
2014-08-25,53.22999954223633,53.650001525878906,53.029998779296875,53.439998626708984,35.287994384765625,1159000,PFG,yfinance,2026-02-10T05:10:16.435896+00:00
2014-08-26,53.45000076293945,54.16999816894531,53.439998626708984,54.06999969482422,35.70399856567383,1165400,PFG,yfinance,2026-02-10T05:10:16.435896+00:00
2014-08-27,54.150001525878906,54.45000076293945,53.93000030517578,54.36000061035156,35.89548873901367,974400,PFG,yfinance,2026-02-10T05:10:16.435896+00:00
2014-08-28,53.91999816894531,54.349998474121094,53.68000030517578,53.93000030517578,35.6115608215332,970900,PFG,yfinance,2026-02-10T05:10:16.435896+00:00
2014-08-29,54.150001525878906,54.540000915527344,54.09000015258789,54.290000915527344,35.849273681640625,709400,PFG,yfinance,2026-02-10T05:10:16.435896+00:00
2014-09-02,54.59000015258789,54.790000915527344,54.189998626708984,54.54999923706055,36.020965576171875,1114800,PFG,yfinance,2026-02-10T05:10:16.435896+00:00
2014-09-03,54.81999969482422,55.06999969482422,54.33000183105469,54.619998931884766,36.06718444824219,1394000,PFG,yfinance,2026-02-10T05:10:16.435896+00:00
2014-09-04,54.380001068115234,54.560001373291016,53.91999816894531,54.18000030517578,36.000736236572266,1066100,PFG,yfinance,2026-02-10T05:10:16.435896+00:00
2014-09-05,53.970001220703125,54.38999938964844,53.709999084472656,54.369998931884766,36.126976013183594,1026300,PFG,yfinance,2026-02-10T05:10:16.435896+00:00
2014-09-08,54.2599983215332,54.689998626708984,53.97999954223633,54.209999084472656,36.02065658569336,821800,PFG,yfinance,2026-02-10T05:10:16.435896+00:00
2014-09-09,54.09000015258789,54.15999984741211,53.4900016784668,53.5099983215332,35.555545806884766,845900,PFG,yfinance,2026-02-10T05:10:16.435896+00:00
2014-09-10,53.65999984741211,54.31999969482422,53.58000183105469,53.86000061035156,35.78810119628906,1004800,PFG,yfinance,2026-02-10T05:10:16.435896+00:00
2014-09-11,53.459999084472656,53.9900016784668,53.36000061035156,53.959999084472656,35.854557037353516,676100,PFG,yfinance,2026-02-10T05:10:16.435896+00:00
2014-09-12,54.029998779296875,54.63999938964844,53.709999084472656,54.040000915527344,35.90771484375,1030400,PFG,yfinance,2026-02-10T05:10:16.435896+00:00
2014-09-15,53.93000030517578,53.93000030517578,53.38999938964844,53.560001373291016,35.58876419067383,753000,PFG,yfinance,2026-02-10T05:10:16.435896+00:00
2014-09-16,53.40999984741211,54.04999923706055,53.369998931884766,53.720001220703125,35.69508743286133,863900,PFG,yfinance,2026-02-10T05:10:16.435896+00:00
2014-09-17,53.91999816894531,54.4900016784668,53.41999816894531,53.869998931884766,35.79474639892578,894500,PFG,yfinance,2026-02-10T05:10:16.435896+00:00
2014-09-18,54.130001068115234,54.77000045776367,54.130001068115234,54.61000061035156,36.286460876464844,851600,PFG,yfinance,2026-02-10T05:10:16.435896+00:00
2014-09-19,54.88999938964844,55.0,54.2400016784668,54.439998626708984,36.17349624633789,1491400,PFG,yfinance,2026-02-10T05:10:16.435896+00:00
2014-09-22,54.15999984741211,54.470001220703125,53.900001525878906,53.970001220703125,35.86119842529297,603200,PFG,yfinance,2026-02-10T05:10:16.435896+00:00
2014-09-23,53.79999923706055,54.06999969482422,53.33000183105469,53.52000045776367,35.56218719482422,852200,PFG,yfinance,2026-02-10T05:10:16.435896+00:00
2014-09-24,53.54999923706055,54.29999923706055,53.45000076293945,54.290000915527344,36.073822021484375,801100,PFG,yfinance,2026-02-10T05:10:16.435896+00:00
2014-09-25,53.93000030517578,54.099998474121094,53.04999923706055,53.04999923706055,35.24988555908203,939500,PFG,yfinance,2026-02-10T05:10:16.435896+00:00
2014-09-26,53.09000015258789,53.650001525878906,52.97999954223633,53.400001525878906,35.482452392578125,767800,PFG,yfinance,2026-02-10T05:10:16.435896+00:00
2014-09-29,52.619998931884766,53.43000030517578,52.529998779296875,53.0,35.21666717529297,800000,PFG,yfinance,2026-02-10T05:10:16.435896+00:00
2014-09-30,53.209999084472656,53.29999923706055,52.459999084472656,52.470001220703125,34.864505767822266,1135200,PFG,yfinance,2026-02-10T05:10:16.435896+00:00
2014-10-01,52.38999938964844,52.38999938964844,50.59000015258789,50.689998626708984,33.681758880615234,2736400,PFG,yfinance,2026-02-10T05:10:16.435896+00:00
2014-10-02,50.58000183105469,51.11000061035156,50.060001373291016,50.79999923706055,33.75484085083008,1478700,PFG,yfinance,2026-02-10T05:10:16.435896+00:00
2014-10-03,51.279998779296875,51.68000030517578,51.18000030517578,51.4900016784668,34.21332550048828,1092100,PFG,yfinance,2026-02-10T05:10:16.435896+00:00
2014-10-06,51.91999816894531,51.91999816894531,51.20000076293945,51.459999084472656,34.19340515136719,1059400,PFG,yfinance,2026-02-10T05:10:16.435896+00:00
2014-10-07,50.97999954223633,51.209999084472656,50.31999969482422,50.34000015258789,33.449188232421875,1258400,PFG,yfinance,2026-02-10T05:10:16.435896+00:00
2014-10-08,50.470001220703125,51.56999969482422,50.06999969482422,51.5,34.219966888427734,1597600,PFG,yfinance,2026-02-10T05:10:16.435896+00:00
2014-10-09,51.369998931884766,51.43000030517578,49.869998931884766,50.04999923706055,33.256492614746094,1683200,PFG,yfinance,2026-02-10T05:10:16.435896+00:00
2014-10-10,50.040000915527344,50.59000015258789,49.33000183105469,49.34000015258789,32.78472137451172,1491900,PFG,yfinance,2026-02-10T05:10:16.435896+00:00
2014-10-13,49.459999084472656,49.869998931884766,48.470001220703125,48.4900016784668,32.21992492675781,1751400,PFG,yfinance,2026-02-10T05:10:16.435896+00:00
2014-10-14,48.77000045776367,49.470001220703125,48.68000030517578,48.790000915527344,32.41926956176758,1529500,PFG,yfinance,2026-02-10T05:10:16.435896+00:00
2014-10-15,47.90999984741211,48.099998474121094,46.4900016784668,47.880001068115234,31.814603805541992,2538000,PFG,yfinance,2026-02-10T05:10:16.435896+00:00
2014-10-16,47.0099983215332,48.58000183105469,46.849998474121094,48.130001068115234,31.98072052001953,2464300,PFG,yfinance,2026-02-10T05:10:16.435896+00:00
2014-10-17,48.90999984741211,49.66999816894531,48.650001525878906,49.36000061035156,32.798004150390625,1845500,PFG,yfinance,2026-02-10T05:10:16.435896+00:00
2014-10-20,48.77000045776367,49.2400016784668,48.47999954223633,49.16999816894531,32.67176818847656,1626500,PFG,yfinance,2026-02-10T05:10:16.435896+00:00
2014-10-21,49.599998474121094,50.65999984741211,49.5099983215332,50.630001068115234,33.64188003540039,1662800,PFG,yfinance,2026-02-10T05:10:16.435896+00:00
2014-10-22,50.869998931884766,50.88999938964844,49.83000183105469,49.84000015258789,33.116943359375,1314300,PFG,yfinance,2026-02-10T05:10:16.435896+00:00
2014-10-23,50.529998779296875,50.97999954223633,50.310001373291016,50.599998474121094,33.6219482421875,1690800,PFG,yfinance,2026-02-10T05:10:16.435896+00:00
2014-10-24,50.15999984741211,50.619998931884766,49.29999923706055,50.349998474121094,33.455841064453125,1960000,PFG,yfinance,2026-02-10T05:10:16.435896+00:00
2014-10-27,50.18000030517578,50.59000015258789,49.93000030517578,50.36000061035156,33.46248245239258,1145300,PFG,yfinance,2026-02-10T05:10:16.435896+00:00
2014-10-28,50.619998931884766,51.20000076293945,50.5,51.189998626708984,34.01399230957031,954000,PFG,yfinance,2026-02-10T05:10:16.435896+00:00
2014-10-29,51.09000015258789,51.529998779296875,50.93000030517578,51.369998931884766,34.13357925415039,1429000,PFG,yfinance,2026-02-10T05:10:16.435896+00:00
2014-10-30,51.04999923706055,52.0,50.939998626708984,51.72999954223633,34.372798919677734,1178700,PFG,yfinance,2026-02-10T05:10:16.435896+00:00
2014-10-31,52.63999938964844,52.849998474121094,52.040000915527344,52.369998931884766,34.79805374145508,2444600,PFG,yfinance,2026-02-10T05:10:16.435896+00:00
2014-11-03,52.22999954223633,52.400001525878906,51.689998626708984,52.0,34.552215576171875,1806300,PFG,yfinance,2026-02-10T05:10:16.435896+00:00
2014-11-04,51.86000061035156,52.29999923706055,51.72999954223633,52.2400016784668,34.711669921875,1103400,PFG,yfinance,2026-02-10T05:10:16.435896+00:00
2014-11-05,52.77000045776367,52.88999938964844,52.27000045776367,52.83000183105469,35.103702545166016,1110300,PFG,yfinance,2026-02-10T05:10:16.435896+00:00
2014-11-06,52.54999923706055,52.61000061035156,51.970001220703125,52.400001525878906,34.81797790527344,1444200,PFG,yfinance,2026-02-10T05:10:16.435896+00:00
2014-11-07,52.36000061035156,52.84000015258789,52.02000045776367,52.81999969482422,35.0970573425293,1625600,PFG,yfinance,2026-02-10T05:10:16.435896+00:00
2014-11-10,52.86000061035156,53.2599983215332,52.56999969482422,53.2599983215332,35.38941955566406,760300,PFG,yfinance,2026-02-10T05:10:16.435896+00:00
2014-11-11,53.2599983215332,53.5,53.2400016784668,53.400001525878906,35.482452392578125,844900,PFG,yfinance,2026-02-10T05:10:16.435896+00:00
2014-11-12,52.9900016784668,53.56999969482422,52.91999816894531,53.380001068115234,35.46916580200195,877900,PFG,yfinance,2026-02-10T05:10:16.435896+00:00
2014-11-13,53.380001068115234,53.619998931884766,52.91999816894531,53.25,35.382789611816406,654100,PFG,yfinance,2026-02-10T05:10:16.435896+00:00
2014-11-14,53.25,53.45000076293945,52.650001525878906,52.86000061035156,35.12364196777344,862700,PFG,yfinance,2026-02-10T05:10:16.435896+00:00
2014-11-17,52.70000076293945,52.900001525878906,52.47999954223633,52.83000183105469,35.103702545166016,654000,PFG,yfinance,2026-02-10T05:10:16.435896+00:00
2014-11-18,52.93000030517578,53.38999938964844,52.79999923706055,53.08000183105469,35.26982498168945,697900,PFG,yfinance,2026-02-10T05:10:16.435896+00:00
2014-11-19,52.9900016784668,53.029998779296875,52.310001373291016,52.939998626708984,35.17679977416992,1080100,PFG,yfinance,2026-02-10T05:10:16.435896+00:00
2014-11-20,52.4900016784668,53.18000030517578,52.27000045776367,53.040000915527344,35.24325180053711,614600,PFG,yfinance,2026-02-10T05:10:16.435896+00:00
2014-11-21,53.77000045776367,53.93000030517578,53.22999954223633,53.439998626708984,35.50902557373047,1078800,PFG,yfinance,2026-02-10T05:10:16.435896+00:00
2014-11-24,53.709999084472656,53.939998626708984,53.40999984741211,53.91999816894531,35.82796859741211,615300,PFG,yfinance,2026-02-10T05:10:16.435896+00:00
2014-11-25,54.0,54.16999816894531,53.72999954223633,54.08000183105469,35.93429946899414,931100,PFG,yfinance,2026-02-10T05:10:16.435896+00:00
2014-11-26,54.25,54.25,53.68000030517578,54.18000030517578,36.000736236572266,753300,PFG,yfinance,2026-02-10T05:10:16.435896+00:00
2014-11-28,54.0,54.310001373291016,53.18000030517578,53.27000045776367,35.39606475830078,755600,PFG,yfinance,2026-02-10T05:10:16.435896+00:00
2014-12-01,52.83000183105469,52.970001220703125,52.349998474121094,52.65999984741211,34.99075698852539,963800,PFG,yfinance,2026-02-10T05:10:16.435896+00:00
2014-12-02,52.77000045776367,53.459999084472656,52.52000045776367,53.09000015258789,35.27647018432617,1056100,PFG,yfinance,2026-02-10T05:10:16.435896+00:00
2014-12-03,53.130001068115234,53.59000015258789,53.040000915527344,53.29999923706055,35.416011810302734,1134900,PFG,yfinance,2026-02-10T05:10:16.435896+00:00
2014-12-04,52.900001525878906,53.040000915527344,52.400001525878906,52.650001525878906,35.20868682861328,844600,PFG,yfinance,2026-02-10T05:10:16.435896+00:00
2014-12-05,52.97999954223633,53.65999984741211,52.880001068115234,53.470001220703125,35.75706100463867,1470700,PFG,yfinance,2026-02-10T05:10:16.435896+00:00
2014-12-08,53.439998626708984,54.189998626708984,53.099998474121094,53.68000030517578,35.897491455078125,1569600,PFG,yfinance,2026-02-10T05:10:16.435896+00:00
2014-12-09,53.060001373291016,53.18000030517578,52.40999984741211,53.11000061035156,35.51631546020508,1059800,PFG,yfinance,2026-02-10T05:10:16.435896+00:00
2014-12-10,52.970001220703125,53.2400016784668,52.33000183105469,52.43000030517578,35.061580657958984,1643200,PFG,yfinance,2026-02-10T05:10:16.435896+00:00
2014-12-11,52.900001525878906,53.77000045776367,52.810001373291016,53.29999923706055,35.64336013793945,1417100,PFG,yfinance,2026-02-10T05:10:16.435896+00:00
2014-12-12,52.630001068115234,52.68000030517578,50.560001373291016,50.59000015258789,33.83111572265625,1834300,PFG,yfinance,2026-02-10T05:10:16.435896+00:00
2014-12-15,50.93000030517578,51.0099983215332,49.5099983215332,49.720001220703125,33.24931716918945,1380300,PFG,yfinance,2026-02-10T05:10:16.435896+00:00
2014-12-16,49.38999938964844,50.58000183105469,48.95000076293945,49.0,32.767822265625,1794800,PFG,yfinance,2026-02-10T05:10:16.435896+00:00
2014-12-17,49.279998779296875,50.279998779296875,49.04999923706055,50.18000030517578,33.556922912597656,2301000,PFG,yfinance,2026-02-10T05:10:16.435896+00:00
2014-12-18,50.970001220703125,52.27000045776367,50.720001220703125,52.2599983215332,34.947898864746094,2249600,PFG,yfinance,2026-02-10T05:10:16.435896+00:00
2014-12-19,52.349998474121094,52.79999923706055,52.11000061035156,52.709999084472656,35.24882888793945,2220500,PFG,yfinance,2026-02-10T05:10:16.435896+00:00
2014-12-22,52.84000015258789,52.880001068115234,52.470001220703125,52.810001373291016,35.31570816040039,885400,PFG,yfinance,2026-02-10T05:10:16.435896+00:00
2014-12-23,53.11000061035156,53.65999984741211,53.02000045776367,53.31999969482422,35.65675354003906,806600,PFG,yfinance,2026-02-10T05:10:16.435896+00:00
2014-12-24,53.40999984741211,53.4900016784668,53.029998779296875,53.06999969482422,35.48956298828125,350000,PFG,yfinance,2026-02-10T05:10:16.435896+00:00
2014-12-26,53.36000061035156,53.45000076293945,53.060001373291016,53.060001373291016,35.482879638671875,467100,PFG,yfinance,2026-02-10T05:10:16.435896+00:00
2014-12-29,52.869998931884766,53.72999954223633,52.849998474121094,53.099998474121094,35.50961685180664,870800,PFG,yfinance,2026-02-10T05:10:16.435896+00:00
2014-12-30,52.84000015258789,53.310001373291016,52.689998626708984,52.869998931884766,35.35582733154297,848300,PFG,yfinance,2026-02-10T05:10:16.435896+00:00
2014-12-31,53.130001068115234,53.18000030517578,51.93000030517578,51.939998626708984,34.7338981628418,633700,PFG,yfinance,2026-02-10T05:10:16.435896+00:00
2015-01-02,52.41999816894531,52.5,51.29999923706055,51.810001373291016,34.64697265625,925100,PFG,yfinance,2026-02-10T05:10:16.435896+00:00
2015-01-05,51.18000030517578,51.2599983215332,49.709999084472656,50.11000061035156,33.5101203918457,1524100,PFG,yfinance,2026-02-10T05:10:16.435896+00:00
2015-01-06,50.209999084472656,50.470001220703125,48.959999084472656,49.400001525878906,33.03532409667969,1745300,PFG,yfinance,2026-02-10T05:10:16.435896+00:00
2015-01-07,49.880001068115234,50.70000076293945,49.630001068115234,50.25,33.60374450683594,1604400,PFG,yfinance,2026-02-10T05:10:16.435896+00:00
2015-01-08,51.029998779296875,51.869998931884766,50.79999923706055,51.72999954223633,34.593448638916016,2332900,PFG,yfinance,2026-02-10T05:10:16.435896+00:00
2015-01-09,51.81999969482422,51.93000030517578,50.79999923706055,51.09000015258789,34.165489196777344,1340100,PFG,yfinance,2026-02-10T05:10:16.435896+00:00
2015-01-12,51.15999984741211,51.20000076293945,49.97999954223633,50.22999954223633,33.590370178222656,1068800,PFG,yfinance,2026-02-10T05:10:16.435896+00:00
2015-01-13,50.540000915527344,50.9900016784668,48.939998626708984,49.47999954223633,33.08882141113281,1392200,PFG,yfinance,2026-02-10T05:10:16.435896+00:00
2015-01-14,48.209999084472656,48.869998931884766,47.65999984741211,48.27000045776367,32.27965545654297,1414700,PFG,yfinance,2026-02-10T05:10:16.435896+00:00
2015-01-15,48.31999969482422,48.650001525878906,47.43000030517578,47.459999084472656,31.737993240356445,1210500,PFG,yfinance,2026-02-10T05:10:16.435896+00:00
2015-01-16,47.279998779296875,48.060001373291016,47.150001525878906,48.029998779296875,32.119163513183594,1430900,PFG,yfinance,2026-02-10T05:10:16.435896+00:00
2015-01-20,48.29999923706055,48.4900016784668,47.38999938964844,47.66999816894531,31.87842559814453,1236100,PFG,yfinance,2026-02-10T05:10:16.435896+00:00
2015-01-21,47.599998474121094,48.060001373291016,47.189998626708984,47.959999084472656,32.072349548339844,1027200,PFG,yfinance,2026-02-10T05:10:16.435896+00:00
2015-01-22,48.2599983215332,49.439998626708984,47.790000915527344,49.31999969482422,32.9818229675293,1093800,PFG,yfinance,2026-02-10T05:10:16.435896+00:00
2015-01-23,49.25,49.459999084472656,48.7400016784668,48.7599983215332,32.607322692871094,971400,PFG,yfinance,2026-02-10T05:10:16.435896+00:00
2015-01-26,48.540000915527344,49.369998931884766,48.36000061035156,49.33000183105469,32.988521575927734,852100,PFG,yfinance,2026-02-10T05:10:16.435896+00:00
2015-01-27,48.599998474121094,49.209999084472656,48.349998474121094,48.79999923706055,32.634090423583984,1182800,PFG,yfinance,2026-02-10T05:10:16.435896+00:00
2015-01-28,49.08000183105469,49.15999984741211,47.90999984741211,47.939998626708984,32.05897521972656,1883400,PFG,yfinance,2026-02-10T05:10:16.435896+00:00
2015-01-29,47.91999816894531,48.54999923706055,47.439998626708984,48.08000183105469,32.15260696411133,1614000,PFG,yfinance,2026-02-10T05:10:16.435896+00:00
2015-01-30,46.880001068115234,47.84000015258789,46.0099983215332,46.93000030517578,31.383556365966797,2666300,PFG,yfinance,2026-02-10T05:10:16.435896+00:00
2015-02-02,47.2400016784668,47.95000076293945,46.599998474121094,47.95000076293945,32.065670013427734,1758800,PFG,yfinance,2026-02-10T05:10:16.435896+00:00
2015-02-03,48.220001220703125,48.95000076293945,48.20000076293945,48.90999984741211,32.7076416015625,1894500,PFG,yfinance,2026-02-10T05:10:16.435896+00:00
2015-02-04,48.77000045776367,49.18000030517578,48.31999969482422,48.45000076293945,32.4000244140625,1497700,PFG,yfinance,2026-02-10T05:10:16.435896+00:00
2015-02-05,48.25,49.11000061035156,48.029998779296875,48.93000030517578,32.72101593017578,1646100,PFG,yfinance,2026-02-10T05:10:16.435896+00:00
2015-02-06,49.36000061035156,50.349998474121094,49.34000015258789,49.650001525878906,33.2025032043457,1643200,PFG,yfinance,2026-02-10T05:10:16.435896+00:00
2015-02-09,49.189998626708984,49.5099983215332,49.06999969482422,49.29999923706055,32.96845626831055,1313700,PFG,yfinance,2026-02-10T05:10:16.435896+00:00
2015-02-10,49.72999954223633,49.790000915527344,49.25,49.720001220703125,33.24931716918945,1057700,PFG,yfinance,2026-02-10T05:10:16.435896+00:00
2015-02-11,49.90999984741211,50.41999816894531,49.70000076293945,50.09000015258789,33.496742248535156,1181900,PFG,yfinance,2026-02-10T05:10:16.435896+00:00
2015-02-12,50.189998626708984,51.119998931884766,50.189998626708984,51.099998474121094,34.17216110229492,1160200,PFG,yfinance,2026-02-10T05:10:16.435896+00:00
2015-02-13,51.0,51.68000030517578,51.0,51.599998474121094,34.50653839111328,1114500,PFG,yfinance,2026-02-10T05:10:16.435896+00:00
2015-02-17,51.54999923706055,52.04999923706055,51.279998779296875,51.790000915527344,34.63360595703125,1221800,PFG,yfinance,2026-02-10T05:10:16.435896+00:00
2015-02-18,51.63999938964844,51.77000045776367,51.13999938964844,51.36000061035156,34.346038818359375,995000,PFG,yfinance,2026-02-10T05:10:16.435896+00:00
2015-02-19,51.15999984741211,51.75,51.06999969482422,51.599998474121094,34.50653839111328,853100,PFG,yfinance,2026-02-10T05:10:16.435896+00:00
2015-02-20,51.38999938964844,52.220001220703125,50.9900016784668,52.11000061035156,34.84758758544922,1211600,PFG,yfinance,2026-02-10T05:10:16.435896+00:00
2015-02-23,51.970001220703125,51.9900016784668,51.11000061035156,51.33000183105469,34.32598114013672,1073100,PFG,yfinance,2026-02-10T05:10:16.435896+00:00
2015-02-24,51.36000061035156,52.099998474121094,51.2599983215332,51.91999816894531,34.720523834228516,1084900,PFG,yfinance,2026-02-10T05:10:16.435896+00:00
2015-02-25,52.099998474121094,52.13999938964844,51.689998626708984,51.90999984741211,34.713844299316406,696800,PFG,yfinance,2026-02-10T05:10:16.435896+00:00
2015-02-26,51.9900016784668,52.0099983215332,51.36000061035156,51.66999816894531,34.5533447265625,766600,PFG,yfinance,2026-02-10T05:10:16.435896+00:00
2015-02-27,51.5099983215332,51.790000915527344,51.119998931884766,51.16999816894531,34.21897506713867,923700,PFG,yfinance,2026-02-10T05:10:16.435896+00:00
2015-03-02,51.16999816894531,52.560001373291016,51.16999816894531,52.459999084472656,35.08164596557617,1843000,PFG,yfinance,2026-02-10T05:10:16.435896+00:00
2015-03-03,52.15999984741211,52.34000015258789,51.34000015258789,51.81999969482422,34.65365219116211,1459800,PFG,yfinance,2026-02-10T05:10:16.435896+00:00
2015-03-04,51.400001525878906,51.59000015258789,50.36000061035156,50.47999954223633,33.75755310058594,2158700,PFG,yfinance,2026-02-10T05:10:16.435896+00:00
2015-03-05,50.279998779296875,50.77000045776367,50.130001068115234,50.709999084472656,34.15494155883789,1280500,PFG,yfinance,2026-02-10T05:10:16.435896+00:00
2015-03-06,50.720001220703125,52.04999923706055,50.349998474121094,50.5,34.01350021362305,1829200,PFG,yfinance,2026-02-10T05:10:16.435896+00:00
2015-03-09,50.599998474121094,50.90999984741211,50.5,50.66999816894531,34.12799835205078,841800,PFG,yfinance,2026-02-10T05:10:16.435896+00:00
2015-03-10,49.880001068115234,49.88999938964844,49.290000915527344,49.369998931884766,33.25240707397461,1233400,PFG,yfinance,2026-02-10T05:10:16.435896+00:00
2015-03-11,49.52000045776367,49.95000076293945,49.310001373291016,49.7599983215332,33.51507568359375,994700,PFG,yfinance,2026-02-10T05:10:16.435896+00:00
2015-03-12,50.119998931884766,51.040000915527344,50.11000061035156,51.040000915527344,34.37721252441406,1067900,PFG,yfinance,2026-02-10T05:10:16.435896+00:00
2015-03-13,50.88999938964844,50.97999954223633,49.939998626708984,50.470001220703125,33.993289947509766,1118600,PFG,yfinance,2026-02-10T05:10:16.435896+00:00
2015-03-16,50.84000015258789,51.849998474121094,50.689998626708984,51.79999923706055,34.88908004760742,1292100,PFG,yfinance,2026-02-10T05:10:16.435896+00:00
2015-03-17,51.54999923706055,51.77000045776367,51.04999923706055,51.09000015258789,34.410884857177734,1912200,PFG,yfinance,2026-02-10T05:10:16.435896+00:00
2015-03-18,50.65999984741211,51.45000076293945,49.61000061035156,51.16999816894531,34.46475601196289,3265200,PFG,yfinance,2026-02-10T05:10:16.435896+00:00
2015-03-19,51.130001068115234,51.150001525878906,50.04999923706055,50.65999984741211,34.12125778198242,1419200,PFG,yfinance,2026-02-10T05:10:16.435896+00:00
2015-03-20,50.810001373291016,51.970001220703125,50.7599983215332,51.86000061035156,34.92951583862305,2178900,PFG,yfinance,2026-02-10T05:10:16.435896+00:00
2015-03-23,51.86000061035156,52.290000915527344,51.810001373291016,51.91999816894531,34.96991729736328,1392800,PFG,yfinance,2026-02-10T05:10:16.435896+00:00
2015-03-24,51.7400016784668,51.90999984741211,51.31999969482422,51.540000915527344,34.713958740234375,1194900,PFG,yfinance,2026-02-10T05:10:16.435896+00:00
2015-03-25,51.66999816894531,51.779998779296875,50.84000015258789,50.849998474121094,34.24923324584961,1196500,PFG,yfinance,2026-02-10T05:10:16.435896+00:00
2015-03-26,50.689998626708984,51.11000061035156,50.439998626708984,50.810001373291016,34.22229766845703,1138600,PFG,yfinance,2026-02-10T05:10:16.435896+00:00
2015-03-27,50.66999816894531,50.720001220703125,50.2400016784668,50.4900016784668,34.00676727294922,929700,PFG,yfinance,2026-02-10T05:10:16.435896+00:00
2015-03-30,50.95000076293945,51.459999084472656,50.75,51.290000915527344,34.54558563232422,888500,PFG,yfinance,2026-02-10T05:10:16.435896+00:00
2015-03-31,50.869998931884766,51.40999984741211,50.52000045776367,51.369998931884766,34.599464416503906,1521000,PFG,yfinance,2026-02-10T05:10:16.435896+00:00
2015-04-01,51.279998779296875,51.36000061035156,50.630001068115234,51.02000045776367,34.36372756958008,1187700,PFG,yfinance,2026-02-10T05:10:16.435896+00:00
2015-04-02,50.97999954223633,51.58000183105469,50.880001068115234,51.40999984741211,34.62641143798828,786300,PFG,yfinance,2026-02-10T05:10:16.435896+00:00
2015-04-06,50.720001220703125,51.65999984741211,50.34000015258789,51.38999938964844,34.61293411254883,946300,PFG,yfinance,2026-02-10T05:10:16.435896+00:00
2015-04-07,51.56999969482422,51.900001525878906,51.20000076293945,51.290000915527344,34.54558563232422,1032900,PFG,yfinance,2026-02-10T05:10:16.435896+00:00
2015-04-08,51.290000915527344,51.849998474121094,51.25,51.84000015258789,34.91603088378906,1053200,PFG,yfinance,2026-02-10T05:10:16.435896+00:00
2015-04-09,51.77000045776367,52.22999954223633,51.5,51.959999084472656,34.99685287475586,947200,PFG,yfinance,2026-02-10T05:10:16.435896+00:00
2015-04-10,51.959999084472656,52.060001373291016,49.810001373291016,50.279998779296875,33.86531066894531,3142400,PFG,yfinance,2026-02-10T05:10:16.435896+00:00
2015-04-13,50.27000045776367,50.97999954223633,50.040000915527344,50.79999923706055,34.21554946899414,2747100,PFG,yfinance,2026-02-10T05:10:16.435896+00:00
2015-04-14,50.650001525878906,51.4900016784668,50.279998779296875,51.0099983215332,34.35700225830078,2347500,PFG,yfinance,2026-02-10T05:10:16.435896+00:00
2015-04-15,51.119998931884766,51.84000015258789,51.119998931884766,51.70000076293945,34.82172393798828,1371200,PFG,yfinance,2026-02-10T05:10:16.435896+00:00
2015-04-16,51.560001373291016,52.02000045776367,51.15999984741211,51.849998474121094,34.92275619506836,983500,PFG,yfinance,2026-02-10T05:10:16.435896+00:00
2015-04-17,51.400001525878906,51.5,50.56999969482422,50.77000045776367,34.19535827636719,1153000,PFG,yfinance,2026-02-10T05:10:16.435896+00:00
2015-04-20,51.150001525878906,51.29999923706055,50.7400016784668,50.810001373291016,34.22229766845703,1224800,PFG,yfinance,2026-02-10T05:10:16.435896+00:00
2015-04-21,50.91999816894531,51.20000076293945,50.65999984741211,51.0,34.35026168823242,1044500,PFG,yfinance,2026-02-10T05:10:16.435896+00:00
2015-04-22,51.04999923706055,51.75,50.70000076293945,51.72999954223633,34.84193420410156,1175000,PFG,yfinance,2026-02-10T05:10:16.435896+00:00
2015-04-23,51.15999984741211,51.470001220703125,50.849998474121094,51.310001373291016,34.559059143066406,1480200,PFG,yfinance,2026-02-10T05:10:16.435896+00:00
2015-04-24,51.79999923706055,52.41999816894531,50.13999938964844,51.619998931884766,34.76785659790039,2036500,PFG,yfinance,2026-02-10T05:10:16.435896+00:00
2015-04-27,51.75,52.150001525878906,51.38999938964844,51.47999954223633,34.67354965209961,1416300,PFG,yfinance,2026-02-10T05:10:16.435896+00:00
2015-04-28,51.36000061035156,52.119998931884766,51.220001220703125,52.11000061035156,35.09788131713867,1096800,PFG,yfinance,2026-02-10T05:10:16.435896+00:00
2015-04-29,51.91999816894531,52.41999816894531,51.790000915527344,51.95000076293945,34.9901237487793,1109800,PFG,yfinance,2026-02-10T05:10:16.435896+00:00
2015-04-30,51.70000076293945,51.900001525878906,50.90999984741211,51.119998931884766,34.431087493896484,964200,PFG,yfinance,2026-02-10T05:10:16.435896+00:00
2015-05-01,51.56999969482422,51.7599983215332,51.27000045776367,51.65999984741211,34.79479217529297,906200,PFG,yfinance,2026-02-10T05:10:16.435896+00:00
2015-05-04,51.79999923706055,52.25,51.779998779296875,52.220001220703125,35.17197799682617,806700,PFG,yfinance,2026-02-10T05:10:16.435896+00:00
2015-05-05,51.959999084472656,52.40999984741211,51.47999954223633,51.560001373291016,34.727439880371094,871500,PFG,yfinance,2026-02-10T05:10:16.435896+00:00
2015-05-06,51.880001068115234,52.040000915527344,50.93000030517578,51.27000045776367,34.532108306884766,1134500,PFG,yfinance,2026-02-10T05:10:16.435896+00:00
2015-05-07,51.29999923706055,52.0,50.9900016784668,51.63999938964844,34.78132629394531,1139100,PFG,yfinance,2026-02-10T05:10:16.435896+00:00
2015-05-08,52.08000183105469,52.560001373291016,51.77000045776367,52.38999938964844,35.28646469116211,1026100,PFG,yfinance,2026-02-10T05:10:16.435896+00:00
2015-05-11,52.279998779296875,52.720001220703125,52.16999816894531,52.33000183105469,35.246070861816406,1226100,PFG,yfinance,2026-02-10T05:10:16.435896+00:00
2015-05-12,51.869998931884766,52.22999954223633,51.5099983215332,51.689998626708984,34.815006256103516,908000,PFG,yfinance,2026-02-10T05:10:16.435896+00:00
2015-05-13,51.650001525878906,51.95000076293945,51.52000045776367,51.650001525878906,34.788063049316406,625500,PFG,yfinance,2026-02-10T05:10:16.435896+00:00
2015-05-14,52.08000183105469,52.209999084472656,51.65999984741211,51.9900016784668,35.017059326171875,989800,PFG,yfinance,2026-02-10T05:10:16.435896+00:00
2015-05-15,52.04999923706055,52.08000183105469,51.0,51.310001373291016,34.559059143066406,1048300,PFG,yfinance,2026-02-10T05:10:16.435896+00:00
2015-05-18,51.380001068115234,52.22999954223633,51.36000061035156,52.20000076293945,35.15850067138672,1262800,PFG,yfinance,2026-02-10T05:10:16.435896+00:00
2015-05-19,52.33000183105469,52.63999938964844,52.04999923706055,52.5,35.360572814941406,1872300,PFG,yfinance,2026-02-10T05:10:16.435896+00:00
2015-05-20,52.5,52.90999984741211,52.06999969482422,52.84000015258789,35.58955764770508,1224900,PFG,yfinance,2026-02-10T05:10:16.435896+00:00
2015-05-21,52.79999923706055,53.279998779296875,52.689998626708984,52.880001068115234,35.61649703979492,1154600,PFG,yfinance,2026-02-10T05:10:16.435896+00:00
2015-05-22,52.720001220703125,52.900001525878906,52.5099983215332,52.59000015258789,35.421180725097656,708700,PFG,yfinance,2026-02-10T05:10:16.435896+00:00
2015-05-26,52.38999938964844,52.65999984741211,51.38999938964844,51.619998931884766,34.76785659790039,1231400,PFG,yfinance,2026-02-10T05:10:16.435896+00:00
2015-05-27,51.90999984741211,52.08000183105469,51.5,51.97999954223633,35.01032257080078,1081700,PFG,yfinance,2026-02-10T05:10:16.435896+00:00
2015-05-28,51.939998626708984,52.38999938964844,51.4900016784668,52.33000183105469,35.246070861816406,942100,PFG,yfinance,2026-02-10T05:10:16.435896+00:00
2015-05-29,52.31999969482422,52.31999969482422,51.20000076293945,51.689998626708984,34.815006256103516,1379500,PFG,yfinance,2026-02-10T05:10:16.435896+00:00
2015-06-01,51.880001068115234,52.0,51.13999938964844,51.66999816894531,34.80154037475586,1075100,PFG,yfinance,2026-02-10T05:10:16.435896+00:00
2015-06-02,51.459999084472656,52.650001525878906,51.45000076293945,52.369998931884766,35.27300262451172,1388500,PFG,yfinance,2026-02-10T05:10:16.435896+00:00
2015-06-03,52.77000045776367,53.31999969482422,52.5,53.15999984741211,35.80509567260742,1311500,PFG,yfinance,2026-02-10T05:10:16.435896+00:00
2015-06-04,52.459999084472656,52.689998626708984,51.72999954223633,51.779998779296875,35.126708984375,1362300,PFG,yfinance,2026-02-10T05:10:16.435896+00:00
2015-06-05,52.27000045776367,52.790000915527344,51.779998779296875,51.880001068115234,35.194549560546875,1409800,PFG,yfinance,2026-02-10T05:10:16.435896+00:00
2015-06-08,51.79999923706055,52.150001525878906,51.619998931884766,51.650001525878906,35.03852462768555,1078500,PFG,yfinance,2026-02-10T05:10:16.435896+00:00
2015-06-09,51.709999084472656,51.959999084472656,51.40999984741211,51.66999816894531,35.052093505859375,810200,PFG,yfinance,2026-02-10T05:10:16.435896+00:00
2015-06-10,51.880001068115234,53.02000045776367,51.880001068115234,52.63999938964844,35.71012878417969,1792800,PFG,yfinance,2026-02-10T05:10:16.435896+00:00
2015-06-11,52.72999954223633,53.2599983215332,52.59000015258789,52.86000061035156,35.8593635559082,1360500,PFG,yfinance,2026-02-10T05:10:16.435896+00:00
2015-06-12,52.650001525878906,53.04999923706055,52.380001068115234,52.630001068115234,35.703338623046875,1427100,PFG,yfinance,2026-02-10T05:10:16.435896+00:00
2015-06-15,51.79999923706055,52.459999084472656,51.79999923706055,52.04999923706055,35.30987548828125,1222200,PFG,yfinance,2026-02-10T05:10:16.435896+00:00
2015-06-16,52.029998779296875,52.5099983215332,51.83000183105469,52.27000045776367,35.45912551879883,1070500,PFG,yfinance,2026-02-10T05:10:16.435896+00:00
2015-06-17,52.45000076293945,52.599998474121094,52.04999923706055,52.130001068115234,35.36414337158203,945900,PFG,yfinance,2026-02-10T05:10:16.435896+00:00
2015-06-18,52.31999969482422,53.099998474121094,52.06999969482422,52.880001068115234,35.87294387817383,2002000,PFG,yfinance,2026-02-10T05:10:16.435896+00:00
2015-06-19,52.65999984741211,52.869998931884766,52.36000061035156,52.5,35.61514663696289,2131200,PFG,yfinance,2026-02-10T05:10:16.435896+00:00
2015-06-22,53.130001068115234,53.349998474121094,52.880001068115234,53.02000045776367,35.96791458129883,1294900,PFG,yfinance,2026-02-10T05:10:16.435896+00:00
2015-06-23,53.2400016784668,53.41999816894531,52.970001220703125,53.290000915527344,36.151065826416016,1041800,PFG,yfinance,2026-02-10T05:10:16.435896+00:00
2015-06-24,53.18000030517578,53.38999938964844,52.880001068115234,53.029998779296875,35.97468948364258,1500300,PFG,yfinance,2026-02-10T05:10:16.435896+00:00
2015-06-25,53.150001525878906,53.2400016784668,52.08000183105469,52.08000183105469,35.33023452758789,1366500,PFG,yfinance,2026-02-10T05:10:16.435896+00:00
2015-06-26,52.36000061035156,52.540000915527344,52.15999984741211,52.439998626708984,35.57444763183594,843800,PFG,yfinance,2026-02-10T05:10:16.435896+00:00
2015-06-29,51.65999984741211,51.79999923706055,50.65999984741211,50.7400016784668,34.42119216918945,1256000,PFG,yfinance,2026-02-10T05:10:16.435896+00:00
2015-06-30,51.43000030517578,51.90999984741211,50.93000030517578,51.290000915527344,34.7943000793457,1329600,PFG,yfinance,2026-02-10T05:10:16.435896+00:00
2015-07-01,51.72999954223633,52.04999923706055,51.459999084472656,51.790000915527344,35.13349914550781,979900,PFG,yfinance,2026-02-10T05:10:16.435896+00:00
2015-07-02,51.689998626708984,51.79999923706055,51.22999954223633,51.47999954223633,34.923187255859375,855100,PFG,yfinance,2026-02-10T05:10:16.435896+00:00
2015-07-06,50.4900016784668,51.459999084472656,50.459999084472656,51.09000015258789,34.65861892700195,1118500,PFG,yfinance,2026-02-10T05:10:16.435896+00:00
2015-07-07,51.0,51.41999816894531,49.88999938964844,51.369998931884766,34.848575592041016,1441800,PFG,yfinance,2026-02-10T05:10:16.435896+00:00
2015-07-08,50.7400016784668,51.279998779296875,50.06999969482422,50.189998626708984,34.04808044433594,1102400,PFG,yfinance,2026-02-10T05:10:16.435896+00:00
2015-07-09,51.189998626708984,51.380001068115234,50.38999938964844,50.59000015258789,34.31943130493164,1811700,PFG,yfinance,2026-02-10T05:10:16.435896+00:00
2015-07-10,51.45000076293945,51.7400016784668,50.91999816894531,51.22999954223633,34.75360107421875,1904900,PFG,yfinance,2026-02-10T05:10:16.435896+00:00
2015-07-13,51.5,52.27000045776367,51.5,52.189998626708984,35.40485763549805,1409300,PFG,yfinance,2026-02-10T05:10:16.435896+00:00
2015-07-14,52.040000915527344,52.310001373291016,51.77000045776367,52.20000076293945,35.411624908447266,753000,PFG,yfinance,2026-02-10T05:10:16.435896+00:00
2015-07-15,52.310001373291016,52.4900016784668,51.810001373291016,52.400001525878906,35.547298431396484,1078600,PFG,yfinance,2026-02-10T05:10:16.435896+00:00
2015-07-16,52.91999816894531,53.130001068115234,52.63999938964844,53.09000015258789,36.01539611816406,1061400,PFG,yfinance,2026-02-10T05:10:16.435896+00:00
2015-07-17,52.939998626708984,53.099998474121094,52.470001220703125,52.81999969482422,35.83222579956055,885300,PFG,yfinance,2026-02-10T05:10:16.435896+00:00
2015-07-20,52.95000076293945,53.369998931884766,52.599998474121094,53.18000030517578,36.076454162597656,1140200,PFG,yfinance,2026-02-10T05:10:16.435896+00:00
2015-07-21,53.22999954223633,53.5,52.88999938964844,53.150001525878906,36.05610275268555,959800,PFG,yfinance,2026-02-10T05:10:16.435896+00:00
2015-07-22,53.150001525878906,53.189998626708984,52.849998474121094,53.04999923706055,35.988258361816406,947600,PFG,yfinance,2026-02-10T05:10:16.435896+00:00
2015-07-23,52.95000076293945,53.16999816894531,52.369998931884766,52.47999954223633,35.601593017578125,1092000,PFG,yfinance,2026-02-10T05:10:16.435896+00:00
2015-07-24,53.29999923706055,54.68000030517578,53.209999084472656,54.459999084472656,36.94478225708008,2610500,PFG,yfinance,2026-02-10T05:10:16.435896+00:00
2015-07-27,54.11000061035156,54.349998474121094,53.5,54.29999923706055,36.83623504638672,1792800,PFG,yfinance,2026-02-10T05:10:16.435896+00:00
2015-07-28,54.86000061035156,54.880001068115234,54.130001068115234,54.33000183105469,36.856597900390625,1637000,PFG,yfinance,2026-02-10T05:10:16.435896+00:00
2015-07-29,54.439998626708984,55.0,54.2599983215332,54.90999984741211,37.250057220458984,1162800,PFG,yfinance,2026-02-10T05:10:16.435896+00:00
2015-07-30,54.7599983215332,55.470001220703125,54.63999938964844,55.290000915527344,37.507843017578125,1308400,PFG,yfinance,2026-02-10T05:10:16.435896+00:00
2015-07-31,55.31999969482422,55.83000183105469,54.959999084472656,55.5099983215332,37.657081604003906,1811300,PFG,yfinance,2026-02-10T05:10:16.435896+00:00
2015-08-03,55.470001220703125,56.209999084472656,55.2599983215332,55.88999938964844,37.91486358642578,1576100,PFG,yfinance,2026-02-10T05:10:16.435896+00:00
2015-08-04,55.869998931884766,56.15999984741211,55.58000183105469,55.7400016784668,37.81311798095703,949600,PFG,yfinance,2026-02-10T05:10:16.435896+00:00
2015-08-05,56.22999954223633,56.56999969482422,55.709999084472656,55.7599983215332,37.82667922973633,1045900,PFG,yfinance,2026-02-10T05:10:16.435896+00:00
2015-08-06,55.939998626708984,56.189998626708984,55.33000183105469,55.560001373291016,37.69100570678711,1060500,PFG,yfinance,2026-02-10T05:10:16.435896+00:00
2015-08-07,55.47999954223633,55.65999984741211,54.7599983215332,55.22999954223633,37.46712875366211,844400,PFG,yfinance,2026-02-10T05:10:16.435896+00:00
2015-08-10,56.15999984741211,56.65999984741211,55.97999954223633,56.56999969482422,38.37617111206055,887500,PFG,yfinance,2026-02-10T05:10:16.435896+00:00
2015-08-11,55.779998779296875,56.279998779296875,55.459999084472656,56.02000045776367,38.00305938720703,1129500,PFG,yfinance,2026-02-10T05:10:16.435896+00:00
2015-08-12,55.599998474121094,56.09000015258789,54.70000076293945,55.97999954223633,37.97592544555664,1634000,PFG,yfinance,2026-02-10T05:10:16.435896+00:00
2015-08-13,56.11000061035156,57.08000183105469,56.029998779296875,56.91999816894531,38.613609313964844,1688400,PFG,yfinance,2026-02-10T05:10:16.435896+00:00
2015-08-14,56.93000030517578,58.02000045776367,56.119998931884766,57.97999954223633,39.33269119262695,1911700,PFG,yfinance,2026-02-10T05:10:16.435896+00:00
2015-08-17,57.86000061035156,57.959999084472656,57.22999954223633,57.66999816894531,39.12238693237305,1406200,PFG,yfinance,2026-02-10T05:10:16.435896+00:00
2015-08-18,57.0,57.689998626708984,56.79999923706055,57.68000030517578,39.12917709350586,1125400,PFG,yfinance,2026-02-10T05:10:16.435896+00:00
2015-08-19,57.279998779296875,57.54999923706055,56.400001525878906,57.150001525878906,38.7696418762207,1368000,PFG,yfinance,2026-02-10T05:10:16.435896+00:00
2015-08-20,56.04999923706055,56.61000061035156,56.04999923706055,56.119998931884766,38.070899963378906,1418100,PFG,yfinance,2026-02-10T05:10:16.435896+00:00
2015-08-21,55.619998931884766,55.75,53.93000030517578,53.93000030517578,36.58524703979492,2235700,PFG,yfinance,2026-02-10T05:10:16.435896+00:00
2015-08-24,50.20000076293945,53.2599983215332,50.20000076293945,50.650001525878906,34.360137939453125,3373400,PFG,yfinance,2026-02-10T05:10:16.435896+00:00
2015-08-25,52.849998474121094,53.130001068115234,48.709999084472656,48.77000045776367,33.08476638793945,3232700,PFG,yfinance,2026-02-10T05:10:16.435896+00:00
2015-08-26,50.11000061035156,50.36000061035156,48.25,50.06999969482422,33.9666748046875,2640900,PFG,yfinance,2026-02-10T05:10:16.435896+00:00
2015-08-27,51.18000030517578,51.75,50.189998626708984,51.41999816894531,34.88249588012695,2222700,PFG,yfinance,2026-02-10T05:10:16.435896+00:00
2015-08-28,51.02000045776367,51.279998779296875,50.41999816894531,50.900001525878906,34.529727935791016,1434100,PFG,yfinance,2026-02-10T05:10:16.435896+00:00
2015-08-31,50.5,50.849998474121094,50.2400016784668,50.349998474121094,34.156620025634766,1448300,PFG,yfinance,2026-02-10T05:10:16.435896+00:00
2015-09-01,49.56999969482422,49.56999969482422,48.0,48.31999969482422,32.779502868652344,2222000,PFG,yfinance,2026-02-10T05:10:16.435896+00:00
2015-09-02,48.779998779296875,48.970001220703125,47.65999984741211,48.47999954223633,33.14873504638672,1832700,PFG,yfinance,2026-02-10T05:10:16.435896+00:00
2015-09-03,48.720001220703125,49.29999923706055,48.5,48.720001220703125,33.31284713745117,1270900,PFG,yfinance,2026-02-10T05:10:16.435896+00:00
2015-09-04,47.959999084472656,48.20000076293945,47.20000076293945,47.56999969482422,32.52651596069336,1417500,PFG,yfinance,2026-02-10T05:10:16.435896+00:00
2015-09-08,47.599998474121094,48.9900016784668,41.66999816894531,48.810001373291016,33.37436294555664,1613000,PFG,yfinance,2026-02-10T05:10:16.435896+00:00
2015-09-09,49.20000076293945,50.0,47.66999816894531,47.779998779296875,32.67009735107422,1817200,PFG,yfinance,2026-02-10T05:10:16.435896+00:00
2015-09-10,46.9900016784668,47.779998779296875,46.619998931884766,47.40999984741211,32.41710662841797,1774600,PFG,yfinance,2026-02-10T05:10:16.435896+00:00
2015-09-11,46.970001220703125,48.209999084472656,46.779998779296875,48.18000030517578,32.943603515625,1560000,PFG,yfinance,2026-02-10T05:10:16.435896+00:00
2015-09-14,48.16999816894531,48.16999816894531,47.650001525878906,47.79999923706055,32.68377685546875,934900,PFG,yfinance,2026-02-10T05:10:16.435896+00:00
2015-09-15,48.08000183105469,49.33000183105469,47.65999984741211,49.27000045776367,33.68891143798828,1620200,PFG,yfinance,2026-02-10T05:10:16.435896+00:00
2015-09-16,49.029998779296875,49.52000045776367,48.869998931884766,49.38999938964844,33.77095413208008,1365300,PFG,yfinance,2026-02-10T05:10:16.435896+00:00
2015-09-17,49.40999984741211,49.86000061035156,48.91999816894531,49.06999969482422,33.552162170410156,1954400,PFG,yfinance,2026-02-10T05:10:16.435896+00:00
2015-09-18,48.310001373291016,48.880001068115234,47.90999984741211,48.04999923706055,32.85471725463867,2828000,PFG,yfinance,2026-02-10T05:10:16.435896+00:00
2015-09-21,48.47999954223633,49.099998474121094,48.18000030517578,48.689998626708984,33.292327880859375,1087200,PFG,yfinance,2026-02-10T05:10:16.435896+00:00
2015-09-22,48.27000045776367,48.400001525878906,47.58000183105469,47.900001525878906,32.752159118652344,1421700,PFG,yfinance,2026-02-10T05:10:16.435896+00:00
2015-09-23,47.900001525878906,48.150001525878906,47.400001525878906,47.56999969482422,32.52651596069336,1356000,PFG,yfinance,2026-02-10T05:10:16.435896+00:00
2015-09-24,46.95000076293945,47.5099983215332,46.75,47.400001525878906,32.410274505615234,1136200,PFG,yfinance,2026-02-10T05:10:16.435896+00:00
2015-09-25,48.18000030517578,48.470001220703125,47.720001220703125,48.04999923706055,32.85471725463867,1058900,PFG,yfinance,2026-02-10T05:10:16.435896+00:00
2015-09-28,47.4900016784668,47.689998626708984,46.290000915527344,46.38999938964844,31.71967315673828,1612500,PFG,yfinance,2026-02-10T05:10:16.435896+00:00
2015-09-29,46.47999954223633,46.95000076293945,46.16999816894531,46.790000915527344,31.99317169189453,1350600,PFG,yfinance,2026-02-10T05:10:16.435896+00:00
2015-09-30,47.70000076293945,47.79999923706055,46.779998779296875,47.34000015258789,32.3692512512207,1580700,PFG,yfinance,2026-02-10T05:10:16.435896+00:00
2015-10-01,47.5,47.540000915527344,46.810001373291016,47.369998931884766,32.38975524902344,1071700,PFG,yfinance,2026-02-10T05:10:16.435896+00:00
2015-10-02,46.310001373291016,47.63999938964844,45.90999984741211,47.630001068115234,32.567535400390625,1209700,PFG,yfinance,2026-02-10T05:10:16.435896+00:00
2015-10-05,48.0,49.2400016784668,47.65999984741211,49.09000015258789,33.56583786010742,1054100,PFG,yfinance,2026-02-10T05:10:16.435896+00:00
2015-10-06,48.91999816894531,49.08000183105469,48.5,48.77000045776367,33.347023010253906,1025400,PFG,yfinance,2026-02-10T05:10:16.435896+00:00
2015-10-07,49.2400016784668,49.810001373291016,48.880001068115234,49.529998779296875,33.86668395996094,1099100,PFG,yfinance,2026-02-10T05:10:16.435896+00:00
2015-10-08,49.209999084472656,49.79999923706055,49.040000915527344,49.720001220703125,33.99660110473633,885600,PFG,yfinance,2026-02-10T05:10:16.435896+00:00
2015-10-09,49.77000045776367,50.08000183105469,49.09000015258789,49.459999084472656,33.81881332397461,935900,PFG,yfinance,2026-02-10T05:10:16.435896+00:00
2015-10-12,49.38999938964844,49.689998626708984,49.2400016784668,49.41999816894531,33.791473388671875,607600,PFG,yfinance,2026-02-10T05:10:16.435896+00:00
2015-10-13,49.0099983215332,49.22999954223633,48.36000061035156,48.439998626708984,33.12138366699219,810800,PFG,yfinance,2026-02-10T05:10:16.435896+00:00
2015-10-14,48.25,48.540000915527344,47.66999816894531,47.77000045776367,32.663265228271484,909800,PFG,yfinance,2026-02-10T05:10:16.435896+00:00
2015-10-15,48.06999969482422,48.779998779296875,47.84000015258789,48.77000045776367,33.347023010253906,871100,PFG,yfinance,2026-02-10T05:10:16.435896+00:00
2015-10-16,49.06999969482422,49.369998931884766,48.52000045776367,48.93000030517578,33.45643615722656,921800,PFG,yfinance,2026-02-10T05:10:16.435896+00:00
2015-10-19,48.65999984741211,49.13999938964844,48.58000183105469,49.130001068115234,33.59318161010742,961600,PFG,yfinance,2026-02-10T05:10:16.435896+00:00
2015-10-20,48.9900016784668,49.529998779296875,48.900001525878906,49.33000183105469,33.72993850708008,836500,PFG,yfinance,2026-02-10T05:10:16.435896+00:00
2015-10-21,49.4900016784668,49.689998626708984,48.619998931884766,48.65999984741211,33.271812438964844,875600,PFG,yfinance,2026-02-10T05:10:16.435896+00:00
2015-10-22,49.02000045776367,50.220001220703125,48.939998626708984,49.77000045776367,34.03078842163086,1574000,PFG,yfinance,2026-02-10T05:10:16.435896+00:00
2015-10-23,49.93000030517578,50.54999923706055,48.040000915527344,50.5099983215332,34.53676223754883,2322800,PFG,yfinance,2026-02-10T05:10:16.435896+00:00
2015-10-26,50.5,50.70000076293945,50.09000015258789,50.59000015258789,34.59147262573242,1289100,PFG,yfinance,2026-02-10T05:10:16.435896+00:00
2015-10-27,50.130001068115234,50.20000076293945,48.869998931884766,48.9900016784668,33.49745559692383,1324900,PFG,yfinance,2026-02-10T05:10:16.435896+00:00
2015-10-28,49.189998626708984,51.0,49.0099983215332,51.0,34.871822357177734,1467600,PFG,yfinance,2026-02-10T05:10:16.435896+00:00
2015-10-29,50.790000915527344,51.220001220703125,50.5099983215332,50.79999923706055,34.73506164550781,1380500,PFG,yfinance,2026-02-10T05:10:16.435896+00:00
2015-10-30,50.83000183105469,50.959999084472656,49.970001220703125,50.15999984741211,34.29744338989258,1497300,PFG,yfinance,2026-02-10T05:10:16.435896+00:00
2015-11-02,50.369998931884766,51.5,50.06999969482422,51.36000061035156,35.11796569824219,1078500,PFG,yfinance,2026-02-10T05:10:16.435896+00:00
2015-11-03,51.099998474121094,51.65999984741211,51.040000915527344,51.400001525878906,35.14532470703125,882500,PFG,yfinance,2026-02-10T05:10:16.435896+00:00
2015-11-04,51.4900016784668,51.599998474121094,50.70000076293945,50.810001373291016,34.741905212402344,980000,PFG,yfinance,2026-02-10T05:10:16.435896+00:00
2015-11-05,50.869998931884766,51.11000061035156,50.54999923706055,50.93000030517578,34.82395553588867,856400,PFG,yfinance,2026-02-10T05:10:16.435896+00:00
2015-11-06,52.0,52.209999084472656,51.29999923706055,51.95000076293945,35.521385192871094,1444700,PFG,yfinance,2026-02-10T05:10:16.435896+00:00
2015-11-09,51.869998931884766,51.880001068115234,50.220001220703125,50.459999084472656,34.502586364746094,1809400,PFG,yfinance,2026-02-10T05:10:16.435896+00:00
2015-11-10,50.400001525878906,50.689998626708984,49.93000030517578,50.59000015258789,34.59147262573242,1119200,PFG,yfinance,2026-02-10T05:10:16.435896+00:00
2015-11-11,50.900001525878906,50.900001525878906,50.27000045776367,50.52000045776367,34.543609619140625,700700,PFG,yfinance,2026-02-10T05:10:16.435896+00:00
2015-11-12,50.13999938964844,50.25,49.02000045776367,49.040000915527344,33.531639099121094,1336100,PFG,yfinance,2026-02-10T05:10:16.435896+00:00
2015-11-13,48.91999816894531,49.310001373291016,48.599998474121094,48.77000045776367,33.347023010253906,1077400,PFG,yfinance,2026-02-10T05:10:16.435896+00:00
2015-11-16,48.58000183105469,49.709999084472656,48.41999816894531,49.70000076293945,33.9829216003418,836900,PFG,yfinance,2026-02-10T05:10:16.435896+00:00
2015-11-17,49.93000030517578,50.25,49.279998779296875,49.72999954223633,34.00343322753906,1395600,PFG,yfinance,2026-02-10T05:10:16.435896+00:00
2015-11-18,49.97999954223633,50.869998931884766,49.5,50.849998474121094,34.76923751831055,1043800,PFG,yfinance,2026-02-10T05:10:16.435896+00:00
2015-11-19,50.7400016784668,50.97999954223633,50.45000076293945,50.720001220703125,34.68035888671875,632900,PFG,yfinance,2026-02-10T05:10:16.435896+00:00
2015-11-20,50.9900016784668,51.13999938964844,50.68000030517578,50.83000183105469,34.75556945800781,758300,PFG,yfinance,2026-02-10T05:10:16.435896+00:00
2015-11-23,50.790000915527344,51.09000015258789,50.619998931884766,50.79999923706055,34.73506164550781,751600,PFG,yfinance,2026-02-10T05:10:16.435896+00:00
2015-11-24,50.290000915527344,50.869998931884766,49.9900016784668,50.75,34.70087432861328,956200,PFG,yfinance,2026-02-10T05:10:16.435896+00:00
2015-11-25,50.939998626708984,51.0,50.54999923706055,50.90999984741211,34.810279846191406,757100,PFG,yfinance,2026-02-10T05:10:16.435896+00:00
2015-11-27,50.91999816894531,51.45000076293945,50.880001068115234,51.41999816894531,35.158992767333984,464500,PFG,yfinance,2026-02-10T05:10:16.435896+00:00
2015-11-30,51.41999816894531,51.939998626708984,51.060001373291016,51.459999084472656,35.186344146728516,1281100,PFG,yfinance,2026-02-10T05:10:16.435896+00:00
2015-12-01,51.77000045776367,52.16999816894531,51.470001220703125,52.119998931884766,35.637630462646484,1161300,PFG,yfinance,2026-02-10T05:10:16.435896+00:00
2015-12-02,52.11000061035156,52.18000030517578,51.099998474121094,51.15999984741211,34.98121643066406,1504000,PFG,yfinance,2026-02-10T05:10:16.435896+00:00
2015-12-03,50.7599983215332,50.7599983215332,48.029998779296875,48.20000076293945,33.20391082763672,3629700,PFG,yfinance,2026-02-10T05:10:16.435896+00:00
2015-12-04,48.33000183105469,49.189998626708984,48.20000076293945,49.13999938964844,33.851444244384766,2905300,PFG,yfinance,2026-02-10T05:10:16.435896+00:00
2015-12-07,48.90999984741211,49.36000061035156,48.68000030517578,49.04999923706055,33.789451599121094,1990000,PFG,yfinance,2026-02-10T05:10:16.435896+00:00
2015-12-08,48.61000061035156,48.86000061035156,48.11000061035156,48.25,33.23835372924805,1536300,PFG,yfinance,2026-02-10T05:10:16.435896+00:00
2015-12-09,48.029998779296875,48.650001525878906,46.93000030517578,47.22999954223633,32.53569412231445,1915400,PFG,yfinance,2026-02-10T05:10:16.435896+00:00
2015-12-10,47.2599983215332,47.90999984741211,47.15999984741211,47.43000030517578,32.67348098754883,1759400,PFG,yfinance,2026-02-10T05:10:16.435896+00:00
2015-12-11,46.63999938964844,46.790000915527344,44.900001525878906,45.22999954223633,31.15795135498047,3276900,PFG,yfinance,2026-02-10T05:10:16.435896+00:00
2015-12-14,45.400001525878906,46.0,44.560001373291016,44.9900016784668,30.99260711669922,1606400,PFG,yfinance,2026-02-10T05:10:16.435896+00:00
2015-12-15,45.630001068115234,46.06999969482422,45.36000061035156,45.77000045776367,31.52994155883789,1864700,PFG,yfinance,2026-02-10T05:10:16.435896+00:00
2015-12-16,46.150001525878906,46.84000015258789,45.560001373291016,46.72999954223633,32.191253662109375,1705600,PFG,yfinance,2026-02-10T05:10:16.435896+00:00
2015-12-17,46.810001373291016,46.91999816894531,45.209999084472656,45.22999954223633,31.15795135498047,1703900,PFG,yfinance,2026-02-10T05:10:16.435896+00:00
2015-12-18,45.0,45.0,43.81999969482422,43.81999969482422,30.186628341674805,2814900,PFG,yfinance,2026-02-10T05:10:16.435896+00:00
2015-12-21,44.279998779296875,44.54999923706055,43.63999938964844,44.16999816894531,30.427736282348633,1533800,PFG,yfinance,2026-02-10T05:10:16.435896+00:00
2015-12-22,44.529998779296875,44.97999954223633,44.04999923706055,44.810001373291016,30.868623733520508,1005100,PFG,yfinance,2026-02-10T05:10:16.435896+00:00
2015-12-23,45.060001373291016,45.81999969482422,44.959999084472656,45.70000076293945,31.481727600097656,991200,PFG,yfinance,2026-02-10T05:10:16.435896+00:00
2015-12-24,45.65999984741211,45.869998931884766,45.47999954223633,45.65999984741211,31.454164505004883,383500,PFG,yfinance,2026-02-10T05:10:16.435896+00:00
2015-12-28,45.349998474121094,45.56999969482422,44.959999084472656,45.56999969482422,31.39215660095215,837800,PFG,yfinance,2026-02-10T05:10:16.435896+00:00
2015-12-29,46.45000076293945,46.45000076293945,45.90999984741211,46.15999984741211,31.798599243164062,965700,PFG,yfinance,2026-02-10T05:10:16.435896+00:00
2015-12-30,46.029998779296875,46.13999938964844,45.41999816894531,45.470001220703125,31.323272705078125,798100,PFG,yfinance,2026-02-10T05:10:16.435896+00:00
2015-12-31,45.209999084472656,45.869998931884766,44.91999816894531,44.97999954223633,30.9857234954834,933700,PFG,yfinance,2026-02-10T05:10:16.435896+00:00
2016-01-04,43.810001373291016,44.06999969482422,43.279998779296875,44.040000915527344,30.338180541992188,1816200,PFG,yfinance,2026-02-10T05:10:16.435896+00:00
2016-01-05,43.790000915527344,44.29999923706055,43.59000015258789,44.13999938964844,30.40707015991211,1487100,PFG,yfinance,2026-02-10T05:10:16.435896+00:00
2016-01-06,43.20000076293945,43.33000183105469,42.040000915527344,42.31999969482422,29.153305053710938,2110400,PFG,yfinance,2026-02-10T05:10:16.435896+00:00
2016-01-07,41.29999923706055,41.650001525878906,40.099998474121094,40.22999954223633,27.713550567626953,2936200,PFG,yfinance,2026-02-10T05:10:16.435896+00:00
2016-01-08,40.720001220703125,41.119998931884766,40.040000915527344,40.13999938964844,27.651561737060547,3309300,PFG,yfinance,2026-02-10T05:10:16.435896+00:00
2016-01-11,40.33000183105469,41.33000183105469,38.93000030517578,39.5099983215332,27.217559814453125,2188900,PFG,yfinance,2026-02-10T05:10:16.435896+00:00
2016-01-12,40.189998626708984,40.189998626708984,39.060001373291016,39.68000030517578,27.334671020507812,1387100,PFG,yfinance,2026-02-10T05:10:16.435896+00:00
2016-01-13,40.189998626708984,40.470001220703125,37.900001525878906,38.29999923706055,26.384021759033203,2365500,PFG,yfinance,2026-02-10T05:10:16.435896+00:00
2016-01-14,38.77000045776367,39.38999938964844,37.689998626708984,38.9900016784668,26.859346389770508,1954800,PFG,yfinance,2026-02-10T05:10:16.435896+00:00
2016-01-15,37.7400016784668,38.27000045776367,37.029998779296875,37.90999984741211,26.1153564453125,2510800,PFG,yfinance,2026-02-10T05:10:16.435896+00:00
2016-01-19,38.70000076293945,38.849998474121094,37.18000030517578,37.529998779296875,25.85358238220215,1971900,PFG,yfinance,2026-02-10T05:10:16.435896+00:00
2016-01-20,36.560001373291016,36.81999969482422,35.220001220703125,36.470001220703125,25.123380661010742,2572100,PFG,yfinance,2026-02-10T05:10:16.435896+00:00
2016-01-21,36.59000015258789,37.7400016784668,36.380001068115234,36.84000015258789,25.378259658813477,1719400,PFG,yfinance,2026-02-10T05:10:16.435896+00:00
2016-01-22,37.77000045776367,38.369998931884766,37.529998779296875,38.060001373291016,26.21868896484375,1983000,PFG,yfinance,2026-02-10T05:10:16.435896+00:00
2016-01-25,37.869998931884766,38.02000045776367,37.150001525878906,37.22999954223633,25.64691925048828,2162500,PFG,yfinance,2026-02-10T05:10:16.435896+00:00
2016-01-26,37.369998931884766,38.02000045776367,37.33000183105469,37.939998626708984,26.136032104492188,1584400,PFG,yfinance,2026-02-10T05:10:16.435896+00:00
2016-01-27,37.75,38.72999954223633,37.2599983215332,37.599998474121094,25.901803970336914,1865500,PFG,yfinance,2026-02-10T05:10:16.435896+00:00
2016-01-28,38.040000915527344,38.70000076293945,36.9900016784668,37.459999084472656,25.80536460876465,1830900,PFG,yfinance,2026-02-10T05:10:16.435896+00:00
2016-01-29,37.91999816894531,38.27000045776367,37.38999938964844,38.0,26.1773624420166,4722100,PFG,yfinance,2026-02-10T05:10:16.435896+00:00
2016-02-01,37.849998474121094,38.20000076293945,37.209999084472656,37.95000076293945,26.142915725708008,3865900,PFG,yfinance,2026-02-10T05:10:16.435896+00:00
2016-02-02,34.5,35.86000061035156,33.09000015258789,35.06999969482422,24.158946990966797,4766400,PFG,yfinance,2026-02-10T05:10:16.435896+00:00
2016-02-03,35.25,35.540000915527344,34.29999923706055,35.540000915527344,24.482723236083984,3534600,PFG,yfinance,2026-02-10T05:10:16.435896+00:00
2016-02-04,35.5099983215332,36.779998779296875,35.209999084472656,36.34000015258789,25.033817291259766,2762800,PFG,yfinance,2026-02-10T05:10:16.435896+00:00
2016-02-05,36.34000015258789,37.0,36.029998779296875,36.810001373291016,25.357595443725586,3221800,PFG,yfinance,2026-02-10T05:10:16.435896+00:00
2016-02-08,36.029998779296875,36.18000030517578,35.2599983215332,35.779998779296875,24.64804458618164,3003100,PFG,yfinance,2026-02-10T05:10:16.435896+00:00
2016-02-09,34.95000076293945,36.25,34.95000076293945,35.97999954223633,24.785825729370117,3126000,PFG,yfinance,2026-02-10T05:10:16.435896+00:00
2016-02-10,36.380001068115234,36.970001220703125,35.459999084472656,36.0099983215332,24.806488037109375,2167700,PFG,yfinance,2026-02-10T05:10:16.435896+00:00
2016-02-11,34.779998779296875,34.9900016784668,33.720001220703125,34.34000015258789,23.656070709228516,3184300,PFG,yfinance,2026-02-10T05:10:16.435896+00:00
2016-02-12,35.16999816894531,35.4900016784668,34.599998474121094,35.380001068115234,24.372501373291016,3534400,PFG,yfinance,2026-02-10T05:10:16.435896+00:00
2016-02-16,36.119998931884766,36.52000045776367,35.54999923706055,36.459999084472656,25.116483688354492,3155600,PFG,yfinance,2026-02-10T05:10:16.435896+00:00
2016-02-17,37.060001373291016,37.720001220703125,37.060001373291016,37.560001373291016,25.874252319335938,2828700,PFG,yfinance,2026-02-10T05:10:16.435896+00:00
2016-02-18,37.65999984741211,37.689998626708984,36.93000030517578,37.18000030517578,25.61248207092285,2091800,PFG,yfinance,2026-02-10T05:10:16.435896+00:00
2016-02-19,36.84000015258789,37.040000915527344,36.41999816894531,36.810001373291016,25.357595443725586,1885500,PFG,yfinance,2026-02-10T05:10:16.435896+00:00
2016-02-22,37.7400016784668,37.7400016784668,36.9900016784668,37.380001068115234,25.75025749206543,1594900,PFG,yfinance,2026-02-10T05:10:16.435896+00:00
2016-02-23,37.290000915527344,37.459999084472656,36.83000183105469,36.93000030517578,25.440256118774414,1474200,PFG,yfinance,2026-02-10T05:10:16.435896+00:00
2016-02-24,36.540000915527344,37.5099983215332,35.72999954223633,37.130001068115234,25.578033447265625,1554400,PFG,yfinance,2026-02-10T05:10:16.435896+00:00
2016-02-25,37.209999084472656,37.790000915527344,37.06999969482422,37.7400016784668,25.998245239257812,1589300,PFG,yfinance,2026-02-10T05:10:16.435896+00:00
2016-02-26,37.68000030517578,38.97999954223633,37.52000045776367,38.470001220703125,26.501134872436523,2509200,PFG,yfinance,2026-02-10T05:10:16.435896+00:00
2016-02-29,38.400001525878906,38.529998779296875,37.779998779296875,37.810001373291016,26.046470642089844,1929600,PFG,yfinance,2026-02-10T05:10:16.435896+00:00
2016-03-01,38.209999084472656,39.52000045776367,38.15999984741211,39.52000045776367,27.224449157714844,2113900,PFG,yfinance,2026-02-10T05:10:16.435896+00:00
2016-03-02,39.560001373291016,39.84000015258789,39.16999816894531,39.470001220703125,27.19001007080078,1969900,PFG,yfinance,2026-02-10T05:10:16.435896+00:00
2016-03-03,39.09000015258789,39.209999084472656,38.529998779296875,39.099998474121094,27.196956634521484,2093900,PFG,yfinance,2026-02-10T05:10:16.435896+00:00
2016-03-04,39.27000045776367,39.56999969482422,38.869998931884766,39.349998474121094,27.3708553314209,1633600,PFG,yfinance,2026-02-10T05:10:16.435896+00:00
2016-03-07,38.970001220703125,39.52000045776367,38.72999954223633,39.5099983215332,27.48215103149414,1907100,PFG,yfinance,2026-02-10T05:10:16.435896+00:00
2016-03-08,38.81999969482422,39.34000015258789,37.880001068115234,38.18000030517578,26.557039260864258,1614600,PFG,yfinance,2026-02-10T05:10:16.435896+00:00
2016-03-09,38.58000183105469,38.779998779296875,37.779998779296875,38.31999969482422,26.654415130615234,1529900,PFG,yfinance,2026-02-10T05:10:16.435896+00:00
2016-03-10,38.93000030517578,39.029998779296875,37.689998626708984,38.459999084472656,26.75179672241211,1164500,PFG,yfinance,2026-02-10T05:10:16.435896+00:00
2016-03-11,39.400001525878906,40.400001525878906,38.869998931884766,40.36000061035156,28.073389053344727,1616200,PFG,yfinance,2026-02-10T05:10:16.435896+00:00
2016-03-14,40.060001373291016,40.150001525878906,39.439998626708984,39.79999923706055,27.683860778808594,1183100,PFG,yfinance,2026-02-10T05:10:16.435896+00:00
2016-03-15,39.31999969482422,39.4900016784668,38.810001373291016,39.349998474121094,27.3708553314209,1184300,PFG,yfinance,2026-02-10T05:10:16.435896+00:00
2016-03-16,39.279998779296875,40.09000015258789,39.16999816894531,39.90999984741211,27.760379791259766,1622800,PFG,yfinance,2026-02-10T05:10:16.435896+00:00
2016-03-17,39.900001525878906,40.95000076293945,39.61000061035156,40.65999984741211,28.282060623168945,1592100,PFG,yfinance,2026-02-10T05:10:16.435896+00:00
2016-03-18,40.849998474121094,41.68000030517578,40.84000015258789,41.43000030517578,28.81766128540039,2709300,PFG,yfinance,2026-02-10T05:10:16.435896+00:00
2016-03-21,41.31999969482422,41.619998931884766,40.779998779296875,41.220001220703125,28.671588897705078,1390500,PFG,yfinance,2026-02-10T05:10:16.435896+00:00
2016-03-22,40.54999923706055,40.91999816894531,40.41999816894531,40.68000030517578,28.295969009399414,1642900,PFG,yfinance,2026-02-10T05:10:16.435896+00:00
2016-03-23,40.630001068115234,40.630001068115234,39.560001373291016,39.7599983215332,27.65604019165039,1769100,PFG,yfinance,2026-02-10T05:10:16.435896+00:00
2016-03-24,39.27000045776367,39.27000045776367,38.36000061035156,38.900001525878906,27.057846069335938,2340500,PFG,yfinance,2026-02-10T05:10:16.435896+00:00
2016-03-28,39.04999923706055,39.4900016784668,38.84000015258789,39.29999923706055,27.336082458496094,1147400,PFG,yfinance,2026-02-10T05:10:16.435896+00:00
2016-03-29,38.95000076293945,39.4900016784668,38.5099983215332,39.400001525878906,27.405630111694336,1525700,PFG,yfinance,2026-02-10T05:10:16.435896+00:00
2016-03-30,39.810001373291016,40.47999954223633,39.59000015258789,39.77000045776367,27.663002014160156,1112100,PFG,yfinance,2026-02-10T05:10:16.435896+00:00
2016-03-31,39.65999984741211,39.91999816894531,39.209999084472656,39.45000076293945,27.4404239654541,1578600,PFG,yfinance,2026-02-10T05:10:16.435896+00:00
2016-04-01,39.20000076293945,39.93000030517578,38.90999984741211,39.880001068115234,27.739511489868164,1590700,PFG,yfinance,2026-02-10T05:10:16.435896+00:00
2016-04-04,39.790000915527344,39.79999923706055,39.099998474121094,39.25,27.301301956176758,1509800,PFG,yfinance,2026-02-10T05:10:16.435896+00:00
2016-04-05,38.93000030517578,39.060001373291016,38.5099983215332,38.599998474121094,26.849178314208984,1691400,PFG,yfinance,2026-02-10T05:10:16.435896+00:00
2016-04-06,38.779998779296875,39.880001068115234,38.38999938964844,39.4900016784668,27.468238830566406,2127200,PFG,yfinance,2026-02-10T05:10:16.435896+00:00
2016-04-07,38.9900016784668,39.130001068115234,38.380001068115234,38.689998626708984,26.911779403686523,2045900,PFG,yfinance,2026-02-10T05:10:16.435896+00:00
2016-04-08,39.209999084472656,39.66999816894531,38.86000061035156,39.029998779296875,27.148273468017578,1304300,PFG,yfinance,2026-02-10T05:10:16.435896+00:00
2016-04-11,39.38999938964844,40.099998474121094,39.369998931884766,39.630001068115234,27.565614700317383,1213200,PFG,yfinance,2026-02-10T05:10:16.435896+00:00
2016-04-12,39.84000015258789,40.439998626708984,39.470001220703125,40.31999969482422,28.045564651489258,1690700,PFG,yfinance,2026-02-10T05:10:16.435896+00:00
2016-04-13,40.869998931884766,41.65999984741211,40.83000183105469,41.619998931884766,28.949813842773438,1325800,PFG,yfinance,2026-02-10T05:10:16.435896+00:00
2016-04-14,41.59000015258789,41.849998474121094,41.27000045776367,41.459999084472656,28.838520050048828,1678200,PFG,yfinance,2026-02-10T05:10:16.435896+00:00
2016-04-15,41.54999923706055,41.56999969482422,41.0099983215332,41.34000015258789,28.755048751831055,1386800,PFG,yfinance,2026-02-10T05:10:16.435896+00:00
2016-04-18,41.13999938964844,41.7400016784668,41.04999923706055,41.7400016784668,29.033281326293945,1167600,PFG,yfinance,2026-02-10T05:10:16.435896+00:00
2016-04-19,41.90999984741211,42.45000076293945,41.720001220703125,42.220001220703125,29.36716079711914,1414200,PFG,yfinance,2026-02-10T05:10:16.435896+00:00
2016-04-20,42.45000076293945,43.40999984741211,42.189998626708984,43.31999969482422,30.132287979125977,1920600,PFG,yfinance,2026-02-10T05:10:16.435896+00:00
2016-04-21,43.310001373291016,43.75,43.150001525878906,43.29999923706055,30.118375778198242,1652100,PFG,yfinance,2026-02-10T05:10:16.435896+00:00
2016-04-22,43.5099983215332,44.34000015258789,43.5099983215332,44.099998474121094,30.674827575683594,1788300,PFG,yfinance,2026-02-10T05:10:16.435896+00:00
2016-04-25,43.75,43.939998626708984,43.040000915527344,43.43000030517578,30.20880889892578,1637900,PFG,yfinance,2026-02-10T05:10:16.435896+00:00
2016-04-26,43.720001220703125,43.90999984741211,43.40999984741211,43.90999984741211,30.542678833007812,1229300,PFG,yfinance,2026-02-10T05:10:16.435896+00:00
2016-04-27,43.849998474121094,44.18000030517578,43.61000061035156,44.029998779296875,30.62614631652832,1552400,PFG,yfinance,2026-02-10T05:10:16.435896+00:00
2016-04-28,43.40999984741211,43.619998931884766,42.790000915527344,42.869998931884766,29.819284439086914,2285300,PFG,yfinance,2026-02-10T05:10:16.435896+00:00
2016-04-29,42.5,42.970001220703125,42.18000030517578,42.68000030517578,29.687116622924805,2912800,PFG,yfinance,2026-02-10T05:10:16.435896+00:00
2016-05-02,43.0,43.33000183105469,42.47999954223633,43.310001373291016,30.125335693359375,1408300,PFG,yfinance,2026-02-10T05:10:16.435896+00:00
2016-05-03,42.619998931884766,42.619998931884766,41.34000015258789,41.77000045776367,29.05414390563965,2478500,PFG,yfinance,2026-02-10T05:10:16.435896+00:00
2016-05-04,41.06999969482422,42.0,41.04999923706055,41.97999954223633,29.20022201538086,2089600,PFG,yfinance,2026-02-10T05:10:16.435896+00:00
2016-05-05,42.16999816894531,42.56999969482422,41.7599983215332,42.25,29.388019561767578,2148000,PFG,yfinance,2026-02-10T05:10:16.435896+00:00
2016-05-06,41.939998626708984,42.4900016784668,41.689998626708984,42.20000076293945,29.353246688842773,1530000,PFG,yfinance,2026-02-10T05:10:16.435896+00:00
2016-05-09,42.20000076293945,42.349998474121094,41.7599983215332,41.90999984741211,29.151535034179688,1283800,PFG,yfinance,2026-02-10T05:10:16.435896+00:00
2016-05-10,42.130001068115234,42.970001220703125,42.130001068115234,42.95000076293945,29.87492561340332,1447500,PFG,yfinance,2026-02-10T05:10:16.435896+00:00
2016-05-11,42.709999084472656,43.18000030517578,42.5,42.52000045776367,29.57581901550293,979500,PFG,yfinance,2026-02-10T05:10:16.435896+00:00
2016-05-12,42.81999969482422,43.06999969482422,42.150001525878906,42.45000076293945,29.527149200439453,1231200,PFG,yfinance,2026-02-10T05:10:16.435896+00:00
2016-05-13,42.380001068115234,42.970001220703125,41.75,41.869998931884766,29.123699188232422,958900,PFG,yfinance,2026-02-10T05:10:16.435896+00:00
2016-05-16,41.869998931884766,42.369998931884766,41.869998931884766,42.15999984741211,29.32542610168457,1271900,PFG,yfinance,2026-02-10T05:10:16.435896+00:00
2016-05-17,42.13999938964844,42.65999984741211,41.90999984741211,42.08000183105469,29.269775390625,1255800,PFG,yfinance,2026-02-10T05:10:16.435896+00:00
2016-05-18,42.08000183105469,43.58000183105469,42.0,43.470001220703125,30.23662757873535,1879900,PFG,yfinance,2026-02-10T05:10:16.435896+00:00
2016-05-19,43.099998474121094,43.400001525878906,42.0099983215332,42.36000061035156,29.46453285217285,1998700,PFG,yfinance,2026-02-10T05:10:16.435896+00:00
2016-05-20,42.650001525878906,43.380001068115234,42.40999984741211,43.189998626708984,30.041866302490234,1707800,PFG,yfinance,2026-02-10T05:10:16.435896+00:00
2016-05-23,43.0099983215332,43.36000061035156,42.83000183105469,43.130001068115234,30.0001277923584,1509100,PFG,yfinance,2026-02-10T05:10:16.435896+00:00
2016-05-24,43.54999923706055,44.34000015258789,43.4900016784668,44.130001068115234,30.695707321166992,1549600,PFG,yfinance,2026-02-10T05:10:16.435896+00:00
2016-05-25,44.220001220703125,44.900001525878906,43.66999816894531,44.40999984741211,30.890460968017578,1207800,PFG,yfinance,2026-02-10T05:10:16.435896+00:00
2016-05-26,44.43000030517578,44.470001220703125,43.95000076293945,44.040000915527344,30.63309669494629,1061000,PFG,yfinance,2026-02-10T05:10:16.435896+00:00
2016-05-27,44.18000030517578,44.41999816894531,44.0,44.40999984741211,30.890460968017578,1078600,PFG,yfinance,2026-02-10T05:10:16.435896+00:00
2016-05-31,44.540000915527344,44.7400016784668,44.189998626708984,44.560001373291016,30.994800567626953,2521500,PFG,yfinance,2026-02-10T05:10:16.435896+00:00
2016-06-01,43.970001220703125,44.369998931884766,43.5,44.209999084472656,30.751344680786133,1378700,PFG,yfinance,2026-02-10T05:10:16.435896+00:00
2016-06-02,43.709999084472656,43.93000030517578,43.5,43.93000030517578,30.828550338745117,1041500,PFG,yfinance,2026-02-10T05:10:16.435896+00:00
2016-06-03,43.27000045776367,43.27000045776367,42.540000915527344,42.81999969482422,30.049589157104492,1402500,PFG,yfinance,2026-02-10T05:10:16.435896+00:00
2016-06-06,42.97999954223633,43.720001220703125,42.86000061035156,43.459999084472656,30.49871063232422,954800,PFG,yfinance,2026-02-10T05:10:16.435896+00:00
2016-06-07,43.56999969482422,43.790000915527344,43.279998779296875,43.529998779296875,30.54783058166504,974100,PFG,yfinance,2026-02-10T05:10:16.435896+00:00
2016-06-08,43.439998626708984,43.90999984741211,43.380001068115234,43.77000045776367,30.716270446777344,986400,PFG,yfinance,2026-02-10T05:10:16.435896+00:00
2016-06-09,43.459999084472656,43.630001068115234,43.0,43.13999938964844,30.274145126342773,998900,PFG,yfinance,2026-02-10T05:10:16.435896+00:00
2016-06-10,42.599998474121094,42.75,42.20000076293945,42.47999954223633,29.81098175048828,1397900,PFG,yfinance,2026-02-10T05:10:16.435896+00:00
2016-06-13,42.060001373291016,42.540000915527344,41.7400016784668,41.7400016784668,29.291677474975586,1486300,PFG,yfinance,2026-02-10T05:10:16.435896+00:00
2016-06-14,41.619998931884766,41.9900016784668,41.11000061035156,41.41999816894531,29.06711769104004,1393600,PFG,yfinance,2026-02-10T05:10:16.435896+00:00
2016-06-15,41.619998931884766,42.150001525878906,41.349998474121094,41.630001068115234,29.214487075805664,1565700,PFG,yfinance,2026-02-10T05:10:16.435896+00:00
2016-06-16,41.06999969482422,42.18000030517578,40.91999816894531,42.130001068115234,29.565351486206055,2082600,PFG,yfinance,2026-02-10T05:10:16.435896+00:00
2016-06-17,42.20000076293945,42.54999923706055,41.970001220703125,42.34000015258789,29.712736129760742,1952100,PFG,yfinance,2026-02-10T05:10:16.435896+00:00
2016-06-20,42.88999938964844,43.58000183105469,42.869998931884766,42.88999938964844,30.09870719909668,1446200,PFG,yfinance,2026-02-10T05:10:16.435896+00:00
2016-06-21,43.18000030517578,43.47999954223633,42.810001373291016,43.25,30.35133934020996,1564300,PFG,yfinance,2026-02-10T05:10:16.435896+00:00
2016-06-22,43.22999954223633,43.959999084472656,43.22999954223633,43.70000076293945,30.66713523864746,2004300,PFG,yfinance,2026-02-10T05:10:16.435896+00:00
2016-06-23,44.04999923706055,44.81999969482422,44.04999923706055,44.52000045776367,31.24258041381836,2851400,PFG,yfinance,2026-02-10T05:10:16.435896+00:00
2016-06-24,41.439998626708984,42.04999923706055,39.91999816894531,39.959999084472656,28.042539596557617,4253600,PFG,yfinance,2026-02-10T05:10:16.435896+00:00
2016-06-27,39.099998474121094,39.18000030517578,38.029998779296875,38.13999938964844,26.765323638916016,2129700,PFG,yfinance,2026-02-10T05:10:16.435896+00:00
2016-06-28,39.0,39.119998931884766,38.52000045776367,39.060001373291016,27.41094970703125,2105700,PFG,yfinance,2026-02-10T05:10:16.435896+00:00
2016-06-29,39.13999938964844,40.31999969482422,39.13999938964844,40.29999923706055,28.281137466430664,1789600,PFG,yfinance,2026-02-10T05:10:16.435896+00:00
2016-06-30,40.459999084472656,41.130001068115234,39.97999954223633,41.11000061035156,28.849563598632812,1489500,PFG,yfinance,2026-02-10T05:10:16.435896+00:00
2016-07-01,40.810001373291016,41.56999969482422,40.810001373291016,41.130001068115234,28.863597869873047,1494400,PFG,yfinance,2026-02-10T05:10:16.435896+00:00
2016-07-05,40.47999954223633,40.47999954223633,39.029998779296875,39.47999954223633,27.70568084716797,2889800,PFG,yfinance,2026-02-10T05:10:16.435896+00:00
2016-07-06,39.04999923706055,39.91999816894531,38.84000015258789,39.88999938964844,27.99341583251953,1323700,PFG,yfinance,2026-02-10T05:10:16.435896+00:00
2016-07-07,40.119998931884766,40.84000015258789,39.79999923706055,40.18000030517578,28.19692611694336,1164500,PFG,yfinance,2026-02-10T05:10:16.435896+00:00
2016-07-08,40.97999954223633,41.68000030517578,40.939998626708984,41.59000015258789,29.18640899658203,1492800,PFG,yfinance,2026-02-10T05:10:16.435896+00:00
2016-07-11,41.95000076293945,42.34000015258789,41.709999084472656,42.11000061035156,29.55132484436035,1430900,PFG,yfinance,2026-02-10T05:10:16.435896+00:00
2016-07-12,42.689998626708984,43.349998474121094,42.689998626708984,43.18000030517578,30.302227020263672,1327000,PFG,yfinance,2026-02-10T05:10:16.435896+00:00
2016-07-13,43.099998474121094,43.38999938964844,42.70000076293945,43.150001525878906,30.28116798400879,1316300,PFG,yfinance,2026-02-10T05:10:16.435896+00:00
2016-07-14,44.150001525878906,44.349998474121094,43.68000030517578,44.08000183105469,30.93381118774414,1550400,PFG,yfinance,2026-02-10T05:10:16.435896+00:00
2016-07-15,44.380001068115234,44.599998474121094,43.95000076293945,44.2599983215332,31.060129165649414,1398400,PFG,yfinance,2026-02-10T05:10:16.435896+00:00
2016-07-18,44.15999984741211,44.5,43.86000061035156,44.209999084472656,31.025033950805664,1257700,PFG,yfinance,2026-02-10T05:10:16.435896+00:00
2016-07-19,43.880001068115234,44.400001525878906,43.790000915527344,44.22999954223633,31.039072036743164,950800,PFG,yfinance,2026-02-10T05:10:16.435896+00:00
2016-07-20,44.5,44.5099983215332,44.0099983215332,44.45000076293945,31.193458557128906,1073600,PFG,yfinance,2026-02-10T05:10:16.435896+00:00
2016-07-21,44.470001220703125,44.599998474121094,44.11000061035156,44.279998779296875,31.07416534423828,875000,PFG,yfinance,2026-02-10T05:10:16.435896+00:00
2016-07-22,44.40999984741211,44.97999954223633,44.25,44.66999816894531,31.347848892211914,729700,PFG,yfinance,2026-02-10T05:10:16.435896+00:00
2016-07-25,44.58000183105469,44.86000061035156,44.5,44.70000076293945,31.368907928466797,681400,PFG,yfinance,2026-02-10T05:10:16.435896+00:00
2016-07-26,44.630001068115234,44.880001068115234,44.40999984741211,44.84000015258789,31.467153549194336,608900,PFG,yfinance,2026-02-10T05:10:16.435896+00:00
2016-07-27,44.790000915527344,44.970001220703125,44.43000030517578,44.65999984741211,31.340837478637695,1087700,PFG,yfinance,2026-02-10T05:10:16.435896+00:00
2016-07-28,44.52000045776367,44.779998779296875,44.22999954223633,44.709999084472656,31.37592887878418,993100,PFG,yfinance,2026-02-10T05:10:16.435896+00:00
2016-07-29,44.97999954223633,47.150001525878906,44.97999954223633,46.630001068115234,32.72331237792969,2352100,PFG,yfinance,2026-02-10T05:10:16.435896+00:00
2016-08-01,46.72999954223633,46.869998931884766,45.9900016784668,46.22999954223633,32.44260025024414,1630000,PFG,yfinance,2026-02-10T05:10:16.435896+00:00
2016-08-02,46.16999816894531,46.43000030517578,45.11000061035156,45.279998779296875,31.77592658996582,1780400,PFG,yfinance,2026-02-10T05:10:16.435896+00:00
2016-08-03,45.380001068115234,45.939998626708984,45.31999969482422,45.83000183105469,32.16191101074219,1607200,PFG,yfinance,2026-02-10T05:10:16.435896+00:00
2016-08-04,45.709999084472656,45.939998626708984,45.349998474121094,45.880001068115234,32.19698715209961,1368900,PFG,yfinance,2026-02-10T05:10:16.435896+00:00
2016-08-05,46.43000030517578,47.189998626708984,46.36000061035156,47.18000030517578,33.10928726196289,1534700,PFG,yfinance,2026-02-10T05:10:16.435896+00:00
2016-08-08,47.400001525878906,47.77000045776367,47.06999969482422,47.70000076293945,33.474185943603516,1435500,PFG,yfinance,2026-02-10T05:10:16.435896+00:00
2016-08-09,47.72999954223633,47.83000183105469,47.5099983215332,47.70000076293945,33.474185943603516,914800,PFG,yfinance,2026-02-10T05:10:16.435896+00:00
2016-08-10,47.63999938964844,47.779998779296875,46.84000015258789,46.97999954223633,32.968936920166016,968100,PFG,yfinance,2026-02-10T05:10:16.435896+00:00
2016-08-11,47.06999969482422,47.31999969482422,46.79999923706055,47.15999984741211,33.095252990722656,837100,PFG,yfinance,2026-02-10T05:10:16.435896+00:00
2016-08-12,46.7400016784668,46.959999084472656,46.400001525878906,46.779998779296875,32.828575134277344,975500,PFG,yfinance,2026-02-10T05:10:16.435896+00:00
2016-08-15,47.08000183105469,47.25,46.97999954223633,47.11000061035156,33.060150146484375,1089200,PFG,yfinance,2026-02-10T05:10:16.435896+00:00
2016-08-16,46.91999816894531,47.150001525878906,46.779998779296875,46.959999084472656,32.954891204833984,908700,PFG,yfinance,2026-02-10T05:10:16.435896+00:00
2016-08-17,47.04999923706055,47.470001220703125,46.90999984741211,47.459999084472656,33.30576705932617,1084800,PFG,yfinance,2026-02-10T05:10:16.435896+00:00
2016-08-18,47.369998931884766,47.61000061035156,47.130001068115234,47.400001525878906,33.263671875,780000,PFG,yfinance,2026-02-10T05:10:16.435896+00:00
2016-08-19,47.25,47.380001068115234,46.81999969482422,47.119998931884766,33.067169189453125,1123800,PFG,yfinance,2026-02-10T05:10:16.435896+00:00
2016-08-22,47.0099983215332,47.220001220703125,46.83000183105469,47.16999816894531,33.102272033691406,829000,PFG,yfinance,2026-02-10T05:10:16.435896+00:00
2016-08-23,47.54999923706055,47.95000076293945,47.529998779296875,47.68000030517578,33.460166931152344,932700,PFG,yfinance,2026-02-10T05:10:16.435896+00:00
2016-08-24,47.7400016784668,47.970001220703125,47.5,47.65999984741211,33.44612503051758,767200,PFG,yfinance,2026-02-10T05:10:16.435896+00:00
2016-08-25,47.630001068115234,47.9900016784668,47.5099983215332,47.9900016784668,33.677703857421875,871200,PFG,yfinance,2026-02-10T05:10:16.435896+00:00
2016-08-26,48.040000915527344,48.68000030517578,47.849998474121094,48.2599983215332,33.8671875,1419200,PFG,yfinance,2026-02-10T05:10:16.435896+00:00
2016-08-29,48.29999923706055,49.209999084472656,48.290000915527344,49.130001068115234,34.47772216796875,1588400,PFG,yfinance,2026-02-10T05:10:16.435896+00:00
2016-08-30,49.189998626708984,49.5,49.09000015258789,49.5,34.73738098144531,1000700,PFG,yfinance,2026-02-10T05:10:16.435896+00:00
2016-08-31,49.0,49.310001373291016,48.619998931884766,49.06999969482422,34.72322463989258,1571600,PFG,yfinance,2026-02-10T05:10:16.435896+00:00
2016-09-01,49.220001220703125,49.41999816894531,48.209999084472656,48.880001068115234,34.58877944946289,1007700,PFG,yfinance,2026-02-10T05:10:16.435896+00:00
2016-09-02,49.150001525878906,49.27000045776367,48.7599983215332,49.04999923706055,34.70907211303711,782800,PFG,yfinance,2026-02-10T05:10:16.435896+00:00
2016-09-06,49.119998931884766,49.130001068115234,48.41999816894531,49.0,34.67368698120117,1178500,PFG,yfinance,2026-02-10T05:10:16.435896+00:00
2016-09-07,48.75,49.11000061035156,48.459999084472656,49.099998474121094,34.744441986083984,977300,PFG,yfinance,2026-02-10T05:10:16.435896+00:00
2016-09-08,49.08000183105469,49.290000915527344,48.79999923706055,48.959999084472656,34.64537811279297,925800,PFG,yfinance,2026-02-10T05:10:16.435896+00:00
2016-09-09,48.599998474121094,49.13999938964844,48.369998931884766,48.369998931884766,34.22789001464844,1377100,PFG,yfinance,2026-02-10T05:10:16.435896+00:00
2016-09-12,47.91999816894531,49.08000183105469,47.560001373291016,48.939998626708984,34.631229400634766,1406800,PFG,yfinance,2026-02-10T05:10:16.435896+00:00
2016-09-13,48.150001525878906,48.7400016784668,47.709999084472656,48.45000076293945,34.28449630737305,1828700,PFG,yfinance,2026-02-10T05:10:16.435896+00:00
2016-09-14,48.439998626708984,48.66999816894531,48.040000915527344,48.38999938964844,34.242034912109375,1536000,PFG,yfinance,2026-02-10T05:10:16.435896+00:00
2016-09-15,48.36000061035156,49.13999938964844,48.20000076293945,48.959999084472656,34.64537811279297,1428900,PFG,yfinance,2026-02-10T05:10:16.435896+00:00
2016-09-16,48.599998474121094,48.619998931884766,47.869998931884766,48.369998931884766,34.22789001464844,2544000,PFG,yfinance,2026-02-10T05:10:16.435896+00:00
2016-09-19,48.65999984741211,49.369998931884766,48.58000183105469,48.81999969482422,34.54631423950195,1362000,PFG,yfinance,2026-02-10T05:10:16.435896+00:00
2016-09-20,49.15999984741211,49.290000915527344,48.810001373291016,49.029998779296875,34.694915771484375,1415300,PFG,yfinance,2026-02-10T05:10:16.435896+00:00
2016-09-21,49.31999969482422,49.849998474121094,49.220001220703125,49.77000045776367,35.21855545043945,1372600,PFG,yfinance,2026-02-10T05:10:16.435896+00:00
2016-09-22,50.0,50.16999816894531,49.75,49.880001068115234,35.2963981628418,1099100,PFG,yfinance,2026-02-10T05:10:16.435896+00:00
2016-09-23,49.68000030517578,50.61000061035156,49.619998931884766,49.79999923706055,35.23978805541992,1398300,PFG,yfinance,2026-02-10T05:10:16.435896+00:00
2016-09-26,49.29999923706055,49.880001068115234,49.040000915527344,49.41999816894531,34.97089385986328,1819600,PFG,yfinance,2026-02-10T05:10:16.435896+00:00
2016-09-27,49.18000030517578,50.470001220703125,49.040000915527344,50.41999816894531,35.67852020263672,1803800,PFG,yfinance,2026-02-10T05:10:16.435896+00:00
2016-09-28,50.70000076293945,51.439998626708984,50.52000045776367,51.41999816894531,36.386138916015625,1927700,PFG,yfinance,2026-02-10T05:10:16.435896+00:00
2016-09-29,51.279998779296875,51.459999084472656,50.18000030517578,50.5,35.735130310058594,1758700,PFG,yfinance,2026-02-10T05:10:16.435896+00:00
2016-09-30,50.779998779296875,51.720001220703125,50.66999816894531,51.5099983215332,36.449825286865234,2454500,PFG,yfinance,2026-02-10T05:10:16.435896+00:00
2016-10-03,51.2599983215332,51.869998931884766,51.25,51.40999984741211,36.37907409667969,1430000,PFG,yfinance,2026-02-10T05:10:16.435896+00:00
2016-10-04,51.689998626708984,51.900001525878906,50.959999084472656,51.16999816894531,36.209228515625,1769600,PFG,yfinance,2026-02-10T05:10:16.435896+00:00
2016-10-05,51.52000045776367,52.79999923706055,51.369998931884766,52.630001068115234,37.24237823486328,1620500,PFG,yfinance,2026-02-10T05:10:16.435896+00:00
2016-10-06,52.77000045776367,52.83000183105469,52.20000076293945,52.54999923706055,37.185760498046875,1205400,PFG,yfinance,2026-02-10T05:10:16.435896+00:00
2016-10-07,52.16999816894531,52.470001220703125,51.779998779296875,52.2599983215332,36.980552673339844,1273700,PFG,yfinance,2026-02-10T05:10:16.435896+00:00
2016-10-10,52.540000915527344,52.93000030517578,52.439998626708984,52.83000183105469,37.38389205932617,1625000,PFG,yfinance,2026-02-10T05:10:16.435896+00:00
2016-10-11,52.61000061035156,52.79999923706055,52.060001373291016,52.5,37.15038299560547,1854500,PFG,yfinance,2026-02-10T05:10:16.435896+00:00
2016-10-12,52.63999938964844,53.11000061035156,52.470001220703125,52.709999084472656,37.29898452758789,1082500,PFG,yfinance,2026-02-10T05:10:16.435896+00:00
2016-10-13,51.97999954223633,52.290000915527344,51.25,52.0099983215332,36.80364227294922,1983000,PFG,yfinance,2026-02-10T05:10:16.435896+00:00
2016-10-14,52.540000915527344,53.0,52.27000045776367,52.33000183105469,37.03009033203125,959000,PFG,yfinance,2026-02-10T05:10:16.435896+00:00
2016-10-17,52.439998626708984,52.65999984741211,52.18000030517578,52.2599983215332,36.980552673339844,730800,PFG,yfinance,2026-02-10T05:10:16.435896+00:00
2016-10-18,53.0,53.0,52.40999984741211,52.630001068115234,37.24237823486328,1498500,PFG,yfinance,2026-02-10T05:10:16.435896+00:00
2016-10-19,53.029998779296875,53.029998779296875,52.38999938964844,52.75,37.32727813720703,1745300,PFG,yfinance,2026-02-10T05:10:16.435896+00:00
2016-10-20,52.66999816894531,52.93000030517578,52.41999816894531,52.79999923706055,37.36266326904297,1319000,PFG,yfinance,2026-02-10T05:10:16.435896+00:00
2016-10-21,52.27000045776367,52.779998779296875,52.08000183105469,52.619998931884766,37.23529815673828,1151700,PFG,yfinance,2026-02-10T05:10:16.435896+00:00
2016-10-24,53.04999923706055,53.20000076293945,52.75,53.0,37.504188537597656,1006000,PFG,yfinance,2026-02-10T05:10:16.435896+00:00
2016-10-25,52.93000030517578,53.06999969482422,52.540000915527344,52.959999084472656,37.47589111328125,1626500,PFG,yfinance,2026-02-10T05:10:16.435896+00:00
2016-10-26,52.56999969482422,53.16999816894531,52.4900016784668,53.0099983215332,37.511260986328125,1624400,PFG,yfinance,2026-02-10T05:10:16.435896+00:00
2016-10-27,53.2599983215332,53.7599983215332,52.849998474121094,53.560001373291016,37.90046691894531,1897400,PFG,yfinance,2026-02-10T05:10:16.435896+00:00
2016-10-28,53.560001373291016,56.31999969482422,53.29999923706055,55.27000045776367,39.110511779785156,3209900,PFG,yfinance,2026-02-10T05:10:16.435896+00:00
2016-10-31,55.72999954223633,55.72999954223633,54.59000015258789,54.599998474121094,38.63639450073242,2194100,PFG,yfinance,2026-02-10T05:10:16.435896+00:00
2016-11-01,54.97999954223633,55.0099983215332,53.59000015258789,54.150001525878906,38.317970275878906,2418100,PFG,yfinance,2026-02-10T05:10:16.435896+00:00
2016-11-02,53.88999938964844,54.2599983215332,53.29999923706055,53.459999084472656,37.829708099365234,1731100,PFG,yfinance,2026-02-10T05:10:16.435896+00:00
2016-11-03,53.79999923706055,53.91999816894531,53.189998626708984,53.33000183105469,37.73771667480469,2120800,PFG,yfinance,2026-02-10T05:10:16.435896+00:00
2016-11-04,53.380001068115234,53.68000030517578,52.66999816894531,53.130001068115234,37.59618377685547,1806200,PFG,yfinance,2026-02-10T05:10:16.435896+00:00
2016-11-07,54.310001373291016,54.5099983215332,54.150001525878906,54.31999969482422,38.43826675415039,2332500,PFG,yfinance,2026-02-10T05:10:16.435896+00:00
2016-11-08,54.290000915527344,54.689998626708984,53.86000061035156,54.4900016784668,38.558563232421875,2561000,PFG,yfinance,2026-02-10T05:10:16.435896+00:00
2016-11-09,55.150001525878906,56.20000076293945,54.66999816894531,56.099998474121094,39.69782638549805,4813200,PFG,yfinance,2026-02-10T05:10:16.435896+00:00
2016-11-10,56.86000061035156,58.09000015258789,56.619998931884766,57.880001068115234,40.9574089050293,3308400,PFG,yfinance,2026-02-10T05:10:16.435896+00:00
2016-11-11,57.400001525878906,57.900001525878906,56.279998779296875,57.29999923706055,40.54698944091797,2623800,PFG,yfinance,2026-02-10T05:10:16.435896+00:00
2016-11-14,57.90999984741211,58.849998474121094,57.119998931884766,57.310001373291016,40.55405807495117,2369900,PFG,yfinance,2026-02-10T05:10:16.435896+00:00
2016-11-15,56.959999084472656,57.7400016784668,56.63999938964844,57.709999084472656,40.837120056152344,1783000,PFG,yfinance,2026-02-10T05:10:16.435896+00:00
2016-11-16,57.099998474121094,57.630001068115234,56.86000061035156,57.119998931884766,40.419620513916016,1226600,PFG,yfinance,2026-02-10T05:10:16.435896+00:00
2016-11-17,57.650001525878906,57.900001525878906,57.27000045776367,57.790000915527344,40.893733978271484,1638900,PFG,yfinance,2026-02-10T05:10:16.435896+00:00
2016-11-18,57.849998474121094,57.91999816894531,57.06999969482422,57.65999984741211,40.801727294921875,1219600,PFG,yfinance,2026-02-10T05:10:16.435896+00:00
2016-11-21,57.849998474121094,58.04999923706055,57.369998931884766,57.79999923706055,40.90079879760742,1192000,PFG,yfinance,2026-02-10T05:10:16.435896+00:00
2016-11-22,58.119998931884766,58.119998931884766,57.27000045776367,57.68000030517578,40.81589126586914,1953200,PFG,yfinance,2026-02-10T05:10:16.435896+00:00
2016-11-23,57.880001068115234,58.43000030517578,57.7400016784668,58.40999984741211,41.332462310791016,1442400,PFG,yfinance,2026-02-10T05:10:16.435896+00:00
2016-11-25,58.459999084472656,58.52000045776367,58.02000045776367,58.33000183105469,41.27584457397461,401500,PFG,yfinance,2026-02-10T05:10:16.435896+00:00
2016-11-28,57.709999084472656,58.150001525878906,57.0,57.060001373291016,40.377159118652344,1247100,PFG,yfinance,2026-02-10T05:10:16.435896+00:00
2016-11-29,57.290000915527344,57.470001220703125,56.86000061035156,57.189998626708984,40.469154357910156,1371400,PFG,yfinance,2026-02-10T05:10:16.435896+00:00
2016-11-30,57.880001068115234,58.7400016784668,57.560001373291016,57.689998626708984,40.82296371459961,2141800,PFG,yfinance,2026-02-10T05:10:16.435896+00:00
2016-12-01,57.75,58.5,57.689998626708984,58.310001373291016,41.571537017822266,1622400,PFG,yfinance,2026-02-10T05:10:16.435896+00:00
2016-12-02,58.130001068115234,58.150001525878906,57.38999938964844,57.779998779296875,41.19369888305664,1256600,PFG,yfinance,2026-02-10T05:10:16.435896+00:00
2016-12-05,58.47999954223633,59.47999954223633,57.790000915527344,59.470001220703125,42.39855194091797,2987300,PFG,yfinance,2026-02-10T05:10:16.435896+00:00
2016-12-06,59.599998474121094,59.869998931884766,59.0,59.41999816894531,42.36290740966797,2500400,PFG,yfinance,2026-02-10T05:10:16.435896+00:00
2016-12-07,59.41999816894531,60.689998626708984,59.310001373291016,60.689998626708984,43.26835250854492,2065100,PFG,yfinance,2026-02-10T05:10:16.435896+00:00
2016-12-08,61.0,61.34000015258789,60.20000076293945,60.86000061035156,43.389556884765625,1586400,PFG,yfinance,2026-02-10T05:10:16.435896+00:00
2016-12-09,60.709999084472656,60.709999084472656,60.040000915527344,60.29999923706055,42.99031448364258,1543800,PFG,yfinance,2026-02-10T05:10:16.435896+00:00
2016-12-12,60.290000915527344,60.38999938964844,58.97999954223633,59.439998626708984,42.377166748046875,1372400,PFG,yfinance,2026-02-10T05:10:16.435896+00:00
2016-12-13,59.779998779296875,59.939998626708984,59.08000183105469,59.52000045776367,42.434207916259766,1373100,PFG,yfinance,2026-02-10T05:10:16.435896+00:00
2016-12-14,59.150001525878906,59.90999984741211,58.45000076293945,58.720001220703125,41.86386489868164,1984200,PFG,yfinance,2026-02-10T05:10:16.435896+00:00
2016-12-15,58.959999084472656,59.56999969482422,58.7599983215332,59.08000183105469,42.120521545410156,1986300,PFG,yfinance,2026-02-10T05:10:16.435896+00:00
2016-12-16,59.099998474121094,59.27000045776367,57.7400016784668,57.79999923706055,41.207950592041016,2695900,PFG,yfinance,2026-02-10T05:10:16.435896+00:00
2016-12-19,57.90999984741211,58.209999084472656,57.400001525878906,57.84000015258789,41.23646545410156,1782300,PFG,yfinance,2026-02-10T05:10:16.435896+00:00
2016-12-20,58.43000030517578,58.880001068115234,58.0099983215332,58.75,41.88524627685547,1493400,PFG,yfinance,2026-02-10T05:10:16.435896+00:00
2016-12-21,58.849998474121094,59.279998779296875,58.459999084472656,59.11000061035156,42.14190673828125,1306400,PFG,yfinance,2026-02-10T05:10:16.435896+00:00
2016-12-22,59.15999984741211,59.15999984741211,58.099998474121094,58.41999816894531,41.649967193603516,953100,PFG,yfinance,2026-02-10T05:10:16.435896+00:00
2016-12-23,58.33000183105469,58.470001220703125,58.040000915527344,58.40999984741211,41.642845153808594,474300,PFG,yfinance,2026-02-10T05:10:16.435896+00:00
2016-12-27,58.439998626708984,58.93000030517578,58.439998626708984,58.72999954223633,41.8709831237793,524900,PFG,yfinance,2026-02-10T05:10:16.435896+00:00
2016-12-28,58.70000076293945,58.93000030517578,57.9900016784668,58.0,41.35054016113281,727400,PFG,yfinance,2026-02-10T05:10:16.435896+00:00
2016-12-29,57.939998626708984,58.400001525878906,57.630001068115234,57.849998474121094,41.24359893798828,646200,PFG,yfinance,2026-02-10T05:10:16.435896+00:00
2016-12-30,57.970001220703125,58.20000076293945,57.619998931884766,57.86000061035156,41.250732421875,806400,PFG,yfinance,2026-02-10T05:10:16.435896+00:00
2017-01-03,58.61000061035156,59.290000915527344,58.029998779296875,58.58000183105469,41.764034271240234,1275600,PFG,yfinance,2026-02-10T05:10:16.435896+00:00
2017-01-04,58.84000015258789,59.189998626708984,58.689998626708984,59.11000061035156,42.14190673828125,995200,PFG,yfinance,2026-02-10T05:10:16.435896+00:00
2017-01-05,59.13999938964844,59.310001373291016,57.959999084472656,58.5099983215332,41.71413803100586,1308300,PFG,yfinance,2026-02-10T05:10:16.435896+00:00
2017-01-06,58.86000061035156,59.150001525878906,58.56999969482422,58.86000061035156,41.963680267333984,1356200,PFG,yfinance,2026-02-10T05:10:16.435896+00:00
2017-01-09,58.45000076293945,59.150001525878906,58.189998626708984,58.189998626708984,41.48599624633789,1177600,PFG,yfinance,2026-02-10T05:10:16.435896+00:00
2017-01-10,58.36000061035156,59.2400016784668,58.04999923706055,58.650001525878906,41.81394577026367,851500,PFG,yfinance,2026-02-10T05:10:16.435896+00:00
2017-01-11,58.58000183105469,59.310001373291016,58.47999954223633,58.97999954223633,42.049232482910156,944700,PFG,yfinance,2026-02-10T05:10:16.435896+00:00
2017-01-12,58.599998474121094,59.040000915527344,58.0099983215332,58.869998931884766,41.97079086303711,1552800,PFG,yfinance,2026-02-10T05:10:16.435896+00:00
2017-01-13,59.20000076293945,59.630001068115234,58.86000061035156,59.029998779296875,42.084877014160156,709700,PFG,yfinance,2026-02-10T05:10:16.435896+00:00
2017-01-17,58.36000061035156,58.90999984741211,58.0,58.27000045776367,41.543033599853516,1487200,PFG,yfinance,2026-02-10T05:10:16.435896+00:00
2017-01-18,58.540000915527344,59.540000915527344,58.09000015258789,59.47999954223633,42.40570068359375,987400,PFG,yfinance,2026-02-10T05:10:16.435896+00:00
2017-01-19,59.529998779296875,59.66999816894531,58.04999923706055,58.29999923706055,41.564414978027344,1517800,PFG,yfinance,2026-02-10T05:10:16.435896+00:00
2017-01-20,58.43000030517578,58.939998626708984,57.95000076293945,58.2400016784668,41.52164840698242,1238700,PFG,yfinance,2026-02-10T05:10:16.435896+00:00
2017-01-23,58.099998474121094,58.41999816894531,57.560001373291016,57.7400016784668,41.1651725769043,1088400,PFG,yfinance,2026-02-10T05:10:16.435896+00:00
2017-01-24,57.959999084472656,58.88999938964844,57.7400016784668,58.58000183105469,41.764034271240234,1596100,PFG,yfinance,2026-02-10T05:10:16.435896+00:00
2017-01-25,59.16999816894531,59.77000045776367,59.06999969482422,59.650001525878906,42.52688980102539,1014200,PFG,yfinance,2026-02-10T05:10:16.435896+00:00
2017-01-26,59.4900016784668,59.540000915527344,57.619998931884766,58.56999969482422,41.756919860839844,1772300,PFG,yfinance,2026-02-10T05:10:16.435896+00:00
2017-01-27,58.56999969482422,58.720001220703125,57.27000045776367,58.0,41.35054016113281,2333900,PFG,yfinance,2026-02-10T05:10:16.435896+00:00
2017-01-30,57.86000061035156,57.86000061035156,56.66999816894531,57.7400016784668,41.1651725769043,1757300,PFG,yfinance,2026-02-10T05:10:16.435896+00:00
2017-01-31,58.25,58.25,56.34000015258789,57.09000015258789,40.70176696777344,2998900,PFG,yfinance,2026-02-10T05:10:16.435896+00:00
2017-02-01,57.650001525878906,58.56999969482422,56.970001220703125,57.20000076293945,40.780189514160156,1940400,PFG,yfinance,2026-02-10T05:10:16.435896+00:00
2017-02-02,56.75,57.86000061035156,56.119998931884766,57.5099983215332,41.00120162963867,1648400,PFG,yfinance,2026-02-10T05:10:16.435896+00:00
2017-02-03,58.689998626708984,59.439998626708984,58.630001068115234,59.41999816894531,42.36290740966797,1590800,PFG,yfinance,2026-02-10T05:10:16.435896+00:00
2017-02-06,58.869998931884766,59.81999969482422,58.869998931884766,59.470001220703125,42.39855194091797,1205100,PFG,yfinance,2026-02-10T05:10:16.435896+00:00
2017-02-07,59.72999954223633,59.869998931884766,59.45000076293945,59.720001220703125,42.5767936706543,1243800,PFG,yfinance,2026-02-10T05:10:16.435896+00:00
2017-02-08,59.33000183105469,59.90999984741211,58.939998626708984,59.84000015258789,42.662349700927734,1396000,PFG,yfinance,2026-02-10T05:10:16.435896+00:00
2017-02-09,60.040000915527344,60.790000915527344,59.79999923706055,60.58000183105469,43.1899299621582,1329800,PFG,yfinance,2026-02-10T05:10:16.435896+00:00
2017-02-10,60.869998931884766,61.04999923706055,60.540000915527344,60.86000061035156,43.389556884765625,1183100,PFG,yfinance,2026-02-10T05:10:16.435896+00:00
2017-02-13,61.130001068115234,62.31999969482422,61.06999969482422,62.09000015258789,44.26646423339844,1699400,PFG,yfinance,2026-02-10T05:10:16.435896+00:00
2017-02-14,62.0099983215332,62.59000015258789,61.95000076293945,62.060001373291016,44.24507141113281,1276500,PFG,yfinance,2026-02-10T05:10:16.435896+00:00
2017-02-15,62.27000045776367,62.790000915527344,61.88999938964844,62.72999954223633,44.72274398803711,1270500,PFG,yfinance,2026-02-10T05:10:16.435896+00:00
2017-02-16,62.560001373291016,62.88999938964844,62.33000183105469,62.599998474121094,44.63005828857422,1178100,PFG,yfinance,2026-02-10T05:10:16.435896+00:00
2017-02-17,61.84000015258789,62.13999938964844,61.43000030517578,62.119998931884766,44.287864685058594,990200,PFG,yfinance,2026-02-10T05:10:16.435896+00:00
2017-02-21,62.2400016784668,62.70000076293945,62.150001525878906,62.41999816894531,44.501731872558594,883900,PFG,yfinance,2026-02-10T05:10:16.435896+00:00
2017-02-22,62.130001068115234,63.119998931884766,61.9900016784668,62.83000183105469,44.79404830932617,2040600,PFG,yfinance,2026-02-10T05:10:16.435896+00:00
2017-02-23,62.900001525878906,62.970001220703125,62.439998626708984,62.869998931884766,44.82255554199219,1015500,PFG,yfinance,2026-02-10T05:10:16.435896+00:00
2017-02-24,62.040000915527344,62.84000015258789,62.040000915527344,62.75,44.73699951171875,1342900,PFG,yfinance,2026-02-10T05:10:16.435896+00:00
2017-02-27,62.68000030517578,63.0,62.279998779296875,62.779998779296875,44.758392333984375,1103900,PFG,yfinance,2026-02-10T05:10:16.435896+00:00
2017-02-28,62.47999954223633,62.689998626708984,61.97999954223633,62.540000915527344,44.58728790283203,1225100,PFG,yfinance,2026-02-10T05:10:16.435896+00:00
2017-03-01,63.529998779296875,64.30999755859375,63.4900016784668,64.0199966430664,45.64243698120117,1765200,PFG,yfinance,2026-02-10T05:10:16.435896+00:00
2017-03-02,63.43000030517578,63.619998931884766,62.650001525878906,62.709999084472656,45.02496337890625,1461600,PFG,yfinance,2026-02-10T05:10:16.435896+00:00
2017-03-03,62.880001068115234,63.709999084472656,62.880001068115234,63.56999969482422,45.64244079589844,1678100,PFG,yfinance,2026-02-10T05:10:16.435896+00:00
2017-03-06,63.119998931884766,63.61000061035156,63.029998779296875,63.369998931884766,45.49884033203125,991900,PFG,yfinance,2026-02-10T05:10:16.435896+00:00
2017-03-07,63.15999984741211,63.25,62.779998779296875,63.040000915527344,45.26190185546875,1036400,PFG,yfinance,2026-02-10T05:10:16.435896+00:00
2017-03-08,63.709999084472656,63.88999938964844,63.0,63.06999969482422,45.283443450927734,857400,PFG,yfinance,2026-02-10T05:10:16.435896+00:00
2017-03-09,63.119998931884766,63.619998931884766,62.810001373291016,63.06999969482422,45.283443450927734,960500,PFG,yfinance,2026-02-10T05:10:16.435896+00:00
2017-03-10,63.099998474121094,63.91999816894531,62.900001525878906,63.540000915527344,45.62090301513672,913900,PFG,yfinance,2026-02-10T05:10:16.435896+00:00
2017-03-13,63.52000045776367,63.75,63.36000061035156,63.58000183105469,45.64962387084961,945200,PFG,yfinance,2026-02-10T05:10:16.435896+00:00
2017-03-14,63.25,63.349998474121094,62.7400016784668,63.0099983215332,45.2403678894043,904900,PFG,yfinance,2026-02-10T05:10:16.435896+00:00
2017-03-15,63.13999938964844,63.88999938964844,63.060001373291016,63.83000183105469,45.82912063598633,1256300,PFG,yfinance,2026-02-10T05:10:16.435896+00:00
2017-03-16,64.0,64.6500015258789,63.970001220703125,64.19999694824219,46.094764709472656,1147300,PFG,yfinance,2026-02-10T05:10:16.435896+00:00
2017-03-17,64.2699966430664,64.29000091552734,63.380001068115234,63.439998626708984,45.54909896850586,1464700,PFG,yfinance,2026-02-10T05:10:16.435896+00:00
2017-03-20,63.34000015258789,63.470001220703125,62.869998931884766,63.11000061035156,45.31216049194336,574900,PFG,yfinance,2026-02-10T05:10:16.435896+00:00
2017-03-21,63.560001373291016,63.65999984741211,61.16999816894531,61.2599983215332,43.983882904052734,1435300,PFG,yfinance,2026-02-10T05:10:16.435896+00:00
2017-03-22,60.90999984741211,62.04999923706055,60.27000045776367,61.900001525878906,44.44339370727539,1158100,PFG,yfinance,2026-02-10T05:10:16.435896+00:00
2017-03-23,61.88999938964844,62.84000015258789,61.63999938964844,62.18000030517578,44.64444351196289,747000,PFG,yfinance,2026-02-10T05:10:16.435896+00:00
2017-03-24,62.18000030517578,62.86000061035156,61.81999969482422,62.16999816894531,44.63725662231445,969500,PFG,yfinance,2026-02-10T05:10:16.435896+00:00
2017-03-27,60.599998474121094,62.209999084472656,60.18000030517578,62.11000061035156,44.59418487548828,869700,PFG,yfinance,2026-02-10T05:10:16.435896+00:00
2017-03-28,62.08000183105469,63.40999984741211,61.95000076293945,63.0099983215332,45.2403678894043,966500,PFG,yfinance,2026-02-10T05:10:16.435896+00:00
2017-03-29,62.880001068115234,62.880001068115234,62.150001525878906,62.470001220703125,44.8526611328125,667600,PFG,yfinance,2026-02-10T05:10:16.435896+00:00
2017-03-30,62.4900016784668,63.61000061035156,62.2400016784668,63.11000061035156,45.31216049194336,1080300,PFG,yfinance,2026-02-10T05:10:16.435896+00:00
2017-03-31,62.72999954223633,63.4900016784668,62.56999969482422,63.11000061035156,45.31216049194336,1152600,PFG,yfinance,2026-02-10T05:10:16.435896+00:00
2017-04-03,63.29999923706055,63.470001220703125,62.029998779296875,63.09000015258789,45.29780578613281,1034800,PFG,yfinance,2026-02-10T05:10:16.435896+00:00
2017-04-04,62.75,63.13999938964844,62.63999938964844,62.849998474121094,45.125484466552734,925000,PFG,yfinance,2026-02-10T05:10:16.435896+00:00
2017-04-05,63.33000183105469,63.70000076293945,62.099998474121094,62.15999984741211,44.63007736206055,1133100,PFG,yfinance,2026-02-10T05:10:16.435896+00:00
2017-04-06,62.119998931884766,63.150001525878906,61.75,62.72999954223633,45.039337158203125,1029700,PFG,yfinance,2026-02-10T05:10:16.435896+00:00
2017-04-07,62.20000076293945,62.90999984741211,62.060001373291016,62.56999969482422,44.9244499206543,836600,PFG,yfinance,2026-02-10T05:10:16.435896+00:00
2017-04-10,62.63999938964844,63.02000045776367,62.27000045776367,62.66999816894531,44.996246337890625,711300,PFG,yfinance,2026-02-10T05:10:16.435896+00:00
2017-04-11,62.439998626708984,63.06999969482422,62.16999816894531,62.900001525878906,45.1613883972168,712400,PFG,yfinance,2026-02-10T05:10:16.435896+00:00
2017-04-12,62.900001525878906,62.959999084472656,61.66999816894531,61.93000030517578,44.46493148803711,918200,PFG,yfinance,2026-02-10T05:10:16.435896+00:00
2017-04-13,61.72999954223633,62.369998931884766,61.380001068115234,61.5099983215332,44.16337966918945,703300,PFG,yfinance,2026-02-10T05:10:16.435896+00:00
2017-04-17,61.81999969482422,62.689998626708984,61.47999954223633,62.630001068115234,44.967529296875,612300,PFG,yfinance,2026-02-10T05:10:16.435896+00:00
2017-04-18,62.040000915527344,62.61000061035156,61.9900016784668,62.38999938964844,44.79521179199219,832400,PFG,yfinance,2026-02-10T05:10:16.435896+00:00
2017-04-19,62.93000030517578,62.959999084472656,62.0099983215332,62.08000183105469,44.5726432800293,991200,PFG,yfinance,2026-02-10T05:10:16.435896+00:00
2017-04-20,62.4900016784668,63.22999954223633,62.27000045776367,62.91999816894531,45.175743103027344,1169000,PFG,yfinance,2026-02-10T05:10:16.435896+00:00
2017-04-21,62.900001525878906,63.189998626708984,62.599998474121094,62.810001373291016,45.096771240234375,736000,PFG,yfinance,2026-02-10T05:10:16.435896+00:00
2017-04-24,64.3499984741211,64.41999816894531,63.68000030517578,63.91999816894531,45.89373779296875,1244900,PFG,yfinance,2026-02-10T05:10:16.435896+00:00
2017-04-25,64.5,64.80999755859375,64.29000091552734,64.3499984741211,46.20246505737305,1166900,PFG,yfinance,2026-02-10T05:10:16.435896+00:00
2017-04-26,64.31999969482422,64.7300033569336,64.23999786376953,64.30999755859375,46.17374801635742,1010400,PFG,yfinance,2026-02-10T05:10:16.435896+00:00
2017-04-27,64.48999786376953,65.25,64.45999908447266,65.18000030517578,46.79840850830078,1463300,PFG,yfinance,2026-02-10T05:10:16.435896+00:00
2017-04-28,64.41000366210938,65.55999755859375,63.720001220703125,65.12999725341797,46.762481689453125,1442000,PFG,yfinance,2026-02-10T05:10:16.435896+00:00
2017-05-01,65.66999816894531,65.66999816894531,64.61000061035156,64.97000122070312,46.647621154785156,1452900,PFG,yfinance,2026-02-10T05:10:16.435896+00:00
2017-05-02,65.0199966430664,65.0999984741211,64.38999938964844,64.91000366210938,46.60453414916992,850800,PFG,yfinance,2026-02-10T05:10:16.435896+00:00
2017-05-03,64.7699966430664,65.12000274658203,64.62999725341797,64.9000015258789,46.59735870361328,1357100,PFG,yfinance,2026-02-10T05:10:16.435896+00:00
2017-05-04,65.25,65.44999694824219,64.36000061035156,64.43000030517578,46.25992202758789,1425900,PFG,yfinance,2026-02-10T05:10:16.435896+00:00
2017-05-05,64.66000366210938,64.76000213623047,64.12999725341797,64.33999633789062,46.19529342651367,882300,PFG,yfinance,2026-02-10T05:10:16.435896+00:00
2017-05-08,64.37000274658203,64.54000091552734,63.75,63.95000076293945,45.91527557373047,1092200,PFG,yfinance,2026-02-10T05:10:16.435896+00:00
2017-05-09,64.06999969482422,64.33000183105469,63.2400016784668,63.459999084472656,45.56345748901367,1052000,PFG,yfinance,2026-02-10T05:10:16.435896+00:00
2017-05-10,63.34000015258789,63.91999816894531,63.13999938964844,63.86000061035156,45.850650787353516,1228100,PFG,yfinance,2026-02-10T05:10:16.435896+00:00
2017-05-11,63.65999984741211,63.900001525878906,62.849998474121094,63.540000915527344,45.62090301513672,1078700,PFG,yfinance,2026-02-10T05:10:16.435896+00:00
2017-05-12,63.150001525878906,63.619998931884766,62.84000015258789,63.0,45.23318099975586,840400,PFG,yfinance,2026-02-10T05:10:16.435896+00:00
2017-05-15,63.25,63.86000061035156,63.08000183105469,63.709999084472656,45.742950439453125,1358100,PFG,yfinance,2026-02-10T05:10:16.435896+00:00
2017-05-16,63.849998474121094,64.08999633789062,63.43000030517578,63.97999954223633,45.93681335449219,1014700,PFG,yfinance,2026-02-10T05:10:16.435896+00:00
2017-05-17,63.97999954223633,63.97999954223633,61.33000183105469,61.400001525878906,44.08441162109375,1297900,PFG,yfinance,2026-02-10T05:10:16.435896+00:00
2017-05-18,60.9900016784668,61.189998626708984,60.349998474121094,60.54999923706055,43.474124908447266,2002900,PFG,yfinance,2026-02-10T05:10:16.435896+00:00
2017-05-19,60.68000030517578,61.09000015258789,60.54999923706055,60.83000183105469,43.6751594543457,2922200,PFG,yfinance,2026-02-10T05:10:16.435896+00:00
2017-05-22,61.22999954223633,61.93000030517578,60.90999984741211,61.43000030517578,44.10594177246094,1330900,PFG,yfinance,2026-02-10T05:10:16.435896+00:00
2017-05-23,61.4900016784668,61.97999954223633,61.08000183105469,61.709999084472656,44.306976318359375,1409600,PFG,yfinance,2026-02-10T05:10:16.435896+00:00
2017-05-24,61.790000915527344,61.9900016784668,61.45000076293945,61.959999084472656,44.4864616394043,1032300,PFG,yfinance,2026-02-10T05:10:16.435896+00:00
2017-05-25,62.150001525878906,62.7599983215332,62.0,62.65999984741211,44.98906326293945,1324100,PFG,yfinance,2026-02-10T05:10:16.435896+00:00
2017-05-26,62.47999954223633,63.119998931884766,62.47999954223633,62.75,45.053688049316406,1045400,PFG,yfinance,2026-02-10T05:10:16.435896+00:00
2017-05-30,62.54999923706055,62.709999084472656,62.11000061035156,62.52000045776367,44.888553619384766,671900,PFG,yfinance,2026-02-10T05:10:16.435896+00:00
2017-05-31,62.650001525878906,62.95000076293945,62.0,62.90999984741211,45.1685676574707,1536800,PFG,yfinance,2026-02-10T05:10:16.435896+00:00
2017-06-01,62.75,64.08000183105469,62.43000030517578,64.08000183105469,46.34751510620117,1002800,PFG,yfinance,2026-02-10T05:10:16.435896+00:00
2017-06-02,63.709999084472656,64.19000244140625,63.400001525878906,63.959999084472656,46.26071548461914,886600,PFG,yfinance,2026-02-10T05:10:16.435896+00:00
2017-06-05,63.90999984741211,64.05999755859375,63.209999084472656,63.290000915527344,45.776126861572266,899400,PFG,yfinance,2026-02-10T05:10:16.435896+00:00
2017-06-06,62.779998779296875,62.93000030517578,62.02000045776367,62.06999969482422,44.893714904785156,1145600,PFG,yfinance,2026-02-10T05:10:16.435896+00:00
2017-06-07,62.2400016784668,62.68000030517578,61.95000076293945,62.40999984741211,45.13963317871094,906500,PFG,yfinance,2026-02-10T05:10:16.435896+00:00
2017-06-08,62.40999984741211,64.18000030517578,62.400001525878906,63.630001068115234,46.02203369140625,1568600,PFG,yfinance,2026-02-10T05:10:16.435896+00:00
2017-06-09,63.95000076293945,64.98999786376953,63.95000076293945,64.91000366210938,46.947818756103516,1025300,PFG,yfinance,2026-02-10T05:10:16.435896+00:00
2017-06-12,64.72000122070312,65.30999755859375,64.72000122070312,64.97000122070312,46.99123001098633,1245100,PFG,yfinance,2026-02-10T05:10:16.435896+00:00
2017-06-13,65.12000274658203,65.86000061035156,64.9800033569336,65.54000091552734,47.40349578857422,1058200,PFG,yfinance,2026-02-10T05:10:16.435896+00:00
2017-06-14,65.05000305175781,65.4800033569336,64.43000030517578,65.36000061035156,47.2733039855957,1122800,PFG,yfinance,2026-02-10T05:10:16.435896+00:00
2017-06-15,64.73999786376953,65.22000122070312,64.63999938964844,65.19999694824219,47.15757369995117,1234500,PFG,yfinance,2026-02-10T05:10:16.435896+00:00
2017-06-16,65.31999969482422,65.5199966430664,65.05999755859375,65.3499984741211,47.266075134277344,1649300,PFG,yfinance,2026-02-10T05:10:16.435896+00:00
2017-06-19,65.77999877929688,66.12000274658203,65.5,65.87999725341797,47.64940643310547,838000,PFG,yfinance,2026-02-10T05:10:16.435896+00:00
2017-06-20,65.63999938964844,65.73999786376953,64.9800033569336,65.0199966430664,47.02738952636719,866300,PFG,yfinance,2026-02-10T05:10:16.435896+00:00
2017-06-21,65.13999938964844,65.13999938964844,63.790000915527344,63.86000061035156,46.18838882446289,1000700,PFG,yfinance,2026-02-10T05:10:16.435896+00:00
2017-06-22,63.47999954223633,63.47999954223633,62.310001373291016,62.689998626708984,45.34214401245117,1397100,PFG,yfinance,2026-02-10T05:10:16.435896+00:00
2017-06-23,62.90999984741211,63.08000183105469,62.400001525878906,62.58000183105469,45.26259994506836,1761500,PFG,yfinance,2026-02-10T05:10:16.435896+00:00
2017-06-26,62.849998474121094,63.4900016784668,62.61000061035156,63.060001373291016,45.60976028442383,863100,PFG,yfinance,2026-02-10T05:10:16.435896+00:00
2017-06-27,63.31999969482422,64.05000305175781,63.099998474121094,63.400001525878906,45.85567855834961,970000,PFG,yfinance,2026-02-10T05:10:16.435896+00:00
2017-06-28,63.9900016784668,64.81999969482422,63.939998626708984,64.69000244140625,46.788700103759766,928500,PFG,yfinance,2026-02-10T05:10:16.435896+00:00
2017-06-29,65.54000091552734,65.62999725341797,64.1500015258789,64.52999877929688,46.6729850769043,1383300,PFG,yfinance,2026-02-10T05:10:16.435896+00:00
2017-06-30,64.86000061035156,65.0,64.05999755859375,64.06999969482422,46.34027862548828,1376200,PFG,yfinance,2026-02-10T05:10:16.435896+00:00
2017-07-03,64.56999969482422,65.33000183105469,64.38999938964844,64.76000213623047,46.83934020996094,752700,PFG,yfinance,2026-02-10T05:10:16.435896+00:00
2017-07-05,64.80000305175781,64.8499984741211,64.16999816894531,64.25,46.4704704284668,1589800,PFG,yfinance,2026-02-10T05:10:16.435896+00:00
2017-07-06,64.27999877929688,64.81999969482422,63.93000030517578,64.12000274658203,46.376434326171875,1624500,PFG,yfinance,2026-02-10T05:10:16.435896+00:00
2017-07-07,64.37999725341797,64.9000015258789,64.16999816894531,64.61000061035156,46.730831146240234,1270200,PFG,yfinance,2026-02-10T05:10:16.435896+00:00
2017-07-10,64.56999969482422,65.56999969482422,64.45999908447266,65.36000061035156,47.2733039855957,1101900,PFG,yfinance,2026-02-10T05:10:16.435896+00:00
2017-07-11,65.41999816894531,65.68000030517578,64.93000030517578,65.16000366210938,47.12864685058594,743500,PFG,yfinance,2026-02-10T05:10:16.435896+00:00
2017-07-12,65.2699966430664,65.54000091552734,65.0999984741211,65.51000213623047,47.38180160522461,717900,PFG,yfinance,2026-02-10T05:10:16.435896+00:00
2017-07-13,65.58000183105469,66.05000305175781,65.43000030517578,65.94999694824219,47.700035095214844,795100,PFG,yfinance,2026-02-10T05:10:16.435896+00:00
2017-07-14,65.36000061035156,66.30999755859375,65.19000244140625,66.0999984741211,47.808536529541016,806500,PFG,yfinance,2026-02-10T05:10:16.435896+00:00
2017-07-17,65.98999786376953,66.47000122070312,65.61000061035156,66.33999633789062,47.98210906982422,1097400,PFG,yfinance,2026-02-10T05:10:16.435896+00:00
2017-07-18,65.94999694824219,66.56999969482422,65.87999725341797,66.41000366210938,48.032745361328125,520900,PFG,yfinance,2026-02-10T05:10:16.435896+00:00
2017-07-19,66.48999786376953,66.94999694824219,66.2300033569336,66.69999694824219,48.242488861083984,859400,PFG,yfinance,2026-02-10T05:10:16.435896+00:00
2017-07-20,66.80999755859375,66.87000274658203,65.86000061035156,65.88999938964844,47.65665054321289,1029400,PFG,yfinance,2026-02-10T05:10:16.435896+00:00
2017-07-21,65.79000091552734,66.45999908447266,65.79000091552734,66.41999816894531,48.03996276855469,681700,PFG,yfinance,2026-02-10T05:10:16.435896+00:00
2017-07-24,66.27999877929688,66.62000274658203,66.12999725341797,66.37999725341797,48.011043548583984,676600,PFG,yfinance,2026-02-10T05:10:16.435896+00:00
2017-07-25,67.0,67.5,66.66999816894531,67.16000366210938,48.57520294189453,880900,PFG,yfinance,2026-02-10T05:10:16.435896+00:00
2017-07-26,67.26000213623047,67.27999877929688,66.44999694824219,66.66000366210938,48.21357345581055,648300,PFG,yfinance,2026-02-10T05:10:16.435896+00:00
2017-07-27,66.91999816894531,67.37000274658203,66.2300033569336,66.62999725341797,48.19186019897461,810600,PFG,yfinance,2026-02-10T05:10:16.435896+00:00
2017-07-28,67.11000061035156,67.58000183105469,65.45999908447266,67.37000274658203,48.72708511352539,1095000,PFG,yfinance,2026-02-10T05:10:16.435896+00:00
2017-07-31,67.7300033569336,67.7300033569336,66.73999786376953,66.75,48.278656005859375,1243100,PFG,yfinance,2026-02-10T05:10:16.435896+00:00
2017-08-01,67.12000274658203,67.12000274658203,66.19000244140625,66.72000122070312,48.25696563720703,1241200,PFG,yfinance,2026-02-10T05:10:16.435896+00:00
2017-08-02,66.62000274658203,66.87000274658203,65.98999786376953,66.66000366210938,48.21357345581055,743100,PFG,yfinance,2026-02-10T05:10:16.435896+00:00
2017-08-03,66.41999816894531,66.75,66.2699966430664,66.55000305175781,48.133995056152344,788200,PFG,yfinance,2026-02-10T05:10:16.435896+00:00
2017-08-04,67.0,67.19000244140625,66.62000274658203,67.04000091552734,48.4884033203125,769800,PFG,yfinance,2026-02-10T05:10:16.435896+00:00
2017-08-07,67.02999877929688,67.0999984741211,66.48999786376953,66.51000213623047,48.105064392089844,588400,PFG,yfinance,2026-02-10T05:10:16.435896+00:00
2017-08-08,66.44999694824219,67.23999786376953,66.1500015258789,66.2300033569336,47.90254592895508,954600,PFG,yfinance,2026-02-10T05:10:16.435896+00:00
2017-08-09,65.79000091552734,66.18000030517578,65.55999755859375,65.98999786376953,47.72896194458008,924900,PFG,yfinance,2026-02-10T05:10:16.435896+00:00
2017-08-10,65.55999755859375,65.61000061035156,64.41999816894531,64.43000030517578,46.600669860839844,1023200,PFG,yfinance,2026-02-10T05:10:16.435896+00:00
2017-08-11,64.33999633789062,65.08999633789062,64.22000122070312,64.31999969482422,46.52109146118164,851700,PFG,yfinance,2026-02-10T05:10:16.435896+00:00
2017-08-14,64.94000244140625,65.37000274658203,64.87999725341797,65.01000213623047,47.02016067504883,678600,PFG,yfinance,2026-02-10T05:10:16.435896+00:00
2017-08-15,65.5999984741211,65.69000244140625,64.98999786376953,65.0,47.0129280090332,945800,PFG,yfinance,2026-02-10T05:10:16.435896+00:00
2017-08-16,65.33000183105469,65.54000091552734,65.06999969482422,65.16000366210938,47.12864685058594,1003800,PFG,yfinance,2026-02-10T05:10:16.435896+00:00
2017-08-17,64.91000366210938,65.11000061035156,62.81999969482422,62.93000030517578,45.51573944091797,1263300,PFG,yfinance,2026-02-10T05:10:16.435896+00:00
2017-08-18,62.70000076293945,63.27000045776367,62.38999938964844,62.93000030517578,45.51573944091797,1204700,PFG,yfinance,2026-02-10T05:10:16.435896+00:00
2017-08-21,63.0,63.06999969482422,62.47999954223633,62.72999954223633,45.37109375,753000,PFG,yfinance,2026-02-10T05:10:16.435896+00:00
2017-08-22,62.959999084472656,63.13999938964844,62.66999816894531,62.869998931884766,45.47234344482422,1101100,PFG,yfinance,2026-02-10T05:10:16.435896+00:00
2017-08-23,62.31999969482422,63.08000183105469,62.18000030517578,62.970001220703125,45.54467010498047,888500,PFG,yfinance,2026-02-10T05:10:16.435896+00:00
2017-08-24,63.38999938964844,63.5099983215332,63.029998779296875,63.06999969482422,45.617000579833984,679300,PFG,yfinance,2026-02-10T05:10:16.435896+00:00
2017-08-25,63.349998474121094,63.59000015258789,63.279998779296875,63.33000183105469,45.805057525634766,857300,PFG,yfinance,2026-02-10T05:10:16.435896+00:00
2017-08-28,63.369998931884766,63.4900016784668,63.04999923706055,63.31999969482422,45.797813415527344,614000,PFG,yfinance,2026-02-10T05:10:16.435896+00:00
2017-08-29,62.63999938964844,62.810001373291016,61.880001068115234,62.65999984741211,45.3204460144043,970700,PFG,yfinance,2026-02-10T05:10:16.435896+00:00
2017-08-30,62.33000183105469,62.720001220703125,62.310001373291016,62.560001373291016,45.5900993347168,772300,PFG,yfinance,2026-02-10T05:10:16.435896+00:00
2017-08-31,62.83000183105469,62.880001068115234,62.11000061035156,62.52000045776367,45.560943603515625,1056800,PFG,yfinance,2026-02-10T05:10:16.435896+00:00
2017-09-01,62.650001525878906,63.5099983215332,62.560001373291016,63.310001373291016,46.13666534423828,793800,PFG,yfinance,2026-02-10T05:10:16.435896+00:00
2017-09-05,62.81999969482422,63.029998779296875,61.54999923706055,61.81999969482422,45.05083084106445,1070400,PFG,yfinance,2026-02-10T05:10:16.435896+00:00
2017-09-06,62.11000061035156,62.43000030517578,61.279998779296875,61.290000915527344,44.664588928222656,1943600,PFG,yfinance,2026-02-10T05:10:16.435896+00:00
2017-09-07,61.31999969482422,61.380001068115234,59.689998626708984,59.91999816894531,43.66621017456055,1304700,PFG,yfinance,2026-02-10T05:10:16.435896+00:00
2017-09-08,59.91999816894531,60.849998474121094,59.619998931884766,60.66999816894531,44.212772369384766,1084700,PFG,yfinance,2026-02-10T05:10:16.435896+00:00
2017-09-11,61.4900016784668,62.02000045776367,61.16999816894531,61.880001068115234,45.09455108642578,1096800,PFG,yfinance,2026-02-10T05:10:16.435896+00:00
2017-09-12,62.2599983215332,62.66999816894531,62.119998931884766,62.470001220703125,45.52450942993164,667300,PFG,yfinance,2026-02-10T05:10:16.435896+00:00
2017-09-13,62.27000045776367,62.40999984741211,62.040000915527344,62.25,45.36417770385742,726500,PFG,yfinance,2026-02-10T05:10:16.435896+00:00
2017-09-14,62.2599983215332,62.45000076293945,61.75,62.0099983215332,45.18928527832031,1056300,PFG,yfinance,2026-02-10T05:10:16.435896+00:00
2017-09-15,61.81999969482422,62.560001373291016,61.810001373291016,62.5099983215332,45.553653717041016,1364400,PFG,yfinance,2026-02-10T05:10:16.435896+00:00
2017-09-18,62.779998779296875,62.91999816894531,62.31999969482422,62.41999816894531,45.488059997558594,989700,PFG,yfinance,2026-02-10T05:10:16.435896+00:00
2017-09-19,62.380001068115234,63.0099983215332,62.349998474121094,62.900001525878906,45.837860107421875,912800,PFG,yfinance,2026-02-10T05:10:16.435896+00:00
2017-09-20,63.11000061035156,63.279998779296875,62.400001525878906,63.119998931884766,45.998191833496094,630800,PFG,yfinance,2026-02-10T05:10:16.435896+00:00
2017-09-21,63.130001068115234,63.40999984741211,62.900001525878906,62.93000030517578,45.8597297668457,917000,PFG,yfinance,2026-02-10T05:10:16.435896+00:00
2017-09-22,62.849998474121094,63.40999984741211,62.68000030517578,63.119998931884766,45.998191833496094,867600,PFG,yfinance,2026-02-10T05:10:16.435896+00:00
2017-09-25,62.959999084472656,63.40999984741211,62.709999084472656,63.380001068115234,46.187652587890625,644500,PFG,yfinance,2026-02-10T05:10:16.435896+00:00
2017-09-26,63.400001525878906,63.470001220703125,63.0099983215332,63.36000061035156,46.17308807373047,651300,PFG,yfinance,2026-02-10T05:10:16.435896+00:00
2017-09-27,64.13999938964844,64.75,63.93000030517578,64.5199966430664,47.01842498779297,1085100,PFG,yfinance,2026-02-10T05:10:16.435896+00:00
2017-09-28,64.52999877929688,64.58000183105469,63.720001220703125,64.0,46.63948440551758,793100,PFG,yfinance,2026-02-10T05:10:16.435896+00:00
2017-09-29,63.810001373291016,64.48999786376953,63.810001373291016,64.33999633789062,46.88725662231445,1021300,PFG,yfinance,2026-02-10T05:10:16.435896+00:00
2017-10-02,64.62000274658203,65.11000061035156,64.45999908447266,64.91999816894531,47.309913635253906,1149900,PFG,yfinance,2026-02-10T05:10:16.435896+00:00
2017-10-03,64.93000030517578,65.36000061035156,64.5199966430664,65.33999633789062,47.61598205566406,1342600,PFG,yfinance,2026-02-10T05:10:16.435896+00:00
2017-10-04,65.43000030517578,65.98999786376953,65.27999877929688,65.81999969482422,47.965797424316406,910100,PFG,yfinance,2026-02-10T05:10:16.435896+00:00
2017-10-05,65.83999633789062,66.88999938964844,65.62999725341797,66.56999969482422,48.512351989746094,940600,PFG,yfinance,2026-02-10T05:10:16.435896+00:00
2017-10-06,66.80000305175781,66.9800033569336,66.12999725341797,66.6500015258789,48.570648193359375,724300,PFG,yfinance,2026-02-10T05:10:16.435896+00:00
2017-10-09,66.7699966430664,66.79000091552734,66.33999633789062,66.58999633789062,48.52691650390625,479500,PFG,yfinance,2026-02-10T05:10:16.435896+00:00
2017-10-10,66.66000366210938,67.5199966430664,66.61000061035156,67.5,49.1900749206543,806000,PFG,yfinance,2026-02-10T05:10:16.435896+00:00
2017-10-11,67.30999755859375,67.4800033569336,66.94999694824219,67.30000305175781,49.044342041015625,663700,PFG,yfinance,2026-02-10T05:10:16.435896+00:00
2017-10-12,67.0999984741211,67.58999633789062,66.95999908447266,67.33000183105469,49.066192626953125,879300,PFG,yfinance,2026-02-10T05:10:16.435896+00:00
2017-10-13,67.44000244140625,67.94999694824219,67.1500015258789,67.20999908447266,48.97874450683594,723300,PFG,yfinance,2026-02-10T05:10:16.435896+00:00
2017-10-16,67.37000274658203,67.54000091552734,67.19000244140625,67.31999969482422,49.058902740478516,629400,PFG,yfinance,2026-02-10T05:10:16.435896+00:00
2017-10-17,67.43000030517578,67.61000061035156,67.08000183105469,67.56999969482422,49.2410888671875,905700,PFG,yfinance,2026-02-10T05:10:16.435896+00:00
2017-10-18,67.80000305175781,68.01000213623047,67.56999969482422,67.9000015258789,49.481571197509766,860500,PFG,yfinance,2026-02-10T05:10:16.435896+00:00
2017-10-19,67.55999755859375,68.18000030517578,67.38999938964844,68.16999816894531,49.6783332824707,667500,PFG,yfinance,2026-02-10T05:10:16.435896+00:00
2017-10-20,68.87000274658203,68.9000015258789,67.70999908447266,67.75,49.37226104736328,1063600,PFG,yfinance,2026-02-10T05:10:16.435896+00:00
2017-10-23,68.05000305175781,68.31999969482422,67.51000213623047,68.2699966430664,49.75120162963867,893900,PFG,yfinance,2026-02-10T05:10:16.435896+00:00
2017-10-24,68.4000015258789,68.66000366210938,67.86000061035156,68.56999969482422,49.96982955932617,1032600,PFG,yfinance,2026-02-10T05:10:16.435896+00:00
2017-10-25,68.75,68.7699966430664,67.25,67.68000030517578,49.32125473022461,1049000,PFG,yfinance,2026-02-10T05:10:16.435896+00:00
2017-10-26,68.22000122070312,68.30000305175781,67.6500015258789,68.19999694824219,49.700191497802734,1005700,PFG,yfinance,2026-02-10T05:10:16.435896+00:00
2017-10-27,67.58999633789062,69.19999694824219,66.62999725341797,68.0999984741211,49.6273193359375,1270100,PFG,yfinance,2026-02-10T05:10:16.435896+00:00
2017-10-30,67.80999755859375,67.83000183105469,66.44000244140625,66.5199966430664,48.47591018676758,1003600,PFG,yfinance,2026-02-10T05:10:16.435896+00:00
2017-10-31,66.62000274658203,67.12999725341797,65.80000305175781,65.8499984741211,47.9876594543457,1404500,PFG,yfinance,2026-02-10T05:10:16.435896+00:00
2017-11-01,66.20999908447266,67.20999908447266,65.9800033569336,67.12999725341797,48.920433044433594,1694200,PFG,yfinance,2026-02-10T05:10:16.435896+00:00
2017-11-02,67.2699966430664,69.4000015258789,66.94999694824219,68.88999938964844,50.20301818847656,2275800,PFG,yfinance,2026-02-10T05:10:16.435896+00:00
2017-11-03,68.66999816894531,68.81999969482422,68.19000244140625,68.31999969482422,49.78763961791992,1262000,PFG,yfinance,2026-02-10T05:10:16.435896+00:00
2017-11-06,68.02999877929688,69.45999908447266,68.0,69.22000122070312,50.443511962890625,1026000,PFG,yfinance,2026-02-10T05:10:16.435896+00:00
2017-11-07,69.25,69.94999694824219,68.86000061035156,69.11000061035156,50.363365173339844,1459300,PFG,yfinance,2026-02-10T05:10:16.435896+00:00
2017-11-08,68.9000015258789,68.98999786376953,67.69999694824219,68.48999786376953,49.91154098510742,1429800,PFG,yfinance,2026-02-10T05:10:16.435896+00:00
2017-11-09,68.0199966430664,68.61000061035156,67.30999755859375,68.41999816894531,49.86051940917969,1677400,PFG,yfinance,2026-02-10T05:10:16.435896+00:00
2017-11-10,68.3499984741211,68.52999877929688,67.61000061035156,68.05999755859375,49.598167419433594,839700,PFG,yfinance,2026-02-10T05:10:16.435896+00:00
2017-11-13,67.61000061035156,68.52999877929688,67.56999969482422,68.02999877929688,49.5763053894043,1484300,PFG,yfinance,2026-02-10T05:10:16.435896+00:00
2017-11-14,67.68000030517578,68.44999694824219,67.4800033569336,68.33000183105469,49.79492950439453,1729600,PFG,yfinance,2026-02-10T05:10:16.435896+00:00
2017-11-15,67.58000183105469,68.8499984741211,67.27999877929688,68.56999969482422,49.96982955932617,1361300,PFG,yfinance,2026-02-10T05:10:16.435896+00:00
2017-11-16,68.80000305175781,69.1500015258789,68.30999755859375,68.38999938964844,49.838653564453125,1229000,PFG,yfinance,2026-02-10T05:10:16.435896+00:00
2017-11-17,68.04000091552734,68.94000244140625,67.91999816894531,68.63999938964844,50.020851135253906,849900,PFG,yfinance,2026-02-10T05:10:16.435896+00:00
2017-11-20,68.83999633789062,69.12000274658203,68.58999633789062,68.81999969482422,50.15201187133789,616900,PFG,yfinance,2026-02-10T05:10:16.435896+00:00
2017-11-21,69.08000183105469,69.3499984741211,68.4000015258789,68.55000305175781,49.955257415771484,777000,PFG,yfinance,2026-02-10T05:10:16.435896+00:00
2017-11-22,68.63999938964844,68.86000061035156,68.30999755859375,68.4000015258789,49.845943450927734,443200,PFG,yfinance,2026-02-10T05:10:16.435896+00:00
2017-11-24,68.56999969482422,68.8499984741211,68.27999877929688,68.6500015258789,50.02812957763672,416000,PFG,yfinance,2026-02-10T05:10:16.435896+00:00
2017-11-27,68.66999816894531,68.87000274658203,68.44999694824219,68.68000030517578,50.05000305175781,968600,PFG,yfinance,2026-02-10T05:10:16.435896+00:00
2017-11-28,68.87999725341797,70.26000213623047,68.76000213623047,70.05000305175781,51.04836654663086,1073500,PFG,yfinance,2026-02-10T05:10:16.435896+00:00
2017-11-29,70.4800033569336,72.18000030517578,70.41000366210938,71.54000091552734,52.13418960571289,1407700,PFG,yfinance,2026-02-10T05:10:16.435896+00:00
2017-11-30,72.0,72.2300033569336,70.77999877929688,70.79000091552734,51.587642669677734,2295100,PFG,yfinance,2026-02-10T05:10:16.435896+00:00
2017-12-01,70.56999969482422,70.56999969482422,68.27999877929688,70.5199966430664,51.74906921386719,1577500,PFG,yfinance,2026-02-10T05:10:16.435896+00:00
2017-12-04,71.30999755859375,71.88999938964844,70.83999633789062,70.8499984741211,51.99124526977539,1103200,PFG,yfinance,2026-02-10T05:10:16.435896+00:00
2017-12-05,71.11000061035156,71.62000274658203,70.56999969482422,70.68000030517578,51.86648941040039,1218600,PFG,yfinance,2026-02-10T05:10:16.435896+00:00
2017-12-06,70.66000366210938,71.5,70.54000091552734,70.81999969482422,51.969242095947266,945700,PFG,yfinance,2026-02-10T05:10:16.435896+00:00
2017-12-07,70.4800033569336,71.48999786376953,70.45999908447266,70.98999786376953,52.09396743774414,984200,PFG,yfinance,2026-02-10T05:10:16.435896+00:00
2017-12-08,71.30000305175781,71.80999755859375,70.76000213623047,71.76000213623047,52.659019470214844,803100,PFG,yfinance,2026-02-10T05:10:16.435896+00:00
2017-12-11,71.69000244140625,71.80000305175781,71.0,71.52999877929688,52.490238189697266,849600,PFG,yfinance,2026-02-10T05:10:16.435896+00:00
2017-12-12,71.58000183105469,71.80999755859375,70.18000030517578,70.77999877929688,51.939857482910156,1385400,PFG,yfinance,2026-02-10T05:10:16.435896+00:00
2017-12-13,70.76000213623047,71.04000091552734,70.23999786376953,70.25,51.55094909667969,1024600,PFG,yfinance,2026-02-10T05:10:16.435896+00:00
2017-12-14,70.41000366210938,70.54000091552734,69.75,69.88999938964844,51.286766052246094,1089300,PFG,yfinance,2026-02-10T05:10:16.435896+00:00
2017-12-15,70.2300033569336,70.93000030517578,69.91999816894531,70.37000274658203,51.639015197753906,2075300,PFG,yfinance,2026-02-10T05:10:16.435896+00:00
2017-12-18,70.37000274658203,70.37000274658203,70.37000274658203,70.37000274658203,51.639015197753906,0,PFG,yfinance,2026-02-10T05:10:16.435896+00:00
2017-12-19,71.0999984741211,71.41999816894531,70.5199966430664,70.86000061035156,51.99858093261719,1092700,PFG,yfinance,2026-02-10T05:10:16.435896+00:00
2017-12-20,71.41999816894531,71.66000366210938,70.72000122070312,71.25,52.28476333618164,1207300,PFG,yfinance,2026-02-10T05:10:16.435896+00:00
2017-12-21,71.70999908447266,72.04000091552734,71.13999938964844,71.23999786376953,52.27742385864258,891000,PFG,yfinance,2026-02-10T05:10:16.435896+00:00
2017-12-22,71.56999969482422,71.87999725341797,70.83000183105469,71.26000213623047,52.292110443115234,702900,PFG,yfinance,2026-02-10T05:10:16.435896+00:00
2017-12-26,71.45999908447266,71.86000061035156,71.0199966430664,71.33000183105469,52.343467712402344,433100,PFG,yfinance,2026-02-10T05:10:16.435896+00:00
2017-12-27,71.38999938964844,71.56999969482422,70.9000015258789,71.06999969482422,52.15266799926758,476600,PFG,yfinance,2026-02-10T05:10:16.435896+00:00
2017-12-28,71.16999816894531,71.43000030517578,70.95999908447266,71.38999938964844,52.38749694824219,602900,PFG,yfinance,2026-02-10T05:10:16.435896+00:00
2017-12-29,71.4800033569336,71.61000061035156,70.52999877929688,70.55999755859375,51.77843475341797,702000,PFG,yfinance,2026-02-10T05:10:16.435896+00:00
2018-01-02,71.18000030517578,71.31999969482422,69.91999816894531,70.37999725341797,51.6463508605957,760300,PFG,yfinance,2026-02-10T05:10:16.435896+00:00
2018-01-03,70.0,70.69000244140625,70.0,70.52999877929688,51.75642013549805,706800,PFG,yfinance,2026-02-10T05:10:16.435896+00:00
2018-01-04,70.76000213623047,71.75,70.69999694824219,71.44999694824219,52.4315299987793,908000,PFG,yfinance,2026-02-10T05:10:16.435896+00:00
2018-01-05,71.55999755859375,72.20999908447266,71.33999633789062,72.0,52.83512878417969,1069400,PFG,yfinance,2026-02-10T05:10:16.435896+00:00
2018-01-08,71.91999816894531,72.25,71.36000061035156,72.20999908447266,52.989227294921875,962000,PFG,yfinance,2026-02-10T05:10:16.435896+00:00
2018-01-09,72.20999908447266,73.54000091552734,72.12000274658203,72.97000122070312,53.546939849853516,1477400,PFG,yfinance,2026-02-10T05:10:16.435896+00:00
2018-01-10,73.0199966430664,74.05000305175781,72.79000091552734,73.37999725341797,53.84780502319336,1329600,PFG,yfinance,2026-02-10T05:10:16.435896+00:00
2018-01-11,73.72000122070312,74.01000213623047,73.26000213623047,73.87999725341797,54.214717864990234,1147600,PFG,yfinance,2026-02-10T05:10:16.435896+00:00
2018-01-12,74.08999633789062,74.4000015258789,73.61000061035156,74.20999908447266,54.45687484741211,1043200,PFG,yfinance,2026-02-10T05:10:16.435896+00:00
2018-01-16,74.43000030517578,74.80000305175781,72.2699966430664,72.9000015258789,53.495574951171875,1440000,PFG,yfinance,2026-02-10T05:10:16.435896+00:00
2018-01-17,73.31999969482422,73.80000305175781,72.80000305175781,73.44999694824219,53.89918518066406,1015800,PFG,yfinance,2026-02-10T05:10:16.435896+00:00
2018-01-18,73.58000183105469,73.94999694824219,73.3499984741211,73.4800033569336,53.92119216918945,924000,PFG,yfinance,2026-02-10T05:10:16.435896+00:00
2018-01-19,73.77999877929688,74.29000091552734,73.4000015258789,74.05000305175781,54.33946228027344,1364700,PFG,yfinance,2026-02-10T05:10:16.435896+00:00
2018-01-22,74.0999984741211,74.29000091552734,73.48999786376953,73.97000122070312,54.28075408935547,1008800,PFG,yfinance,2026-02-10T05:10:16.435896+00:00
2018-01-23,73.61000061035156,73.94000244140625,73.08000183105469,73.55999755859375,53.97988510131836,1119400,PFG,yfinance,2026-02-10T05:10:16.435896+00:00
2018-01-24,73.94000244140625,74.19999694824219,73.51000213623047,74.0,54.302772521972656,1000300,PFG,yfinance,2026-02-10T05:10:16.435896+00:00
2018-01-25,74.26000213623047,74.41999816894531,73.83999633789062,74.26000213623047,54.49359130859375,1508700,PFG,yfinance,2026-02-10T05:10:16.435896+00:00
2018-01-26,74.3499984741211,75.05999755859375,73.79000091552734,75.04000091552734,55.06595993041992,1203900,PFG,yfinance,2026-02-10T05:10:16.435896+00:00
2018-01-29,74.91999816894531,75.58000183105469,74.33000183105469,74.5,54.66969680786133,1726700,PFG,yfinance,2026-02-10T05:10:16.435896+00:00
2018-01-30,70.0,72.08000183105469,68.01000213623047,68.5,50.26675796508789,3470300,PFG,yfinance,2026-02-10T05:10:16.435896+00:00
2018-01-31,68.5999984741211,69.05000305175781,67.33999633789062,67.5999984741211,49.606319427490234,2510900,PFG,yfinance,2026-02-10T05:10:16.435896+00:00
2018-02-01,67.33999633789062,68.5999984741211,67.33999633789062,68.45999908447266,50.23741149902344,1866300,PFG,yfinance,2026-02-10T05:10:16.435896+00:00
2018-02-02,68.08999633789062,68.88999938964844,66.29000091552734,66.3499984741211,48.689048767089844,1352500,PFG,yfinance,2026-02-10T05:10:16.435896+00:00
2018-02-05,65.25,66.5,63.25,63.54999923706055,46.634342193603516,2105500,PFG,yfinance,2026-02-10T05:10:16.435896+00:00
2018-02-06,62.400001525878906,64.91000366210938,61.369998931884766,64.54000091552734,47.36083221435547,2585200,PFG,yfinance,2026-02-10T05:10:16.435896+00:00
2018-02-07,64.0999984741211,65.48999786376953,63.849998474121094,63.91999816894531,46.905860900878906,1630400,PFG,yfinance,2026-02-10T05:10:16.435896+00:00
2018-02-08,63.41999816894531,63.79999923706055,60.369998931884766,60.380001068115234,44.30813980102539,2232800,PFG,yfinance,2026-02-10T05:10:16.435896+00:00
2018-02-09,61.310001373291016,61.93000030517578,59.25,61.38999938964844,45.04928970336914,2062600,PFG,yfinance,2026-02-10T05:10:16.435896+00:00
2018-02-12,62.25,64.87000274658203,60.619998931884766,61.84000015258789,45.379512786865234,2108900,PFG,yfinance,2026-02-10T05:10:16.435896+00:00
2018-02-13,61.65999984741211,61.900001525878906,61.04999923706055,61.720001220703125,45.29145050048828,1223300,PFG,yfinance,2026-02-10T05:10:16.435896+00:00
2018-02-14,61.5099983215332,63.47999954223633,61.2400016784668,63.27000045776367,46.428871154785156,1403700,PFG,yfinance,2026-02-10T05:10:16.435896+00:00
2018-02-15,63.66999816894531,64.44000244140625,62.209999084472656,62.869998931884766,46.135345458984375,1890500,PFG,yfinance,2026-02-10T05:10:16.435896+00:00
2018-02-16,62.45000076293945,63.5,62.220001220703125,63.04999923706055,46.267433166503906,1643700,PFG,yfinance,2026-02-10T05:10:16.435896+00:00
2018-02-20,62.560001373291016,63.349998474121094,62.41999816894531,62.70000076293945,46.01059341430664,1444800,PFG,yfinance,2026-02-10T05:10:16.435896+00:00
2018-02-21,62.779998779296875,64.41999816894531,62.779998779296875,63.29999923706055,46.45088577270508,1715400,PFG,yfinance,2026-02-10T05:10:16.435896+00:00
2018-02-22,63.43000030517578,63.790000915527344,62.150001525878906,62.369998931884766,45.768428802490234,1680200,PFG,yfinance,2026-02-10T05:10:16.435896+00:00
2018-02-23,62.77000045776367,63.2400016784668,62.40999984741211,63.150001525878906,46.340816497802734,984400,PFG,yfinance,2026-02-10T05:10:16.435896+00:00
2018-02-26,63.540000915527344,64.08999633789062,63.279998779296875,63.97999954223633,46.949886322021484,1157200,PFG,yfinance,2026-02-10T05:10:16.435896+00:00
2018-02-27,63.779998779296875,64.7300033569336,63.560001373291016,63.56999969482422,46.64902114868164,1412000,PFG,yfinance,2026-02-10T05:10:16.435896+00:00
2018-02-28,63.810001373291016,64.16999816894531,62.31999969482422,62.33000183105469,45.739078521728516,1914000,PFG,yfinance,2026-02-10T05:10:16.435896+00:00
2018-03-01,62.369998931884766,62.86000061035156,61.029998779296875,61.189998626708984,44.902530670166016,2860000,PFG,yfinance,2026-02-10T05:10:16.435896+00:00
2018-03-02,60.45000076293945,61.25,59.41999816894531,61.09000015258789,45.20591735839844,1467300,PFG,yfinance,2026-02-10T05:10:16.435896+00:00
2018-03-05,60.52000045776367,61.86000061035156,60.08000183105469,61.369998931884766,45.413124084472656,2383300,PFG,yfinance,2026-02-10T05:10:16.435896+00:00
2018-03-06,61.7599983215332,62.0,61.130001068115234,61.59000015258789,45.57590866088867,1223500,PFG,yfinance,2026-02-10T05:10:16.435896+00:00
2018-03-07,60.869998931884766,61.81999969482422,60.689998626708984,61.58000183105469,45.568511962890625,1631300,PFG,yfinance,2026-02-10T05:10:16.435896+00:00
2018-03-08,61.63999938964844,61.790000915527344,60.65999984741211,61.369998931884766,45.413124084472656,2066600,PFG,yfinance,2026-02-10T05:10:16.435896+00:00
2018-03-09,61.7599983215332,63.150001525878906,61.720001220703125,63.04999923706055,46.65630340576172,2041700,PFG,yfinance,2026-02-10T05:10:16.435896+00:00
2018-03-12,63.119998931884766,63.40999984741211,62.83000183105469,63.04999923706055,46.65630340576172,1376900,PFG,yfinance,2026-02-10T05:10:16.435896+00:00
2018-03-13,63.459999084472656,63.58000183105469,62.5099983215332,62.68000030517578,46.38250732421875,1552300,PFG,yfinance,2026-02-10T05:10:16.435896+00:00
2018-03-14,63.13999938964844,63.13999938964844,61.810001373291016,62.04999923706055,45.91630935668945,896100,PFG,yfinance,2026-02-10T05:10:16.435896+00:00
2018-03-15,62.2599983215332,62.56999969482422,61.939998626708984,61.970001220703125,45.857112884521484,1100400,PFG,yfinance,2026-02-10T05:10:16.435896+00:00
2018-03-16,62.25,62.86000061035156,61.849998474121094,62.11000061035156,45.96071243286133,2401000,PFG,yfinance,2026-02-10T05:10:16.435896+00:00
2018-03-19,62.119998931884766,62.43000030517578,61.040000915527344,61.619998931884766,45.59811019897461,1359300,PFG,yfinance,2026-02-10T05:10:16.435896+00:00
2018-03-20,61.95000076293945,62.43000030517578,61.63999938964844,61.7400016784668,45.686920166015625,1004500,PFG,yfinance,2026-02-10T05:10:16.435896+00:00
2018-03-21,61.88999938964844,62.9900016784668,61.63999938964844,62.20000076293945,46.027313232421875,1150900,PFG,yfinance,2026-02-10T05:10:16.435896+00:00
2018-03-22,61.38999938964844,62.869998931884766,59.84000015258789,59.93000030517578,44.34752655029297,3352600,PFG,yfinance,2026-02-10T05:10:16.435896+00:00
2018-03-23,60.2599983215332,60.380001068115234,57.619998931884766,57.7599983215332,42.74176025390625,1509500,PFG,yfinance,2026-02-10T05:10:16.435896+00:00
2018-03-26,58.599998474121094,59.5,57.95000076293945,59.22999954223633,43.82954025268555,2198700,PFG,yfinance,2026-02-10T05:10:16.435896+00:00
2018-03-27,59.27000045776367,60.2599983215332,58.380001068115234,58.790000915527344,43.50395202636719,1628800,PFG,yfinance,2026-02-10T05:10:16.435896+00:00
2018-03-28,58.97999954223633,59.83000183105469,58.369998931884766,59.400001525878906,43.955345153808594,1778400,PFG,yfinance,2026-02-10T05:10:16.435896+00:00
2018-03-29,59.540000915527344,61.27000045776367,59.11000061035156,60.90999984741211,45.07273864746094,2544800,PFG,yfinance,2026-02-10T05:10:16.435896+00:00
2018-04-02,60.619998931884766,61.41999816894531,58.5,59.41999816894531,43.97013473510742,3180400,PFG,yfinance,2026-02-10T05:10:16.435896+00:00
2018-04-03,59.68000030517578,60.33000183105469,59.02000045776367,60.189998626708984,44.53993225097656,2643700,PFG,yfinance,2026-02-10T05:10:16.435896+00:00
2018-04-04,59.290000915527344,61.25,58.7599983215332,61.040000915527344,45.168922424316406,1991200,PFG,yfinance,2026-02-10T05:10:16.435896+00:00
2018-04-05,61.34000015258789,61.61000061035156,60.9900016784668,61.310001373291016,45.368717193603516,1952300,PFG,yfinance,2026-02-10T05:10:16.435896+00:00
2018-04-06,60.689998626708984,61.18000030517578,58.93000030517578,59.61000061035156,44.11073684692383,2293100,PFG,yfinance,2026-02-10T05:10:16.435896+00:00
2018-04-09,59.84000015258789,60.72999954223633,59.560001373291016,59.630001068115234,44.12553787231445,1737400,PFG,yfinance,2026-02-10T05:10:16.435896+00:00
2018-04-10,60.380001068115234,61.459999084472656,60.2599983215332,61.06999969482422,45.19112777709961,1923500,PFG,yfinance,2026-02-10T05:10:16.435896+00:00
2018-04-11,60.33000183105469,60.84000015258789,60.09000015258789,60.18000030517578,44.532535552978516,2129700,PFG,yfinance,2026-02-10T05:10:16.435896+00:00
2018-04-12,60.689998626708984,61.38999938964844,60.349998474121094,61.04999923706055,45.17631530761719,1219600,PFG,yfinance,2026-02-10T05:10:16.435896+00:00
2018-04-13,61.77000045776367,61.9900016784668,60.43000030517578,60.650001525878906,44.88032913208008,1850200,PFG,yfinance,2026-02-10T05:10:16.435896+00:00
2018-04-16,60.959999084472656,61.529998779296875,60.599998474121094,61.060001373291016,45.18372344970703,1819200,PFG,yfinance,2026-02-10T05:10:16.435896+00:00
2018-04-17,61.689998626708984,61.689998626708984,60.029998779296875,60.25,44.584320068359375,3484300,PFG,yfinance,2026-02-10T05:10:16.435896+00:00
2018-04-18,60.41999816894531,61.27000045776367,60.380001068115234,60.88999938964844,45.057926177978516,1792900,PFG,yfinance,2026-02-10T05:10:16.435896+00:00
2018-04-19,60.900001525878906,61.5,60.619998931884766,61.0,45.139320373535156,1246700,PFG,yfinance,2026-02-10T05:10:16.435896+00:00
2018-04-20,61.189998626708984,61.33000183105469,60.47999954223633,60.88999938964844,45.057926177978516,1832200,PFG,yfinance,2026-02-10T05:10:16.435896+00:00
2018-04-23,61.16999816894531,61.66999816894531,60.970001220703125,61.459999084472656,45.47971725463867,1627400,PFG,yfinance,2026-02-10T05:10:16.435896+00:00
2018-04-24,61.54999923706055,62.06999969482422,60.58000183105469,61.04999923706055,45.17631530761719,1950200,PFG,yfinance,2026-02-10T05:10:16.435896+00:00
2018-04-25,61.20000076293945,61.41999816894531,60.560001373291016,61.08000183105469,45.19852828979492,1178100,PFG,yfinance,2026-02-10T05:10:16.435896+00:00
2018-04-26,61.18000030517578,61.869998931884766,60.720001220703125,61.27000045776367,45.339115142822266,1155800,PFG,yfinance,2026-02-10T05:10:16.435896+00:00
2018-04-27,60.0,61.45000076293945,58.779998779296875,60.459999084472656,44.739723205566406,2129500,PFG,yfinance,2026-02-10T05:10:16.435896+00:00
2018-04-30,60.52000045776367,60.66999816894531,59.209999084472656,59.220001220703125,43.82215118408203,1960700,PFG,yfinance,2026-02-10T05:10:16.435896+00:00
2018-05-01,59.04999923706055,59.41999816894531,58.06999969482422,58.29999923706055,43.141353607177734,1443600,PFG,yfinance,2026-02-10T05:10:16.435896+00:00
2018-05-02,58.150001525878906,58.56999969482422,56.63999938964844,56.79999923706055,42.03137969970703,2199800,PFG,yfinance,2026-02-10T05:10:16.435896+00:00
2018-05-03,56.38999938964844,56.77000045776367,54.88999938964844,55.84000015258789,41.32097625732422,2063700,PFG,yfinance,2026-02-10T05:10:16.435896+00:00
2018-05-04,55.459999084472656,57.38999938964844,55.310001373291016,57.150001525878906,42.29037094116211,1018800,PFG,yfinance,2026-02-10T05:10:16.435896+00:00
2018-05-07,57.16999816894531,57.40999984741211,56.79999923706055,57.15999984741211,42.297760009765625,958800,PFG,yfinance,2026-02-10T05:10:16.435896+00:00
2018-05-08,57.2599983215332,57.65999984741211,57.0,57.43000030517578,42.497562408447266,1808800,PFG,yfinance,2026-02-10T05:10:16.435896+00:00
2018-05-09,57.810001373291016,58.130001068115234,56.939998626708984,57.720001220703125,42.712154388427734,1428800,PFG,yfinance,2026-02-10T05:10:16.435896+00:00
2018-05-10,57.869998931884766,59.029998779296875,57.470001220703125,58.75,43.474334716796875,1447800,PFG,yfinance,2026-02-10T05:10:16.435896+00:00
2018-05-11,58.88999938964844,59.56999969482422,58.75,59.029998779296875,43.68153762817383,1111300,PFG,yfinance,2026-02-10T05:10:16.435896+00:00
2018-05-14,59.06999969482422,59.560001373291016,58.970001220703125,59.11000061035156,43.74073791503906,820300,PFG,yfinance,2026-02-10T05:10:16.435896+00:00
2018-05-15,58.86000061035156,59.68000030517578,58.720001220703125,59.15999984741211,43.77773666381836,1739500,PFG,yfinance,2026-02-10T05:10:16.435896+00:00
2018-05-16,59.06999969482422,59.58000183105469,58.849998474121094,59.43000030517578,43.97754669189453,1291400,PFG,yfinance,2026-02-10T05:10:16.435896+00:00
2018-05-17,59.209999084472656,59.9900016784668,59.209999084472656,59.59000015258789,44.09592819213867,1942100,PFG,yfinance,2026-02-10T05:10:16.435896+00:00
2018-05-18,59.40999984741211,59.40999984741211,58.52000045776367,58.79999923706055,43.511348724365234,1482800,PFG,yfinance,2026-02-10T05:10:16.435896+00:00
2018-05-21,58.9900016784668,59.380001068115234,58.810001373291016,59.18000030517578,43.79255676269531,1923400,PFG,yfinance,2026-02-10T05:10:16.435896+00:00
2018-05-22,59.290000915527344,60.369998931884766,59.20000076293945,59.959999084472656,44.369728088378906,1171000,PFG,yfinance,2026-02-10T05:10:16.435896+00:00
2018-05-23,59.459999084472656,59.54999923706055,58.630001068115234,59.40999984741211,43.962738037109375,1214800,PFG,yfinance,2026-02-10T05:10:16.435896+00:00
2018-05-24,59.369998931884766,59.369998931884766,57.81999969482422,58.56999969482422,43.34114074707031,1140900,PFG,yfinance,2026-02-10T05:10:16.435896+00:00
2018-05-25,58.290000915527344,58.5099983215332,57.869998931884766,58.22999954223633,43.08954620361328,881300,PFG,yfinance,2026-02-10T05:10:16.435896+00:00
2018-05-29,57.77000045776367,57.779998779296875,54.91999816894531,55.2400016784668,40.876991271972656,1596400,PFG,yfinance,2026-02-10T05:10:16.435896+00:00
2018-05-30,55.81999969482422,56.75,55.689998626708984,56.36000061035156,41.70577621459961,1480500,PFG,yfinance,2026-02-10T05:10:16.435896+00:00
2018-05-31,56.34000015258789,56.349998474121094,55.5,55.79999923706055,41.29137420654297,1897400,PFG,yfinance,2026-02-10T05:10:16.435896+00:00
2018-06-01,55.9900016784668,56.779998779296875,55.83000183105469,56.45000076293945,42.16531753540039,1387300,PFG,yfinance,2026-02-10T05:10:16.435896+00:00
2018-06-04,56.5099983215332,56.81999969482422,56.099998474121094,56.189998626708984,41.971099853515625,891400,PFG,yfinance,2026-02-10T05:10:16.435896+00:00
2018-06-05,56.02000045776367,56.09000015258789,54.88999938964844,55.959999084472656,41.79929733276367,1932800,PFG,yfinance,2026-02-10T05:10:16.435896+00:00
2018-06-06,56.279998779296875,56.95000076293945,56.040000915527344,56.90999984741211,42.5089111328125,1328900,PFG,yfinance,2026-02-10T05:10:16.435896+00:00
2018-06-07,57.20000076293945,57.2599983215332,56.38999938964844,56.63999938964844,42.30723571777344,1152400,PFG,yfinance,2026-02-10T05:10:16.435896+00:00
2018-06-08,56.63999938964844,56.63999938964844,56.63999938964844,56.63999938964844,42.30723571777344,0,PFG,yfinance,2026-02-10T05:10:16.435896+00:00
2018-06-11,56.95000076293945,57.86000061035156,56.81999969482422,57.36000061035156,42.84503173828125,1133400,PFG,yfinance,2026-02-10T05:10:16.435896+00:00
2018-06-12,57.380001068115234,57.619998931884766,56.540000915527344,56.7599983215332,42.3968620300293,1372600,PFG,yfinance,2026-02-10T05:10:16.435896+00:00
2018-06-13,56.95000076293945,57.459999084472656,56.540000915527344,56.56999969482422,42.254947662353516,1323000,PFG,yfinance,2026-02-10T05:10:16.435896+00:00
2018-06-14,56.75,57.5,55.9900016784668,56.2599983215332,42.02338790893555,1347500,PFG,yfinance,2026-02-10T05:10:16.435896+00:00
2018-06-15,56.25,56.720001220703125,55.119998931884766,56.400001525878906,42.12797164916992,4352800,PFG,yfinance,2026-02-10T05:10:16.435896+00:00
2018-06-18,55.900001525878906,56.11000061035156,55.45000076293945,56.04999923706055,41.86653137207031,1159200,PFG,yfinance,2026-02-10T05:10:16.435896+00:00
2018-06-19,55.68000030517578,55.9900016784668,55.34000015258789,55.779998779296875,41.66485595703125,1210400,PFG,yfinance,2026-02-10T05:10:16.435896+00:00
2018-06-20,56.09000015258789,56.290000915527344,55.529998779296875,55.93000030517578,41.77688980102539,1507300,PFG,yfinance,2026-02-10T05:10:16.435896+00:00
2018-06-21,55.75,55.9900016784668,55.40999984741211,55.63999938964844,41.56028747558594,1587600,PFG,yfinance,2026-02-10T05:10:16.435896+00:00
2018-06-22,56.0099983215332,56.33000183105469,55.619998931884766,55.65999984741211,41.57522201538086,1970600,PFG,yfinance,2026-02-10T05:10:16.435896+00:00
2018-06-25,55.400001525878906,55.400001525878906,54.5,54.849998474121094,40.970191955566406,1302900,PFG,yfinance,2026-02-10T05:10:16.435896+00:00
2018-06-26,54.970001220703125,55.0,53.97999954223633,54.16999816894531,40.46225357055664,1139200,PFG,yfinance,2026-02-10T05:10:16.435896+00:00
2018-06-27,54.290000915527344,54.290000915527344,52.54999923706055,52.58000183105469,39.274620056152344,1559100,PFG,yfinance,2026-02-10T05:10:16.435896+00:00
2018-06-28,52.70000076293945,53.04999923706055,52.310001373291016,52.970001220703125,39.56593704223633,1157300,PFG,yfinance,2026-02-10T05:10:16.435896+00:00
2018-06-29,53.34000015258789,54.08000183105469,52.939998626708984,52.95000076293945,39.55097961425781,1486700,PFG,yfinance,2026-02-10T05:10:16.435896+00:00
2018-07-02,52.95000076293945,53.529998779296875,52.38999938964844,52.86000061035156,39.4837646484375,1302800,PFG,yfinance,2026-02-10T05:10:16.435896+00:00
2018-07-03,53.11000061035156,53.63999938964844,53.060001373291016,53.22999954223633,39.760135650634766,1159000,PFG,yfinance,2026-02-10T05:10:16.435896+00:00
2018-07-05,53.25,53.93000030517578,52.95000076293945,53.529998779296875,39.984214782714844,1175300,PFG,yfinance,2026-02-10T05:10:16.435896+00:00
2018-07-06,53.31999969482422,53.779998779296875,53.029998779296875,53.619998931884766,40.05144119262695,1600300,PFG,yfinance,2026-02-10T05:10:16.435896+00:00
2018-07-09,53.720001220703125,55.2400016784668,53.380001068115234,55.189998626708984,41.224151611328125,1469900,PFG,yfinance,2026-02-10T05:10:16.435896+00:00
2018-07-10,55.20000076293945,55.290000915527344,54.5099983215332,54.77000045776367,40.91043472290039,1386700,PFG,yfinance,2026-02-10T05:10:16.435896+00:00
2018-07-11,54.54999923706055,54.7400016784668,53.34000015258789,53.400001525878906,39.88711929321289,1436900,PFG,yfinance,2026-02-10T05:10:16.435896+00:00
2018-07-12,53.959999084472656,53.959999084472656,52.869998931884766,53.2400016784668,39.767608642578125,1131200,PFG,yfinance,2026-02-10T05:10:16.435896+00:00
2018-07-13,53.060001373291016,53.470001220703125,52.75,53.15999984741211,39.70785140991211,1175500,PFG,yfinance,2026-02-10T05:10:16.435896+00:00
2018-07-16,53.130001068115234,54.130001068115234,53.130001068115234,54.08000183105469,40.395042419433594,1414200,PFG,yfinance,2026-02-10T05:10:16.435896+00:00
2018-07-17,53.959999084472656,54.959999084472656,53.83000183105469,54.86000061035156,40.9776611328125,1872500,PFG,yfinance,2026-02-10T05:10:16.435896+00:00
2018-07-18,54.81999969482422,55.7599983215332,54.41999816894531,55.709999084472656,41.61257553100586,1862200,PFG,yfinance,2026-02-10T05:10:16.435896+00:00
2018-07-19,55.56999969482422,55.68000030517578,54.4900016784668,54.540000915527344,40.73863983154297,1128800,PFG,yfinance,2026-02-10T05:10:16.435896+00:00
2018-07-20,54.36000061035156,54.36000061035156,53.869998931884766,54.029998779296875,40.357688903808594,1388400,PFG,yfinance,2026-02-10T05:10:16.435896+00:00
2018-07-23,54.20000076293945,54.93000030517578,54.0,54.689998626708984,40.850677490234375,1098100,PFG,yfinance,2026-02-10T05:10:16.435896+00:00
2018-07-24,54.810001373291016,55.349998474121094,54.63999938964844,54.83000183105469,40.95525360107422,1230700,PFG,yfinance,2026-02-10T05:10:16.435896+00:00
2018-07-25,54.63999938964844,55.09000015258789,54.220001220703125,55.02000045776367,41.09716033935547,1408800,PFG,yfinance,2026-02-10T05:10:16.435896+00:00
2018-07-26,55.209999084472656,56.0,55.0099983215332,55.47999954223633,41.44076919555664,1255200,PFG,yfinance,2026-02-10T05:10:16.435896+00:00
2018-07-27,56.52000045776367,57.84000015258789,55.849998474121094,57.7400016784668,43.128883361816406,2142700,PFG,yfinance,2026-02-10T05:10:16.435896+00:00
2018-07-30,57.810001373291016,58.83000183105469,57.400001525878906,58.27000045776367,43.52476501464844,1550900,PFG,yfinance,2026-02-10T05:10:16.435896+00:00
2018-07-31,58.66999816894531,58.70000076293945,57.779998779296875,58.08000183105469,43.382843017578125,2738700,PFG,yfinance,2026-02-10T05:10:16.435896+00:00
2018-08-01,58.33000183105469,58.540000915527344,56.20000076293945,56.2599983215332,42.02338790893555,2019000,PFG,yfinance,2026-02-10T05:10:16.435896+00:00
2018-08-02,55.790000915527344,55.91999816894531,54.93000030517578,55.650001525878906,41.56775665283203,1643600,PFG,yfinance,2026-02-10T05:10:16.435896+00:00
2018-08-03,55.5099983215332,56.220001220703125,55.459999084472656,55.81999969482422,41.694740295410156,1039900,PFG,yfinance,2026-02-10T05:10:16.435896+00:00
2018-08-06,55.86000061035156,56.380001068115234,55.52000045776367,56.099998474121094,41.90386962890625,1044500,PFG,yfinance,2026-02-10T05:10:16.435896+00:00
2018-08-07,56.40999984741211,57.36000061035156,56.290000915527344,56.369998931884766,42.105552673339844,1255200,PFG,yfinance,2026-02-10T05:10:16.435896+00:00
2018-08-08,56.47999954223633,56.540000915527344,55.900001525878906,56.29999923706055,42.053260803222656,788400,PFG,yfinance,2026-02-10T05:10:16.435896+00:00
2018-08-09,56.209999084472656,56.45000076293945,55.560001373291016,55.63999938964844,41.56028747558594,800000,PFG,yfinance,2026-02-10T05:10:16.435896+00:00
2018-08-10,55.22999954223633,55.22999954223633,53.54999923706055,53.97999954223633,40.320343017578125,1145500,PFG,yfinance,2026-02-10T05:10:16.435896+00:00
2018-08-13,53.91999816894531,54.060001373291016,53.439998626708984,53.61000061035156,40.043975830078125,844000,PFG,yfinance,2026-02-10T05:10:16.435896+00:00
2018-08-14,53.65999984741211,54.599998474121094,53.630001068115234,54.40999984741211,40.641536712646484,985800,PFG,yfinance,2026-02-10T05:10:16.435896+00:00
2018-08-15,53.939998626708984,54.380001068115234,53.47999954223633,54.189998626708984,40.47721481323242,1558200,PFG,yfinance,2026-02-10T05:10:16.435896+00:00
2018-08-16,54.27000045776367,55.869998931884766,54.27000045776367,55.47999954223633,41.44076919555664,1353500,PFG,yfinance,2026-02-10T05:10:16.435896+00:00
2018-08-17,55.11000061035156,55.84000015258789,55.09000015258789,55.720001220703125,41.62003707885742,1432700,PFG,yfinance,2026-02-10T05:10:16.435896+00:00
2018-08-20,55.529998779296875,56.54999923706055,55.529998779296875,55.70000076293945,41.605106353759766,950900,PFG,yfinance,2026-02-10T05:10:16.435896+00:00
2018-08-21,55.59000015258789,56.869998931884766,55.56999969482422,56.4900016784668,42.19518280029297,1414200,PFG,yfinance,2026-02-10T05:10:16.435896+00:00
2018-08-22,56.38999938964844,56.599998474121094,56.040000915527344,56.189998626708984,41.971099853515625,850500,PFG,yfinance,2026-02-10T05:10:16.435896+00:00
2018-08-23,56.040000915527344,56.16999816894531,55.15999984741211,55.290000915527344,41.29885482788086,732600,PFG,yfinance,2026-02-10T05:10:16.435896+00:00
2018-08-24,55.459999084472656,55.81999969482422,55.38999938964844,55.5099983215332,41.463172912597656,533000,PFG,yfinance,2026-02-10T05:10:16.435896+00:00
2018-08-27,55.83000183105469,56.79999923706055,55.83000183105469,56.439998626708984,42.157840728759766,707300,PFG,yfinance,2026-02-10T05:10:16.435896+00:00
2018-08-28,56.4900016784668,56.65999984741211,56.11000061035156,56.25,42.01592254638672,842600,PFG,yfinance,2026-02-10T05:10:16.435896+00:00
2018-08-29,56.2400016784668,56.2400016784668,55.18000030517578,55.95000076293945,41.79183578491211,830500,PFG,yfinance,2026-02-10T05:10:16.435896+00:00
2018-08-30,55.810001373291016,55.83000183105469,55.060001373291016,55.25,41.26897430419922,853300,PFG,yfinance,2026-02-10T05:10:16.435896+00:00
2018-08-31,55.11000061035156,55.43000030517578,54.790000915527344,55.189998626708984,41.224151611328125,1244400,PFG,yfinance,2026-02-10T05:10:16.435896+00:00
2018-09-04,55.060001373291016,55.779998779296875,54.7599983215332,55.709999084472656,41.61257553100586,1166600,PFG,yfinance,2026-02-10T05:10:16.435896+00:00
2018-09-05,55.0099983215332,56.040000915527344,55.0099983215332,56.0,42.23094940185547,1703000,PFG,yfinance,2026-02-10T05:10:16.435896+00:00
2018-09-06,55.93000030517578,56.20000076293945,55.470001220703125,55.720001220703125,42.019798278808594,1639500,PFG,yfinance,2026-02-10T05:10:16.435896+00:00
2018-09-07,55.7599983215332,55.970001220703125,54.689998626708984,55.060001373291016,41.522071838378906,1695100,PFG,yfinance,2026-02-10T05:10:16.435896+00:00
2018-09-10,55.279998779296875,55.65999984741211,54.97999954223633,55.2599983215332,41.67290115356445,807300,PFG,yfinance,2026-02-10T05:10:16.435896+00:00
2018-09-11,55.02000045776367,55.130001068115234,53.93000030517578,54.869998931884766,41.3787956237793,980800,PFG,yfinance,2026-02-10T05:10:16.435896+00:00
2018-09-12,54.88999938964844,54.88999938964844,54.29999923706055,54.529998779296875,41.12238693237305,910000,PFG,yfinance,2026-02-10T05:10:16.435896+00:00
2018-09-13,54.810001373291016,55.130001068115234,54.529998779296875,54.84000015258789,41.35615921020508,1035900,PFG,yfinance,2026-02-10T05:10:16.435896+00:00
2018-09-14,55.119998931884766,56.970001220703125,55.119998931884766,56.939998626708984,42.9398307800293,1484400,PFG,yfinance,2026-02-10T05:10:16.435896+00:00
2018-09-17,56.95000076293945,57.5,56.81999969482422,56.95000076293945,42.94736862182617,1737000,PFG,yfinance,2026-02-10T05:10:16.435896+00:00
2018-09-18,57.02000045776367,57.7599983215332,56.70000076293945,57.720001220703125,43.528045654296875,1162900,PFG,yfinance,2026-02-10T05:10:16.435896+00:00
2018-09-19,57.900001525878906,59.349998474121094,57.88999938964844,58.79999923706055,44.342498779296875,1292600,PFG,yfinance,2026-02-10T05:10:16.435896+00:00
2018-09-20,59.119998931884766,60.150001525878906,58.47999954223633,59.38999938964844,44.787437438964844,1265100,PFG,yfinance,2026-02-10T05:10:16.435896+00:00
2018-09-21,59.59000015258789,59.630001068115234,59.02000045776367,59.540000915527344,44.90055847167969,1780600,PFG,yfinance,2026-02-10T05:10:16.435896+00:00
2018-09-24,59.43000030517578,59.7400016784668,58.400001525878906,58.52000045776367,44.13134765625,935500,PFG,yfinance,2026-02-10T05:10:16.435896+00:00
2018-09-25,58.9900016784668,59.060001373291016,58.20000076293945,58.279998779296875,43.950355529785156,1330500,PFG,yfinance,2026-02-10T05:10:16.435896+00:00
2018-09-26,58.459999084472656,58.79999923706055,57.79999923706055,58.02000045776367,43.7542839050293,1489000,PFG,yfinance,2026-02-10T05:10:16.435896+00:00
2018-09-27,58.150001525878906,58.81999969482422,57.849998474121094,58.630001068115234,44.214290618896484,1682800,PFG,yfinance,2026-02-10T05:10:16.435896+00:00
2018-09-28,58.25,58.900001525878906,57.72999954223633,58.59000015258789,44.18413162231445,2336100,PFG,yfinance,2026-02-10T05:10:16.435896+00:00
2018-10-01,59.0,59.290000915527344,58.40999984741211,58.599998474121094,44.19167709350586,1693100,PFG,yfinance,2026-02-10T05:10:16.435896+00:00
2018-10-02,58.619998931884766,59.20000076293945,58.099998474121094,58.86000061035156,44.387752532958984,1403100,PFG,yfinance,2026-02-10T05:10:16.435896+00:00
2018-10-03,59.369998931884766,60.279998779296875,59.0099983215332,59.810001373291016,45.10417175292969,1763700,PFG,yfinance,2026-02-10T05:10:16.435896+00:00
2018-10-04,59.970001220703125,60.849998474121094,59.709999084472656,60.56999969482422,45.67729949951172,2059300,PFG,yfinance,2026-02-10T05:10:16.435896+00:00
2018-10-05,60.720001220703125,61.119998931884766,59.880001068115234,60.0,45.24745178222656,1496300,PFG,yfinance,2026-02-10T05:10:16.435896+00:00
2018-10-08,59.9900016784668,60.93000030517578,59.83000183105469,60.650001525878906,45.73762893676758,1098000,PFG,yfinance,2026-02-10T05:10:16.435896+00:00
2018-10-09,60.439998626708984,60.63999938964844,59.630001068115234,60.209999084472656,45.40581130981445,1139600,PFG,yfinance,2026-02-10T05:10:16.435896+00:00
2018-10-10,60.09000015258789,60.439998626708984,58.630001068115234,58.65999984741211,44.236915588378906,1348400,PFG,yfinance,2026-02-10T05:10:16.435896+00:00
2018-10-11,58.5099983215332,58.5099983215332,55.52000045776367,55.619998931884766,41.94438552856445,1476500,PFG,yfinance,2026-02-10T05:10:16.435896+00:00
2018-10-12,56.720001220703125,56.790000915527344,54.13999938964844,55.13999938964844,41.58240509033203,2516200,PFG,yfinance,2026-02-10T05:10:16.435896+00:00
2018-10-15,54.970001220703125,55.43000030517578,54.31999969482422,54.58000183105469,41.160099029541016,2412600,PFG,yfinance,2026-02-10T05:10:16.435896+00:00
2018-10-16,55.08000183105469,55.099998474121094,53.709999084472656,54.56999969482422,41.152549743652344,2085900,PFG,yfinance,2026-02-10T05:10:16.435896+00:00
2018-10-17,54.5,55.77000045776367,54.150001525878906,55.08000183105469,41.53715515136719,1657000,PFG,yfinance,2026-02-10T05:10:16.435896+00:00
2018-10-18,54.97999954223633,55.279998779296875,53.4900016784668,53.83000183105469,40.594505310058594,1203800,PFG,yfinance,2026-02-10T05:10:16.435896+00:00
2018-10-19,53.599998474121094,54.34000015258789,53.20000076293945,53.560001373291016,40.390892028808594,2787700,PFG,yfinance,2026-02-10T05:10:16.435896+00:00
2018-10-22,53.709999084472656,53.9900016784668,52.43000030517578,52.540000915527344,39.621681213378906,2259500,PFG,yfinance,2026-02-10T05:10:16.435896+00:00
2018-10-23,51.470001220703125,52.040000915527344,50.93000030517578,51.38999938964844,38.75444412231445,2740800,PFG,yfinance,2026-02-10T05:10:16.435896+00:00
2018-10-24,51.41999816894531,51.41999816894531,48.779998779296875,48.93000030517578,36.899295806884766,1982700,PFG,yfinance,2026-02-10T05:10:16.435896+00:00
2018-10-25,49.189998626708984,50.06999969482422,49.08000183105469,49.43000030517578,37.276363372802734,3481700,PFG,yfinance,2026-02-10T05:10:16.435896+00:00
2018-10-26,49.439998626708984,49.86000061035156,45.849998474121094,45.97999954223633,34.67463302612305,3215400,PFG,yfinance,2026-02-10T05:10:16.435896+00:00
2018-10-29,46.54999923706055,47.36000061035156,45.20000076293945,45.79999923706055,34.53888702392578,2302700,PFG,yfinance,2026-02-10T05:10:16.435896+00:00
2018-10-30,46.09000015258789,46.630001068115234,45.38999938964844,46.25,34.87824630737305,2952500,PFG,yfinance,2026-02-10T05:10:16.435896+00:00
2018-10-31,46.79999923706055,47.900001525878906,46.470001220703125,47.06999969482422,35.49662780761719,2518000,PFG,yfinance,2026-02-10T05:10:16.435896+00:00
2018-11-01,47.45000076293945,48.47999954223633,47.43000030517578,48.16999816894531,36.32615661621094,2777300,PFG,yfinance,2026-02-10T05:10:16.435896+00:00
2018-11-02,48.599998474121094,49.41999816894531,47.13999938964844,47.560001373291016,35.866146087646484,2202300,PFG,yfinance,2026-02-10T05:10:16.435896+00:00
2018-11-05,47.54999923706055,48.540000915527344,47.54999923706055,48.040000915527344,36.22813415527344,1652100,PFG,yfinance,2026-02-10T05:10:16.435896+00:00
2018-11-06,47.86000061035156,48.58000183105469,47.810001373291016,48.279998779296875,36.40910720825195,1360700,PFG,yfinance,2026-02-10T05:10:16.435896+00:00
2018-11-07,49.040000915527344,49.52000045776367,48.439998626708984,49.40999984741211,37.26127624511719,1998900,PFG,yfinance,2026-02-10T05:10:16.435896+00:00
2018-11-08,49.06999969482422,49.9900016784668,49.0,49.529998779296875,37.35177230834961,1695000,PFG,yfinance,2026-02-10T05:10:16.435896+00:00
2018-11-09,49.31999969482422,49.970001220703125,48.66999816894531,49.29999923706055,37.17832565307617,2887500,PFG,yfinance,2026-02-10T05:10:16.435896+00:00
2018-11-12,49.18000030517578,49.5099983215332,48.47999954223633,48.58000183105469,36.63536071777344,2233900,PFG,yfinance,2026-02-10T05:10:16.435896+00:00
2018-11-13,48.65999984741211,49.880001068115234,48.65999984741211,49.0,36.952091217041016,1586400,PFG,yfinance,2026-02-10T05:10:16.435896+00:00
2018-11-14,49.630001068115234,49.869998931884766,47.900001525878906,48.31999969482422,36.439273834228516,1934900,PFG,yfinance,2026-02-10T05:10:16.435896+00:00
2018-11-15,47.88999938964844,48.63999938964844,47.43000030517578,48.52000045776367,36.590110778808594,1550100,PFG,yfinance,2026-02-10T05:10:16.435896+00:00
2018-11-16,48.290000915527344,48.619998931884766,47.68000030517578,48.2400016784668,36.378944396972656,2004800,PFG,yfinance,2026-02-10T05:10:16.435896+00:00
2018-11-19,48.34000015258789,49.630001068115234,48.060001373291016,49.02000045776367,36.96717071533203,2476100,PFG,yfinance,2026-02-10T05:10:16.435896+00:00
2018-11-20,48.459999084472656,48.68000030517578,47.65999984741211,48.0,36.197959899902344,2576300,PFG,yfinance,2026-02-10T05:10:16.435896+00:00
2018-11-21,48.06999969482422,49.31999969482422,47.65999984741211,48.470001220703125,36.552398681640625,2062100,PFG,yfinance,2026-02-10T05:10:16.435896+00:00
2018-11-23,48.25,49.11000061035156,47.869998931884766,48.310001373291016,36.43173599243164,668300,PFG,yfinance,2026-02-10T05:10:16.435896+00:00
2018-11-26,49.0099983215332,49.58000183105469,48.630001068115234,48.9900016784668,36.94453811645508,1574300,PFG,yfinance,2026-02-10T05:10:16.435896+00:00
2018-11-27,48.939998626708984,49.189998626708984,48.58000183105469,48.880001068115234,36.86159133911133,1404900,PFG,yfinance,2026-02-10T05:10:16.435896+00:00
2018-11-28,49.0099983215332,50.369998931884766,48.68000030517578,50.36000061035156,37.97769546508789,1597400,PFG,yfinance,2026-02-10T05:10:16.435896+00:00
2018-11-29,50.0099983215332,50.45000076293945,49.5,49.68000030517578,37.46488952636719,1334600,PFG,yfinance,2026-02-10T05:10:16.435896+00:00
2018-11-30,49.09000015258789,49.47999954223633,48.79999923706055,49.31999969482422,37.602115631103516,2815700,PFG,yfinance,2026-02-10T05:10:16.435896+00:00
2018-12-03,49.81999969482422,50.029998779296875,47.79999923706055,48.310001373291016,36.83208084106445,3282200,PFG,yfinance,2026-02-10T05:10:16.435896+00:00
2018-12-04,47.810001373291016,48.02000045776367,45.560001373291016,45.869998931884766,34.9718017578125,2160200,PFG,yfinance,2026-02-10T05:10:16.435896+00:00
2018-12-06,44.95000076293945,45.310001373291016,43.77000045776367,45.029998779296875,34.33137893676758,2191300,PFG,yfinance,2026-02-10T05:10:16.435896+00:00
2018-12-07,45.02000045776367,46.0,44.20000076293945,44.400001525878906,33.85105514526367,1661100,PFG,yfinance,2026-02-10T05:10:16.435896+00:00
2018-12-10,44.25,44.36000061035156,42.45000076293945,42.93000030517578,32.73031234741211,1900200,PFG,yfinance,2026-02-10T05:10:16.435896+00:00
2018-12-11,43.41999816894531,43.880001068115234,41.95000076293945,42.06999969482422,32.074642181396484,2043200,PFG,yfinance,2026-02-10T05:10:16.435896+00:00
2018-12-12,42.84000015258789,43.619998931884766,42.540000915527344,42.779998779296875,32.6159553527832,2121600,PFG,yfinance,2026-02-10T05:10:16.435896+00:00
2018-12-13,43.0,43.40999984741211,42.65999984741211,43.25,32.97427749633789,1472500,PFG,yfinance,2026-02-10T05:10:16.435896+00:00
2018-12-14,42.83000183105469,43.72999954223633,42.83000183105469,43.619998931884766,33.25638198852539,2430700,PFG,yfinance,2026-02-10T05:10:16.435896+00:00
2018-12-17,43.5099983215332,44.959999084472656,43.29999923706055,43.77000045776367,33.37074661254883,2433700,PFG,yfinance,2026-02-10T05:10:16.435896+00:00
2018-12-18,43.939998626708984,44.880001068115234,43.38999938964844,43.65999984741211,33.28688049316406,1865200,PFG,yfinance,2026-02-10T05:10:16.435896+00:00
2018-12-19,43.4900016784668,45.04999923706055,43.04999923706055,43.2599983215332,32.98190689086914,2236100,PFG,yfinance,2026-02-10T05:10:16.435896+00:00
2018-12-20,42.9900016784668,44.38999938964844,42.81999969482422,43.130001068115234,32.8828010559082,2250300,PFG,yfinance,2026-02-10T05:10:16.435896+00:00
2018-12-21,43.06999969482422,44.02000045776367,41.599998474121094,41.599998474121094,31.716306686401367,4703200,PFG,yfinance,2026-02-10T05:10:16.435896+00:00
2018-12-24,41.36000061035156,42.290000915527344,41.040000915527344,41.08000183105469,31.31985092163086,813300,PFG,yfinance,2026-02-10T05:10:16.435896+00:00
2018-12-26,41.400001525878906,43.369998931884766,40.41999816894531,43.369998931884766,33.06577682495117,1705900,PFG,yfinance,2026-02-10T05:10:16.435896+00:00
2018-12-27,42.63999938964844,43.97999954223633,42.31999969482422,43.97999954223633,33.530845642089844,1986500,PFG,yfinance,2026-02-10T05:10:16.435896+00:00
2018-12-28,44.16999816894531,44.5,43.310001373291016,43.560001373291016,33.21063232421875,1834300,PFG,yfinance,2026-02-10T05:10:16.435896+00:00
2018-12-31,43.68000030517578,44.2599983215332,43.47999954223633,44.16999816894531,33.67570495605469,1666700,PFG,yfinance,2026-02-10T05:10:16.435896+00:00
2019-01-02,43.290000915527344,44.68000030517578,43.25,44.36000061035156,33.820560455322266,1778700,PFG,yfinance,2026-02-10T05:10:16.435896+00:00
2019-01-03,44.029998779296875,44.369998931884766,43.290000915527344,43.38999938964844,33.081016540527344,1366100,PFG,yfinance,2026-02-10T05:10:16.435896+00:00
2019-01-04,44.22999954223633,45.38999938964844,44.22999954223633,45.29999923706055,34.5372314453125,1650500,PFG,yfinance,2026-02-10T05:10:16.435896+00:00
2019-01-07,45.060001373291016,46.04999923706055,44.689998626708984,45.630001068115234,34.788818359375,1249000,PFG,yfinance,2026-02-10T05:10:16.435896+00:00
2019-01-08,45.75,45.95000076293945,44.34000015258789,45.13999938964844,34.415245056152344,1951300,PFG,yfinance,2026-02-10T05:10:16.435896+00:00
2019-01-09,45.15999984741211,45.779998779296875,44.779998779296875,45.599998474121094,34.76594161987305,2022400,PFG,yfinance,2026-02-10T05:10:16.435896+00:00
2019-01-10,45.45000076293945,46.02000045776367,45.290000915527344,45.91999816894531,35.009918212890625,1483200,PFG,yfinance,2026-02-10T05:10:16.435896+00:00
2019-01-11,45.70000076293945,46.16999816894531,45.06999969482422,46.02000045776367,35.08616256713867,1776300,PFG,yfinance,2026-02-10T05:10:16.435896+00:00
2019-01-14,45.59000015258789,46.9900016784668,45.52000045776367,46.84000015258789,35.71134567260742,1286700,PFG,yfinance,2026-02-10T05:10:16.435896+00:00
2019-01-15,46.70000076293945,47.45000076293945,46.40999984741211,47.41999816894531,36.153533935546875,1681100,PFG,yfinance,2026-02-10T05:10:16.435896+00:00
2019-01-16,47.70000076293945,48.619998931884766,47.54999923706055,48.27000045776367,36.80158996582031,1482300,PFG,yfinance,2026-02-10T05:10:16.435896+00:00
2019-01-17,47.970001220703125,49.150001525878906,47.54999923706055,49.0099983215332,37.36576461791992,1373700,PFG,yfinance,2026-02-10T05:10:16.435896+00:00
2019-01-18,49.5,50.25,49.0099983215332,50.099998474121094,38.196800231933594,2378200,PFG,yfinance,2026-02-10T05:10:16.435896+00:00
2019-01-22,49.75,49.970001220703125,49.189998626708984,49.52000045776367,37.754600524902344,1551700,PFG,yfinance,2026-02-10T05:10:16.435896+00:00
2019-01-23,49.86000061035156,49.939998626708984,48.380001068115234,48.91999816894531,37.297149658203125,1591800,PFG,yfinance,2026-02-10T05:10:16.435896+00:00
2019-01-24,48.88999938964844,49.56999969482422,48.7400016784668,49.099998474121094,37.43439483642578,1246600,PFG,yfinance,2026-02-10T05:10:16.435896+00:00
2019-01-25,49.70000076293945,50.29999923706055,49.470001220703125,50.08000183105469,38.181556701660156,1690400,PFG,yfinance,2026-02-10T05:10:16.435896+00:00
2019-01-28,49.7400016784668,50.150001525878906,49.459999084472656,49.790000915527344,37.96045684814453,1596000,PFG,yfinance,2026-02-10T05:10:16.435896+00:00
2019-01-29,49.959999084472656,50.04999923706055,49.2599983215332,49.619998931884766,37.830841064453125,1599000,PFG,yfinance,2026-02-10T05:10:16.435896+00:00
2019-01-30,47.099998474121094,48.459999084472656,46.75,48.13999938964844,36.702476501464844,3652500,PFG,yfinance,2026-02-10T05:10:16.435896+00:00
2019-01-31,47.88999938964844,50.16999816894531,47.06999969482422,50.06999969482422,38.17393493652344,4620900,PFG,yfinance,2026-02-10T05:10:16.435896+00:00
2019-02-01,50.16999816894531,50.43000030517578,49.290000915527344,49.61000061035156,37.82322311401367,2106700,PFG,yfinance,2026-02-10T05:10:16.435896+00:00
2019-02-04,49.540000915527344,49.7599983215332,49.34000015258789,49.70000076293945,37.89183044433594,1994000,PFG,yfinance,2026-02-10T05:10:16.435896+00:00
2019-02-05,49.400001525878906,49.54999923706055,48.58000183105469,48.849998474121094,37.2437858581543,1907400,PFG,yfinance,2026-02-10T05:10:16.435896+00:00
2019-02-06,48.619998931884766,49.20000076293945,48.400001525878906,48.77000045776367,37.182804107666016,1437000,PFG,yfinance,2026-02-10T05:10:16.435896+00:00
2019-02-07,48.630001068115234,48.72999954223633,47.439998626708984,47.959999084472656,36.565250396728516,1663900,PFG,yfinance,2026-02-10T05:10:16.435896+00:00
2019-02-08,47.58000183105469,48.099998474121094,46.560001373291016,47.83000183105469,36.46613311767578,1659200,PFG,yfinance,2026-02-10T05:10:16.435896+00:00
2019-02-11,48.060001373291016,48.5099983215332,47.599998474121094,48.380001068115234,36.88545608520508,1216700,PFG,yfinance,2026-02-10T05:10:16.435896+00:00
2019-02-12,48.81999969482422,49.40999984741211,48.599998474121094,48.79999923706055,37.20566940307617,1712000,PFG,yfinance,2026-02-10T05:10:16.435896+00:00
2019-02-13,49.09000015258789,49.630001068115234,49.0,49.209999084472656,37.51826095581055,1688200,PFG,yfinance,2026-02-10T05:10:16.435896+00:00
2019-02-14,48.79999923706055,49.209999084472656,48.310001373291016,48.849998474121094,37.2437858581543,1303000,PFG,yfinance,2026-02-10T05:10:16.435896+00:00
2019-02-15,49.38999938964844,50.79999923706055,49.16999816894531,50.790000915527344,38.72286605834961,2072000,PFG,yfinance,2026-02-10T05:10:16.435896+00:00
2019-02-19,50.599998474121094,51.560001373291016,50.209999084472656,51.36000061035156,39.157440185546875,1601700,PFG,yfinance,2026-02-10T05:10:16.435896+00:00
2019-02-20,51.31999969482422,52.220001220703125,51.31999969482422,52.220001220703125,39.813114166259766,1416900,PFG,yfinance,2026-02-10T05:10:16.435896+00:00
2019-02-21,52.34000015258789,52.75,51.83000183105469,52.04999923706055,39.68350601196289,1596000,PFG,yfinance,2026-02-10T05:10:16.435896+00:00
2019-02-22,52.34000015258789,53.119998931884766,52.27000045776367,52.869998931884766,40.308677673339844,1896700,PFG,yfinance,2026-02-10T05:10:16.435896+00:00
2019-02-25,53.22999954223633,53.43000030517578,53.0,53.09000015258789,40.47641372680664,1271200,PFG,yfinance,2026-02-10T05:10:16.435896+00:00
2019-02-26,52.93000030517578,53.47999954223633,52.56999969482422,52.58000183105469,40.08758544921875,1400200,PFG,yfinance,2026-02-10T05:10:16.435896+00:00
2019-02-27,52.470001220703125,52.630001068115234,52.040000915527344,52.41999816894531,39.96559524536133,1738800,PFG,yfinance,2026-02-10T05:10:16.435896+00:00
2019-02-28,52.34000015258789,52.72999954223633,52.150001525878906,52.63999938964844,40.133323669433594,1519700,PFG,yfinance,2026-02-10T05:10:16.435896+00:00
2019-03-01,52.380001068115234,52.790000915527344,51.2400016784668,51.400001525878906,39.5941162109375,2335300,PFG,yfinance,2026-02-10T05:10:16.435896+00:00
2019-03-04,51.439998626708984,52.08000183105469,50.7400016784668,51.36000061035156,39.563297271728516,2302300,PFG,yfinance,2026-02-10T05:10:16.435896+00:00
2019-03-05,51.5,51.81999969482422,50.599998474121094,51.58000183105469,39.73276138305664,1428900,PFG,yfinance,2026-02-10T05:10:16.435896+00:00
2019-03-06,51.439998626708984,51.70000076293945,50.93000030517578,50.95000076293945,39.247467041015625,878500,PFG,yfinance,2026-02-10T05:10:16.435896+00:00
2019-03-07,50.63999938964844,50.790000915527344,49.81999969482422,50.0,38.51567459106445,1815400,PFG,yfinance,2026-02-10T05:10:16.435896+00:00
2019-03-08,49.459999084472656,50.150001525878906,49.04999923706055,49.90999984741211,38.44633483886719,1616700,PFG,yfinance,2026-02-10T05:10:16.435896+00:00
2019-03-11,50.189998626708984,50.84000015258789,49.90999984741211,50.59000015258789,38.97015380859375,1790500,PFG,yfinance,2026-02-10T05:10:16.435896+00:00
2019-03-12,50.810001373291016,51.31999969482422,50.66999816894531,50.7599983215332,39.101104736328125,1805700,PFG,yfinance,2026-02-10T05:10:16.435896+00:00
2019-03-13,50.939998626708984,51.400001525878906,50.560001373291016,51.11000061035156,39.37070846557617,2157500,PFG,yfinance,2026-02-10T05:10:16.435896+00:00
2019-03-14,51.029998779296875,51.900001525878906,50.54999923706055,51.689998626708984,39.817501068115234,2565300,PFG,yfinance,2026-02-10T05:10:16.435896+00:00
2019-03-15,51.689998626708984,52.43000030517578,51.47999954223633,52.16999816894531,40.18724822998047,8344700,PFG,yfinance,2026-02-10T05:10:16.435896+00:00
2019-03-18,52.41999816894531,52.939998626708984,52.2400016784668,52.790000915527344,40.66484832763672,1931500,PFG,yfinance,2026-02-10T05:10:16.435896+00:00
2019-03-19,53.060001373291016,53.2400016784668,51.79999923706055,51.93000030517578,40.002376556396484,1709900,PFG,yfinance,2026-02-10T05:10:16.435896+00:00
2019-03-20,51.91999816894531,52.04999923706055,50.58000183105469,50.689998626708984,39.047183990478516,2384500,PFG,yfinance,2026-02-10T05:10:16.435896+00:00
2019-03-21,50.459999084472656,51.56999969482422,49.779998779296875,51.43000030517578,39.617218017578125,1900400,PFG,yfinance,2026-02-10T05:10:16.435896+00:00
2019-03-22,50.91999816894531,50.97999954223633,49.08000183105469,49.45000076293945,38.09199905395508,2018900,PFG,yfinance,2026-02-10T05:10:16.435896+00:00
2019-03-25,49.5,50.040000915527344,48.84000015258789,49.0099983215332,37.753047943115234,1494800,PFG,yfinance,2026-02-10T05:10:16.435896+00:00
2019-03-26,49.400001525878906,50.2599983215332,49.400001525878906,50.150001525878906,38.6312141418457,1295700,PFG,yfinance,2026-02-10T05:10:16.435896+00:00
2019-03-27,50.13999938964844,50.36000061035156,49.689998626708984,49.90999984741211,38.44633483886719,1325800,PFG,yfinance,2026-02-10T05:10:16.435896+00:00
2019-03-28,49.90999984741211,50.33000183105469,49.650001525878906,50.0099983215332,38.523372650146484,981600,PFG,yfinance,2026-02-10T05:10:16.435896+00:00
2019-03-29,50.5,50.61000061035156,49.88999938964844,50.189998626708984,38.66203308105469,1481800,PFG,yfinance,2026-02-10T05:10:16.435896+00:00
2019-04-01,50.7400016784668,52.060001373291016,50.68000030517578,51.97999954223633,40.0408935546875,1417200,PFG,yfinance,2026-02-10T05:10:16.435896+00:00
2019-04-02,51.939998626708984,52.56999969482422,51.630001068115234,51.720001220703125,39.84060287475586,1195400,PFG,yfinance,2026-02-10T05:10:16.435896+00:00
2019-04-03,52.2400016784668,52.65999984741211,51.209999084472656,52.2599983215332,40.25657653808594,1388200,PFG,yfinance,2026-02-10T05:10:16.435896+00:00
2019-04-04,52.22999954223633,52.939998626708984,52.22999954223633,52.61000061035156,40.526187896728516,812700,PFG,yfinance,2026-02-10T05:10:16.435896+00:00
2019-04-05,52.61000061035156,53.52000045776367,52.38999938964844,53.189998626708984,40.972965240478516,1674300,PFG,yfinance,2026-02-10T05:10:16.435896+00:00
2019-04-08,53.099998474121094,53.400001525878906,52.900001525878906,53.31999969482422,41.07311248779297,802300,PFG,yfinance,2026-02-10T05:10:16.435896+00:00
2019-04-09,53.099998474121094,53.099998474121094,51.630001068115234,51.79999923706055,39.90222930908203,1813300,PFG,yfinance,2026-02-10T05:10:16.435896+00:00
2019-04-10,51.84000015258789,52.83000183105469,51.599998474121094,52.75,40.6340217590332,1069300,PFG,yfinance,2026-02-10T05:10:16.435896+00:00
2019-04-11,53.029998779296875,53.720001220703125,52.75,53.459999084472656,41.18095016479492,1038300,PFG,yfinance,2026-02-10T05:10:16.435896+00:00
2019-04-12,54.31999969482422,55.060001373291016,54.2599983215332,54.869998931884766,42.26710510253906,1227300,PFG,yfinance,2026-02-10T05:10:16.435896+00:00
2019-04-15,54.84000015258789,55.16999816894531,54.13999938964844,54.290000915527344,41.82030487060547,827400,PFG,yfinance,2026-02-10T05:10:16.435896+00:00
2019-04-16,54.380001068115234,55.529998779296875,54.290000915527344,55.41999816894531,42.690773010253906,1322100,PFG,yfinance,2026-02-10T05:10:16.435896+00:00
2019-04-17,55.66999816894531,55.91999816894531,55.380001068115234,55.66999816894531,42.883338928222656,1379200,PFG,yfinance,2026-02-10T05:10:16.435896+00:00
2019-04-18,55.619998931884766,55.779998779296875,55.06999969482422,55.220001220703125,42.536705017089844,1894900,PFG,yfinance,2026-02-10T05:10:16.435896+00:00
2019-04-22,55.029998779296875,55.40999984741211,54.779998779296875,55.029998779296875,42.39033889770508,1243000,PFG,yfinance,2026-02-10T05:10:16.435896+00:00
2019-04-23,55.220001220703125,55.709999084472656,54.86000061035156,55.54999923706055,42.79091262817383,1203600,PFG,yfinance,2026-02-10T05:10:16.435896+00:00
2019-04-24,55.25,55.38999938964844,54.86000061035156,55.09000015258789,42.43656539916992,1169500,PFG,yfinance,2026-02-10T05:10:16.435896+00:00
2019-04-25,54.810001373291016,55.91999816894531,54.61000061035156,55.779998779296875,42.968082427978516,1679000,PFG,yfinance,2026-02-10T05:10:16.435896+00:00
2019-04-26,56.2400016784668,57.470001220703125,56.220001220703125,57.380001068115234,44.20058059692383,1629300,PFG,yfinance,2026-02-10T05:10:16.435896+00:00
2019-04-29,57.5099983215332,57.939998626708984,57.189998626708984,57.43000030517578,44.239097595214844,989700,PFG,yfinance,2026-02-10T05:10:16.435896+00:00
2019-04-30,57.47999954223633,57.47999954223633,56.75,57.15999984741211,44.03110885620117,1562000,PFG,yfinance,2026-02-10T05:10:16.435896+00:00
2019-05-01,57.25,57.66999816894531,56.43000030517578,56.880001068115234,43.81542205810547,1641300,PFG,yfinance,2026-02-10T05:10:16.435896+00:00
2019-05-02,56.72999954223633,57.47999954223633,56.040000915527344,56.540000915527344,43.55352783203125,1618400,PFG,yfinance,2026-02-10T05:10:16.435896+00:00
2019-05-03,56.81999969482422,57.61000061035156,56.7599983215332,57.58000183105469,44.35464096069336,961000,PFG,yfinance,2026-02-10T05:10:16.435896+00:00
2019-05-06,56.540000915527344,57.5,56.150001525878906,57.29999923706055,44.13896179199219,748200,PFG,yfinance,2026-02-10T05:10:16.435896+00:00
2019-05-07,56.599998474121094,56.97999954223633,56.040000915527344,56.45000076293945,43.484195709228516,1301100,PFG,yfinance,2026-02-10T05:10:16.435896+00:00
2019-05-08,56.279998779296875,56.7400016784668,55.849998474121094,56.029998779296875,43.16065979003906,923100,PFG,yfinance,2026-02-10T05:10:16.435896+00:00
2019-05-09,55.33000183105469,55.93000030517578,54.970001220703125,55.88999938964844,43.052818298339844,949200,PFG,yfinance,2026-02-10T05:10:16.435896+00:00
2019-05-10,55.619998931884766,56.540000915527344,54.849998474121094,56.47999954223633,43.507301330566406,861500,PFG,yfinance,2026-02-10T05:10:16.435896+00:00
2019-05-13,55.220001220703125,56.18000030517578,53.900001525878906,54.2400016784668,41.781803131103516,1124600,PFG,yfinance,2026-02-10T05:10:16.435896+00:00
2019-05-14,54.400001525878906,55.81999969482422,54.0099983215332,55.279998779296875,42.58292007446289,887900,PFG,yfinance,2026-02-10T05:10:16.435896+00:00
2019-05-15,54.61000061035156,55.060001373291016,54.16999816894531,54.779998779296875,42.19777297973633,1179900,PFG,yfinance,2026-02-10T05:10:16.435896+00:00
2019-05-16,55.130001068115234,56.119998931884766,55.04999923706055,55.52000045776367,42.767791748046875,1164100,PFG,yfinance,2026-02-10T05:10:16.435896+00:00
2019-05-17,54.84000015258789,55.41999816894531,54.5,54.75,42.17466354370117,1270900,PFG,yfinance,2026-02-10T05:10:16.435896+00:00
2019-05-20,54.34000015258789,55.33000183105469,54.34000015258789,54.869998931884766,42.26710510253906,909800,PFG,yfinance,2026-02-10T05:10:16.435896+00:00
2019-05-21,55.34000015258789,55.4900016784668,55.0099983215332,55.31999969482422,42.61372756958008,1062100,PFG,yfinance,2026-02-10T05:10:16.435896+00:00
2019-05-22,55.0,55.040000915527344,54.66999816894531,54.91999816894531,42.30561447143555,1263600,PFG,yfinance,2026-02-10T05:10:16.435896+00:00
2019-05-23,54.400001525878906,54.400001525878906,53.0,53.59000015258789,41.281097412109375,1446900,PFG,yfinance,2026-02-10T05:10:16.435896+00:00
2019-05-24,54.0099983215332,55.119998931884766,53.66999816894531,54.220001220703125,41.76639175415039,1310900,PFG,yfinance,2026-02-10T05:10:16.435896+00:00
2019-05-28,54.16999816894531,54.4900016784668,53.869998931884766,54.119998931884766,41.68936538696289,3924500,PFG,yfinance,2026-02-10T05:10:16.435896+00:00
2019-05-29,53.68000030517578,54.22999954223633,53.540000915527344,54.040000915527344,41.627742767333984,1154200,PFG,yfinance,2026-02-10T05:10:16.435896+00:00
2019-05-30,54.2599983215332,54.66999816894531,53.86000061035156,54.119998931884766,41.68936538696289,1365900,PFG,yfinance,2026-02-10T05:10:16.435896+00:00
2019-05-31,52.95000076293945,52.9900016784668,51.41999816894531,51.56999969482422,40.125431060791016,1784100,PFG,yfinance,2026-02-10T05:10:16.435896+00:00
2019-06-03,51.5,53.06999969482422,51.36000061035156,53.0099983215332,41.245845794677734,1422300,PFG,yfinance,2026-02-10T05:10:16.435896+00:00
2019-06-04,53.95000076293945,54.95000076293945,53.560001373291016,54.79999923706055,42.63861846923828,1785600,PFG,yfinance,2026-02-10T05:10:16.435896+00:00
2019-06-05,54.869998931884766,55.0,53.959999084472656,54.540000915527344,42.43632125854492,935100,PFG,yfinance,2026-02-10T05:10:16.435896+00:00
2019-06-06,54.47999954223633,55.2400016784668,54.34000015258789,55.13999938964844,42.90315628051758,978700,PFG,yfinance,2026-02-10T05:10:16.435896+00:00
2019-06-07,55.11000061035156,55.65999984741211,55.11000061035156,55.369998931884766,43.082115173339844,1252000,PFG,yfinance,2026-02-10T05:10:16.435896+00:00
2019-06-10,55.720001220703125,56.369998931884766,54.5099983215332,54.689998626708984,42.55302429199219,1864500,PFG,yfinance,2026-02-10T05:10:16.435896+00:00
2019-06-11,55.290000915527344,55.47999954223633,54.72999954223633,54.779998779296875,42.6230583190918,1095000,PFG,yfinance,2026-02-10T05:10:16.435896+00:00
2019-06-12,54.68000030517578,54.779998779296875,54.13999938964844,54.41999816894531,42.34293746948242,954700,PFG,yfinance,2026-02-10T05:10:16.435896+00:00
2019-06-13,54.75,55.459999084472656,54.33000183105469,55.45000076293945,43.14436340332031,1202900,PFG,yfinance,2026-02-10T05:10:16.435896+00:00
2019-06-14,55.459999084472656,56.02000045776367,54.959999084472656,55.90999984741211,43.50227355957031,594200,PFG,yfinance,2026-02-10T05:10:16.435896+00:00
2019-06-17,55.88999938964844,56.029998779296875,54.779998779296875,54.86000061035156,42.685302734375,709200,PFG,yfinance,2026-02-10T05:10:16.435896+00:00
2019-06-18,55.16999816894531,56.16999816894531,54.869998931884766,55.9900016784668,43.56452560424805,716900,PFG,yfinance,2026-02-10T05:10:16.435896+00:00
2019-06-19,56.15999984741211,56.79999923706055,55.93000030517578,56.16999816894531,43.70458221435547,1568600,PFG,yfinance,2026-02-10T05:10:16.435896+00:00
2019-06-20,56.83000183105469,57.88999938964844,56.349998474121094,57.720001220703125,44.91059875488281,1317700,PFG,yfinance,2026-02-10T05:10:16.435896+00:00
2019-06-21,57.880001068115234,58.560001373291016,57.599998474121094,57.630001068115234,44.840576171875,2330700,PFG,yfinance,2026-02-10T05:10:16.435896+00:00
2019-06-24,57.61000061035156,58.029998779296875,57.189998626708984,57.5099983215332,44.74720764160156,1194400,PFG,yfinance,2026-02-10T05:10:16.435896+00:00
2019-06-25,57.5,57.540000915527344,56.2400016784668,56.43000030517578,43.90687942504883,1081500,PFG,yfinance,2026-02-10T05:10:16.435896+00:00
2019-06-26,56.7599983215332,56.95000076293945,56.06999969482422,56.15999984741211,43.69680404663086,1208500,PFG,yfinance,2026-02-10T05:10:16.435896+00:00
2019-06-27,56.38999938964844,57.04999923706055,56.29999923706055,56.79999923706055,44.19477081298828,565600,PFG,yfinance,2026-02-10T05:10:16.435896+00:00
2019-06-28,57.349998474121094,58.11000061035156,57.06999969482422,57.91999816894531,45.06620788574219,1890500,PFG,yfinance,2026-02-10T05:10:16.435896+00:00
2019-07-01,58.540000915527344,59.209999084472656,58.08000183105469,58.720001220703125,45.68867492675781,1713800,PFG,yfinance,2026-02-10T05:10:16.435896+00:00
2019-07-02,58.4900016784668,58.650001525878906,57.310001373291016,57.77000045776367,44.94950485229492,1213400,PFG,yfinance,2026-02-10T05:10:16.435896+00:00
2019-07-03,58.0,58.7599983215332,57.369998931884766,58.650001525878906,45.63421630859375,525000,PFG,yfinance,2026-02-10T05:10:16.435896+00:00
2019-07-05,58.709999084472656,58.90999984741211,58.130001068115234,58.810001373291016,45.75870132446289,927300,PFG,yfinance,2026-02-10T05:10:16.435896+00:00
2019-07-08,58.290000915527344,58.72999954223633,58.0099983215332,58.25,45.32297134399414,936300,PFG,yfinance,2026-02-10T05:10:16.435896+00:00
2019-07-09,58.11000061035156,58.619998931884766,57.93000030517578,58.470001220703125,45.4941520690918,1162800,PFG,yfinance,2026-02-10T05:10:16.435896+00:00
2019-07-10,58.470001220703125,58.959999084472656,57.810001373291016,58.08000183105469,45.190704345703125,788500,PFG,yfinance,2026-02-10T05:10:16.435896+00:00
2019-07-11,58.279998779296875,58.63999938964844,57.75,58.220001220703125,45.29963684082031,1071500,PFG,yfinance,2026-02-10T05:10:16.435896+00:00
2019-07-12,58.630001068115234,59.209999084472656,58.310001373291016,59.119998931884766,45.999908447265625,789900,PFG,yfinance,2026-02-10T05:10:16.435896+00:00
2019-07-15,59.06999969482422,59.13999938964844,58.47999954223633,58.689998626708984,45.66532897949219,560700,PFG,yfinance,2026-02-10T05:10:16.435896+00:00
2019-07-16,58.720001220703125,59.25,58.220001220703125,58.9900016784668,45.89875793457031,1152200,PFG,yfinance,2026-02-10T05:10:16.435896+00:00
2019-07-17,58.79999923706055,58.79999923706055,58.029998779296875,58.400001525878906,45.439693450927734,999900,PFG,yfinance,2026-02-10T05:10:16.435896+00:00
2019-07-18,58.5,59.779998779296875,58.310001373291016,59.70000076293945,46.451194763183594,1442200,PFG,yfinance,2026-02-10T05:10:16.435896+00:00
2019-07-19,59.439998626708984,60.220001220703125,59.34000015258789,59.369998931884766,46.19443130493164,1675100,PFG,yfinance,2026-02-10T05:10:16.435896+00:00
2019-07-22,59.25,59.5099983215332,58.72999954223633,58.84000015258789,45.78204345703125,1191900,PFG,yfinance,2026-02-10T05:10:16.435896+00:00
2019-07-23,59.34000015258789,59.84000015258789,59.20000076293945,59.81999969482422,46.5445671081543,1124800,PFG,yfinance,2026-02-10T05:10:16.435896+00:00
2019-07-24,59.560001373291016,60.63999938964844,59.47999954223633,60.58000183105469,47.135894775390625,1128300,PFG,yfinance,2026-02-10T05:10:16.435896+00:00
2019-07-25,60.630001068115234,60.63999938964844,59.810001373291016,60.09000015258789,46.754638671875,1706100,PFG,yfinance,2026-02-10T05:10:16.435896+00:00
2019-07-26,59.93000030517578,60.810001373291016,59.099998474121094,60.68000030517578,47.21370315551758,1670600,PFG,yfinance,2026-02-10T05:10:16.435896+00:00
2019-07-29,60.540000915527344,60.58000183105469,59.34000015258789,59.5099983215332,46.30335998535156,1451500,PFG,yfinance,2026-02-10T05:10:16.435896+00:00
2019-07-30,59.0,59.45000076293945,58.61000061035156,59.43000030517578,46.24110794067383,1133800,PFG,yfinance,2026-02-10T05:10:16.435896+00:00
2019-07-31,59.31999969482422,59.34000015258789,57.599998474121094,58.040000915527344,45.159584045410156,2188200,PFG,yfinance,2026-02-10T05:10:16.435896+00:00
2019-08-01,57.9900016784668,58.0099983215332,55.220001220703125,55.70000076293945,43.33888626098633,1960800,PFG,yfinance,2026-02-10T05:10:16.435896+00:00
2019-08-02,55.619998931884766,56.18000030517578,54.529998779296875,55.290000915527344,43.01986312866211,1784200,PFG,yfinance,2026-02-10T05:10:16.435896+00:00
2019-08-05,53.869998931884766,54.4900016784668,52.959999084472656,53.720001220703125,41.79829406738281,1730700,PFG,yfinance,2026-02-10T05:10:16.435896+00:00
2019-08-06,53.970001220703125,54.63999938964844,53.20000076293945,54.33000183105469,42.272926330566406,1305900,PFG,yfinance,2026-02-10T05:10:16.435896+00:00
2019-08-07,53.20000076293945,54.0099983215332,52.47999954223633,53.84000015258789,41.89166259765625,1306500,PFG,yfinance,2026-02-10T05:10:16.435896+00:00
2019-08-08,54.439998626708984,55.72999954223633,54.08000183105469,55.689998626708984,43.33110046386719,1425700,PFG,yfinance,2026-02-10T05:10:16.435896+00:00
2019-08-09,55.15999984741211,55.5,54.4900016784668,54.9900016784668,42.78644561767578,836800,PFG,yfinance,2026-02-10T05:10:16.435896+00:00
2019-08-12,54.40999984741211,54.56999969482422,52.720001220703125,52.880001068115234,41.14470291137695,1445600,PFG,yfinance,2026-02-10T05:10:16.435896+00:00
2019-08-13,52.810001373291016,54.900001525878906,52.70000076293945,54.060001373291016,42.06283950805664,1195100,PFG,yfinance,2026-02-10T05:10:16.435896+00:00
2019-08-14,53.08000183105469,53.08000183105469,52.25,52.43000030517578,40.79456329345703,1060900,PFG,yfinance,2026-02-10T05:10:16.435896+00:00
2019-08-15,52.56999969482422,52.91999816894531,52.04999923706055,52.18000030517578,40.60005569458008,1337000,PFG,yfinance,2026-02-10T05:10:16.435896+00:00
2019-08-16,52.25,53.56999969482422,52.099998474121094,53.290000915527344,41.46371841430664,1606300,PFG,yfinance,2026-02-10T05:10:16.435896+00:00
2019-08-19,54.40999984741211,54.439998626708984,53.70000076293945,53.880001068115234,41.92277908325195,1162300,PFG,yfinance,2026-02-10T05:10:16.435896+00:00
2019-08-20,53.439998626708984,54.0,53.0099983215332,53.27000045776367,41.448158264160156,854900,PFG,yfinance,2026-02-10T05:10:16.435896+00:00
2019-08-21,53.83000183105469,54.029998779296875,53.59000015258789,53.7400016784668,41.813846588134766,683400,PFG,yfinance,2026-02-10T05:10:16.435896+00:00
2019-08-22,54.18000030517578,54.4900016784668,53.63999938964844,54.09000015258789,42.08617401123047,860200,PFG,yfinance,2026-02-10T05:10:16.435896+00:00
2019-08-23,53.720001220703125,54.220001220703125,51.9900016784668,52.310001373291016,40.701202392578125,1154800,PFG,yfinance,2026-02-10T05:10:16.435896+00:00
2019-08-26,52.900001525878906,53.290000915527344,52.58000183105469,53.08000183105469,41.30032730102539,857500,PFG,yfinance,2026-02-10T05:10:16.435896+00:00
2019-08-27,53.43000030517578,53.68000030517578,52.29999923706055,52.5099983215332,40.856807708740234,1049200,PFG,yfinance,2026-02-10T05:10:16.435896+00:00
2019-08-28,51.970001220703125,52.709999084472656,51.959999084472656,52.5099983215332,40.856807708740234,1039600,PFG,yfinance,2026-02-10T05:10:16.435896+00:00
2019-08-29,53.150001525878906,53.41999816894531,52.849998474121094,53.20000076293945,41.39369583129883,1050500,PFG,yfinance,2026-02-10T05:10:16.435896+00:00
2019-08-30,53.58000183105469,53.97999954223633,53.11000061035156,53.220001220703125,41.409244537353516,1199400,PFG,yfinance,2026-02-10T05:10:16.435896+00:00
2019-09-03,52.95000076293945,52.959999084472656,52.029998779296875,52.66999816894531,40.98130798339844,1136900,PFG,yfinance,2026-02-10T05:10:16.435896+00:00
2019-09-04,52.72999954223633,52.93000030517578,52.41999816894531,52.560001373291016,41.327274322509766,1115600,PFG,yfinance,2026-02-10T05:10:16.435896+00:00
2019-09-05,53.22999954223633,54.25,53.22999954223633,53.900001525878906,42.38089370727539,1081500,PFG,yfinance,2026-02-10T05:10:16.435896+00:00
2019-09-06,53.90999984741211,54.720001220703125,53.650001525878906,54.5,42.8526611328125,1152700,PFG,yfinance,2026-02-10T05:10:16.435896+00:00
2019-09-09,54.90999984741211,56.06999969482422,54.68000030517578,56.0099983215332,44.03996658325195,1335600,PFG,yfinance,2026-02-10T05:10:16.435896+00:00
2019-09-10,55.970001220703125,56.68000030517578,55.779998779296875,56.650001525878906,44.5432014465332,1015500,PFG,yfinance,2026-02-10T05:10:16.435896+00:00
2019-09-11,56.4900016784668,56.709999084472656,55.58000183105469,56.68000030517578,44.56678009033203,1054200,PFG,yfinance,2026-02-10T05:10:16.435896+00:00
2019-09-12,56.40999984741211,57.540000915527344,55.91999816894531,57.36000061035156,45.10145568847656,1194000,PFG,yfinance,2026-02-10T05:10:16.435896+00:00
2019-09-13,57.90999984741211,58.279998779296875,57.43000030517578,57.83000183105469,45.47100830078125,1096100,PFG,yfinance,2026-02-10T05:10:16.435896+00:00
2019-09-16,57.439998626708984,57.70000076293945,56.689998626708984,56.91999816894531,44.7554817199707,984200,PFG,yfinance,2026-02-10T05:10:16.435896+00:00
2019-09-17,56.540000915527344,57.20000076293945,56.45000076293945,57.16999816894531,44.95206832885742,1100100,PFG,yfinance,2026-02-10T05:10:16.435896+00:00
2019-09-18,56.900001525878906,57.34000015258789,56.630001068115234,57.150001525878906,44.936336517333984,1080000,PFG,yfinance,2026-02-10T05:10:16.435896+00:00
2019-09-19,57.099998474121094,57.720001220703125,56.869998931884766,56.900001525878906,44.73976516723633,638800,PFG,yfinance,2026-02-10T05:10:16.435896+00:00
2019-09-20,57.099998474121094,57.36000061035156,56.40999984741211,56.560001373291016,44.47242736816406,1511000,PFG,yfinance,2026-02-10T05:10:16.435896+00:00
2019-09-23,55.84000015258789,57.40999984741211,55.709999084472656,57.119998931884766,44.91273498535156,685800,PFG,yfinance,2026-02-10T05:10:16.435896+00:00
2019-09-24,57.439998626708984,57.439998626708984,56.18000030517578,56.54999923706055,44.464569091796875,1110600,PFG,yfinance,2026-02-10T05:10:16.435896+00:00
2019-09-25,56.619998931884766,57.0,56.2400016784668,56.779998779296875,44.64540481567383,725300,PFG,yfinance,2026-02-10T05:10:16.435896+00:00
2019-09-26,56.619998931884766,56.970001220703125,56.13999938964844,56.720001220703125,44.59822463989258,716800,PFG,yfinance,2026-02-10T05:10:16.435896+00:00
2019-09-27,57.22999954223633,57.45000076293945,56.900001525878906,57.369998931884766,45.10932159423828,654600,PFG,yfinance,2026-02-10T05:10:16.435896+00:00
2019-09-30,57.43000030517578,57.720001220703125,56.9900016784668,57.13999938964844,44.92847442626953,951500,PFG,yfinance,2026-02-10T05:10:16.435896+00:00
2019-10-01,57.560001373291016,57.560001373291016,55.13999938964844,55.18000030517578,43.38735580444336,765500,PFG,yfinance,2026-02-10T05:10:16.435896+00:00
2019-10-02,54.88999938964844,54.88999938964844,53.59000015258789,53.709999084472656,42.23150634765625,1110000,PFG,yfinance,2026-02-10T05:10:16.435896+00:00
2019-10-03,53.380001068115234,53.560001373291016,52.369998931884766,53.36000061035156,41.9563102722168,1088500,PFG,yfinance,2026-02-10T05:10:16.435896+00:00
2019-10-04,53.31999969482422,54.790000915527344,53.31999969482422,54.75,43.04924774169922,878900,PFG,yfinance,2026-02-10T05:10:16.435896+00:00
2019-10-07,54.619998931884766,54.91999816894531,54.290000915527344,54.290000915527344,42.68754577636719,748700,PFG,yfinance,2026-02-10T05:10:16.435896+00:00
2019-10-08,53.45000076293945,53.56999969482422,52.34000015258789,52.369998931884766,41.17788314819336,914000,PFG,yfinance,2026-02-10T05:10:16.435896+00:00
2019-10-09,53.13999938964844,53.630001068115234,52.79999923706055,53.29999923706055,41.90912628173828,1181100,PFG,yfinance,2026-02-10T05:10:16.435896+00:00
2019-10-10,53.5,54.27000045776367,53.29999923706055,53.95000076293945,42.42021179199219,894200,PFG,yfinance,2026-02-10T05:10:16.435896+00:00
2019-10-11,54.939998626708984,56.11000061035156,54.939998626708984,55.349998474121094,43.52101135253906,903300,PFG,yfinance,2026-02-10T05:10:16.435896+00:00
2019-10-14,54.7599983215332,55.36000061035156,54.59000015258789,55.2599983215332,43.45025634765625,729700,PFG,yfinance,2026-02-10T05:10:16.435896+00:00
2019-10-15,55.40999984741211,56.119998931884766,55.2400016784668,55.83000183105469,43.898441314697266,676200,PFG,yfinance,2026-02-10T05:10:16.435896+00:00
2019-10-16,55.720001220703125,56.02000045776367,55.029998779296875,55.400001525878906,43.56033706665039,810400,PFG,yfinance,2026-02-10T05:10:16.435896+00:00
2019-10-17,55.79999923706055,56.09000015258789,55.349998474121094,55.4900016784668,43.631103515625,539700,PFG,yfinance,2026-02-10T05:10:16.435896+00:00
2019-10-18,55.33000183105469,56.22999954223633,55.33000183105469,56.0,44.032100677490234,687100,PFG,yfinance,2026-02-10T05:10:16.435896+00:00
2019-10-21,56.43000030517578,56.91999816894531,56.43000030517578,56.83000183105469,44.684730529785156,617100,PFG,yfinance,2026-02-10T05:10:16.435896+00:00
2019-10-22,56.619998931884766,57.060001373291016,55.61000061035156,56.77000045776367,44.63754653930664,819200,PFG,yfinance,2026-02-10T05:10:16.435896+00:00
2019-10-23,56.68000030517578,57.400001525878906,56.68000030517578,57.33000183105469,45.077880859375,589100,PFG,yfinance,2026-02-10T05:10:16.435896+00:00
2019-10-24,57.400001525878906,57.72999954223633,56.93000030517578,57.400001525878906,45.13291931152344,1052700,PFG,yfinance,2026-02-10T05:10:16.435896+00:00
2019-10-25,53.0,55.34000015258789,53.0,54.5099983215332,42.86053466796875,2210000,PFG,yfinance,2026-02-10T05:10:16.435896+00:00
2019-10-28,54.70000076293945,55.70000076293945,54.70000076293945,55.08000183105469,43.3087158203125,947200,PFG,yfinance,2026-02-10T05:10:16.435896+00:00
2019-10-29,54.880001068115234,55.529998779296875,54.790000915527344,55.0,43.245811462402344,873200,PFG,yfinance,2026-02-10T05:10:16.435896+00:00
2019-10-30,54.79999923706055,54.83000183105469,53.939998626708984,54.31999969482422,42.711143493652344,979200,PFG,yfinance,2026-02-10T05:10:16.435896+00:00
2019-10-31,54.06999969482422,54.2599983215332,53.060001373291016,53.380001068115234,41.972023010253906,1411900,PFG,yfinance,2026-02-10T05:10:16.435896+00:00
2019-11-01,53.939998626708984,54.61000061035156,53.939998626708984,54.54999923706055,42.89198684692383,929700,PFG,yfinance,2026-02-10T05:10:16.435896+00:00
2019-11-04,55.16999816894531,55.459999084472656,55.0099983215332,55.41999816894531,43.57605743408203,962400,PFG,yfinance,2026-02-10T05:10:16.435896+00:00
2019-11-05,55.47999954223633,56.400001525878906,55.40999984741211,56.27000045776367,44.244407653808594,1406800,PFG,yfinance,2026-02-10T05:10:16.435896+00:00
2019-11-06,56.31999969482422,56.58000183105469,55.90999984741211,56.310001373291016,44.275856018066406,1249100,PFG,yfinance,2026-02-10T05:10:16.435896+00:00
2019-11-07,56.68000030517578,57.029998779296875,55.720001220703125,55.86000061035156,43.922027587890625,1415600,PFG,yfinance,2026-02-10T05:10:16.435896+00:00
2019-11-08,55.7599983215332,55.81999969482422,54.45000076293945,55.29999923706055,43.4817008972168,1185500,PFG,yfinance,2026-02-10T05:10:16.435896+00:00
2019-11-11,54.7400016784668,55.88999938964844,54.7400016784668,55.560001373291016,43.68614959716797,819100,PFG,yfinance,2026-02-10T05:10:16.435896+00:00
2019-11-12,55.45000076293945,56.09000015258789,55.310001373291016,55.869998931884766,43.92988204956055,980300,PFG,yfinance,2026-02-10T05:10:16.435896+00:00
2019-11-13,55.25,55.25,54.369998931884766,54.400001525878906,42.7740478515625,818100,PFG,yfinance,2026-02-10T05:10:16.435896+00:00
2019-11-14,54.27000045776367,54.75,54.209999084472656,54.59000015258789,42.92344284057617,690700,PFG,yfinance,2026-02-10T05:10:16.435896+00:00
2019-11-15,54.91999816894531,55.040000915527344,54.34000015258789,54.619998931884766,42.94702911376953,980400,PFG,yfinance,2026-02-10T05:10:16.435896+00:00
2019-11-18,54.33000183105469,54.459999084472656,53.630001068115234,54.279998779296875,42.679691314697266,630700,PFG,yfinance,2026-02-10T05:10:16.435896+00:00
2019-11-19,54.65999984741211,55.13999938964844,54.5,54.790000915527344,43.080711364746094,901300,PFG,yfinance,2026-02-10T05:10:16.435896+00:00
2019-11-20,54.33000183105469,54.56999969482422,53.689998626708984,54.279998779296875,42.679691314697266,727500,PFG,yfinance,2026-02-10T05:10:16.435896+00:00
2019-11-21,54.36000061035156,54.61000061035156,54.040000915527344,54.34000015258789,42.726863861083984,695200,PFG,yfinance,2026-02-10T05:10:16.435896+00:00
2019-11-22,54.63999938964844,55.22999954223633,54.4900016784668,54.619998931884766,42.94702911376953,679400,PFG,yfinance,2026-02-10T05:10:16.435896+00:00
2019-11-25,54.58000183105469,55.02000045776367,54.400001525878906,54.849998474121094,43.12786865234375,949300,PFG,yfinance,2026-02-10T05:10:16.435896+00:00
2019-11-26,54.540000915527344,54.79999923706055,54.25,54.63999938964844,42.96275329589844,845900,PFG,yfinance,2026-02-10T05:10:16.435896+00:00
2019-11-27,54.68000030517578,55.2599983215332,54.68000030517578,55.209999084472656,43.41094970703125,777200,PFG,yfinance,2026-02-10T05:10:16.435896+00:00
2019-11-29,55.209999084472656,55.40999984741211,54.97999954223633,55.099998474121094,43.32444381713867,468400,PFG,yfinance,2026-02-10T05:10:16.435896+00:00
2019-12-02,54.630001068115234,55.04999923706055,53.790000915527344,53.849998474121094,42.76849365234375,942600,PFG,yfinance,2026-02-10T05:10:16.435896+00:00
2019-12-03,52.88999938964844,53.70000076293945,52.16999816894531,52.349998474121094,41.577171325683594,1145000,PFG,yfinance,2026-02-10T05:10:16.435896+00:00
2019-12-04,52.47999954223633,53.349998474121094,52.400001525878906,52.79999923706055,41.934574127197266,764300,PFG,yfinance,2026-02-10T05:10:16.435896+00:00
2019-12-05,52.79999923706055,53.16999816894531,52.52000045776367,52.790000915527344,41.926631927490234,1189400,PFG,yfinance,2026-02-10T05:10:16.435896+00:00
2019-12-06,53.77000045776367,53.970001220703125,53.38999938964844,53.65999984741211,42.61759567260742,782800,PFG,yfinance,2026-02-10T05:10:16.435896+00:00
2019-12-09,53.52000045776367,53.75,53.16999816894531,53.25,42.291961669921875,749000,PFG,yfinance,2026-02-10T05:10:16.435896+00:00
2019-12-10,53.36000061035156,53.63999938964844,53.119998931884766,53.2400016784668,42.28402328491211,933100,PFG,yfinance,2026-02-10T05:10:16.435896+00:00
2019-12-11,52.95000076293945,53.77000045776367,52.7400016784668,53.52000045776367,42.50640869140625,1098100,PFG,yfinance,2026-02-10T05:10:16.435896+00:00
2019-12-12,53.619998931884766,55.0099983215332,53.470001220703125,54.86000061035156,43.57066345214844,1122400,PFG,yfinance,2026-02-10T05:10:16.435896+00:00
2019-12-13,54.56999969482422,55.13999938964844,53.959999084472656,54.290000915527344,43.117942810058594,1046700,PFG,yfinance,2026-02-10T05:10:16.435896+00:00
2019-12-16,54.709999084472656,55.02000045776367,54.29999923706055,54.380001068115234,43.18943405151367,1051700,PFG,yfinance,2026-02-10T05:10:16.435896+00:00
2019-12-17,54.400001525878906,54.91999816894531,54.2400016784668,54.65999984741211,43.41181564331055,868400,PFG,yfinance,2026-02-10T05:10:16.435896+00:00
2019-12-18,54.83000183105469,55.310001373291016,54.56999969482422,54.7400016784668,43.4753532409668,1118900,PFG,yfinance,2026-02-10T05:10:16.435896+00:00
2019-12-19,54.880001068115234,55.18000030517578,54.5,55.099998474121094,43.76126480102539,1016600,PFG,yfinance,2026-02-10T05:10:16.435896+00:00
2019-12-20,55.4900016784668,55.880001068115234,54.63999938964844,55.04999923706055,43.72154998779297,2725100,PFG,yfinance,2026-02-10T05:10:16.435896+00:00
2019-12-23,55.029998779296875,55.029998779296875,54.529998779296875,54.790000915527344,43.515071868896484,734400,PFG,yfinance,2026-02-10T05:10:16.435896+00:00
2019-12-24,55.029998779296875,55.130001068115234,54.599998474121094,54.720001220703125,43.45946502685547,252500,PFG,yfinance,2026-02-10T05:10:16.435896+00:00
2019-12-26,54.790000915527344,55.13999938964844,54.61000061035156,54.970001220703125,43.65801239013672,412900,PFG,yfinance,2026-02-10T05:10:16.435896+00:00
2019-12-27,54.849998474121094,55.06999969482422,54.470001220703125,54.7599983215332,43.491233825683594,686300,PFG,yfinance,2026-02-10T05:10:16.435896+00:00
2019-12-30,54.95000076293945,54.95000076293945,54.58000183105469,54.650001525878906,43.403865814208984,505500,PFG,yfinance,2026-02-10T05:10:16.435896+00:00
2019-12-31,54.54999923706055,55.11000061035156,54.54999923706055,55.0,43.68183898925781,673900,PFG,yfinance,2026-02-10T05:10:16.435896+00:00
2020-01-02,55.43000030517578,55.88999938964844,55.099998474121094,55.72999954223633,44.26162338256836,1164500,PFG,yfinance,2026-02-10T05:10:16.435896+00:00
2020-01-03,54.65999984741211,55.060001373291016,54.22999954223633,54.90999984741211,43.610374450683594,896100,PFG,yfinance,2026-02-10T05:10:16.435896+00:00
2020-01-06,54.36000061035156,55.029998779296875,54.189998626708984,55.0,43.68183898925781,849900,PFG,yfinance,2026-02-10T05:10:16.435896+00:00
2020-01-07,54.88999938964844,55.650001525878906,54.38999938964844,55.349998474121094,43.95981216430664,868300,PFG,yfinance,2026-02-10T05:10:16.435896+00:00
2020-01-08,55.290000915527344,56.04999923706055,55.209999084472656,55.59000015258789,44.15043640136719,1176900,PFG,yfinance,2026-02-10T05:10:16.435896+00:00
2020-01-09,55.90999984741211,56.22999954223633,55.619998931884766,56.18000030517578,44.6190185546875,945300,PFG,yfinance,2026-02-10T05:10:16.435896+00:00
2020-01-10,56.2400016784668,56.47999954223633,55.68000030517578,55.70000076293945,44.237789154052734,1122100,PFG,yfinance,2026-02-10T05:10:16.435896+00:00
2020-01-13,55.84000015258789,56.20000076293945,55.68000030517578,56.04999923706055,44.515777587890625,1420900,PFG,yfinance,2026-02-10T05:10:16.435896+00:00
2020-01-14,56.08000183105469,56.29999923706055,55.619998931884766,55.75,44.27750778198242,1703900,PFG,yfinance,2026-02-10T05:10:16.435896+00:00
2020-01-15,55.58000183105469,55.68000030517578,55.040000915527344,55.209999084472656,43.84864044189453,1604800,PFG,yfinance,2026-02-10T05:10:16.435896+00:00
2020-01-16,55.709999084472656,56.369998931884766,55.630001068115234,56.099998474121094,44.55547332763672,1425600,PFG,yfinance,2026-02-10T05:10:16.435896+00:00
2020-01-17,56.099998474121094,57.15999984741211,56.099998474121094,57.08000183105469,45.33381271362305,1848300,PFG,yfinance,2026-02-10T05:10:16.435896+00:00
2020-01-21,56.619998931884766,56.810001373291016,55.470001220703125,55.619998931884766,44.174259185791016,1608700,PFG,yfinance,2026-02-10T05:10:16.435896+00:00
2020-01-22,55.849998474121094,56.150001525878906,55.56999969482422,55.61000061035156,44.16631317138672,1014700,PFG,yfinance,2026-02-10T05:10:16.435896+00:00
2020-01-23,55.36000061035156,55.58000183105469,54.290000915527344,55.33000183105469,43.943939208984375,1073800,PFG,yfinance,2026-02-10T05:10:16.435896+00:00
2020-01-24,55.33000183105469,55.34000015258789,54.0,54.36000061035156,43.17354965209961,1186300,PFG,yfinance,2026-02-10T05:10:16.435896+00:00
2020-01-27,53.099998474121094,53.650001525878906,52.79999923706055,52.90999984741211,42.021934509277344,1150800,PFG,yfinance,2026-02-10T05:10:16.435896+00:00
2020-01-28,53.5099983215332,54.34000015258789,53.279998779296875,53.849998474121094,42.76849365234375,1605100,PFG,yfinance,2026-02-10T05:10:16.435896+00:00
2020-01-29,55.900001525878906,55.900001525878906,54.209999084472656,54.47999954223633,43.26885223388672,1638000,PFG,yfinance,2026-02-10T05:10:16.435896+00:00
2020-01-30,53.900001525878906,54.459999084472656,53.58000183105469,54.43000030517578,43.2291374206543,1162100,PFG,yfinance,2026-02-10T05:10:16.435896+00:00
2020-01-31,53.9900016784668,54.08000183105469,52.91999816894531,52.95000076293945,42.05370330810547,2459400,PFG,yfinance,2026-02-10T05:10:16.435896+00:00
2020-02-03,53.5099983215332,54.52000045776367,53.349998474121094,53.869998931884766,42.78437805175781,1299400,PFG,yfinance,2026-02-10T05:10:16.435896+00:00
2020-02-04,54.619998931884766,55.04999923706055,54.540000915527344,54.58000183105469,43.34827423095703,738200,PFG,yfinance,2026-02-10T05:10:16.435896+00:00
2020-02-05,55.560001373291016,56.369998931884766,55.349998474121094,56.13999938964844,44.58724594116211,989800,PFG,yfinance,2026-02-10T05:10:16.435896+00:00
2020-02-06,56.54999923706055,56.560001373291016,55.900001525878906,56.119998931884766,44.57136154174805,1058700,PFG,yfinance,2026-02-10T05:10:16.435896+00:00
2020-02-07,55.650001525878906,55.97999954223633,55.310001373291016,55.59000015258789,44.15043640136719,733600,PFG,yfinance,2026-02-10T05:10:16.435896+00:00
2020-02-10,55.349998474121094,55.79999923706055,55.2400016784668,55.79999923706055,44.31721878051758,592900,PFG,yfinance,2026-02-10T05:10:16.435896+00:00
2020-02-11,55.939998626708984,56.88999938964844,55.83000183105469,56.34000015258789,44.74609375,748700,PFG,yfinance,2026-02-10T05:10:16.435896+00:00
2020-02-12,56.400001525878906,57.0,56.369998931884766,56.52000045776367,44.88905334472656,758600,PFG,yfinance,2026-02-10T05:10:16.435896+00:00
2020-02-13,56.119998931884766,56.5099983215332,55.63999938964844,55.9900016784668,44.46812438964844,1276300,PFG,yfinance,2026-02-10T05:10:16.435896+00:00
2020-02-14,55.90999984741211,56.38999938964844,55.90999984741211,56.36000061035156,44.76198196411133,766500,PFG,yfinance,2026-02-10T05:10:16.435896+00:00
2020-02-18,56.02000045776367,56.650001525878906,54.68000030517578,55.2599983215332,43.888343811035156,1325000,PFG,yfinance,2026-02-10T05:10:16.435896+00:00
2020-02-19,55.560001373291016,56.0,55.310001373291016,55.90999984741211,44.404579162597656,726100,PFG,yfinance,2026-02-10T05:10:16.435896+00:00
2020-02-20,55.68000030517578,56.369998931884766,55.58000183105469,55.97999954223633,44.46017074584961,929400,PFG,yfinance,2026-02-10T05:10:16.435896+00:00
2020-02-21,55.59000015258789,55.650001525878906,54.369998931884766,54.40999984741211,43.213253021240234,1123400,PFG,yfinance,2026-02-10T05:10:16.435896+00:00
2020-02-24,52.7599983215332,53.439998626708984,51.25,51.72999954223633,41.08475112915039,1299500,PFG,yfinance,2026-02-10T05:10:16.435896+00:00
2020-02-25,52.04999923706055,52.34000015258789,49.119998931884766,49.47999954223633,39.297767639160156,1427500,PFG,yfinance,2026-02-10T05:10:16.435896+00:00
2020-02-26,50.13999938964844,50.560001373291016,48.900001525878906,48.95000076293945,38.87683868408203,1491900,PFG,yfinance,2026-02-10T05:10:16.435896+00:00
2020-02-27,48.04999923706055,48.900001525878906,46.459999084472656,46.810001373291016,37.177223205566406,1721800,PFG,yfinance,2026-02-10T05:10:16.435896+00:00
2020-02-28,45.20000076293945,45.58000183105469,43.099998474121094,44.38999938964844,35.682090759277344,3159800,PFG,yfinance,2026-02-10T05:10:16.435896+00:00
2020-03-02,44.599998474121094,47.11000061035156,43.970001220703125,47.08000183105469,37.84440612792969,2399100,PFG,yfinance,2026-02-10T05:10:16.435896+00:00
2020-03-03,46.970001220703125,47.630001068115234,44.560001373291016,44.75,35.97146987915039,2615200,PFG,yfinance,2026-02-10T05:10:16.435896+00:00
2020-03-04,45.61000061035156,46.34000015258789,44.150001525878906,46.2400016784668,37.169185638427734,2419200,PFG,yfinance,2026-02-10T05:10:16.435896+00:00
2020-03-05,44.45000076293945,44.790000915527344,43.439998626708984,43.88999938964844,35.28017807006836,1824300,PFG,yfinance,2026-02-10T05:10:16.435896+00:00
2020-03-06,41.560001373291016,43.83000183105469,41.209999084472656,42.279998779296875,33.98600387573242,3041000,PFG,yfinance,2026-02-10T05:10:16.435896+00:00
2020-03-09,38.41999816894531,40.2599983215332,35.27000045776367,35.40999984741211,28.46367835998535,3157300,PFG,yfinance,2026-02-10T05:10:16.435896+00:00
2020-03-10,37.369998931884766,38.68000030517578,34.720001220703125,37.56999969482422,30.19996452331543,4202400,PFG,yfinance,2026-02-10T05:10:16.435896+00:00
2020-03-11,36.11000061035156,36.970001220703125,35.029998779296875,35.91999816894531,28.873638153076172,3553600,PFG,yfinance,2026-02-10T05:10:16.435896+00:00
2020-03-12,32.720001220703125,33.779998779296875,30.860000610351562,30.979999542236328,24.902711868286133,4020900,PFG,yfinance,2026-02-10T05:10:16.435896+00:00
2020-03-13,33.36000061035156,35.619998931884766,31.59000015258789,35.54999923706055,28.57621955871582,3880400,PFG,yfinance,2026-02-10T05:10:16.435896+00:00
2020-03-16,29.510000228881836,32.689998626708984,29.170000076293945,29.309999465942383,23.5603084564209,2457800,PFG,yfinance,2026-02-10T05:10:16.435896+00:00
2020-03-17,30.110000610351562,30.780000686645508,27.600000381469727,28.65999984741211,23.037817001342773,3726900,PFG,yfinance,2026-02-10T05:10:16.435896+00:00
2020-03-18,26.399999618530273,27.5,25.34000015258789,27.209999084472656,21.872257232666016,2941400,PFG,yfinance,2026-02-10T05:10:16.435896+00:00
2020-03-19,26.530000686645508,29.010000228881836,25.510000228881836,26.889999389648438,21.61503791809082,2373500,PFG,yfinance,2026-02-10T05:10:16.435896+00:00
2020-03-20,27.049999237060547,28.040000915527344,25.139999389648438,25.68000030517578,20.642404556274414,3215400,PFG,yfinance,2026-02-10T05:10:16.435896+00:00
2020-03-23,25.309999465942383,25.84000015258789,23.309999465942383,24.15999984741211,19.420574188232422,2243000,PFG,yfinance,2026-02-10T05:10:16.435896+00:00
2020-03-24,25.989999771118164,29.729999542236328,25.84000015258789,29.610000610351562,23.80145835876465,2697100,PFG,yfinance,2026-02-10T05:10:16.435896+00:00
2020-03-25,30.229999542236328,34.86000061035156,29.780000686645508,32.59000015258789,26.19687843322754,2908800,PFG,yfinance,2026-02-10T05:10:16.435896+00:00
2020-03-26,33.0,34.65999984741211,32.25,33.849998474121094,27.20970916748047,2493700,PFG,yfinance,2026-02-10T05:10:16.435896+00:00
2020-03-27,32.0,34.04999923706055,31.510000228881836,32.599998474121094,26.204914093017578,2035100,PFG,yfinance,2026-02-10T05:10:16.435896+00:00
2020-03-30,32.20000076293945,33.439998626708984,30.959999084472656,33.209999084472656,26.695255279541016,2070300,PFG,yfinance,2026-02-10T05:10:16.435896+00:00
2020-03-31,32.91999816894531,33.119998931884766,30.8799991607666,31.34000015258789,25.192089080810547,2277700,PFG,yfinance,2026-02-10T05:10:16.435896+00:00
2020-04-01,29.3700008392334,29.75,27.020000457763672,27.399999618530273,22.024991989135742,2325800,PFG,yfinance,2026-02-10T05:10:16.435896+00:00
2020-04-02,27.010000228881836,28.139999389648438,26.09000015258789,26.600000381469727,21.38192367553711,2529400,PFG,yfinance,2026-02-10T05:10:16.435896+00:00
2020-04-03,26.329999923706055,27.100000381469727,25.799999237060547,26.40999984741211,21.22919464111328,1790900,PFG,yfinance,2026-02-10T05:10:16.435896+00:00
2020-04-06,28.360000610351562,28.6200008392334,27.56999969482422,28.260000228881836,22.71628761291504,2556700,PFG,yfinance,2026-02-10T05:10:16.435896+00:00
2020-04-07,30.610000610351562,31.34000015258789,28.709999084472656,28.809999465942383,23.158390045166016,2163200,PFG,yfinance,2026-02-10T05:10:16.435896+00:00
2020-04-08,29.31999969482422,30.93000030517578,28.670000076293945,30.440000534057617,24.468637466430664,3185400,PFG,yfinance,2026-02-10T05:10:16.435896+00:00
2020-04-09,31.850000381469727,34.5,31.350000381469727,32.599998474121094,26.204914093017578,2436600,PFG,yfinance,2026-02-10T05:10:16.435896+00:00
2020-04-13,32.709999084472656,32.75,31.09000015258789,31.5,25.320703506469727,2120500,PFG,yfinance,2026-02-10T05:10:16.435896+00:00
2020-04-14,32.11000061035156,32.56999969482422,31.260000228881836,31.579999923706055,25.385009765625,2019800,PFG,yfinance,2026-02-10T05:10:16.435896+00:00
2020-04-15,30.040000915527344,30.329999923706055,29.219999313354492,29.6299991607666,23.817537307739258,1740100,PFG,yfinance,2026-02-10T05:10:16.435896+00:00
2020-04-16,29.34000015258789,29.610000610351562,28.399999618530273,28.6299991607666,23.01370620727539,1586400,PFG,yfinance,2026-02-10T05:10:16.435896+00:00
2020-04-17,30.1200008392334,30.8700008392334,29.90999984741211,30.540000915527344,24.549022674560547,2239200,PFG,yfinance,2026-02-10T05:10:16.435896+00:00
2020-04-20,29.600000381469727,30.510000228881836,29.049999237060547,29.790000915527344,23.946147918701172,1428400,PFG,yfinance,2026-02-10T05:10:16.435896+00:00
2020-04-21,28.5,29.420000076293945,28.110000610351562,28.43000030517578,22.852937698364258,1346400,PFG,yfinance,2026-02-10T05:10:16.435896+00:00
2020-04-22,29.389999389648438,29.5,28.850000381469727,29.049999237060547,23.351316452026367,1379200,PFG,yfinance,2026-02-10T05:10:16.435896+00:00
2020-04-23,30.170000076293945,30.170000076293945,29.0,29.469999313354492,23.688922882080078,1652200,PFG,yfinance,2026-02-10T05:10:16.435896+00:00
2020-04-24,29.809999465942383,30.329999923706055,28.760000228881836,29.979999542236328,24.098876953125,2461900,PFG,yfinance,2026-02-10T05:10:16.435896+00:00
2020-04-27,30.309999465942383,31.920000076293945,30.260000228881836,31.690000534057617,25.473434448242188,2469800,PFG,yfinance,2026-02-10T05:10:16.435896+00:00
2020-04-28,34.279998779296875,35.130001068115234,32.810001373291016,33.61000061035156,27.016786575317383,3168200,PFG,yfinance,2026-02-10T05:10:16.435896+00:00
2020-04-29,35.040000915527344,36.79999923706055,34.70000076293945,36.54999923706055,29.38004493713379,3426800,PFG,yfinance,2026-02-10T05:10:16.435896+00:00
2020-04-30,35.65999984741211,36.689998626708984,35.25,36.40999984741211,29.267513275146484,3790000,PFG,yfinance,2026-02-10T05:10:16.435896+00:00
2020-05-01,35.279998779296875,35.540000915527344,34.63999938964844,35.099998474121094,28.214496612548828,2575300,PFG,yfinance,2026-02-10T05:10:16.435896+00:00
2020-05-04,34.34000015258789,35.150001525878906,33.88999938964844,34.970001220703125,28.10999298095703,1755200,PFG,yfinance,2026-02-10T05:10:16.435896+00:00
2020-05-05,35.56999969482422,35.84000015258789,34.66999816894531,34.86000061035156,28.02157211303711,1950400,PFG,yfinance,2026-02-10T05:10:16.435896+00:00
2020-05-06,35.34000015258789,35.439998626708984,33.709999084472656,33.959999084472656,27.29813003540039,2082700,PFG,yfinance,2026-02-10T05:10:16.435896+00:00
2020-05-07,34.189998626708984,36.65999984741211,34.189998626708984,36.290000915527344,29.171056747436523,2184900,PFG,yfinance,2026-02-10T05:10:16.435896+00:00
2020-05-08,37.2400016784668,38.310001373291016,36.58000183105469,38.209999084472656,30.714412689208984,1830000,PFG,yfinance,2026-02-10T05:10:16.435896+00:00
2020-05-11,37.220001220703125,37.529998779296875,36.52000045776367,36.61000061035156,29.428279876708984,1404800,PFG,yfinance,2026-02-10T05:10:16.435896+00:00
2020-05-12,37.0099983215332,37.33000183105469,34.91999816894531,34.93000030517578,28.077842712402344,1365200,PFG,yfinance,2026-02-10T05:10:16.435896+00:00
2020-05-13,34.02000045776367,34.7599983215332,32.2599983215332,32.5099983215332,26.132570266723633,1582300,PFG,yfinance,2026-02-10T05:10:16.435896+00:00
2020-05-14,31.59000015258789,33.72999954223633,30.739999771118164,33.619998931884766,27.024824142456055,1860600,PFG,yfinance,2026-02-10T05:10:16.435896+00:00
2020-05-15,33.27000045776367,34.25,32.709999084472656,33.849998474121094,27.20970916748047,1473900,PFG,yfinance,2026-02-10T05:10:16.435896+00:00
2020-05-18,35.619998931884766,37.18000030517578,35.27000045776367,36.77000045776367,29.55689811706543,1677600,PFG,yfinance,2026-02-10T05:10:16.435896+00:00
2020-05-19,36.310001373291016,36.47999954223633,35.27000045776367,35.29999923706055,28.375255584716797,1129300,PFG,yfinance,2026-02-10T05:10:16.435896+00:00
2020-05-20,36.119998931884766,36.70000076293945,35.93000030517578,36.119998931884766,29.03440284729004,897400,PFG,yfinance,2026-02-10T05:10:16.435896+00:00
2020-05-21,35.849998474121094,37.099998474121094,35.529998779296875,37.0,29.741771697998047,1196300,PFG,yfinance,2026-02-10T05:10:16.435896+00:00
2020-05-22,37.189998626708984,37.20000076293945,36.22999954223633,36.93000030517578,29.685510635375977,1630300,PFG,yfinance,2026-02-10T05:10:16.435896+00:00
2020-05-26,38.7400016784668,39.709999084472656,38.5099983215332,39.130001068115234,31.453935623168945,2049900,PFG,yfinance,2026-02-10T05:10:16.435896+00:00
2020-05-27,40.959999084472656,41.58000183105469,40.06999969482422,40.9900016784668,32.949058532714844,1474900,PFG,yfinance,2026-02-10T05:10:16.435896+00:00
2020-05-28,41.619998931884766,41.790000915527344,40.36000061035156,40.79999923706055,32.79634094238281,2148400,PFG,yfinance,2026-02-10T05:10:16.435896+00:00
2020-05-29,38.97999954223633,40.5099983215332,38.060001373291016,38.619998931884766,31.47600746154785,2718100,PFG,yfinance,2026-02-10T05:10:16.435896+00:00
2020-06-01,38.619998931884766,39.86000061035156,37.95000076293945,39.52000045776367,32.20952606201172,1896900,PFG,yfinance,2026-02-10T05:10:16.435896+00:00
2020-06-02,40.13999938964844,40.61000061035156,39.47999954223633,39.709999084472656,32.3643798828125,1431900,PFG,yfinance,2026-02-10T05:10:16.435896+00:00
2020-06-03,40.68000030517578,43.16999816894531,40.34000015258789,43.029998779296875,35.07023620605469,1697200,PFG,yfinance,2026-02-10T05:10:16.435896+00:00
2020-06-04,42.33000183105469,44.63999938964844,42.08000183105469,44.63999938964844,36.382415771484375,1753200,PFG,yfinance,2026-02-10T05:10:16.435896+00:00
2020-06-05,47.2599983215332,48.40999984741211,46.56999969482422,47.04999923706055,38.34661102294922,1931100,PFG,yfinance,2026-02-10T05:10:16.435896+00:00
2020-06-08,48.0,49.34000015258789,47.61000061035156,48.720001220703125,39.70769500732422,2680700,PFG,yfinance,2026-02-10T05:10:16.435896+00:00
2020-06-09,46.529998779296875,47.650001525878906,46.040000915527344,47.27000045776367,38.52592086791992,1342300,PFG,yfinance,2026-02-10T05:10:16.435896+00:00
2020-06-10,46.58000183105469,46.65999984741211,44.310001373291016,44.34000015258789,36.13790512084961,1805100,PFG,yfinance,2026-02-10T05:10:16.435896+00:00
2020-06-11,41.29999923706055,42.70000076293945,39.93000030517578,40.04999923706055,32.6414909362793,2198100,PFG,yfinance,2026-02-10T05:10:16.435896+00:00
2020-06-12,42.31999969482422,42.380001068115234,40.290000915527344,41.880001068115234,34.132972717285156,1514100,PFG,yfinance,2026-02-10T05:10:16.435896+00:00
2020-06-15,39.81999969482422,43.459999084472656,39.599998474121094,43.0099983215332,35.053932189941406,1706900,PFG,yfinance,2026-02-10T05:10:16.435896+00:00
2020-06-16,45.400001525878906,45.400001525878906,42.779998779296875,44.20000076293945,36.02381134033203,1883600,PFG,yfinance,2026-02-10T05:10:16.435896+00:00
2020-06-17,43.90999984741211,44.189998626708984,42.790000915527344,42.849998474121094,34.92353820800781,1225000,PFG,yfinance,2026-02-10T05:10:16.435896+00:00
2020-06-18,40.70000076293945,42.75,40.70000076293945,42.25,34.43452453613281,1741600,PFG,yfinance,2026-02-10T05:10:16.435896+00:00
2020-06-19,43.52000045776367,43.59000015258789,41.11000061035156,42.16999816894531,34.36931610107422,3805800,PFG,yfinance,2026-02-10T05:10:16.435896+00:00
2020-06-22,41.9900016784668,41.9900016784668,41.0,41.25,33.61949920654297,1336600,PFG,yfinance,2026-02-10T05:10:16.435896+00:00
2020-06-23,41.20000076293945,42.4900016784668,41.20000076293945,41.88999938964844,34.14111328125,1762100,PFG,yfinance,2026-02-10T05:10:16.435896+00:00
2020-06-24,41.439998626708984,41.439998626708984,39.220001220703125,39.540000915527344,32.225830078125,1696600,PFG,yfinance,2026-02-10T05:10:16.435896+00:00
2020-06-25,39.29999923706055,40.2599983215332,38.880001068115234,40.0,32.600738525390625,2557400,PFG,yfinance,2026-02-10T05:10:16.435896+00:00
2020-06-26,39.560001373291016,39.650001525878906,38.65999984741211,39.13999938964844,31.899810791015625,2283500,PFG,yfinance,2026-02-10T05:10:16.435896+00:00
2020-06-29,40.0099983215332,40.369998931884766,39.20000076293945,40.349998474121094,32.88599395751953,1215300,PFG,yfinance,2026-02-10T05:10:16.435896+00:00
2020-06-30,39.869998931884766,41.779998779296875,39.869998931884766,41.540000915527344,33.855865478515625,2169100,PFG,yfinance,2026-02-10T05:10:16.435896+00:00
2020-07-01,41.900001525878906,42.310001373291016,39.90999984741211,40.15999984741211,32.73113250732422,1643100,PFG,yfinance,2026-02-10T05:10:16.435896+00:00
2020-07-02,41.47999954223633,42.38999938964844,40.65999984741211,40.790000915527344,33.24458694458008,1495300,PFG,yfinance,2026-02-10T05:10:16.435896+00:00
2020-07-06,42.02000045776367,43.27000045776367,41.88999938964844,42.2599983215332,34.442665100097656,2066400,PFG,yfinance,2026-02-10T05:10:16.435896+00:00
2020-07-07,41.630001068115234,42.0099983215332,40.939998626708984,41.0099983215332,33.42389678955078,1088400,PFG,yfinance,2026-02-10T05:10:16.435896+00:00
2020-07-08,41.16999816894531,41.88999938964844,41.0,41.869998931884766,34.12481689453125,1406900,PFG,yfinance,2026-02-10T05:10:16.435896+00:00
2020-07-09,41.880001068115234,41.880001068115234,39.72999954223633,39.849998474121094,32.478477478027344,1727700,PFG,yfinance,2026-02-10T05:10:16.435896+00:00
2020-07-10,40.04999923706055,41.93000030517578,40.04999923706055,41.88999938964844,34.14111328125,1354900,PFG,yfinance,2026-02-10T05:10:16.435896+00:00
2020-07-13,42.400001525878906,42.849998474121094,41.630001068115234,41.86000061035156,34.11667251586914,1376800,PFG,yfinance,2026-02-10T05:10:16.435896+00:00
2020-07-14,42.040000915527344,42.68000030517578,41.40999984741211,42.529998779296875,34.66273498535156,1088600,PFG,yfinance,2026-02-10T05:10:16.435896+00:00
2020-07-15,43.599998474121094,44.79999923706055,43.08000183105469,44.560001373291016,36.31721878051758,1819300,PFG,yfinance,2026-02-10T05:10:16.435896+00:00
2020-07-16,44.02000045776367,45.31999969482422,43.5099983215332,44.7599983215332,36.480220794677734,1265400,PFG,yfinance,2026-02-10T05:10:16.435896+00:00
2020-07-17,44.72999954223633,44.72999954223633,43.9900016784668,44.5099983215332,36.27646255493164,1200000,PFG,yfinance,2026-02-10T05:10:16.435896+00:00
2020-07-20,43.849998474121094,44.38999938964844,43.560001373291016,43.86000061035156,35.746707916259766,1073300,PFG,yfinance,2026-02-10T05:10:16.435896+00:00
2020-07-21,44.11000061035156,45.20000076293945,44.11000061035156,44.79999923706055,36.5128173828125,1085800,PFG,yfinance,2026-02-10T05:10:16.435896+00:00
2020-07-22,44.779998779296875,45.25,44.279998779296875,44.97999954223633,36.659515380859375,967100,PFG,yfinance,2026-02-10T05:10:16.435896+00:00
2020-07-23,44.84000015258789,45.380001068115234,44.59000015258789,45.02000045776367,36.6921272277832,959600,PFG,yfinance,2026-02-10T05:10:16.435896+00:00
2020-07-24,44.95000076293945,45.279998779296875,44.459999084472656,44.77000045776367,36.488372802734375,1280900,PFG,yfinance,2026-02-10T05:10:16.435896+00:00
2020-07-27,44.43000030517578,44.880001068115234,43.709999084472656,44.709999084472656,36.43946838378906,1382300,PFG,yfinance,2026-02-10T05:10:16.435896+00:00
2020-07-28,46.9900016784668,47.0,43.29999923706055,43.43000030517578,35.396244049072266,2650800,PFG,yfinance,2026-02-10T05:10:16.435896+00:00
2020-07-29,43.33000183105469,43.970001220703125,42.77000045776367,43.880001068115234,35.76300048828125,1828500,PFG,yfinance,2026-02-10T05:10:16.435896+00:00
2020-07-30,42.58000183105469,42.599998474121094,41.630001068115234,42.45000076293945,34.59751892089844,1889300,PFG,yfinance,2026-02-10T05:10:16.435896+00:00
2020-07-31,42.43000030517578,42.5,41.529998779296875,42.43000030517578,34.58123016357422,4589800,PFG,yfinance,2026-02-10T05:10:16.435896+00:00
2020-08-03,42.7599983215332,43.70000076293945,42.189998626708984,42.970001220703125,35.021331787109375,1788000,PFG,yfinance,2026-02-10T05:10:16.435896+00:00
2020-08-04,42.619998931884766,43.4900016784668,42.5099983215332,43.2400016784668,35.241390228271484,1587300,PFG,yfinance,2026-02-10T05:10:16.435896+00:00
2020-08-05,43.70000076293945,44.9900016784668,43.310001373291016,44.650001525878906,36.39056396484375,1706900,PFG,yfinance,2026-02-10T05:10:16.435896+00:00
2020-08-06,44.130001068115234,44.349998474121094,42.88999938964844,42.95000076293945,35.00503921508789,1541500,PFG,yfinance,2026-02-10T05:10:16.435896+00:00
2020-08-07,42.650001525878906,44.34000015258789,42.599998474121094,44.31999969482422,36.12160873413086,1614100,PFG,yfinance,2026-02-10T05:10:16.435896+00:00
2020-08-10,44.720001220703125,45.810001373291016,44.43000030517578,45.560001373291016,37.132240295410156,1139400,PFG,yfinance,2026-02-10T05:10:16.435896+00:00
2020-08-11,46.599998474121094,47.400001525878906,46.119998931884766,46.18000030517578,37.637550354003906,1821900,PFG,yfinance,2026-02-10T05:10:16.435896+00:00
2020-08-12,46.93000030517578,47.0,45.04999923706055,45.43000030517578,37.02628707885742,1183700,PFG,yfinance,2026-02-10T05:10:16.435896+00:00
2020-08-13,44.810001373291016,45.439998626708984,44.58000183105469,44.88999938964844,36.58617401123047,801100,PFG,yfinance,2026-02-10T05:10:16.435896+00:00
2020-08-14,44.599998474121094,45.529998779296875,44.540000915527344,45.220001220703125,36.855125427246094,1086000,PFG,yfinance,2026-02-10T05:10:16.435896+00:00
2020-08-17,45.220001220703125,45.29999923706055,44.310001373291016,44.400001525878906,36.18681335449219,973800,PFG,yfinance,2026-02-10T05:10:16.435896+00:00
2020-08-18,44.68000030517578,44.849998474121094,43.650001525878906,43.7599983215332,35.66518783569336,671900,PFG,yfinance,2026-02-10T05:10:16.435896+00:00
2020-08-19,43.56999969482422,44.400001525878906,43.459999084472656,43.689998626708984,35.60816192626953,847900,PFG,yfinance,2026-02-10T05:10:16.435896+00:00
2020-08-20,43.20000076293945,43.459999084472656,42.880001068115234,43.13999938964844,35.159889221191406,837800,PFG,yfinance,2026-02-10T05:10:16.435896+00:00
2020-08-21,43.189998626708984,43.47999954223633,42.33000183105469,42.61000061035156,34.727928161621094,885600,PFG,yfinance,2026-02-10T05:10:16.435896+00:00
2020-08-24,43.150001525878906,44.66999816894531,42.93000030517578,44.619998931884766,36.366111755371094,855400,PFG,yfinance,2026-02-10T05:10:16.435896+00:00
2020-08-25,45.0,45.43000030517578,44.16999816894531,44.310001373291016,36.113460540771484,814300,PFG,yfinance,2026-02-10T05:10:16.435896+00:00
2020-08-26,44.09000015258789,44.150001525878906,43.61000061035156,43.709999084472656,35.62445831298828,791200,PFG,yfinance,2026-02-10T05:10:16.435896+00:00
2020-08-27,43.61000061035156,44.900001525878906,43.61000061035156,44.34000015258789,36.13790512084961,989300,PFG,yfinance,2026-02-10T05:10:16.435896+00:00
2020-08-28,44.709999084472656,44.720001220703125,43.75,44.33000183105469,36.129764556884766,964300,PFG,yfinance,2026-02-10T05:10:16.435896+00:00
2020-08-31,43.79999923706055,43.810001373291016,42.06999969482422,42.11000061035156,34.759525299072266,1691100,PFG,yfinance,2026-02-10T05:10:16.435896+00:00
2020-09-01,41.75,43.279998779296875,41.540000915527344,42.880001068115234,35.395111083984375,1251900,PFG,yfinance,2026-02-10T05:10:16.435896+00:00
2020-09-02,42.77000045776367,43.459999084472656,42.209999084472656,43.29999923706055,35.74180221557617,1257200,PFG,yfinance,2026-02-10T05:10:16.435896+00:00
2020-09-03,43.63999938964844,44.529998779296875,42.119998931884766,42.52000045776367,35.09794998168945,1392900,PFG,yfinance,2026-02-10T05:10:16.435896+00:00
2020-09-04,43.540000915527344,43.86000061035156,42.599998474121094,43.41999816894531,35.84085464477539,1351400,PFG,yfinance,2026-02-10T05:10:16.435896+00:00
2020-09-08,43.040000915527344,43.349998474121094,41.72999954223633,42.09000015258789,34.743019104003906,1691400,PFG,yfinance,2026-02-10T05:10:16.435896+00:00
2020-09-09,42.66999816894531,42.7400016784668,41.68000030517578,41.849998474121094,34.54490661621094,1078700,PFG,yfinance,2026-02-10T05:10:16.435896+00:00
2020-09-10,41.97999954223633,42.79999923706055,40.650001525878906,40.77000045776367,33.65342712402344,1300500,PFG,yfinance,2026-02-10T05:10:16.435896+00:00
2020-09-11,40.779998779296875,41.59000015258789,40.470001220703125,41.06999969482422,33.901058197021484,1204700,PFG,yfinance,2026-02-10T05:10:16.435896+00:00
2020-09-14,41.439998626708984,41.810001373291016,41.0,41.31999969482422,34.10740661621094,973700,PFG,yfinance,2026-02-10T05:10:16.435896+00:00
2020-09-15,41.349998474121094,41.529998779296875,39.93000030517578,39.95000076293945,32.9765625,1091700,PFG,yfinance,2026-02-10T05:10:16.435896+00:00
2020-09-16,40.13999938964844,41.9900016784668,39.97999954223633,41.61000061035156,34.346797943115234,1856700,PFG,yfinance,2026-02-10T05:10:16.435896+00:00
2020-09-17,41.13999938964844,41.47999954223633,40.63999938964844,41.290000915527344,34.082664489746094,1335600,PFG,yfinance,2026-02-10T05:10:16.435896+00:00
2020-09-18,41.13999938964844,41.33000183105469,40.13999938964844,40.15999984741211,33.149898529052734,1777000,PFG,yfinance,2026-02-10T05:10:16.435896+00:00
2020-09-21,38.959999084472656,39.4900016784668,38.279998779296875,39.0,32.192386627197266,1596100,PFG,yfinance,2026-02-10T05:10:16.435896+00:00
2020-09-22,39.09000015258789,39.63999938964844,38.33000183105469,38.81999969482422,32.04380416870117,1101600,PFG,yfinance,2026-02-10T05:10:16.435896+00:00
2020-09-23,39.04999923706055,39.81999969482422,37.72999954223633,37.790000915527344,31.1935977935791,1190600,PFG,yfinance,2026-02-10T05:10:16.435896+00:00
2020-09-24,37.939998626708984,38.689998626708984,37.029998779296875,38.22999954223633,31.556798934936523,1159800,PFG,yfinance,2026-02-10T05:10:16.435896+00:00
2020-09-25,37.72999954223633,38.90999984741211,37.47999954223633,38.630001068115234,31.88697624206543,1209000,PFG,yfinance,2026-02-10T05:10:16.435896+00:00
2020-09-28,39.56999969482422,40.369998931884766,39.369998931884766,40.099998474121094,33.100372314453125,1626900,PFG,yfinance,2026-02-10T05:10:16.435896+00:00
2020-09-29,39.75,40.13999938964844,39.18000030517578,40.060001373291016,33.067352294921875,1520300,PFG,yfinance,2026-02-10T05:10:16.435896+00:00
2020-09-30,40.2599983215332,40.869998931884766,39.84000015258789,40.27000045776367,33.240699768066406,1541500,PFG,yfinance,2026-02-10T05:10:16.435896+00:00
2020-10-01,40.369998931884766,40.810001373291016,39.849998474121094,40.36000061035156,33.31499481201172,1356400,PFG,yfinance,2026-02-10T05:10:16.435896+00:00
2020-10-02,39.720001220703125,41.34000015258789,39.720001220703125,41.04999923706055,33.884544372558594,810700,PFG,yfinance,2026-02-10T05:10:16.435896+00:00
2020-10-05,41.52000045776367,42.400001525878906,41.5,41.880001068115234,34.569679260253906,826300,PFG,yfinance,2026-02-10T05:10:16.435896+00:00
2020-10-06,42.25,43.150001525878906,41.59000015258789,41.72999954223633,34.44585037231445,1476400,PFG,yfinance,2026-02-10T05:10:16.435896+00:00
2020-10-07,42.16999816894531,43.189998626708984,42.16999816894531,43.09000015258789,35.56846618652344,1050100,PFG,yfinance,2026-02-10T05:10:16.435896+00:00
2020-10-08,43.43000030517578,43.75,42.95000076293945,43.45000076293945,35.865623474121094,897600,PFG,yfinance,2026-02-10T05:10:16.435896+00:00
2020-10-09,43.709999084472656,43.93000030517578,42.40999984741211,42.470001220703125,35.05668258666992,1269300,PFG,yfinance,2026-02-10T05:10:16.435896+00:00
2020-10-12,42.68000030517578,43.0,42.29999923706055,42.79999923706055,35.32908630371094,1048500,PFG,yfinance,2026-02-10T05:10:16.435896+00:00
2020-10-13,42.31999969482422,42.59000015258789,41.099998474121094,41.25,34.04963684082031,887300,PFG,yfinance,2026-02-10T05:10:16.435896+00:00
2020-10-14,41.209999084472656,41.900001525878906,41.209999084472656,41.2400016784668,34.04138946533203,1148300,PFG,yfinance,2026-02-10T05:10:16.435896+00:00
2020-10-15,40.72999954223633,41.56999969482422,40.5099983215332,41.560001373291016,34.3055305480957,986000,PFG,yfinance,2026-02-10T05:10:16.435896+00:00
2020-10-16,41.70000076293945,41.869998931884766,40.86000061035156,41.20000076293945,34.00837326049805,857000,PFG,yfinance,2026-02-10T05:10:16.435896+00:00
2020-10-19,41.29999923706055,41.93000030517578,40.79999923706055,40.869998931884766,33.7359733581543,787000,PFG,yfinance,2026-02-10T05:10:16.435896+00:00
2020-10-20,41.5,42.029998779296875,41.119998931884766,41.220001220703125,34.02486801147461,852200,PFG,yfinance,2026-02-10T05:10:16.435896+00:00
2020-10-21,41.2400016784668,41.41999816894531,40.959999084472656,41.09000015258789,33.91756820678711,707400,PFG,yfinance,2026-02-10T05:10:16.435896+00:00
2020-10-22,40.9900016784668,43.119998931884766,40.869998931884766,42.939998626708984,35.44464111328125,1291200,PFG,yfinance,2026-02-10T05:10:16.435896+00:00
2020-10-23,43.5099983215332,43.9900016784668,43.130001068115234,43.52000045776367,35.923397064208984,1420600,PFG,yfinance,2026-02-10T05:10:16.435896+00:00
2020-10-26,42.84000015258789,42.91999816894531,41.4900016784668,41.9900016784668,34.66047286987305,1299700,PFG,yfinance,2026-02-10T05:10:16.435896+00:00
2020-10-27,40.65999984741211,41.20000076293945,39.29999923706055,39.349998474121094,32.481292724609375,3035000,PFG,yfinance,2026-02-10T05:10:16.435896+00:00
2020-10-28,38.20000076293945,39.08000183105469,37.79999923706055,38.25,31.573307037353516,2462600,PFG,yfinance,2026-02-10T05:10:16.435896+00:00
2020-10-29,37.959999084472656,39.459999084472656,37.5,39.119998931884766,32.29143142700195,1674400,PFG,yfinance,2026-02-10T05:10:16.435896+00:00
2020-10-30,38.70000076293945,39.5,38.529998779296875,39.220001220703125,32.373985290527344,1130400,PFG,yfinance,2026-02-10T05:10:16.435896+00:00
2020-11-02,40.06999969482422,40.099998474121094,39.11000061035156,39.709999084472656,32.7784538269043,1204900,PFG,yfinance,2026-02-10T05:10:16.435896+00:00
2020-11-03,40.7400016784668,41.970001220703125,40.58000183105469,41.79999923706055,34.50362777709961,1584600,PFG,yfinance,2026-02-10T05:10:16.435896+00:00
2020-11-04,40.84000015258789,42.58000183105469,39.849998474121094,41.720001220703125,34.43760299682617,2680800,PFG,yfinance,2026-02-10T05:10:16.435896+00:00
2020-11-05,41.72999954223633,43.130001068115234,41.599998474121094,43.0099983215332,35.502418518066406,1813200,PFG,yfinance,2026-02-10T05:10:16.435896+00:00
2020-11-06,43.380001068115234,43.4900016784668,41.130001068115234,41.369998931884766,34.148685455322266,1858100,PFG,yfinance,2026-02-10T05:10:16.435896+00:00
2020-11-09,44.540000915527344,48.959999084472656,44.529998779296875,47.63999938964844,39.324241638183594,3426900,PFG,yfinance,2026-02-10T05:10:16.435896+00:00
2020-11-10,47.630001068115234,47.709999084472656,46.40999984741211,47.2400016784668,38.99406814575195,2611000,PFG,yfinance,2026-02-10T05:10:16.435896+00:00
2020-11-11,47.279998779296875,47.380001068115234,44.90999984741211,45.54999923706055,37.59906005859375,1878600,PFG,yfinance,2026-02-10T05:10:16.435896+00:00
2020-11-12,44.90999984741211,45.04999923706055,43.970001220703125,44.59000015258789,36.8066291809082,2588700,PFG,yfinance,2026-02-10T05:10:16.435896+00:00
2020-11-13,44.97999954223633,46.52000045776367,44.720001220703125,46.29999923706055,38.218135833740234,765000,PFG,yfinance,2026-02-10T05:10:16.435896+00:00
2020-11-16,48.0,48.470001220703125,47.2599983215332,48.31999969482422,39.885536193847656,1374200,PFG,yfinance,2026-02-10T05:10:16.435896+00:00
2020-11-17,47.90999984741211,49.04999923706055,47.380001068115234,48.9900016784668,40.43859100341797,1491600,PFG,yfinance,2026-02-10T05:10:16.435896+00:00
2020-11-18,49.20000076293945,50.20000076293945,48.88999938964844,48.9900016784668,40.43859100341797,1425000,PFG,yfinance,2026-02-10T05:10:16.435896+00:00
2020-11-19,48.5099983215332,49.0099983215332,48.0,48.93000030517578,40.38905715942383,1556900,PFG,yfinance,2026-02-10T05:10:16.435896+00:00
2020-11-20,48.779998779296875,49.13999938964844,48.369998931884766,49.0,40.44684982299805,1099700,PFG,yfinance,2026-02-10T05:10:16.435896+00:00
2020-11-23,49.66999816894531,50.83000183105469,49.459999084472656,50.63999938964844,41.800575256347656,1540300,PFG,yfinance,2026-02-10T05:10:16.435896+00:00
2020-11-24,51.27000045776367,52.66999816894531,51.2599983215332,52.599998474121094,43.418460845947266,1584100,PFG,yfinance,2026-02-10T05:10:16.435896+00:00
2020-11-25,51.9900016784668,52.189998626708984,51.09000015258789,52.0,42.92318344116211,711900,PFG,yfinance,2026-02-10T05:10:16.435896+00:00
2020-11-27,51.779998779296875,52.189998626708984,51.400001525878906,51.400001525878906,42.42791748046875,602700,PFG,yfinance,2026-02-10T05:10:16.435896+00:00
2020-11-30,51.15999984741211,51.58000183105469,49.61000061035156,49.790000915527344,41.09894561767578,2464500,PFG,yfinance,2026-02-10T05:10:16.435896+00:00
2020-12-01,50.029998779296875,50.150001525878906,49.06999969482422,49.619998931884766,41.424522399902344,2550900,PFG,yfinance,2026-02-10T05:10:16.435896+00:00
2020-12-02,49.290000915527344,51.09000015258789,49.08000183105469,50.86000061035156,42.45972442626953,1398000,PFG,yfinance,2026-02-10T05:10:16.435896+00:00
2020-12-03,50.540000915527344,51.84000015258789,50.540000915527344,51.36000061035156,42.87714767456055,1374900,PFG,yfinance,2026-02-10T05:10:16.435896+00:00
2020-12-04,51.91999816894531,52.70000076293945,51.849998474121094,52.279998779296875,43.64519119262695,1111400,PFG,yfinance,2026-02-10T05:10:16.435896+00:00
2020-12-07,51.650001525878906,51.70000076293945,50.34000015258789,50.709999084472656,42.33450698852539,1377600,PFG,yfinance,2026-02-10T05:10:16.435896+00:00
2020-12-08,50.040000915527344,51.06999969482422,50.040000915527344,50.77000045776367,42.38460159301758,1444800,PFG,yfinance,2026-02-10T05:10:16.435896+00:00
2020-12-09,51.189998626708984,51.369998931884766,50.0099983215332,50.04999923706055,41.78350830078125,1764600,PFG,yfinance,2026-02-10T05:10:16.435896+00:00
2020-12-10,49.119998931884766,50.06999969482422,49.0,49.81999969482422,41.591495513916016,1848500,PFG,yfinance,2026-02-10T05:10:16.435896+00:00
2020-12-11,48.7599983215332,49.529998779296875,48.369998931884766,48.77000045776367,40.71492385864258,1485100,PFG,yfinance,2026-02-10T05:10:16.435896+00:00
2020-12-14,49.689998626708984,49.97999954223633,47.599998474121094,47.81999969482422,39.92182540893555,2074700,PFG,yfinance,2026-02-10T05:10:16.435896+00:00
2020-12-15,48.400001525878906,48.70000076293945,47.75,48.34000015258789,40.3559455871582,1635300,PFG,yfinance,2026-02-10T05:10:16.435896+00:00
2020-12-16,48.27000045776367,48.43000030517578,47.459999084472656,48.220001220703125,40.25576400756836,1558900,PFG,yfinance,2026-02-10T05:10:16.435896+00:00
2020-12-17,48.52000045776367,48.59000015258789,47.709999084472656,48.400001525878906,40.40604019165039,1617900,PFG,yfinance,2026-02-10T05:10:16.435896+00:00
2020-12-18,48.2400016784668,48.83000183105469,47.369998931884766,47.95000076293945,40.030357360839844,4847900,PFG,yfinance,2026-02-10T05:10:16.435896+00:00
2020-12-21,48.189998626708984,48.189998626708984,46.810001373291016,47.5,39.65467834472656,1674200,PFG,yfinance,2026-02-10T05:10:16.435896+00:00
2020-12-22,47.47999954223633,48.11000061035156,47.31999969482422,47.400001525878906,39.57120132446289,1486800,PFG,yfinance,2026-02-10T05:10:16.435896+00:00
2020-12-23,47.90999984741211,48.95000076293945,47.88999938964844,48.540000915527344,40.522911071777344,914500,PFG,yfinance,2026-02-10T05:10:16.435896+00:00
2020-12-24,48.599998474121094,48.84000015258789,47.849998474121094,48.47999954223633,40.47282409667969,415300,PFG,yfinance,2026-02-10T05:10:16.435896+00:00
2020-12-28,48.66999816894531,49.58000183105469,48.599998474121094,48.68000030517578,40.63978958129883,676500,PFG,yfinance,2026-02-10T05:10:16.435896+00:00
2020-12-29,49.040000915527344,49.25,48.33000183105469,48.38999938964844,40.39768600463867,926100,PFG,yfinance,2026-02-10T05:10:16.435896+00:00
2020-12-30,48.45000076293945,49.220001220703125,48.40999984741211,48.779998779296875,40.723270416259766,668900,PFG,yfinance,2026-02-10T05:10:16.435896+00:00
2020-12-31,48.599998474121094,49.66999816894531,48.5099983215332,49.61000061035156,41.41618347167969,928300,PFG,yfinance,2026-02-10T05:10:16.435896+00:00
2021-01-04,49.650001525878906,50.0,48.060001373291016,48.310001373291016,40.330894470214844,1310800,PFG,yfinance,2026-02-10T05:10:16.435896+00:00
2021-01-05,48.220001220703125,49.029998779296875,47.52000045776367,48.810001373291016,40.748313903808594,1762200,PFG,yfinance,2026-02-10T05:10:16.435896+00:00
2021-01-06,49.72999954223633,51.5099983215332,49.720001220703125,51.099998474121094,42.66007995605469,1761200,PFG,yfinance,2026-02-10T05:10:16.435896+00:00
2021-01-07,51.290000915527344,52.09000015258789,51.2599983215332,51.7400016784668,43.19438171386719,1920900,PFG,yfinance,2026-02-10T05:10:16.435896+00:00
2021-01-08,52.43000030517578,52.43000030517578,51.04999923706055,51.86000061035156,43.29457092285156,978700,PFG,yfinance,2026-02-10T05:10:16.435896+00:00
2021-01-11,51.189998626708984,51.95000076293945,51.0,51.79999923706055,43.244468688964844,883100,PFG,yfinance,2026-02-10T05:10:16.435896+00:00
2021-01-12,52.0,52.959999084472656,51.880001068115234,52.560001373291016,43.878944396972656,981500,PFG,yfinance,2026-02-10T05:10:16.435896+00:00
2021-01-13,52.369998931884766,53.08000183105469,52.09000015258789,52.70000076293945,43.99583435058594,1135800,PFG,yfinance,2026-02-10T05:10:16.435896+00:00
2021-01-14,53.25,54.029998779296875,52.70000076293945,53.70000076293945,44.83066177368164,1353600,PFG,yfinance,2026-02-10T05:10:16.435896+00:00
2021-01-15,52.83000183105469,53.880001068115234,52.4900016784668,53.310001373291016,44.50508117675781,1255500,PFG,yfinance,2026-02-10T05:10:16.435896+00:00
2021-01-19,53.459999084472656,54.7599983215332,53.29999923706055,54.31999969482422,45.3482666015625,1851900,PFG,yfinance,2026-02-10T05:10:16.435896+00:00
2021-01-20,54.36000061035156,54.59000015258789,53.560001373291016,53.68000030517578,44.813968658447266,1042500,PFG,yfinance,2026-02-10T05:10:16.435896+00:00
2021-01-21,53.380001068115234,53.68000030517578,52.779998779296875,53.47999954223633,44.647003173828125,1079400,PFG,yfinance,2026-02-10T05:10:16.435896+00:00
2021-01-22,52.900001525878906,53.70000076293945,52.54999923706055,53.459999084472656,44.63029861450195,1233600,PFG,yfinance,2026-02-10T05:10:16.435896+00:00
2021-01-25,52.470001220703125,53.52000045776367,52.38999938964844,53.040000915527344,44.27967071533203,1381300,PFG,yfinance,2026-02-10T05:10:16.435896+00:00
2021-01-26,53.470001220703125,53.56999969482422,52.34000015258789,52.369998931884766,43.72032928466797,804400,PFG,yfinance,2026-02-10T05:10:16.435896+00:00
2021-01-27,51.40999984741211,51.650001525878906,50.86000061035156,51.209999084472656,42.75191879272461,1740800,PFG,yfinance,2026-02-10T05:10:16.435896+00:00
2021-01-28,52.02000045776367,53.119998931884766,51.869998931884766,52.54999923706055,43.8705940246582,1713100,PFG,yfinance,2026-02-10T05:10:16.435896+00:00
2021-01-29,50.7599983215332,51.47999954223633,48.880001068115234,49.27000045776367,41.13233947753906,3090400,PFG,yfinance,2026-02-10T05:10:16.435896+00:00
2021-02-01,49.65999984741211,50.209999084472656,49.16999816894531,50.130001068115234,41.85029602050781,1805700,PFG,yfinance,2026-02-10T05:10:16.435896+00:00
2021-02-02,50.56999969482422,51.31999969482422,50.25,50.59000015258789,42.23432922363281,1266300,PFG,yfinance,2026-02-10T05:10:16.435896+00:00
2021-02-03,50.61000061035156,51.20000076293945,50.38999938964844,51.150001525878906,42.701839447021484,1043000,PFG,yfinance,2026-02-10T05:10:16.435896+00:00
2021-02-04,51.29999923706055,52.9900016784668,51.18000030517578,52.81999969482422,44.096012115478516,1460500,PFG,yfinance,2026-02-10T05:10:16.435896+00:00
2021-02-05,53.20000076293945,53.29999923706055,52.47999954223633,52.61000061035156,43.92068862915039,1281100,PFG,yfinance,2026-02-10T05:10:16.435896+00:00
2021-02-08,52.779998779296875,54.09000015258789,52.779998779296875,54.060001373291016,45.131202697753906,1159800,PFG,yfinance,2026-02-10T05:10:16.435896+00:00
2021-02-09,54.04999923706055,54.619998931884766,53.709999084472656,54.400001525878906,45.41505432128906,1236800,PFG,yfinance,2026-02-10T05:10:16.435896+00:00
2021-02-10,54.84000015258789,54.84000015258789,53.81999969482422,54.220001220703125,45.26477813720703,1167600,PFG,yfinance,2026-02-10T05:10:16.435896+00:00
2021-02-11,54.400001525878906,54.779998779296875,53.540000915527344,54.04999923706055,45.12285614013672,1094100,PFG,yfinance,2026-02-10T05:10:16.435896+00:00
2021-02-12,53.970001220703125,54.65999984741211,53.61000061035156,54.130001068115234,45.18963623046875,1126400,PFG,yfinance,2026-02-10T05:10:16.435896+00:00
2021-02-16,54.58000183105469,54.86000061035156,53.900001525878906,54.4900016784668,45.49018478393555,1077200,PFG,yfinance,2026-02-10T05:10:16.435896+00:00
2021-02-17,54.36000061035156,54.900001525878906,53.83000183105469,54.27000045776367,45.30651092529297,1555300,PFG,yfinance,2026-02-10T05:10:16.435896+00:00
2021-02-18,53.790000915527344,54.31999969482422,52.86000061035156,53.40999984741211,44.58856201171875,2113700,PFG,yfinance,2026-02-10T05:10:16.435896+00:00
2021-02-19,53.90999984741211,55.22999954223633,53.810001373291016,55.099998474121094,45.99943542480469,1388100,PFG,yfinance,2026-02-10T05:10:16.435896+00:00
2021-02-22,58.0,60.52000045776367,57.84000015258789,59.58000183105469,49.739505767822266,4418000,PFG,yfinance,2026-02-10T05:10:16.435896+00:00
2021-02-23,59.310001373291016,59.58000183105469,58.040000915527344,58.68000030517578,48.9881477355957,2987500,PFG,yfinance,2026-02-10T05:10:16.435896+00:00
2021-02-24,59.15999984741211,60.7400016784668,58.16999816894531,60.45000076293945,50.46580505371094,2256100,PFG,yfinance,2026-02-10T05:10:16.435896+00:00
2021-02-25,61.09000015258789,61.56999969482422,58.279998779296875,58.369998931884766,48.729339599609375,1711400,PFG,yfinance,2026-02-10T05:10:16.435896+00:00
2021-02-26,55.56999969482422,57.650001525878906,55.56999969482422,56.58000183105469,47.69255447387695,2290000,PFG,yfinance,2026-02-10T05:10:16.435896+00:00
2021-03-01,57.75,59.040000915527344,57.31999969482422,58.209999084472656,49.06651306152344,1553700,PFG,yfinance,2026-02-10T05:10:16.435896+00:00
2021-03-02,58.02000045776367,58.33000183105469,57.5,57.79999923706055,48.720916748046875,1310600,PFG,yfinance,2026-02-10T05:10:16.435896+00:00
2021-03-03,57.81999969482422,58.900001525878906,57.68000030517578,57.90999984741211,48.813636779785156,1807200,PFG,yfinance,2026-02-10T05:10:16.435896+00:00
2021-03-04,57.84000015258789,58.119998931884766,55.27000045776367,56.66999816894531,47.76840591430664,2036700,PFG,yfinance,2026-02-10T05:10:16.435896+00:00
2021-03-05,57.88999938964844,58.88999938964844,56.349998474121094,58.68000030517578,49.46269226074219,1957400,PFG,yfinance,2026-02-10T05:10:16.435896+00:00
2021-03-08,59.43000030517578,61.29999923706055,59.0,60.15999984741211,50.71021270751953,2018800,PFG,yfinance,2026-02-10T05:10:16.435896+00:00
2021-03-09,59.65999984741211,60.88999938964844,58.83000183105469,59.779998779296875,50.38990020751953,1530700,PFG,yfinance,2026-02-10T05:10:16.435896+00:00
2021-03-10,60.0,61.72999954223633,59.880001068115234,61.27000045776367,51.64585494995117,1209900,PFG,yfinance,2026-02-10T05:10:16.435896+00:00
2021-03-11,60.529998779296875,61.79999923706055,60.220001220703125,61.099998474121094,51.502559661865234,1175600,PFG,yfinance,2026-02-10T05:10:16.435896+00:00
2021-03-12,61.88999938964844,61.95000076293945,61.22999954223633,61.54999923706055,51.88186264038086,1071300,PFG,yfinance,2026-02-10T05:10:16.435896+00:00
2021-03-15,61.29999923706055,61.4900016784668,59.880001068115234,61.27000045776367,51.64585494995117,1596800,PFG,yfinance,2026-02-10T05:10:16.435896+00:00
2021-03-16,60.540000915527344,60.66999816894531,59.25,59.720001220703125,50.339324951171875,1348600,PFG,yfinance,2026-02-10T05:10:16.435896+00:00
2021-03-17,60.470001220703125,60.66999816894531,59.25,60.27000045776367,50.80293655395508,1500200,PFG,yfinance,2026-02-10T05:10:16.435896+00:00
2021-03-18,60.720001220703125,61.880001068115234,60.25,60.58000183105469,51.064239501953125,2486100,PFG,yfinance,2026-02-10T05:10:16.435896+00:00
2021-03-19,60.09000015258789,60.83000183105469,59.2400016784668,60.38999938964844,50.904083251953125,6096300,PFG,yfinance,2026-02-10T05:10:16.435896+00:00
2021-03-22,59.869998931884766,59.95000076293945,58.939998626708984,59.56999969482422,50.21288299560547,1821900,PFG,yfinance,2026-02-10T05:10:16.435896+00:00
2021-03-23,59.290000915527344,59.5,57.7400016784668,57.939998626708984,48.83892059326172,1576800,PFG,yfinance,2026-02-10T05:10:16.435896+00:00
2021-03-24,58.79999923706055,59.54999923706055,57.86000061035156,57.95000076293945,48.84735870361328,2445800,PFG,yfinance,2026-02-10T05:10:16.435896+00:00
2021-03-25,58.040000915527344,59.939998626708984,57.470001220703125,59.70000076293945,50.322471618652344,1761200,PFG,yfinance,2026-02-10T05:10:16.435896+00:00
2021-03-26,60.5,61.09000015258789,59.599998474121094,60.630001068115234,51.106380462646484,1112300,PFG,yfinance,2026-02-10T05:10:16.435896+00:00
2021-03-29,59.52000045776367,60.349998474121094,59.18000030517578,59.79999923706055,50.406761169433594,4476800,PFG,yfinance,2026-02-10T05:10:16.435896+00:00
2021-03-30,59.959999084472656,60.959999084472656,59.939998626708984,60.63999938964844,51.11481475830078,907000,PFG,yfinance,2026-02-10T05:10:16.435896+00:00
2021-03-31,60.029998779296875,60.900001525878906,59.88999938964844,59.959999084472656,50.54163360595703,1686500,PFG,yfinance,2026-02-10T05:10:16.435896+00:00
2021-04-01,59.72999954223633,60.880001068115234,59.58000183105469,60.86000061035156,51.300254821777344,1172900,PFG,yfinance,2026-02-10T05:10:16.435896+00:00
2021-04-05,61.63999938964844,62.040000915527344,61.119998931884766,61.400001525878906,51.75544738769531,1079400,PFG,yfinance,2026-02-10T05:10:16.435896+00:00
2021-04-06,61.400001525878906,61.97999954223633,61.189998626708984,61.72999954223633,52.03360366821289,1351000,PFG,yfinance,2026-02-10T05:10:16.435896+00:00
2021-04-07,61.95000076293945,62.310001373291016,61.529998779296875,62.0,52.26118469238281,819200,PFG,yfinance,2026-02-10T05:10:16.435896+00:00
2021-04-08,61.560001373291016,61.75,61.04999923706055,61.40999984741211,51.76386260986328,1422700,PFG,yfinance,2026-02-10T05:10:16.435896+00:00
2021-04-09,61.810001373291016,62.25,61.38999938964844,61.959999084472656,52.22746658325195,1504100,PFG,yfinance,2026-02-10T05:10:16.435896+00:00
2021-04-12,62.04999923706055,63.029998779296875,61.790000915527344,62.880001068115234,53.002960205078125,924500,PFG,yfinance,2026-02-10T05:10:16.435896+00:00
2021-04-13,62.970001220703125,62.970001220703125,61.93000030517578,62.220001220703125,52.44662857055664,948700,PFG,yfinance,2026-02-10T05:10:16.435896+00:00
2021-04-14,61.959999084472656,63.400001525878906,61.849998474121094,63.04999923706055,53.14624786376953,1380900,PFG,yfinance,2026-02-10T05:10:16.435896+00:00
2021-04-15,63.29999923706055,63.45000076293945,62.720001220703125,63.150001525878906,53.230552673339844,1049400,PFG,yfinance,2026-02-10T05:10:16.435896+00:00
2021-04-16,63.90999984741211,64.1500015258789,63.119998931884766,63.220001220703125,53.289554595947266,1489400,PFG,yfinance,2026-02-10T05:10:16.435896+00:00
2021-04-19,63.47999954223633,63.709999084472656,62.790000915527344,63.2599983215332,53.323265075683594,1663000,PFG,yfinance,2026-02-10T05:10:16.435896+00:00
2021-04-20,62.599998474121094,62.93000030517578,61.040000915527344,61.5,51.839717864990234,3022200,PFG,yfinance,2026-02-10T05:10:16.435896+00:00
2021-04-21,61.25,62.93000030517578,61.0,62.88999938964844,53.011383056640625,960900,PFG,yfinance,2026-02-10T05:10:16.435896+00:00
2021-04-22,62.849998474121094,62.869998931884766,61.369998931884766,61.63999938964844,51.95772933959961,2711600,PFG,yfinance,2026-02-10T05:10:16.435896+00:00
2021-04-23,62.06999969482422,63.04999923706055,61.810001373291016,62.709999084472656,52.85966110229492,1868200,PFG,yfinance,2026-02-10T05:10:16.435896+00:00
2021-04-26,62.90999984741211,63.56999969482422,62.2400016784668,62.34000015258789,52.54777908325195,1304300,PFG,yfinance,2026-02-10T05:10:16.435896+00:00
2021-04-27,62.58000183105469,62.90999984741211,62.29999923706055,62.900001525878906,53.01981735229492,1699500,PFG,yfinance,2026-02-10T05:10:16.435896+00:00
2021-04-28,63.599998474121094,64.87999725341797,63.04999923706055,63.689998626708984,53.685726165771484,1578500,PFG,yfinance,2026-02-10T05:10:16.435896+00:00
2021-04-29,64.3499984741211,64.66999816894531,63.5099983215332,64.2300033569336,54.14089584350586,1137500,PFG,yfinance,2026-02-10T05:10:16.435896+00:00
2021-04-30,64.04000091552734,64.33000183105469,63.31999969482422,63.869998931884766,53.83745574951172,1310400,PFG,yfinance,2026-02-10T05:10:16.435896+00:00
2021-05-03,64.70999908447266,65.20999908447266,64.0199966430664,64.4800033569336,54.35163879394531,1388900,PFG,yfinance,2026-02-10T05:10:16.435896+00:00
2021-05-04,64.37999725341797,64.7699966430664,63.52000045776367,64.66000366210938,54.503360748291016,1429000,PFG,yfinance,2026-02-10T05:10:16.435896+00:00
2021-05-05,64.87000274658203,65.93000030517578,64.38999938964844,65.69000244140625,55.371578216552734,1424600,PFG,yfinance,2026-02-10T05:10:16.435896+00:00
2021-05-06,65.93000030517578,66.5999984741211,64.97000122070312,66.56999969482422,56.113346099853516,1184200,PFG,yfinance,2026-02-10T05:10:16.435896+00:00
2021-05-07,63.61000061035156,66.70999908447266,63.61000061035156,66.66000366210938,56.1891975402832,1136300,PFG,yfinance,2026-02-10T05:10:16.435896+00:00
2021-05-10,67.12000274658203,67.97000122070312,66.75,66.80999755859375,56.315650939941406,1607700,PFG,yfinance,2026-02-10T05:10:16.435896+00:00
2021-05-11,66.4000015258789,66.4000015258789,64.55000305175781,64.80999755859375,54.62980270385742,1142300,PFG,yfinance,2026-02-10T05:10:16.435896+00:00
2021-05-12,65.30000305175781,65.66999816894531,63.220001220703125,63.41999816894531,53.4581413269043,1223000,PFG,yfinance,2026-02-10T05:10:16.435896+00:00
2021-05-13,63.04999923706055,65.66000366210938,63.040000915527344,65.29000091552734,55.03440475463867,1731000,PFG,yfinance,2026-02-10T05:10:16.435896+00:00
2021-05-14,65.55999755859375,67.05999755859375,65.54000091552734,66.83000183105469,56.33250427246094,890700,PFG,yfinance,2026-02-10T05:10:16.435896+00:00
2021-05-17,66.4000015258789,67.0199966430664,65.87999725341797,66.87000274658203,56.36621856689453,844700,PFG,yfinance,2026-02-10T05:10:16.435896+00:00
2021-05-18,66.7699966430664,67.01000213623047,65.62000274658203,65.68000030517578,55.36313247680664,1523000,PFG,yfinance,2026-02-10T05:10:16.435896+00:00
2021-05-19,65.02999877929688,65.44000244140625,63.630001068115234,65.08000183105469,54.85737228393555,1823100,PFG,yfinance,2026-02-10T05:10:16.435896+00:00
2021-05-20,65.16000366210938,65.41000366210938,64.45999908447266,64.95999908447266,54.75623321533203,1041600,PFG,yfinance,2026-02-10T05:10:16.435896+00:00
2021-05-21,65.16000366210938,66.22000122070312,64.88999938964844,65.66000366210938,55.346282958984375,1060700,PFG,yfinance,2026-02-10T05:10:16.435896+00:00
2021-05-24,65.86000061035156,65.9800033569336,65.3499984741211,65.76000213623047,55.43057632446289,969300,PFG,yfinance,2026-02-10T05:10:16.435896+00:00
2021-05-25,65.7699966430664,66.44000244140625,63.939998626708984,63.9900016784668,53.9385986328125,1488800,PFG,yfinance,2026-02-10T05:10:16.435896+00:00
2021-05-26,64.12000274658203,64.94999694824219,63.900001525878906,64.77999877929688,54.60451889038086,3376600,PFG,yfinance,2026-02-10T05:10:16.435896+00:00
2021-05-27,65.31999969482422,66.20999908447266,64.77999877929688,65.2699966430664,55.017547607421875,2386200,PFG,yfinance,2026-02-10T05:10:16.435896+00:00
2021-05-28,65.87000274658203,65.87000274658203,64.33999633789062,65.38999938964844,55.11869430541992,1343500,PFG,yfinance,2026-02-10T05:10:16.435896+00:00
2021-06-01,66.11000061035156,66.8499984741211,65.94000244140625,66.2300033569336,55.826751708984375,2382600,PFG,yfinance,2026-02-10T05:10:16.435896+00:00
2021-06-02,65.80000305175781,66.29000091552734,65.30000305175781,65.45999908447266,55.69063186645508,1028700,PFG,yfinance,2026-02-10T05:10:16.435896+00:00
2021-06-03,64.72000122070312,66.0999984741211,64.72000122070312,65.72000122070312,55.91181564331055,923300,PFG,yfinance,2026-02-10T05:10:16.435896+00:00
2021-06-04,65.75,66.0,64.9800033569336,65.94000244140625,56.098995208740234,703400,PFG,yfinance,2026-02-10T05:10:16.435896+00:00
2021-06-07,66.16999816894531,66.16999816894531,65.41000366210938,65.5199966430664,55.741661071777344,716100,PFG,yfinance,2026-02-10T05:10:16.435896+00:00
2021-06-08,65.22000122070312,66.22000122070312,64.69999694824219,66.16000366210938,56.286155700683594,882100,PFG,yfinance,2026-02-10T05:10:16.435896+00:00
2021-06-09,65.88999938964844,65.88999938964844,65.05000305175781,65.08000183105469,55.36732864379883,826600,PFG,yfinance,2026-02-10T05:10:16.435896+00:00
2021-06-10,66.13999938964844,66.19000244140625,64.33999633789062,64.37999725341797,54.77180480957031,767700,PFG,yfinance,2026-02-10T05:10:16.435896+00:00
2021-06-11,64.6500015258789,65.0199966430664,64.58000183105469,64.87000274658203,55.188690185546875,623200,PFG,yfinance,2026-02-10T05:10:16.435896+00:00
2021-06-14,64.87000274658203,65.0,64.0199966430664,64.23999786376953,54.6526985168457,935000,PFG,yfinance,2026-02-10T05:10:16.435896+00:00
2021-06-15,63.040000915527344,64.98999786376953,63.029998779296875,64.55000305175781,54.91645050048828,1426000,PFG,yfinance,2026-02-10T05:10:16.435896+00:00
2021-06-16,64.44000244140625,65.0199966430664,63.689998626708984,64.48999786376953,54.86539840698242,1093800,PFG,yfinance,2026-02-10T05:10:16.435896+00:00
2021-06-17,64.94000244140625,65.08000183105469,61.529998779296875,61.810001373291016,52.58536911010742,1095800,PFG,yfinance,2026-02-10T05:10:16.435896+00:00
2021-06-18,60.619998931884766,61.2599983215332,59.689998626708984,59.7400016784668,50.82429122924805,2011600,PFG,yfinance,2026-02-10T05:10:16.435896+00:00
2021-06-21,60.45000076293945,61.66999816894531,60.349998474121094,61.619998931884766,52.4237174987793,975600,PFG,yfinance,2026-02-10T05:10:16.435896+00:00
2021-06-22,61.5,62.119998931884766,60.72999954223633,61.7400016784668,52.52581024169922,1216600,PFG,yfinance,2026-02-10T05:10:16.435896+00:00
2021-06-23,61.970001220703125,62.709999084472656,61.5,62.25,52.959693908691406,1002400,PFG,yfinance,2026-02-10T05:10:16.435896+00:00
2021-06-24,62.540000915527344,63.25,62.08000183105469,62.91999816894531,53.52969741821289,1441100,PFG,yfinance,2026-02-10T05:10:16.435896+00:00
2021-06-25,62.83000183105469,64.7699966430664,62.83000183105469,64.36000061035156,54.75480270385742,1785400,PFG,yfinance,2026-02-10T05:10:16.435896+00:00
2021-06-28,64.3499984741211,64.43000030517578,63.040000915527344,63.13999938964844,53.71686553955078,1469600,PFG,yfinance,2026-02-10T05:10:16.435896+00:00
2021-06-29,63.58000183105469,63.95000076293945,62.79999923706055,62.959999084472656,53.563724517822266,860400,PFG,yfinance,2026-02-10T05:10:16.435896+00:00
2021-06-30,62.79999923706055,63.349998474121094,62.689998626708984,63.189998626708984,53.75940704345703,1099500,PFG,yfinance,2026-02-10T05:10:16.435896+00:00
2021-07-01,63.869998931884766,63.97999954223633,63.16999816894531,63.540000915527344,54.05717849731445,1213700,PFG,yfinance,2026-02-10T05:10:16.435896+00:00
2021-07-02,63.33000183105469,63.41999816894531,63.029998779296875,63.27000045776367,53.827476501464844,772800,PFG,yfinance,2026-02-10T05:10:16.435896+00:00
2021-07-06,64.48999786376953,64.55000305175781,61.459999084472656,61.810001373291016,52.58536911010742,1312000,PFG,yfinance,2026-02-10T05:10:16.435896+00:00
2021-07-07,60.689998626708984,62.130001068115234,60.689998626708984,61.86000061035156,52.627899169921875,896300,PFG,yfinance,2026-02-10T05:10:16.435896+00:00
2021-07-08,60.43000030517578,60.86000061035156,59.54999923706055,59.939998626708984,50.994449615478516,1531700,PFG,yfinance,2026-02-10T05:10:16.435896+00:00
2021-07-09,61.25,62.11000061035156,60.900001525878906,61.9900016784668,52.738502502441406,1122000,PFG,yfinance,2026-02-10T05:10:16.435896+00:00
2021-07-12,61.83000183105469,62.720001220703125,61.13999938964844,62.5,53.17238235473633,1949500,PFG,yfinance,2026-02-10T05:10:16.435896+00:00
2021-07-13,62.029998779296875,62.650001525878906,61.470001220703125,61.5099983215332,52.33012771606445,789400,PFG,yfinance,2026-02-10T05:10:16.435896+00:00
2021-07-14,61.790000915527344,62.38999938964844,60.689998626708984,61.40999984741211,52.24505615234375,729800,PFG,yfinance,2026-02-10T05:10:16.435896+00:00
2021-07-15,60.709999084472656,62.06999969482422,60.529998779296875,61.599998474121094,52.40670394897461,985400,PFG,yfinance,2026-02-10T05:10:16.435896+00:00
2021-07-16,61.15999984741211,62.060001373291016,60.810001373291016,60.9900016784668,51.887733459472656,1136000,PFG,yfinance,2026-02-10T05:10:16.435896+00:00
2021-07-19,59.58000183105469,60.0,58.65999984741211,59.20000076293945,50.36488723754883,1477200,PFG,yfinance,2026-02-10T05:10:16.435896+00:00
2021-07-20,58.869998931884766,61.90999984741211,58.869998931884766,61.56999969482422,52.38117218017578,1670200,PFG,yfinance,2026-02-10T05:10:16.435896+00:00
2021-07-21,62.2400016784668,63.869998931884766,62.119998931884766,63.060001373291016,53.6488037109375,1258900,PFG,yfinance,2026-02-10T05:10:16.435896+00:00
2021-07-22,62.9900016784668,63.0099983215332,61.810001373291016,62.0099983215332,52.755516052246094,1179900,PFG,yfinance,2026-02-10T05:10:16.435896+00:00
2021-07-23,62.68000030517578,63.119998931884766,61.939998626708984,62.189998626708984,52.908653259277344,622400,PFG,yfinance,2026-02-10T05:10:16.435896+00:00
2021-07-26,62.16999816894531,63.20000076293945,62.16999816894531,62.63999938964844,53.29148864746094,1342300,PFG,yfinance,2026-02-10T05:10:16.435896+00:00
2021-07-27,61.83000183105469,63.20000076293945,61.369998931884766,62.54999923706055,53.21491622924805,1057800,PFG,yfinance,2026-02-10T05:10:16.435896+00:00
2021-07-28,62.959999084472656,63.86000061035156,61.31999969482422,62.470001220703125,53.14686965942383,1693900,PFG,yfinance,2026-02-10T05:10:16.435896+00:00
2021-07-29,63.470001220703125,63.619998931884766,62.41999816894531,62.88999938964844,53.50417709350586,1184200,PFG,yfinance,2026-02-10T05:10:16.435896+00:00
2021-07-30,62.63999938964844,63.099998474121094,61.83000183105469,62.130001068115234,52.85761260986328,1534200,PFG,yfinance,2026-02-10T05:10:16.435896+00:00
2021-08-02,62.45000076293945,63.52000045776367,61.849998474121094,62.0,52.747005462646484,1218900,PFG,yfinance,2026-02-10T05:10:16.435896+00:00
2021-08-03,62.25,63.09000015258789,60.61000061035156,62.9900016784668,53.58926010131836,1279500,PFG,yfinance,2026-02-10T05:10:16.435896+00:00
2021-08-04,62.38999938964844,63.220001220703125,61.7400016784668,61.83000183105469,52.602378845214844,1832600,PFG,yfinance,2026-02-10T05:10:16.435896+00:00
2021-08-05,62.45000076293945,63.61000061035156,62.220001220703125,63.599998474121094,54.10821533203125,1310200,PFG,yfinance,2026-02-10T05:10:16.435896+00:00
2021-08-06,64.5999984741211,65.22000122070312,64.20999908447266,64.86000061035156,55.18017578125,890700,PFG,yfinance,2026-02-10T05:10:16.435896+00:00
2021-08-09,64.86000061035156,65.4800033569336,64.26000213623047,64.94999694824219,55.25674057006836,799500,PFG,yfinance,2026-02-10T05:10:16.435896+00:00
2021-08-10,65.0,66.38999938964844,64.63999938964844,65.69999694824219,55.89480972290039,981600,PFG,yfinance,2026-02-10T05:10:16.435896+00:00
2021-08-11,66.25,67.05999755859375,65.37999725341797,66.95999908447266,56.96676254272461,882500,PFG,yfinance,2026-02-10T05:10:16.435896+00:00
2021-08-12,67.13999938964844,67.37999725341797,66.70999908447266,67.18000030517578,57.153926849365234,550100,PFG,yfinance,2026-02-10T05:10:16.435896+00:00
2021-08-13,67.44000244140625,67.51000213623047,66.83999633789062,66.94000244140625,56.94975280761719,596800,PFG,yfinance,2026-02-10T05:10:16.435896+00:00
2021-08-16,66.41999816894531,67.01000213623047,65.87000274658203,66.6500015258789,56.703041076660156,1210600,PFG,yfinance,2026-02-10T05:10:16.435896+00:00
2021-08-17,65.95999908447266,66.58999633789062,65.3499984741211,66.08000183105469,56.21810531616211,790100,PFG,yfinance,2026-02-10T05:10:16.435896+00:00
2021-08-18,65.88999938964844,66.73999786376953,65.45999908447266,65.51000213623047,55.73318099975586,787300,PFG,yfinance,2026-02-10T05:10:16.435896+00:00
2021-08-19,64.4800033569336,65.3499984741211,64.11000061035156,64.58999633789062,54.95045852661133,657300,PFG,yfinance,2026-02-10T05:10:16.435896+00:00
2021-08-20,64.52999877929688,65.31999969482422,64.22000122070312,65.02999877929688,55.324798583984375,1142300,PFG,yfinance,2026-02-10T05:10:16.435896+00:00
2021-08-23,65.43000030517578,66.45999908447266,65.33000183105469,65.94999694824219,56.10749435424805,790300,PFG,yfinance,2026-02-10T05:10:16.435896+00:00
2021-08-24,65.97000122070312,67.01000213623047,65.86000061035156,66.87000274658203,56.89019775390625,837500,PFG,yfinance,2026-02-10T05:10:16.435896+00:00
2021-08-25,67.20999908447266,68.4000015258789,66.87999725341797,67.75,57.63886642456055,1002100,PFG,yfinance,2026-02-10T05:10:16.435896+00:00
2021-08-26,67.94000244140625,67.94000244140625,66.62999725341797,66.66000366210938,56.71152877807617,786400,PFG,yfinance,2026-02-10T05:10:16.435896+00:00
2021-08-27,66.94999694824219,68.19000244140625,66.86000061035156,68.12000274658203,57.95364761352539,558900,PFG,yfinance,2026-02-10T05:10:16.435896+00:00
2021-08-30,67.43000030517578,68.2699966430664,67.01000213623047,67.16000366210938,57.13692092895508,549300,PFG,yfinance,2026-02-10T05:10:16.435896+00:00
2021-08-31,66.6500015258789,67.25,66.30999755859375,66.80999755859375,57.37738037109375,1012500,PFG,yfinance,2026-02-10T05:10:16.435896+00:00
2021-09-01,66.94999694824219,66.98999786376953,65.80999755859375,65.91000366210938,56.60445785522461,1028000,PFG,yfinance,2026-02-10T05:10:16.435896+00:00
2021-09-02,66.20999908447266,66.68000030517578,65.94000244140625,66.37999725341797,57.008094787597656,928500,PFG,yfinance,2026-02-10T05:10:16.435896+00:00
2021-09-03,66.41999816894531,66.43000030517578,65.5199966430664,66.0,56.68174362182617,846600,PFG,yfinance,2026-02-10T05:10:16.435896+00:00
2021-09-07,66.04000091552734,66.4000015258789,65.25,65.30999755859375,56.08916091918945,804800,PFG,yfinance,2026-02-10T05:10:16.435896+00:00
2021-09-08,65.1500015258789,65.54000091552734,64.58000183105469,64.94999694824219,55.77998733520508,676500,PFG,yfinance,2026-02-10T05:10:16.435896+00:00
2021-09-09,64.8499984741211,66.22000122070312,64.76000213623047,65.26000213623047,56.046226501464844,1045800,PFG,yfinance,2026-02-10T05:10:16.435896+00:00
2021-09-10,65.66000366210938,65.79000091552734,64.58000183105469,64.87000274658203,55.7112922668457,1194200,PFG,yfinance,2026-02-10T05:10:16.435896+00:00
2021-09-13,65.70999908447266,66.41000366210938,64.94000244140625,65.94000244140625,56.630226135253906,1250900,PFG,yfinance,2026-02-10T05:10:16.435896+00:00
2021-09-14,66.33000183105469,66.33000183105469,64.87999725341797,65.13999938964844,55.94315719604492,976000,PFG,yfinance,2026-02-10T05:10:16.435896+00:00
2021-09-15,65.2699966430664,66.48999786376953,65.1500015258789,66.08000183105469,56.750457763671875,948200,PFG,yfinance,2026-02-10T05:10:16.435896+00:00
2021-09-16,66.36000061035156,66.62999725341797,65.41000366210938,65.73999786376953,56.45845413208008,1096000,PFG,yfinance,2026-02-10T05:10:16.435896+00:00
2021-09-17,65.30000305175781,66.37000274658203,64.66000366210938,65.16000366210938,55.96034240722656,2344200,PFG,yfinance,2026-02-10T05:10:16.435896+00:00
2021-09-20,63.47999954223633,63.88999938964844,60.970001220703125,61.97999954223633,53.229305267333984,1395700,PFG,yfinance,2026-02-10T05:10:16.435896+00:00
2021-09-21,62.599998474121094,62.599998474121094,61.040000915527344,61.709999084472656,52.9974250793457,1508400,PFG,yfinance,2026-02-10T05:10:16.435896+00:00
2021-09-22,62.630001068115234,63.20000076293945,62.27000045776367,62.56999969482422,53.73601150512695,1072700,PFG,yfinance,2026-02-10T05:10:16.435896+00:00
2021-09-23,63.08000183105469,64.69999694824219,63.08000183105469,64.22000122070312,55.15304946899414,843400,PFG,yfinance,2026-02-10T05:10:16.435896+00:00
2021-09-24,64.33000183105469,65.41000366210938,64.18000030517578,64.44999694824219,55.350582122802734,975800,PFG,yfinance,2026-02-10T05:10:16.435896+00:00
2021-09-27,65.11000061035156,67.08999633789062,65.11000061035156,66.52999877929688,57.13691329956055,1009400,PFG,yfinance,2026-02-10T05:10:16.435896+00:00
2021-09-28,66.4800033569336,66.9800033569336,65.44999694824219,65.62000274658203,56.35540008544922,1135200,PFG,yfinance,2026-02-10T05:10:16.435896+00:00
2021-09-29,65.68000030517578,65.87999725341797,64.91000366210938,65.3499984741211,56.12351989746094,861200,PFG,yfinance,2026-02-10T05:10:16.435896+00:00
2021-09-30,65.68000030517578,65.97000122070312,64.01000213623047,64.4000015258789,55.30764389038086,1493900,PFG,yfinance,2026-02-10T05:10:16.435896+00:00
2021-10-01,64.5199966430664,66.12999725341797,64.22000122070312,65.62999725341797,56.36398696899414,1014600,PFG,yfinance,2026-02-10T05:10:16.435896+00:00
2021-10-04,65.45999908447266,66.66999816894531,64.94000244140625,65.12000274658203,55.925994873046875,1163800,PFG,yfinance,2026-02-10T05:10:16.435896+00:00
2021-10-05,65.2699966430664,66.80000305175781,64.94000244140625,66.6500015258789,57.23998260498047,1912300,PFG,yfinance,2026-02-10T05:10:16.435896+00:00
2021-10-06,66.04000091552734,67.3499984741211,65.66000366210938,67.18000030517578,57.69514465332031,1362000,PFG,yfinance,2026-02-10T05:10:16.435896+00:00
2021-10-07,68.0,68.73999786376953,67.76000213623047,67.97000122070312,58.37361526489258,1008900,PFG,yfinance,2026-02-10T05:10:16.435896+00:00
2021-10-08,68.2300033569336,69.36000061035156,68.04000091552734,68.91999816894531,59.18948745727539,1484100,PFG,yfinance,2026-02-10T05:10:16.435896+00:00
2021-10-11,69.23999786376953,69.77999877929688,68.08000183105469,68.12000274658203,58.50244140625,1022400,PFG,yfinance,2026-02-10T05:10:16.435896+00:00
2021-10-12,68.33000183105469,68.66000366210938,67.44000244140625,67.56999969482422,58.030086517333984,891800,PFG,yfinance,2026-02-10T05:10:16.435896+00:00
2021-10-13,67.37000274658203,67.54000091552734,65.70999908447266,67.0199966430664,57.557735443115234,1179800,PFG,yfinance,2026-02-10T05:10:16.435896+00:00
2021-10-14,67.7300033569336,68.55000305175781,67.3499984741211,68.43000030517578,58.7686653137207,838900,PFG,yfinance,2026-02-10T05:10:16.435896+00:00
2021-10-15,69.33999633789062,69.55000305175781,68.29000091552734,68.6500015258789,58.95760726928711,1093500,PFG,yfinance,2026-02-10T05:10:16.435896+00:00
2021-10-18,68.2699966430664,69.13999938964844,68.06999969482422,68.61000061035156,58.92324447631836,894700,PFG,yfinance,2026-02-10T05:10:16.435896+00:00
2021-10-19,69.27999877929688,69.5,68.72000122070312,69.02999877929688,59.28395080566406,875600,PFG,yfinance,2026-02-10T05:10:16.435896+00:00
2021-10-20,68.91000366210938,69.95999908447266,68.61000061035156,69.7699966430664,59.91947555541992,948000,PFG,yfinance,2026-02-10T05:10:16.435896+00:00
2021-10-21,69.43000030517578,69.8499984741211,68.66000366210938,69.01000213623047,59.26676940917969,1079700,PFG,yfinance,2026-02-10T05:10:16.435896+00:00
2021-10-22,69.36000061035156,69.9000015258789,68.91000366210938,69.44000244140625,59.63607406616211,1036200,PFG,yfinance,2026-02-10T05:10:16.435896+00:00
2021-10-25,69.55999755859375,70.06999969482422,69.26000213623047,69.63999938964844,59.80783462524414,828200,PFG,yfinance,2026-02-10T05:10:16.435896+00:00
2021-10-26,70.0,70.12999725341797,69.4000015258789,69.51000213623047,59.6961784362793,1007200,PFG,yfinance,2026-02-10T05:10:16.435896+00:00
2021-10-27,69.5,69.51000213623047,66.29000091552734,66.47000122070312,57.08538818359375,2320900,PFG,yfinance,2026-02-10T05:10:16.435896+00:00
2021-10-28,66.58000183105469,66.93000030517578,65.91999816894531,66.91000366210938,57.4632682800293,998100,PFG,yfinance,2026-02-10T05:10:16.435896+00:00
2021-10-29,67.06999969482422,67.44000244140625,66.55000305175781,67.08999633789062,57.61784362792969,1384800,PFG,yfinance,2026-02-10T05:10:16.435896+00:00
2021-11-01,67.54000091552734,68.05999755859375,67.38999938964844,67.83999633789062,58.2619514465332,1287600,PFG,yfinance,2026-02-10T05:10:16.435896+00:00
2021-11-02,67.9000015258789,68.48999786376953,67.56999969482422,68.27999877929688,58.63983917236328,1089600,PFG,yfinance,2026-02-10T05:10:16.435896+00:00
2021-11-03,67.97000122070312,70.33999633789062,67.87999725341797,69.16000366210938,59.395606994628906,1271900,PFG,yfinance,2026-02-10T05:10:16.435896+00:00
2021-11-04,69.19000244140625,69.19000244140625,67.37000274658203,68.45999908447266,58.79442596435547,1270600,PFG,yfinance,2026-02-10T05:10:16.435896+00:00
2021-11-05,69.0,69.94999694824219,68.63999938964844,68.94999694824219,59.215248107910156,774600,PFG,yfinance,2026-02-10T05:10:16.435896+00:00
2021-11-08,69.13999938964844,69.83000183105469,68.5999984741211,68.7699966430664,59.0606575012207,616200,PFG,yfinance,2026-02-10T05:10:16.435896+00:00
2021-11-09,68.2300033569336,68.69000244140625,67.7699966430664,68.30999755859375,58.66559982299805,706300,PFG,yfinance,2026-02-10T05:10:16.435896+00:00
2021-11-10,68.29000091552734,69.0199966430664,67.9000015258789,68.45999908447266,58.79442596435547,696000,PFG,yfinance,2026-02-10T05:10:16.435896+00:00
2021-11-11,68.58999633789062,69.47000122070312,68.37999725341797,69.20999908447266,59.438533782958984,476700,PFG,yfinance,2026-02-10T05:10:16.435896+00:00
2021-11-12,69.13999938964844,69.66999816894531,68.66999816894531,69.58999633789062,59.764888763427734,679200,PFG,yfinance,2026-02-10T05:10:16.435896+00:00
2021-11-15,70.30000305175781,71.77999877929688,69.9000015258789,71.69000244140625,61.568382263183594,2870500,PFG,yfinance,2026-02-10T05:10:16.435896+00:00
2021-11-16,72.0999984741211,72.93000030517578,71.69999694824219,72.11000061035156,61.929107666015625,1808200,PFG,yfinance,2026-02-10T05:10:16.435896+00:00
2021-11-17,71.91999816894531,72.11000061035156,70.75,71.58999633789062,61.482521057128906,1699300,PFG,yfinance,2026-02-10T05:10:16.435896+00:00
2021-11-18,71.54000091552734,71.77999877929688,70.70999908447266,71.22000122070312,61.164756774902344,1472200,PFG,yfinance,2026-02-10T05:10:16.435896+00:00
2021-11-19,70.7300033569336,71.30000305175781,69.5199966430664,70.87000274658203,60.86418533325195,2455200,PFG,yfinance,2026-02-10T05:10:16.435896+00:00
2021-11-22,71.12000274658203,73.13999938964844,70.76000213623047,72.31999969482422,62.10945510864258,2158900,PFG,yfinance,2026-02-10T05:10:16.435896+00:00
2021-11-23,72.68000030517578,73.79000091552734,71.98999786376953,73.54000091552734,63.15721130371094,2882600,PFG,yfinance,2026-02-10T05:10:16.435896+00:00
2021-11-24,73.22000122070312,74.30000305175781,72.87000274658203,73.93000030517578,63.492149353027344,2484300,PFG,yfinance,2026-02-10T05:10:16.435896+00:00
2021-11-26,71.18000030517578,71.73999786376953,69.9000015258789,70.91000366210938,60.89854049682617,1709500,PFG,yfinance,2026-02-10T05:10:16.435896+00:00
2021-11-29,72.05999755859375,72.1500015258789,70.2300033569336,70.91999816894531,60.907100677490234,1720400,PFG,yfinance,2026-02-10T05:10:16.435896+00:00
2021-11-30,69.62000274658203,69.79000091552734,68.26000213623047,68.58000183105469,59.43383026123047,2777100,PFG,yfinance,2026-02-10T05:10:16.435896+00:00
2021-12-01,69.94999694824219,70.43000030517578,67.72000122070312,67.76000213623047,58.72318649291992,2534000,PFG,yfinance,2026-02-10T05:10:16.435896+00:00
2021-12-02,68.18000030517578,70.54000091552734,68.0,70.06999969482422,60.72511672973633,2158100,PFG,yfinance,2026-02-10T05:10:16.435896+00:00
2021-12-03,69.47000122070312,70.19000244140625,68.66000366210938,69.18000030517578,59.95381546020508,2558900,PFG,yfinance,2026-02-10T05:10:16.435896+00:00
2021-12-06,70.18000030517578,70.98999786376953,69.61000061035156,69.9800033569336,60.647117614746094,2326200,PFG,yfinance,2026-02-10T05:10:16.435896+00:00
2021-12-07,70.58000183105469,71.88999938964844,70.27999877929688,71.22000122070312,61.72174835205078,1758400,PFG,yfinance,2026-02-10T05:10:16.435896+00:00
2021-12-08,71.55000305175781,72.0999984741211,71.19000244140625,71.62000274658203,62.068397521972656,1269300,PFG,yfinance,2026-02-10T05:10:16.435896+00:00
2021-12-09,70.87000274658203,71.97000122070312,70.5999984741211,71.54000091552734,61.99907302856445,1204800,PFG,yfinance,2026-02-10T05:10:16.435896+00:00
2021-12-10,72.11000061035156,72.31999969482422,71.37999725341797,71.98999786376953,62.389060974121094,1279600,PFG,yfinance,2026-02-10T05:10:16.435896+00:00
2021-12-13,72.0,72.08000183105469,71.11000061035156,71.27999877929688,61.77373504638672,1821100,PFG,yfinance,2026-02-10T05:10:16.435896+00:00
2021-12-14,71.06999969482422,72.5199966430664,71.06999969482422,72.0,62.39773178100586,1684800,PFG,yfinance,2026-02-10T05:10:16.435896+00:00
2021-12-15,72.27999877929688,72.55000305175781,71.55999755859375,72.37000274658203,62.71839141845703,1918500,PFG,yfinance,2026-02-10T05:10:16.435896+00:00
2021-12-16,73.26000213623047,73.91000366210938,72.58000183105469,73.16999816894531,63.41170120239258,1540900,PFG,yfinance,2026-02-10T05:10:16.435896+00:00
2021-12-17,73.25,73.44000244140625,71.33999633789062,71.63999938964844,62.08573532104492,4109100,PFG,yfinance,2026-02-10T05:10:16.435896+00:00
2021-12-20,70.12999725341797,70.29000091552734,65.94000244140625,66.91999816894531,57.99522018432617,2943900,PFG,yfinance,2026-02-10T05:10:16.435896+00:00
2021-12-21,67.68000030517578,70.7300033569336,67.62000274658203,70.33000183105469,60.95045852661133,1809900,PFG,yfinance,2026-02-10T05:10:16.435896+00:00
2021-12-22,69.9000015258789,70.58000183105469,69.55999755859375,70.16999816894531,60.811767578125,1564900,PFG,yfinance,2026-02-10T05:10:16.435896+00:00
2021-12-23,70.73999786376953,72.0,70.52999877929688,71.58000183105469,62.03373718261719,1380700,PFG,yfinance,2026-02-10T05:10:16.435896+00:00
2021-12-27,71.4800033569336,72.95999908447266,71.18000030517578,72.94999694824219,63.221012115478516,707400,PFG,yfinance,2026-02-10T05:10:16.435896+00:00
2021-12-28,73.0,73.55000305175781,72.2300033569336,72.33999633789062,62.692359924316406,1026300,PFG,yfinance,2026-02-10T05:10:16.435896+00:00
2021-12-29,72.41000366210938,72.69999694824219,71.3499984741211,72.27999877929688,62.64038848876953,562400,PFG,yfinance,2026-02-10T05:10:16.435896+00:00
2021-12-30,72.16999816894531,72.94000244140625,72.04000091552734,72.11000061035156,62.49305725097656,423700,PFG,yfinance,2026-02-10T05:10:16.435896+00:00
2021-12-31,72.0199966430664,72.5999984741211,71.94000244140625,72.33000183105469,62.683719635009766,512600,PFG,yfinance,2026-02-10T05:10:16.435896+00:00
2022-01-03,72.62999725341797,74.08999633789062,72.45999908447266,73.20999908447266,63.44635009765625,981000,PFG,yfinance,2026-02-10T05:10:16.435896+00:00
2022-01-04,74.11000061035156,75.91999816894531,74.06999969482422,75.62000274658203,65.53494262695312,1192700,PFG,yfinance,2026-02-10T05:10:16.435896+00:00
2022-01-05,75.70999908447266,76.41999816894531,74.0199966430664,74.22000122070312,64.32167053222656,1581600,PFG,yfinance,2026-02-10T05:10:16.435896+00:00
2022-01-06,75.22000122070312,75.4000015258789,74.0,75.0199966430664,65.01496124267578,1445500,PFG,yfinance,2026-02-10T05:10:16.435896+00:00
2022-01-07,75.48999786376953,76.73999786376953,74.91999816894531,76.26000213623047,66.08958435058594,1536800,PFG,yfinance,2026-02-10T05:10:16.435896+00:00
2022-01-10,76.79000091552734,76.83999633789062,75.08999633789062,75.80999755859375,65.6996078491211,1443700,PFG,yfinance,2026-02-10T05:10:16.435896+00:00
2022-01-11,76.33000183105469,76.94000244140625,75.5,76.81999969482422,66.57490539550781,823700,PFG,yfinance,2026-02-10T05:10:16.435896+00:00
2022-01-12,77.11000061035156,77.68000030517578,76.06999969482422,76.5199966430664,66.31491088867188,882500,PFG,yfinance,2026-02-10T05:10:16.435896+00:00
2022-01-13,77.22000122070312,77.5199966430664,76.2300033569336,76.58000183105469,66.36691284179688,935800,PFG,yfinance,2026-02-10T05:10:16.435896+00:00
2022-01-14,75.38999938964844,76.88999938964844,74.95999908447266,76.81999969482422,66.57490539550781,828100,PFG,yfinance,2026-02-10T05:10:16.435896+00:00
2022-01-18,76.69000244140625,76.83000183105469,75.16000366210938,75.80000305175781,65.6909408569336,1315100,PFG,yfinance,2026-02-10T05:10:16.435896+00:00
2022-01-19,76.0199966430664,76.0199966430664,74.43000030517578,74.58999633789062,64.6423110961914,949400,PFG,yfinance,2026-02-10T05:10:16.435896+00:00
2022-01-20,74.70999908447266,75.68000030517578,73.5,73.63999938964844,63.81900405883789,1673100,PFG,yfinance,2026-02-10T05:10:16.435896+00:00
2022-01-21,73.12000274658203,73.83000183105469,71.66000366210938,72.0,62.39773178100586,1670900,PFG,yfinance,2026-02-10T05:10:16.435896+00:00
2022-01-24,70.6500015258789,72.38999938964844,68.48999786376953,72.16000366210938,62.5363883972168,1950600,PFG,yfinance,2026-02-10T05:10:16.435896+00:00
2022-01-25,71.19999694824219,73.05999755859375,69.33000183105469,72.62000274658203,62.93503952026367,1478100,PFG,yfinance,2026-02-10T05:10:16.435896+00:00
2022-01-26,73.18000030517578,74.69000244140625,72.04000091552734,73.05999755859375,63.31635284423828,1272600,PFG,yfinance,2026-02-10T05:10:16.435896+00:00
2022-01-27,74.18000030517578,75.5,71.83999633789062,72.41000366210938,62.75305938720703,1257900,PFG,yfinance,2026-02-10T05:10:16.435896+00:00
2022-01-28,71.83000183105469,72.18000030517578,70.0999984741211,72.0999984741211,62.48439025878906,1166500,PFG,yfinance,2026-02-10T05:10:16.435896+00:00
2022-01-31,72.48999786376953,73.1500015258789,70.75,73.05999755859375,63.31635284423828,2415800,PFG,yfinance,2026-02-10T05:10:16.435896+00:00
2022-02-01,72.80000305175781,74.37999725341797,72.01000213623047,74.18000030517578,64.28699493408203,1381700,PFG,yfinance,2026-02-10T05:10:16.435896+00:00
2022-02-02,74.12000274658203,74.8499984741211,73.4800033569336,74.0199966430664,64.14833068847656,1281700,PFG,yfinance,2026-02-10T05:10:16.435896+00:00
2022-02-03,74.37999725341797,74.37999725341797,72.58999633789062,72.69999694824219,63.00436019897461,1133000,PFG,yfinance,2026-02-10T05:10:16.435896+00:00
2022-02-04,72.62000274658203,75.61000061035156,72.44000244140625,74.7699966430664,64.79829406738281,1580100,PFG,yfinance,2026-02-10T05:10:16.435896+00:00
2022-02-07,74.94000244140625,76.26000213623047,74.8499984741211,74.94000244140625,64.94563293457031,2032000,PFG,yfinance,2026-02-10T05:10:16.435896+00:00
2022-02-08,76.5,78.26000213623047,75.33000183105469,78.19000244140625,67.76219940185547,2971900,PFG,yfinance,2026-02-10T05:10:16.435896+00:00
2022-02-09,78.69000244140625,79.18000030517578,78.0,78.94999694824219,68.42082214355469,1664200,PFG,yfinance,2026-02-10T05:10:16.435896+00:00
2022-02-10,79.0,80.36000061035156,78.16000366210938,78.58999633789062,68.10884094238281,1750000,PFG,yfinance,2026-02-10T05:10:16.435896+00:00
2022-02-11,78.23999786376953,78.94000244140625,75.63999938964844,76.04000091552734,65.89892578125,2545800,PFG,yfinance,2026-02-10T05:10:16.435896+00:00
2022-02-14,76.16999816894531,76.58999633789062,73.41000366210938,74.19000244140625,64.29566192626953,2108400,PFG,yfinance,2026-02-10T05:10:16.435896+00:00
2022-02-15,75.0999984741211,76.08999633789062,74.61000061035156,75.7699966430664,65.6649398803711,1325500,PFG,yfinance,2026-02-10T05:10:16.435896+00:00
2022-02-16,75.30000305175781,76.36000061035156,74.94000244140625,75.6500015258789,65.56095886230469,1534700,PFG,yfinance,2026-02-10T05:10:16.435896+00:00
2022-02-17,74.80000305175781,75.12999725341797,72.62999725341797,72.81999969482422,63.10837936401367,1973600,PFG,yfinance,2026-02-10T05:10:16.435896+00:00
2022-02-18,72.62999725341797,73.44999694824219,72.3499984741211,72.4800033569336,62.813720703125,2240900,PFG,yfinance,2026-02-10T05:10:16.435896+00:00
2022-02-22,71.80000305175781,72.51000213623047,70.5,71.0999984741211,61.617759704589844,1471500,PFG,yfinance,2026-02-10T05:10:16.435896+00:00
2022-02-23,71.69999694824219,72.16000366210938,69.37000274658203,69.55999755859375,60.283138275146484,2747600,PFG,yfinance,2026-02-10T05:10:16.435896+00:00
2022-02-24,67.16999816894531,68.81999969482422,66.18000030517578,68.5,59.364501953125,1779100,PFG,yfinance,2026-02-10T05:10:16.435896+00:00
2022-02-25,68.94000244140625,71.75,68.91999816894531,71.69000244140625,62.12905502319336,3103600,PFG,yfinance,2026-02-10T05:10:16.435896+00:00
2022-02-28,69.7300033569336,71.20999908447266,69.58999633789062,70.63999938964844,61.21910095214844,2899600,PFG,yfinance,2026-02-10T05:10:16.435896+00:00
2022-03-01,69.70999908447266,70.1500015258789,66.86000061035156,67.47000122070312,58.47186279296875,3206300,PFG,yfinance,2026-02-10T05:10:16.435896+00:00
2022-03-02,68.51000213623047,70.27999877929688,68.12000274658203,69.37000274658203,60.11847686767578,2113700,PFG,yfinance,2026-02-10T05:10:16.435896+00:00
2022-03-03,69.68000030517578,70.1500015258789,67.86000061035156,69.01000213623047,59.80647659301758,1579900,PFG,yfinance,2026-02-10T05:10:16.435896+00:00
2022-03-04,67.6500015258789,67.73999786376953,66.33000183105469,67.05999755859375,58.116539001464844,1302600,PFG,yfinance,2026-02-10T05:10:16.435896+00:00
2022-03-07,66.2300033569336,66.33999633789062,64.3499984741211,64.37000274658203,55.78529357910156,1708000,PFG,yfinance,2026-02-10T05:10:16.435896+00:00
2022-03-08,64.62000274658203,66.9800033569336,64.55999755859375,64.88999938964844,56.23594665527344,2369100,PFG,yfinance,2026-02-10T05:10:16.435896+00:00
2022-03-09,65.4800033569336,67.25,65.41999816894531,66.16999816894531,57.91646194458008,1093000,PFG,yfinance,2026-02-10T05:10:16.435896+00:00
2022-03-10,65.23999786376953,66.12999725341797,64.80000305175781,65.55999755859375,57.382537841796875,775700,PFG,yfinance,2026-02-10T05:10:16.435896+00:00
2022-03-11,66.33999633789062,66.83000183105469,64.9800033569336,65.05999755859375,56.944915771484375,1342300,PFG,yfinance,2026-02-10T05:10:16.435896+00:00
2022-03-14,66.1500015258789,67.30999755859375,66.0,66.20999908447266,57.95146942138672,2011300,PFG,yfinance,2026-02-10T05:10:16.435896+00:00
2022-03-15,66.69999694824219,67.66999816894531,66.3499984741211,67.4800033569336,59.06306457519531,2786100,PFG,yfinance,2026-02-10T05:10:16.435896+00:00
2022-03-16,68.18000030517578,70.08000183105469,68.18000030517578,69.55999755859375,60.88361740112305,1885000,PFG,yfinance,2026-02-10T05:10:16.435896+00:00
2022-03-17,69.16000366210938,70.18000030517578,68.43000030517578,70.04000091552734,61.303741455078125,1362800,PFG,yfinance,2026-02-10T05:10:16.435896+00:00
2022-03-18,69.72000122070312,70.16000366210938,68.72000122070312,70.02999877929688,61.295005798339844,3581700,PFG,yfinance,2026-02-10T05:10:16.435896+00:00
2022-03-21,70.7699966430664,70.91999816894531,69.31999969482422,69.83999633789062,61.128700256347656,2027300,PFG,yfinance,2026-02-10T05:10:16.435896+00:00
2022-03-22,70.7300033569336,71.94999694824219,70.6500015258789,70.9800033569336,62.12651062011719,2195600,PFG,yfinance,2026-02-10T05:10:16.435896+00:00
2022-03-23,71.06999969482422,71.52999877929688,70.5199966430664,70.79000091552734,61.960208892822266,1844000,PFG,yfinance,2026-02-10T05:10:16.435896+00:00
2022-03-24,71.06999969482422,72.19999694824219,70.5999984741211,71.8499984741211,62.88797378540039,2637100,PFG,yfinance,2026-02-10T05:10:16.435896+00:00
2022-03-25,71.69000244140625,73.62000274658203,71.48999786376953,73.5999984741211,64.4197006225586,1148700,PFG,yfinance,2026-02-10T05:10:16.435896+00:00
2022-03-28,73.70999908447266,73.70999908447266,72.72000122070312,73.37000274658203,64.21839904785156,2281900,PFG,yfinance,2026-02-10T05:10:16.435896+00:00
2022-03-29,74.16999816894531,74.9000015258789,73.7300033569336,74.58999633789062,65.28622436523438,1817900,PFG,yfinance,2026-02-10T05:10:16.435896+00:00
2022-03-30,74.62999725341797,75.26000213623047,74.16999816894531,74.55999755859375,65.25996398925781,1059300,PFG,yfinance,2026-02-10T05:10:16.435896+00:00
2022-03-31,74.5999984741211,75.26000213623047,73.4000015258789,73.41000366210938,64.2533950805664,2060200,PFG,yfinance,2026-02-10T05:10:16.435896+00:00
2022-04-01,74.20999908447266,74.76000213623047,73.2699966430664,73.88999938964844,64.67352294921875,1186000,PFG,yfinance,2026-02-10T05:10:16.435896+00:00
2022-04-04,73.51000213623047,73.81999969482422,72.56999969482422,73.41000366210938,64.2533950805664,1230300,PFG,yfinance,2026-02-10T05:10:16.435896+00:00
2022-04-05,73.4000015258789,75.01000213623047,73.23999786376953,74.37999725341797,65.1024169921875,1409500,PFG,yfinance,2026-02-10T05:10:16.435896+00:00
2022-04-06,74.02999877929688,74.58000183105469,73.52999877929688,73.97000122070312,64.74354553222656,1802400,PFG,yfinance,2026-02-10T05:10:16.435896+00:00
2022-04-07,73.72000122070312,73.73999786376953,71.44999694824219,73.05999755859375,63.94706726074219,1593700,PFG,yfinance,2026-02-10T05:10:16.435896+00:00
2022-04-08,73.56999969482422,74.16000366210938,73.08000183105469,73.62000274658203,64.43721008300781,1608000,PFG,yfinance,2026-02-10T05:10:16.435896+00:00
2022-04-11,74.41999816894531,74.52999877929688,73.2300033569336,73.30000305175781,64.15711975097656,1233200,PFG,yfinance,2026-02-10T05:10:16.435896+00:00
2022-04-12,73.61000061035156,74.80999755859375,72.69999694824219,72.9800033569336,63.87704849243164,1172700,PFG,yfinance,2026-02-10T05:10:16.435896+00:00
2022-04-13,72.55000305175781,74.01000213623047,72.51000213623047,74.0,64.7697982788086,1006700,PFG,yfinance,2026-02-10T05:10:16.435896+00:00
2022-04-14,74.02999877929688,74.91999816894531,73.9000015258789,73.94999694824219,64.72603607177734,1095200,PFG,yfinance,2026-02-10T05:10:16.435896+00:00
2022-04-18,73.63999938964844,74.4000015258789,73.4800033569336,73.91999816894531,64.69978332519531,1036100,PFG,yfinance,2026-02-10T05:10:16.435896+00:00
2022-04-19,73.93000030517578,75.33000183105469,73.93000030517578,75.16999816894531,65.79388427734375,1314200,PFG,yfinance,2026-02-10T05:10:16.435896+00:00
2022-04-20,75.51000213623047,76.62999725341797,75.4000015258789,76.20999908447266,66.70414733886719,1122800,PFG,yfinance,2026-02-10T05:10:16.435896+00:00
2022-04-21,76.87999725341797,77.22000122070312,74.87999725341797,75.0199966430664,65.66259002685547,1046700,PFG,yfinance,2026-02-10T05:10:16.435896+00:00
2022-04-22,74.61000061035156,74.61000061035156,72.2300033569336,72.33999633789062,63.316856384277344,1308400,PFG,yfinance,2026-02-10T05:10:16.435896+00:00
2022-04-25,71.94000244140625,72.08000183105469,69.33000183105469,71.8499984741211,62.88797378540039,2003300,PFG,yfinance,2026-02-10T05:10:16.435896+00:00
2022-04-26,70.6500015258789,71.83999633789062,69.83999633789062,69.86000061035156,61.14619445800781,1839200,PFG,yfinance,2026-02-10T05:10:16.435896+00:00
2022-04-27,69.76000213623047,70.69000244140625,69.19000244140625,69.91999816894531,61.19871520996094,1520200,PFG,yfinance,2026-02-10T05:10:16.435896+00:00
2022-04-28,70.4000015258789,70.94999694824219,69.0,70.63999938964844,61.82890701293945,1976500,PFG,yfinance,2026-02-10T05:10:16.435896+00:00
2022-04-29,69.83000183105469,70.73999786376953,67.91000366210938,68.13999938964844,59.640750885009766,2222200,PFG,yfinance,2026-02-10T05:10:16.435896+00:00
2022-05-02,68.22000122070312,68.80999755859375,67.36000061035156,68.77999877929688,60.2009162902832,1924300,PFG,yfinance,2026-02-10T05:10:16.435896+00:00
2022-05-03,69.08000183105469,70.58000183105469,68.68000030517578,69.86000061035156,61.14619445800781,1498000,PFG,yfinance,2026-02-10T05:10:16.435896+00:00
2022-05-04,69.95999908447266,73.5199966430664,69.77999877929688,73.41000366210938,64.2533950805664,2348100,PFG,yfinance,2026-02-10T05:10:16.435896+00:00
2022-05-05,72.69000244140625,73.02999877929688,70.5199966430664,71.51000213623047,62.590396881103516,2385900,PFG,yfinance,2026-02-10T05:10:16.435896+00:00
2022-05-06,71.48999786376953,71.56999969482422,69.4800033569336,70.26000213623047,61.496307373046875,3970000,PFG,yfinance,2026-02-10T05:10:16.435896+00:00
2022-05-09,69.62000274658203,70.36000061035156,68.41999816894531,68.98999786376953,60.38471603393555,1798700,PFG,yfinance,2026-02-10T05:10:16.435896+00:00
2022-05-10,69.83000183105469,70.4000015258789,67.54000091552734,69.12999725341797,60.50725555419922,1618900,PFG,yfinance,2026-02-10T05:10:16.435896+00:00
2022-05-11,69.11000061035156,70.36000061035156,67.9800033569336,68.06999969482422,59.579471588134766,1359000,PFG,yfinance,2026-02-10T05:10:16.435896+00:00
2022-05-12,68.01000213623047,68.31999969482422,65.9800033569336,67.62000274658203,59.185604095458984,1757900,PFG,yfinance,2026-02-10T05:10:16.435896+00:00
2022-05-13,68.0999984741211,70.7300033569336,68.04000091552734,70.0199966430664,61.286231994628906,2264500,PFG,yfinance,2026-02-10T05:10:16.435896+00:00
2022-05-16,70.2300033569336,70.7300033569336,69.25,70.08000183105469,61.33876037597656,2671900,PFG,yfinance,2026-02-10T05:10:16.435896+00:00
2022-05-17,71.2699966430664,73.19999694824219,70.8499984741211,72.7699966430664,63.69322204589844,1805800,PFG,yfinance,2026-02-10T05:10:16.435896+00:00
2022-05-18,72.13999938964844,72.2699966430664,71.23999786376953,71.44000244140625,62.52912902832031,2330500,PFG,yfinance,2026-02-10T05:10:16.435896+00:00
2022-05-19,70.37000274658203,72.0999984741211,69.55999755859375,69.75,61.049930572509766,4004500,PFG,yfinance,2026-02-10T05:10:16.435896+00:00
2022-05-20,70.36000061035156,70.79000091552734,67.76000213623047,69.23999786376953,60.60353469848633,2435800,PFG,yfinance,2026-02-10T05:10:16.435896+00:00
2022-05-23,70.38999938964844,70.94999694824219,69.55999755859375,70.52999877929688,61.73263168334961,1637600,PFG,yfinance,2026-02-10T05:10:16.435896+00:00
2022-05-24,69.94000244140625,70.55000305175781,68.05000305175781,70.33999633789062,61.56633377075195,2081900,PFG,yfinance,2026-02-10T05:10:16.435896+00:00
2022-05-25,70.45999908447266,71.41000366210938,70.05999755859375,70.95999908447266,62.10900115966797,1808900,PFG,yfinance,2026-02-10T05:10:16.435896+00:00
2022-05-26,71.61000061035156,72.25,71.26000213623047,71.9800033569336,63.00178146362305,1461200,PFG,yfinance,2026-02-10T05:10:16.435896+00:00
2022-05-27,72.38999938964844,72.95999908447266,71.77999877929688,72.94000244140625,63.84203338623047,1349600,PFG,yfinance,2026-02-10T05:10:16.435896+00:00
2022-05-31,72.45999908447266,73.56999969482422,71.7699966430664,72.93000030517578,63.833274841308594,2696800,PFG,yfinance,2026-02-10T05:10:16.435896+00:00
2022-06-01,72.58999633789062,72.62999725341797,70.05999755859375,71.5999984741211,63.22399139404297,1513200,PFG,yfinance,2026-02-10T05:10:16.435896+00:00
2022-06-02,71.72000122070312,72.19999694824219,70.87000274658203,72.19000244140625,63.74496078491211,1213500,PFG,yfinance,2026-02-10T05:10:16.435896+00:00
2022-06-03,71.83000183105469,72.02999877929688,70.77999877929688,70.87999725341797,62.58821105957031,1230400,PFG,yfinance,2026-02-10T05:10:16.435896+00:00
2022-06-06,71.41000366210938,72.30000305175781,70.83999633789062,71.7300033569336,63.33879089355469,1042500,PFG,yfinance,2026-02-10T05:10:16.435896+00:00
2022-06-07,71.29000091552734,72.33000183105469,70.77999877929688,72.19999694824219,63.753807067871094,1274900,PFG,yfinance,2026-02-10T05:10:16.435896+00:00
2022-06-08,71.81999969482422,72.36000061035156,71.23999786376953,71.62000274658203,63.24164962768555,821900,PFG,yfinance,2026-02-10T05:10:16.435896+00:00
2022-06-09,71.61000061035156,72.04000091552734,70.29000091552734,70.29000091552734,62.06723403930664,1264200,PFG,yfinance,2026-02-10T05:10:16.435896+00:00
2022-06-10,68.93000030517578,68.97000122070312,66.30000305175781,66.33000183105469,58.57050323486328,1652500,PFG,yfinance,2026-02-10T05:10:16.435896+00:00
2022-06-13,64.68000030517578,64.9000015258789,63.189998626708984,63.59000015258789,56.151023864746094,1426700,PFG,yfinance,2026-02-10T05:10:16.435896+00:00
2022-06-14,63.959999084472656,64.9000015258789,63.380001068115234,63.939998626708984,56.460086822509766,1376800,PFG,yfinance,2026-02-10T05:10:16.435896+00:00
2022-06-15,64.81999969482422,66.01000213623047,63.93000030517578,64.95999908447266,57.36075973510742,1622400,PFG,yfinance,2026-02-10T05:10:16.435896+00:00
2022-06-16,63.709999084472656,63.779998779296875,61.97999954223633,62.84000015258789,55.48876190185547,2965600,PFG,yfinance,2026-02-10T05:10:16.435896+00:00
2022-06-17,62.849998474121094,64.08000183105469,62.41999816894531,63.86000061035156,56.38945007324219,4598000,PFG,yfinance,2026-02-10T05:10:16.435896+00:00
2022-06-21,65.16000366210938,65.7699966430664,64.08000183105469,65.4800033569336,57.8199348449707,1622400,PFG,yfinance,2026-02-10T05:10:16.435896+00:00
2022-06-22,64.30000305175781,65.94000244140625,64.19000244140625,65.51000213623047,57.84642028808594,1387900,PFG,yfinance,2026-02-10T05:10:16.435896+00:00
2022-06-23,65.77999877929688,65.87999725341797,64.22000122070312,65.19999694824219,57.57268524169922,1355900,PFG,yfinance,2026-02-10T05:10:16.435896+00:00
2022-06-24,65.81999969482422,68.6500015258789,65.69000244140625,68.55000305175781,60.53080368041992,2380900,PFG,yfinance,2026-02-10T05:10:16.435896+00:00
2022-06-27,65.20999908447266,69.05000305175781,65.20999908447266,67.77999877929688,59.85087966918945,1711000,PFG,yfinance,2026-02-10T05:10:16.435896+00:00
2022-06-28,68.33999633789062,69.55000305175781,67.83000183105469,68.11000061035156,60.142276763916016,1168500,PFG,yfinance,2026-02-10T05:10:16.435896+00:00
2022-06-29,68.0999984741211,68.37999725341797,67.29000091552734,67.33000183105469,59.453514099121094,993900,PFG,yfinance,2026-02-10T05:10:16.435896+00:00
2022-06-30,66.25,67.55999755859375,65.41000366210938,66.79000091552734,58.976680755615234,1296400,PFG,yfinance,2026-02-10T05:10:16.435896+00:00
2022-07-01,66.6500015258789,67.97000122070312,66.33000183105469,67.7699966430664,59.842037200927734,1575400,PFG,yfinance,2026-02-10T05:10:16.435896+00:00
2022-07-05,66.80000305175781,66.80000305175781,64.76000213623047,66.56999969482422,58.78242492675781,1220000,PFG,yfinance,2026-02-10T05:10:16.435896+00:00
2022-07-06,65.97000122070312,67.05000305175781,65.4000015258789,66.33000183105469,58.57050323486328,1582200,PFG,yfinance,2026-02-10T05:10:16.435896+00:00
2022-07-07,66.95999908447266,67.77999877929688,66.86000061035156,67.05999755859375,59.21509552001953,1247900,PFG,yfinance,2026-02-10T05:10:16.435896+00:00
2022-07-08,67.0199966430664,67.83999633789062,66.7699966430664,66.91999816894531,59.091468811035156,1364600,PFG,yfinance,2026-02-10T05:10:16.435896+00:00
2022-07-11,66.16999816894531,67.04000091552734,66.05000305175781,66.19999694824219,58.45569610595703,1170500,PFG,yfinance,2026-02-10T05:10:16.435896+00:00
2022-07-12,65.86000061035156,66.91000366210938,65.44999694824219,65.7300033569336,58.04069137573242,1881600,PFG,yfinance,2026-02-10T05:10:16.435896+00:00
2022-07-13,64.81999969482422,65.30999755859375,62.84000015258789,63.4900016784668,56.06272888183594,1550700,PFG,yfinance,2026-02-10T05:10:16.435896+00:00
2022-07-14,62.02000045776367,62.279998779296875,61.04999923706055,61.130001068115234,53.97880935668945,1607100,PFG,yfinance,2026-02-10T05:10:16.435896+00:00
2022-07-15,61.810001373291016,62.849998474121094,61.06999969482422,62.689998626708984,55.3563117980957,1497000,PFG,yfinance,2026-02-10T05:10:16.435896+00:00
2022-07-18,63.61000061035156,63.81999969482422,62.189998626708984,62.529998779296875,55.215030670166016,1017600,PFG,yfinance,2026-02-10T05:10:16.435896+00:00
2022-07-19,63.290000915527344,64.37999725341797,63.13999938964844,63.869998931884766,56.39827346801758,1370600,PFG,yfinance,2026-02-10T05:10:16.435896+00:00
2022-07-20,63.5099983215332,64.58999633789062,63.0,64.25,56.73381042480469,1509900,PFG,yfinance,2026-02-10T05:10:16.435896+00:00
2022-07-21,64.13999938964844,64.69999694824219,63.25,64.66999816894531,57.10468292236328,826200,PFG,yfinance,2026-02-10T05:10:16.435896+00:00
2022-07-22,64.83000183105469,65.2699966430664,63.290000915527344,63.90999984741211,56.43359375,896500,PFG,yfinance,2026-02-10T05:10:16.435896+00:00
2022-07-25,64.54000091552734,64.93000030517578,63.91999816894531,64.91000366210938,57.31660842895508,1110800,PFG,yfinance,2026-02-10T05:10:16.435896+00:00
2022-07-26,64.47000122070312,64.81999969482422,63.70000076293945,63.93000030517578,56.451255798339844,862500,PFG,yfinance,2026-02-10T05:10:16.435896+00:00
2022-07-27,64.33999633789062,65.4000015258789,63.9900016784668,64.88999938964844,57.298954010009766,1086700,PFG,yfinance,2026-02-10T05:10:16.435896+00:00
2022-07-28,64.80999755859375,65.01000213623047,63.47999954223633,64.91000366210938,57.31660842895508,903700,PFG,yfinance,2026-02-10T05:10:16.435896+00:00
2022-07-29,65.06999969482422,67.31999969482422,65.0,66.94000244140625,59.10913848876953,1898200,PFG,yfinance,2026-02-10T05:10:16.435896+00:00
2022-08-01,66.47000122070312,67.20999908447266,65.69000244140625,67.12000274658203,59.26808547973633,1289500,PFG,yfinance,2026-02-10T05:10:16.435896+00:00
2022-08-02,66.58000183105469,67.37000274658203,66.08999633789062,66.19000244140625,58.44687271118164,1082700,PFG,yfinance,2026-02-10T05:10:16.435896+00:00
2022-08-03,66.87999725341797,68.23999786376953,66.37000274658203,68.05000305175781,60.089290618896484,1157700,PFG,yfinance,2026-02-10T05:10:16.435896+00:00
2022-08-04,68.04000091552734,68.70999908447266,67.69000244140625,67.9800033569336,60.02747344970703,1155800,PFG,yfinance,2026-02-10T05:10:16.435896+00:00
2022-08-05,68.11000061035156,68.93000030517578,67.73999786376953,68.22000122070312,60.23939514160156,793600,PFG,yfinance,2026-02-10T05:10:16.435896+00:00
2022-08-08,68.70999908447266,69.55000305175781,68.54000091552734,68.79000091552734,60.74272155761719,1180800,PFG,yfinance,2026-02-10T05:10:16.435896+00:00
2022-08-09,71.0999984741211,74.7699966430664,70.13999938964844,73.69000244140625,65.06949615478516,3031300,PFG,yfinance,2026-02-10T05:10:16.435896+00:00
2022-08-10,74.2300033569336,76.23999786376953,74.0999984741211,76.16000366210938,67.25055694580078,2290200,PFG,yfinance,2026-02-10T05:10:16.435896+00:00
2022-08-11,76.69000244140625,78.2699966430664,76.69000244140625,77.48999786376953,68.42495727539062,1721100,PFG,yfinance,2026-02-10T05:10:16.435896+00:00
2022-08-12,78.20999908447266,79.54000091552734,77.83000183105469,79.51000213623047,70.20865631103516,1615500,PFG,yfinance,2026-02-10T05:10:16.435896+00:00
2022-08-15,78.87999725341797,79.98999786376953,78.7699966430664,79.12999725341797,69.87310791015625,1469400,PFG,yfinance,2026-02-10T05:10:16.435896+00:00
2022-08-16,79.0,79.58999633789062,78.3499984741211,78.9800033569336,69.74066162109375,1844300,PFG,yfinance,2026-02-10T05:10:16.435896+00:00
2022-08-17,78.4000015258789,79.29000091552734,78.12000274658203,78.72000122070312,69.51106262207031,1689900,PFG,yfinance,2026-02-10T05:10:16.435896+00:00
2022-08-18,78.47000122070312,79.6500015258789,78.06999969482422,79.29000091552734,70.0143814086914,1331200,PFG,yfinance,2026-02-10T05:10:16.435896+00:00
2022-08-19,78.88999938964844,79.1500015258789,77.79000091552734,78.1500015258789,69.00775146484375,2136800,PFG,yfinance,2026-02-10T05:10:16.435896+00:00
2022-08-22,76.83000183105469,77.2300033569336,76.23999786376953,76.37999725341797,67.44481658935547,1200700,PFG,yfinance,2026-02-10T05:10:16.435896+00:00
2022-08-23,76.5199966430664,77.30999755859375,75.87999725341797,76.0999984741211,67.19756317138672,1968000,PFG,yfinance,2026-02-10T05:10:16.435896+00:00
2022-08-24,75.72000122070312,77.05999755859375,75.56999969482422,76.98999786376953,67.98346710205078,1392100,PFG,yfinance,2026-02-10T05:10:16.435896+00:00
2022-08-25,77.27999877929688,78.5999984741211,77.27999877929688,78.38999938964844,69.21967315673828,1362600,PFG,yfinance,2026-02-10T05:10:16.435896+00:00
2022-08-26,78.77999877929688,79.22000122070312,76.55999755859375,76.61000061035156,67.64790344238281,1284100,PFG,yfinance,2026-02-10T05:10:16.435896+00:00
2022-08-29,76.08999633789062,76.44000244140625,75.37999725341797,75.70999908447266,66.8531723022461,1286600,PFG,yfinance,2026-02-10T05:10:16.435896+00:00
2022-08-30,75.86000061035156,76.02999877929688,74.91000366210938,75.29000091552734,66.4823226928711,1851200,PFG,yfinance,2026-02-10T05:10:16.435896+00:00
2022-08-31,75.41999816894531,75.93000030517578,74.72000122070312,74.76000213623047,66.01432800292969,1659700,PFG,yfinance,2026-02-10T05:10:16.435896+00:00
2022-09-01,74.75,74.75,73.29000091552734,74.68000030517578,65.94369506835938,1625600,PFG,yfinance,2026-02-10T05:10:16.435896+00:00
2022-09-02,75.69999694824219,76.26000213623047,74.06999969482422,74.44000244140625,65.73175048828125,1346400,PFG,yfinance,2026-02-10T05:10:16.435896+00:00
2022-09-06,74.61000061035156,74.86000061035156,73.30999755859375,74.43000030517578,65.72293090820312,1613600,PFG,yfinance,2026-02-10T05:10:16.435896+00:00
2022-09-07,73.55000305175781,75.48999786376953,73.16000366210938,75.30999755859375,67.07675170898438,2987800,PFG,yfinance,2026-02-10T05:10:16.435896+00:00
2022-09-08,75.45999908447266,76.91999816894531,74.9000015258789,76.80000305175781,68.40386199951172,2545900,PFG,yfinance,2026-02-10T05:10:16.435896+00:00
2022-09-09,77.23999786376953,78.52999877929688,77.23999786376953,78.29000091552734,69.7309799194336,2111200,PFG,yfinance,2026-02-10T05:10:16.435896+00:00
2022-09-12,78.62000274658203,79.80000305175781,78.45999908447266,79.77999877929688,71.0580825805664,2205900,PFG,yfinance,2026-02-10T05:10:16.435896+00:00
2022-09-13,78.27999877929688,79.69000244140625,77.30000305175781,77.41000366210938,68.94718170166016,2375900,PFG,yfinance,2026-02-10T05:10:16.435896+00:00
2022-09-14,77.72000122070312,78.43000030517578,76.88999938964844,77.58000183105469,69.09859466552734,1701500,PFG,yfinance,2026-02-10T05:10:16.435896+00:00
2022-09-15,77.75,78.51000213623047,76.97000122070312,77.47000122070312,69.00062561035156,2026900,PFG,yfinance,2026-02-10T05:10:16.435896+00:00
2022-09-16,76.9800033569336,77.22000122070312,75.83000183105469,77.01000213623047,68.59091186523438,3448700,PFG,yfinance,2026-02-10T05:10:16.435896+00:00
2022-09-19,75.98999786376953,77.63999938964844,75.83000183105469,77.43000030517578,68.96499633789062,1701900,PFG,yfinance,2026-02-10T05:10:16.435896+00:00
2022-09-20,76.81999969482422,77.18000030517578,76.0999984741211,76.83999633789062,68.4394760131836,1354500,PFG,yfinance,2026-02-10T05:10:16.435896+00:00
2022-09-21,77.3499984741211,78.12999725341797,76.05999755859375,76.05999755859375,67.74476623535156,1633400,PFG,yfinance,2026-02-10T05:10:16.435896+00:00
2022-09-22,76.1500015258789,76.4800033569336,75.2699966430664,75.41999816894531,67.17472076416016,1589500,PFG,yfinance,2026-02-10T05:10:16.435896+00:00
2022-09-23,74.12000274658203,74.41000366210938,71.22000122070312,72.41000366210938,64.49380493164062,1795600,PFG,yfinance,2026-02-10T05:10:16.435896+00:00
2022-09-26,71.87000274658203,72.88999938964844,71.26000213623047,71.33999633789062,63.54077911376953,1523100,PFG,yfinance,2026-02-10T05:10:16.435896+00:00
2022-09-27,72.0,72.58999633789062,70.72000122070312,71.47000122070312,63.65658187866211,1083100,PFG,yfinance,2026-02-10T05:10:16.435896+00:00
2022-09-28,70.87999725341797,73.54000091552734,70.61000061035156,72.91000366210938,64.93912506103516,1333100,PFG,yfinance,2026-02-10T05:10:16.435896+00:00
2022-09-29,72.27999877929688,72.45999908447266,70.83999633789062,71.41999816894531,63.612022399902344,1714100,PFG,yfinance,2026-02-10T05:10:16.435896+00:00
2022-09-30,71.51000213623047,73.56999969482422,71.2699966430664,72.1500015258789,64.26222229003906,2136200,PFG,yfinance,2026-02-10T05:10:16.435896+00:00
2022-10-03,73.06999969482422,75.81999969482422,71.83000183105469,75.55000305175781,67.29051208496094,2095700,PFG,yfinance,2026-02-10T05:10:16.435896+00:00
2022-10-04,76.5,79.12999725341797,76.33000183105469,79.0,70.36334228515625,1593000,PFG,yfinance,2026-02-10T05:10:16.435896+00:00
2022-10-05,77.98999786376953,78.98999786376953,77.63999938964844,78.52999877929688,69.9447250366211,1399000,PFG,yfinance,2026-02-10T05:10:16.435896+00:00
2022-10-06,77.91000366210938,78.69999694824219,77.5,78.31999969482422,69.7576904296875,1614700,PFG,yfinance,2026-02-10T05:10:16.435896+00:00
2022-10-07,76.79000091552734,77.33000183105469,75.5199966430664,76.04000091552734,67.72694396972656,1663200,PFG,yfinance,2026-02-10T05:10:16.435896+00:00
2022-10-10,76.26000213623047,77.08999633789062,75.44000244140625,76.12000274658203,67.79820251464844,2535300,PFG,yfinance,2026-02-10T05:10:16.435896+00:00
2022-10-11,75.26000213623047,77.08000183105469,75.06999969482422,75.70999908447266,67.43302154541016,1350000,PFG,yfinance,2026-02-10T05:10:16.435896+00:00
2022-10-12,75.52999877929688,76.56999969482422,75.05999755859375,76.04000091552734,67.72694396972656,1519700,PFG,yfinance,2026-02-10T05:10:16.435896+00:00
2022-10-13,74.91000366210938,78.9800033569336,74.08999633789062,78.77999877929688,70.16738891601562,2192800,PFG,yfinance,2026-02-10T05:10:16.435896+00:00
2022-10-14,79.1500015258789,79.94999694824219,76.43000030517578,76.61000061035156,68.23462677001953,1598800,PFG,yfinance,2026-02-10T05:10:16.435896+00:00
2022-10-17,78.02999877929688,78.62000274658203,77.2300033569336,78.22000122070312,69.66863250732422,1607000,PFG,yfinance,2026-02-10T05:10:16.435896+00:00
2022-10-18,79.9800033569336,80.2699966430664,79.13999938964844,79.87999725341797,71.14713287353516,1582200,PFG,yfinance,2026-02-10T05:10:16.435896+00:00
2022-10-19,79.12000274658203,80.05000305175781,78.4000015258789,78.7699966430664,70.15848541259766,1925600,PFG,yfinance,2026-02-10T05:10:16.435896+00:00
2022-10-20,78.4800033569336,79.5999984741211,77.51000213623047,77.55999755859375,69.08078002929688,1767200,PFG,yfinance,2026-02-10T05:10:16.435896+00:00
2022-10-21,77.44999694824219,79.08999633789062,76.55000305175781,78.83999633789062,70.2208251953125,6279400,PFG,yfinance,2026-02-10T05:10:16.435896+00:00
2022-10-24,78.91000366210938,80.38999938964844,78.80000305175781,80.02999877929688,71.2807388305664,1862600,PFG,yfinance,2026-02-10T05:10:16.435896+00:00
2022-10-25,79.37999725341797,80.36000061035156,79.33000183105469,80.13999938964844,71.37872314453125,2180200,PFG,yfinance,2026-02-10T05:10:16.435896+00:00
2022-10-26,80.54000091552734,81.27999877929688,80.33000183105469,80.87999725341797,72.0378189086914,1779500,PFG,yfinance,2026-02-10T05:10:16.435896+00:00
2022-10-27,81.4800033569336,82.6500015258789,81.36000061035156,81.83999633789062,72.89285278320312,1740100,PFG,yfinance,2026-02-10T05:10:16.435896+00:00
2022-10-28,83.0,88.30999755859375,82.80999755859375,88.01000213623047,78.38834381103516,3594200,PFG,yfinance,2026-02-10T05:10:16.435896+00:00
2022-10-31,86.5,88.5199966430664,86.43000030517578,88.12999725341797,78.49520874023438,2493500,PFG,yfinance,2026-02-10T05:10:16.435896+00:00
2022-11-01,87.45999908447266,89.18000030517578,87.45999908447266,88.31999969482422,78.66444396972656,1601400,PFG,yfinance,2026-02-10T05:10:16.435896+00:00
2022-11-02,88.05999755859375,89.2699966430664,86.4800033569336,86.79000091552734,77.30169677734375,2120300,PFG,yfinance,2026-02-10T05:10:16.435896+00:00
2022-11-03,85.54000091552734,87.27999877929688,85.19000244140625,86.51000213623047,77.05232238769531,1361800,PFG,yfinance,2026-02-10T05:10:16.435896+00:00
2022-11-04,87.88999938964844,89.9000015258789,87.26000213623047,89.87999725341797,80.05388641357422,1620500,PFG,yfinance,2026-02-10T05:10:16.435896+00:00
2022-11-07,90.0,90.38999938964844,88.94999694824219,90.02999877929688,80.18748474121094,1271500,PFG,yfinance,2026-02-10T05:10:16.435896+00:00
2022-11-08,89.93000030517578,91.0199966430664,89.19999694824219,90.6500015258789,80.73971557617188,1335600,PFG,yfinance,2026-02-10T05:10:16.435896+00:00
2022-11-09,89.61000061035156,91.11000061035156,89.25,89.47000122070312,79.688720703125,1024300,PFG,yfinance,2026-02-10T05:10:16.435896+00:00
2022-11-10,91.91000366210938,93.81999969482422,90.75,93.62000274658203,83.38501739501953,1772100,PFG,yfinance,2026-02-10T05:10:16.435896+00:00
2022-11-11,94.58000183105469,96.16999816894531,93.69999694824219,95.0,84.61415100097656,1970600,PFG,yfinance,2026-02-10T05:10:16.435896+00:00
2022-11-14,94.30000305175781,95.4000015258789,93.69999694824219,93.73999786376953,83.49190521240234,1605200,PFG,yfinance,2026-02-10T05:10:16.435896+00:00
2022-11-15,94.2699966430664,95.19999694824219,92.63999938964844,93.33000183105469,83.12672424316406,1443900,PFG,yfinance,2026-02-10T05:10:16.435896+00:00
2022-11-16,93.33999633789062,93.94999694824219,92.36000061035156,92.91000366210938,82.75263977050781,1648400,PFG,yfinance,2026-02-10T05:10:16.435896+00:00
2022-11-17,88.83000183105469,90.41999816894531,88.5,89.80999755859375,79.99154663085938,2291100,PFG,yfinance,2026-02-10T05:10:16.435896+00:00
2022-11-18,90.87000274658203,91.55000305175781,89.62999725341797,90.9000015258789,80.96239471435547,1600200,PFG,yfinance,2026-02-10T05:10:16.435896+00:00
2022-11-21,90.79000091552734,91.30999755859375,89.72000122070312,91.01000213623047,81.06036376953125,1190500,PFG,yfinance,2026-02-10T05:10:16.435896+00:00
2022-11-22,91.66000366210938,92.22000122070312,91.37000274658203,91.70999908447266,81.68383026123047,1000000,PFG,yfinance,2026-02-10T05:10:16.435896+00:00
2022-11-23,91.12999725341797,91.94999694824219,90.75,91.77999877929688,81.74616241455078,729900,PFG,yfinance,2026-02-10T05:10:16.435896+00:00
2022-11-25,91.98999786376953,92.48999786376953,91.63999938964844,92.47000122070312,82.3607406616211,626000,PFG,yfinance,2026-02-10T05:10:16.435896+00:00
2022-11-28,91.54000091552734,92.48999786376953,89.47000122070312,89.54000091552734,79.75106811523438,1360700,PFG,yfinance,2026-02-10T05:10:16.435896+00:00
2022-11-29,89.7300033569336,90.41999816894531,89.2300033569336,89.83999633789062,80.01826477050781,1489200,PFG,yfinance,2026-02-10T05:10:16.435896+00:00
2022-11-30,88.55999755859375,90.1500015258789,87.63999938964844,89.68000030517578,80.44886779785156,4841400,PFG,yfinance,2026-02-10T05:10:16.435896+00:00
2022-12-01,90.45999908447266,91.52999877929688,89.56999969482422,90.91999816894531,81.56121826171875,1836300,PFG,yfinance,2026-02-10T05:10:16.435896+00:00
2022-12-02,89.87999725341797,92.30999755859375,89.87999725341797,92.18000030517578,82.69152069091797,1462400,PFG,yfinance,2026-02-10T05:10:16.435896+00:00
2022-12-05,91.27999877929688,91.37999725341797,88.5999984741211,89.91999816894531,80.66413879394531,1598900,PFG,yfinance,2026-02-10T05:10:16.435896+00:00
2022-12-06,90.19999694824219,90.88999938964844,88.81999969482422,89.79000091552734,80.54753112792969,1425300,PFG,yfinance,2026-02-10T05:10:16.435896+00:00
2022-12-07,89.55000305175781,91.69000244140625,88.80000305175781,90.23999786376953,80.95121002197266,1458300,PFG,yfinance,2026-02-10T05:10:16.435896+00:00
2022-12-08,89.54000091552734,90.8499984741211,88.72000122070312,89.11000061035156,79.9375228881836,1841100,PFG,yfinance,2026-02-10T05:10:16.435896+00:00
2022-12-09,89.12000274658203,89.6500015258789,87.94000244140625,88.06999969482422,79.00458526611328,1433900,PFG,yfinance,2026-02-10T05:10:16.435896+00:00
2022-12-12,88.47000122070312,90.47000122070312,87.30000305175781,90.2699966430664,80.97810363769531,1340000,PFG,yfinance,2026-02-10T05:10:16.435896+00:00
2022-12-13,92.01000213623047,92.4000015258789,89.62999725341797,89.8499984741211,80.60136413574219,1476600,PFG,yfinance,2026-02-10T05:10:16.435896+00:00
2022-12-14,89.80000305175781,90.37000274658203,87.86000061035156,88.16999816894531,79.09427642822266,1626000,PFG,yfinance,2026-02-10T05:10:16.435896+00:00
2022-12-15,87.0999984741211,87.11000061035156,85.62000274658203,86.0999984741211,77.23735809326172,1529600,PFG,yfinance,2026-02-10T05:10:16.435896+00:00
2022-12-16,84.3499984741211,85.4000015258789,83.51000213623047,84.91999816894531,76.17881774902344,5562600,PFG,yfinance,2026-02-10T05:10:16.435896+00:00
2022-12-19,84.95999908447266,85.87000274658203,83.68000030517578,84.30999755859375,75.6316146850586,1576600,PFG,yfinance,2026-02-10T05:10:16.435896+00:00
2022-12-20,84.45999908447266,85.55999755859375,84.37999725341797,84.8499984741211,76.11602783203125,1328000,PFG,yfinance,2026-02-10T05:10:16.435896+00:00
2022-12-21,85.87000274658203,86.94000244140625,85.69000244140625,86.22000122070312,77.34501647949219,1031200,PFG,yfinance,2026-02-10T05:10:16.435896+00:00
2022-12-22,85.52999877929688,85.77999877929688,83.97000122070312,85.08000183105469,76.3223648071289,1059600,PFG,yfinance,2026-02-10T05:10:16.435896+00:00
2022-12-23,84.97000122070312,85.69999694824219,84.83000183105469,85.55999755859375,76.75294494628906,688500,PFG,yfinance,2026-02-10T05:10:16.435896+00:00
2022-12-27,85.87999725341797,86.41000366210938,84.81999969482422,85.08000183105469,76.3223648071289,947000,PFG,yfinance,2026-02-10T05:10:16.435896+00:00
2022-12-28,85.22000122070312,85.47000122070312,84.3499984741211,84.4000015258789,75.71235656738281,1029900,PFG,yfinance,2026-02-10T05:10:16.435896+00:00
2022-12-29,84.7300033569336,85.83999633789062,84.5199966430664,85.51000213623047,76.7081069946289,752500,PFG,yfinance,2026-02-10T05:10:16.435896+00:00
2022-12-30,84.7300033569336,85.16999816894531,83.30000305175781,83.91999816894531,75.28175354003906,1059400,PFG,yfinance,2026-02-10T05:10:16.435896+00:00
2023-01-03,84.25,85.0,83.30000305175781,83.7699966430664,75.14720153808594,1741900,PFG,yfinance,2026-02-10T05:10:16.435896+00:00
2023-01-04,84.2699966430664,85.13999938964844,84.18000030517578,85.01000213623047,76.25955963134766,1655600,PFG,yfinance,2026-02-10T05:10:16.435896+00:00
2023-01-05,84.79000091552734,84.94999694824219,84.0,84.38999938964844,75.703369140625,1845700,PFG,yfinance,2026-02-10T05:10:16.435896+00:00
2023-01-06,85.23999786376953,87.62999725341797,84.77999877929688,87.45999908447266,78.4573745727539,1593300,PFG,yfinance,2026-02-10T05:10:16.435896+00:00
2023-01-09,87.55999755859375,88.20999908447266,86.4800033569336,86.87000274658203,77.92809295654297,1745900,PFG,yfinance,2026-02-10T05:10:16.435896+00:00
2023-01-10,86.88999938964844,87.7300033569336,86.19999694824219,87.62000274658203,78.60089874267578,1050300,PFG,yfinance,2026-02-10T05:10:16.435896+00:00
2023-01-11,88.19999694824219,90.73999786376953,88.12000274658203,89.25,80.06311798095703,2150000,PFG,yfinance,2026-02-10T05:10:16.435896+00:00
2023-01-12,89.3499984741211,89.54000091552734,88.20999908447266,88.36000061035156,79.26472473144531,1247600,PFG,yfinance,2026-02-10T05:10:16.435896+00:00
2023-01-13,87.70999908447266,89.63999938964844,87.08000183105469,89.31999969482422,80.12590789794922,1061500,PFG,yfinance,2026-02-10T05:10:16.435896+00:00
2023-01-17,89.52999877929688,89.91999816894531,88.5,89.33999633789062,80.14385986328125,1124200,PFG,yfinance,2026-02-10T05:10:16.435896+00:00
2023-01-18,89.69000244140625,89.94999694824219,87.30999755859375,87.41000366210938,78.41252899169922,1243300,PFG,yfinance,2026-02-10T05:10:16.435896+00:00
2023-01-19,86.33000183105469,87.58999633789062,85.9800033569336,86.91000366210938,77.96398162841797,1733500,PFG,yfinance,2026-02-10T05:10:16.435896+00:00
2023-01-20,87.33999633789062,88.12999725341797,86.69000244140625,87.95999908447266,78.9059066772461,1449900,PFG,yfinance,2026-02-10T05:10:16.435896+00:00
2023-01-23,88.0199966430664,89.73999786376953,88.0199966430664,89.33999633789062,80.14385986328125,876300,PFG,yfinance,2026-02-10T05:10:16.435896+00:00
2023-01-24,89.18000030517578,90.06999969482422,88.04000091552734,89.7699966430664,80.52959442138672,827700,PFG,yfinance,2026-02-10T05:10:16.435896+00:00
2023-01-25,88.91999816894531,90.76000213623047,88.69999694824219,90.69000244140625,81.35489654541016,1057900,PFG,yfinance,2026-02-10T05:10:16.435896+00:00
2023-01-26,91.05000305175781,92.27999877929688,90.62000274658203,92.26000213623047,82.76329040527344,1374500,PFG,yfinance,2026-02-10T05:10:16.435896+00:00
2023-01-27,91.9800033569336,93.36000061035156,91.94000244140625,93.05000305175781,83.47196960449219,1870600,PFG,yfinance,2026-02-10T05:10:16.435896+00:00
2023-01-30,92.45999908447266,93.7300033569336,92.37000274658203,93.38999938964844,83.7769775390625,2460400,PFG,yfinance,2026-02-10T05:10:16.435896+00:00
2023-01-31,92.19999694824219,92.94999694824219,87.04000091552734,92.55000305175781,83.02342987060547,4973600,PFG,yfinance,2026-02-10T05:10:16.435896+00:00
2023-02-01,92.63999938964844,93.19000244140625,90.06999969482422,92.08000183105469,82.60181427001953,1993000,PFG,yfinance,2026-02-10T05:10:16.435896+00:00
2023-02-02,92.51000213623047,93.11000061035156,90.80999755859375,92.87000274658203,83.31050109863281,2109900,PFG,yfinance,2026-02-10T05:10:16.435896+00:00
2023-02-03,92.30000305175781,93.44000244140625,91.7300033569336,92.30999755859375,82.80815124511719,1487700,PFG,yfinance,2026-02-10T05:10:16.435896+00:00
2023-02-06,91.70999908447266,92.19000244140625,90.66000366210938,91.55999755859375,82.13533782958984,1387400,PFG,yfinance,2026-02-10T05:10:16.435896+00:00
2023-02-07,91.44000244140625,92.94999694824219,90.69999694824219,92.75,83.20284271240234,1124600,PFG,yfinance,2026-02-10T05:10:16.435896+00:00
2023-02-08,92.19000244140625,93.87000274658203,90.69999694824219,91.12999725341797,81.74960327148438,1767800,PFG,yfinance,2026-02-10T05:10:16.435896+00:00
2023-02-09,91.83999633789062,92.19000244140625,89.58000183105469,89.6500015258789,80.42194366455078,1370900,PFG,yfinance,2026-02-10T05:10:16.435896+00:00
2023-02-10,89.44000244140625,90.56999969482422,88.97000122070312,90.37999725341797,81.0768051147461,1167300,PFG,yfinance,2026-02-10T05:10:16.435896+00:00
2023-02-13,90.38999938964844,93.01000213623047,90.16999816894531,93.0,83.42711639404297,1046300,PFG,yfinance,2026-02-10T05:10:16.435896+00:00
2023-02-14,92.95999908447266,93.1500015258789,91.11000061035156,91.9800033569336,82.51211547851562,819300,PFG,yfinance,2026-02-10T05:10:16.435896+00:00
2023-02-15,91.66000366210938,92.0199966430664,91.16999816894531,92.01000213623047,82.53902435302734,877000,PFG,yfinance,2026-02-10T05:10:16.435896+00:00
2023-02-16,91.18000030517578,92.06999969482422,90.91000366210938,91.37999725341797,81.97386169433594,785200,PFG,yfinance,2026-02-10T05:10:16.435896+00:00
2023-02-17,91.31999969482422,91.44000244140625,90.51000213623047,91.02999877929688,81.65990447998047,1127800,PFG,yfinance,2026-02-10T05:10:16.435896+00:00
2023-02-21,90.2699966430664,90.27999877929688,87.30000305175781,87.77999877929688,78.74443817138672,1194000,PFG,yfinance,2026-02-10T05:10:16.435896+00:00
2023-02-22,87.48999786376953,88.52999877929688,87.36000061035156,88.1500015258789,79.07634735107422,1154400,PFG,yfinance,2026-02-10T05:10:16.435896+00:00
2023-02-23,88.45999908447266,89.54000091552734,87.72000122070312,88.94999694824219,79.79400634765625,771800,PFG,yfinance,2026-02-10T05:10:16.435896+00:00
2023-02-24,88.19000244140625,90.79000091552734,87.36000061035156,88.88999938964844,79.74017333984375,877400,PFG,yfinance,2026-02-10T05:10:16.435896+00:00
2023-02-27,89.4800033569336,89.79000091552734,88.55999755859375,88.68000030517578,79.55179595947266,811500,PFG,yfinance,2026-02-10T05:10:16.435896+00:00
2023-02-28,88.91000366210938,90.2699966430664,88.79000091552734,89.55999755859375,80.3412094116211,1558800,PFG,yfinance,2026-02-10T05:10:16.435896+00:00
2023-03-01,88.69999694824219,91.56999969482422,88.58999633789062,91.2300033569336,81.83932495117188,2160100,PFG,yfinance,2026-02-10T05:10:16.435896+00:00
2023-03-02,88.76000213623047,89.1500015258789,82.0999984741211,86.18000030517578,77.30912017822266,4942700,PFG,yfinance,2026-02-10T05:10:16.435896+00:00
2023-03-03,86.08999633789062,87.6500015258789,85.52999877929688,87.55999755859375,78.54708099365234,1655400,PFG,yfinance,2026-02-10T05:10:16.435896+00:00
2023-03-06,87.18000030517578,87.3499984741211,85.5,85.69999694824219,76.87852478027344,1740800,PFG,yfinance,2026-02-10T05:10:16.435896+00:00
2023-03-07,85.44999694824219,86.01000213623047,83.81999969482422,84.33000183105469,75.64955139160156,1378300,PFG,yfinance,2026-02-10T05:10:16.435896+00:00
2023-03-08,84.37999725341797,84.61000061035156,82.75,83.2300033569336,74.66279602050781,1532400,PFG,yfinance,2026-02-10T05:10:16.435896+00:00
2023-03-09,82.94999694824219,83.16000366210938,78.68000030517578,78.91000366210938,70.78746032714844,1812500,PFG,yfinance,2026-02-10T05:10:16.435896+00:00
2023-03-10,77.45999908447266,79.45999908447266,76.12999725341797,77.01000213623047,69.08303833007812,2249800,PFG,yfinance,2026-02-10T05:10:16.435896+00:00
2023-03-13,73.9000015258789,74.26000213623047,71.55000305175781,72.12999725341797,64.70536041259766,3426000,PFG,yfinance,2026-02-10T05:10:16.435896+00:00
2023-03-14,75.02999877929688,75.13999938964844,72.58000183105469,73.37000274658203,66.40692901611328,2553600,PFG,yfinance,2026-02-10T05:10:16.435896+00:00
2023-03-15,69.37999725341797,71.2300033569336,68.81999969482422,69.69000244140625,63.07617950439453,3045600,PFG,yfinance,2026-02-10T05:10:16.435896+00:00
2023-03-16,68.51000213623047,72.7699966430664,67.87000274658203,72.55999755859375,65.67381286621094,2840400,PFG,yfinance,2026-02-10T05:10:16.435896+00:00
2023-03-17,71.80999755859375,71.80999755859375,69.5999984741211,69.98999786376953,63.34770584106445,14716700,PFG,yfinance,2026-02-10T05:10:16.435896+00:00
2023-03-20,70.5199966430664,73.19999694824219,70.4800033569336,72.94000244140625,66.01773834228516,3260200,PFG,yfinance,2026-02-10T05:10:16.435896+00:00
2023-03-21,74.75,75.66000366210938,74.68000030517578,75.13999938964844,68.00894927978516,3722500,PFG,yfinance,2026-02-10T05:10:16.435896+00:00
2023-03-22,75.06999969482422,75.47000122070312,72.33999633789062,72.37000274658203,65.50183868408203,1294300,PFG,yfinance,2026-02-10T05:10:16.435896+00:00
2023-03-23,72.37999725341797,73.88999938964844,70.93000030517578,71.26000213623047,64.49717712402344,2216000,PFG,yfinance,2026-02-10T05:10:16.435896+00:00
2023-03-24,69.95999908447266,71.5999984741211,68.94000244140625,71.58999633789062,64.79585266113281,1870700,PFG,yfinance,2026-02-10T05:10:16.435896+00:00
2023-03-27,73.33000183105469,73.33000183105469,71.69000244140625,72.33000183105469,65.46563720703125,1179600,PFG,yfinance,2026-02-10T05:10:16.435896+00:00
2023-03-28,71.91999816894531,72.58999633789062,71.5199966430664,72.30999755859375,65.44751739501953,878900,PFG,yfinance,2026-02-10T05:10:16.435896+00:00
2023-03-29,73.36000061035156,73.47000122070312,72.26000213623047,73.33999633789062,66.37979125976562,925300,PFG,yfinance,2026-02-10T05:10:16.435896+00:00
2023-03-30,74.22000122070312,74.95999908447266,73.58999633789062,74.13999938964844,67.1038589477539,1280700,PFG,yfinance,2026-02-10T05:10:16.435896+00:00
2023-03-31,74.12999725341797,74.66000366210938,73.0999984741211,74.31999969482422,67.26677703857422,2445800,PFG,yfinance,2026-02-10T05:10:16.435896+00:00
2023-04-03,74.37000274658203,74.72000122070312,73.08000183105469,73.63999938964844,66.65130615234375,2354000,PFG,yfinance,2026-02-10T05:10:16.435896+00:00
2023-04-04,74.19999694824219,74.4000015258789,71.79000091552734,72.4000015258789,65.52899169921875,1837600,PFG,yfinance,2026-02-10T05:10:16.435896+00:00
2023-04-05,71.5999984741211,73.12000274658203,71.05000305175781,73.06999969482422,66.13540649414062,2034500,PFG,yfinance,2026-02-10T05:10:16.435896+00:00
2023-04-06,73.23999786376953,74.25,73.18000030517578,73.41999816894531,66.45219421386719,1363700,PFG,yfinance,2026-02-10T05:10:16.435896+00:00
2023-04-10,73.55000305175781,74.56999969482422,73.25,74.27999877929688,67.2305679321289,1205000,PFG,yfinance,2026-02-10T05:10:16.435896+00:00
2023-04-11,74.63999938964844,75.87999725341797,73.38999938964844,75.55999755859375,68.38909912109375,901800,PFG,yfinance,2026-02-10T05:10:16.435896+00:00
2023-04-12,76.20999908447266,76.26000213623047,74.94000244140625,75.33000183105469,68.1809310913086,803800,PFG,yfinance,2026-02-10T05:10:16.435896+00:00
2023-04-13,74.97000122070312,75.56999969482422,74.2699966430664,75.06999969482422,67.94560241699219,1527900,PFG,yfinance,2026-02-10T05:10:16.435896+00:00
2023-04-14,75.83999633789062,76.3499984741211,75.0,75.88999938964844,68.68777465820312,1291600,PFG,yfinance,2026-02-10T05:10:16.435896+00:00
2023-04-17,75.56999969482422,77.1500015258789,75.0199966430664,77.06999969482422,69.75579071044922,1370100,PFG,yfinance,2026-02-10T05:10:16.435896+00:00
2023-04-18,77.19999694824219,77.30999755859375,76.61000061035156,76.9800033569336,69.67432403564453,1402600,PFG,yfinance,2026-02-10T05:10:16.435896+00:00
2023-04-19,77.26000213623047,77.48999786376953,76.4000015258789,77.11000061035156,69.7919921875,1484300,PFG,yfinance,2026-02-10T05:10:16.435896+00:00
2023-04-20,76.36000061035156,76.58999633789062,75.58000183105469,75.98999786376953,68.77828979492188,1718000,PFG,yfinance,2026-02-10T05:10:16.435896+00:00
2023-04-21,75.81999969482422,75.81999969482422,74.22000122070312,75.1500015258789,68.01800537109375,6534300,PFG,yfinance,2026-02-10T05:10:16.435896+00:00
2023-04-24,75.2699966430664,75.88999938964844,75.1500015258789,75.73999786376953,68.55201721191406,1037900,PFG,yfinance,2026-02-10T05:10:16.435896+00:00
2023-04-25,74.80999755859375,74.98999786376953,73.05999755859375,73.16000366210938,66.21687316894531,1287400,PFG,yfinance,2026-02-10T05:10:16.435896+00:00
2023-04-26,72.8499984741211,74.0,72.58000183105469,72.9800033569336,66.05394744873047,1284300,PFG,yfinance,2026-02-10T05:10:16.435896+00:00
2023-04-27,73.02999877929688,74.77999877929688,72.87999725341797,74.66000366210938,67.57451629638672,1237200,PFG,yfinance,2026-02-10T05:10:16.435896+00:00
2023-04-28,70.80999755859375,74.79000091552734,70.0,74.69000244140625,67.60166931152344,1713400,PFG,yfinance,2026-02-10T05:10:16.435896+00:00
2023-05-01,73.45999908447266,74.93000030517578,73.05000305175781,73.9800033569336,66.95904541015625,1972400,PFG,yfinance,2026-02-10T05:10:16.435896+00:00
2023-05-02,73.30000305175781,73.30000305175781,69.98999786376953,71.29000091552734,64.52433776855469,1600000,PFG,yfinance,2026-02-10T05:10:16.435896+00:00
2023-05-03,71.54000091552734,72.36000061035156,70.02999877929688,70.06999969482422,63.42011642456055,1405800,PFG,yfinance,2026-02-10T05:10:16.435896+00:00
2023-05-04,69.11000061035156,69.37000274658203,66.79000091552734,69.29000091552734,62.714141845703125,1986800,PFG,yfinance,2026-02-10T05:10:16.435896+00:00
2023-05-05,70.8499984741211,71.91000366210938,70.48999786376953,71.51000213623047,64.72345733642578,1227100,PFG,yfinance,2026-02-10T05:10:16.435896+00:00
2023-05-08,72.27999877929688,72.5999984741211,71.19000244140625,71.4000015258789,64.62389373779297,797200,PFG,yfinance,2026-02-10T05:10:16.435896+00:00
2023-05-09,70.44000244140625,71.08000183105469,70.23999786376953,70.51000213623047,63.818355560302734,1595300,PFG,yfinance,2026-02-10T05:10:16.435896+00:00
2023-05-10,71.0999984741211,71.12999725341797,69.5199966430664,70.05999755859375,63.411048889160156,990300,PFG,yfinance,2026-02-10T05:10:16.435896+00:00
2023-05-11,68.51000213623047,69.31999969482422,68.25,68.72000122070312,62.19823455810547,1905300,PFG,yfinance,2026-02-10T05:10:16.435896+00:00
2023-05-12,69.38999938964844,69.6500015258789,67.02999877929688,67.48999786376953,61.084964752197266,1740100,PFG,yfinance,2026-02-10T05:10:16.435896+00:00
2023-05-15,67.7699966430664,68.79000091552734,67.5,68.75,62.22539138793945,1136000,PFG,yfinance,2026-02-10T05:10:16.435896+00:00
2023-05-16,68.75,68.7699966430664,67.11000061035156,67.26000213623047,60.87678909301758,981600,PFG,yfinance,2026-02-10T05:10:16.435896+00:00
2023-05-17,68.13999938964844,69.93000030517578,67.9000015258789,69.38999938964844,62.804649353027344,1148900,PFG,yfinance,2026-02-10T05:10:16.435896+00:00
2023-05-18,68.87999725341797,70.01000213623047,68.43000030517578,69.86000061035156,63.23004150390625,1222800,PFG,yfinance,2026-02-10T05:10:16.435896+00:00
2023-05-19,70.16999816894531,70.36000061035156,68.83000183105469,69.41999816894531,62.831809997558594,974100,PFG,yfinance,2026-02-10T05:10:16.435896+00:00
2023-05-22,69.58999633789062,70.41999816894531,68.83000183105469,70.18000030517578,63.51968002319336,1220200,PFG,yfinance,2026-02-10T05:10:16.435896+00:00
2023-05-23,70.16999816894531,71.33000183105469,70.12000274658203,70.48999786376953,63.80025863647461,1047300,PFG,yfinance,2026-02-10T05:10:16.435896+00:00
2023-05-24,70.12000274658203,70.22000122070312,68.23999786376953,68.51000213623047,62.00817108154297,1001000,PFG,yfinance,2026-02-10T05:10:16.435896+00:00
2023-05-25,68.20999908447266,68.58999633789062,67.37999725341797,68.01000213623047,61.555625915527344,1379400,PFG,yfinance,2026-02-10T05:10:16.435896+00:00
2023-05-26,68.20999908447266,68.69999694824219,67.87000274658203,68.16999816894531,61.70043182373047,1134900,PFG,yfinance,2026-02-10T05:10:16.435896+00:00
2023-05-30,68.1500015258789,68.48999786376953,67.22000122070312,68.43000030517578,61.93575668334961,1472000,PFG,yfinance,2026-02-10T05:10:16.435896+00:00
2023-05-31,67.1500015258789,67.36000061035156,65.16999816894531,65.45999908447266,59.806976318359375,3535200,PFG,yfinance,2026-02-10T05:10:16.435896+00:00
2023-06-01,66.02999877929688,67.05000305175781,65.30000305175781,66.9800033569336,61.195709228515625,1502900,PFG,yfinance,2026-02-10T05:10:16.435896+00:00
2023-06-02,68.0999984741211,69.86000061035156,67.72000122070312,69.47000122070312,63.47067642211914,1342100,PFG,yfinance,2026-02-10T05:10:16.435896+00:00
2023-06-05,69.38999938964844,69.44000244140625,67.87999725341797,68.38999938964844,62.483943939208984,1229600,PFG,yfinance,2026-02-10T05:10:16.435896+00:00
2023-06-06,68.37999725341797,70.26000213623047,68.25,70.02999877929688,63.9823112487793,988400,PFG,yfinance,2026-02-10T05:10:16.435896+00:00
2023-06-07,70.23999786376953,71.5,69.70999908447266,71.2699966430664,65.115234375,820400,PFG,yfinance,2026-02-10T05:10:16.435896+00:00
2023-06-08,70.91000366210938,71.45999908447266,70.33999633789062,70.83000183105469,64.7132339477539,975200,PFG,yfinance,2026-02-10T05:10:16.435896+00:00
2023-06-09,71.52999877929688,71.66000366210938,70.77999877929688,71.38999938964844,65.2248764038086,998700,PFG,yfinance,2026-02-10T05:10:16.435896+00:00
2023-06-12,71.02999877929688,71.94999694824219,70.86000061035156,71.44999694824219,65.27967834472656,838100,PFG,yfinance,2026-02-10T05:10:16.435896+00:00
2023-06-13,71.62999725341797,73.66999816894531,71.37000274658203,73.36000061035156,67.02474212646484,1216600,PFG,yfinance,2026-02-10T05:10:16.435896+00:00
2023-06-14,74.02999877929688,74.48999786376953,72.0999984741211,72.3499984741211,66.10196685791016,993900,PFG,yfinance,2026-02-10T05:10:16.435896+00:00
2023-06-15,71.77999877929688,74.12999725341797,71.48999786376953,74.0999984741211,67.7008285522461,1306600,PFG,yfinance,2026-02-10T05:10:16.435896+00:00
2023-06-16,75.0999984741211,75.29000091552734,73.83999633789062,74.77999877929688,68.32210540771484,3111200,PFG,yfinance,2026-02-10T05:10:16.435896+00:00
2023-06-20,73.7300033569336,73.95999908447266,72.1500015258789,73.0,66.69583129882812,1236000,PFG,yfinance,2026-02-10T05:10:16.435896+00:00
2023-06-21,72.70999908447266,73.7699966430664,72.37000274658203,73.13999938964844,66.82373809814453,2050900,PFG,yfinance,2026-02-10T05:10:16.435896+00:00
2023-06-22,73.04000091552734,73.05000305175781,71.9800033569336,72.5199966430664,66.25727844238281,782000,PFG,yfinance,2026-02-10T05:10:16.435896+00:00
2023-06-23,72.9000015258789,72.9000015258789,71.93000030517578,72.4000015258789,66.14765930175781,1501500,PFG,yfinance,2026-02-10T05:10:16.435896+00:00
2023-06-26,72.19000244140625,73.54000091552734,72.19000244140625,73.05999755859375,66.75064849853516,832100,PFG,yfinance,2026-02-10T05:10:16.435896+00:00
2023-06-27,73.13999938964844,74.72000122070312,72.83000183105469,74.48999786376953,68.0571517944336,824000,PFG,yfinance,2026-02-10T05:10:16.435896+00:00
2023-06-28,74.0999984741211,74.45999908447266,73.37999725341797,74.0999984741211,67.7008285522461,798800,PFG,yfinance,2026-02-10T05:10:16.435896+00:00
2023-06-29,74.0999984741211,75.6500015258789,73.94999694824219,75.61000061035156,69.08043670654297,889300,PFG,yfinance,2026-02-10T05:10:16.435896+00:00
2023-06-30,76.12000274658203,76.66000366210938,75.61000061035156,75.83999633789062,69.29055786132812,881500,PFG,yfinance,2026-02-10T05:10:16.435896+00:00
2023-07-03,75.86000061035156,76.91000366210938,75.63999938964844,76.58999633789062,69.97579193115234,554300,PFG,yfinance,2026-02-10T05:10:16.435896+00:00
2023-07-05,75.75,76.0999984741211,74.69999694824219,75.75,69.2083511352539,897300,PFG,yfinance,2026-02-10T05:10:16.435896+00:00
2023-07-06,74.66000366210938,75.27999877929688,74.11000061035156,75.19999694824219,68.70584106445312,1211000,PFG,yfinance,2026-02-10T05:10:16.435896+00:00
2023-07-07,75.41000366210938,77.44000244140625,75.37000274658203,76.62000274658203,70.00322723388672,1489800,PFG,yfinance,2026-02-10T05:10:16.435896+00:00
2023-07-10,76.38999938964844,77.16000366210938,76.08999633789062,76.68000030517578,70.05802917480469,838300,PFG,yfinance,2026-02-10T05:10:16.435896+00:00
2023-07-11,77.0,78.56999969482422,76.88999938964844,78.30999755859375,71.5472640991211,873400,PFG,yfinance,2026-02-10T05:10:16.435896+00:00
2023-07-12,79.25,79.4000015258789,78.02999877929688,78.5999984741211,71.81221771240234,1300600,PFG,yfinance,2026-02-10T05:10:16.435896+00:00
2023-07-13,78.83999633789062,80.01000213623047,78.56999969482422,79.9000015258789,72.99996948242188,1251600,PFG,yfinance,2026-02-10T05:10:16.435896+00:00
2023-07-14,80.08999633789062,80.08999633789062,78.77999877929688,79.13999938964844,72.30559539794922,1449100,PFG,yfinance,2026-02-10T05:10:16.435896+00:00
2023-07-17,78.69000244140625,80.87000274658203,78.47000122070312,80.56999969482422,73.6120834350586,731300,PFG,yfinance,2026-02-10T05:10:16.435896+00:00
2023-07-18,80.27999877929688,82.0,80.27999877929688,81.47000122070312,74.43437194824219,828600,PFG,yfinance,2026-02-10T05:10:16.435896+00:00
2023-07-19,81.27999877929688,82.69999694824219,80.81999969482422,82.51000213623047,75.38455963134766,1223100,PFG,yfinance,2026-02-10T05:10:16.435896+00:00
2023-07-20,82.9000015258789,83.7699966430664,82.5,83.52999877929688,76.31647491455078,1025900,PFG,yfinance,2026-02-10T05:10:16.435896+00:00
2023-07-21,83.76000213623047,84.13999938964844,82.81999969482422,83.66000366210938,76.43524932861328,1497900,PFG,yfinance,2026-02-10T05:10:16.435896+00:00
2023-07-24,83.38999938964844,84.44999694824219,83.27999877929688,83.70999908447266,76.48094177246094,982900,PFG,yfinance,2026-02-10T05:10:16.435896+00:00
2023-07-25,83.69999694824219,84.04000091552734,82.83999633789062,82.86000061035156,75.70433807373047,1057000,PFG,yfinance,2026-02-10T05:10:16.435896+00:00
2023-07-26,82.72000122070312,84.4800033569336,82.72000122070312,84.0999984741211,76.83724975585938,966200,PFG,yfinance,2026-02-10T05:10:16.435896+00:00
2023-07-27,84.26000213623047,84.6500015258789,83.19999694824219,83.19999694824219,76.01496887207031,1272200,PFG,yfinance,2026-02-10T05:10:16.435896+00:00
2023-07-28,81.12000274658203,81.12000274658203,77.2699966430664,79.5,72.63450622558594,2794200,PFG,yfinance,2026-02-10T05:10:16.435896+00:00
2023-07-31,79.62999725341797,80.4800033569336,79.33000183105469,79.87000274658203,72.9725570678711,1207700,PFG,yfinance,2026-02-10T05:10:16.435896+00:00
2023-08-01,79.66000366210938,79.91000366210938,78.80999755859375,79.08999633789062,72.2599105834961,1378000,PFG,yfinance,2026-02-10T05:10:16.435896+00:00
2023-08-02,78.0999984741211,78.55000305175781,77.5,78.44000244140625,71.6660385131836,1163900,PFG,yfinance,2026-02-10T05:10:16.435896+00:00
2023-08-03,77.8499984741211,79.83999633789062,77.8499984741211,79.36000061035156,72.506591796875,854900,PFG,yfinance,2026-02-10T05:10:16.435896+00:00
2023-08-04,79.23999786376953,79.5999984741211,78.33999633789062,78.56999969482422,71.78480529785156,1041800,PFG,yfinance,2026-02-10T05:10:16.435896+00:00
2023-08-07,79.05000305175781,79.97000122070312,78.87000274658203,79.79000091552734,72.89947509765625,712600,PFG,yfinance,2026-02-10T05:10:16.435896+00:00
2023-08-08,78.16000366210938,79.20999908447266,77.7699966430664,79.01000213623047,72.18682098388672,786400,PFG,yfinance,2026-02-10T05:10:16.435896+00:00
2023-08-09,79.01000213623047,79.01000213623047,77.79000091552734,77.91999816894531,71.19094848632812,819600,PFG,yfinance,2026-02-10T05:10:16.435896+00:00
2023-08-10,78.5199966430664,78.72000122070312,77.19000244140625,77.33999633789062,70.6610336303711,1072100,PFG,yfinance,2026-02-10T05:10:16.435896+00:00
2023-08-11,76.9000015258789,78.0,76.9000015258789,77.97000122070312,71.23662567138672,649300,PFG,yfinance,2026-02-10T05:10:16.435896+00:00
2023-08-14,77.69000244140625,77.80999755859375,76.87999725341797,77.70999908447266,70.99907684326172,757600,PFG,yfinance,2026-02-10T05:10:16.435896+00:00
2023-08-15,76.69999694824219,77.13999938964844,76.33999633789062,76.4800033569336,69.87529754638672,1190300,PFG,yfinance,2026-02-10T05:10:16.435896+00:00
2023-08-16,76.27999877929688,77.54000091552734,76.27999877929688,77.05999755859375,70.40520477294922,991600,PFG,yfinance,2026-02-10T05:10:16.435896+00:00
2023-08-17,77.37000274658203,77.66000366210938,76.45999908447266,76.62000274658203,70.00322723388672,955400,PFG,yfinance,2026-02-10T05:10:16.435896+00:00
2023-08-18,76.08999633789062,76.79000091552734,76.06999969482422,76.47000122070312,69.86618041992188,612000,PFG,yfinance,2026-02-10T05:10:16.435896+00:00
2023-08-21,76.83000183105469,76.93000030517578,75.4800033569336,75.9000015258789,69.34539031982422,566000,PFG,yfinance,2026-02-10T05:10:16.435896+00:00
2023-08-22,76.0,76.33999633789062,74.5999984741211,74.69000244140625,68.2398910522461,600600,PFG,yfinance,2026-02-10T05:10:16.435896+00:00
2023-08-23,74.73999786376953,75.91000366210938,74.44000244140625,75.9000015258789,69.34539031982422,520400,PFG,yfinance,2026-02-10T05:10:16.435896+00:00
2023-08-24,75.6500015258789,77.31999969482422,75.6500015258789,76.25,69.6651611328125,612600,PFG,yfinance,2026-02-10T05:10:16.435896+00:00
2023-08-25,76.4000015258789,76.8499984741211,75.63999938964844,76.33000183105469,69.73826599121094,577300,PFG,yfinance,2026-02-10T05:10:16.435896+00:00
2023-08-28,76.43000030517578,77.3499984741211,76.0,76.30999755859375,69.71997833251953,685000,PFG,yfinance,2026-02-10T05:10:16.435896+00:00
2023-08-29,76.5199966430664,77.76000213623047,76.08999633789062,77.55000305175781,70.85289764404297,764500,PFG,yfinance,2026-02-10T05:10:16.435896+00:00
2023-08-30,77.5999984741211,78.36000061035156,77.5999984741211,77.77999877929688,71.06303405761719,700000,PFG,yfinance,2026-02-10T05:10:16.435896+00:00
2023-08-31,77.91999816894531,78.27999877929688,77.5999984741211,77.70999908447266,70.99907684326172,1100800,PFG,yfinance,2026-02-10T05:10:16.435896+00:00
2023-09-01,78.12000274658203,78.69000244140625,77.88999938964844,78.43000030517578,71.65690612792969,958500,PFG,yfinance,2026-02-10T05:10:16.435896+00:00
2023-09-05,78.05999755859375,78.33000183105469,76.9800033569336,77.06999969482422,70.41435241699219,1030600,PFG,yfinance,2026-02-10T05:10:16.435896+00:00
2023-09-06,76.0,76.69000244140625,75.58000183105469,76.19000244140625,70.20242309570312,772000,PFG,yfinance,2026-02-10T05:10:16.435896+00:00
2023-09-07,76.0,76.20999908447266,74.48999786376953,74.68000030517578,68.81108856201172,1719300,PFG,yfinance,2026-02-10T05:10:16.435896+00:00
2023-09-08,74.69000244140625,75.68000030517578,74.61000061035156,75.37999725341797,69.45608520507812,907100,PFG,yfinance,2026-02-10T05:10:16.435896+00:00
2023-09-11,75.75,76.33999633789062,75.05000305175781,75.2699966430664,69.3547134399414,941100,PFG,yfinance,2026-02-10T05:10:16.435896+00:00
2023-09-12,75.2699966430664,76.52999877929688,74.87000274658203,76.02999877929688,70.05499267578125,854400,PFG,yfinance,2026-02-10T05:10:16.435896+00:00
2023-09-13,76.43000030517578,76.55999755859375,75.12999725341797,75.56999969482422,69.63114929199219,939200,PFG,yfinance,2026-02-10T05:10:16.435896+00:00
2023-09-14,76.37000274658203,77.08999633789062,76.36000061035156,76.9000015258789,70.85662841796875,901700,PFG,yfinance,2026-02-10T05:10:16.435896+00:00
2023-09-15,76.44000244140625,77.44999694824219,76.36000061035156,76.94999694824219,70.90269470214844,2388700,PFG,yfinance,2026-02-10T05:10:16.435896+00:00
2023-09-18,77.0999984741211,77.0999984741211,75.94999694824219,76.94000244140625,70.89347839355469,694000,PFG,yfinance,2026-02-10T05:10:16.435896+00:00
2023-09-19,76.8499984741211,77.47000122070312,76.70999908447266,77.27999877929688,71.20675659179688,692400,PFG,yfinance,2026-02-10T05:10:16.435896+00:00
2023-09-20,77.7300033569336,78.08999633789062,76.98999786376953,77.02999877929688,70.9764175415039,712500,PFG,yfinance,2026-02-10T05:10:16.435896+00:00
2023-09-21,76.6500015258789,76.72000122070312,75.29000091552734,75.30999755859375,69.39159393310547,758000,PFG,yfinance,2026-02-10T05:10:16.435896+00:00
2023-09-22,75.31999969482422,75.52999877929688,74.5,74.51000213623047,68.65444946289062,585600,PFG,yfinance,2026-02-10T05:10:16.435896+00:00
2023-09-25,74.19000244140625,75.0,74.08999633789062,74.91999816894531,69.0322494506836,531300,PFG,yfinance,2026-02-10T05:10:16.435896+00:00
2023-09-26,74.19000244140625,74.55999755859375,72.66999816894531,72.75,67.03276062011719,865000,PFG,yfinance,2026-02-10T05:10:16.435896+00:00
2023-09-27,72.91000366210938,72.94000244140625,71.58999633789062,72.0,66.34171295166016,934800,PFG,yfinance,2026-02-10T05:10:16.435896+00:00
2023-09-28,71.98999786376953,73.11000061035156,71.98999786376953,72.66000366210938,66.94984436035156,919100,PFG,yfinance,2026-02-10T05:10:16.435896+00:00
2023-09-29,72.76000213623047,73.68000030517578,71.81999969482422,72.06999969482422,66.40620422363281,1529500,PFG,yfinance,2026-02-10T05:10:16.435896+00:00
2023-10-02,71.83999633789062,71.83999633789062,69.91999816894531,70.20999908447266,64.6923828125,1784700,PFG,yfinance,2026-02-10T05:10:16.435896+00:00
2023-10-03,69.69999694824219,69.83000183105469,67.44000244140625,68.05000305175781,62.702125549316406,1631800,PFG,yfinance,2026-02-10T05:10:16.435896+00:00
2023-10-04,68.13999938964844,68.43000030517578,67.12000274658203,68.37000274658203,62.99698257446289,1240300,PFG,yfinance,2026-02-10T05:10:16.435896+00:00
2023-10-05,68.04000091552734,69.2699966430664,67.68000030517578,69.05999755859375,63.63274383544922,953700,PFG,yfinance,2026-02-10T05:10:16.435896+00:00
2023-10-06,68.56999969482422,70.36000061035156,68.30999755859375,69.88999938964844,64.39752960205078,1019800,PFG,yfinance,2026-02-10T05:10:16.435896+00:00
2023-10-09,69.08999633789062,70.0999984741211,68.81999969482422,69.73999786376953,64.25931549072266,854600,PFG,yfinance,2026-02-10T05:10:16.435896+00:00
2023-10-10,70.11000061035156,70.87999725341797,70.04000091552734,70.41000366210938,64.87667083740234,926300,PFG,yfinance,2026-02-10T05:10:16.435896+00:00
2023-10-11,70.4000015258789,70.9800033569336,69.66999816894531,70.6500015258789,65.09779357910156,849700,PFG,yfinance,2026-02-10T05:10:16.435896+00:00
2023-10-12,70.66000366210938,70.66000366210938,69.3499984741211,69.91000366210938,64.41596221923828,675900,PFG,yfinance,2026-02-10T05:10:16.435896+00:00
2023-10-13,70.48999786376953,70.9000015258789,69.41000366210938,69.76000213623047,64.27774047851562,808100,PFG,yfinance,2026-02-10T05:10:16.435896+00:00
2023-10-16,70.41000366210938,71.79000091552734,70.22000122070312,71.19999694824219,65.60456848144531,865100,PFG,yfinance,2026-02-10T05:10:16.435896+00:00
2023-10-17,70.93000030517578,72.91999816894531,70.66999816894531,72.44999694824219,66.75634002685547,996100,PFG,yfinance,2026-02-10T05:10:16.435896+00:00
2023-10-18,71.81999969482422,71.94000244140625,70.41000366210938,70.61000061035156,65.06094360351562,1019800,PFG,yfinance,2026-02-10T05:10:16.435896+00:00
2023-10-19,70.41999816894531,71.06999969482422,69.44000244140625,69.51000213623047,64.04739379882812,848300,PFG,yfinance,2026-02-10T05:10:16.435896+00:00
2023-10-20,69.54000091552734,69.68000030517578,67.58999633789062,68.06999969482422,62.72054672241211,1102900,PFG,yfinance,2026-02-10T05:10:16.435896+00:00
2023-10-23,67.7300033569336,68.29000091552734,67.38999938964844,67.44999694824219,62.14928436279297,831000,PFG,yfinance,2026-02-10T05:10:16.435896+00:00
2023-10-24,67.52999877929688,68.12000274658203,66.72000122070312,67.05999755859375,61.789939880371094,1847000,PFG,yfinance,2026-02-10T05:10:16.435896+00:00
2023-10-25,66.55999755859375,67.13999938964844,66.20999908447266,66.87999725341797,61.62407302856445,1620500,PFG,yfinance,2026-02-10T05:10:16.435896+00:00
2023-10-26,66.87999725341797,68.75,66.87999725341797,68.3499984741211,62.97855758666992,2058300,PFG,yfinance,2026-02-10T05:10:16.435896+00:00
2023-10-27,72.29000091552734,73.19999694824219,66.7300033569336,67.66999816894531,62.35198974609375,2653400,PFG,yfinance,2026-02-10T05:10:16.435896+00:00
2023-10-30,68.23999786376953,69.0199966430664,66.7699966430664,67.75,62.425697326660156,1497600,PFG,yfinance,2026-02-10T05:10:16.435896+00:00
2023-10-31,67.70999908447266,68.5199966430664,67.05999755859375,67.68000030517578,62.361209869384766,1558800,PFG,yfinance,2026-02-10T05:10:16.435896+00:00
2023-11-01,67.80999755859375,68.12000274658203,66.70999908447266,67.26000213623047,61.97421646118164,3186600,PFG,yfinance,2026-02-10T05:10:16.435896+00:00
2023-11-02,68.08999633789062,70.5999984741211,67.79000091552734,70.52999877929688,64.98722839355469,3846600,PFG,yfinance,2026-02-10T05:10:16.435896+00:00
2023-11-03,71.29000091552734,72.31999969482422,71.04000091552734,71.69000244140625,66.05606842041016,1890600,PFG,yfinance,2026-02-10T05:10:16.435896+00:00
2023-11-06,71.68000030517578,71.68000030517578,69.9800033569336,70.47000122070312,64.93194580078125,997900,PFG,yfinance,2026-02-10T05:10:16.435896+00:00
2023-11-07,70.25,70.38999938964844,68.93000030517578,69.44000244140625,63.982887268066406,1086200,PFG,yfinance,2026-02-10T05:10:16.435896+00:00
2023-11-08,69.62000274658203,69.72000122070312,68.94000244140625,69.05999755859375,63.63274383544922,982000,PFG,yfinance,2026-02-10T05:10:16.435896+00:00
2023-11-09,69.4800033569336,69.80000305175781,68.80999755859375,68.9000015258789,63.48533248901367,1034000,PFG,yfinance,2026-02-10T05:10:16.435896+00:00
2023-11-10,69.19000244140625,69.66000366210938,68.69000244140625,69.56999969482422,64.10266876220703,969300,PFG,yfinance,2026-02-10T05:10:16.435896+00:00
2023-11-13,69.13999938964844,69.70999908447266,68.97000122070312,69.23999786376953,63.79861068725586,1169900,PFG,yfinance,2026-02-10T05:10:16.435896+00:00
2023-11-14,70.27999877929688,71.91000366210938,70.22000122070312,71.62000274658203,65.9915771484375,1398000,PFG,yfinance,2026-02-10T05:10:16.435896+00:00
2023-11-15,71.55999755859375,72.80999755859375,71.55999755859375,71.66999816894531,66.03764343261719,1062200,PFG,yfinance,2026-02-10T05:10:16.435896+00:00
2023-11-16,71.83999633789062,72.2699966430664,71.37000274658203,71.4800033569336,65.86256408691406,1275200,PFG,yfinance,2026-02-10T05:10:16.435896+00:00
2023-11-17,72.12000274658203,72.69000244140625,71.87999725341797,72.54000091552734,66.8392562866211,1209400,PFG,yfinance,2026-02-10T05:10:16.435896+00:00
2023-11-20,72.11000061035156,72.73999786376953,71.38999938964844,72.58999633789062,66.88533782958984,1033000,PFG,yfinance,2026-02-10T05:10:16.435896+00:00
2023-11-21,72.33000183105469,72.72000122070312,72.11000061035156,72.20999908447266,66.53519439697266,1183800,PFG,yfinance,2026-02-10T05:10:16.435896+00:00
2023-11-22,72.54000091552734,72.54000091552734,71.87000274658203,72.25,66.57205200195312,923900,PFG,yfinance,2026-02-10T05:10:16.435896+00:00
2023-11-24,72.41000366210938,72.88999938964844,72.16000366210938,72.6500015258789,66.94062042236328,402100,PFG,yfinance,2026-02-10T05:10:16.435896+00:00
2023-11-27,72.2300033569336,72.27999877929688,71.5199966430664,72.0999984741211,66.43384552001953,1251100,PFG,yfinance,2026-02-10T05:10:16.435896+00:00
2023-11-28,71.9000015258789,72.3499984741211,71.38999938964844,72.30000305175781,66.61812591552734,1136400,PFG,yfinance,2026-02-10T05:10:16.435896+00:00
2023-11-29,72.6500015258789,75.05999755859375,72.61000061035156,74.16999816894531,68.34117126464844,1999500,PFG,yfinance,2026-02-10T05:10:16.435896+00:00
2023-11-30,73.70999908447266,74.54000091552734,73.22000122070312,73.83000183105469,68.64800262451172,3323400,PFG,yfinance,2026-02-10T05:10:16.435896+00:00
2023-12-01,73.80000305175781,74.83000183105469,73.68000030517578,74.52999877929688,69.29887390136719,1142200,PFG,yfinance,2026-02-10T05:10:16.435896+00:00
2023-12-04,74.11000061035156,75.25,73.9800033569336,75.0999984741211,69.82887268066406,1238600,PFG,yfinance,2026-02-10T05:10:16.435896+00:00
2023-12-05,74.75,75.06999969482422,74.23999786376953,74.56999969482422,69.33606719970703,1233900,PFG,yfinance,2026-02-10T05:10:16.435896+00:00
2023-12-06,75.08000183105469,75.91000366210938,74.38999938964844,74.5999984741211,69.36396789550781,945600,PFG,yfinance,2026-02-10T05:10:16.435896+00:00
2023-12-07,74.77999877929688,74.94999694824219,74.37000274658203,74.6500015258789,69.41047668457031,1065100,PFG,yfinance,2026-02-10T05:10:16.435896+00:00
2023-12-08,74.55000305175781,75.44999694824219,74.55000305175781,75.1500015258789,69.8753662109375,681400,PFG,yfinance,2026-02-10T05:10:16.435896+00:00
2023-12-11,75.2300033569336,76.29000091552734,75.2300033569336,75.9800033569336,70.6471176147461,811700,PFG,yfinance,2026-02-10T05:10:16.435896+00:00
2023-12-12,76.0199966430664,76.38999938964844,75.66999816894531,76.30999755859375,70.95393371582031,686700,PFG,yfinance,2026-02-10T05:10:16.435896+00:00
2023-12-13,76.47000122070312,78.38999938964844,76.18000030517578,78.08000183105469,72.5997085571289,1148200,PFG,yfinance,2026-02-10T05:10:16.435896+00:00
2023-12-14,79.12999725341797,80.25,79.0999984741211,79.58000183105469,73.99443817138672,1259400,PFG,yfinance,2026-02-10T05:10:16.435896+00:00
2023-12-15,79.19999694824219,79.29000091552734,78.33000183105469,78.44999694824219,72.94373321533203,2922800,PFG,yfinance,2026-02-10T05:10:16.435896+00:00
2023-12-18,78.97000122070312,78.97000122070312,77.75,77.79000091552734,72.330078125,908000,PFG,yfinance,2026-02-10T05:10:16.435896+00:00
2023-12-19,78.02999877929688,79.61000061035156,77.77999877929688,79.4800033569336,73.90145111083984,1586700,PFG,yfinance,2026-02-10T05:10:16.435896+00:00
2023-12-20,79.12999725341797,80.0,78.33999633789062,78.36000061035156,72.86006927490234,1310500,PFG,yfinance,2026-02-10T05:10:16.435896+00:00
2023-12-21,78.66999816894531,78.97000122070312,77.75,78.70999908447266,73.18550109863281,905200,PFG,yfinance,2026-02-10T05:10:16.435896+00:00
2023-12-22,79.08000183105469,79.63999938964844,78.54000091552734,78.9000015258789,73.3621597290039,1050200,PFG,yfinance,2026-02-10T05:10:16.435896+00:00
2023-12-26,78.80999755859375,79.54000091552734,78.66999816894531,79.27999877929688,73.71549224853516,543600,PFG,yfinance,2026-02-10T05:10:16.435896+00:00
2023-12-27,79.11000061035156,79.47000122070312,78.69000244140625,79.19999694824219,73.6410903930664,706300,PFG,yfinance,2026-02-10T05:10:16.435896+00:00
2023-12-28,79.0999984741211,79.6500015258789,78.8499984741211,79.25,73.68759155273438,717500,PFG,yfinance,2026-02-10T05:10:16.435896+00:00
2023-12-29,79.31999969482422,79.44999694824219,78.4800033569336,78.66999816894531,73.1482925415039,846500,PFG,yfinance,2026-02-10T05:10:16.435896+00:00
2024-01-02,78.38999938964844,79.41999816894531,78.31999969482422,79.11000061035156,73.55741882324219,911500,PFG,yfinance,2026-02-10T05:10:16.435896+00:00
2024-01-03,78.69999694824219,79.3499984741211,78.16000366210938,78.66999816894531,73.1482925415039,1368200,PFG,yfinance,2026-02-10T05:10:16.435896+00:00
2024-01-04,78.83999633789062,79.94999694824219,78.79000091552734,79.38999938964844,73.81776428222656,1116500,PFG,yfinance,2026-02-10T05:10:16.435896+00:00
2024-01-05,79.33000183105469,81.0999984741211,79.33000183105469,80.81999969482422,75.14739227294922,1827500,PFG,yfinance,2026-02-10T05:10:16.435896+00:00
2024-01-08,80.5,80.83999633789062,80.04000091552734,80.4800033569336,74.83126068115234,779800,PFG,yfinance,2026-02-10T05:10:16.435896+00:00
2024-01-09,79.80000305175781,80.05999755859375,78.5199966430664,78.61000061035156,73.09251403808594,770900,PFG,yfinance,2026-02-10T05:10:16.435896+00:00
2024-01-10,78.52999877929688,79.05000305175781,78.22000122070312,79.0,73.45513916015625,688900,PFG,yfinance,2026-02-10T05:10:16.435896+00:00
2024-01-11,78.77999877929688,79.05000305175781,77.73999786376953,78.97000122070312,73.42723846435547,831300,PFG,yfinance,2026-02-10T05:10:16.435896+00:00
2024-01-12,79.13999938964844,79.81999969482422,78.4000015258789,78.75,73.22269439697266,702900,PFG,yfinance,2026-02-10T05:10:16.435896+00:00
2024-01-16,78.2699966430664,78.2699966430664,77.5999984741211,78.13999938964844,72.65550231933594,865100,PFG,yfinance,2026-02-10T05:10:16.435896+00:00
2024-01-17,77.37999725341797,78.29000091552734,76.80000305175781,77.19999694824219,71.78147888183594,608000,PFG,yfinance,2026-02-10T05:10:16.435896+00:00
2024-01-18,77.16000366210938,77.41000366210938,76.62999725341797,77.22000122070312,71.80007934570312,933000,PFG,yfinance,2026-02-10T05:10:16.435896+00:00
2024-01-19,77.5999984741211,78.5,76.9000015258789,78.31999969482422,72.8228759765625,1227800,PFG,yfinance,2026-02-10T05:10:16.435896+00:00
2024-01-22,78.68000030517578,79.83000183105469,78.55999755859375,79.26000213623047,73.6968765258789,971900,PFG,yfinance,2026-02-10T05:10:16.435896+00:00
2024-01-23,79.36000061035156,79.83999633789062,79.13999938964844,79.44999694824219,73.87354278564453,541200,PFG,yfinance,2026-02-10T05:10:16.435896+00:00
2024-01-24,80.16000366210938,80.55999755859375,79.73999786376953,79.9000015258789,74.2919692993164,773700,PFG,yfinance,2026-02-10T05:10:16.435896+00:00
2024-01-25,80.58999633789062,80.58999633789062,79.51000213623047,80.16000366210938,74.53372192382812,666500,PFG,yfinance,2026-02-10T05:10:16.435896+00:00
2024-01-26,80.0,80.68000030517578,79.86000061035156,80.51000213623047,74.85916900634766,577600,PFG,yfinance,2026-02-10T05:10:16.435896+00:00
2024-01-29,80.2300033569336,80.54000091552734,79.81999969482422,80.41999816894531,74.77547454833984,584100,PFG,yfinance,2026-02-10T05:10:16.435896+00:00
2024-01-30,79.87000274658203,80.86000061035156,79.87000274658203,80.75,75.08231353759766,790400,PFG,yfinance,2026-02-10T05:10:16.435896+00:00
2024-01-31,80.69000244140625,80.88999938964844,78.93000030517578,79.0999984741211,73.54811096191406,1099600,PFG,yfinance,2026-02-10T05:10:16.435896+00:00
2024-02-01,78.51000213623047,78.62000274658203,75.6500015258789,77.7300033569336,72.27428436279297,1117200,PFG,yfinance,2026-02-10T05:10:16.435896+00:00
2024-02-02,77.52999877929688,78.43000030517578,77.08999633789062,78.0199966430664,72.5439224243164,852600,PFG,yfinance,2026-02-10T05:10:16.435896+00:00
2024-02-05,77.13999938964844,77.94000244140625,76.47000122070312,77.5199966430664,72.07901000976562,712700,PFG,yfinance,2026-02-10T05:10:16.435896+00:00
2024-02-06,77.5,78.4800033569336,77.5,78.4000015258789,72.8972396850586,990600,PFG,yfinance,2026-02-10T05:10:16.435896+00:00
2024-02-07,78.5999984741211,78.91999816894531,77.97000122070312,78.11000061035156,72.62760162353516,1223400,PFG,yfinance,2026-02-10T05:10:16.435896+00:00
2024-02-08,78.11000061035156,78.18000030517578,76.79000091552734,77.76000213623047,72.30216979980469,908900,PFG,yfinance,2026-02-10T05:10:16.435896+00:00
2024-02-09,77.47000122070312,78.47000122070312,76.81999969482422,78.19999694824219,72.7112808227539,843200,PFG,yfinance,2026-02-10T05:10:16.435896+00:00
2024-02-12,78.52999877929688,79.94000244140625,78.30999755859375,78.94000244140625,73.39936065673828,1254500,PFG,yfinance,2026-02-10T05:10:16.435896+00:00
2024-02-13,81.0,83.38999938964844,78.33000183105469,79.26000213623047,73.6968765258789,2377400,PFG,yfinance,2026-02-10T05:10:16.435896+00:00
2024-02-14,79.80000305175781,80.08000183105469,78.13999938964844,78.69000244140625,73.1668930053711,1824500,PFG,yfinance,2026-02-10T05:10:16.435896+00:00
2024-02-15,79.18000030517578,81.33000183105469,79.18000030517578,80.94000244140625,75.25897979736328,1551100,PFG,yfinance,2026-02-10T05:10:16.435896+00:00
2024-02-16,80.48999786376953,80.5199966430664,79.62000274658203,80.04000091552734,74.4221420288086,1490900,PFG,yfinance,2026-02-10T05:10:16.435896+00:00
2024-02-20,79.72000122070312,80.70999908447266,79.33000183105469,80.30000305175781,74.66390228271484,959400,PFG,yfinance,2026-02-10T05:10:16.435896+00:00
2024-02-21,80.30000305175781,80.4000015258789,79.30999755859375,79.6500015258789,74.05951690673828,1018200,PFG,yfinance,2026-02-10T05:10:16.435896+00:00
2024-02-22,79.45999908447266,80.5,79.38999938964844,80.33999633789062,74.70108795166016,882500,PFG,yfinance,2026-02-10T05:10:16.435896+00:00
2024-02-23,80.19000244140625,81.2699966430664,79.94000244140625,80.23999786376953,74.60809326171875,938100,PFG,yfinance,2026-02-10T05:10:16.435896+00:00
2024-02-26,79.7300033569336,80.62999725341797,79.6500015258789,80.11000061035156,74.48722839355469,874700,PFG,yfinance,2026-02-10T05:10:16.435896+00:00
2024-02-27,80.44999694824219,80.72000122070312,79.76000213623047,80.68000030517578,75.01722717285156,939200,PFG,yfinance,2026-02-10T05:10:16.435896+00:00
2024-02-28,80.70999908447266,81.01000213623047,80.41999816894531,80.55999755859375,74.90564727783203,1132000,PFG,yfinance,2026-02-10T05:10:16.435896+00:00
2024-02-29,81.05000305175781,81.41999816894531,80.26000213623047,80.86000061035156,75.1845932006836,2110600,PFG,yfinance,2026-02-10T05:10:16.435896+00:00
2024-03-01,80.33000183105469,80.80000305175781,79.77999877929688,80.05000305175781,74.43144989013672,1138300,PFG,yfinance,2026-02-10T05:10:16.435896+00:00
2024-03-04,79.66000366210938,80.87999725341797,79.66000366210938,80.68000030517578,75.01722717285156,1121200,PFG,yfinance,2026-02-10T05:10:16.435896+00:00
2024-03-05,80.38999938964844,81.55000305175781,80.38999938964844,80.98999786376953,75.30546569824219,1088600,PFG,yfinance,2026-02-10T05:10:16.435896+00:00
2024-03-06,80.98999786376953,81.13999938964844,79.97000122070312,80.7300033569336,75.06371307373047,1290400,PFG,yfinance,2026-02-10T05:10:16.435896+00:00
2024-03-07,81.08999633789062,81.58000183105469,79.69999694824219,79.97000122070312,74.35704803466797,1332300,PFG,yfinance,2026-02-10T05:10:16.435896+00:00
2024-03-08,80.29000091552734,80.63999938964844,79.93000030517578,79.97000122070312,74.35704803466797,1179600,PFG,yfinance,2026-02-10T05:10:16.435896+00:00
2024-03-11,78.98999786376953,80.0999984741211,78.56999969482422,80.05999755859375,75.08861541748047,1355500,PFG,yfinance,2026-02-10T05:10:16.435896+00:00
2024-03-12,79.98999786376953,80.1500015258789,79.22000122070312,79.80999755859375,74.85414123535156,1217100,PFG,yfinance,2026-02-10T05:10:16.435896+00:00
2024-03-13,79.69999694824219,80.98999786376953,79.41000366210938,80.88999938964844,75.86708068847656,1248400,PFG,yfinance,2026-02-10T05:10:16.435896+00:00
2024-03-14,80.73999786376953,81.4000015258789,79.55000305175781,80.51000213623047,75.51068878173828,1906500,PFG,yfinance,2026-02-10T05:10:16.435896+00:00
2024-03-15,80.22000122070312,82.7300033569336,80.22000122070312,82.55000305175781,77.42401123046875,6705700,PFG,yfinance,2026-02-10T05:10:16.435896+00:00
2024-03-18,82.5999984741211,83.12999725341797,82.11000061035156,82.25,77.14262390136719,1853600,PFG,yfinance,2026-02-10T05:10:16.435896+00:00
2024-03-19,82.5199966430664,83.18000030517578,82.5199966430664,82.9800033569336,77.82730102539062,1211700,PFG,yfinance,2026-02-10T05:10:16.435896+00:00
2024-03-20,82.79000091552734,84.01000213623047,82.58000183105469,84.01000213623047,78.79335021972656,1559800,PFG,yfinance,2026-02-10T05:10:16.435896+00:00
2024-03-21,84.20999908447266,84.88999938964844,84.04000091552734,84.48999786376953,79.24354553222656,1045500,PFG,yfinance,2026-02-10T05:10:16.435896+00:00
2024-03-22,84.81999969482422,85.08999633789062,83.5199966430664,83.52999877929688,78.34314727783203,867800,PFG,yfinance,2026-02-10T05:10:16.435896+00:00
2024-03-25,83.43000030517578,84.76000213623047,83.43000030517578,84.4800033569336,79.2341537475586,845000,PFG,yfinance,2026-02-10T05:10:16.435896+00:00
2024-03-26,84.5,84.97000122070312,84.41000366210938,84.48999786376953,79.24354553222656,832300,PFG,yfinance,2026-02-10T05:10:16.435896+00:00
2024-03-27,84.87000274658203,86.08000183105469,84.54000091552734,86.06999969482422,80.72542572021484,834400,PFG,yfinance,2026-02-10T05:10:16.435896+00:00
2024-03-28,86.33999633789062,86.7699966430664,85.8499984741211,86.30999755859375,80.95051574707031,978200,PFG,yfinance,2026-02-10T05:10:16.435896+00:00
2024-04-01,86.0199966430664,86.3499984741211,85.12000274658203,86.01000213623047,80.66915893554688,960700,PFG,yfinance,2026-02-10T05:10:16.435896+00:00
2024-04-02,85.93000030517578,86.58999633789062,85.08000183105469,85.33999633789062,80.04075622558594,1312500,PFG,yfinance,2026-02-10T05:10:16.435896+00:00
2024-04-03,85.2300033569336,86.19000244140625,85.2300033569336,85.7699966430664,80.44406127929688,981800,PFG,yfinance,2026-02-10T05:10:16.435896+00:00
2024-04-04,86.2300033569336,86.79000091552734,84.55999755859375,84.5999984741211,79.34671020507812,877600,PFG,yfinance,2026-02-10T05:10:16.435896+00:00
2024-04-05,84.27999877929688,84.87000274658203,84.04000091552734,84.51000213623047,79.26228332519531,882400,PFG,yfinance,2026-02-10T05:10:16.435896+00:00
2024-04-08,84.5,85.25,84.30000305175781,84.62000274658203,79.36546325683594,992100,PFG,yfinance,2026-02-10T05:10:16.435896+00:00
2024-04-09,84.79000091552734,85.16000366210938,82.51000213623047,82.80999755859375,77.66786193847656,870700,PFG,yfinance,2026-02-10T05:10:16.435896+00:00
2024-04-10,82.22000122070312,82.22000122070312,80.94000244140625,81.2699966430664,76.22348022460938,840700,PFG,yfinance,2026-02-10T05:10:16.435896+00:00
2024-04-11,81.08999633789062,81.11000061035156,79.94000244140625,80.25,75.2668228149414,1021200,PFG,yfinance,2026-02-10T05:10:16.435896+00:00
2024-04-12,79.9000015258789,80.8499984741211,79.55000305175781,79.81999969482422,74.863525390625,1166200,PFG,yfinance,2026-02-10T05:10:16.435896+00:00
2024-04-15,80.44000244140625,81.0,78.58000183105469,78.93000030517578,74.0287857055664,855700,PFG,yfinance,2026-02-10T05:10:16.435896+00:00
2024-04-16,78.75,78.83000183105469,77.83000183105469,78.25,73.3910140991211,830600,PFG,yfinance,2026-02-10T05:10:16.435896+00:00
2024-04-17,78.73999786376953,79.26000213623047,78.2699966430664,78.4800033569336,73.60673522949219,935400,PFG,yfinance,2026-02-10T05:10:16.435896+00:00
2024-04-18,79.02999877929688,79.80000305175781,78.76000213623047,78.95999908447266,74.05693054199219,875800,PFG,yfinance,2026-02-10T05:10:16.435896+00:00
2024-04-19,79.37999725341797,80.48999786376953,79.37999725341797,80.44000244140625,75.44503784179688,978700,PFG,yfinance,2026-02-10T05:10:16.435896+00:00
2024-04-22,80.68000030517578,81.73999786376953,80.25,81.3499984741211,76.29851531982422,674400,PFG,yfinance,2026-02-10T05:10:16.435896+00:00
2024-04-23,81.1500015258789,81.75,81.08999633789062,81.51000213623047,76.44859313964844,737900,PFG,yfinance,2026-02-10T05:10:16.435896+00:00
2024-04-24,80.80000305175781,82.30999755859375,80.52999877929688,82.16000366210938,77.05821990966797,1199900,PFG,yfinance,2026-02-10T05:10:16.435896+00:00
2024-04-25,81.69000244140625,82.05000305175781,80.41999816894531,81.05999755859375,76.02651977539062,942800,PFG,yfinance,2026-02-10T05:10:16.435896+00:00
2024-04-26,78.93000030517578,79.68000030517578,77.26000213623047,79.12000274658203,74.20699310302734,1424800,PFG,yfinance,2026-02-10T05:10:16.435896+00:00
2024-04-29,79.1500015258789,80.77999877929688,79.1500015258789,80.43000030517578,75.4356460571289,1397500,PFG,yfinance,2026-02-10T05:10:16.435896+00:00
2024-04-30,80.0,80.58000183105469,79.0999984741211,79.13999938964844,74.22575378417969,1065900,PFG,yfinance,2026-02-10T05:10:16.435896+00:00
2024-05-01,78.9000015258789,80.7699966430664,78.9000015258789,79.8499984741211,74.89166259765625,1086300,PFG,yfinance,2026-02-10T05:10:16.435896+00:00
2024-05-02,80.36000061035156,80.5999984741211,79.04000091552734,80.4800033569336,75.4825439453125,884000,PFG,yfinance,2026-02-10T05:10:16.435896+00:00
2024-05-03,80.94000244140625,81.47000122070312,80.30999755859375,81.20999908447266,76.16720581054688,784900,PFG,yfinance,2026-02-10T05:10:16.435896+00:00
2024-05-06,81.9000015258789,82.69999694824219,81.7300033569336,82.6500015258789,77.5177993774414,787000,PFG,yfinance,2026-02-10T05:10:16.435896+00:00
2024-05-07,83.01000213623047,83.47000122070312,82.30999755859375,82.45999908447266,77.33959197998047,1041900,PFG,yfinance,2026-02-10T05:10:16.435896+00:00
2024-05-08,82.19999694824219,83.37999725341797,82.08000183105469,82.9800033569336,77.82730102539062,1174500,PFG,yfinance,2026-02-10T05:10:16.435896+00:00
2024-05-09,83.06999969482422,83.80000305175781,82.83000183105469,83.48999786376953,78.30562591552734,936800,PFG,yfinance,2026-02-10T05:10:16.435896+00:00
2024-05-10,83.68000030517578,84.16000366210938,83.58000183105469,83.95999908447266,78.74645233154297,951200,PFG,yfinance,2026-02-10T05:10:16.435896+00:00
2024-05-13,84.26000213623047,84.75,83.8499984741211,83.91999816894531,78.70893096923828,621400,PFG,yfinance,2026-02-10T05:10:16.435896+00:00
2024-05-14,83.94000244140625,84.69000244140625,83.94000244140625,84.19000244140625,78.96217346191406,714900,PFG,yfinance,2026-02-10T05:10:16.435896+00:00
2024-05-15,84.44999694824219,84.95999908447266,84.44000244140625,84.77999877929688,79.5155258178711,999700,PFG,yfinance,2026-02-10T05:10:16.435896+00:00
2024-05-16,84.77999877929688,85.37000274658203,84.2300033569336,84.27999877929688,79.04656982421875,934500,PFG,yfinance,2026-02-10T05:10:16.435896+00:00
2024-05-17,84.66000366210938,85.16999816894531,84.26000213623047,85.12999725341797,79.84379577636719,606900,PFG,yfinance,2026-02-10T05:10:16.435896+00:00
2024-05-20,85.12999725341797,85.12999725341797,83.45999908447266,83.54000091552734,78.35253143310547,700000,PFG,yfinance,2026-02-10T05:10:16.435896+00:00
2024-05-21,83.6500015258789,84.29000091552734,83.4000015258789,83.48999786376953,78.30562591552734,652500,PFG,yfinance,2026-02-10T05:10:16.435896+00:00
2024-05-22,83.12999725341797,83.98999786376953,82.95999908447266,83.27999877929688,78.10867309570312,645300,PFG,yfinance,2026-02-10T05:10:16.435896+00:00
2024-05-23,83.1500015258789,83.1500015258789,81.30999755859375,81.41999816894531,76.36418151855469,900800,PFG,yfinance,2026-02-10T05:10:16.435896+00:00
2024-05-24,81.83999633789062,82.29000091552734,81.73999786376953,82.22000122070312,77.11449432373047,1055600,PFG,yfinance,2026-02-10T05:10:16.435896+00:00
2024-05-28,82.13999938964844,82.3499984741211,80.91000366210938,81.12000274658203,76.08280181884766,874000,PFG,yfinance,2026-02-10T05:10:16.435896+00:00
2024-05-29,80.26000213623047,80.66000366210938,79.80999755859375,80.37000274658203,75.3793716430664,679100,PFG,yfinance,2026-02-10T05:10:16.435896+00:00
2024-05-30,80.5,81.51000213623047,80.43000030517578,81.23999786376953,76.19534301757812,640200,PFG,yfinance,2026-02-10T05:10:16.435896+00:00
2024-05-31,81.51000213623047,82.0999984741211,81.01000213623047,82.04000091552734,76.94567108154297,2070400,PFG,yfinance,2026-02-10T05:10:16.435896+00:00
2024-06-03,81.75,81.75,80.16000366210938,80.73999786376953,76.3874740600586,720100,PFG,yfinance,2026-02-10T05:10:16.435896+00:00
2024-06-04,80.01000213623047,80.75,79.27999877929688,79.76000213623047,75.4603042602539,1028900,PFG,yfinance,2026-02-10T05:10:16.435896+00:00
2024-06-05,79.66000366210938,79.98999786376953,78.73999786376953,79.6500015258789,75.35623168945312,710300,PFG,yfinance,2026-02-10T05:10:16.435896+00:00
2024-06-06,79.52999877929688,79.87999725341797,79.11000061035156,79.37999725341797,75.10079193115234,1845600,PFG,yfinance,2026-02-10T05:10:16.435896+00:00
2024-06-07,79.12000274658203,80.31999969482422,79.08000183105469,79.2699966430664,74.99671936035156,916500,PFG,yfinance,2026-02-10T05:10:16.435896+00:00
2024-06-10,78.88999938964844,79.33999633789062,78.1500015258789,79.22000122070312,74.94942474365234,709400,PFG,yfinance,2026-02-10T05:10:16.435896+00:00
2024-06-11,78.75,78.75,77.41000366210938,77.69000244140625,73.50189208984375,1065600,PFG,yfinance,2026-02-10T05:10:16.435896+00:00
2024-06-12,78.23999786376953,79.36000061035156,77.94000244140625,78.26000213623047,74.04116821289062,1085800,PFG,yfinance,2026-02-10T05:10:16.435896+00:00
2024-06-13,77.97000122070312,77.97000122070312,76.66000366210938,77.37000274658203,73.19915008544922,780500,PFG,yfinance,2026-02-10T05:10:16.435896+00:00
2024-06-14,76.55999755859375,76.88999938964844,75.95999908447266,76.66000366210938,72.52742004394531,918300,PFG,yfinance,2026-02-10T05:10:16.435896+00:00
2024-06-17,76.61000061035156,77.9000015258789,76.33999633789062,77.87000274658203,73.67218780517578,749400,PFG,yfinance,2026-02-10T05:10:16.435896+00:00
2024-06-18,77.7699966430664,78.4000015258789,77.62999725341797,78.37999725341797,74.15470123291016,718600,PFG,yfinance,2026-02-10T05:10:16.435896+00:00
2024-06-20,78.08999633789062,80.41999816894531,78.0199966430664,80.25,75.92388916015625,1750000,PFG,yfinance,2026-02-10T05:10:16.435896+00:00
2024-06-21,80.25,80.29000091552734,79.33999633789062,80.01000213623047,75.69683074951172,1904100,PFG,yfinance,2026-02-10T05:10:16.435896+00:00
2024-06-24,79.9800033569336,81.44000244140625,79.91999816894531,80.83000183105469,76.4726333618164,1018400,PFG,yfinance,2026-02-10T05:10:16.435896+00:00
2024-06-25,80.69000244140625,81.0,79.63999938964844,80.11000061035156,75.79144287109375,605200,PFG,yfinance,2026-02-10T05:10:16.435896+00:00
2024-06-26,79.8499984741211,79.8499984741211,78.41999816894531,79.63999938964844,75.3467788696289,955000,PFG,yfinance,2026-02-10T05:10:16.435896+00:00
2024-06-27,79.80000305175781,80.22000122070312,79.29000091552734,79.45999908447266,75.17648315429688,946100,PFG,yfinance,2026-02-10T05:10:16.435896+00:00
2024-06-28,79.5999984741211,79.9800033569336,78.12000274658203,78.44999694824219,74.2209243774414,2666600,PFG,yfinance,2026-02-10T05:10:16.435896+00:00
2024-07-01,78.83000183105469,79.30000305175781,77.81999969482422,78.01000213623047,73.80464935302734,1042700,PFG,yfinance,2026-02-10T05:10:16.435896+00:00
2024-07-02,78.13999938964844,79.41999816894531,78.02999877929688,79.26000213623047,74.98725891113281,1542800,PFG,yfinance,2026-02-10T05:10:16.435896+00:00
2024-07-03,79.51000213623047,80.31999969482422,79.12000274658203,79.16000366210938,74.89265441894531,519700,PFG,yfinance,2026-02-10T05:10:16.435896+00:00
2024-07-05,78.80999755859375,79.13999938964844,77.86000061035156,78.37000274658203,74.1452407836914,1904100,PFG,yfinance,2026-02-10T05:10:16.435896+00:00
2024-07-08,78.76000213623047,79.45999908447266,78.27999877929688,78.45999908447266,74.23039245605469,861000,PFG,yfinance,2026-02-10T05:10:16.435896+00:00
2024-07-09,79.70999908447266,81.5999984741211,79.30000305175781,80.87000274658203,76.5104751586914,1944100,PFG,yfinance,2026-02-10T05:10:16.435896+00:00
2024-07-10,80.77999877929688,81.62000274658203,80.7300033569336,81.55000305175781,77.15381622314453,986700,PFG,yfinance,2026-02-10T05:10:16.435896+00:00
2024-07-11,82.0,83.91999816894531,82.0,83.87999725341797,79.35820770263672,1209500,PFG,yfinance,2026-02-10T05:10:16.435896+00:00
2024-07-12,83.75,85.19999694824219,83.70999908447266,84.93000030517578,80.35160827636719,871400,PFG,yfinance,2026-02-10T05:10:16.435896+00:00
2024-07-15,84.93000030517578,86.79000091552734,84.93000030517578,86.08000183105469,81.43961334228516,1039300,PFG,yfinance,2026-02-10T05:10:16.435896+00:00
2024-07-16,86.05999755859375,87.27999877929688,85.91999816894531,86.87000274658203,82.18702697753906,817700,PFG,yfinance,2026-02-10T05:10:16.435896+00:00
2024-07-17,86.9000015258789,88.26000213623047,86.69999694824219,87.45999908447266,82.7452163696289,1645900,PFG,yfinance,2026-02-10T05:10:16.435896+00:00
2024-07-18,86.83000183105469,88.0,85.02999877929688,85.33999633789062,80.739501953125,1562400,PFG,yfinance,2026-02-10T05:10:16.435896+00:00
2024-07-19,85.62000274658203,85.62000274658203,84.51000213623047,84.70999908447266,80.1434555053711,1199900,PFG,yfinance,2026-02-10T05:10:16.435896+00:00
2024-07-22,84.87000274658203,85.37999725341797,84.27999877929688,85.33999633789062,80.739501953125,929600,PFG,yfinance,2026-02-10T05:10:16.435896+00:00
2024-07-23,85.11000061035156,85.62999725341797,84.87000274658203,84.97000122070312,80.38945007324219,749000,PFG,yfinance,2026-02-10T05:10:16.435896+00:00
2024-07-24,84.87999725341797,85.5999984741211,83.61000061035156,83.7300033569336,79.21629333496094,1063900,PFG,yfinance,2026-02-10T05:10:16.435896+00:00
2024-07-25,84.02999877929688,85.7699966430664,83.9000015258789,84.41999816894531,79.86908721923828,1541200,PFG,yfinance,2026-02-10T05:10:16.435896+00:00
2024-07-26,80.70999908447266,83.0999984741211,80.55999755859375,81.52999877929688,77.1348876953125,1833400,PFG,yfinance,2026-02-10T05:10:16.435896+00:00
2024-07-29,81.61000061035156,82.08999633789062,81.08000183105469,81.43000030517578,77.040283203125,1646200,PFG,yfinance,2026-02-10T05:10:16.435896+00:00
2024-07-30,81.94000244140625,83.01000213623047,81.76000213623047,81.83000183105469,77.4187240600586,1504400,PFG,yfinance,2026-02-10T05:10:16.435896+00:00
2024-07-31,81.86000061035156,82.56999969482422,81.4000015258789,81.51000213623047,77.11597442626953,1707700,PFG,yfinance,2026-02-10T05:10:16.435896+00:00
2024-08-01,81.63999938964844,82.0,79.37000274658203,79.45999908447266,75.17648315429688,1196400,PFG,yfinance,2026-02-10T05:10:16.435896+00:00
2024-08-02,78.68000030517578,78.68000030517578,74.8499984741211,75.41000366210938,71.34481048583984,1718500,PFG,yfinance,2026-02-10T05:10:16.435896+00:00
2024-08-05,74.52999877929688,74.58000183105469,72.20999908447266,72.94000244140625,69.00796508789062,1713800,PFG,yfinance,2026-02-10T05:10:16.435896+00:00
2024-08-06,73.0199966430664,74.5999984741211,72.88999938964844,73.37000274658203,69.41477966308594,1304900,PFG,yfinance,2026-02-10T05:10:16.435896+00:00
2024-08-07,74.0,75.16999816894531,73.06999969482422,73.11000061035156,69.16879272460938,2150200,PFG,yfinance,2026-02-10T05:10:16.435896+00:00
2024-08-08,73.4800033569336,74.4800033569336,73.45999908447266,74.43000030517578,70.41763305664062,1212700,PFG,yfinance,2026-02-10T05:10:16.435896+00:00
2024-08-09,74.61000061035156,75.0199966430664,74.12999725341797,74.77999877929688,70.74877166748047,974500,PFG,yfinance,2026-02-10T05:10:16.435896+00:00
2024-08-12,74.88999938964844,75.5,74.27999877929688,74.38999938964844,70.37979125976562,862700,PFG,yfinance,2026-02-10T05:10:16.435896+00:00
2024-08-13,74.81999969482422,75.44999694824219,74.25,75.2300033569336,71.17451477050781,1361400,PFG,yfinance,2026-02-10T05:10:16.435896+00:00
2024-08-14,75.33000183105469,76.19000244140625,75.33000183105469,75.9000015258789,71.80839538574219,1076600,PFG,yfinance,2026-02-10T05:10:16.435896+00:00
2024-08-15,76.86000061035156,77.16999816894531,76.31999969482422,76.91999816894531,72.77339935302734,994600,PFG,yfinance,2026-02-10T05:10:16.435896+00:00
2024-08-16,76.81999969482422,77.7300033569336,76.61000061035156,77.54000091552734,73.3599853515625,3214600,PFG,yfinance,2026-02-10T05:10:16.435896+00:00
2024-08-19,77.5199966430664,78.29000091552734,77.51000213623047,78.16000366210938,73.94656372070312,682800,PFG,yfinance,2026-02-10T05:10:16.435896+00:00
2024-08-20,77.93000030517578,78.0,77.06999969482422,77.18000030517578,73.01939392089844,831200,PFG,yfinance,2026-02-10T05:10:16.435896+00:00
2024-08-21,77.62000274658203,77.81999969482422,76.81999969482422,77.75,73.55866241455078,1291000,PFG,yfinance,2026-02-10T05:10:16.435896+00:00
2024-08-22,77.75,78.20999908447266,77.5199966430664,78.0199966430664,73.8141098022461,781900,PFG,yfinance,2026-02-10T05:10:16.435896+00:00
2024-08-23,78.55000305175781,79.80000305175781,78.33000183105469,79.4800033569336,75.19540405273438,569300,PFG,yfinance,2026-02-10T05:10:16.435896+00:00
2024-08-26,79.66999816894531,80.37999725341797,79.37999725341797,79.66000366210938,75.36570739746094,1220600,PFG,yfinance,2026-02-10T05:10:16.435896+00:00
2024-08-27,79.69000244140625,79.88999938964844,79.23999786376953,79.44999694824219,75.16700744628906,763300,PFG,yfinance,2026-02-10T05:10:16.435896+00:00
2024-08-28,79.43000030517578,80.37999725341797,79.4000015258789,80.18000030517578,75.857666015625,736300,PFG,yfinance,2026-02-10T05:10:16.435896+00:00
2024-08-29,80.38999938964844,81.16999816894531,79.69999694824219,80.69999694824219,76.3496322631836,801000,PFG,yfinance,2026-02-10T05:10:16.435896+00:00
2024-08-30,80.76000213623047,81.51000213623047,80.45999908447266,81.41999816894531,77.03083038330078,961500,PFG,yfinance,2026-02-10T05:10:16.435896+00:00
2024-09-03,80.94000244140625,81.66999816894531,80.83000183105469,81.19000244140625,76.81322479248047,948000,PFG,yfinance,2026-02-10T05:10:16.435896+00:00
2024-09-04,81.5,82.08999633789062,80.88999938964844,81.13999938964844,76.76592254638672,924400,PFG,yfinance,2026-02-10T05:10:16.435896+00:00
2024-09-05,80.86000061035156,81.05000305175781,78.80999755859375,79.69999694824219,76.0786361694336,1567700,PFG,yfinance,2026-02-10T05:10:16.435896+00:00
2024-09-06,79.87999725341797,80.33999633789062,77.4000015258789,77.52999877929688,74.00723266601562,1198900,PFG,yfinance,2026-02-10T05:10:16.435896+00:00
2024-09-09,77.98999786376953,79.2699966430664,77.47000122070312,79.20999908447266,75.61090087890625,1373800,PFG,yfinance,2026-02-10T05:10:16.435896+00:00
2024-09-10,79.23999786376953,79.33000183105469,77.91999816894531,79.30000305175781,75.69681549072266,1206500,PFG,yfinance,2026-02-10T05:10:16.435896+00:00
2024-09-11,79.0999984741211,79.0999984741211,77.26000213623047,78.9800033569336,75.39134979248047,1354300,PFG,yfinance,2026-02-10T05:10:16.435896+00:00
2024-09-12,79.08000183105469,80.2699966430664,78.26000213623047,80.23999786376953,76.59408569335938,1681200,PFG,yfinance,2026-02-10T05:10:16.435896+00:00
2024-09-13,80.72000122070312,81.41999816894531,80.62000274658203,81.31999969482422,77.6250228881836,1615800,PFG,yfinance,2026-02-10T05:10:16.435896+00:00
2024-09-16,82.62000274658203,82.62000274658203,81.37000274658203,82.16999816894531,78.43639373779297,791000,PFG,yfinance,2026-02-10T05:10:16.435896+00:00
2024-09-17,82.41000366210938,83.87000274658203,82.4000015258789,83.81999969482422,80.01142120361328,954100,PFG,yfinance,2026-02-10T05:10:16.435896+00:00
2024-09-18,83.72000122070312,84.5199966430664,83.01000213623047,83.7300033569336,79.92552185058594,727700,PFG,yfinance,2026-02-10T05:10:16.435896+00:00
2024-09-19,83.63999938964844,85.68000030517578,83.63999938964844,85.62000274658203,81.72964477539062,1141000,PFG,yfinance,2026-02-10T05:10:16.435896+00:00
2024-09-20,85.5,85.73999786376953,84.7699966430664,85.61000061035156,81.7200927734375,2631300,PFG,yfinance,2026-02-10T05:10:16.435896+00:00
2024-09-23,86.02999877929688,86.23999786376953,85.58000183105469,85.77999877929688,81.88236999511719,1067000,PFG,yfinance,2026-02-10T05:10:16.435896+00:00
2024-09-24,85.98999786376953,86.2699966430664,84.97000122070312,85.29000091552734,81.41464233398438,1486800,PFG,yfinance,2026-02-10T05:10:16.435896+00:00
2024-09-25,85.48999786376953,85.66999816894531,84.83000183105469,84.91999816894531,81.06144714355469,918300,PFG,yfinance,2026-02-10T05:10:16.435896+00:00
2024-09-26,85.43000030517578,86.18000030517578,85.36000061035156,85.98999786376953,82.08282470703125,684000,PFG,yfinance,2026-02-10T05:10:16.435896+00:00
2024-09-27,86.48999786376953,87.11000061035156,86.01000213623047,86.08999633789062,82.17828369140625,581100,PFG,yfinance,2026-02-10T05:10:16.435896+00:00
2024-09-30,85.91000366210938,86.12000274658203,84.91000366210938,85.9000015258789,81.99691009521484,926500,PFG,yfinance,2026-02-10T05:10:16.435896+00:00
2024-10-01,85.87000274658203,85.87000274658203,84.62999725341797,85.13999938964844,81.27144622802734,893500,PFG,yfinance,2026-02-10T05:10:16.435896+00:00
2024-10-02,85.2300033569336,86.0999984741211,84.9800033569336,85.08000183105469,81.21418762207031,951700,PFG,yfinance,2026-02-10T05:10:16.435896+00:00
2024-10-03,84.62000274658203,84.9800033569336,84.06999969482422,84.5999984741211,80.75598907470703,666200,PFG,yfinance,2026-02-10T05:10:16.435896+00:00
2024-10-04,85.58999633789062,87.41999816894531,85.0,87.31999969482422,83.3523941040039,688800,PFG,yfinance,2026-02-10T05:10:16.435896+00:00
2024-10-07,87.31999969482422,87.31999969482422,85.23999786376953,85.66999816894531,81.7773666381836,993000,PFG,yfinance,2026-02-10T05:10:16.435896+00:00
2024-10-08,85.7300033569336,86.23999786376953,85.47000122070312,85.87000274658203,81.96827697753906,712500,PFG,yfinance,2026-02-10T05:10:16.435896+00:00
2024-10-09,86.0199966430664,87.66999816894531,85.75,87.51000213623047,83.53376770019531,617400,PFG,yfinance,2026-02-10T05:10:16.435896+00:00
2024-10-10,87.66999816894531,88.11000061035156,87.30000305175781,87.4800033569336,83.505126953125,891500,PFG,yfinance,2026-02-10T05:10:16.435896+00:00
2024-10-11,87.83000183105469,89.51000213623047,87.5,89.19999694824219,85.14696502685547,1123500,PFG,yfinance,2026-02-10T05:10:16.435896+00:00
2024-10-14,89.19999694824219,89.95999908447266,88.83000183105469,89.70999908447266,85.63380432128906,1293000,PFG,yfinance,2026-02-10T05:10:16.435896+00:00
2024-10-15,89.88999938964844,90.93000030517578,89.7300033569336,89.98999786376953,85.90107727050781,1746400,PFG,yfinance,2026-02-10T05:10:16.435896+00:00
2024-10-16,90.08999633789062,91.38999938964844,90.08999633789062,91.1500015258789,87.00837707519531,736500,PFG,yfinance,2026-02-10T05:10:16.435896+00:00
2024-10-17,91.29000091552734,91.9800033569336,91.19999694824219,91.26000213623047,87.1133804321289,870900,PFG,yfinance,2026-02-10T05:10:16.435896+00:00
2024-10-18,91.3499984741211,91.4000015258789,90.38999938964844,90.45999908447266,86.3497314453125,998200,PFG,yfinance,2026-02-10T05:10:16.435896+00:00
2024-10-21,90.31999969482422,90.70999908447266,89.06999969482422,89.6500015258789,85.57652282714844,942000,PFG,yfinance,2026-02-10T05:10:16.435896+00:00
2024-10-22,89.2699966430664,90.33999633789062,89.08999633789062,89.91999816894531,85.8342514038086,828300,PFG,yfinance,2026-02-10T05:10:16.435896+00:00
2024-10-23,89.5,90.04000091552734,89.20999908447266,89.58000183105469,85.50971221923828,676400,PFG,yfinance,2026-02-10T05:10:16.435896+00:00
2024-10-24,90.05000305175781,90.05000305175781,89.4000015258789,89.6500015258789,85.57652282714844,1185600,PFG,yfinance,2026-02-10T05:10:16.435896+00:00
2024-10-25,86.87999725341797,86.87999725341797,79.72000122070312,83.70999908447266,79.90643310546875,4195300,PFG,yfinance,2026-02-10T05:10:16.435896+00:00
2024-10-28,84.16999816894531,84.7300033569336,83.73999786376953,84.48999786376953,80.65098571777344,1379400,PFG,yfinance,2026-02-10T05:10:16.435896+00:00
2024-10-29,84.58999633789062,85.12999725341797,84.12000274658203,84.16000366210938,80.33599090576172,1128700,PFG,yfinance,2026-02-10T05:10:16.435896+00:00
2024-10-30,83.86000061035156,85.41999816894531,83.80999755859375,84.45999908447266,80.62234497070312,966300,PFG,yfinance,2026-02-10T05:10:16.435896+00:00
2024-10-31,84.2300033569336,84.2699966430664,82.33999633789062,82.4000015258789,78.65595245361328,1429900,PFG,yfinance,2026-02-10T05:10:16.435896+00:00
2024-11-01,82.38999938964844,83.38999938964844,82.13999938964844,82.18000030517578,78.44593811035156,858100,PFG,yfinance,2026-02-10T05:10:16.435896+00:00
2024-11-04,82.08000183105469,82.51000213623047,81.30000305175781,81.55999755859375,77.85411071777344,1125500,PFG,yfinance,2026-02-10T05:10:16.435896+00:00
2024-11-05,81.5199966430664,82.6500015258789,81.3499984741211,82.55000305175781,78.79914093017578,1495800,PFG,yfinance,2026-02-10T05:10:16.435896+00:00
2024-11-06,87.52999877929688,87.52999877929688,85.52999877929688,86.13999938964844,82.22601318359375,1651500,PFG,yfinance,2026-02-10T05:10:16.435896+00:00
2024-11-07,85.9800033569336,86.62999725341797,85.0,86.0,82.0923843383789,1187700,PFG,yfinance,2026-02-10T05:10:16.435896+00:00
2024-11-08,85.9800033569336,85.9800033569336,84.37000274658203,85.44999694824219,81.5673599243164,950400,PFG,yfinance,2026-02-10T05:10:16.435896+00:00
2024-11-11,86.43000030517578,87.87000274658203,86.19000244140625,87.20999908447266,83.24739074707031,874400,PFG,yfinance,2026-02-10T05:10:16.435896+00:00
2024-11-12,86.5,87.4800033569336,86.5,87.11000061035156,83.15193939208984,1086900,PFG,yfinance,2026-02-10T05:10:16.435896+00:00
2024-11-13,87.08000183105469,87.69999694824219,86.55000305175781,86.63999938964844,82.70330047607422,906000,PFG,yfinance,2026-02-10T05:10:16.435896+00:00
2024-11-14,86.79000091552734,87.25,86.25,86.36000061035156,82.43601989746094,867700,PFG,yfinance,2026-02-10T05:10:16.435896+00:00
2024-11-15,86.66000366210938,87.37999725341797,86.11000061035156,86.55999755859375,82.6269302368164,3581500,PFG,yfinance,2026-02-10T05:10:16.435896+00:00
2024-11-18,86.41999816894531,87.04000091552734,85.88999938964844,86.06999969482422,82.15918731689453,958100,PFG,yfinance,2026-02-10T05:10:16.435896+00:00
2024-11-19,84.7300033569336,84.7300033569336,82.86000061035156,84.18000030517578,80.35507202148438,1366900,PFG,yfinance,2026-02-10T05:10:16.435896+00:00
2024-11-20,84.41000366210938,84.62000274658203,83.66999816894531,84.1500015258789,80.32644653320312,999600,PFG,yfinance,2026-02-10T05:10:16.435896+00:00
2024-11-21,84.66000366210938,84.91000366210938,84.16000366210938,84.69999694824219,80.8514404296875,1050100,PFG,yfinance,2026-02-10T05:10:16.435896+00:00
2024-11-22,84.7699966430664,86.0,84.7699966430664,85.7300033569336,81.83464813232422,676000,PFG,yfinance,2026-02-10T05:10:16.435896+00:00
2024-11-25,86.4000015258789,87.5999984741211,86.12000274658203,87.04000091552734,83.08512878417969,2069600,PFG,yfinance,2026-02-10T05:10:16.435896+00:00
2024-11-26,86.52999877929688,86.93000030517578,85.58999633789062,86.79000091552734,82.84648132324219,931800,PFG,yfinance,2026-02-10T05:10:16.435896+00:00
2024-11-27,87.25,87.80999755859375,87.16999816894531,87.27999877929688,83.31422424316406,693800,PFG,yfinance,2026-02-10T05:10:16.435896+00:00
2024-11-29,87.58000183105469,87.7300033569336,86.93000030517578,87.08999633789062,83.13284301757812,559600,PFG,yfinance,2026-02-10T05:10:16.435896+00:00
2024-12-02,86.55000305175781,86.55000305175781,85.27999877929688,85.41999816894531,82.22797393798828,1046900,PFG,yfinance,2026-02-10T05:10:16.435896+00:00
2024-12-03,85.73999786376953,85.80999755859375,84.58000183105469,84.80000305175781,81.63114929199219,1511500,PFG,yfinance,2026-02-10T05:10:16.435896+00:00
2024-12-04,84.91000366210938,85.02999877929688,84.18000030517578,84.83999633789062,81.66964721679688,1019000,PFG,yfinance,2026-02-10T05:10:16.435896+00:00
2024-12-05,83.51000213623047,84.41999816894531,83.08999633789062,83.75,80.6203842163086,1423200,PFG,yfinance,2026-02-10T05:10:16.435896+00:00
2024-12-06,84.19000244140625,84.5,83.55000305175781,84.4000015258789,81.24609375,1399800,PFG,yfinance,2026-02-10T05:10:16.435896+00:00
2024-12-09,84.58999633789062,84.69000244140625,82.41999816894531,82.52999877929688,79.44596862792969,714400,PFG,yfinance,2026-02-10T05:10:16.435896+00:00
2024-12-10,82.55999755859375,82.55999755859375,80.51000213623047,80.73999786376953,77.72286224365234,896300,PFG,yfinance,2026-02-10T05:10:16.435896+00:00
2024-12-11,80.66000366210938,80.88999938964844,79.27999877929688,79.83999633789062,76.85649108886719,1930500,PFG,yfinance,2026-02-10T05:10:16.435896+00:00
2024-12-12,80.25,80.69999694824219,79.25,79.29000091552734,76.32704162597656,1409100,PFG,yfinance,2026-02-10T05:10:16.435896+00:00
2024-12-13,79.54000091552734,79.66999816894531,78.75,78.91000366210938,75.96125030517578,1650900,PFG,yfinance,2026-02-10T05:10:16.435896+00:00
2024-12-16,78.94000244140625,79.16999816894531,78.16999816894531,78.66999816894531,75.73020935058594,1291300,PFG,yfinance,2026-02-10T05:10:16.435896+00:00
2024-12-17,78.08000183105469,78.19999694824219,77.16999816894531,77.54000091552734,74.6424331665039,1294900,PFG,yfinance,2026-02-10T05:10:16.435896+00:00
2024-12-18,78.43000030517578,78.4800033569336,74.83000183105469,74.91000366210938,72.1107177734375,1758400,PFG,yfinance,2026-02-10T05:10:16.435896+00:00
2024-12-19,75.37000274658203,75.91000366210938,74.62999725341797,75.18000030517578,72.3706283569336,1687000,PFG,yfinance,2026-02-10T05:10:16.435896+00:00
2024-12-20,74.79000091552734,77.55999755859375,74.5199966430664,77.30000305175781,74.41141510009766,3446700,PFG,yfinance,2026-02-10T05:10:16.435896+00:00
2024-12-23,76.80000305175781,77.5,76.5199966430664,77.4000015258789,74.5076675415039,900100,PFG,yfinance,2026-02-10T05:10:16.435896+00:00
2024-12-24,77.16000366210938,77.94000244140625,76.94000244140625,77.80000305175781,74.8927230834961,271200,PFG,yfinance,2026-02-10T05:10:16.435896+00:00
2024-12-26,77.70999908447266,78.4000015258789,77.44999694824219,78.33999633789062,75.41254425048828,372400,PFG,yfinance,2026-02-10T05:10:16.435896+00:00
2024-12-27,77.75,78.66000366210938,77.36000061035156,77.70999908447266,74.80609130859375,726800,PFG,yfinance,2026-02-10T05:10:16.435896+00:00
2024-12-30,76.76000213623047,77.62000274658203,76.33000183105469,77.2300033569336,74.3440170288086,677800,PFG,yfinance,2026-02-10T05:10:16.435896+00:00
2024-12-31,77.62000274658203,77.98999786376953,77.08999633789062,77.41000366210938,74.5173110961914,517400,PFG,yfinance,2026-02-10T05:10:16.435896+00:00
2025-01-02,77.76000213623047,78.2699966430664,77.08000183105469,77.38999938964844,74.498046875,718100,PFG,yfinance,2026-02-10T05:10:16.435896+00:00
2025-01-03,77.69000244140625,78.04000091552734,77.13999938964844,77.91000366210938,74.99861907958984,1125600,PFG,yfinance,2026-02-10T05:10:16.435896+00:00
2025-01-06,77.91000366210938,79.4800033569336,77.55000305175781,77.81999969482422,74.91197967529297,1003700,PFG,yfinance,2026-02-10T05:10:16.435896+00:00
2025-01-07,78.5999984741211,79.58000183105469,77.80999755859375,78.30000305175781,75.3740463256836,1265500,PFG,yfinance,2026-02-10T05:10:16.435896+00:00
2025-01-08,78.18000030517578,78.44000244140625,77.0,78.33000183105469,75.40292358398438,939700,PFG,yfinance,2026-02-10T05:10:16.435896+00:00
2025-01-10,77.30000305175781,77.61000061035156,76.11000061035156,76.33999633789062,73.48727416992188,900500,PFG,yfinance,2026-02-10T05:10:16.435896+00:00
2025-01-13,76.06999969482422,77.93000030517578,75.97000122070312,77.80000305175781,74.8927230834961,941000,PFG,yfinance,2026-02-10T05:10:16.435896+00:00
2025-01-14,77.69999694824219,79.11000061035156,77.66000366210938,78.83999633789062,75.89385223388672,976100,PFG,yfinance,2026-02-10T05:10:16.435896+00:00
2025-01-15,80.55999755859375,80.88999938964844,80.04000091552734,80.08000183105469,77.0875244140625,954200,PFG,yfinance,2026-02-10T05:10:16.435896+00:00
2025-01-16,79.69999694824219,81.16999816894531,79.69999694824219,81.13999938964844,78.10791015625,924800,PFG,yfinance,2026-02-10T05:10:16.435896+00:00
2025-01-17,81.66999816894531,81.98999786376953,81.19000244140625,81.66000366210938,78.60848236083984,1219400,PFG,yfinance,2026-02-10T05:10:16.435896+00:00
2025-01-21,81.69999694824219,82.91999816894531,81.69999694824219,82.54000091552734,79.45559692382812,1390400,PFG,yfinance,2026-02-10T05:10:16.435896+00:00
2025-01-22,82.08999633789062,82.31999969482422,81.23999786376953,81.66000366210938,78.60848236083984,2074300,PFG,yfinance,2026-02-10T05:10:16.435896+00:00
2025-01-23,81.47000122070312,82.26000213623047,79.63999938964844,81.87000274658203,78.81063842773438,1363100,PFG,yfinance,2026-02-10T05:10:16.435896+00:00
2025-01-24,81.58000183105469,82.22000122070312,81.58000183105469,81.83000183105469,78.77213287353516,964300,PFG,yfinance,2026-02-10T05:10:16.435896+00:00
2025-01-27,82.08000183105469,82.75,81.73999786376953,82.62000274658203,79.53260803222656,1875600,PFG,yfinance,2026-02-10T05:10:16.435896+00:00
2025-01-28,82.62000274658203,83.83000183105469,82.4000015258789,82.88999938964844,79.79251098632812,1128500,PFG,yfinance,2026-02-10T05:10:16.435896+00:00
2025-01-29,82.77999877929688,84.06999969482422,82.77999877929688,83.37999725341797,80.26419830322266,911000,PFG,yfinance,2026-02-10T05:10:16.435896+00:00
2025-01-30,84.08999633789062,84.27999877929688,83.18000030517578,83.51000213623047,80.38935089111328,781200,PFG,yfinance,2026-02-10T05:10:16.435896+00:00
2025-01-31,83.18000030517578,83.7300033569336,82.27999877929688,82.44999694824219,79.36894989013672,4816300,PFG,yfinance,2026-02-10T05:10:16.435896+00:00
2025-02-03,81.47000122070312,81.69000244140625,79.45999908447266,80.97000122070312,77.94426727294922,1430600,PFG,yfinance,2026-02-10T05:10:16.435896+00:00
2025-02-04,80.55999755859375,81.73999786376953,80.55999755859375,80.69000244140625,77.67472839355469,1124100,PFG,yfinance,2026-02-10T05:10:16.435896+00:00
2025-02-05,80.61000061035156,80.87000274658203,79.98999786376953,80.56999969482422,77.55921173095703,1670000,PFG,yfinance,2026-02-10T05:10:16.435896+00:00
2025-02-06,81.16000366210938,81.16999816894531,79.0999984741211,80.0,77.01051330566406,2402300,PFG,yfinance,2026-02-10T05:10:16.435896+00:00
2025-02-07,82.91000366210938,82.94999694824219,80.5,82.33000183105469,79.2534408569336,3128700,PFG,yfinance,2026-02-10T05:10:16.435896+00:00
2025-02-10,82.77999877929688,85.5,82.06999969482422,84.37999725341797,81.2268295288086,2610100,PFG,yfinance,2026-02-10T05:10:16.435896+00:00
2025-02-11,84.52999877929688,86.11000061035156,84.05999755859375,85.44999694824219,82.25685119628906,1952300,PFG,yfinance,2026-02-10T05:10:16.435896+00:00
2025-02-12,85.18000030517578,85.18000030517578,83.8499984741211,84.94000244140625,81.76591491699219,1807500,PFG,yfinance,2026-02-10T05:10:16.435896+00:00
2025-02-13,85.37999725341797,87.0199966430664,85.06999969482422,86.94999694824219,83.70079803466797,1254700,PFG,yfinance,2026-02-10T05:10:16.435896+00:00
2025-02-14,87.12000274658203,87.36000061035156,85.51000213623047,85.6500015258789,82.44938659667969,1669800,PFG,yfinance,2026-02-10T05:10:16.435896+00:00
2025-02-18,85.81999969482422,86.6500015258789,85.5999984741211,86.5999984741211,83.36388397216797,1184100,PFG,yfinance,2026-02-10T05:10:16.435896+00:00
2025-02-19,86.0,86.58999633789062,85.79000091552734,86.19000244140625,82.96920013427734,1191600,PFG,yfinance,2026-02-10T05:10:16.435896+00:00
2025-02-20,85.97000122070312,86.8499984741211,85.55999755859375,86.55999755859375,83.32537841796875,2081800,PFG,yfinance,2026-02-10T05:10:16.435896+00:00
2025-02-21,86.97000122070312,86.97000122070312,83.83000183105469,84.37999725341797,81.2268295288086,1861800,PFG,yfinance,2026-02-10T05:10:16.435896+00:00
2025-02-24,84.73999786376953,85.61000061035156,84.73999786376953,85.11000061035156,81.92955780029297,1165100,PFG,yfinance,2026-02-10T05:10:16.435896+00:00
2025-02-25,85.63999938964844,86.04000091552734,84.83999633789062,85.36000061035156,82.17021942138672,1170900,PFG,yfinance,2026-02-10T05:10:16.435896+00:00
2025-02-26,85.98999786376953,86.43000030517578,85.58000183105469,85.9000015258789,82.69003295898438,1322900,PFG,yfinance,2026-02-10T05:10:16.435896+00:00
2025-02-27,86.19000244140625,87.93000030517578,86.19000244140625,87.52999877929688,84.25912475585938,1368900,PFG,yfinance,2026-02-10T05:10:16.435896+00:00
2025-02-28,88.37999725341797,89.0999984741211,87.91000366210938,89.04000091552734,85.71269989013672,2142400,PFG,yfinance,2026-02-10T05:10:16.435896+00:00
2025-03-03,89.47000122070312,90.30999755859375,88.0199966430664,88.63999938964844,85.32765197753906,1870800,PFG,yfinance,2026-02-10T05:10:16.435896+00:00
2025-03-04,87.88999938964844,88.0,84.25,85.62000274658203,82.42050170898438,2834200,PFG,yfinance,2026-02-10T05:10:16.435896+00:00
2025-03-05,85.37999725341797,87.36000061035156,85.30999755859375,87.05999755859375,83.80669403076172,1526200,PFG,yfinance,2026-02-10T05:10:16.435896+00:00
2025-03-06,86.37999725341797,87.25,85.80999755859375,86.63999938964844,83.40238952636719,1932200,PFG,yfinance,2026-02-10T05:10:16.435896+00:00
2025-03-07,86.26000213623047,86.48999786376953,83.8499984741211,85.61000061035156,82.41087341308594,1662600,PFG,yfinance,2026-02-10T05:10:16.435896+00:00
2025-03-10,84.48999786376953,85.26000213623047,83.37000274658203,83.68000030517578,80.5530014038086,1858300,PFG,yfinance,2026-02-10T05:10:16.435896+00:00
2025-03-11,83.91999816894531,83.98999786376953,82.44999694824219,82.87999725341797,79.78289031982422,1879600,PFG,yfinance,2026-02-10T05:10:16.435896+00:00
2025-03-12,82.7699966430664,83.04000091552734,80.91000366210938,82.02999877929688,79.68575286865234,1829900,PFG,yfinance,2026-02-10T05:10:16.435896+00:00
2025-03-13,82.38999938964844,83.13999938964844,80.44999694824219,80.54000091552734,78.23833465576172,1258400,PFG,yfinance,2026-02-10T05:10:16.435896+00:00
2025-03-14,81.30000305175781,83.0,81.0,82.77999877929688,80.414306640625,880500,PFG,yfinance,2026-02-10T05:10:16.435896+00:00
2025-03-17,82.4000015258789,84.26000213623047,82.27999877929688,83.87999725341797,81.48287963867188,1140500,PFG,yfinance,2026-02-10T05:10:16.435896+00:00
2025-03-18,83.7699966430664,84.51000213623047,83.16000366210938,83.23999786376953,80.86116790771484,976000,PFG,yfinance,2026-02-10T05:10:16.435896+00:00
2025-03-19,83.1500015258789,84.69999694824219,83.1500015258789,84.41000366210938,81.99774169921875,1190600,PFG,yfinance,2026-02-10T05:10:16.435896+00:00
2025-03-20,83.91999816894531,84.93000030517578,83.69000244140625,84.12999725341797,81.72573852539062,1056900,PFG,yfinance,2026-02-10T05:10:16.435896+00:00
2025-03-21,83.37999725341797,83.69999694824219,82.61000061035156,83.26000213623047,80.8805923461914,2541400,PFG,yfinance,2026-02-10T05:10:16.435896+00:00
2025-03-24,84.1500015258789,85.37999725341797,84.04000091552734,85.25,82.81372833251953,802100,PFG,yfinance,2026-02-10T05:10:16.435896+00:00
2025-03-25,85.31999969482422,86.48999786376953,85.12999725341797,85.66999816894531,83.22171783447266,1108900,PFG,yfinance,2026-02-10T05:10:16.435896+00:00
2025-03-26,86.05000305175781,87.12000274658203,85.20999908447266,85.5999984741211,83.15373229980469,1022000,PFG,yfinance,2026-02-10T05:10:16.435896+00:00
2025-03-27,85.45999908447266,85.80999755859375,84.43000030517578,85.08000183105469,82.64859771728516,702400,PFG,yfinance,2026-02-10T05:10:16.435896+00:00
2025-03-28,85.2699966430664,85.87000274658203,82.44000244140625,83.05999755859375,80.68630981445312,1357100,PFG,yfinance,2026-02-10T05:10:16.435896+00:00
2025-03-31,82.9000015258789,84.77999877929688,82.18000030517578,84.37000274658203,81.9588851928711,1160300,PFG,yfinance,2026-02-10T05:10:16.435896+00:00
2025-04-01,84.72000122070312,85.56999969482422,83.95999908447266,85.1500015258789,82.71658325195312,1108200,PFG,yfinance,2026-02-10T05:10:16.435896+00:00
2025-04-02,84.13999938964844,86.45999908447266,83.9000015258789,86.19000244140625,83.72686767578125,1040500,PFG,yfinance,2026-02-10T05:10:16.435896+00:00
2025-04-03,81.68000030517578,83.22000122070312,79.23999786376953,79.31999969482422,77.05319213867188,1413700,PFG,yfinance,2026-02-10T05:10:16.435896+00:00
2025-04-04,80.52999877929688,80.52999877929688,72.31999969482422,72.94000244140625,70.85552215576172,2218700,PFG,yfinance,2026-02-10T05:10:16.435896+00:00
2025-04-07,71.19000244140625,74.62999725341797,68.69999694824219,71.6500015258789,69.60238647460938,2718700,PFG,yfinance,2026-02-10T05:10:16.435896+00:00
2025-04-08,74.04000091552734,74.72000122070312,68.52999877929688,69.55999755859375,67.57211303710938,2331700,PFG,yfinance,2026-02-10T05:10:16.435896+00:00
2025-04-09,68.61000061035156,77.80000305175781,68.38999938964844,77.2699966430664,75.06178283691406,2933800,PFG,yfinance,2026-02-10T05:10:16.435896+00:00
2025-04-10,75.55000305175781,75.66999816894531,71.0,71.95999908447266,69.90353393554688,2040900,PFG,yfinance,2026-02-10T05:10:16.435896+00:00
2025-04-11,71.95999908447266,73.05000305175781,70.44999694824219,72.61000061035156,70.53495025634766,2092100,PFG,yfinance,2026-02-10T05:10:16.435896+00:00
2025-04-14,73.8499984741211,74.63999938964844,72.87000274658203,73.43000030517578,71.3315200805664,2484700,PFG,yfinance,2026-02-10T05:10:16.435896+00:00
2025-04-15,73.7300033569336,74.43000030517578,72.94000244140625,73.08999633789062,71.00123596191406,2267600,PFG,yfinance,2026-02-10T05:10:16.435896+00:00
2025-04-16,72.66000366210938,73.66000366210938,71.2699966430664,71.63999938964844,69.5926742553711,1508500,PFG,yfinance,2026-02-10T05:10:16.435896+00:00
2025-04-17,72.02999877929688,73.33000183105469,71.9800033569336,72.13999938964844,70.07838439941406,1635700,PFG,yfinance,2026-02-10T05:10:16.435896+00:00
2025-04-21,71.31999969482422,71.80000305175781,69.80000305175781,70.26000213623047,68.25211334228516,1843300,PFG,yfinance,2026-02-10T05:10:16.435896+00:00
2025-04-22,72.02999877929688,72.9800033569336,71.33000183105469,72.8499984741211,70.7680892944336,1848800,PFG,yfinance,2026-02-10T05:10:16.435896+00:00
2025-04-23,74.6500015258789,76.12999725341797,73.75,74.04000091552734,71.92408752441406,1549800,PFG,yfinance,2026-02-10T05:10:16.435896+00:00
2025-04-24,73.9000015258789,75.44000244140625,73.4000015258789,75.0,72.85665893554688,1987200,PFG,yfinance,2026-02-10T05:10:16.435896+00:00
2025-04-25,74.29000091552734,74.44999694824219,71.54000091552734,73.45999908447266,71.36066436767578,2703600,PFG,yfinance,2026-02-10T05:10:16.435896+00:00
2025-04-28,73.33000183105469,74.36000061035156,72.79000091552734,73.87000274658203,71.75894927978516,1811600,PFG,yfinance,2026-02-10T05:10:16.435896+00:00
2025-04-29,73.37999725341797,74.91000366210938,73.37999725341797,74.58999633789062,72.45836639404297,1626000,PFG,yfinance,2026-02-10T05:10:16.435896+00:00
2025-04-30,73.55000305175781,74.44999694824219,72.20999908447266,74.1500015258789,72.03094482421875,1807500,PFG,yfinance,2026-02-10T05:10:16.435896+00:00
2025-05-01,74.30000305175781,74.7699966430664,73.56999969482422,74.06999969482422,71.9532241821289,1665700,PFG,yfinance,2026-02-10T05:10:16.435896+00:00
2025-05-02,75.31999969482422,76.87999725341797,74.83000183105469,76.83000183105469,74.63435363769531,1817900,PFG,yfinance,2026-02-10T05:10:16.435896+00:00
2025-05-05,76.26000213623047,77.44000244140625,75.79000091552734,76.55999755859375,74.3720703125,988400,PFG,yfinance,2026-02-10T05:10:16.435896+00:00
2025-05-06,76.12000274658203,76.86000061035156,75.80000305175781,76.33999633789062,74.15835571289062,1203400,PFG,yfinance,2026-02-10T05:10:16.435896+00:00
2025-05-07,76.94999694824219,77.8499984741211,76.80999755859375,77.55000305175781,75.33377838134766,1816700,PFG,yfinance,2026-02-10T05:10:16.435896+00:00
2025-05-08,78.2300033569336,79.45999908447266,77.73999786376953,78.83999633789062,76.58690643310547,1318200,PFG,yfinance,2026-02-10T05:10:16.435896+00:00
2025-05-09,78.88999938964844,79.25,78.5199966430664,78.9000015258789,76.64520263671875,933100,PFG,yfinance,2026-02-10T05:10:16.435896+00:00
2025-05-12,81.44999694824219,82.29000091552734,81.25,81.69999694824219,79.36517333984375,1539900,PFG,yfinance,2026-02-10T05:10:16.435896+00:00
2025-05-13,81.76000213623047,82.36000061035156,81.47000122070312,81.69999694824219,79.36517333984375,978900,PFG,yfinance,2026-02-10T05:10:16.435896+00:00
2025-05-14,81.69999694824219,82.20999908447266,80.80000305175781,81.04000091552734,78.72404479980469,1155100,PFG,yfinance,2026-02-10T05:10:16.435896+00:00
2025-05-15,80.95999908447266,81.48999786376953,80.66999816894531,81.41999816894531,79.09318542480469,885700,PFG,yfinance,2026-02-10T05:10:16.435896+00:00
2025-05-16,81.52999877929688,81.7300033569336,81.08000183105469,81.55000305175781,79.21947479248047,1036900,PFG,yfinance,2026-02-10T05:10:16.435896+00:00
2025-05-19,81.01000213623047,81.83999633789062,80.66999816894531,81.30000305175781,78.97662353515625,864200,PFG,yfinance,2026-02-10T05:10:16.435896+00:00
2025-05-20,80.95999908447266,81.4800033569336,80.41000366210938,80.52999877929688,78.2286148071289,764400,PFG,yfinance,2026-02-10T05:10:16.435896+00:00
2025-05-21,80.01000213623047,80.33000183105469,77.3499984741211,77.36000061035156,75.14920806884766,1040300,PFG,yfinance,2026-02-10T05:10:16.435896+00:00
2025-05-22,77.30999755859375,77.9000015258789,76.83000183105469,77.3499984741211,75.13948822021484,826000,PFG,yfinance,2026-02-10T05:10:16.435896+00:00
2025-05-23,76.05999755859375,77.48999786376953,76.05999755859375,77.01000213623047,74.80921936035156,846000,PFG,yfinance,2026-02-10T05:10:16.435896+00:00
2025-05-27,78.19999694824219,78.91000366210938,77.58000183105469,78.88999938964844,76.63548278808594,904000,PFG,yfinance,2026-02-10T05:10:16.435896+00:00
2025-05-28,78.94000244140625,79.22000122070312,77.56999969482422,77.66999816894531,75.45034790039062,1069100,PFG,yfinance,2026-02-10T05:10:16.435896+00:00
2025-05-29,78.18000030517578,78.79000091552734,77.72000122070312,78.55000305175781,76.30520629882812,1014700,PFG,yfinance,2026-02-10T05:10:16.435896+00:00
2025-05-30,78.29000091552734,78.55000305175781,77.54000091552734,77.88999938964844,75.6640625,1960700,PFG,yfinance,2026-02-10T05:10:16.435896+00:00
2025-06-02,76.97000122070312,77.0,75.87999725341797,76.97000122070312,75.50711059570312,874500,PFG,yfinance,2026-02-10T05:10:16.435896+00:00
2025-06-03,76.7699966430664,77.70999908447266,75.93000030517578,77.33999633789062,75.87007141113281,1073200,PFG,yfinance,2026-02-10T05:10:16.435896+00:00
2025-06-04,77.37999725341797,77.69999694824219,76.33999633789062,76.33999633789062,74.88907623291016,734300,PFG,yfinance,2026-02-10T05:10:16.435896+00:00
2025-06-05,76.4000015258789,76.72000122070312,75.52999877929688,75.94000244140625,74.4966812133789,1208800,PFG,yfinance,2026-02-10T05:10:16.435896+00:00
2025-06-06,76.77999877929688,77.5,76.33999633789062,76.97000122070312,75.50711059570312,1164300,PFG,yfinance,2026-02-10T05:10:16.435896+00:00
2025-06-09,77.0,77.38999938964844,76.27999877929688,76.83999633789062,75.37957000732422,1052900,PFG,yfinance,2026-02-10T05:10:16.435896+00:00
2025-06-10,76.83999633789062,77.41000366210938,76.44000244140625,76.76000213623047,75.30109405517578,1143200,PFG,yfinance,2026-02-10T05:10:16.435896+00:00
2025-06-11,76.77999877929688,77.12999725341797,76.2300033569336,76.48999786376953,75.03622436523438,1383300,PFG,yfinance,2026-02-10T05:10:16.435896+00:00
2025-06-12,76.04000091552734,77.05000305175781,75.45999908447266,77.0199966430664,75.55615234375,971700,PFG,yfinance,2026-02-10T05:10:16.435896+00:00
2025-06-13,76.91000366210938,76.91000366210938,75.7699966430664,75.9000015258789,74.45744323730469,1263200,PFG,yfinance,2026-02-10T05:10:16.435896+00:00
2025-06-16,76.58999633789062,77.47000122070312,76.29000091552734,76.7300033569336,75.27166748046875,1152300,PFG,yfinance,2026-02-10T05:10:16.435896+00:00
2025-06-17,76.55000305175781,76.80999755859375,75.30999755859375,75.80000305175781,74.35933685302734,1098100,PFG,yfinance,2026-02-10T05:10:16.435896+00:00
2025-06-18,75.7300033569336,76.80999755859375,75.7300033569336,75.97000122070312,74.52611541748047,939600,PFG,yfinance,2026-02-10T05:10:16.435896+00:00
2025-06-20,76.63999938964844,77.18000030517578,75.91000366210938,76.61000061035156,75.15394592285156,2262700,PFG,yfinance,2026-02-10T05:10:16.435896+00:00
2025-06-23,76.47000122070312,77.41999816894531,75.52999877929688,77.33000183105469,75.86026763916016,804800,PFG,yfinance,2026-02-10T05:10:16.435896+00:00
2025-06-24,77.66999816894531,78.36000061035156,77.66999816894531,77.93000030517578,76.44886016845703,790400,PFG,yfinance,2026-02-10T05:10:16.435896+00:00
2025-06-25,78.0199966430664,78.0199966430664,76.93000030517578,77.05999755859375,75.59539031982422,1006300,PFG,yfinance,2026-02-10T05:10:16.435896+00:00
2025-06-26,77.4800033569336,78.4800033569336,76.94999694824219,78.4000015258789,76.90992736816406,855800,PFG,yfinance,2026-02-10T05:10:16.435896+00:00
2025-06-27,78.69999694824219,79.5199966430664,78.44000244140625,79.19000244140625,77.6849136352539,2230700,PFG,yfinance,2026-02-10T05:10:16.435896+00:00
2025-06-30,79.19999694824219,79.58000183105469,79.01000213623047,79.43000030517578,77.92034912109375,845700,PFG,yfinance,2026-02-10T05:10:16.435896+00:00
2025-07-01,79.3499984741211,81.41000366210938,78.69999694824219,80.83000183105469,79.29373931884766,1185900,PFG,yfinance,2026-02-10T05:10:16.435896+00:00
2025-07-02,80.8499984741211,80.8499984741211,79.6500015258789,80.51000213623047,78.97982788085938,1200600,PFG,yfinance,2026-02-10T05:10:16.435896+00:00
2025-07-03,80.87000274658203,81.66000366210938,80.52999877929688,81.0,79.46051025390625,605900,PFG,yfinance,2026-02-10T05:10:16.435896+00:00
2025-07-07,80.80000305175781,81.5,79.79000091552734,80.19000244140625,78.66590881347656,1190200,PFG,yfinance,2026-02-10T05:10:16.435896+00:00
2025-07-08,80.55000305175781,82.0199966430664,80.3499984741211,81.4800033569336,79.93138885498047,1173700,PFG,yfinance,2026-02-10T05:10:16.435896+00:00
2025-07-09,81.70999908447266,82.02999877929688,80.44000244140625,80.86000061035156,79.32317352294922,1014500,PFG,yfinance,2026-02-10T05:10:16.435896+00:00
2025-07-10,81.05999755859375,82.16000366210938,80.56999969482422,81.5999984741211,80.04910278320312,897900,PFG,yfinance,2026-02-10T05:10:16.435896+00:00
2025-07-11,81.02999877929688,81.20999908447266,80.30000305175781,80.37000274658203,78.84248352050781,822200,PFG,yfinance,2026-02-10T05:10:16.435896+00:00
2025-07-14,80.16999816894531,81.02999877929688,79.80000305175781,80.94999694824219,79.41146087646484,782000,PFG,yfinance,2026-02-10T05:10:16.435896+00:00
2025-07-15,80.94999694824219,81.23999786376953,79.33999633789062,79.37999725341797,77.87129974365234,1111500,PFG,yfinance,2026-02-10T05:10:16.435896+00:00
2025-07-16,79.7699966430664,80.29000091552734,78.80999755859375,79.81999969482422,78.30294036865234,1265000,PFG,yfinance,2026-02-10T05:10:16.435896+00:00
2025-07-17,79.73999786376953,81.0199966430664,79.30000305175781,80.97000122070312,79.43107604980469,1037500,PFG,yfinance,2026-02-10T05:10:16.435896+00:00
2025-07-18,81.26000213623047,81.37000274658203,80.70999908447266,81.05999755859375,79.51937103271484,867500,PFG,yfinance,2026-02-10T05:10:16.435896+00:00
2025-07-21,80.9800033569336,81.36000061035156,78.66999816894531,78.73999786376953,77.24346160888672,1446500,PFG,yfinance,2026-02-10T05:10:16.435896+00:00
2025-07-22,78.73999786376953,80.33000183105469,78.73999786376953,80.19999694824219,78.67571258544922,981100,PFG,yfinance,2026-02-10T05:10:16.435896+00:00
2025-07-23,80.94000244140625,81.05000305175781,80.31999969482422,80.87999725341797,79.34278869628906,832300,PFG,yfinance,2026-02-10T05:10:16.435896+00:00
2025-07-24,80.7300033569336,81.05999755859375,80.16999816894531,80.33000183105469,78.8032455444336,766500,PFG,yfinance,2026-02-10T05:10:16.435896+00:00
2025-07-25,80.5,81.13999938964844,80.16000366210938,81.05000305175781,79.50955963134766,737900,PFG,yfinance,2026-02-10T05:10:16.435896+00:00
2025-07-28,80.93000030517578,81.13999938964844,79.97000122070312,80.38999938964844,78.86210632324219,1677400,PFG,yfinance,2026-02-10T05:10:16.435896+00:00
2025-07-29,83.16000366210938,83.63999938964844,79.77999877929688,80.19000244140625,78.66590881347656,2014100,PFG,yfinance,2026-02-10T05:10:16.435896+00:00
2025-07-30,80.1500015258789,80.1500015258789,75.87999725341797,76.58999633789062,75.13432312011719,3111100,PFG,yfinance,2026-02-10T05:10:16.435896+00:00
2025-07-31,76.29000091552734,78.38999938964844,75.97000122070312,77.83000183105469,76.35076141357422,2971800,PFG,yfinance,2026-02-10T05:10:16.435896+00:00
2025-08-01,76.87999725341797,76.87999725341797,75.0,75.52999877929688,74.09447479248047,1753400,PFG,yfinance,2026-02-10T05:10:16.435896+00:00
2025-08-04,75.91999816894531,76.12999725341797,75.43000030517578,75.87999725341797,74.43781280517578,1049100,PFG,yfinance,2026-02-10T05:10:16.435896+00:00
2025-08-05,76.2699966430664,77.05000305175781,75.55000305175781,76.12000274658203,74.67325592041016,1314800,PFG,yfinance,2026-02-10T05:10:16.435896+00:00
2025-08-06,76.36000061035156,77.2300033569336,76.13999938964844,76.80999755859375,75.35014343261719,1438500,PFG,yfinance,2026-02-10T05:10:16.435896+00:00
2025-08-07,77.05999755859375,77.25,75.33000183105469,75.5999984741211,74.16314697265625,1087100,PFG,yfinance,2026-02-10T05:10:16.435896+00:00
2025-08-08,75.94000244140625,76.7699966430664,75.51000213623047,76.58999633789062,75.13432312011719,819900,PFG,yfinance,2026-02-10T05:10:16.435896+00:00
2025-08-11,76.72000122070312,77.30000305175781,76.1500015258789,76.4800033569336,75.02641296386719,922000,PFG,yfinance,2026-02-10T05:10:16.435896+00:00
2025-08-12,76.83000183105469,77.73999786376953,76.63999938964844,77.23999786376953,75.77196502685547,1757600,PFG,yfinance,2026-02-10T05:10:16.435896+00:00
2025-08-13,77.01000213623047,78.44000244140625,77.01000213623047,78.33999633789062,76.85106658935547,2068100,PFG,yfinance,2026-02-10T05:10:16.435896+00:00
2025-08-14,77.91000366210938,78.19000244140625,77.19999694824219,78.08999633789062,76.60581970214844,1047800,PFG,yfinance,2026-02-10T05:10:16.435896+00:00
2025-08-15,78.52999877929688,78.52999877929688,77.55000305175781,77.63999938964844,76.16436767578125,962400,PFG,yfinance,2026-02-10T05:10:16.435896+00:00
2025-08-18,77.44000244140625,77.8499984741211,77.1500015258789,77.69999694824219,76.22322845458984,1136900,PFG,yfinance,2026-02-10T05:10:16.435896+00:00
2025-08-19,77.83000183105469,79.19000244140625,77.62000274658203,78.5999984741211,77.10611724853516,948400,PFG,yfinance,2026-02-10T05:10:16.435896+00:00
2025-08-20,78.48999786376953,79.05999755859375,78.2699966430664,78.72000122070312,77.22383880615234,983600,PFG,yfinance,2026-02-10T05:10:16.435896+00:00
2025-08-21,78.45999908447266,78.91999816894531,77.33999633789062,78.66999816894531,77.17478942871094,1077900,PFG,yfinance,2026-02-10T05:10:16.435896+00:00
2025-08-22,78.83000183105469,81.44000244140625,78.58999633789062,80.72000122070312,79.18582916259766,1250500,PFG,yfinance,2026-02-10T05:10:16.435896+00:00
2025-08-25,80.5,80.88999938964844,79.83000183105469,80.27999877929688,78.75418853759766,619100,PFG,yfinance,2026-02-10T05:10:16.435896+00:00
2025-08-26,79.97000122070312,80.58999633789062,79.37999725341797,80.55000305175781,79.0190658569336,974500,PFG,yfinance,2026-02-10T05:10:16.435896+00:00
2025-08-27,80.37000274658203,81.37000274658203,79.8499984741211,80.83999633789062,79.30354309082031,775400,PFG,yfinance,2026-02-10T05:10:16.435896+00:00
2025-08-28,81.08000183105469,81.16000366210938,79.83999633789062,80.22000122070312,78.6953353881836,1248600,PFG,yfinance,2026-02-10T05:10:16.435896+00:00
2025-08-29,80.30000305175781,80.97000122070312,80.19999694824219,80.51000213623047,78.97982788085938,974700,PFG,yfinance,2026-02-10T05:10:16.435896+00:00
2025-09-02,79.55999755859375,79.9800033569336,78.62999725341797,79.94000244140625,78.42066192626953,1670500,PFG,yfinance,2026-02-10T05:10:16.435896+00:00
2025-09-03,79.51000213623047,80.19000244140625,79.37999725341797,80.18000030517578,78.65609741210938,1431200,PFG,yfinance,2026-02-10T05:10:16.435896+00:00
2025-09-04,79.73999786376953,81.33999633789062,79.58999633789062,81.30000305175781,80.53829956054688,1001400,PFG,yfinance,2026-02-10T05:10:16.435896+00:00
2025-09-05,81.36000061035156,82.0,79.02999877929688,79.9800033569336,79.23066711425781,1125400,PFG,yfinance,2026-02-10T05:10:16.435896+00:00
2025-09-08,79.91000366210938,79.94999694824219,78.11000061035156,79.70999908447266,78.96318817138672,908300,PFG,yfinance,2026-02-10T05:10:16.435896+00:00
2025-09-09,79.80000305175781,80.86000061035156,79.7300033569336,80.06999969482422,79.31981658935547,1025400,PFG,yfinance,2026-02-10T05:10:16.435896+00:00
2025-09-10,79.70999908447266,80.5999984741211,79.06999969482422,80.06999969482422,79.31981658935547,1137000,PFG,yfinance,2026-02-10T05:10:16.435896+00:00
2025-09-11,80.4000015258789,82.26000213623047,80.13999938964844,82.08000183105469,81.31098937988281,1699400,PFG,yfinance,2026-02-10T05:10:16.435896+00:00
2025-09-12,81.9800033569336,82.93000030517578,81.81999969482422,82.69999694824219,81.9251708984375,986000,PFG,yfinance,2026-02-10T05:10:16.435896+00:00
2025-09-15,82.83999633789062,83.63999938964844,82.44999694824219,82.94999694824219,82.1728286743164,1493500,PFG,yfinance,2026-02-10T05:10:16.435896+00:00
2025-09-16,82.91999816894531,83.08999633789062,79.73999786376953,80.08999633789062,79.33963012695312,1766400,PFG,yfinance,2026-02-10T05:10:16.435896+00:00
2025-09-17,80.2300033569336,82.20999908447266,80.2300033569336,80.86000061035156,80.1024169921875,1249400,PFG,yfinance,2026-02-10T05:10:16.435896+00:00
2025-09-18,80.83000183105469,82.02999877929688,80.47000122070312,81.77999877929688,81.0137939453125,801600,PFG,yfinance,2026-02-10T05:10:16.435896+00:00
2025-09-19,82.48999786376953,82.5999984741211,81.2300033569336,81.70999908447266,80.94445037841797,3057300,PFG,yfinance,2026-02-10T05:10:16.435896+00:00
2025-09-22,81.2300033569336,82.38999938964844,80.70999908447266,82.20999908447266,81.43976593017578,1036400,PFG,yfinance,2026-02-10T05:10:16.435896+00:00
2025-09-23,82.20999908447266,83.4000015258789,82.20999908447266,82.4000015258789,81.62799072265625,1005900,PFG,yfinance,2026-02-10T05:10:16.435896+00:00
2025-09-24,82.2699966430664,82.68000030517578,81.4000015258789,81.83999633789062,81.07323455810547,902500,PFG,yfinance,2026-02-10T05:10:16.435896+00:00
2025-09-25,81.69000244140625,82.22000122070312,81.06999969482422,81.5,80.73641967773438,891200,PFG,yfinance,2026-02-10T05:10:16.435896+00:00
2025-09-26,81.86000061035156,83.2300033569336,81.86000061035156,82.62000274658203,81.84593200683594,952200,PFG,yfinance,2026-02-10T05:10:16.435896+00:00
2025-09-29,82.83999633789062,82.83999633789062,81.8499984741211,82.47000122070312,81.69733428955078,1041300,PFG,yfinance,2026-02-10T05:10:16.435896+00:00
2025-09-30,82.30000305175781,83.01000213623047,81.18000030517578,82.91000366210938,82.13321685791016,1318300,PFG,yfinance,2026-02-10T05:10:16.435896+00:00
2025-10-01,82.72000122070312,83.52999877929688,82.2699966430664,83.04000091552734,82.26199340820312,1693700,PFG,yfinance,2026-02-10T05:10:16.435896+00:00
2025-10-02,83.04000091552734,84.4000015258789,82.4800033569336,84.26000213623047,83.47056579589844,1092900,PFG,yfinance,2026-02-10T05:10:16.435896+00:00
2025-10-03,83.62000274658203,85.0,83.54000091552734,84.23999786376953,83.45074462890625,1000600,PFG,yfinance,2026-02-10T05:10:16.435896+00:00
2025-10-06,84.25,85.0,83.33999633789062,84.18000030517578,83.39131164550781,841100,PFG,yfinance,2026-02-10T05:10:16.435896+00:00
2025-10-07,84.5199966430664,85.13999938964844,83.36000061035156,83.56999969482422,82.78702545166016,734900,PFG,yfinance,2026-02-10T05:10:16.435896+00:00
2025-10-08,83.63999938964844,83.80999755859375,81.41999816894531,81.7699966430664,81.00389099121094,1214800,PFG,yfinance,2026-02-10T05:10:16.435896+00:00
2025-10-09,82.16999816894531,82.83000183105469,81.36000061035156,82.69000244140625,81.91527557373047,886100,PFG,yfinance,2026-02-10T05:10:16.435896+00:00
2025-10-10,83.27999877929688,83.72000122070312,79.36000061035156,79.41999816894531,78.6759033203125,1036900,PFG,yfinance,2026-02-10T05:10:16.435896+00:00
2025-10-13,79.8499984741211,80.54000091552734,79.22000122070312,79.66999816894531,78.9235610961914,809000,PFG,yfinance,2026-02-10T05:10:16.435896+00:00
2025-10-14,78.88999938964844,81.91000366210938,78.5,81.29000091552734,80.52838897705078,837900,PFG,yfinance,2026-02-10T05:10:16.435896+00:00
2025-10-15,81.52999877929688,82.06999969482422,80.02999877929688,80.9000015258789,80.14204406738281,1552400,PFG,yfinance,2026-02-10T05:10:16.435896+00:00
2025-10-16,80.55999755859375,80.58000183105469,78.27999877929688,78.38999938964844,77.65555572509766,1724800,PFG,yfinance,2026-02-10T05:10:16.435896+00:00
2025-10-17,78.51000213623047,79.1500015258789,77.9000015258789,78.62999725341797,77.893310546875,1145400,PFG,yfinance,2026-02-10T05:10:16.435896+00:00
2025-10-20,78.77999877929688,79.31999969482422,78.48999786376953,78.97000122070312,78.2301254272461,922400,PFG,yfinance,2026-02-10T05:10:16.435896+00:00
2025-10-21,79.01000213623047,79.97000122070312,78.94000244140625,79.38999938964844,78.64618682861328,1171300,PFG,yfinance,2026-02-10T05:10:16.435896+00:00
2025-10-22,79.55999755859375,80.30000305175781,78.55999755859375,79.13999938964844,78.39852905273438,921600,PFG,yfinance,2026-02-10T05:10:16.435896+00:00
2025-10-23,79.73999786376953,80.12999725341797,78.91999816894531,79.44000244140625,78.69572448730469,909700,PFG,yfinance,2026-02-10T05:10:16.435896+00:00
2025-10-24,79.91000366210938,80.45999908447266,79.44999694824219,79.62000274658203,78.87403869628906,862800,PFG,yfinance,2026-02-10T05:10:16.435896+00:00
2025-10-27,79.73999786376953,80.79000091552734,79.4800033569336,79.56999969482422,78.82450103759766,1799000,PFG,yfinance,2026-02-10T05:10:16.435896+00:00
2025-10-28,81.41999816894531,82.73999786376953,80.01000213623047,82.19999694824219,81.42985534667969,1781400,PFG,yfinance,2026-02-10T05:10:16.435896+00:00
2025-10-29,81.69999694824219,83.23999786376953,80.94000244140625,82.43000030517578,81.65770721435547,1194400,PFG,yfinance,2026-02-10T05:10:16.435896+00:00
2025-10-30,82.43000030517578,83.97000122070312,82.3499984741211,82.73999786376953,81.96479797363281,934800,PFG,yfinance,2026-02-10T05:10:16.435896+00:00
2025-10-31,82.66000366210938,84.37999725341797,82.22000122070312,84.04000091552734,83.25262451171875,1034900,PFG,yfinance,2026-02-10T05:10:16.435896+00:00
2025-11-03,83.47000122070312,83.98999786376953,82.0999984741211,83.0199966430664,82.24217224121094,1094100,PFG,yfinance,2026-02-10T05:10:16.435896+00:00
2025-11-04,82.6500015258789,82.70999908447266,81.6500015258789,82.05999755859375,81.29116821289062,1406700,PFG,yfinance,2026-02-10T05:10:16.435896+00:00
2025-11-05,82.04000091552734,82.51000213623047,81.0999984741211,81.16000366210938,80.39961242675781,2061500,PFG,yfinance,2026-02-10T05:10:16.435896+00:00
2025-11-06,81.66999816894531,83.30000305175781,80.80000305175781,82.44000244140625,81.66761779785156,2028600,PFG,yfinance,2026-02-10T05:10:16.435896+00:00
2025-11-07,82.5,82.94000244140625,81.56999969482422,82.86000061035156,82.08367919921875,1368100,PFG,yfinance,2026-02-10T05:10:16.435896+00:00
2025-11-10,83.05000305175781,84.08000183105469,82.86000061035156,83.58000183105469,82.79693603515625,1485900,PFG,yfinance,2026-02-10T05:10:16.435896+00:00
2025-11-11,83.81999969482422,84.62000274658203,83.63999938964844,84.37999725341797,83.58943176269531,1573300,PFG,yfinance,2026-02-10T05:10:16.435896+00:00
2025-11-12,84.19999694824219,85.4800033569336,84.19999694824219,85.26000213623047,84.46119689941406,1163000,PFG,yfinance,2026-02-10T05:10:16.435896+00:00
2025-11-13,85.36000061035156,86.05000305175781,84.5,84.62000274658203,83.82719421386719,1336000,PFG,yfinance,2026-02-10T05:10:16.435896+00:00
2025-11-14,84.20999908447266,84.9800033569336,83.30000305175781,84.47000122070312,83.67859649658203,1077700,PFG,yfinance,2026-02-10T05:10:16.435896+00:00
2025-11-17,84.2699966430664,84.2699966430664,80.44000244140625,81.01000213623047,80.25101470947266,1428400,PFG,yfinance,2026-02-10T05:10:16.435896+00:00
2025-11-18,80.41000366210938,82.83000183105469,80.0,82.19000244140625,81.41996002197266,1041500,PFG,yfinance,2026-02-10T05:10:16.435896+00:00
2025-11-19,82.26000213623047,83.33000183105469,81.72000122070312,83.11000061035156,82.33133697509766,1417600,PFG,yfinance,2026-02-10T05:10:16.435896+00:00
2025-11-20,84.19999694824219,85.23999786376953,82.30000305175781,82.36000061035156,81.58836364746094,1125800,PFG,yfinance,2026-02-10T05:10:16.435896+00:00
2025-11-21,82.63999938964844,85.20999908447266,82.4000015258789,84.29000091552734,83.50028228759766,1512900,PFG,yfinance,2026-02-10T05:10:16.435896+00:00
2025-11-24,84.22000122070312,84.93000030517578,83.63999938964844,84.55999755859375,83.76774597167969,2668300,PFG,yfinance,2026-02-10T05:10:16.435896+00:00
2025-11-25,84.75,85.76000213623047,84.66999816894531,84.69000244140625,83.89653778076172,1124100,PFG,yfinance,2026-02-10T05:10:16.435896+00:00
2025-11-26,84.81999969482422,85.47000122070312,84.41000366210938,84.5999984741211,83.807373046875,1003600,PFG,yfinance,2026-02-10T05:10:16.435896+00:00
2025-11-28,84.94999694824219,85.51000213623047,84.52999877929688,84.81999969482422,84.02531433105469,521300,PFG,yfinance,2026-02-10T05:10:16.435896+00:00
2025-12-01,84.5199966430664,85.45999908447266,84.37000274658203,84.44999694824219,83.65877532958984,974200,PFG,yfinance,2026-02-10T05:10:16.435896+00:00
2025-12-02,84.9000015258789,84.9000015258789,83.73999786376953,84.31999969482422,83.52999877929688,944800,PFG,yfinance,2026-02-10T05:10:16.435896+00:00
2025-12-03,83.75,86.0199966430664,83.5,85.94000244140625,85.94000244140625,1228600,PFG,yfinance,2026-02-10T05:10:16.435896+00:00
2025-12-04,86.12000274658203,86.56999969482422,85.62000274658203,85.93000030517578,85.93000030517578,935200,PFG,yfinance,2026-02-10T05:10:16.435896+00:00
2025-12-05,85.77999877929688,87.75,85.7300033569336,87.5199966430664,87.5199966430664,1324800,PFG,yfinance,2026-02-10T05:10:16.435896+00:00
2025-12-08,87.33999633789062,87.33999633789062,86.25,86.87999725341797,86.87999725341797,1014100,PFG,yfinance,2026-02-10T05:10:16.435896+00:00
2025-12-09,87.0,88.7300033569336,85.70999908447266,88.20999908447266,88.20999908447266,1353100,PFG,yfinance,2026-02-10T05:10:16.435896+00:00
2025-12-10,88.02999877929688,90.62999725341797,88.01000213623047,90.2300033569336,90.2300033569336,1398000,PFG,yfinance,2026-02-10T05:10:16.435896+00:00
2025-12-11,90.0199966430664,92.02999877929688,88.98999786376953,91.54000091552734,91.54000091552734,958500,PFG,yfinance,2026-02-10T05:10:16.435896+00:00
2025-12-12,91.73999786376953,92.0,89.76000213623047,89.94000244140625,89.94000244140625,1780200,PFG,yfinance,2026-02-10T05:10:16.435896+00:00
2025-12-15,90.75,92.0999984741211,89.80000305175781,90.62999725341797,90.62999725341797,1706000,PFG,yfinance,2026-02-10T05:10:16.435896+00:00
2025-12-16,90.91000366210938,91.19999694824219,88.94000244140625,89.54000091552734,89.54000091552734,1506100,PFG,yfinance,2026-02-10T05:10:16.435896+00:00
2025-12-17,89.77999877929688,90.30000305175781,89.02999877929688,89.37000274658203,89.37000274658203,1162000,PFG,yfinance,2026-02-10T05:10:16.435896+00:00
2025-12-18,89.62999725341797,90.25,88.77999877929688,89.33999633789062,89.33999633789062,1199800,PFG,yfinance,2026-02-10T05:10:16.435896+00:00
2025-12-19,89.47000122070312,90.04000091552734,88.4000015258789,88.94999694824219,88.94999694824219,3584500,PFG,yfinance,2026-02-10T05:10:16.435896+00:00
2025-12-22,89.06999969482422,89.5999984741211,88.70999908447266,89.23999786376953,89.23999786376953,1371800,PFG,yfinance,2026-02-10T05:10:16.435896+00:00
2025-12-23,89.69000244140625,90.0,89.23999786376953,89.5199966430664,89.5199966430664,890500,PFG,yfinance,2026-02-10T05:10:16.435896+00:00
2025-12-24,89.62000274658203,90.23999786376953,89.25,89.58999633789062,89.58999633789062,455200,PFG,yfinance,2026-02-10T05:10:16.435896+00:00
2025-12-26,89.77999877929688,89.83999633789062,88.94999694824219,89.37999725341797,89.37999725341797,580100,PFG,yfinance,2026-02-10T05:10:16.435896+00:00
2025-12-29,89.44999694824219,89.62000274658203,88.41999816894531,89.04000091552734,89.04000091552734,833400,PFG,yfinance,2026-02-10T05:10:16.435896+00:00
2025-12-30,89.05999755859375,89.5199966430664,88.73999786376953,88.9000015258789,88.9000015258789,888000,PFG,yfinance,2026-02-10T05:10:16.435896+00:00
2025-12-31,88.9000015258789,88.9000015258789,88.13999938964844,88.20999908447266,88.20999908447266,602700,PFG,yfinance,2026-02-10T05:10:16.435896+00:00
2026-01-02,88.30999755859375,89.61000061035156,87.5999984741211,89.41999816894531,89.41999816894531,851700,PFG,yfinance,2026-02-10T05:10:16.435896+00:00
2026-01-05,88.54000091552734,91.27999877929688,88.16000366210938,90.51000213623047,90.51000213623047,1107000,PFG,yfinance,2026-02-10T05:10:16.435896+00:00
2026-01-06,90.13999938964844,92.19999694824219,89.80999755859375,91.80000305175781,91.80000305175781,1081400,PFG,yfinance,2026-02-10T05:10:16.435896+00:00
2026-01-07,91.62000274658203,92.06999969482422,90.20999908447266,90.87999725341797,90.87999725341797,1062800,PFG,yfinance,2026-02-10T05:10:16.435896+00:00
2026-01-08,90.87999725341797,92.51000213623047,90.87999725341797,91.7300033569336,91.7300033569336,1187200,PFG,yfinance,2026-02-10T05:10:16.435896+00:00
2026-01-09,91.55000305175781,92.01000213623047,90.29000091552734,90.29000091552734,90.29000091552734,930200,PFG,yfinance,2026-02-10T05:10:16.435896+00:00
2026-01-12,89.62000274658203,90.8499984741211,89.23999786376953,90.19999694824219,90.19999694824219,1085400,PFG,yfinance,2026-02-10T05:10:16.435896+00:00
2026-01-13,90.18000030517578,90.5199966430664,88.83999633789062,89.0199966430664,89.0199966430664,1209000,PFG,yfinance,2026-02-10T05:10:16.435896+00:00
2026-01-14,88.87000274658203,91.4800033569336,88.87000274658203,91.20999908447266,91.20999908447266,1384600,PFG,yfinance,2026-02-10T05:10:16.435896+00:00
2026-01-15,91.44999694824219,92.05000305175781,90.68000030517578,90.9800033569336,90.9800033569336,1212600,PFG,yfinance,2026-02-10T05:10:16.435896+00:00
2026-01-16,90.69000244140625,90.94000244140625,88.25,88.4800033569336,88.4800033569336,1791400,PFG,yfinance,2026-02-10T05:10:16.435896+00:00
2026-01-20,88.19000244140625,88.76000213623047,87.08000183105469,88.54000091552734,88.54000091552734,2855300,PFG,yfinance,2026-02-10T05:10:16.435896+00:00
2026-01-21,88.91000366210938,91.47000122070312,88.76000213623047,91.08999633789062,91.08999633789062,2474800,PFG,yfinance,2026-02-10T05:10:16.435896+00:00
2026-01-22,91.08999633789062,92.69000244140625,91.08999633789062,92.1500015258789,92.1500015258789,2474400,PFG,yfinance,2026-02-10T05:10:16.435896+00:00
2026-01-23,91.4800033569336,92.05999755859375,90.0199966430664,91.20999908447266,91.20999908447266,1586000,PFG,yfinance,2026-02-10T05:10:16.435896+00:00
2026-01-26,91.43000030517578,93.08999633789062,91.43000030517578,93.0,93.0,1390200,PFG,yfinance,2026-02-10T05:10:16.435896+00:00
2026-01-27,92.9000015258789,93.87999725341797,91.94000244140625,92.2300033569336,92.2300033569336,1836100,PFG,yfinance,2026-02-10T05:10:16.435896+00:00
2026-01-28,92.2300033569336,94.33999633789062,91.9800033569336,94.05000305175781,94.05000305175781,1637900,PFG,yfinance,2026-02-10T05:10:16.435896+00:00
2026-01-29,94.6500015258789,95.4000015258789,93.87000274658203,94.76000213623047,94.76000213623047,2151000,PFG,yfinance,2026-02-10T05:10:16.435896+00:00
2026-01-30,91.58000183105469,95.13999938964844,91.58000183105469,94.72000122070312,94.72000122070312,1888200,PFG,yfinance,2026-02-10T05:10:16.435896+00:00
2026-02-02,94.56999969482422,96.37999725341797,94.27999877929688,96.0,96.0,1330200,PFG,yfinance,2026-02-10T05:10:16.435896+00:00
2026-02-03,96.0,97.41000366210938,94.77999877929688,95.29000091552734,95.29000091552734,1450900,PFG,yfinance,2026-02-10T05:10:16.435896+00:00
2026-02-04,95.19000244140625,96.7699966430664,95.08000183105469,96.4000015258789,96.4000015258789,1521700,PFG,yfinance,2026-02-10T05:10:16.435896+00:00
2026-02-05,95.91000366210938,97.56999969482422,95.16000366210938,95.5,95.5,1732100,PFG,yfinance,2026-02-10T05:10:16.435896+00:00
2026-02-06,96.33000183105469,97.87999725341797,96.08999633789062,97.33999633789062,97.33999633789062,1530600,PFG,yfinance,2026-02-10T05:10:16.435896+00:00
2026-02-09,96.83999633789062,97.70999908447266,95.7300033569336,95.93000030517578,95.93000030517578,2162100,PFG,yfinance,2026-02-10T05:10:16.435896+00:00
