date,open,high,low,close,adj_close,volume,ticker,source,updated_at
2000-10-06,2.546875,2.578125,2.34375,2.4375,1.5772223472595215,7776800,TPR,yfinance,2026-02-10T05:10:38.179198+00:00
2000-10-09,2.429687976837158,2.429687976837158,2.265625,2.265625,1.466007947921753,2759200,TPR,yfinance,2026-02-10T05:10:38.179198+00:00
2000-10-10,2.25,2.375,2.25,2.296875,1.4862287044525146,2257600,TPR,yfinance,2026-02-10T05:10:38.179198+00:00
2000-10-11,2.289062976837158,2.289062976837158,2.203125,2.21875,1.4356765747070312,3709600,TPR,yfinance,2026-02-10T05:10:38.179198+00:00
2000-10-12,2.1875,2.1875,2.0,2.109375,1.3649038076400757,4552000,TPR,yfinance,2026-02-10T05:10:38.179198+00:00
2000-10-13,2.078125,2.15625,2.0625,2.15625,1.3952350616455078,1595200,TPR,yfinance,2026-02-10T05:10:38.179198+00:00
2000-10-16,2.15625,2.1875,2.140625,2.164062976837158,1.4002907276153564,1236800,TPR,yfinance,2026-02-10T05:10:38.179198+00:00
2000-10-17,2.15625,2.328125,2.15625,2.296875,1.4862287044525146,620000,TPR,yfinance,2026-02-10T05:10:38.179198+00:00
2000-10-18,2.28125,2.296875,2.171875,2.179687976837158,1.4104009866714478,1392000,TPR,yfinance,2026-02-10T05:10:38.179198+00:00
2000-10-19,2.195312976837158,2.203125,2.125,2.132812976837158,1.380069613456726,1219200,TPR,yfinance,2026-02-10T05:10:38.179198+00:00
2000-10-20,2.148437976837158,2.148437976837158,2.109375,2.125,1.3750141859054565,1064800,TPR,yfinance,2026-02-10T05:10:38.179198+00:00
2000-10-23,2.125,2.125,2.09375,2.09375,1.354793667793274,1488800,TPR,yfinance,2026-02-10T05:10:38.179198+00:00
2000-10-24,2.125,2.1875,2.117187976837158,2.1875,1.4154561758041382,533600,TPR,yfinance,2026-02-10T05:10:38.179198+00:00
2000-10-25,2.1875,2.34375,2.171875,2.28125,1.4761183261871338,1664000,TPR,yfinance,2026-02-10T05:10:38.179198+00:00
2000-10-26,2.265625,2.265625,2.203125,2.265625,1.466007947921753,338400,TPR,yfinance,2026-02-10T05:10:38.179198+00:00
2000-10-27,2.289062976837158,2.453125,2.273437976837158,2.4375,1.5772223472595215,400000,TPR,yfinance,2026-02-10T05:10:38.179198+00:00
2000-10-30,2.414062976837158,2.6875,2.40625,2.6875,1.7389885187149048,741600,TPR,yfinance,2026-02-10T05:10:38.179198+00:00
2000-10-31,2.8125,3.03125,2.8125,2.921875,1.8906447887420654,3561600,TPR,yfinance,2026-02-10T05:10:38.179198+00:00
2000-11-01,2.890625,2.929687976837158,2.796875,2.898437976837158,1.875478744506836,2935200,TPR,yfinance,2026-02-10T05:10:38.179198+00:00
2000-11-02,2.914062976837158,3.015625,2.890625,2.984375,1.9310866594314575,914400,TPR,yfinance,2026-02-10T05:10:38.179198+00:00
2000-11-03,2.953125,3.15625,2.875,3.15625,2.0423007011413574,2640800,TPR,yfinance,2026-02-10T05:10:38.179198+00:00
2000-11-06,3.15625,3.15625,3.0,3.007812976837158,1.946251392364502,677600,TPR,yfinance,2026-02-10T05:10:38.179198+00:00
2000-11-07,3.0,3.0,2.890625,2.96875,1.9209760427474976,866400,TPR,yfinance,2026-02-10T05:10:38.179198+00:00
2000-11-08,2.78125,3.0,2.703125,3.0,1.9411964416503906,2896000,TPR,yfinance,2026-02-10T05:10:38.179198+00:00
2000-11-09,3.0,3.03125,2.921875,2.992187976837158,1.936142086982727,1449600,TPR,yfinance,2026-02-10T05:10:38.179198+00:00
2000-11-10,2.984375,3.125,2.984375,3.09375,2.001859188079834,368000,TPR,yfinance,2026-02-10T05:10:38.179198+00:00
2000-11-13,3.0625,3.0625,2.75,2.765625,1.7895405292510986,726400,TPR,yfinance,2026-02-10T05:10:38.179198+00:00
2000-11-14,2.75,2.84375,2.65625,2.84375,1.8400928974151611,1000800,TPR,yfinance,2026-02-10T05:10:38.179198+00:00
2000-11-15,2.859375,2.90625,2.804687976837158,2.875,1.8603140115737915,736800,TPR,yfinance,2026-02-10T05:10:38.179198+00:00
2000-11-16,2.859375,2.875,2.859375,2.867187976837158,1.855258584022522,72800,TPR,yfinance,2026-02-10T05:10:38.179198+00:00
2000-11-17,2.890625,2.921875,2.851562976837158,2.921875,1.8906447887420654,272800,TPR,yfinance,2026-02-10T05:10:38.179198+00:00
2000-11-20,2.90625,2.90625,2.75,2.84375,1.8400928974151611,264800,TPR,yfinance,2026-02-10T05:10:38.179198+00:00
2000-11-21,2.835937976837158,2.84375,2.820312976837158,2.828125,1.8299823999404907,712800,TPR,yfinance,2026-02-10T05:10:38.179198+00:00
2000-11-22,2.84375,2.875,2.8125,2.875,1.8603140115737915,404000,TPR,yfinance,2026-02-10T05:10:38.179198+00:00
2000-11-24,2.875,2.875,2.867187976837158,2.875,1.8603140115737915,242400,TPR,yfinance,2026-02-10T05:10:38.179198+00:00
2000-11-27,2.90625,2.976562976837158,2.875,2.96875,1.9209760427474976,833600,TPR,yfinance,2026-02-10T05:10:38.179198+00:00
2000-11-28,2.945312976837158,3.023437976837158,2.9375,2.9375,1.9007549285888672,1260800,TPR,yfinance,2026-02-10T05:10:38.179198+00:00
2000-11-29,2.90625,2.90625,2.75,2.78125,1.7996511459350586,128000,TPR,yfinance,2026-02-10T05:10:38.179198+00:00
2000-11-30,2.75,2.765625,2.71875,2.765625,1.7895405292510986,688000,TPR,yfinance,2026-02-10T05:10:38.179198+00:00
2000-12-01,2.734375,2.75,2.6875,2.75,1.7794302701950073,416800,TPR,yfinance,2026-02-10T05:10:38.179198+00:00
2000-12-04,2.734375,2.890625,2.734375,2.890625,1.8704237937927246,1025600,TPR,yfinance,2026-02-10T05:10:38.179198+00:00
2000-12-05,2.890625,2.890625,2.78125,2.78125,1.7996511459350586,1095200,TPR,yfinance,2026-02-10T05:10:38.179198+00:00
2000-12-06,2.765625,2.898437976837158,2.765625,2.882812976837158,1.8653690814971924,408800,TPR,yfinance,2026-02-10T05:10:38.179198+00:00
2000-12-07,2.914062976837158,3.0625,2.914062976837158,3.0,1.9411964416503906,440000,TPR,yfinance,2026-02-10T05:10:38.179198+00:00
2000-12-08,3.03125,3.21875,3.007812976837158,3.171875,2.0524115562438965,424800,TPR,yfinance,2026-02-10T05:10:38.179198+00:00
2000-12-11,3.171875,3.25,3.15625,3.226562976837158,2.0877978801727295,264800,TPR,yfinance,2026-02-10T05:10:38.179198+00:00
2000-12-12,3.164062976837158,3.21875,3.109375,3.117187976837158,2.0170252323150635,470400,TPR,yfinance,2026-02-10T05:10:38.179198+00:00
2000-12-13,3.101562976837158,3.101562976837158,3.0,3.0,1.9411964416503906,324000,TPR,yfinance,2026-02-10T05:10:38.179198+00:00
2000-12-14,3.0,3.0,2.515625,2.632812976837158,1.7036023139953613,1654400,TPR,yfinance,2026-02-10T05:10:38.179198+00:00
2000-12-15,2.640625,2.640625,2.625,2.632812976837158,1.7036023139953613,32800,TPR,yfinance,2026-02-10T05:10:38.179198+00:00
2000-12-18,2.65625,2.664062976837158,2.515625,2.578125,1.6682155132293701,369600,TPR,yfinance,2026-02-10T05:10:38.179198+00:00
2000-12-19,2.570312976837158,2.59375,2.546875,2.59375,1.67832612991333,316800,TPR,yfinance,2026-02-10T05:10:38.179198+00:00
2000-12-20,2.585937976837158,2.585937976837158,2.515625,2.53125,1.6378852128982544,838400,TPR,yfinance,2026-02-10T05:10:38.179198+00:00
2000-12-21,2.546875,2.625,2.53125,2.625,1.6985470056533813,652000,TPR,yfinance,2026-02-10T05:10:38.179198+00:00
2000-12-22,2.625,2.8125,2.625,2.796875,1.8097620010375977,232000,TPR,yfinance,2026-02-10T05:10:38.179198+00:00
2000-12-26,2.804687976837158,3.0,2.804687976837158,2.9375,1.9007549285888672,272000,TPR,yfinance,2026-02-10T05:10:38.179198+00:00
2000-12-27,3.0,3.125,3.0,3.125,2.0220794677734375,406400,TPR,yfinance,2026-02-10T05:10:38.179198+00:00
2000-12-28,3.125,3.578125,3.125,3.53125,2.2849504947662354,1199200,TPR,yfinance,2026-02-10T05:10:38.179198+00:00
2000-12-29,3.53125,3.671875,3.53125,3.59375,2.325392007827759,590400,TPR,yfinance,2026-02-10T05:10:38.179198+00:00
2001-01-02,3.578125,3.625,3.25,3.265625,2.1130738258361816,1202400,TPR,yfinance,2026-02-10T05:10:38.179198+00:00
2001-01-03,3.25,3.28125,3.21875,3.257812976837158,2.1080188751220703,487200,TPR,yfinance,2026-02-10T05:10:38.179198+00:00
2001-01-04,3.25,3.25,3.117187976837158,3.125,2.0220794677734375,1032000,TPR,yfinance,2026-02-10T05:10:38.179198+00:00
2001-01-05,3.109375,3.125,3.046875,3.046875,1.9715276956558228,274400,TPR,yfinance,2026-02-10T05:10:38.179198+00:00
2001-01-08,3.03125,3.03125,2.75,2.804687976837158,1.814817190170288,480000,TPR,yfinance,2026-02-10T05:10:38.179198+00:00
2001-01-09,2.875,2.953125,2.851562976837158,2.90625,1.8805339336395264,709600,TPR,yfinance,2026-02-10T05:10:38.179198+00:00
2001-01-10,3.15625,3.296875,3.109375,3.140625,2.0321905612945557,2014400,TPR,yfinance,2026-02-10T05:10:38.179198+00:00
2001-01-11,3.15625,3.421875,3.15625,3.40625,2.2040669918060303,760000,TPR,yfinance,2026-02-10T05:10:38.179198+00:00
2001-01-12,3.375,3.4375,3.328125,3.328125,2.153515100479126,578400,TPR,yfinance,2026-02-10T05:10:38.179198+00:00
2001-01-16,3.296875,3.59375,3.296875,3.554687976837158,2.3001155853271484,269600,TPR,yfinance,2026-02-10T05:10:38.179198+00:00
2001-01-17,3.554687976837158,3.8125,3.53125,3.625,2.3456122875213623,1263200,TPR,yfinance,2026-02-10T05:10:38.179198+00:00
2001-01-18,3.625,3.773437976837158,3.625,3.75,2.4264957904815674,450400,TPR,yfinance,2026-02-10T05:10:38.179198+00:00
2001-01-19,3.8125,3.8125,3.75,3.796875,2.456827163696289,424800,TPR,yfinance,2026-02-10T05:10:38.179198+00:00
2001-01-22,3.804687976837158,3.953125,3.804687976837158,3.875,2.507378339767456,2515200,TPR,yfinance,2026-02-10T05:10:38.179198+00:00
2001-01-23,4.0,4.0625,3.859375,3.875,2.507378339767456,2376000,TPR,yfinance,2026-02-10T05:10:38.179198+00:00
2001-01-24,3.867187976837158,3.867187976837158,3.71875,3.84375,2.4871580600738525,4156800,TPR,yfinance,2026-02-10T05:10:38.179198+00:00
2001-01-25,3.835937976837158,3.84375,3.765625,3.78125,2.4467172622680664,5560000,TPR,yfinance,2026-02-10T05:10:38.179198+00:00
2001-01-26,3.78125,3.8125,3.78125,3.8125,2.466937303543091,2942400,TPR,yfinance,2026-02-10T05:10:38.179198+00:00
2001-01-29,3.827500104904175,3.934999942779541,3.8137500286102295,3.872499942779541,2.505760669708252,936800,TPR,yfinance,2026-02-10T05:10:38.179198+00:00
2001-01-30,3.872499942779541,3.950000047683716,3.8687500953674316,3.918750047683716,2.535688638687134,1567200,TPR,yfinance,2026-02-10T05:10:38.179198+00:00
2001-01-31,3.950000047683716,4.25,3.950000047683716,4.21875,2.7298076152801514,3824800,TPR,yfinance,2026-02-10T05:10:38.179198+00:00
2001-02-01,4.224999904632568,4.537499904632568,4.212500095367432,4.453750133514404,2.8818674087524414,2373600,TPR,yfinance,2026-02-10T05:10:38.179198+00:00
2001-02-02,4.550000190734863,4.800000190734863,4.481249809265137,4.5,2.911794900894165,3716800,TPR,yfinance,2026-02-10T05:10:38.179198+00:00
2001-02-05,4.487500190734863,4.5,4.352499961853027,4.397500038146973,2.845470666885376,2656800,TPR,yfinance,2026-02-10T05:10:38.179198+00:00
2001-02-06,4.375,4.400000095367432,4.25,4.264999866485596,2.759735345840454,3628000,TPR,yfinance,2026-02-10T05:10:38.179198+00:00
2001-02-07,4.25,4.525000095367432,4.25,4.28125,2.770249605178833,1839200,TPR,yfinance,2026-02-10T05:10:38.179198+00:00
2001-02-08,4.28000020980835,4.293749809265137,4.1875,4.224999904632568,2.7338526248931885,2738400,TPR,yfinance,2026-02-10T05:10:38.179198+00:00
2001-02-09,4.237500190734863,4.262499809265137,4.191249847412109,4.21875,2.7298076152801514,856000,TPR,yfinance,2026-02-10T05:10:38.179198+00:00
2001-02-12,4.21875,4.21875,4.068749904632568,4.099999904632568,2.652968406677246,436800,TPR,yfinance,2026-02-10T05:10:38.179198+00:00
2001-02-13,4.106249809265137,4.215000152587891,4.099999904632568,4.099999904632568,2.652968406677246,660000,TPR,yfinance,2026-02-10T05:10:38.179198+00:00
2001-02-14,4.101250171661377,4.243750095367432,4.101250171661377,4.243750095367432,2.7459845542907715,1584800,TPR,yfinance,2026-02-10T05:10:38.179198+00:00
2001-02-15,4.375,4.449999809265137,4.28125,4.28125,2.770249605178833,696800,TPR,yfinance,2026-02-10T05:10:38.179198+00:00
2001-02-16,4.269999980926514,4.287499904632568,4.243750095367432,4.256249904632568,2.7540721893310547,158400,TPR,yfinance,2026-02-10T05:10:38.179198+00:00
2001-02-20,4.297500133514404,4.3125,4.21875,4.231249809265137,2.7378957271575928,632000,TPR,yfinance,2026-02-10T05:10:38.179198+00:00
2001-02-21,4.474999904632568,4.474999904632568,4.306250095367432,4.323750019073486,2.7977492809295654,1096800,TPR,yfinance,2026-02-10T05:10:38.179198+00:00
2001-02-22,4.125,4.25,4.125,4.25,2.750028371810913,620800,TPR,yfinance,2026-02-10T05:10:38.179198+00:00
2001-02-23,4.21875,4.21999979019165,4.125,4.125,2.669145107269287,1180000,TPR,yfinance,2026-02-10T05:10:38.179198+00:00
2001-02-26,4.12624979019165,4.159999847412109,4.09375,4.118750095367432,2.6651012897491455,2472000,TPR,yfinance,2026-02-10T05:10:38.179198+00:00
2001-02-27,4.09375,4.105000019073486,4.054999828338623,4.056250095367432,2.624659538269043,882400,TPR,yfinance,2026-02-10T05:10:38.179198+00:00
2001-02-28,4.068749904632568,4.068749904632568,3.7674999237060547,3.7674999237060547,2.4378201961517334,609600,TPR,yfinance,2026-02-10T05:10:38.179198+00:00
2001-03-01,3.7512500286102295,3.752500057220459,3.5,3.5625,2.305171012878418,1388000,TPR,yfinance,2026-02-10T05:10:38.179198+00:00
2001-03-02,3.549999952316284,3.549999952316284,3.4437499046325684,3.490000009536743,2.258258819580078,503200,TPR,yfinance,2026-02-10T05:10:38.179198+00:00
2001-03-05,3.490000009536743,3.512500047683716,3.490000009536743,3.5037500858306885,2.2671561241149902,455200,TPR,yfinance,2026-02-10T05:10:38.179198+00:00
2001-03-06,3.4000000953674316,3.4000000953674316,3.28125,3.299999952316284,2.1353166103363037,5880000,TPR,yfinance,2026-02-10T05:10:38.179198+00:00
2001-03-07,3.299999952316284,3.34375,3.299999952316284,3.336250066757202,2.1587717533111572,2145600,TPR,yfinance,2026-02-10T05:10:38.179198+00:00
2001-03-08,3.331249952316284,3.5250000953674316,3.331249952316284,3.512500047683716,2.272817850112915,2920800,TPR,yfinance,2026-02-10T05:10:38.179198+00:00
2001-03-09,3.5625,3.5625,3.5250000953674316,3.526249885559082,2.281715154647827,1976000,TPR,yfinance,2026-02-10T05:10:38.179198+00:00
2001-03-12,3.518749952316284,3.5562500953674316,3.5062499046325684,3.5199999809265137,2.2776713371276855,1716800,TPR,yfinance,2026-02-10T05:10:38.179198+00:00
2001-03-13,3.5062499046325684,3.507499933242798,3.40625,3.4749999046325684,2.2485532760620117,1292800,TPR,yfinance,2026-02-10T05:10:38.179198+00:00
2001-03-14,3.375,3.4437499046325684,3.375,3.4124999046325684,2.208111047744751,1640000,TPR,yfinance,2026-02-10T05:10:38.179198+00:00
2001-03-15,3.40625,3.4375,3.3187499046325684,3.4000000953674316,2.2000226974487305,6079200,TPR,yfinance,2026-02-10T05:10:38.179198+00:00
2001-03-16,3.387500047683716,3.422499895095825,3.387500047683716,3.408750057220459,2.2056846618652344,669600,TPR,yfinance,2026-02-10T05:10:38.179198+00:00
2001-03-19,3.40625,3.492500066757202,3.40625,3.492500066757202,2.2598767280578613,2302400,TPR,yfinance,2026-02-10T05:10:38.179198+00:00
2001-03-20,3.492500066757202,3.5250000953674316,3.492500066757202,3.5012500286102295,2.265538454055786,4213600,TPR,yfinance,2026-02-10T05:10:38.179198+00:00
2001-03-21,3.40625,3.447499990463257,3.40625,3.4375,2.224287271499634,974400,TPR,yfinance,2026-02-10T05:10:38.179198+00:00
2001-03-22,3.4387500286102295,3.4387500286102295,3.2799999713897705,3.3524999618530273,2.1692872047424316,2184800,TPR,yfinance,2026-02-10T05:10:38.179198+00:00
2001-03-23,3.353749990463257,3.424999952316284,3.353749990463257,3.424999952316284,2.2161998748779297,1296800,TPR,yfinance,2026-02-10T05:10:38.179198+00:00
2001-03-26,3.424999952316284,3.424999952316284,3.362499952316284,3.375,2.1838459968566895,2141600,TPR,yfinance,2026-02-10T05:10:38.179198+00:00
2001-03-27,3.377500057220459,3.377500057220459,3.3499999046325684,3.375,2.1838459968566895,3907200,TPR,yfinance,2026-02-10T05:10:38.179198+00:00
2001-03-28,3.4962499141693115,3.4962499141693115,3.4375,3.453749895095825,2.2348029613494873,4691200,TPR,yfinance,2026-02-10T05:10:38.179198+00:00
2001-03-29,3.4549999237060547,3.5374999046325684,3.450000047683716,3.53125,2.2849504947662354,5948000,TPR,yfinance,2026-02-10T05:10:38.179198+00:00
2001-03-30,3.53125,3.65625,3.5012500286102295,3.6137499809265137,2.3383333683013916,3380800,TPR,yfinance,2026-02-10T05:10:38.179198+00:00
2001-04-02,3.5999999046325684,3.5999999046325684,3.4887499809265137,3.5,2.2647294998168945,3791200,TPR,yfinance,2026-02-10T05:10:38.179198+00:00
2001-04-03,3.5,3.5,3.4000000953674316,3.4437499046325684,2.228332042694092,4797600,TPR,yfinance,2026-02-10T05:10:38.179198+00:00
2001-04-04,3.4937500953674316,3.7125000953674316,3.4937500953674316,3.5612499713897705,2.3043620586395264,25472800,TPR,yfinance,2026-02-10T05:10:38.179198+00:00
2001-04-05,3.512500047683716,3.59375,3.3812499046325684,3.59375,2.325392007827759,28403200,TPR,yfinance,2026-02-10T05:10:38.179198+00:00
2001-04-06,3.5924999713897705,3.5924999713897705,3.4674999713897705,3.5062499046325684,2.2687740325927734,9994400,TPR,yfinance,2026-02-10T05:10:38.179198+00:00
2001-04-09,3.5250000953674316,3.5625,3.5,3.53125,2.2849504947662354,3430400,TPR,yfinance,2026-02-10T05:10:38.179198+00:00
2001-04-10,3.5274999141693115,3.581249952316284,3.4749999046325684,3.5,2.2647294998168945,3284800,TPR,yfinance,2026-02-10T05:10:38.179198+00:00
2001-04-11,3.481250047683716,3.4825000762939453,3.1312499046325684,3.1312499046325684,2.026123285293579,3432000,TPR,yfinance,2026-02-10T05:10:38.179198+00:00
2001-04-12,3.1312499046325684,3.202500104904175,3.081249952316284,3.1812500953674316,2.0584774017333984,5520000,TPR,yfinance,2026-02-10T05:10:38.179198+00:00
2001-04-16,3.1937499046325684,3.2487499713897705,3.125,3.1875,2.0625219345092773,1620000,TPR,yfinance,2026-02-10T05:10:38.179198+00:00
2001-04-17,3.125,3.1262500286102295,2.927500009536743,2.9749999046325684,1.9250197410583496,12680000,TPR,yfinance,2026-02-10T05:10:38.179198+00:00
2001-04-18,2.9749999046325684,3.231250047683716,2.9749999046325684,3.15625,2.0423007011413574,10092800,TPR,yfinance,2026-02-10T05:10:38.179198+00:00
2001-04-19,3.2125000953674316,3.234999895095825,2.9375,2.9700000286102295,1.9217842817306519,9121600,TPR,yfinance,2026-02-10T05:10:38.179198+00:00
2001-04-20,2.9700000286102295,2.9700000286102295,2.882499933242798,2.9487500190734863,1.9080348014831543,5872000,TPR,yfinance,2026-02-10T05:10:38.179198+00:00
2001-04-23,2.978749990463257,3.075000047683716,2.9512500762939453,3.0,1.9411964416503906,11970400,TPR,yfinance,2026-02-10T05:10:38.179198+00:00
2001-04-24,3.2562499046325684,3.4487500190734863,3.2562499046325684,3.327500104904175,2.1531105041503906,17843200,TPR,yfinance,2026-02-10T05:10:38.179198+00:00
2001-04-25,3.327500104904175,3.75,3.327500104904175,3.690000057220459,2.387672185897827,17748000,TPR,yfinance,2026-02-10T05:10:38.179198+00:00
2001-04-26,3.6875,3.7637500762939453,3.575000047683716,3.625,2.3456122875213623,4340800,TPR,yfinance,2026-02-10T05:10:38.179198+00:00
2001-04-27,3.625,3.799999952316284,3.5999999046325684,3.7874999046325684,2.45076060295105,2013600,TPR,yfinance,2026-02-10T05:10:38.179198+00:00
2001-04-30,3.7874999046325684,4.056250095367432,3.7874999046325684,4.054999828338623,2.6238508224487305,5860800,TPR,yfinance,2026-02-10T05:10:38.179198+00:00
2001-05-01,4.09375,4.3125,4.087500095367432,4.287499904632568,2.774292469024658,7440800,TPR,yfinance,2026-02-10T05:10:38.179198+00:00
2001-05-02,4.256249904632568,4.398749828338623,4.193749904632568,4.34375,2.8106908798217773,8204000,TPR,yfinance,2026-02-10T05:10:38.179198+00:00
2001-05-03,4.337500095367432,4.337500095367432,3.956249952316284,3.9749999046325684,2.5720860958099365,5105600,TPR,yfinance,2026-02-10T05:10:38.179198+00:00
2001-05-04,3.9375,4.022500038146973,3.825000047683716,3.987499952316284,2.5801732540130615,5235200,TPR,yfinance,2026-02-10T05:10:38.179198+00:00
2001-05-07,3.96875,3.9937500953674316,3.9124999046325684,3.934999942779541,2.5462026596069336,6393600,TPR,yfinance,2026-02-10T05:10:38.179198+00:00
2001-05-08,3.924999952316284,4.03000020980835,3.9024999141693115,3.924999952316284,2.5397324562072754,3772800,TPR,yfinance,2026-02-10T05:10:38.179198+00:00
2001-05-09,3.9375,3.9937500953674316,3.9375,3.9749999046325684,2.5720860958099365,7036000,TPR,yfinance,2026-02-10T05:10:38.179198+00:00
2001-05-10,3.9625000953674316,4.086249828338623,3.9625000953674316,4.008749961853027,2.593924045562744,2581600,TPR,yfinance,2026-02-10T05:10:38.179198+00:00
2001-05-11,4.025000095367432,4.047500133514404,3.9437499046325684,4.013750076293945,2.5971598625183105,3056800,TPR,yfinance,2026-02-10T05:10:38.179198+00:00
2001-05-14,4.002500057220459,4.25,4.002500057220459,4.243750095367432,2.7459845542907715,3224800,TPR,yfinance,2026-02-10T05:10:38.179198+00:00
2001-05-15,4.244999885559082,4.412499904632568,4.236249923706055,4.377500057220459,2.8325300216674805,4774400,TPR,yfinance,2026-02-10T05:10:38.179198+00:00
2001-05-16,4.349999904632568,4.582499980926514,4.349999904632568,4.5625,2.9522366523742676,7289600,TPR,yfinance,2026-02-10T05:10:38.179198+00:00
2001-05-17,4.59375,4.59375,4.4375,4.512499809265137,2.9198832511901855,4332000,TPR,yfinance,2026-02-10T05:10:38.179198+00:00
2001-05-18,4.5,4.5,4.34499979019165,4.375,2.8309123516082764,1802400,TPR,yfinance,2026-02-10T05:10:38.179198+00:00
2001-05-21,4.40625,4.622499942779541,4.400000095367432,4.574999809265137,2.9603240489959717,2070400,TPR,yfinance,2026-02-10T05:10:38.179198+00:00
2001-05-22,4.581250190734863,4.65625,4.482500076293945,4.603750228881836,2.9789280891418457,3612800,TPR,yfinance,2026-02-10T05:10:38.179198+00:00
2001-05-23,4.603750228881836,4.606249809265137,4.510000228881836,4.53125,2.932015895843506,5021600,TPR,yfinance,2026-02-10T05:10:38.179198+00:00
2001-05-24,4.537499904632568,4.5625,4.519999980926514,4.556250095367432,2.9481923580169678,1200800,TPR,yfinance,2026-02-10T05:10:38.179198+00:00
2001-05-25,4.556250095367432,4.625,4.556250095367432,4.59375,2.9724574089050293,3122400,TPR,yfinance,2026-02-10T05:10:38.179198+00:00
2001-05-29,4.59375,4.59375,4.474999904632568,4.502500057220459,2.913412570953369,4305600,TPR,yfinance,2026-02-10T05:10:38.179198+00:00
2001-05-30,4.5,4.543749809265137,4.46875,4.502500057220459,2.913412570953369,1851200,TPR,yfinance,2026-02-10T05:10:38.179198+00:00
2001-05-31,4.502500057220459,4.522500038146973,4.364999771118164,4.381249904632568,2.8349549770355225,4641600,TPR,yfinance,2026-02-10T05:10:38.179198+00:00
2001-06-01,4.381249904632568,4.5,4.381249904632568,4.4375,2.8713531494140625,4426400,TPR,yfinance,2026-02-10T05:10:38.179198+00:00
2001-06-04,4.4375,4.497499942779541,4.375,4.412499904632568,2.8551766872406006,1789600,TPR,yfinance,2026-02-10T05:10:38.179198+00:00
2001-06-05,4.4375,4.547500133514404,4.420000076293945,4.487500190734863,2.90370774269104,2904800,TPR,yfinance,2026-02-10T05:10:38.179198+00:00
2001-06-06,4.488749980926514,4.512499809265137,4.349999904632568,4.377500057220459,2.8325300216674805,2140000,TPR,yfinance,2026-02-10T05:10:38.179198+00:00
2001-06-07,4.346250057220459,4.400000095367432,4.293749809265137,4.394999980926514,2.8438525199890137,2916000,TPR,yfinance,2026-02-10T05:10:38.179198+00:00
2001-06-08,4.457499980926514,4.5,4.457499980926514,4.486249923706055,2.9028987884521484,3640800,TPR,yfinance,2026-02-10T05:10:38.179198+00:00
2001-06-11,4.487500190734863,4.574999809265137,4.454999923706055,4.46999979019165,2.892382860183716,2740000,TPR,yfinance,2026-02-10T05:10:38.179198+00:00
2001-06-12,4.5,4.5,4.378749847412109,4.497499942779541,2.91017746925354,3774400,TPR,yfinance,2026-02-10T05:10:38.179198+00:00
2001-06-13,4.550000190734863,4.724999904632568,4.537499904632568,4.631249904632568,2.9967217445373535,6325600,TPR,yfinance,2026-02-10T05:10:38.179198+00:00
2001-06-14,4.637499809265137,4.643750190734863,4.418749809265137,4.461249828338623,2.886720657348633,1756000,TPR,yfinance,2026-02-10T05:10:38.179198+00:00
2001-06-15,4.456250190734863,4.462500095367432,4.143750190734863,4.369999885559082,2.8276753425598145,3108800,TPR,yfinance,2026-02-10T05:10:38.179198+00:00
2001-06-18,4.412499904632568,4.4375,4.321249961853027,4.37624979019165,2.831721305847168,2198400,TPR,yfinance,2026-02-10T05:10:38.179198+00:00
2001-06-19,4.400000095367432,4.53125,4.387499809265137,4.40625,2.85113263130188,1117600,TPR,yfinance,2026-02-10T05:10:38.179198+00:00
2001-06-20,4.418749809265137,4.481249809265137,4.315000057220459,4.40625,2.85113263130188,2042400,TPR,yfinance,2026-02-10T05:10:38.179198+00:00
2001-06-21,4.397500038146973,4.675000190734863,4.397500038146973,4.65625,3.0128989219665527,2535200,TPR,yfinance,2026-02-10T05:10:38.179198+00:00
2001-06-22,4.65500020980835,4.65749979019165,4.5,4.574999809265137,2.9603240489959717,1374400,TPR,yfinance,2026-02-10T05:10:38.179198+00:00
2001-06-25,4.5625,4.585000038146973,4.507500171661377,4.551249980926514,2.9449570178985596,1590400,TPR,yfinance,2026-02-10T05:10:38.179198+00:00
2001-06-26,4.53249979019165,4.918749809265137,4.514999866485596,4.746250152587891,3.0711348056793213,3476800,TPR,yfinance,2026-02-10T05:10:38.179198+00:00
2001-06-27,4.777500152587891,4.860000133514404,4.768750190734863,4.81125020980835,3.113193988800049,5855200,TPR,yfinance,2026-02-10T05:10:38.179198+00:00
2001-06-28,4.875,4.973750114440918,4.768750190734863,4.800000190734863,3.10591459274292,3834400,TPR,yfinance,2026-02-10T05:10:38.179198+00:00
2001-06-29,4.831250190734863,4.893750190734863,4.662499904632568,4.756249904632568,3.0776054859161377,7129600,TPR,yfinance,2026-02-10T05:10:38.179198+00:00
2001-07-02,4.775000095367432,4.787499904632568,4.699999809265137,4.706250190734863,3.045252799987793,3320000,TPR,yfinance,2026-02-10T05:10:38.179198+00:00
2001-07-03,4.6875,4.864999771118164,4.681250095367432,4.818749904632568,3.1180479526519775,1352800,TPR,yfinance,2026-02-10T05:10:38.179198+00:00
2001-07-05,4.724999904632568,4.760000228881836,4.460000038146973,4.460000038146973,2.8859119415283203,2525600,TPR,yfinance,2026-02-10T05:10:38.179198+00:00
2001-07-06,4.43874979019165,4.453750133514404,3.9700000286102295,4.377500057220459,2.8325300216674805,7346400,TPR,yfinance,2026-02-10T05:10:38.179198+00:00
2001-07-09,4.381249904632568,4.585000038146973,4.381249904632568,4.585000038146973,2.9667952060699463,5735200,TPR,yfinance,2026-02-10T05:10:38.179198+00:00
2001-07-10,4.585000038146973,4.737500190734863,4.585000038146973,4.737500190734863,3.0654735565185547,5926400,TPR,yfinance,2026-02-10T05:10:38.179198+00:00
2001-07-11,4.737500190734863,5.0625,4.65625,5.0625,3.275770425796509,6111200,TPR,yfinance,2026-02-10T05:10:38.179198+00:00
2001-07-12,5.164999961853027,5.1875,5.099999904632568,5.1875,3.35665225982666,8627200,TPR,yfinance,2026-02-10T05:10:38.179198+00:00
2001-07-13,5.15625,5.15625,4.912499904632568,5.0,3.235327959060669,1928800,TPR,yfinance,2026-02-10T05:10:38.179198+00:00
2001-07-16,4.962500095367432,5.171249866485596,4.962500095367432,5.121250152587891,3.3137850761413574,3047200,TPR,yfinance,2026-02-10T05:10:38.179198+00:00
2001-07-17,5.137499809265137,5.34375,5.106249809265137,5.275000095367432,3.413271903991699,3805600,TPR,yfinance,2026-02-10T05:10:38.179198+00:00
2001-07-18,5.243750095367432,5.247499942779541,5.131249904632568,5.15625,3.3364310264587402,4532800,TPR,yfinance,2026-02-10T05:10:38.179198+00:00
2001-07-19,5.167500019073486,5.246250152587891,5.087500095367432,5.114999771118164,3.3097410202026367,3206400,TPR,yfinance,2026-02-10T05:10:38.179198+00:00
2001-07-20,5.099999904632568,5.118750095367432,4.949999809265137,5.074999809265137,3.2838573455810547,904000,TPR,yfinance,2026-02-10T05:10:38.179198+00:00
2001-07-23,5.074999809265137,5.122499942779541,4.901249885559082,4.901249885559082,3.171430826187134,1695200,TPR,yfinance,2026-02-10T05:10:38.179198+00:00
2001-07-24,4.90749979019165,5.043749809265137,4.62624979019165,4.747499942779541,3.0719430446624756,2984000,TPR,yfinance,2026-02-10T05:10:38.179198+00:00
2001-07-25,4.6875,4.997499942779541,4.59375,4.96875,3.21510648727417,2112800,TPR,yfinance,2026-02-10T05:10:38.179198+00:00
2001-07-26,4.974999904632568,5.1875,4.956250190734863,5.137499809265137,3.324298620223999,7313600,TPR,yfinance,2026-02-10T05:10:38.179198+00:00
2001-07-27,5.143750190734863,5.143750190734863,4.849999904632568,4.849999904632568,3.1382675170898438,2897600,TPR,yfinance,2026-02-10T05:10:38.179198+00:00
2001-07-30,4.881249904632568,4.931250095367432,4.787499904632568,4.900000095367432,3.1706230640411377,3790400,TPR,yfinance,2026-02-10T05:10:38.179198+00:00
2001-07-31,4.881249904632568,4.882500171661377,4.662499904632568,4.721250057220459,3.0549590587615967,10376800,TPR,yfinance,2026-02-10T05:10:38.179198+00:00
2001-08-01,4.715000152587891,4.84375,4.5,4.550000190734863,2.944148063659668,6897600,TPR,yfinance,2026-02-10T05:10:38.179198+00:00
2001-08-02,4.537499904632568,4.71875,4.527500152587891,4.71875,3.0533411502838135,3233600,TPR,yfinance,2026-02-10T05:10:38.179198+00:00
2001-08-03,4.712500095367432,4.875,4.543749809265137,4.643750190734863,3.0048108100891113,2589600,TPR,yfinance,2026-02-10T05:10:38.179198+00:00
2001-08-06,4.668749809265137,4.668749809265137,4.393750190734863,4.456250190734863,2.883486270904541,1598400,TPR,yfinance,2026-02-10T05:10:38.179198+00:00
2001-08-07,4.456250190734863,4.53000020980835,4.400000095367432,4.507500171661377,2.9166476726531982,2730400,TPR,yfinance,2026-02-10T05:10:38.179198+00:00
2001-08-08,4.518750190734863,4.618750095367432,4.502500057220459,4.53125,2.932015895843506,1676800,TPR,yfinance,2026-02-10T05:10:38.179198+00:00
2001-08-09,4.525000095367432,4.622499942779541,4.474999904632568,4.602499961853027,2.978119373321533,736000,TPR,yfinance,2026-02-10T05:10:38.179198+00:00
2001-08-10,4.602499961853027,4.606249809265137,4.449999809265137,4.449999809265137,2.879441499710083,1597600,TPR,yfinance,2026-02-10T05:10:38.179198+00:00
2001-08-13,4.449999809265137,4.449999809265137,4.292500019073486,4.375,2.8309123516082764,968800,TPR,yfinance,2026-02-10T05:10:38.179198+00:00
2001-08-14,4.40625,4.516250133514404,4.393750190734863,4.493750095367432,2.9077508449554443,598400,TPR,yfinance,2026-02-10T05:10:38.179198+00:00
2001-08-15,4.481249809265137,4.485000133514404,4.356249809265137,4.375,2.8309123516082764,1158400,TPR,yfinance,2026-02-10T05:10:38.179198+00:00
2001-08-16,4.34499979019165,4.403749942779541,4.293749809265137,4.393750190734863,2.8430449962615967,2407200,TPR,yfinance,2026-02-10T05:10:38.179198+00:00
2001-08-17,4.387499809265137,4.387499809265137,4.193749904632568,4.206250190734863,2.7217204570770264,1864800,TPR,yfinance,2026-02-10T05:10:38.179198+00:00
2001-08-20,4.15625,4.206250190734863,4.026249885559082,4.139999866485596,2.6788511276245117,3686400,TPR,yfinance,2026-02-10T05:10:38.179198+00:00
2001-08-21,4.28125,4.525000095367432,4.213749885559082,4.255000114440918,2.753262996673584,6105600,TPR,yfinance,2026-02-10T05:10:38.179198+00:00
2001-08-22,4.269999980926514,4.400000095367432,4.25,4.375,2.8309123516082764,1044000,TPR,yfinance,2026-02-10T05:10:38.179198+00:00
2001-08-23,4.337500095367432,4.447500228881836,4.297500133514404,4.400000095367432,2.8470888137817383,1724000,TPR,yfinance,2026-02-10T05:10:38.179198+00:00
2001-08-24,4.400000095367432,4.497499942779541,4.331250190734863,4.418749809265137,2.8592209815979004,871200,TPR,yfinance,2026-02-10T05:10:38.179198+00:00
2001-08-27,4.443749904632568,4.703750133514404,4.443749904632568,4.599999904632568,2.976501703262329,1085600,TPR,yfinance,2026-02-10T05:10:38.179198+00:00
2001-08-28,4.596250057220459,4.598750114440918,4.375,4.50124979019165,2.9126040935516357,1589600,TPR,yfinance,2026-02-10T05:10:38.179198+00:00
2001-08-29,4.53125,4.53125,4.477499961853027,4.50124979019165,2.9126040935516357,1313600,TPR,yfinance,2026-02-10T05:10:38.179198+00:00
2001-08-30,4.5,4.510000228881836,4.431250095367432,4.487500190734863,2.90370774269104,2131200,TPR,yfinance,2026-02-10T05:10:38.179198+00:00
2001-08-31,4.5,4.625,4.5,4.537499904632568,2.936060667037964,1248000,TPR,yfinance,2026-02-10T05:10:38.179198+00:00
2001-09-04,4.538750171661377,4.568749904632568,4.50124979019165,4.511250019073486,2.9190750122070312,2128000,TPR,yfinance,2026-02-10T05:10:38.179198+00:00
2001-09-05,4.556250095367432,4.65500020980835,4.5,4.625,2.992677927017212,1276000,TPR,yfinance,2026-02-10T05:10:38.179198+00:00
2001-09-06,4.650000095367432,4.650000095367432,4.349999904632568,4.414999961853027,2.8567943572998047,1308000,TPR,yfinance,2026-02-10T05:10:38.179198+00:00
2001-09-07,4.383749961853027,4.383749961853027,4.232500076293945,4.268750190734863,2.762160301208496,1732000,TPR,yfinance,2026-02-10T05:10:38.179198+00:00
2001-09-10,4.206250190734863,4.247499942779541,4.139999866485596,4.150000095367432,2.6853222846984863,1718400,TPR,yfinance,2026-02-10T05:10:38.179198+00:00
2001-09-17,2.9375,3.4387500286102295,2.9375,3.168750047683716,2.050389051437378,10522400,TPR,yfinance,2026-02-10T05:10:38.179198+00:00
2001-09-18,3.1875,3.226249933242798,2.875,2.875,1.8603140115737915,5908000,TPR,yfinance,2026-02-10T05:10:38.179198+00:00
2001-09-19,2.887500047683716,2.956249952316284,2.838749885559082,2.877500057220459,1.8619314432144165,7360000,TPR,yfinance,2026-02-10T05:10:38.179198+00:00
2001-09-20,2.862499952316284,2.862499952316284,2.7249999046325684,2.8125,1.819872260093689,4357600,TPR,yfinance,2026-02-10T05:10:38.179198+00:00
2001-09-21,2.65625,2.9000000953674316,2.5,2.875,1.8603140115737915,6763200,TPR,yfinance,2026-02-10T05:10:38.179198+00:00
2001-09-24,3.0625,3.2874999046325684,3.049999952316284,3.200000047683716,2.0706095695495605,5820800,TPR,yfinance,2026-02-10T05:10:38.179198+00:00
2001-09-25,3.1987500190734863,3.1987500190734863,3.0374999046325684,3.1237499713897705,2.021270751953125,3765600,TPR,yfinance,2026-02-10T05:10:38.179198+00:00
2001-09-26,3.0625,3.0625,2.586250066757202,2.737499952316284,1.7713419198989868,16683200,TPR,yfinance,2026-02-10T05:10:38.179198+00:00
2001-09-27,2.625,2.96875,2.612499952316284,2.963749885559082,1.917739987373352,5085600,TPR,yfinance,2026-02-10T05:10:38.179198+00:00
2001-09-28,2.9725000858306885,3.5,2.950000047683716,3.3137500286102295,2.144213914871216,6754400,TPR,yfinance,2026-02-10T05:10:38.179198+00:00
2001-10-01,3.2249999046325684,3.2249999046325684,2.990000009536743,3.0,1.9411964416503906,4024000,TPR,yfinance,2026-02-10T05:10:38.179198+00:00
2001-10-02,2.9625000953674316,2.9962499141693115,2.8324999809265137,2.853749990463257,1.8465632200241089,5852800,TPR,yfinance,2026-02-10T05:10:38.179198+00:00
2001-10-03,2.825000047683716,3.25,2.7874999046325684,3.1050000190734863,2.009138822555542,7568000,TPR,yfinance,2026-02-10T05:10:38.179198+00:00
2001-10-04,3.119999885559082,3.1875,2.9725000858306885,2.9725000858306885,1.9234023094177246,3858400,TPR,yfinance,2026-02-10T05:10:38.179198+00:00
2001-10-05,2.987499952316284,3.174999952316284,2.9462499618530273,3.1187500953674316,2.0180351734161377,2237600,TPR,yfinance,2026-02-10T05:10:38.179198+00:00
2001-10-08,3.0250000953674316,3.1624999046325684,2.981250047683716,3.0687499046325684,1.9856817722320557,1836000,TPR,yfinance,2026-02-10T05:10:38.179198+00:00
2001-10-09,3.0687499046325684,3.0824999809265137,2.9625000953674316,3.0,1.9411964416503906,1154400,TPR,yfinance,2026-02-10T05:10:38.179198+00:00
2001-10-10,3.012500047683716,3.184999942779541,2.9962499141693115,3.184999942779541,2.060903787612915,2454400,TPR,yfinance,2026-02-10T05:10:38.179198+00:00
2001-10-11,3.1912500858306885,3.622499942779541,3.1912500858306885,3.5274999141693115,2.2825236320495605,5301600,TPR,yfinance,2026-02-10T05:10:38.179198+00:00
2001-10-12,3.34375,3.387500047683716,3.137500047683716,3.356250047683716,2.1717135906219482,3900800,TPR,yfinance,2026-02-10T05:10:38.179198+00:00
2001-10-15,3.3375000953674316,3.3375000953674316,3.206249952316284,3.21875,2.0827417373657227,1472000,TPR,yfinance,2026-02-10T05:10:38.179198+00:00
2001-10-16,3.25,3.309999942779541,3.25,3.25,2.1029632091522217,3340800,TPR,yfinance,2026-02-10T05:10:38.179198+00:00
2001-10-17,3.25,3.2750000953674316,3.112499952316284,3.112499952316284,2.013991355895996,3376800,TPR,yfinance,2026-02-10T05:10:38.179198+00:00
2001-10-18,3.143749952316284,3.3712499141693115,3.143749952316284,3.25,2.1029632091522217,2420800,TPR,yfinance,2026-02-10T05:10:38.179198+00:00
2001-10-19,3.2437500953674316,3.4075000286102295,3.2437500953674316,3.4000000953674316,2.2000226974487305,3366400,TPR,yfinance,2026-02-10T05:10:38.179198+00:00
2001-10-22,3.393749952316284,3.549999952316284,3.3762500286102295,3.4937500953674316,2.260685682296753,2504800,TPR,yfinance,2026-02-10T05:10:38.179198+00:00
2001-10-23,3.625,3.8499999046325684,3.6212499141693115,3.762500047683716,2.434583902359009,8520800,TPR,yfinance,2026-02-10T05:10:38.179198+00:00
2001-10-24,3.762500047683716,3.799999952316284,3.661250114440918,3.661250114440918,2.3690688610076904,3454400,TPR,yfinance,2026-02-10T05:10:38.179198+00:00
2001-10-25,3.674999952316284,3.674999952316284,3.5250000953674316,3.5625,2.305171012878418,2838400,TPR,yfinance,2026-02-10T05:10:38.179198+00:00
2001-10-26,3.59375,3.7874999046325684,3.59375,3.7725000381469727,2.4410550594329834,2875200,TPR,yfinance,2026-02-10T05:10:38.179198+00:00
2001-10-29,3.7725000381469727,3.7725000381469727,3.424999952316284,3.5037500858306885,2.2671561241149902,3916000,TPR,yfinance,2026-02-10T05:10:38.179198+00:00
2001-10-30,3.3375000953674316,3.450000047683716,3.3375000953674316,3.375,2.1838459968566895,2536000,TPR,yfinance,2026-02-10T05:10:38.179198+00:00
2001-10-31,3.375,3.552500009536743,3.375,3.487499952316284,2.2566404342651367,2752800,TPR,yfinance,2026-02-10T05:10:38.179198+00:00
2001-11-01,3.518749952316284,3.5250000953674316,3.356250047683716,3.3712499141693115,2.181419610977173,2534400,TPR,yfinance,2026-02-10T05:10:38.179198+00:00
2001-11-02,3.3712499141693115,3.586250066757202,3.3712499141693115,3.541249990463257,2.2914206981658936,2787200,TPR,yfinance,2026-02-10T05:10:38.179198+00:00
2001-11-05,3.65625,3.78125,3.643749952316284,3.747499942779541,2.4248788356781006,5552800,TPR,yfinance,2026-02-10T05:10:38.179198+00:00
2001-11-06,3.762500047683716,4.0,3.7512500286102295,3.9887499809265137,2.5809824466705322,4254400,TPR,yfinance,2026-02-10T05:10:38.179198+00:00
2001-11-07,3.96875,4.125,3.9387500286102295,4.081250190734863,2.640836477279663,4452800,TPR,yfinance,2026-02-10T05:10:38.179198+00:00
2001-11-08,4.081250190734863,4.25,3.9625000953674316,4.025000095367432,2.604438543319702,5833600,TPR,yfinance,2026-02-10T05:10:38.179198+00:00
2001-11-09,4.025000095367432,4.099999904632568,3.8887500762939453,3.9725000858306885,2.570467472076416,2470400,TPR,yfinance,2026-02-10T05:10:38.179198+00:00
2001-11-12,3.9124999046325684,3.9124999046325684,3.841249942779541,3.8687500953674316,2.50333571434021,3320000,TPR,yfinance,2026-02-10T05:10:38.179198+00:00
2001-11-13,3.9375,4.025000095367432,3.90625,4.0,2.588261842727661,2260000,TPR,yfinance,2026-02-10T05:10:38.179198+00:00
2001-11-14,4.0625,4.099999904632568,4.025000095367432,4.099999904632568,2.652968406677246,6792800,TPR,yfinance,2026-02-10T05:10:38.179198+00:00
2001-11-15,4.106249809265137,4.25,4.071249961853027,4.25,2.750028371810913,1616000,TPR,yfinance,2026-02-10T05:10:38.179198+00:00
2001-11-16,4.300000190734863,4.31125020980835,4.087500095367432,4.125,2.669145107269287,3545600,TPR,yfinance,2026-02-10T05:10:38.179198+00:00
2001-11-19,4.125,4.198750019073486,4.043749809265137,4.081250190734863,2.640836477279663,4748000,TPR,yfinance,2026-02-10T05:10:38.179198+00:00
2001-11-20,4.112500190734863,4.137499809265137,4.012499809265137,4.127500057220459,2.6707637310028076,3115200,TPR,yfinance,2026-02-10T05:10:38.179198+00:00
2001-11-21,4.1875,4.1875,4.039999961853027,4.150000095367432,2.6853222846984863,3078400,TPR,yfinance,2026-02-10T05:10:38.179198+00:00
2001-11-23,4.150000095367432,4.18625020980835,4.106249809265137,4.182499885559082,2.7063512802124023,405600,TPR,yfinance,2026-02-10T05:10:38.179198+00:00
2001-11-26,4.183750152587891,4.18625020980835,4.039999961853027,4.118750095367432,2.6651012897491455,1951200,TPR,yfinance,2026-02-10T05:10:38.179198+00:00
2001-11-27,4.118750095367432,4.168749809265137,4.048749923706055,4.138750076293945,2.678042411804199,2256800,TPR,yfinance,2026-02-10T05:10:38.179198+00:00
2001-11-28,4.112500190734863,4.118750095367432,4.025000095367432,4.072500228881836,2.6351752281188965,1370400,TPR,yfinance,2026-02-10T05:10:38.179198+00:00
2001-11-29,4.072500228881836,4.150000095367432,4.037499904632568,4.150000095367432,2.6853222846984863,3699200,TPR,yfinance,2026-02-10T05:10:38.179198+00:00
2001-11-30,4.143750190734863,4.21750020980835,4.085000038146973,4.125,2.669145107269287,2558400,TPR,yfinance,2026-02-10T05:10:38.179198+00:00
2001-12-03,4.148749828338623,4.148749828338623,4.0,4.058750152587891,2.6262762546539307,3068800,TPR,yfinance,2026-02-10T05:10:38.179198+00:00
2001-12-04,4.058750152587891,4.096250057220459,4.041250228881836,4.081250190734863,2.640836477279663,3105600,TPR,yfinance,2026-02-10T05:10:38.179198+00:00
2001-12-05,4.247499942779541,4.474999904632568,4.224999904632568,4.398749828338623,2.8462796211242676,6648800,TPR,yfinance,2026-02-10T05:10:38.179198+00:00
2001-12-06,4.481249809265137,4.497499942779541,4.414999961853027,4.492499828338623,2.906942129135132,2488800,TPR,yfinance,2026-02-10T05:10:38.179198+00:00
2001-12-07,4.487500190734863,4.487500190734863,4.315000057220459,4.375,2.8309123516082764,2050400,TPR,yfinance,2026-02-10T05:10:38.179198+00:00
2001-12-10,4.375,4.375,4.175000190734863,4.222499847412109,2.7322332859039307,3920000,TPR,yfinance,2026-02-10T05:10:38.179198+00:00
2001-12-11,4.224999904632568,4.224999904632568,4.112500190734863,4.15625,2.689366579055786,9067200,TPR,yfinance,2026-02-10T05:10:38.179198+00:00
2001-12-12,4.199999809265137,4.21750020980835,4.137499809265137,4.137499809265137,2.6772327423095703,2034400,TPR,yfinance,2026-02-10T05:10:38.179198+00:00
2001-12-13,4.1875,4.201250076293945,4.131249904632568,4.150000095367432,2.6853222846984863,2570400,TPR,yfinance,2026-02-10T05:10:38.179198+00:00
2001-12-14,4.15625,4.268750190734863,4.137499809265137,4.238749980926514,2.7427492141723633,3520800,TPR,yfinance,2026-02-10T05:10:38.179198+00:00
2001-12-17,4.262499809265137,4.4375,4.25,4.383749961853027,2.8365731239318848,4124000,TPR,yfinance,2026-02-10T05:10:38.179198+00:00
2001-12-18,4.446249961853027,4.75,4.443749904632568,4.747499942779541,3.0719430446624756,8343200,TPR,yfinance,2026-02-10T05:10:38.179198+00:00
2001-12-19,4.724999904632568,4.75,4.625,4.731249809265137,3.0614287853240967,4325600,TPR,yfinance,2026-02-10T05:10:38.179198+00:00
2001-12-20,4.731249809265137,4.8125,4.533750057220459,4.585000038146973,2.9667952060699463,5276800,TPR,yfinance,2026-02-10T05:10:38.179198+00:00
2001-12-21,4.474999904632568,4.800000190734863,4.474999904632568,4.78125,3.0937821865081787,5320800,TPR,yfinance,2026-02-10T05:10:38.179198+00:00
2001-12-24,4.798749923706055,4.798749923706055,4.668749809265137,4.68625020980835,3.03231143951416,829600,TPR,yfinance,2026-02-10T05:10:38.179198+00:00
2001-12-26,4.68625020980835,4.849999904632568,4.675000190734863,4.829999923706055,3.12532639503479,1109600,TPR,yfinance,2026-02-10T05:10:38.179198+00:00
2001-12-27,4.831250190734863,4.868750095367432,4.651249885559082,4.652500152587891,3.010472059249878,1714400,TPR,yfinance,2026-02-10T05:10:38.179198+00:00
2001-12-28,4.668749809265137,4.8125,4.668749809265137,4.797500133514404,3.104297161102295,2138400,TPR,yfinance,2026-02-10T05:10:38.179198+00:00
2001-12-31,4.766250133514404,4.918749809265137,4.743750095367432,4.872499942779541,3.1528267860412598,2259200,TPR,yfinance,2026-02-10T05:10:38.179198+00:00
2002-01-02,4.815000057220459,4.87375020980835,4.68874979019165,4.743750095367432,3.069516658782959,1868000,TPR,yfinance,2026-02-10T05:10:38.179198+00:00
2002-01-03,4.712500095367432,4.809999942779541,4.683750152587891,4.755000114440918,3.076796531677246,2372800,TPR,yfinance,2026-02-10T05:10:38.179198+00:00
2002-01-04,4.756249904632568,4.891250133514404,4.75,4.863749980926514,3.147165536880493,3583200,TPR,yfinance,2026-02-10T05:10:38.179198+00:00
2002-01-07,4.875,5.045000076293945,4.875,5.03125,3.2555477619171143,2712000,TPR,yfinance,2026-02-10T05:10:38.179198+00:00
2002-01-08,5.15625,5.43874979019165,5.153749942779541,5.262499809265137,3.4051833152770996,7367200,TPR,yfinance,2026-02-10T05:10:38.179198+00:00
2002-01-09,5.331250190734863,5.336249828338623,5.03249979019165,5.081250190734863,3.2879014015197754,6316000,TPR,yfinance,2026-02-10T05:10:38.179198+00:00
2002-01-10,5.09375,5.25,5.09375,5.18874979019165,3.3574624061584473,2899200,TPR,yfinance,2026-02-10T05:10:38.179198+00:00
2002-01-11,5.1875,5.1875,5.108749866485596,5.117499828338623,3.3113579750061035,2564000,TPR,yfinance,2026-02-10T05:10:38.179198+00:00
2002-01-14,5.106249809265137,5.118750095367432,5.03249979019165,5.037499904632568,3.2595911026000977,1777600,TPR,yfinance,2026-02-10T05:10:38.179198+00:00
2002-01-15,5.047500133514404,5.184999942779541,5.047500133514404,5.177499771118164,3.3501834869384766,1356800,TPR,yfinance,2026-02-10T05:10:38.179198+00:00
2002-01-16,5.177499771118164,5.21750020980835,5.09375,5.137499809265137,3.324298620223999,3860000,TPR,yfinance,2026-02-10T05:10:38.179198+00:00
2002-01-17,5.1875,5.267499923706055,5.162499904632568,5.263750076293945,3.405991315841675,3174400,TPR,yfinance,2026-02-10T05:10:38.179198+00:00
2002-01-18,5.237500190734863,5.28125,5.199999809265137,5.28125,3.4173150062561035,3268800,TPR,yfinance,2026-02-10T05:10:38.179198+00:00
2002-01-22,5.324999809265137,5.331250190734863,5.231249809265137,5.278749942779541,3.4156973361968994,2789600,TPR,yfinance,2026-02-10T05:10:38.179198+00:00
2002-01-23,5.368750095367432,5.375,5.184999942779541,5.375,3.4779770374298096,5142400,TPR,yfinance,2026-02-10T05:10:38.179198+00:00
2002-01-24,5.412499904632568,5.618750095367432,5.412499904632568,5.553750038146973,3.5936408042907715,5752800,TPR,yfinance,2026-02-10T05:10:38.179198+00:00
2002-01-25,5.556250095367432,5.556250095367432,5.482500076293945,5.536250114440918,3.5823163986206055,3641600,TPR,yfinance,2026-02-10T05:10:38.179198+00:00
2002-01-28,5.618750095367432,5.832499980926514,5.607500076293945,5.832499980926514,3.77401065826416,6645600,TPR,yfinance,2026-02-10T05:10:38.179198+00:00
2002-01-29,5.824999809265137,5.837500095367432,5.71999979019165,5.769999980926514,3.7335684299468994,6467200,TPR,yfinance,2026-02-10T05:10:38.179198+00:00
2002-01-30,5.756249904632568,5.872499942779541,5.5625,5.862500190734863,3.793421983718872,2295200,TPR,yfinance,2026-02-10T05:10:38.179198+00:00
2002-01-31,5.861249923706055,5.861249923706055,5.727499961853027,5.768750190734863,3.732760190963745,1511200,TPR,yfinance,2026-02-10T05:10:38.179198+00:00
2002-02-01,5.71875,5.9375,5.662499904632568,5.739999771118164,3.7141544818878174,7473600,TPR,yfinance,2026-02-10T05:10:38.179198+00:00
2002-02-04,5.74875020980835,5.74875020980835,5.465000152587891,5.489999771118164,3.5523903369903564,4307200,TPR,yfinance,2026-02-10T05:10:38.179198+00:00
2002-02-05,5.488749980926514,5.53000020980835,5.449999809265137,5.474999904632568,3.5426838397979736,3908000,TPR,yfinance,2026-02-10T05:10:38.179198+00:00
2002-02-06,5.462500095367432,5.512499809265137,5.316249847412109,5.349999904632568,3.4618005752563477,4720000,TPR,yfinance,2026-02-10T05:10:38.179198+00:00
2002-02-07,5.1875,5.306250095367432,5.1875,5.266250133514404,3.4076104164123535,3537600,TPR,yfinance,2026-02-10T05:10:38.179198+00:00
2002-02-08,5.199999809265137,5.5,5.199999809265137,5.449999809265137,3.5265073776245117,3860800,TPR,yfinance,2026-02-10T05:10:38.179198+00:00
2002-02-11,5.512499809265137,5.6875,5.512499809265137,5.667500019073486,3.667243242263794,3132000,TPR,yfinance,2026-02-10T05:10:38.179198+00:00
2002-02-12,5.650000095367432,5.650000095367432,5.5,5.5,3.5588605403900146,4300800,TPR,yfinance,2026-02-10T05:10:38.179198+00:00
2002-02-13,5.510000228881836,5.567500114440918,5.46999979019165,5.567500114440918,3.6025373935699463,1977600,TPR,yfinance,2026-02-10T05:10:38.179198+00:00
2002-02-14,5.598750114440918,5.612500190734863,5.53125,5.533750057220459,3.5806987285614014,1089600,TPR,yfinance,2026-02-10T05:10:38.179198+00:00
2002-02-15,5.525000095367432,5.548749923706055,5.388750076293945,5.510000228881836,3.565330982208252,1203200,TPR,yfinance,2026-02-10T05:10:38.179198+00:00
2002-02-19,5.4375,5.481249809265137,5.387499809265137,5.441249847412109,3.5208466053009033,1686400,TPR,yfinance,2026-02-10T05:10:38.179198+00:00
2002-02-20,5.449999809265137,5.612500190734863,5.449999809265137,5.603750228881836,3.6259925365448,1923200,TPR,yfinance,2026-02-10T05:10:38.179198+00:00
2002-02-21,5.599999904632568,5.6875,5.568749904632568,5.59250020980835,3.618713855743408,1078400,TPR,yfinance,2026-02-10T05:10:38.179198+00:00
2002-02-22,5.581250190734863,5.625,5.412499904632568,5.59375,3.6195240020751953,1557600,TPR,yfinance,2026-02-10T05:10:38.179198+00:00
2002-02-25,5.59375,5.652500152587891,5.522500038146973,5.525000095367432,3.5750370025634766,1965600,TPR,yfinance,2026-02-10T05:10:38.179198+00:00
2002-02-26,5.599999904632568,5.679999828338623,5.534999847412109,5.668749809265137,3.6680517196655273,1426400,TPR,yfinance,2026-02-10T05:10:38.179198+00:00
2002-02-27,6.0625,6.3125,6.002500057220459,6.235000133514404,4.034454345703125,11186400,TPR,yfinance,2026-02-10T05:10:38.179198+00:00
2002-02-28,6.297500133514404,6.349999904632568,6.15749979019165,6.232500076293945,4.032835483551025,3543200,TPR,yfinance,2026-02-10T05:10:38.179198+00:00
2002-03-01,6.206250190734863,6.24875020980835,6.177499771118164,6.237500190734863,4.036070346832275,2127200,TPR,yfinance,2026-02-10T05:10:38.179198+00:00
2002-03-04,6.300000190734863,6.62624979019165,6.300000190734863,6.485000133514404,4.196220874786377,3028000,TPR,yfinance,2026-02-10T05:10:38.179198+00:00
2002-03-05,6.485000133514404,6.485000133514404,5.942500114440918,6.0,3.8823928833007812,6778400,TPR,yfinance,2026-02-10T05:10:38.179198+00:00
2002-03-06,5.99875020980835,5.99875020980835,5.806250095367432,5.965000152587891,3.8597466945648193,5020800,TPR,yfinance,2026-02-10T05:10:38.179198+00:00
2002-03-07,6.0625,6.293749809265137,6.046249866485596,6.247499942779541,4.04254150390625,3468000,TPR,yfinance,2026-02-10T05:10:38.179198+00:00
2002-03-08,6.309999942779541,6.375,5.974999904632568,6.016250133514404,3.8929100036621094,1686400,TPR,yfinance,2026-02-10T05:10:38.179198+00:00
2002-03-11,6.03125,6.074999809265137,5.978750228881836,6.0,3.8823928833007812,2793600,TPR,yfinance,2026-02-10T05:10:38.179198+00:00
2002-03-12,6.0,6.177499771118164,5.891250133514404,6.118750095367432,3.959232807159424,2515200,TPR,yfinance,2026-02-10T05:10:38.179198+00:00
2002-03-13,6.09499979019165,6.3125,6.09375,6.228750228881836,4.030409336090088,4332800,TPR,yfinance,2026-02-10T05:10:38.179198+00:00
2002-03-14,6.25,6.367499828338623,6.221250057220459,6.337500095367432,4.100778102874756,2806400,TPR,yfinance,2026-02-10T05:10:38.179198+00:00
2002-03-15,6.425000190734863,6.525000095367432,6.368750095367432,6.510000228881836,4.212398529052734,2908000,TPR,yfinance,2026-02-10T05:10:38.179198+00:00
2002-03-18,6.541250228881836,6.587500095367432,6.306250095367432,6.40749979019165,4.146072864532471,1884000,TPR,yfinance,2026-02-10T05:10:38.179198+00:00
2002-03-19,6.492499828338623,6.601250171661377,6.474999904632568,6.568749904632568,4.250410556793213,2197600,TPR,yfinance,2026-02-10T05:10:38.179198+00:00
2002-03-20,6.538750171661377,6.667500019073486,6.5,6.502500057220459,4.20754337310791,1878400,TPR,yfinance,2026-02-10T05:10:38.179198+00:00
2002-03-21,6.5,6.50124979019165,6.125,6.191249847412109,4.006145000457764,3439200,TPR,yfinance,2026-02-10T05:10:38.179198+00:00
2002-03-22,6.1875,6.434999942779541,6.1875,6.363749980926514,4.117762565612793,2634400,TPR,yfinance,2026-02-10T05:10:38.179198+00:00
2002-03-25,6.368750095367432,6.368750095367432,6.224999904632568,6.277500152587891,4.06195592880249,2048000,TPR,yfinance,2026-02-10T05:10:38.179198+00:00
2002-03-26,6.300000190734863,6.46750020980835,6.291250228881836,6.386250019073486,4.132321834564209,1350400,TPR,yfinance,2026-02-10T05:10:38.179198+00:00
2002-03-27,6.387499809265137,6.611249923706055,6.375,6.43874979019165,4.1662917137146,1983200,TPR,yfinance,2026-02-10T05:10:38.179198+00:00
2002-03-28,6.443749904632568,6.53249979019165,6.315000057220459,6.338749885559082,4.10158634185791,1328000,TPR,yfinance,2026-02-10T05:10:38.179198+00:00
2002-04-01,6.324999809265137,6.326250076293945,6.03125,6.267499923706055,4.055484771728516,2224800,TPR,yfinance,2026-02-10T05:10:38.179198+00:00
2002-04-02,6.226250171661377,6.273749828338623,6.102499961853027,6.111249923706055,3.9543769359588623,2072800,TPR,yfinance,2026-02-10T05:10:38.179198+00:00
2002-04-03,6.112500190734863,6.199999809265137,6.012499809265137,6.013750076293945,3.891291856765747,2112000,TPR,yfinance,2026-02-10T05:10:38.179198+00:00
2002-04-04,6.012499809265137,6.213749885559082,6.003749847412109,6.212500095367432,4.019895076751709,3926400,TPR,yfinance,2026-02-10T05:10:38.179198+00:00
2002-04-05,6.237500190734863,6.5625,6.133749961853027,6.449999809265137,4.173572540283203,2162400,TPR,yfinance,2026-02-10T05:10:38.179198+00:00
2002-04-08,6.387499809265137,6.653749942779541,6.364999771118164,6.62375020980835,4.286002159118652,2308000,TPR,yfinance,2026-02-10T05:10:38.179198+00:00
2002-04-09,6.84375,6.96875,6.775000095367432,6.824999809265137,4.416222095489502,4434400,TPR,yfinance,2026-02-10T05:10:38.179198+00:00
2002-04-10,6.800000190734863,6.849999904632568,6.625,6.758749961853027,4.373354434967041,2488000,TPR,yfinance,2026-02-10T05:10:38.179198+00:00
2002-04-11,6.762499809265137,6.835000038146973,6.56374979019165,6.59375,4.266589164733887,2114400,TPR,yfinance,2026-02-10T05:10:38.179198+00:00
2002-04-12,6.618750095367432,6.683750152587891,6.565000057220459,6.678750038146973,4.321589469909668,1032800,TPR,yfinance,2026-02-10T05:10:38.179198+00:00
2002-04-15,6.706250190734863,6.756249904632568,6.539999961853027,6.559999942779541,4.244748592376709,1382400,TPR,yfinance,2026-02-10T05:10:38.179198+00:00
2002-04-16,6.612500190734863,6.835000038146973,6.612500190734863,6.807499885559082,4.404899597167969,977600,TPR,yfinance,2026-02-10T05:10:38.179198+00:00
2002-04-17,6.8125,6.949999809265137,6.786250114440918,6.90625,4.46879768371582,2632800,TPR,yfinance,2026-02-10T05:10:38.179198+00:00
2002-04-18,6.925000190734863,6.997499942779541,6.84499979019165,6.986249923706055,4.520561218261719,1617600,TPR,yfinance,2026-02-10T05:10:38.179198+00:00
2002-04-19,7.012499809265137,7.03000020980835,6.875,6.927499771118164,4.482546806335449,1836000,TPR,yfinance,2026-02-10T05:10:38.179198+00:00
2002-04-22,6.958749771118164,6.972499847412109,6.71875,6.731249809265137,4.355560302734375,2428000,TPR,yfinance,2026-02-10T05:10:38.179198+00:00
2002-04-23,7.0625,7.106249809265137,6.912499904632568,7.074999809265137,4.577988624572754,6503200,TPR,yfinance,2026-02-10T05:10:38.179198+00:00
2002-04-24,7.074999809265137,7.122499942779541,6.963749885559082,7.002500057220459,4.531076908111572,5004800,TPR,yfinance,2026-02-10T05:10:38.179198+00:00
2002-04-25,7.003749847412109,7.148749828338623,6.989999771118164,7.102499961853027,4.59578275680542,4359200,TPR,yfinance,2026-02-10T05:10:38.179198+00:00
2002-04-26,7.133749961853027,7.181250095367432,6.862500190734863,6.875,4.448574542999268,2136800,TPR,yfinance,2026-02-10T05:10:38.179198+00:00
2002-04-29,6.90625,6.90625,6.706250190734863,6.791250228881836,4.39438533782959,2636000,TPR,yfinance,2026-02-10T05:10:38.179198+00:00
2002-04-30,6.822500228881836,7.118750095367432,6.821249961853027,7.0,4.529458999633789,3180800,TPR,yfinance,2026-02-10T05:10:38.179198+00:00
2002-05-01,6.96875,7.011250019073486,6.809999942779541,6.948750019073486,4.496296405792236,4013600,TPR,yfinance,2026-02-10T05:10:38.179198+00:00
2002-05-02,6.981249809265137,7.21875,6.976250171661377,7.137499809265137,4.618431091308594,4339200,TPR,yfinance,2026-02-10T05:10:38.179198+00:00
2002-05-03,7.199999809265137,7.21875,6.963749885559082,6.974999904632568,4.513280868530273,4264000,TPR,yfinance,2026-02-10T05:10:38.179198+00:00
2002-05-06,6.974999904632568,7.065000057220459,6.841249942779541,6.841249942779541,4.4267377853393555,2333600,TPR,yfinance,2026-02-10T05:10:38.179198+00:00
2002-05-07,6.84250020980835,6.885000228881836,6.724999904632568,6.760000228881836,4.374163627624512,2213600,TPR,yfinance,2026-02-10T05:10:38.179198+00:00
2002-05-08,6.900000095367432,6.931250095367432,6.84250020980835,6.918749809265137,4.476883411407471,2860000,TPR,yfinance,2026-02-10T05:10:38.179198+00:00
2002-05-09,6.949999809265137,7.125,6.949999809265137,7.087500095367432,4.5860772132873535,3354400,TPR,yfinance,2026-02-10T05:10:38.179198+00:00
2002-05-10,7.118750095367432,7.122499942779541,6.977499961853027,7.0,4.529458999633789,2999200,TPR,yfinance,2026-02-10T05:10:38.179198+00:00
2002-05-13,7.112500190734863,7.122499942779541,6.896249771118164,6.987500190734863,4.521371364593506,2092800,TPR,yfinance,2026-02-10T05:10:38.179198+00:00
2002-05-14,7.1875,7.262499809265137,7.116250038146973,7.262499809265137,4.699312686920166,3712000,TPR,yfinance,2026-02-10T05:10:38.179198+00:00
2002-05-15,7.231249809265137,7.528749942779541,7.175000190734863,7.372499942779541,4.770489692687988,4919200,TPR,yfinance,2026-02-10T05:10:38.179198+00:00
2002-05-16,7.372499942779541,7.37375020980835,7.28125,7.293749809265137,4.719533443450928,2582400,TPR,yfinance,2026-02-10T05:10:38.179198+00:00
2002-05-17,7.324999809265137,7.522500038146973,7.324999809265137,7.485000133514404,4.843286037445068,2868000,TPR,yfinance,2026-02-10T05:10:38.179198+00:00
2002-05-20,7.4375,7.497499942779541,7.377500057220459,7.381249904632568,4.776153087615967,2228800,TPR,yfinance,2026-02-10T05:10:38.179198+00:00
2002-05-21,7.381249904632568,7.382500171661377,7.112500190734863,7.112500190734863,4.602254867553711,3736800,TPR,yfinance,2026-02-10T05:10:38.179198+00:00
2002-05-22,6.90625,6.981249809265137,6.724999904632568,6.798749923706055,4.39923620223999,7388000,TPR,yfinance,2026-02-10T05:10:38.179198+00:00
2002-05-23,6.818749904632568,6.917500019073486,6.46875,6.744999885559082,4.364456653594971,9894400,TPR,yfinance,2026-02-10T05:10:38.179198+00:00
2002-05-24,6.675000190734863,6.949999809265137,6.625,6.888750076293945,4.4574737548828125,3622400,TPR,yfinance,2026-02-10T05:10:38.179198+00:00
2002-05-28,6.962500095367432,6.997499942779541,6.56374979019165,6.610000133514404,4.277102947235107,5386400,TPR,yfinance,2026-02-10T05:10:38.179198+00:00
2002-05-29,6.5,6.5,6.237500190734863,6.387499809265137,4.133131980895996,9713600,TPR,yfinance,2026-02-10T05:10:38.179198+00:00
2002-05-30,6.25,6.324999809265137,6.162499904632568,6.3125,4.084601402282715,8138400,TPR,yfinance,2026-02-10T05:10:38.179198+00:00
2002-05-31,6.4375,6.574999809265137,6.418749809265137,6.53249979019165,4.226954460144043,4980000,TPR,yfinance,2026-02-10T05:10:38.179198+00:00
2002-06-03,6.62375020980835,6.62375020980835,6.264999866485596,6.267499923706055,4.055484771728516,5036800,TPR,yfinance,2026-02-10T05:10:38.179198+00:00
2002-06-04,6.142499923706055,6.222499847412109,5.949999809265137,5.982500076293945,3.871070146560669,10932000,TPR,yfinance,2026-02-10T05:10:38.179198+00:00
2002-06-05,5.875,6.506249904632568,5.875,6.5,4.205926418304443,10935200,TPR,yfinance,2026-02-10T05:10:38.179198+00:00
2002-06-06,6.5,6.737500190734863,6.46875,6.603750228881836,4.2730584144592285,8664800,TPR,yfinance,2026-02-10T05:10:38.179198+00:00
2002-06-07,6.5,6.900000095367432,6.4375,6.849999904632568,4.432399749755859,6242400,TPR,yfinance,2026-02-10T05:10:38.179198+00:00
2002-06-10,6.868750095367432,7.048749923706055,6.857500076293945,7.039999961853027,4.555342674255371,5941600,TPR,yfinance,2026-02-10T05:10:38.179198+00:00
2002-06-11,7.106249809265137,7.107500076293945,6.78125,6.804999828338623,4.403281211853027,6813600,TPR,yfinance,2026-02-10T05:10:38.179198+00:00
2002-06-12,6.804999828338623,6.886250019073486,6.65625,6.773749828338623,4.383059501647949,4057600,TPR,yfinance,2026-02-10T05:10:38.179198+00:00
2002-06-13,6.775000095367432,6.775000095367432,6.537499904632568,6.557499885559082,4.243131160736084,3565600,TPR,yfinance,2026-02-10T05:10:38.179198+00:00
2002-06-14,6.557499885559082,6.637499809265137,6.387499809265137,6.557499885559082,4.243131160736084,4659200,TPR,yfinance,2026-02-10T05:10:38.179198+00:00
2002-06-17,6.650000095367432,6.900000095367432,6.643750190734863,6.841249942779541,4.4267377853393555,3872800,TPR,yfinance,2026-02-10T05:10:38.179198+00:00
2002-06-18,6.841249942779541,6.90500020980835,6.757500171661377,6.90500020980835,4.467987060546875,4792000,TPR,yfinance,2026-02-10T05:10:38.179198+00:00
2002-06-19,6.787499904632568,7.0,6.777500152587891,6.908750057220459,4.470414161682129,2897600,TPR,yfinance,2026-02-10T05:10:38.179198+00:00
2002-06-20,6.877500057220459,6.9375,6.753749847412109,6.78249979019165,4.388721942901611,2784000,TPR,yfinance,2026-02-10T05:10:38.179198+00:00
2002-06-21,6.699999809265137,6.918749809265137,6.671249866485596,6.875,4.448574542999268,4781600,TPR,yfinance,2026-02-10T05:10:38.179198+00:00
2002-06-24,6.862500190734863,6.862500190734863,6.34375,6.641250133514404,4.297325134277344,6535200,TPR,yfinance,2026-02-10T05:10:38.179198+00:00
2002-06-25,6.662499904632568,6.699999809265137,6.317500114440918,6.389999866485596,4.134749889373779,5895200,TPR,yfinance,2026-02-10T05:10:38.179198+00:00
2002-06-26,6.264999866485596,6.6875,6.12375020980835,6.650000095367432,4.3029866218566895,8061600,TPR,yfinance,2026-02-10T05:10:38.179198+00:00
2002-06-27,6.712500095367432,6.90625,6.693749904632568,6.887499809265137,4.456664085388184,5091200,TPR,yfinance,2026-02-10T05:10:38.179198+00:00
2002-06-28,6.887499809265137,6.911250114440918,6.777500152587891,6.862500190734863,4.440486431121826,4329600,TPR,yfinance,2026-02-10T05:10:38.179198+00:00
2002-07-01,6.861249923706055,6.861249923706055,6.566249847412109,6.587500095367432,4.262544631958008,3272000,TPR,yfinance,2026-02-10T05:10:38.179198+00:00
2002-07-02,6.587500095367432,6.587500095367432,6.233749866485596,6.394999980926514,4.1379852294921875,4111200,TPR,yfinance,2026-02-10T05:10:38.179198+00:00
2002-07-03,6.363749980926514,6.383749961853027,6.06374979019165,6.303750038146973,4.078938961029053,4806400,TPR,yfinance,2026-02-10T05:10:38.179198+00:00
2002-07-05,6.427499771118164,6.5,6.324999809265137,6.452499866485596,4.175190448760986,1957600,TPR,yfinance,2026-02-10T05:10:38.179198+00:00
2002-07-08,6.460000038146973,6.612500190734863,6.367499828338623,6.434999942779541,4.163867473602295,3229600,TPR,yfinance,2026-02-10T05:10:38.179198+00:00
2002-07-09,6.497499942779541,6.607500076293945,6.125,6.15749979019165,3.9843058586120605,5236800,TPR,yfinance,2026-02-10T05:10:38.179198+00:00
2002-07-10,6.125,6.127500057220459,5.800000190734863,5.800000190734863,3.7529795169830322,6991600,TPR,yfinance,2026-02-10T05:10:38.179198+00:00
2002-07-11,5.300000190734863,5.824999809265137,5.300000190734863,5.802499771118164,3.7545979022979736,7337600,TPR,yfinance,2026-02-10T05:10:38.179198+00:00
2002-07-12,5.787499904632568,6.050000190734863,5.65749979019165,5.675000190734863,3.6720969676971436,3744000,TPR,yfinance,2026-02-10T05:10:38.179198+00:00
2002-07-15,5.587500095367432,5.71750020980835,5.175000190734863,5.4375,3.518418073654175,5030000,TPR,yfinance,2026-02-10T05:10:38.179198+00:00
2002-07-16,5.375,5.497499942779541,5.125,5.25,3.3970940113067627,3825200,TPR,yfinance,2026-02-10T05:10:38.179198+00:00
2002-07-17,5.375,5.682499885559082,5.027500152587891,5.175000190734863,3.348565101623535,4806400,TPR,yfinance,2026-02-10T05:10:38.179198+00:00
2002-07-18,5.177499771118164,5.247499942779541,5.0625,5.09499979019165,3.2967967987060547,4496800,TPR,yfinance,2026-02-10T05:10:38.179198+00:00
2002-07-19,4.827499866485596,5.0,4.75,4.880000114440918,3.157679557800293,5102800,TPR,yfinance,2026-02-10T05:10:38.179198+00:00
2002-07-22,4.755000114440918,4.909999847412109,4.505000114440918,4.804999828338623,3.109149694442749,3633200,TPR,yfinance,2026-02-10T05:10:38.179198+00:00
2002-07-23,4.762499809265137,4.762499809265137,4.4375,4.53249979019165,2.9328250885009766,6565600,TPR,yfinance,2026-02-10T05:10:38.179198+00:00
2002-07-24,4.4375,5.264999866485596,4.297500133514404,5.252500057220459,3.3987109661102295,4628400,TPR,yfinance,2026-02-10T05:10:38.179198+00:00
2002-07-25,5.300000190734863,5.875,5.0,5.202499866485596,3.3663580417633057,6919600,TPR,yfinance,2026-02-10T05:10:38.179198+00:00
2002-07-26,5.375,5.612500190734863,5.324999809265137,5.474999904632568,3.5426838397979736,3934000,TPR,yfinance,2026-02-10T05:10:38.179198+00:00
2002-07-29,5.8125,6.324999809265137,5.75,6.179999828338623,3.9988644123077393,7924000,TPR,yfinance,2026-02-10T05:10:38.179198+00:00
2002-07-30,6.21750020980835,6.375,5.75,5.880000114440918,3.8047449588775635,7342800,TPR,yfinance,2026-02-10T05:10:38.179198+00:00
2002-07-31,5.880000114440918,5.880000114440918,5.5,5.699999809265137,3.688274383544922,6842400,TPR,yfinance,2026-02-10T05:10:38.179198+00:00
2002-08-01,5.697500228881836,5.697500228881836,5.449999809265137,5.579999923706055,3.610626697540283,3848400,TPR,yfinance,2026-02-10T05:10:38.179198+00:00
2002-08-02,5.550000190734863,5.579999923706055,5.449999809265137,5.579999923706055,3.610626697540283,5260000,TPR,yfinance,2026-02-10T05:10:38.179198+00:00
2002-08-05,5.525000095367432,5.537499904632568,5.387499809265137,5.425000190734863,3.510331153869629,3686800,TPR,yfinance,2026-02-10T05:10:38.179198+00:00
2002-08-06,5.6875,5.877500057220459,5.5,5.875,3.8015098571777344,4976400,TPR,yfinance,2026-02-10T05:10:38.179198+00:00
2002-08-07,6.0,6.085000038146973,5.5625,5.800000190734863,3.7529795169830322,3884000,TPR,yfinance,2026-02-10T05:10:38.179198+00:00
2002-08-08,5.775000095367432,5.90749979019165,5.627500057220459,5.867499828338623,3.7966580390930176,2866400,TPR,yfinance,2026-02-10T05:10:38.179198+00:00
2002-08-09,5.849999904632568,6.150000095367432,5.755000114440918,6.137499809265137,3.9713635444641113,2612000,TPR,yfinance,2026-02-10T05:10:38.179198+00:00
2002-08-12,6.125,6.125,5.925000190734863,5.940000057220459,3.8435685634613037,3857600,TPR,yfinance,2026-02-10T05:10:38.179198+00:00
2002-08-13,5.949999809265137,6.357500076293945,5.947500228881836,6.212500095367432,4.019895076751709,4939600,TPR,yfinance,2026-02-10T05:10:38.179198+00:00
2002-08-14,6.212500095367432,6.397500038146973,5.974999904632568,6.375,4.125043869018555,4639600,TPR,yfinance,2026-02-10T05:10:38.179198+00:00
2002-08-15,6.375,6.744999885559082,6.375,6.744999885559082,4.364456653594971,4487200,TPR,yfinance,2026-02-10T05:10:38.179198+00:00
2002-08-16,6.744999885559082,6.875,6.652500152587891,6.815000057220459,4.40975284576416,3780000,TPR,yfinance,2026-02-10T05:10:38.179198+00:00
2002-08-19,6.815000057220459,6.824999809265137,6.65500020980835,6.8125,4.4081339836120605,3198800,TPR,yfinance,2026-02-10T05:10:38.179198+00:00
2002-08-20,6.75,6.849999904632568,6.542500019073486,6.824999809265137,4.416222095489502,2983200,TPR,yfinance,2026-02-10T05:10:38.179198+00:00
2002-08-21,6.847499847412109,7.0625,6.647500038146973,6.744999885559082,4.364456653594971,4099200,TPR,yfinance,2026-02-10T05:10:38.179198+00:00
2002-08-22,6.742499828338623,6.787499904632568,6.565000057220459,6.75,4.367691993713379,2893200,TPR,yfinance,2026-02-10T05:10:38.179198+00:00
2002-08-23,6.650000095367432,6.724999904632568,6.550000190734863,6.630000114440918,4.290043354034424,2185600,TPR,yfinance,2026-02-10T05:10:38.179198+00:00
2002-08-26,6.599999904632568,6.727499961853027,6.487500190734863,6.727499961853027,4.353134632110596,2112000,TPR,yfinance,2026-02-10T05:10:38.179198+00:00
2002-08-27,6.5,6.724999904632568,6.474999904632568,6.630000114440918,4.290043354034424,4786000,TPR,yfinance,2026-02-10T05:10:38.179198+00:00
2002-08-28,6.512499809265137,6.574999809265137,6.412499904632568,6.429999828338623,4.1606316566467285,3953600,TPR,yfinance,2026-02-10T05:10:38.179198+00:00
2002-08-29,6.337500095367432,6.337500095367432,6.252500057220459,6.252500057220459,4.045775890350342,3590400,TPR,yfinance,2026-02-10T05:10:38.179198+00:00
2002-08-30,6.005000114440918,6.324999809265137,6.005000114440918,6.15749979019165,3.9843058586120605,3006000,TPR,yfinance,2026-02-10T05:10:38.179198+00:00
2002-09-03,6.422500133514404,6.53000020980835,6.224999904632568,6.53000020980835,4.225336074829102,8285600,TPR,yfinance,2026-02-10T05:10:38.179198+00:00
2002-09-04,6.53000020980835,7.224999904632568,6.5,7.224999904632568,4.675048351287842,7504000,TPR,yfinance,2026-02-10T05:10:38.179198+00:00
2002-09-05,7.074999809265137,7.222499847412109,6.867499828338623,6.929999828338623,4.484163284301758,5051200,TPR,yfinance,2026-02-10T05:10:38.179198+00:00
2002-09-06,7.0,7.347499847412109,7.0,7.295000076293945,4.720344066619873,3699600,TPR,yfinance,2026-02-10T05:10:38.179198+00:00
2002-09-09,7.25,7.369999885559082,7.244999885559082,7.340000152587891,4.749462127685547,2573600,TPR,yfinance,2026-02-10T05:10:38.179198+00:00
2002-09-10,7.400000095367432,7.425000190734863,7.242499828338623,7.337500095367432,4.7478437423706055,2085600,TPR,yfinance,2026-02-10T05:10:38.179198+00:00
2002-09-11,7.375,7.400000095367432,7.275000095367432,7.3125,4.73166561126709,1950000,TPR,yfinance,2026-02-10T05:10:38.179198+00:00
2002-09-12,7.212500095367432,7.212500095367432,6.957499980926514,7.012499809265137,4.537548065185547,4111600,TPR,yfinance,2026-02-10T05:10:38.179198+00:00
2002-09-13,6.949999809265137,7.260000228881836,6.802499771118164,7.244999885559082,4.687988758087158,2984000,TPR,yfinance,2026-02-10T05:10:38.179198+00:00
2002-09-16,7.212500095367432,7.492499828338623,7.207499980926514,7.257500171661377,4.696077346801758,6320400,TPR,yfinance,2026-02-10T05:10:38.179198+00:00
2002-09-17,7.320000171661377,7.375,7.077499866485596,7.107500076293945,4.599018096923828,3318800,TPR,yfinance,2026-02-10T05:10:38.179198+00:00
2002-09-18,7.025000095367432,7.300000190734863,7.0,7.264999866485596,4.700932025909424,2609600,TPR,yfinance,2026-02-10T05:10:38.179198+00:00
2002-09-19,7.142499923706055,7.25,7.097499847412109,7.132500171661377,4.615194320678711,1773200,TPR,yfinance,2026-02-10T05:10:38.179198+00:00
2002-09-20,7.132500171661377,7.21750020980835,6.925000190734863,7.034999847412109,4.552106857299805,2178000,TPR,yfinance,2026-02-10T05:10:38.179198+00:00
2002-09-23,6.90749979019165,6.96999979019165,6.75,6.875,4.448574542999268,3136800,TPR,yfinance,2026-02-10T05:10:38.179198+00:00
2002-09-24,6.6875,6.837500095367432,6.637499809265137,6.690000057220459,4.328867435455322,3343600,TPR,yfinance,2026-02-10T05:10:38.179198+00:00
2002-09-25,6.875,6.9375,6.727499961853027,6.914999961853027,4.474457740783691,2574800,TPR,yfinance,2026-02-10T05:10:38.179198+00:00
2002-09-26,6.897500038146973,7.037499904632568,6.824999809265137,7.022500038146973,4.544018268585205,2574000,TPR,yfinance,2026-02-10T05:10:38.179198+00:00
2002-09-27,6.974999904632568,7.0,6.752500057220459,6.777500152587891,4.385486602783203,2670000,TPR,yfinance,2026-02-10T05:10:38.179198+00:00
2002-09-30,6.574999809265137,6.650000095367432,6.400000095367432,6.400000095367432,4.141219139099121,4289200,TPR,yfinance,2026-02-10T05:10:38.179198+00:00
2002-10-01,6.375,6.375,5.630000114440918,6.352499961853027,4.110482215881348,9968400,TPR,yfinance,2026-02-10T05:10:38.179198+00:00
2002-10-02,6.492499828338623,6.492499828338623,6.099999904632568,6.202499866485596,4.013423919677734,3882800,TPR,yfinance,2026-02-10T05:10:38.179198+00:00
2002-10-03,6.204999923706055,6.324999809265137,6.175000190734863,6.272500038146973,4.058717727661133,4438400,TPR,yfinance,2026-02-10T05:10:38.179198+00:00
2002-10-04,6.4375,6.4375,6.050000190734863,6.247499942779541,4.04254150390625,3736400,TPR,yfinance,2026-02-10T05:10:38.179198+00:00
2002-10-07,6.25,6.25,5.699999809265137,5.929999828338623,3.837097644805908,4616400,TPR,yfinance,2026-02-10T05:10:38.179198+00:00
2002-10-08,6.079999923706055,6.21750020980835,5.877500057220459,6.175000190734863,3.9956300258636475,2815600,TPR,yfinance,2026-02-10T05:10:38.179198+00:00
2002-10-09,6.050000190734863,6.144999980926514,5.894999980926514,5.897500038146973,3.8160696029663086,1702800,TPR,yfinance,2026-02-10T05:10:38.179198+00:00
2002-10-10,5.727499961853027,6.199999809265137,5.625,6.070000171661377,3.9276885986328125,2871200,TPR,yfinance,2026-02-10T05:10:38.179198+00:00
2002-10-11,6.375,6.514999866485596,6.25,6.375,4.125043869018555,3088000,TPR,yfinance,2026-02-10T05:10:38.179198+00:00
2002-10-14,6.324999809265137,6.675000190734863,6.25,6.545000076293945,4.235043525695801,1736400,TPR,yfinance,2026-02-10T05:10:38.179198+00:00
2002-10-15,7.125,7.300000190734863,6.949999809265137,7.244999885559082,4.687988758087158,5940400,TPR,yfinance,2026-02-10T05:10:38.179198+00:00
2002-10-16,7.0625,7.212500095367432,6.75,6.960000038146973,4.503575801849365,3736800,TPR,yfinance,2026-02-10T05:10:38.179198+00:00
2002-10-17,7.425000190734863,7.425000190734863,7.175000190734863,7.40749979019165,4.793138027191162,4674400,TPR,yfinance,2026-02-10T05:10:38.179198+00:00
2002-10-18,7.40749979019165,7.425000190734863,7.224999904632568,7.289999961853027,4.717106342315674,2871200,TPR,yfinance,2026-02-10T05:10:38.179198+00:00
2002-10-21,7.199999809265137,7.559999942779541,7.150000095367432,7.355000019073486,4.759164810180664,3520400,TPR,yfinance,2026-02-10T05:10:38.179198+00:00
2002-10-22,7.372499942779541,7.672500133514404,7.300000190734863,7.349999904632568,4.755931854248047,7862400,TPR,yfinance,2026-02-10T05:10:38.179198+00:00
2002-10-23,7.349999904632568,7.947500228881836,7.287499904632568,7.947500228881836,5.142551898956299,7223200,TPR,yfinance,2026-02-10T05:10:38.179198+00:00
2002-10-24,8.010000228881836,8.272500038146973,7.9375,7.972499847412109,5.158731460571289,11252400,TPR,yfinance,2026-02-10T05:10:38.179198+00:00
2002-10-25,7.875,8.0600004196167,7.827499866485596,7.96750020980835,5.155494213104248,3856800,TPR,yfinance,2026-02-10T05:10:38.179198+00:00
2002-10-28,8.0625,8.1225004196167,7.627500057220459,7.675000190734863,4.966227054595947,3499600,TPR,yfinance,2026-02-10T05:10:38.179198+00:00
2002-10-29,7.449999809265137,7.675000190734863,7.247499942779541,7.667500019073486,4.9613752365112305,4116400,TPR,yfinance,2026-02-10T05:10:38.179198+00:00
2002-10-30,7.675000190734863,7.727499961853027,7.375,7.414999961853027,4.797992706298828,2179200,TPR,yfinance,2026-02-10T05:10:38.179198+00:00
2002-10-31,7.425000190734863,7.537499904632568,7.382500171661377,7.4375,4.8125505447387695,3069200,TPR,yfinance,2026-02-10T05:10:38.179198+00:00
2002-11-01,7.4375,7.909999847412109,7.375,7.849999904632568,5.079464912414551,4704800,TPR,yfinance,2026-02-10T05:10:38.179198+00:00
2002-11-04,8.012499809265137,8.069999694824219,7.684999942779541,7.6875,4.974316120147705,2715200,TPR,yfinance,2026-02-10T05:10:38.179198+00:00
2002-11-05,7.6875,7.704999923706055,7.527500152587891,7.619999885559082,4.930640697479248,2498800,TPR,yfinance,2026-02-10T05:10:38.179198+00:00
2002-11-06,7.599999904632568,7.994999885559082,7.599999904632568,7.887499809265137,5.103729724884033,3129600,TPR,yfinance,2026-02-10T05:10:38.179198+00:00
2002-11-07,7.900000095367432,7.949999809265137,7.599999904632568,7.650000095367432,4.950050354003906,2529600,TPR,yfinance,2026-02-10T05:10:38.179198+00:00
2002-11-08,7.650000095367432,7.675000190734863,7.392499923706055,7.434999942779541,4.810932636260986,2066800,TPR,yfinance,2026-02-10T05:10:38.179198+00:00
2002-11-11,7.434999942779541,7.434999942779541,7.0,7.127500057220459,4.6119608879089355,2419600,TPR,yfinance,2026-02-10T05:10:38.179198+00:00
2002-11-12,7.400000095367432,7.75,7.300000190734863,7.625,4.933874607086182,3786000,TPR,yfinance,2026-02-10T05:10:38.179198+00:00
2002-11-13,7.625,7.997499942779541,7.480000019073486,7.727499961853027,5.000198841094971,3532400,TPR,yfinance,2026-02-10T05:10:38.179198+00:00
2002-11-14,7.8125,7.9375,7.6875,7.769999980926514,5.027699947357178,2671600,TPR,yfinance,2026-02-10T05:10:38.179198+00:00
2002-11-15,7.775000095367432,7.994999885559082,7.715000152587891,7.875,5.095639705657959,2958400,TPR,yfinance,2026-02-10T05:10:38.179198+00:00
2002-11-18,8.09000015258789,8.1225004196167,7.820000171661377,7.952499866485596,5.145788669586182,3922400,TPR,yfinance,2026-02-10T05:10:38.179198+00:00
2002-11-19,7.954999923706055,8.052499771118164,7.800000190734863,7.875,5.095639705657959,2088000,TPR,yfinance,2026-02-10T05:10:38.179198+00:00
2002-11-20,7.900000095367432,8.1875,7.875,8.135000228881836,5.263878345489502,2276400,TPR,yfinance,2026-02-10T05:10:38.179198+00:00
2002-11-21,8.260000228881836,8.557499885559082,8.260000228881836,8.4375,5.459615230560303,5511200,TPR,yfinance,2026-02-10T05:10:38.179198+00:00
2002-11-22,8.449999809265137,8.537500381469727,8.125,8.164999961853027,5.283289909362793,3856800,TPR,yfinance,2026-02-10T05:10:38.179198+00:00
2002-11-25,8.164999961853027,8.319999694824219,7.957499980926514,8.305000305175781,5.373879432678223,4265200,TPR,yfinance,2026-02-10T05:10:38.179198+00:00
2002-11-26,8.319999694824219,8.462499618530273,8.085000038146973,8.102499961853027,5.242849349975586,3891600,TPR,yfinance,2026-02-10T05:10:38.179198+00:00
2002-11-27,8.375,8.47249984741211,8.289999961853027,8.47249984741211,5.482262134552002,3093200,TPR,yfinance,2026-02-10T05:10:38.179198+00:00
2002-11-29,8.625,8.640000343322754,8.5,8.505000114440918,5.503290176391602,1133600,TPR,yfinance,2026-02-10T05:10:38.179198+00:00
2002-12-02,8.912500381469727,8.925000190734863,8.505000114440918,8.617500305175781,5.576089382171631,2783200,TPR,yfinance,2026-02-10T05:10:38.179198+00:00
2002-12-03,8.602499961853027,8.699999809265137,8.475000381469727,8.477499961853027,5.485498428344727,2823600,TPR,yfinance,2026-02-10T05:10:38.179198+00:00
2002-12-04,8.337499618530273,8.625,8.255000114440918,8.524999618530273,5.516233921051025,2688400,TPR,yfinance,2026-02-10T05:10:38.179198+00:00
2002-12-05,8.619999885559082,8.619999885559082,8.164999961853027,8.257499694824219,5.343145370483398,2978000,TPR,yfinance,2026-02-10T05:10:38.179198+00:00
2002-12-06,8.052499771118164,8.4975004196167,8.02750015258789,8.477499961853027,5.485498428344727,2293200,TPR,yfinance,2026-02-10T05:10:38.179198+00:00
2002-12-09,8.125,8.324999809265137,7.707499980926514,7.737500190734863,5.00667142868042,8016800,TPR,yfinance,2026-02-10T05:10:38.179198+00:00
2002-12-10,7.762499809265137,8.100000381469727,7.75,8.052499771118164,5.210495948791504,5030800,TPR,yfinance,2026-02-10T05:10:38.179198+00:00
2002-12-11,8.024999618530273,8.234999656677246,7.9375,8.077500343322754,5.22667121887207,2051600,TPR,yfinance,2026-02-10T05:10:38.179198+00:00
2002-12-12,8.149999618530273,8.359999656677246,8.0649995803833,8.3100004196167,5.377115249633789,3000800,TPR,yfinance,2026-02-10T05:10:38.179198+00:00
2002-12-13,8.237500190734863,8.262499809265137,8.085000038146973,8.125,5.257407188415527,1830000,TPR,yfinance,2026-02-10T05:10:38.179198+00:00
2002-12-16,8.225000381469727,8.484999656677246,8.135000228881836,8.317500114440918,5.381967067718506,3036800,TPR,yfinance,2026-02-10T05:10:38.179198+00:00
2002-12-17,8.302499771118164,8.3149995803833,8.1899995803833,8.262499809265137,5.346380710601807,2693200,TPR,yfinance,2026-02-10T05:10:38.179198+00:00
2002-12-18,8.225000381469727,8.227499961853027,7.862500190734863,7.920000076293945,5.124759197235107,3094400,TPR,yfinance,2026-02-10T05:10:38.179198+00:00
2002-12-19,8.100000381469727,8.3725004196167,8.029999732971191,8.037500381469727,5.200788497924805,3483600,TPR,yfinance,2026-02-10T05:10:38.179198+00:00
2002-12-20,8.140000343322754,8.390000343322754,8.140000343322754,8.350000381469727,5.40299654006958,3067200,TPR,yfinance,2026-02-10T05:10:38.179198+00:00
2002-12-23,8.329999923706055,8.352499961853027,8.050000190734863,8.085000038146973,5.2315239906311035,2828800,TPR,yfinance,2026-02-10T05:10:38.179198+00:00
2002-12-24,8.0625,8.069999694824219,8.0,8.015000343322754,5.186230182647705,2209600,TPR,yfinance,2026-02-10T05:10:38.179198+00:00
2002-12-26,8.0600004196167,8.337499618530273,8.012499809265137,8.147500038146973,5.271966934204102,1449600,TPR,yfinance,2026-02-10T05:10:38.179198+00:00
2002-12-27,8.09000015258789,8.149999618530273,7.875,7.877500057220459,5.097258567810059,1668400,TPR,yfinance,2026-02-10T05:10:38.179198+00:00
2002-12-30,8.0,8.28499984741211,7.849999904632568,8.239999771118164,5.331821441650391,3146800,TPR,yfinance,2026-02-10T05:10:38.179198+00:00
2002-12-31,8.270000457763672,8.305000305175781,8.029999732971191,8.229999542236328,5.325349807739258,4086800,TPR,yfinance,2026-02-10T05:10:38.179198+00:00
2003-01-02,8.40999984741211,8.5,8.300000190734863,8.432499885559082,5.456380844116211,3895600,TPR,yfinance,2026-02-10T05:10:38.179198+00:00
2003-01-03,8.462499618530273,8.494999885559082,8.270000457763672,8.3149995803833,5.380349636077881,1970000,TPR,yfinance,2026-02-10T05:10:38.179198+00:00
2003-01-06,8.3149995803833,8.462499618530273,8.204999923706055,8.447500228881836,5.466086387634277,3970800,TPR,yfinance,2026-02-10T05:10:38.179198+00:00
2003-01-07,8.510000228881836,8.737500190734863,8.475000381469727,8.647500038146973,5.595498561859131,6397600,TPR,yfinance,2026-02-10T05:10:38.179198+00:00
2003-01-08,8.707500457763672,8.75,8.1875,8.40999984741211,5.4418206214904785,6080000,TPR,yfinance,2026-02-10T05:10:38.179198+00:00
2003-01-09,8.25,8.550000190734863,8.25,8.345000267028809,5.39976167678833,5068400,TPR,yfinance,2026-02-10T05:10:38.179198+00:00
2003-01-10,8.25,8.5,8.242500305175781,8.350000381469727,5.40299654006958,3348800,TPR,yfinance,2026-02-10T05:10:38.179198+00:00
2003-01-13,8.385000228881836,8.4375,7.802499771118164,7.989999771118164,5.1700544357299805,8259200,TPR,yfinance,2026-02-10T05:10:38.179198+00:00
2003-01-14,7.992499828338623,7.994999885559082,7.5,7.587500095367432,4.909609317779541,9292400,TPR,yfinance,2026-02-10T05:10:38.179198+00:00
2003-01-15,7.597499847412109,7.724999904632568,7.349999904632568,7.6875,4.974316120147705,7184400,TPR,yfinance,2026-02-10T05:10:38.179198+00:00
2003-01-16,7.792500019073486,7.807499885559082,7.650000095367432,7.78249979019165,5.035787582397461,3538800,TPR,yfinance,2026-02-10T05:10:38.179198+00:00
2003-01-17,7.744999885559082,7.875,7.557499885559082,7.565000057220459,4.8950514793396,2723600,TPR,yfinance,2026-02-10T05:10:38.179198+00:00
2003-01-21,7.627500057220459,7.804999828338623,7.257500171661377,7.292500019073486,4.718724250793457,4673200,TPR,yfinance,2026-02-10T05:10:38.179198+00:00
2003-01-22,7.5625,8.25,7.5625,8.119999885559082,5.254171371459961,14788000,TPR,yfinance,2026-02-10T05:10:38.179198+00:00
2003-01-23,8.199999809265137,8.207500457763672,7.912499904632568,8.162500381469727,5.281672954559326,6254400,TPR,yfinance,2026-02-10T05:10:38.179198+00:00
2003-01-24,8.125,8.175000190734863,7.940000057220459,8.024999618530273,5.19270133972168,3674400,TPR,yfinance,2026-02-10T05:10:38.179198+00:00
2003-01-27,7.962500095367432,7.965000152587891,7.730000019073486,7.84499979019165,5.076228618621826,3124800,TPR,yfinance,2026-02-10T05:10:38.179198+00:00
2003-01-28,7.949999809265137,7.974999904632568,7.755000114440918,7.929999828338623,5.131230354309082,2909600,TPR,yfinance,2026-02-10T05:10:38.179198+00:00
2003-01-29,7.900000095367432,7.987500190734863,7.710000038146973,7.985000133514404,5.166818618774414,3122400,TPR,yfinance,2026-02-10T05:10:38.179198+00:00
2003-01-30,8.02750015258789,8.175000190734863,7.962500095367432,8.055000305175781,5.212114334106445,4091200,TPR,yfinance,2026-02-10T05:10:38.179198+00:00
2003-01-31,8.0,8.057499885559082,7.849999904632568,7.987500190734863,5.168437480926514,2813600,TPR,yfinance,2026-02-10T05:10:38.179198+00:00
2003-02-03,8.007499694824219,8.125,7.875,8.050000190734863,5.208877086639404,3162400,TPR,yfinance,2026-02-10T05:10:38.179198+00:00
2003-02-04,7.949999809265137,7.977499961853027,7.837500095367432,7.972499847412109,5.158731460571289,2842800,TPR,yfinance,2026-02-10T05:10:38.179198+00:00
2003-02-05,8.09749984741211,8.350000381469727,8.050000190734863,8.154999732971191,5.276820659637451,5068400,TPR,yfinance,2026-02-10T05:10:38.179198+00:00
2003-02-06,8.052499771118164,8.199999809265137,8.032500267028809,8.072500228881836,5.223437309265137,2993600,TPR,yfinance,2026-02-10T05:10:38.179198+00:00
2003-02-07,8.072500228881836,8.09749984741211,7.75,7.792500019073486,5.042258262634277,2740400,TPR,yfinance,2026-02-10T05:10:38.179198+00:00
2003-02-10,7.775000095367432,7.872499942779541,7.579999923706055,7.852499961853027,5.081081867218018,3221600,TPR,yfinance,2026-02-10T05:10:38.179198+00:00
2003-02-11,7.974999904632568,8.0,7.795000076293945,7.832499980926514,5.068141460418701,2593600,TPR,yfinance,2026-02-10T05:10:38.179198+00:00
2003-02-12,7.777500152587891,7.832499980926514,7.602499961853027,7.699999809265137,4.982404708862305,2852400,TPR,yfinance,2026-02-10T05:10:38.179198+00:00
2003-02-13,7.762499809265137,7.762499809265137,7.449999809265137,7.590000152587891,4.91122579574585,4349200,TPR,yfinance,2026-02-10T05:10:38.179198+00:00
2003-02-14,7.612500190734863,7.987500190734863,7.590000152587891,7.945000171661377,5.140934944152832,4353200,TPR,yfinance,2026-02-10T05:10:38.179198+00:00
2003-02-18,8.050000190734863,8.25,8.0,8.199999809265137,5.305936813354492,2829600,TPR,yfinance,2026-02-10T05:10:38.179198+00:00
2003-02-19,8.137499809265137,8.25,8.005000114440918,8.104999542236328,5.244465351104736,2655200,TPR,yfinance,2026-02-10T05:10:38.179198+00:00
2003-02-20,8.125,8.237500190734863,8.077500343322754,8.130000114440918,5.260643482208252,2647200,TPR,yfinance,2026-02-10T05:10:38.179198+00:00
2003-02-21,8.192500114440918,8.3125,8.03499984741211,8.3125,5.378733158111572,2730000,TPR,yfinance,2026-02-10T05:10:38.179198+00:00
2003-02-24,8.225000381469727,8.225000381469727,7.900000095367432,7.925000190734863,5.127994537353516,3921200,TPR,yfinance,2026-02-10T05:10:38.179198+00:00
2003-02-25,8.225000381469727,8.492500305175781,7.925000190734863,8.492500305175781,5.495204448699951,9320000,TPR,yfinance,2026-02-10T05:10:38.179198+00:00
2003-02-26,8.375,8.492500305175781,8.3149995803833,8.484999656677246,5.490351676940918,5206800,TPR,yfinance,2026-02-10T05:10:38.179198+00:00
2003-02-27,8.5,8.625,8.425000190734863,8.6225004196167,5.579320907592773,4153600,TPR,yfinance,2026-02-10T05:10:38.179198+00:00
2003-02-28,8.6225004196167,8.949999809265137,8.587499618530273,8.932499885559082,5.779914855957031,7028000,TPR,yfinance,2026-02-10T05:10:38.179198+00:00
2003-03-03,9.0,9.125,8.792499542236328,8.857500076293945,5.731385231018066,5049200,TPR,yfinance,2026-02-10T05:10:38.179198+00:00
2003-03-04,8.850000381469727,8.857500076293945,8.662500381469727,8.699999809265137,5.629469871520996,3912000,TPR,yfinance,2026-02-10T05:10:38.179198+00:00
2003-03-05,8.729999542236328,8.850000381469727,8.645000457763672,8.837499618530273,5.718441963195801,3819600,TPR,yfinance,2026-02-10T05:10:38.179198+00:00
2003-03-06,8.699999809265137,9.005000114440918,8.699999809265137,8.970000267028809,5.804178714752197,3793600,TPR,yfinance,2026-02-10T05:10:38.179198+00:00
2003-03-07,8.970000267028809,9.1850004196167,8.619999885559082,9.137499809265137,5.91256046295166,4202000,TPR,yfinance,2026-02-10T05:10:38.179198+00:00
2003-03-10,9.017499923706055,9.020000457763672,8.875,8.954999923706055,5.794471740722656,2564400,TPR,yfinance,2026-02-10T05:10:38.179198+00:00
2003-03-11,8.970000267028809,9.0625,8.875,9.039999961853027,5.849472522735596,4882000,TPR,yfinance,2026-02-10T05:10:38.179198+00:00
2003-03-12,9.039999961853027,9.25,9.039999961853027,9.21500015258789,5.962710857391357,7072000,TPR,yfinance,2026-02-10T05:10:38.179198+00:00
2003-03-13,9.397500038146973,9.427499771118164,9.2524995803833,9.332500457763672,6.038741588592529,6180000,TPR,yfinance,2026-02-10T05:10:38.179198+00:00
2003-03-14,9.357500076293945,9.407500267028809,9.180000305175781,9.244999885559082,5.98212194442749,6040800,TPR,yfinance,2026-02-10T05:10:38.179198+00:00
2003-03-17,9.244999885559082,9.760000228881836,9.125,9.699999809265137,6.2765350341796875,5327200,TPR,yfinance,2026-02-10T05:10:38.179198+00:00
2003-03-18,9.850000381469727,9.850000381469727,9.5625,9.625,6.2280049324035645,3060400,TPR,yfinance,2026-02-10T05:10:38.179198+00:00
2003-03-19,9.662500381469727,9.6875,9.462499618530273,9.65999984741211,6.25065279006958,3487200,TPR,yfinance,2026-02-10T05:10:38.179198+00:00
2003-03-20,9.662500381469727,9.75,9.467499732971191,9.75,6.308889389038086,3390400,TPR,yfinance,2026-02-10T05:10:38.179198+00:00
2003-03-21,9.75,9.9975004196167,9.6899995803833,9.982500076293945,6.459334373474121,4106000,TPR,yfinance,2026-02-10T05:10:38.179198+00:00
2003-03-24,9.984999656677246,9.984999656677246,9.420000076293945,9.46500015258789,6.124474048614502,5694000,TPR,yfinance,2026-02-10T05:10:38.179198+00:00
2003-03-25,9.52750015258789,9.994999885559082,9.520000457763672,9.925000190734863,6.42212438583374,8078800,TPR,yfinance,2026-02-10T05:10:38.179198+00:00
2003-03-26,9.925000190734863,9.927499771118164,9.625,9.625,6.2280049324035645,4804400,TPR,yfinance,2026-02-10T05:10:38.179198+00:00
2003-03-27,9.5649995803833,9.670000076293945,9.477499961853027,9.632499694824219,6.232857704162598,4422000,TPR,yfinance,2026-02-10T05:10:38.179198+00:00
2003-03-28,9.600000381469727,9.680000305175781,9.532500267028809,9.574999809265137,6.195652484893799,1954000,TPR,yfinance,2026-02-10T05:10:38.179198+00:00
2003-03-31,9.337499618530273,9.699999809265137,9.3125,9.582500457763672,6.200504302978516,2710800,TPR,yfinance,2026-02-10T05:10:38.179198+00:00
2003-04-01,9.625,9.632499694824219,9.25,9.452500343322754,6.116387367248535,4422400,TPR,yfinance,2026-02-10T05:10:38.179198+00:00
2003-04-02,9.837499618530273,9.837499618530273,9.59000015258789,9.632499694824219,6.232857704162598,7526000,TPR,yfinance,2026-02-10T05:10:38.179198+00:00
2003-04-03,9.635000228881836,9.795000076293945,9.625,9.707500457763672,6.2813873291015625,5224800,TPR,yfinance,2026-02-10T05:10:38.179198+00:00
2003-04-04,9.8100004196167,9.84749984741211,9.587499618530273,9.635000228881836,6.234477996826172,2662400,TPR,yfinance,2026-02-10T05:10:38.179198+00:00
2003-04-07,9.862500190734863,10.007499694824219,9.837499618530273,9.899999618530273,6.405949115753174,4622000,TPR,yfinance,2026-02-10T05:10:38.179198+00:00
2003-04-08,9.899999618530273,9.899999618530273,9.712499618530273,9.75,6.308889389038086,4046800,TPR,yfinance,2026-02-10T05:10:38.179198+00:00
2003-04-09,9.75,9.832500457763672,9.524999618530273,9.579999923706055,6.198884963989258,2722800,TPR,yfinance,2026-02-10T05:10:38.179198+00:00
2003-04-10,9.579999923706055,9.7475004196167,9.537500381469727,9.742500305175781,6.304036617279053,3926000,TPR,yfinance,2026-02-10T05:10:38.179198+00:00
2003-04-11,9.802499771118164,9.8725004196167,9.574999809265137,9.625,6.2280049324035645,2106800,TPR,yfinance,2026-02-10T05:10:38.179198+00:00
2003-04-14,9.375,9.632499694824219,9.375,9.604999542236328,6.215063571929932,5294800,TPR,yfinance,2026-02-10T05:10:38.179198+00:00
2003-04-15,9.630000114440918,9.630000114440918,9.449999809265137,9.569999694824219,6.192417144775391,4005600,TPR,yfinance,2026-02-10T05:10:38.179198+00:00
2003-04-16,9.569999694824219,9.670000076293945,9.25,9.270000457763672,5.998297691345215,3832000,TPR,yfinance,2026-02-10T05:10:38.179198+00:00
2003-04-17,9.287500381469727,9.537500381469727,9.024999618530273,9.532500267028809,6.168153762817383,3574000,TPR,yfinance,2026-02-10T05:10:38.179198+00:00
2003-04-21,9.532500267028809,9.667499542236328,9.5,9.625,6.2280049324035645,3120800,TPR,yfinance,2026-02-10T05:10:38.179198+00:00
2003-04-22,9.824999809265137,10.692500114440918,9.824999809265137,10.635000228881836,6.881540298461914,13688000,TPR,yfinance,2026-02-10T05:10:38.179198+00:00
2003-04-23,10.635000228881836,10.792499542236328,10.542499542236328,10.672499656677246,6.905807971954346,7061200,TPR,yfinance,2026-02-10T05:10:38.179198+00:00
2003-04-24,10.672499656677246,10.672499656677246,10.399999618530273,10.550000190734863,6.826543807983398,3284400,TPR,yfinance,2026-02-10T05:10:38.179198+00:00
2003-04-25,10.550000190734863,10.550000190734863,10.212499618530273,10.292499542236328,6.659918785095215,4072400,TPR,yfinance,2026-02-10T05:10:38.179198+00:00
2003-04-28,10.399999618530273,10.800000190734863,10.329999923706055,10.75,6.955954074859619,3283600,TPR,yfinance,2026-02-10T05:10:38.179198+00:00
2003-04-29,10.837499618530273,11.050000190734863,10.710000038146973,10.852499961853027,7.022279739379883,2345200,TPR,yfinance,2026-02-10T05:10:38.179198+00:00
2003-04-30,10.789999961853027,10.984999656677246,10.725000381469727,10.8774995803833,7.038455009460449,2415600,TPR,yfinance,2026-02-10T05:10:38.179198+00:00
2003-05-01,10.8774995803833,10.8774995803833,10.6875,10.755000114440918,6.9591898918151855,3530400,TPR,yfinance,2026-02-10T05:10:38.179198+00:00
2003-05-02,10.755000114440918,11.125,10.75,11.024999618530273,7.1338982582092285,4122800,TPR,yfinance,2026-02-10T05:10:38.179198+00:00
2003-05-05,11.194999694824219,11.197500228881836,11.02750015258789,11.100000381469727,7.182428359985352,3930000,TPR,yfinance,2026-02-10T05:10:38.179198+00:00
2003-05-06,11.087499618530273,11.322500228881836,11.057499885559082,11.3100004196167,7.31831169128418,2987200,TPR,yfinance,2026-02-10T05:10:38.179198+00:00
2003-05-07,11.262499809265137,11.3725004196167,11.227499961853027,11.300000190734863,7.31184196472168,3594000,TPR,yfinance,2026-02-10T05:10:38.179198+00:00
2003-05-08,11.192500114440918,11.345000267028809,11.117500305175781,11.15999984741211,7.221253395080566,2748800,TPR,yfinance,2026-02-10T05:10:38.179198+00:00
2003-05-09,11.244999885559082,11.380000114440918,11.037500381469727,11.375,7.3603715896606445,3382800,TPR,yfinance,2026-02-10T05:10:38.179198+00:00
2003-05-12,11.362500190734863,11.6875,11.27750015258789,11.672499656677246,7.552872180938721,2633200,TPR,yfinance,2026-02-10T05:10:38.179198+00:00
2003-05-13,11.6875,11.795000076293945,11.552499771118164,11.677499771118164,7.5561065673828125,2366800,TPR,yfinance,2026-02-10T05:10:38.179198+00:00
2003-05-14,11.800000190734863,11.824999809265137,11.5600004196167,11.720000267028809,7.583606719970703,3347600,TPR,yfinance,2026-02-10T05:10:38.179198+00:00
2003-05-15,11.782500267028809,11.824999809265137,11.432499885559082,11.432499885559082,7.397579193115234,4688400,TPR,yfinance,2026-02-10T05:10:38.179198+00:00
2003-05-16,11.420000076293945,11.420000076293945,11.1225004196167,11.3125,7.319929599761963,4123200,TPR,yfinance,2026-02-10T05:10:38.179198+00:00
2003-05-19,11.3125,11.3125,10.699999809265137,10.774999618530273,6.972129821777344,4388400,TPR,yfinance,2026-02-10T05:10:38.179198+00:00
2003-05-20,10.75,10.942500114440918,10.712499618530273,10.805000305175781,6.991544723510742,3648400,TPR,yfinance,2026-02-10T05:10:38.179198+00:00
2003-05-21,10.787500381469727,11.199999809265137,10.7475004196167,11.1875,7.239048004150391,4669600,TPR,yfinance,2026-02-10T05:10:38.179198+00:00
2003-05-22,11.25,11.34749984741211,11.132499694824219,11.25,7.279489040374756,2485200,TPR,yfinance,2026-02-10T05:10:38.179198+00:00
2003-05-23,11.162500381469727,11.262499809265137,11.050000190734863,11.172499656677246,7.229338645935059,1530000,TPR,yfinance,2026-02-10T05:10:38.179198+00:00
2003-05-27,11.050000190734863,11.412500381469727,11.017499923706055,11.399999618530273,7.376548767089844,2926800,TPR,yfinance,2026-02-10T05:10:38.179198+00:00
2003-05-28,11.522500038146973,11.835000038146973,11.5,11.835000038146973,7.658022880554199,4671200,TPR,yfinance,2026-02-10T05:10:38.179198+00:00
2003-05-29,11.835000038146973,12.0,11.774999618530273,11.797499656677246,7.633754253387451,4254000,TPR,yfinance,2026-02-10T05:10:38.179198+00:00
2003-05-30,11.824999809265137,12.3125,11.774999618530273,12.282500267028809,7.947582721710205,7426400,TPR,yfinance,2026-02-10T05:10:38.179198+00:00
2003-06-02,12.7475004196167,13.107500076293945,12.522500038146973,12.712499618530273,8.225821495056152,9634000,TPR,yfinance,2026-02-10T05:10:38.179198+00:00
2003-06-03,12.52750015258789,12.635000228881836,12.462499618530273,12.617500305175781,8.164350509643555,5479200,TPR,yfinance,2026-02-10T05:10:38.179198+00:00
2003-06-04,12.725000381469727,12.837499618530273,12.65999984741211,12.77750015258789,8.267878532409668,3306800,TPR,yfinance,2026-02-10T05:10:38.179198+00:00
2003-06-05,12.772500038146973,13.382499694824219,12.677499771118164,13.220000267028809,8.554205894470215,5692800,TPR,yfinance,2026-02-10T05:10:38.179198+00:00
2003-06-06,13.319999694824219,13.362500190734863,13.020000457763672,13.157500267028809,8.513766288757324,3146000,TPR,yfinance,2026-02-10T05:10:38.179198+00:00
2003-06-09,13.117500305175781,13.170000076293945,12.8125,12.845000267028809,8.311556816101074,4014400,TPR,yfinance,2026-02-10T05:10:38.179198+00:00
2003-06-10,12.922499656677246,12.9350004196167,12.5625,12.710000038146973,8.224204063415527,5078800,TPR,yfinance,2026-02-10T05:10:38.179198+00:00
2003-06-11,12.710000038146973,12.800000190734863,12.550000190734863,12.797499656677246,8.280817985534668,4544000,TPR,yfinance,2026-02-10T05:10:38.179198+00:00
2003-06-12,12.962499618530273,13.0,12.755000114440918,12.907500267028809,8.351996421813965,2062400,TPR,yfinance,2026-02-10T05:10:38.179198+00:00
2003-06-13,12.845000267028809,12.917499542236328,12.625,12.917499542236328,8.358470916748047,2413200,TPR,yfinance,2026-02-10T05:10:38.179198+00:00
2003-06-16,12.977499961853027,12.9975004196167,12.699999809265137,12.960000038146973,8.385971069335938,3173200,TPR,yfinance,2026-02-10T05:10:38.179198+00:00
2003-06-17,13.007499694824219,13.010000228881836,12.412500381469727,12.460000038146973,8.062439918518066,5923600,TPR,yfinance,2026-02-10T05:10:38.179198+00:00
2003-06-18,12.452500343322754,12.717499732971191,12.260000228881836,12.697500228881836,8.216113090515137,5534400,TPR,yfinance,2026-02-10T05:10:38.179198+00:00
2003-06-19,12.712499618530273,12.8100004196167,12.550000190734863,12.737500190734863,8.241995811462402,3278800,TPR,yfinance,2026-02-10T05:10:38.179198+00:00
2003-06-20,12.737500190734863,12.737500190734863,12.587499618530273,12.699999809265137,8.217732429504395,2544400,TPR,yfinance,2026-02-10T05:10:38.179198+00:00
2003-06-23,12.637499809265137,12.637499809265137,12.125,12.25,7.92655086517334,2928000,TPR,yfinance,2026-02-10T05:10:38.179198+00:00
2003-06-24,12.162500381469727,12.362500190734863,12.0,12.212499618530273,7.902287483215332,3657200,TPR,yfinance,2026-02-10T05:10:38.179198+00:00
2003-06-25,12.175000190734863,12.662500381469727,12.157500267028809,12.5625,8.128762245178223,3733600,TPR,yfinance,2026-02-10T05:10:38.179198+00:00
2003-06-26,12.5625,12.7475004196167,12.47249984741211,12.697500228881836,8.216113090515137,2905200,TPR,yfinance,2026-02-10T05:10:38.179198+00:00
2003-06-27,12.725000381469727,12.734999656677246,12.40999984741211,12.484999656677246,8.078612327575684,2038000,TPR,yfinance,2026-02-10T05:10:38.179198+00:00
2003-06-30,12.487500190734863,12.550000190734863,12.342499732971191,12.4350004196167,8.046262741088867,2321200,TPR,yfinance,2026-02-10T05:10:38.179198+00:00
2003-07-01,12.255000114440918,12.727499961853027,12.25,12.727499961853027,8.235525131225586,3414800,TPR,yfinance,2026-02-10T05:10:38.179198+00:00
2003-07-02,12.699999809265137,12.845000267028809,12.550000190734863,12.792499542236328,8.27758502960205,3772800,TPR,yfinance,2026-02-10T05:10:38.179198+00:00
2003-07-03,12.649999618530273,12.800000190734863,12.587499618530273,12.727499961853027,8.235525131225586,2366400,TPR,yfinance,2026-02-10T05:10:38.179198+00:00
2003-07-07,12.845000267028809,13.217499732971191,12.842499732971191,13.212499618530273,8.549349784851074,4794000,TPR,yfinance,2026-02-10T05:10:38.179198+00:00
2003-07-08,13.335000038146973,14.072500228881836,13.319999694824219,14.039999961853027,9.08480453491211,5587200,TPR,yfinance,2026-02-10T05:10:38.179198+00:00
2003-07-09,14.119999885559082,14.21500015258789,13.805000305175781,13.805000305175781,8.9327392578125,4688400,TPR,yfinance,2026-02-10T05:10:38.179198+00:00
2003-07-10,13.712499618530273,13.824999809265137,13.457500457763672,13.604999542236328,8.803328514099121,3539600,TPR,yfinance,2026-02-10T05:10:38.179198+00:00
2003-07-11,13.667499542236328,13.890000343322754,13.600000381469727,13.832500457763672,8.95053482055664,2037600,TPR,yfinance,2026-02-10T05:10:38.179198+00:00
2003-07-14,13.949999809265137,14.0024995803833,13.71500015258789,13.805000305175781,8.9327392578125,3193200,TPR,yfinance,2026-02-10T05:10:38.179198+00:00
2003-07-15,13.875,13.914999961853027,13.555000305175781,13.737500190734863,8.889062881469727,2017200,TPR,yfinance,2026-02-10T05:10:38.179198+00:00
2003-07-16,13.699999809265137,13.744999885559082,13.425000190734863,13.522500038146973,8.749940872192383,3269200,TPR,yfinance,2026-02-10T05:10:38.179198+00:00
2003-07-17,13.324999809265137,13.5,13.077500343322754,13.182499885559082,8.529939651489258,2608000,TPR,yfinance,2026-02-10T05:10:38.179198+00:00
2003-07-18,13.125,13.324999809265137,13.100000381469727,13.162500381469727,8.517000198364258,2981600,TPR,yfinance,2026-02-10T05:10:38.179198+00:00
2003-07-21,13.1850004196167,13.449999809265137,13.149999618530273,13.387499809265137,8.662589073181152,2936400,TPR,yfinance,2026-02-10T05:10:38.179198+00:00
2003-07-22,13.550000190734863,13.609999656677246,13.375,13.457500457763672,8.707884788513184,2231600,TPR,yfinance,2026-02-10T05:10:38.179198+00:00
2003-07-23,13.5,13.550000190734863,13.350000381469727,13.407500267028809,8.675533294677734,1864400,TPR,yfinance,2026-02-10T05:10:38.179198+00:00
2003-07-24,13.517499923706055,13.727499961853027,13.25,13.27750015258789,8.591415405273438,2702000,TPR,yfinance,2026-02-10T05:10:38.179198+00:00
2003-07-25,13.3125,13.462499618530273,13.164999961853027,13.4350004196167,8.693327903747559,2855600,TPR,yfinance,2026-02-10T05:10:38.179198+00:00
2003-07-28,13.600000381469727,13.994999885559082,13.574999809265137,13.842499732971191,8.957005500793457,3640000,TPR,yfinance,2026-02-10T05:10:38.179198+00:00
2003-07-29,14.25,14.25,13.225000381469727,13.550000190734863,8.767738342285156,8665200,TPR,yfinance,2026-02-10T05:10:38.179198+00:00
2003-07-30,13.552499771118164,13.649999618530273,13.3100004196167,13.335000038146973,8.628620147705078,3285200,TPR,yfinance,2026-02-10T05:10:38.179198+00:00
2003-07-31,13.387499809265137,13.482500076293945,13.25,13.25,8.573616027832031,3692800,TPR,yfinance,2026-02-10T05:10:38.179198+00:00
2003-08-01,13.125,13.5,13.1225004196167,13.274999618530273,8.589797019958496,2510000,TPR,yfinance,2026-02-10T05:10:38.179198+00:00
2003-08-04,13.3125,13.390000343322754,12.899999618530273,13.199999809265137,8.541266441345215,2126400,TPR,yfinance,2026-02-10T05:10:38.179198+00:00
2003-08-05,13.274999618530273,13.362500190734863,13.050000190734863,13.0600004196167,8.450672149658203,2301200,TPR,yfinance,2026-02-10T05:10:38.179198+00:00
2003-08-06,13.012499809265137,13.072500228881836,12.675000190734863,12.717499732971191,8.229057312011719,3593600,TPR,yfinance,2026-02-10T05:10:38.179198+00:00
2003-08-07,12.600000381469727,13.02750015258789,12.3125,12.979999542236328,8.398911476135254,5035200,TPR,yfinance,2026-02-10T05:10:38.179198+00:00
2003-08-08,13.125,13.479999542236328,13.125,13.420000076293945,8.683618545532227,3588400,TPR,yfinance,2026-02-10T05:10:38.179198+00:00
2003-08-11,13.22249984741211,13.289999961853027,13.149999618530273,13.21500015258789,8.550971984863281,3636800,TPR,yfinance,2026-02-10T05:10:38.179198+00:00
2003-08-12,13.27750015258789,13.46500015258789,13.2524995803833,13.46500015258789,8.712737083435059,2132800,TPR,yfinance,2026-02-10T05:10:38.179198+00:00
2003-08-13,13.5625,13.692500114440918,13.475000381469727,13.6899995803833,8.858325958251953,3382400,TPR,yfinance,2026-02-10T05:10:38.179198+00:00
2003-08-14,13.6875,13.699999809265137,13.414999961853027,13.482500076293945,8.724061012268066,1962800,TPR,yfinance,2026-02-10T05:10:38.179198+00:00
2003-08-15,13.425000190734863,13.737500190734863,13.422499656677246,13.727499961853027,8.882594108581543,1614800,TPR,yfinance,2026-02-10T05:10:38.179198+00:00
2003-08-18,13.637499809265137,13.7475004196167,13.510000228881836,13.699999809265137,8.864799499511719,2384800,TPR,yfinance,2026-02-10T05:10:38.179198+00:00
2003-08-19,13.550000190734863,13.697500228881836,13.524999618530273,13.694999694824219,8.86156177520752,2480400,TPR,yfinance,2026-02-10T05:10:38.179198+00:00
2003-08-20,13.567500114440918,14.0,13.52750015258789,13.957500457763672,9.031417846679688,2556800,TPR,yfinance,2026-02-10T05:10:38.179198+00:00
2003-08-21,13.957500457763672,14.350000381469727,13.787500381469727,14.135000228881836,9.146272659301758,3700000,TPR,yfinance,2026-02-10T05:10:38.179198+00:00
2003-08-22,14.135000228881836,14.175000190734863,13.852499961853027,13.8725004196167,8.976418495178223,2861200,TPR,yfinance,2026-02-10T05:10:38.179198+00:00
2003-08-25,13.824999809265137,13.827500343322754,13.675000190734863,13.732500076293945,8.88582706451416,1544000,TPR,yfinance,2026-02-10T05:10:38.179198+00:00
2003-08-26,13.577500343322754,13.770000457763672,13.462499618530273,13.760000228881836,8.9036226272583,2032000,TPR,yfinance,2026-02-10T05:10:38.179198+00:00
2003-08-27,13.819999694824219,14.25,13.765000343322754,14.1850004196167,9.178622245788574,2634400,TPR,yfinance,2026-02-10T05:10:38.179198+00:00
2003-08-28,14.3125,14.542499542236328,14.107500076293945,14.335000038146973,9.275683403015137,3284400,TPR,yfinance,2026-02-10T05:10:38.179198+00:00
2003-08-29,14.345000267028809,14.537500381469727,14.25,14.510000228881836,9.388920783996582,2011200,TPR,yfinance,2026-02-10T05:10:38.179198+00:00
2003-09-02,14.607500076293945,14.662500381469727,14.5,14.524999618530273,9.398625373840332,4802000,TPR,yfinance,2026-02-10T05:10:38.179198+00:00
2003-09-03,14.645000457763672,14.84749984741211,14.4375,14.819999694824219,9.58951187133789,8002000,TPR,yfinance,2026-02-10T05:10:38.179198+00:00
2003-09-04,14.819999694824219,14.819999694824219,14.649999618530273,14.744999885559082,9.540979385375977,4009200,TPR,yfinance,2026-02-10T05:10:38.179198+00:00
2003-09-05,14.640000343322754,14.667499542236328,14.234999656677246,14.350000381469727,9.285390853881836,3373600,TPR,yfinance,2026-02-10T05:10:38.179198+00:00
2003-09-08,14.397500038146973,14.397500038146973,14.130000114440918,14.27750015258789,9.238479614257812,3594400,TPR,yfinance,2026-02-10T05:10:38.179198+00:00
2003-09-09,14.074999809265137,14.125,13.842499732971191,13.982500076293945,9.047593116760254,4844000,TPR,yfinance,2026-02-10T05:10:38.179198+00:00
2003-09-10,13.975000381469727,14.324999809265137,13.907500267028809,14.024999618530273,9.075096130371094,4066800,TPR,yfinance,2026-02-10T05:10:38.179198+00:00
2003-09-11,14.050000190734863,14.337499618530273,14.042499542236328,14.234999656677246,9.210976600646973,3911200,TPR,yfinance,2026-02-10T05:10:38.179198+00:00
2003-09-12,14.227499961853027,14.385000228881836,14.022500038146973,14.332500457763672,9.274068832397461,2317600,TPR,yfinance,2026-02-10T05:10:38.179198+00:00
2003-09-15,14.425000190734863,14.47249984741211,14.202500343322754,14.47249984741211,9.364656448364258,2478000,TPR,yfinance,2026-02-10T05:10:38.179198+00:00
2003-09-16,14.449999809265137,14.732500076293945,14.329999923706055,14.732500076293945,9.532889366149902,2516800,TPR,yfinance,2026-02-10T05:10:38.179198+00:00
2003-09-17,14.732500076293945,14.912500381469727,14.632499694824219,14.75,9.544215202331543,2818400,TPR,yfinance,2026-02-10T05:10:38.179198+00:00
2003-09-18,14.755000114440918,14.797499656677246,14.630000114440918,14.657500267028809,9.484362602233887,1874800,TPR,yfinance,2026-02-10T05:10:38.179198+00:00
2003-09-19,14.672499656677246,14.75,14.604999542236328,14.670000076293945,9.492450714111328,2998800,TPR,yfinance,2026-02-10T05:10:38.179198+00:00
2003-09-22,14.380000114440918,14.529999732971191,14.375,14.5,9.38244915008545,2484400,TPR,yfinance,2026-02-10T05:10:38.179198+00:00
2003-09-23,14.5,14.529999732971191,14.375,14.444999694824219,9.34686279296875,2672000,TPR,yfinance,2026-02-10T05:10:38.179198+00:00
2003-09-24,14.407500267028809,14.487500190734863,14.117500305175781,14.1225004196167,9.138184547424316,3029200,TPR,yfinance,2026-02-10T05:10:38.179198+00:00
2003-09-25,14.125,14.199999809265137,14.0024995803833,14.0024995803833,9.06053638458252,2959600,TPR,yfinance,2026-02-10T05:10:38.179198+00:00
2003-09-26,14.0,14.0,13.569999694824219,13.572500228881836,8.782294273376465,4546400,TPR,yfinance,2026-02-10T05:10:38.179198+00:00
2003-09-29,13.579999923706055,13.6875,13.345000267028809,13.539999961853027,8.761268615722656,4505200,TPR,yfinance,2026-02-10T05:10:38.179198+00:00
2003-09-30,13.507499694824219,13.744999885559082,13.3125,13.649999618530273,8.832444190979004,3237600,TPR,yfinance,2026-02-10T05:10:38.179198+00:00
2003-10-01,13.649999618530273,14.244999885559082,13.649999618530273,14.207500457763672,9.193184852600098,3968000,TPR,yfinance,2026-02-10T05:10:38.179198+00:00
2003-10-02,14.279999732971191,14.28499984741211,14.050000190734863,14.210000038146973,9.194802284240723,1519000,TPR,yfinance,2026-02-10T05:10:38.179198+00:00
2003-10-03,14.5600004196167,14.795000076293945,14.5,14.649999618530273,9.479509353637695,3807200,TPR,yfinance,2026-02-10T05:10:38.179198+00:00
2003-10-06,14.649999618530273,14.859999656677246,14.649999618530273,14.824999809265137,9.592750549316406,2115800,TPR,yfinance,2026-02-10T05:10:38.179198+00:00
2003-10-07,14.725000381469727,14.75,14.470000267028809,14.545000076293945,9.411569595336914,2706200,TPR,yfinance,2026-02-10T05:10:38.179198+00:00
2003-10-08,14.545000076293945,14.545000076293945,14.385000228881836,14.395000457763672,9.314509391784668,1864200,TPR,yfinance,2026-02-10T05:10:38.179198+00:00
2003-10-09,14.5,15.100000381469727,14.5,14.944999694824219,9.670392990112305,4149800,TPR,yfinance,2026-02-10T05:10:38.179198+00:00
2003-10-10,14.925000190734863,14.970000267028809,14.71500015258789,14.800000190734863,9.576571464538574,1829400,TPR,yfinance,2026-02-10T05:10:38.179198+00:00
2003-10-13,14.829999923706055,15.050000190734863,14.774999618530273,14.899999618530273,9.641277313232422,1540600,TPR,yfinance,2026-02-10T05:10:38.179198+00:00
2003-10-14,14.850000381469727,15.385000228881836,14.725000381469727,15.369999885559082,9.945398330688477,2905400,TPR,yfinance,2026-02-10T05:10:38.179198+00:00
2003-10-15,15.600000381469727,15.899999618530273,15.244999885559082,15.760000228881836,10.197751998901367,4401800,TPR,yfinance,2026-02-10T05:10:38.179198+00:00
2003-10-16,15.635000228881836,15.645000457763672,15.449999809265137,15.600000381469727,10.094223976135254,2956800,TPR,yfinance,2026-02-10T05:10:38.179198+00:00
2003-10-17,15.75,15.835000038146973,15.569999694824219,15.71500015258789,10.1686372756958,2228400,TPR,yfinance,2026-02-10T05:10:38.179198+00:00
2003-10-20,15.71500015258789,15.899999618530273,15.625,15.720000267028809,10.171869277954102,3481600,TPR,yfinance,2026-02-10T05:10:38.179198+00:00
2003-10-21,16.594999313354492,17.100000381469727,16.059999465942383,16.934999465942383,10.958047866821289,7360800,TPR,yfinance,2026-02-10T05:10:38.179198+00:00
2003-10-22,16.760000228881836,16.764999389648438,16.3799991607666,16.700000762939453,10.80599308013916,3807400,TPR,yfinance,2026-02-10T05:10:38.179198+00:00
2003-10-23,16.399999618530273,17.0,15.75,16.875,10.919230461120605,3647800,TPR,yfinance,2026-02-10T05:10:38.179198+00:00
2003-10-24,16.725000381469727,16.834999084472656,16.5,16.825000762939453,10.886881828308105,3071800,TPR,yfinance,2026-02-10T05:10:38.179198+00:00
2003-10-27,17.075000762939453,17.344999313354492,17.010000228881836,17.25,11.161880493164062,3474400,TPR,yfinance,2026-02-10T05:10:38.179198+00:00
2003-10-28,17.475000381469727,17.729999542236328,17.225000381469727,17.655000686645508,11.423946380615234,4324400,TPR,yfinance,2026-02-10T05:10:38.179198+00:00
2003-10-29,17.65999984741211,18.19499969482422,17.450000762939453,18.084999084472656,11.702184677124023,3387000,TPR,yfinance,2026-02-10T05:10:38.179198+00:00
2003-10-30,18.364999771118164,18.375,17.80500030517578,17.8799991607666,11.569531440734863,2336000,TPR,yfinance,2026-02-10T05:10:38.179198+00:00
2003-10-31,17.825000762939453,18.125,17.684999465942383,17.735000610351562,11.475711822509766,2976800,TPR,yfinance,2026-02-10T05:10:38.179198+00:00
2003-11-03,18.125,18.469999313354492,17.975000381469727,18.46500015258789,11.948067665100098,3690200,TPR,yfinance,2026-02-10T05:10:38.179198+00:00
2003-11-04,18.6299991607666,18.69499969482422,18.155000686645508,18.204999923706055,11.779828071594238,4759000,TPR,yfinance,2026-02-10T05:10:38.179198+00:00
2003-11-05,18.30500030517578,18.375,17.979999542236328,18.274999618530273,11.82512092590332,2721200,TPR,yfinance,2026-02-10T05:10:38.179198+00:00
2003-11-06,18.274999618530273,18.450000762939453,18.084999084472656,18.25,11.80894660949707,1965200,TPR,yfinance,2026-02-10T05:10:38.179198+00:00
2003-11-07,18.325000762939453,18.5,18.125,18.229999542236328,11.796002388000488,2845400,TPR,yfinance,2026-02-10T05:10:38.179198+00:00
2003-11-10,18.225000381469727,18.295000076293945,18.049999237060547,18.065000534057617,11.689236640930176,1885400,TPR,yfinance,2026-02-10T05:10:38.179198+00:00
2003-11-11,18.25,18.325000762939453,17.850000381469727,18.209999084472656,11.783064842224121,4324800,TPR,yfinance,2026-02-10T05:10:38.179198+00:00
2003-11-12,18.184999465942383,19.065000534057617,18.1299991607666,18.94499969482422,12.258657455444336,5169600,TPR,yfinance,2026-02-10T05:10:38.179198+00:00
2003-11-13,18.950000762939453,19.020000457763672,18.600000381469727,18.924999237060547,12.245715141296387,3743800,TPR,yfinance,2026-02-10T05:10:38.179198+00:00
2003-11-14,19.165000915527344,19.364999771118164,18.774999618530273,18.850000381469727,12.197189331054688,3454800,TPR,yfinance,2026-02-10T05:10:38.179198+00:00
2003-11-17,18.774999618530273,18.774999618530273,17.899999618530273,18.360000610351562,11.88012409210205,3890600,TPR,yfinance,2026-02-10T05:10:38.179198+00:00
2003-11-18,18.405000686645508,18.7450008392334,18.25,18.25,11.80894660949707,2366200,TPR,yfinance,2026-02-10T05:10:38.179198+00:00
2003-11-19,18.0,18.125,17.565000534057617,17.809999465942383,11.524236679077148,5312600,TPR,yfinance,2026-02-10T05:10:38.179198+00:00
2003-11-20,17.40999984741211,17.684999465942383,17.25,17.354999542236328,11.229822158813477,5401000,TPR,yfinance,2026-02-10T05:10:38.179198+00:00
2003-11-21,17.575000762939453,18.200000762939453,17.575000762939453,18.1200008392334,11.72482967376709,3291000,TPR,yfinance,2026-02-10T05:10:38.179198+00:00
2003-11-24,18.424999237060547,19.200000762939453,18.315000534057617,19.149999618530273,12.391304969787598,3759400,TPR,yfinance,2026-02-10T05:10:38.179198+00:00
2003-11-25,19.155000686645508,19.450000762939453,19.049999237060547,19.190000534057617,12.41718864440918,4194200,TPR,yfinance,2026-02-10T05:10:38.179198+00:00
2003-11-26,19.3799991607666,19.55500030517578,19.200000762939453,19.540000915527344,12.643659591674805,2705000,TPR,yfinance,2026-02-10T05:10:38.179198+00:00
2003-11-28,19.540000915527344,19.959999084472656,19.540000915527344,19.920000076293945,12.889546394348145,1385600,TPR,yfinance,2026-02-10T05:10:38.179198+00:00
2003-12-01,20.270000457763672,20.420000076293945,19.729999542236328,19.959999084472656,12.915426254272461,3621400,TPR,yfinance,2026-02-10T05:10:38.179198+00:00
2003-12-02,19.959999084472656,19.975000381469727,19.3799991607666,19.5,12.617778778076172,3636400,TPR,yfinance,2026-02-10T05:10:38.179198+00:00
2003-12-03,19.674999237060547,19.8700008392334,19.145000457763672,19.200000762939453,12.42365837097168,3263600,TPR,yfinance,2026-02-10T05:10:38.179198+00:00
2003-12-04,19.274999618530273,19.375,17.375,18.55500030517578,12.006305694580078,10030800,TPR,yfinance,2026-02-10T05:10:38.179198+00:00
2003-12-05,18.125,18.889999389648438,18.0,18.350000381469727,11.873653411865234,4141800,TPR,yfinance,2026-02-10T05:10:38.179198+00:00
2003-12-08,18.40999984741211,18.4950008392334,17.899999618530273,18.0,11.64717960357666,4018800,TPR,yfinance,2026-02-10T05:10:38.179198+00:00
2003-12-09,18.375,18.4950008392334,17.809999465942383,18.0,11.64717960357666,3513200,TPR,yfinance,2026-02-10T05:10:38.179198+00:00
2003-12-10,18.049999237060547,18.075000762939453,17.350000381469727,17.674999237060547,11.436883926391602,4516000,TPR,yfinance,2026-02-10T05:10:38.179198+00:00
2003-12-11,17.44499969482422,18.075000762939453,17.405000686645508,17.93000030517578,11.601882934570312,4312200,TPR,yfinance,2026-02-10T05:10:38.179198+00:00
2003-12-12,18.024999618530273,18.375,18.0,18.149999618530273,11.744242668151855,3324400,TPR,yfinance,2026-02-10T05:10:38.179198+00:00
2003-12-15,18.799999237060547,18.825000762939453,17.625,17.719999313354492,11.466002464294434,3254600,TPR,yfinance,2026-02-10T05:10:38.179198+00:00
2003-12-16,17.700000762939453,17.700000762939453,16.25,17.290000915527344,11.187763214111328,10790600,TPR,yfinance,2026-02-10T05:10:38.179198+00:00
2003-12-17,17.290000915527344,17.665000915527344,17.0,17.665000915527344,11.430416107177734,6955200,TPR,yfinance,2026-02-10T05:10:38.179198+00:00
2003-12-18,17.75,18.280000686645508,17.75,18.229999542236328,11.796002388000488,3680200,TPR,yfinance,2026-02-10T05:10:38.179198+00:00
2003-12-19,18.739999771118164,18.81999969482422,18.149999618530273,18.4950008392334,11.967480659484863,5531200,TPR,yfinance,2026-02-10T05:10:38.179198+00:00
2003-12-22,18.209999084472656,18.46500015258789,17.920000076293945,18.219999313354492,11.789532661437988,3557800,TPR,yfinance,2026-02-10T05:10:38.179198+00:00
2003-12-23,18.299999237060547,18.6200008392334,18.1200008392334,18.600000381469727,12.035419464111328,4039800,TPR,yfinance,2026-02-10T05:10:38.179198+00:00
2003-12-24,18.600000381469727,18.600000381469727,18.354999542236328,18.454999923706055,11.9415922164917,1047200,TPR,yfinance,2026-02-10T05:10:38.179198+00:00
2003-12-26,18.489999771118164,18.829999923706055,18.489999771118164,18.7549991607666,12.135712623596191,1308800,TPR,yfinance,2026-02-10T05:10:38.179198+00:00
2003-12-29,18.825000762939453,18.829999923706055,18.274999618530273,18.65999984741211,12.074239730834961,2855400,TPR,yfinance,2026-02-10T05:10:38.179198+00:00
2003-12-30,18.65999984741211,18.65999984741211,18.325000762939453,18.53499984741211,11.993356704711914,2619000,TPR,yfinance,2026-02-10T05:10:38.179198+00:00
2003-12-31,18.6200008392334,18.924999237060547,18.450000762939453,18.875,12.213364601135254,2841400,TPR,yfinance,2026-02-10T05:10:38.179198+00:00
2004-01-02,18.875,18.985000610351562,18.405000686645508,18.469999313354492,11.95129680633545,2769800,TPR,yfinance,2026-02-10T05:10:38.179198+00:00
2004-01-05,18.5,18.889999389648438,18.5,18.875,12.213364601135254,3318400,TPR,yfinance,2026-02-10T05:10:38.179198+00:00
2004-01-06,18.920000076293945,19.600000381469727,18.915000915527344,19.385000228881836,12.543364524841309,5244600,TPR,yfinance,2026-02-10T05:10:38.179198+00:00
2004-01-07,18.700000762939453,19.434999465942383,18.600000381469727,19.030000686645508,12.31365966796875,7444000,TPR,yfinance,2026-02-10T05:10:38.179198+00:00
2004-01-08,19.31999969482422,19.31999969482422,18.360000610351562,18.479999542236328,11.957769393920898,4024200,TPR,yfinance,2026-02-10T05:10:38.179198+00:00
2004-01-09,18.450000762939453,18.844999313354492,18.260000228881836,18.30500030517578,11.844533920288086,3170200,TPR,yfinance,2026-02-10T05:10:38.179198+00:00
2004-01-12,18.350000381469727,18.395000457763672,17.799999237060547,17.975000381469727,11.631003379821777,4124400,TPR,yfinance,2026-02-10T05:10:38.179198+00:00
2004-01-13,18.0,18.125,17.440000534057617,17.55500030517578,11.359234809875488,4500000,TPR,yfinance,2026-02-10T05:10:38.179198+00:00
2004-01-14,17.850000381469727,18.174999237060547,17.674999237060547,18.100000381469727,11.71188735961914,5106200,TPR,yfinance,2026-02-10T05:10:38.179198+00:00
2004-01-15,18.145000457763672,18.209999084472656,17.635000228881836,18.030000686645508,11.666590690612793,2453200,TPR,yfinance,2026-02-10T05:10:38.179198+00:00
2004-01-16,18.200000762939453,18.334999084472656,17.905000686645508,18.260000228881836,11.815418243408203,3380200,TPR,yfinance,2026-02-10T05:10:38.179198+00:00
2004-01-20,18.44499969482422,18.44499969482422,17.924999237060547,17.975000381469727,11.631003379821777,3945800,TPR,yfinance,2026-02-10T05:10:38.179198+00:00
2004-01-21,18.0,18.125,17.530000686645508,17.850000381469727,11.550119400024414,6537000,TPR,yfinance,2026-02-10T05:10:38.179198+00:00
2004-01-22,17.950000762939453,18.2450008392334,17.93000030517578,18.024999618530273,11.663360595703125,3092400,TPR,yfinance,2026-02-10T05:10:38.179198+00:00
2004-01-23,18.049999237060547,18.100000381469727,17.7450008392334,17.8700008392334,11.563063621520996,2303000,TPR,yfinance,2026-02-10T05:10:38.179198+00:00
2004-01-26,17.8700008392334,17.8700008392334,17.25,17.635000228881836,11.411001205444336,3509200,TPR,yfinance,2026-02-10T05:10:38.179198+00:00
2004-01-27,17.600000381469727,17.71500015258789,17.3799991607666,17.424999237060547,11.275115013122559,2945000,TPR,yfinance,2026-02-10T05:10:38.179198+00:00
2004-01-28,17.59000015258789,17.729999542236328,16.954999923706055,17.075000762939453,11.048641204833984,3244000,TPR,yfinance,2026-02-10T05:10:38.179198+00:00
2004-01-29,17.075000762939453,17.15999984741211,16.875,17.155000686645508,11.100407600402832,3606200,TPR,yfinance,2026-02-10T05:10:38.179198+00:00
2004-01-30,17.155000686645508,17.934999465942383,16.905000686645508,17.71500015258789,11.462770462036133,4076600,TPR,yfinance,2026-02-10T05:10:38.179198+00:00
2004-02-02,17.94499969482422,18.040000915527344,17.440000534057617,17.854999542236328,11.553354263305664,2731400,TPR,yfinance,2026-02-10T05:10:38.179198+00:00
2004-02-03,17.825000762939453,18.225000381469727,17.725000381469727,18.1299991607666,11.731300354003906,3390200,TPR,yfinance,2026-02-10T05:10:38.179198+00:00
2004-02-04,18.0,18.5,17.975000381469727,18.325000762939453,11.857475280761719,3734800,TPR,yfinance,2026-02-10T05:10:38.179198+00:00
2004-02-05,18.709999084472656,18.825000762939453,18.5,18.725000381469727,12.116297721862793,4207000,TPR,yfinance,2026-02-10T05:10:38.179198+00:00
2004-02-06,18.725000381469727,19.165000915527344,18.725000381469727,18.934999465942383,12.252185821533203,2193400,TPR,yfinance,2026-02-10T05:10:38.179198+00:00
2004-02-09,18.989999771118164,19.125,18.825000762939453,19.024999618530273,12.31042194366455,1915400,TPR,yfinance,2026-02-10T05:10:38.179198+00:00
2004-02-10,19.0,19.209999084472656,18.75,19.125,12.375128746032715,1925200,TPR,yfinance,2026-02-10T05:10:38.179198+00:00
2004-02-11,19.190000534057617,19.31999969482422,19.139999389648438,19.31999969482422,12.50130558013916,2363200,TPR,yfinance,2026-02-10T05:10:38.179198+00:00
2004-02-12,19.299999237060547,19.5,19.19499969482422,19.475000381469727,12.601600646972656,3779400,TPR,yfinance,2026-02-10T05:10:38.179198+00:00
2004-02-13,19.524999618530273,19.549999237060547,19.024999618530273,19.174999237060547,12.407480239868164,2126000,TPR,yfinance,2026-02-10T05:10:38.179198+00:00
2004-02-17,19.25,19.7450008392334,19.225000381469727,19.674999237060547,12.731012344360352,2275800,TPR,yfinance,2026-02-10T05:10:38.179198+00:00
2004-02-18,19.69499969482422,20.014999389648438,19.565000534057617,19.889999389648438,12.870134353637695,2866600,TPR,yfinance,2026-02-10T05:10:38.179198+00:00
2004-02-19,19.959999084472656,20.149999618530273,19.959999084472656,20.0,12.941311836242676,3196400,TPR,yfinance,2026-02-10T05:10:38.179198+00:00
2004-02-20,19.760000228881836,19.864999771118164,19.295000076293945,19.68000030517578,12.734248161315918,2583200,TPR,yfinance,2026-02-10T05:10:38.179198+00:00
2004-02-23,20.0,20.0,18.815000534057617,19.010000228881836,12.3007173538208,5876800,TPR,yfinance,2026-02-10T05:10:38.179198+00:00
2004-02-24,19.0,19.485000610351562,18.895000457763672,19.395000457763672,12.549834251403809,2543800,TPR,yfinance,2026-02-10T05:10:38.179198+00:00
2004-02-25,19.395000457763672,19.489999771118164,19.075000762939453,19.399999618530273,12.553070068359375,2171000,TPR,yfinance,2026-02-10T05:10:38.179198+00:00
2004-02-26,19.399999618530273,19.524999618530273,19.21500015258789,19.5,12.617778778076172,1932600,TPR,yfinance,2026-02-10T05:10:38.179198+00:00
2004-02-27,19.5,20.0,19.5,19.815000534057617,12.821602821350098,3711200,TPR,yfinance,2026-02-10T05:10:38.179198+00:00
2004-03-01,20.0,21.2450008392334,19.989999771118164,20.864999771118164,13.501022338867188,5116200,TPR,yfinance,2026-02-10T05:10:38.179198+00:00
2004-03-02,20.549999237060547,21.5,20.520000457763672,21.059999465942383,13.627197265625,4568800,TPR,yfinance,2026-02-10T05:10:38.179198+00:00
2004-03-03,21.059999465942383,21.25,20.69499969482422,21.235000610351562,13.740439414978027,2019200,TPR,yfinance,2026-02-10T05:10:38.179198+00:00
2004-03-04,21.3799991607666,21.75,21.040000915527344,21.655000686645508,14.012201309204102,2654800,TPR,yfinance,2026-02-10T05:10:38.179198+00:00
2004-03-05,21.375,21.80500030517578,21.25,21.625,13.99279499053955,3290800,TPR,yfinance,2026-02-10T05:10:38.179198+00:00
2004-03-08,21.975000381469727,22.165000915527344,21.7549991607666,21.834999084472656,14.128678321838379,2887400,TPR,yfinance,2026-02-10T05:10:38.179198+00:00
2004-03-09,21.649999618530273,21.770000457763672,20.924999237060547,21.03499984741211,13.611023902893066,3480400,TPR,yfinance,2026-02-10T05:10:38.179198+00:00
2004-03-10,21.03499984741211,21.18000030517578,20.520000457763672,20.520000457763672,13.277787208557129,2970800,TPR,yfinance,2026-02-10T05:10:38.179198+00:00
2004-03-11,20.225000381469727,20.575000762939453,20.15999984741211,20.239999771118164,13.096607208251953,3186600,TPR,yfinance,2026-02-10T05:10:38.179198+00:00
2004-03-12,20.375,20.600000381469727,19.934999465942383,20.315000534057617,13.145137786865234,2603600,TPR,yfinance,2026-02-10T05:10:38.179198+00:00
2004-03-15,20.315000534057617,20.31999969482422,19.860000610351562,20.049999237060547,12.973664283752441,2017800,TPR,yfinance,2026-02-10T05:10:38.179198+00:00
2004-03-16,20.135000228881836,20.424999237060547,19.96500015258789,20.075000762939453,12.989839553833008,2606800,TPR,yfinance,2026-02-10T05:10:38.179198+00:00
2004-03-17,20.239999771118164,20.575000762939453,20.209999084472656,20.559999465942383,13.303666114807129,1724400,TPR,yfinance,2026-02-10T05:10:38.179198+00:00
2004-03-18,20.559999465942383,20.770000457763672,20.145000457763672,20.334999084472656,13.1580810546875,1535400,TPR,yfinance,2026-02-10T05:10:38.179198+00:00
2004-03-19,20.25,20.34000015258789,20.075000762939453,20.155000686645508,13.041606903076172,2044000,TPR,yfinance,2026-02-10T05:10:38.179198+00:00
2004-03-22,20.100000381469727,20.149999618530273,19.6299991607666,19.71500015258789,12.7568998336792,1897800,TPR,yfinance,2026-02-10T05:10:38.179198+00:00
2004-03-23,19.899999618530273,20.094999313354492,19.604999542236328,19.934999465942383,12.899252891540527,2298600,TPR,yfinance,2026-02-10T05:10:38.179198+00:00
2004-03-24,20.065000534057617,20.399999618530273,20.010000228881836,20.219999313354492,13.083664894104004,2219400,TPR,yfinance,2026-02-10T05:10:38.179198+00:00
2004-03-25,20.475000381469727,20.899999618530273,20.264999389648438,20.78499984741211,13.449258804321289,2238600,TPR,yfinance,2026-02-10T05:10:38.179198+00:00
2004-03-26,20.790000915527344,20.9950008392334,20.725000381469727,20.774999618530273,13.44278621673584,1885800,TPR,yfinance,2026-02-10T05:10:38.179198+00:00
2004-03-29,21.100000381469727,21.395000457763672,20.895000457763672,21.049999237060547,13.620733261108398,2118200,TPR,yfinance,2026-02-10T05:10:38.179198+00:00
2004-03-30,20.834999084472656,21.19499969482422,20.53499984741211,21.049999237060547,13.620733261108398,2068800,TPR,yfinance,2026-02-10T05:10:38.179198+00:00
2004-03-31,21.174999237060547,21.174999237060547,20.149999618530273,20.4950008392334,13.26161003112793,4441000,TPR,yfinance,2026-02-10T05:10:38.179198+00:00
2004-04-01,20.125,20.344999313354492,19.860000610351562,20.15999984741211,13.044841766357422,5699200,TPR,yfinance,2026-02-10T05:10:38.179198+00:00
2004-04-02,20.65999984741211,20.899999618530273,20.510000228881836,20.600000381469727,13.329548835754395,2350800,TPR,yfinance,2026-02-10T05:10:38.179198+00:00
2004-04-05,20.739999771118164,21.170000076293945,20.700000762939453,21.145000457763672,13.682205200195312,2202800,TPR,yfinance,2026-02-10T05:10:38.179198+00:00
2004-04-06,21.155000686645508,21.5,21.110000610351562,21.270000457763672,13.763080596923828,2271000,TPR,yfinance,2026-02-10T05:10:38.179198+00:00
2004-04-07,21.290000915527344,21.489999771118164,20.780000686645508,21.024999618530273,13.604557991027832,1852000,TPR,yfinance,2026-02-10T05:10:38.179198+00:00
2004-04-08,21.399999618530273,21.399999618530273,20.524999618530273,20.584999084472656,13.31983757019043,2036800,TPR,yfinance,2026-02-10T05:10:38.179198+00:00
2004-04-12,20.635000228881836,20.975000381469727,20.510000228881836,20.81999969482422,13.471902847290039,1787000,TPR,yfinance,2026-02-10T05:10:38.179198+00:00
2004-04-13,20.899999618530273,21.03499984741211,20.325000762939453,20.375,13.18395709991455,1280600,TPR,yfinance,2026-02-10T05:10:38.179198+00:00
2004-04-14,20.25,20.489999771118164,19.940000534057617,20.065000534057617,12.98337173461914,1830200,TPR,yfinance,2026-02-10T05:10:38.179198+00:00
2004-04-15,20.200000762939453,20.3700008392334,20.084999084472656,20.200000762939453,13.070724487304688,2160400,TPR,yfinance,2026-02-10T05:10:38.179198+00:00
2004-04-16,20.28499984741211,20.295000076293945,19.864999771118164,19.924999237060547,12.892781257629395,2776200,TPR,yfinance,2026-02-10T05:10:38.179198+00:00
2004-04-19,20.100000381469727,20.15999984741211,19.600000381469727,19.75,12.779546737670898,3532800,TPR,yfinance,2026-02-10T05:10:38.179198+00:00
2004-04-20,20.524999618530273,21.229999542236328,20.290000915527344,20.690000534057617,13.38778018951416,9318800,TPR,yfinance,2026-02-10T05:10:38.179198+00:00
2004-04-21,20.799999237060547,21.21500015258789,20.530000686645508,21.15999984741211,13.691906929016113,3211600,TPR,yfinance,2026-02-10T05:10:38.179198+00:00
2004-04-22,21.100000381469727,22.665000915527344,21.100000381469727,22.239999771118164,14.390738487243652,5343000,TPR,yfinance,2026-02-10T05:10:38.179198+00:00
2004-04-23,22.475000381469727,22.510000228881836,22.0,22.0,14.235442161560059,3127200,TPR,yfinance,2026-02-10T05:10:38.179198+00:00
2004-04-26,22.1200008392334,22.200000762939453,21.8700008392334,22.040000915527344,14.261323928833008,1584800,TPR,yfinance,2026-02-10T05:10:38.179198+00:00
2004-04-27,22.040000915527344,22.725000381469727,22.03499984741211,22.5,14.558978080749512,4420000,TPR,yfinance,2026-02-10T05:10:38.179198+00:00
2004-04-28,22.524999618530273,22.530000686645508,21.719999313354492,21.940000534057617,14.196615219116211,3256000,TPR,yfinance,2026-02-10T05:10:38.179198+00:00
2004-04-29,21.895000457763672,22.1299991607666,21.375,21.53499984741211,13.934557914733887,3527200,TPR,yfinance,2026-02-10T05:10:38.179198+00:00
2004-04-30,21.399999618530273,21.69499969482422,21.190000534057617,21.299999237060547,13.782496452331543,3102800,TPR,yfinance,2026-02-10T05:10:38.179198+00:00
2004-05-03,21.530000686645508,22.079999923706055,21.44499969482422,21.875,14.154557228088379,2874600,TPR,yfinance,2026-02-10T05:10:38.179198+00:00
2004-05-04,21.875,22.149999618530273,21.5,21.7450008392334,14.07044506072998,2836400,TPR,yfinance,2026-02-10T05:10:38.179198+00:00
2004-05-05,21.75,22.030000686645508,21.6200008392334,21.93000030517578,14.190145492553711,1515200,TPR,yfinance,2026-02-10T05:10:38.179198+00:00
2004-05-06,21.524999618530273,21.600000381469727,20.665000915527344,20.915000915527344,13.53337574005127,3833400,TPR,yfinance,2026-02-10T05:10:38.179198+00:00
2004-05-07,20.920000076293945,21.424999237060547,20.649999618530273,20.649999618530273,13.361903190612793,3472600,TPR,yfinance,2026-02-10T05:10:38.179198+00:00
2004-05-10,20.5,20.6299991607666,20.184999465942383,20.489999771118164,13.258374214172363,2533600,TPR,yfinance,2026-02-10T05:10:38.179198+00:00
2004-05-11,20.649999618530273,21.125,20.575000762939453,21.03499984741211,13.611023902893066,2147600,TPR,yfinance,2026-02-10T05:10:38.179198+00:00
2004-05-12,20.975000381469727,20.975000381469727,20.049999237060547,20.81999969482422,13.471902847290039,3046600,TPR,yfinance,2026-02-10T05:10:38.179198+00:00
2004-05-13,20.809999465942383,20.809999465942383,20.299999237060547,20.559999465942383,13.303666114807129,3155200,TPR,yfinance,2026-02-10T05:10:38.179198+00:00
2004-05-14,20.559999465942383,20.829999923706055,20.184999465942383,20.6200008392334,13.342494010925293,2321600,TPR,yfinance,2026-02-10T05:10:38.179198+00:00
2004-05-17,20.375,20.375,19.665000915527344,19.809999465942383,12.81837272644043,2419000,TPR,yfinance,2026-02-10T05:10:38.179198+00:00
2004-05-18,19.94499969482422,20.3799991607666,19.94499969482422,20.30500030517578,13.138665199279785,2952800,TPR,yfinance,2026-02-10T05:10:38.179198+00:00
2004-05-19,20.424999237060547,20.989999771118164,20.309999465942383,20.385000228881836,13.190431594848633,2134200,TPR,yfinance,2026-02-10T05:10:38.179198+00:00
2004-05-20,20.389999389648438,20.40999984741211,19.479999542236328,19.795000076293945,12.808666229248047,3576600,TPR,yfinance,2026-02-10T05:10:38.179198+00:00
2004-05-21,19.989999771118164,20.075000762939453,19.825000762939453,20.049999237060547,12.973664283752441,2646600,TPR,yfinance,2026-02-10T05:10:38.179198+00:00
2004-05-24,20.5,20.899999618530273,20.350000381469727,20.899999618530273,13.523672103881836,2341800,TPR,yfinance,2026-02-10T05:10:38.179198+00:00
2004-05-25,20.899999618530273,21.329999923706055,20.610000610351562,21.274999618530273,13.766311645507812,2420800,TPR,yfinance,2026-02-10T05:10:38.179198+00:00
2004-05-26,21.274999618530273,21.31999969482422,21.059999465942383,21.270000457763672,13.763080596923828,1420800,TPR,yfinance,2026-02-10T05:10:38.179198+00:00
2004-05-27,21.395000457763672,21.635000228881836,21.350000381469727,21.545000076293945,13.94102954864502,1758400,TPR,yfinance,2026-02-10T05:10:38.179198+00:00
2004-05-28,21.545000076293945,21.825000762939453,21.469999313354492,21.80500030517578,14.109260559082031,1580200,TPR,yfinance,2026-02-10T05:10:38.179198+00:00
2004-06-01,21.795000076293945,21.950000762939453,21.639999389648438,21.950000762939453,14.203084945678711,1666600,TPR,yfinance,2026-02-10T05:10:38.179198+00:00
2004-06-02,22.0,22.040000915527344,21.75,21.96500015258789,14.212800979614258,2217600,TPR,yfinance,2026-02-10T05:10:38.179198+00:00
2004-06-03,21.770000457763672,22.125,21.524999618530273,21.80500030517578,14.109260559082031,1650600,TPR,yfinance,2026-02-10T05:10:38.179198+00:00
2004-06-04,22.049999237060547,22.075000762939453,21.59000015258789,21.700000762939453,14.041324615478516,1009000,TPR,yfinance,2026-02-10T05:10:38.179198+00:00
2004-06-07,21.674999237060547,22.19499969482422,21.674999237060547,22.19499969482422,14.361618995666504,1065400,TPR,yfinance,2026-02-10T05:10:38.179198+00:00
2004-06-08,22.149999618530273,22.545000076293945,22.06999969482422,22.489999771118164,14.552504539489746,1849600,TPR,yfinance,2026-02-10T05:10:38.179198+00:00
2004-06-09,22.489999771118164,22.584999084472656,22.364999771118164,22.489999771118164,14.552504539489746,2417000,TPR,yfinance,2026-02-10T05:10:38.179198+00:00
2004-06-10,22.545000076293945,22.899999618530273,22.475000381469727,22.850000381469727,14.785447120666504,2277000,TPR,yfinance,2026-02-10T05:10:38.179198+00:00
2004-06-14,22.799999237060547,22.799999237060547,22.040000915527344,22.059999465942383,14.274267196655273,2274600,TPR,yfinance,2026-02-10T05:10:38.179198+00:00
2004-06-15,22.09000015258789,22.100000381469727,21.44499969482422,21.549999237060547,13.944259643554688,3648400,TPR,yfinance,2026-02-10T05:10:38.179198+00:00
2004-06-16,21.625,21.825000762939453,21.405000686645508,21.700000762939453,14.041324615478516,2336800,TPR,yfinance,2026-02-10T05:10:38.179198+00:00
2004-06-17,21.674999237060547,21.69499969482422,21.434999465942383,21.5,13.911908149719238,2070000,TPR,yfinance,2026-02-10T05:10:38.179198+00:00
2004-06-18,21.299999237060547,21.5,21.299999237060547,21.40999984741211,13.853669166564941,1740800,TPR,yfinance,2026-02-10T05:10:38.179198+00:00
2004-06-21,21.415000915527344,21.549999237060547,21.184999465942383,21.424999237060547,13.863377571105957,1342400,TPR,yfinance,2026-02-10T05:10:38.179198+00:00
2004-06-22,21.350000381469727,21.975000381469727,21.270000457763672,21.950000762939453,14.203084945678711,2851400,TPR,yfinance,2026-02-10T05:10:38.179198+00:00
2004-06-23,21.940000534057617,22.485000610351562,21.905000686645508,22.43000030517578,14.513683319091797,2702600,TPR,yfinance,2026-02-10T05:10:38.179198+00:00
2004-06-24,22.489999771118164,22.834999084472656,22.350000381469727,22.700000762939453,14.688387870788574,2641400,TPR,yfinance,2026-02-10T05:10:38.179198+00:00
2004-06-25,22.725000381469727,23.0049991607666,22.59000015258789,22.665000915527344,14.665748596191406,1299600,TPR,yfinance,2026-02-10T05:10:38.179198+00:00
2004-06-28,22.899999618530273,23.049999237060547,22.5,22.6299991607666,14.643095016479492,2578400,TPR,yfinance,2026-02-10T05:10:38.179198+00:00
2004-06-29,22.700000762939453,22.75,22.200000762939453,22.344999313354492,14.458677291870117,2641000,TPR,yfinance,2026-02-10T05:10:38.179198+00:00
2004-06-30,22.575000762939453,22.625,22.25,22.594999313354492,14.620445251464844,2632600,TPR,yfinance,2026-02-10T05:10:38.179198+00:00
2004-07-01,22.8700008392334,23.21500015258789,22.424999237060547,23.094999313354492,14.94398021697998,4495600,TPR,yfinance,2026-02-10T05:10:38.179198+00:00
2004-07-02,23.725000381469727,23.725000381469727,22.975000381469727,23.045000076293945,14.911627769470215,2533400,TPR,yfinance,2026-02-10T05:10:38.179198+00:00
2004-07-06,22.774999618530273,22.850000381469727,22.354999542236328,22.549999237060547,14.591329574584961,3299800,TPR,yfinance,2026-02-10T05:10:38.179198+00:00
2004-07-07,22.725000381469727,23.084999084472656,22.71500015258789,23.03499984741211,14.905167579650879,2134800,TPR,yfinance,2026-02-10T05:10:38.179198+00:00
2004-07-08,22.975000381469727,22.975000381469727,22.229999542236328,22.59000015258789,14.617213249206543,2686400,TPR,yfinance,2026-02-10T05:10:38.179198+00:00
2004-07-09,22.649999618530273,23.0,22.475000381469727,22.934999465942383,14.840449333190918,2015000,TPR,yfinance,2026-02-10T05:10:38.179198+00:00
2004-07-12,22.954999923706055,23.065000534057617,22.75,22.985000610351562,14.872800827026367,1733800,TPR,yfinance,2026-02-10T05:10:38.179198+00:00
2004-07-13,22.889999389648438,22.9950008392334,22.760000228881836,22.959999084472656,14.85661792755127,1121200,TPR,yfinance,2026-02-10T05:10:38.179198+00:00
2004-07-14,22.760000228881836,22.795000076293945,22.5049991607666,22.610000610351562,14.630158424377441,2297800,TPR,yfinance,2026-02-10T05:10:38.179198+00:00
2004-07-15,22.649999618530273,22.684999465942383,22.06999969482422,22.184999465942383,14.355147361755371,2556400,TPR,yfinance,2026-02-10T05:10:38.179198+00:00
2004-07-16,22.184999465942383,22.375,21.075000762939453,21.274999618530273,13.766311645507812,3942400,TPR,yfinance,2026-02-10T05:10:38.179198+00:00
2004-07-19,21.325000762939453,21.7549991607666,20.915000915527344,21.100000381469727,13.653087615966797,2493400,TPR,yfinance,2026-02-10T05:10:38.179198+00:00
2004-07-20,21.149999618530273,21.950000762939453,21.149999618530273,21.8799991607666,14.157790184020996,2064400,TPR,yfinance,2026-02-10T05:10:38.179198+00:00
2004-07-21,22.100000381469727,22.100000381469727,21.424999237060547,21.424999237060547,13.863377571105957,1866000,TPR,yfinance,2026-02-10T05:10:38.179198+00:00
2004-07-22,21.25,21.25,20.0,20.90999984741211,13.530146598815918,4634000,TPR,yfinance,2026-02-10T05:10:38.179198+00:00
2004-07-23,20.899999618530273,20.899999618530273,20.31999969482422,20.395000457763672,13.196904182434082,2743200,TPR,yfinance,2026-02-10T05:10:38.179198+00:00
2004-07-26,20.450000762939453,20.844999313354492,20.104999542236328,20.219999313354492,13.083664894104004,1782600,TPR,yfinance,2026-02-10T05:10:38.179198+00:00
2004-07-27,20.200000762939453,21.225000381469727,20.200000762939453,21.075000762939453,13.63691234588623,1990400,TPR,yfinance,2026-02-10T05:10:38.179198+00:00
2004-07-28,21.075000762939453,21.25,20.55500030517578,21.174999237060547,13.701610565185547,2240000,TPR,yfinance,2026-02-10T05:10:38.179198+00:00
2004-07-29,21.274999618530273,22.049999237060547,21.274999618530273,21.635000228881836,13.999261856079102,2883600,TPR,yfinance,2026-02-10T05:10:38.179198+00:00
2004-07-30,21.674999237060547,21.844999313354492,21.155000686645508,21.395000457763672,13.843969345092773,2374000,TPR,yfinance,2026-02-10T05:10:38.179198+00:00
2004-08-02,21.399999618530273,21.709999084472656,21.0,21.520000457763672,13.924846649169922,3856000,TPR,yfinance,2026-02-10T05:10:38.179198+00:00
2004-08-03,21.80500030517578,21.80500030517578,20.020000457763672,20.05500030517578,12.976899147033691,11670200,TPR,yfinance,2026-02-10T05:10:38.179198+00:00
2004-08-04,20.145000457763672,20.200000762939453,18.75,19.059999465942383,12.3330659866333,14113000,TPR,yfinance,2026-02-10T05:10:38.179198+00:00
2004-08-05,19.100000381469727,19.454999923706055,19.079999923706055,19.114999771118164,12.368659973144531,6296600,TPR,yfinance,2026-02-10T05:10:38.179198+00:00
2004-08-06,18.899999618530273,19.03499984741211,18.375,18.75,12.132479667663574,4120000,TPR,yfinance,2026-02-10T05:10:38.179198+00:00
2004-08-09,18.625,18.75,17.989999771118164,18.059999465942383,11.686002731323242,5199600,TPR,yfinance,2026-02-10T05:10:38.179198+00:00
2004-08-10,18.149999618530273,18.75,18.084999084472656,18.709999084472656,12.106596946716309,4703600,TPR,yfinance,2026-02-10T05:10:38.179198+00:00
2004-08-11,18.709999084472656,19.34000015258789,18.360000610351562,19.165000915527344,12.401008605957031,4318000,TPR,yfinance,2026-02-10T05:10:38.179198+00:00
2004-08-12,18.899999618530273,19.19499969482422,18.364999771118164,18.56999969482422,12.016006469726562,6620600,TPR,yfinance,2026-02-10T05:10:38.179198+00:00
2004-08-13,18.75,18.975000381469727,18.549999237060547,18.635000228881836,12.058069229125977,5144600,TPR,yfinance,2026-02-10T05:10:38.179198+00:00
2004-08-16,18.725000381469727,19.264999389648438,18.69499969482422,19.2549991607666,12.459243774414062,3162400,TPR,yfinance,2026-02-10T05:10:38.179198+00:00
2004-08-17,19.325000762939453,19.81999969482422,19.325000762939453,19.670000076293945,12.727779388427734,3164400,TPR,yfinance,2026-02-10T05:10:38.179198+00:00
2004-08-18,19.610000610351562,19.959999084472656,19.399999618530273,19.795000076293945,12.808666229248047,2801400,TPR,yfinance,2026-02-10T05:10:38.179198+00:00
2004-08-19,19.75,20.110000610351562,19.610000610351562,20.040000915527344,12.967192649841309,3223000,TPR,yfinance,2026-02-10T05:10:38.179198+00:00
2004-08-20,20.040000915527344,20.545000076293945,19.854999542236328,20.524999618530273,13.281022071838379,3819200,TPR,yfinance,2026-02-10T05:10:38.179198+00:00
2004-08-23,20.549999237060547,20.614999771118164,20.15999984741211,20.15999984741211,13.044841766357422,2421000,TPR,yfinance,2026-02-10T05:10:38.179198+00:00
2004-08-24,20.200000762939453,20.46500015258789,19.959999084472656,20.200000762939453,13.070724487304688,1993400,TPR,yfinance,2026-02-10T05:10:38.179198+00:00
2004-08-25,20.225000381469727,20.3700008392334,19.950000762939453,20.184999465942383,13.061017990112305,2164200,TPR,yfinance,2026-02-10T05:10:38.179198+00:00
2004-08-26,20.260000228881836,20.565000534057617,20.190000534057617,20.489999771118164,13.258374214172363,1616000,TPR,yfinance,2026-02-10T05:10:38.179198+00:00
2004-08-27,21.0,21.219999313354492,20.7549991607666,21.03499984741211,13.611023902893066,6644800,TPR,yfinance,2026-02-10T05:10:38.179198+00:00
2004-08-30,20.924999237060547,21.15999984741211,20.895000457763672,20.895000457763672,13.520439147949219,3685400,TPR,yfinance,2026-02-10T05:10:38.179198+00:00
2004-08-31,21.084999084472656,21.270000457763672,20.875,21.075000762939453,13.63691234588623,43356800,TPR,yfinance,2026-02-10T05:10:38.179198+00:00
2004-09-01,21.079999923706055,21.204999923706055,20.920000076293945,21.084999084472656,13.643376350402832,5110400,TPR,yfinance,2026-02-10T05:10:38.179198+00:00
2004-09-02,21.065000534057617,21.799999237060547,21.065000534057617,21.68000030517578,14.028380393981934,3369600,TPR,yfinance,2026-02-10T05:10:38.179198+00:00
2004-09-03,21.684999465942383,22.0049991607666,21.625,21.764999389648438,14.083386421203613,2881200,TPR,yfinance,2026-02-10T05:10:38.179198+00:00
2004-09-07,21.950000762939453,21.975000381469727,21.69499969482422,21.7549991607666,14.076910018920898,2504000,TPR,yfinance,2026-02-10T05:10:38.179198+00:00
2004-09-08,21.825000762939453,22.350000381469727,21.825000762939453,22.045000076293945,14.264561653137207,5847000,TPR,yfinance,2026-02-10T05:10:38.179198+00:00
2004-09-09,22.165000915527344,22.184999465942383,21.7450008392334,21.80500030517578,14.109260559082031,3266200,TPR,yfinance,2026-02-10T05:10:38.179198+00:00
2004-09-10,21.825000762939453,22.44499969482422,21.80500030517578,22.43000030517578,14.513683319091797,2388400,TPR,yfinance,2026-02-10T05:10:38.179198+00:00
2004-09-13,22.18000030517578,22.4950008392334,22.170000076293945,22.295000076293945,14.426325798034668,2254000,TPR,yfinance,2026-02-10T05:10:38.179198+00:00
2004-09-14,22.225000381469727,22.30500030517578,22.05500030517578,22.155000686645508,14.335735321044922,2834200,TPR,yfinance,2026-02-10T05:10:38.179198+00:00
2004-09-15,22.155000686645508,22.229999542236328,21.875,21.96500015258789,14.212800979614258,2877800,TPR,yfinance,2026-02-10T05:10:38.179198+00:00
2004-09-16,21.950000762939453,22.274999618530273,21.5,21.815000534057617,14.11573600769043,3371800,TPR,yfinance,2026-02-10T05:10:38.179198+00:00
2004-09-17,21.81999969482422,22.075000762939453,21.684999465942383,21.75,14.0736722946167,2595800,TPR,yfinance,2026-02-10T05:10:38.179198+00:00
2004-09-20,21.75,21.889999389648438,21.575000762939453,21.639999389648438,14.002498626708984,1418200,TPR,yfinance,2026-02-10T05:10:38.179198+00:00
2004-09-21,21.639999389648438,21.799999237060547,21.549999237060547,21.729999542236328,14.0607328414917,3351400,TPR,yfinance,2026-02-10T05:10:38.179198+00:00
2004-09-22,21.625,21.625,21.100000381469727,21.219999313354492,13.730731964111328,2964800,TPR,yfinance,2026-02-10T05:10:38.179198+00:00
2004-09-23,21.2549991607666,21.454999923706055,20.975000381469727,21.334999084472656,13.805143356323242,2029600,TPR,yfinance,2026-02-10T05:10:38.179198+00:00
2004-09-24,21.649999618530273,21.649999618530273,21.350000381469727,21.545000076293945,13.94102954864502,1904000,TPR,yfinance,2026-02-10T05:10:38.179198+00:00
2004-09-27,21.299999237060547,21.399999618530273,21.1299991607666,21.170000076293945,13.698378562927246,2274400,TPR,yfinance,2026-02-10T05:10:38.179198+00:00
2004-09-28,21.25,21.424999237060547,21.049999237060547,21.315000534057617,13.792203903198242,1986800,TPR,yfinance,2026-02-10T05:10:38.179198+00:00
2004-09-29,21.31999969482422,21.81999969482422,21.31999969482422,21.735000610351562,14.063965797424316,2141000,TPR,yfinance,2026-02-10T05:10:38.179198+00:00
2004-09-30,21.549999237060547,21.600000381469727,21.174999237060547,21.209999084472656,13.724259376525879,3461000,TPR,yfinance,2026-02-10T05:10:38.179198+00:00
2004-10-01,21.274999618530273,21.739999771118164,21.209999084472656,21.549999237060547,13.944259643554688,2504200,TPR,yfinance,2026-02-10T05:10:38.179198+00:00
2004-10-04,21.90999984741211,22.174999237060547,21.469999313354492,21.520000457763672,13.924846649169922,3176400,TPR,yfinance,2026-02-10T05:10:38.179198+00:00
2004-10-05,21.600000381469727,21.600000381469727,21.149999618530273,21.174999237060547,13.701610565185547,2159800,TPR,yfinance,2026-02-10T05:10:38.179198+00:00
2004-10-06,21.149999618530273,21.549999237060547,20.80500030517578,21.549999237060547,13.944259643554688,1799200,TPR,yfinance,2026-02-10T05:10:38.179198+00:00
2004-10-07,21.575000762939453,22.0,21.075000762939453,21.094999313354492,13.649846076965332,2116200,TPR,yfinance,2026-02-10T05:10:38.179198+00:00
2004-10-08,21.09000015258789,21.315000534057617,20.725000381469727,20.860000610351562,13.497785568237305,1665000,TPR,yfinance,2026-02-10T05:10:38.179198+00:00
2004-10-11,20.915000915527344,21.03499984741211,20.790000915527344,20.940000534057617,13.54955768585205,1027000,TPR,yfinance,2026-02-10T05:10:38.179198+00:00
2004-10-12,20.735000610351562,20.790000915527344,20.18000030517578,20.239999771118164,13.096607208251953,3447400,TPR,yfinance,2026-02-10T05:10:38.179198+00:00
2004-10-13,20.364999771118164,20.399999618530273,19.53499984741211,19.950000762939453,12.908952713012695,5580800,TPR,yfinance,2026-02-10T05:10:38.179198+00:00
2004-10-14,20.0,20.28499984741211,19.739999771118164,20.049999237060547,12.973664283752441,3240600,TPR,yfinance,2026-02-10T05:10:38.179198+00:00
2004-10-15,20.174999237060547,20.389999389648438,20.010000228881836,20.075000762939453,12.989839553833008,3026600,TPR,yfinance,2026-02-10T05:10:38.179198+00:00
2004-10-18,20.079999923706055,20.204999923706055,19.575000762939453,20.200000762939453,13.070724487304688,3092200,TPR,yfinance,2026-02-10T05:10:38.179198+00:00
2004-10-19,20.399999618530273,20.565000534057617,20.094999313354492,20.100000381469727,13.006014823913574,3052400,TPR,yfinance,2026-02-10T05:10:38.179198+00:00
2004-10-20,20.059999465942383,20.2549991607666,19.809999465942383,19.834999084472656,12.834546089172363,2569400,TPR,yfinance,2026-02-10T05:10:38.179198+00:00
2004-10-21,19.924999237060547,20.399999618530273,19.760000228881836,20.34000015258789,13.161312103271484,2705000,TPR,yfinance,2026-02-10T05:10:38.179198+00:00
2004-10-22,20.610000610351562,20.979999542236328,20.579999923706055,20.875,13.507495880126953,4222200,TPR,yfinance,2026-02-10T05:10:38.179198+00:00
2004-10-25,20.924999237060547,21.05500030517578,20.78499984741211,20.860000610351562,13.497785568237305,3477600,TPR,yfinance,2026-02-10T05:10:38.179198+00:00
2004-10-26,21.600000381469727,22.594999313354492,21.3700008392334,22.280000686645508,14.416618347167969,11118200,TPR,yfinance,2026-02-10T05:10:38.179198+00:00
2004-10-27,22.149999618530273,22.989999771118164,22.100000381469727,22.899999618530273,14.817798614501953,4997800,TPR,yfinance,2026-02-10T05:10:38.179198+00:00
2004-10-28,22.475000381469727,23.100000381469727,22.475000381469727,22.989999771118164,14.876036643981934,4937600,TPR,yfinance,2026-02-10T05:10:38.179198+00:00
2004-10-29,22.950000762939453,23.520000457763672,22.915000915527344,23.315000534057617,15.086333274841309,4144200,TPR,yfinance,2026-02-10T05:10:38.179198+00:00
2004-11-01,23.31999969482422,23.5,22.80500030517578,23.049999237060547,14.914859771728516,4547400,TPR,yfinance,2026-02-10T05:10:38.179198+00:00
2004-11-02,23.25,23.350000381469727,23.010000228881836,23.079999923706055,14.934273719787598,2462000,TPR,yfinance,2026-02-10T05:10:38.179198+00:00
2004-11-03,23.325000762939453,23.475000381469727,23.125,23.399999618530273,15.141339302062988,2156800,TPR,yfinance,2026-02-10T05:10:38.179198+00:00
2004-11-04,23.479999542236328,23.700000762939453,23.200000762939453,23.69499969482422,15.332218170166016,3470200,TPR,yfinance,2026-02-10T05:10:38.179198+00:00
2004-11-05,23.760000228881836,24.399999618530273,23.725000381469727,24.024999618530273,15.545741081237793,4102000,TPR,yfinance,2026-02-10T05:10:38.179198+00:00
2004-11-08,23.899999618530273,23.90999984741211,23.55500030517578,23.600000381469727,15.270745277404785,1850600,TPR,yfinance,2026-02-10T05:10:38.179198+00:00
2004-11-09,23.625,23.649999618530273,23.094999313354492,23.540000915527344,15.231926918029785,2999400,TPR,yfinance,2026-02-10T05:10:38.179198+00:00
2004-11-10,23.739999771118164,23.934999465942383,23.575000762939453,23.614999771118164,15.2804536819458,1726200,TPR,yfinance,2026-02-10T05:10:38.179198+00:00
2004-11-11,23.594999313354492,23.825000762939453,23.299999237060547,23.709999084472656,15.341919898986816,3388800,TPR,yfinance,2026-02-10T05:10:38.179198+00:00
2004-11-12,23.75,24.25,23.674999237060547,24.174999237060547,15.642806053161621,2617600,TPR,yfinance,2026-02-10T05:10:38.179198+00:00
2004-11-15,24.149999618530273,24.719999313354492,24.0,24.6200008392334,15.930754661560059,3694400,TPR,yfinance,2026-02-10T05:10:38.179198+00:00
2004-11-16,24.450000762939453,24.68000030517578,24.264999389648438,24.575000762939453,15.901633262634277,4314200,TPR,yfinance,2026-02-10T05:10:38.179198+00:00
2004-11-17,24.600000381469727,25.014999389648438,24.375,24.53499984741211,15.875749588012695,3433200,TPR,yfinance,2026-02-10T05:10:38.179198+00:00
2004-11-18,24.450000762939453,25.235000610351562,24.200000762939453,25.049999237060547,16.208986282348633,4267800,TPR,yfinance,2026-02-10T05:10:38.179198+00:00
2004-11-19,24.625,24.850000381469727,24.209999084472656,24.325000762939453,15.739872932434082,5168000,TPR,yfinance,2026-02-10T05:10:38.179198+00:00
2004-11-22,24.549999237060547,24.614999771118164,24.375,24.610000610351562,15.924286842346191,2639400,TPR,yfinance,2026-02-10T05:10:38.179198+00:00
2004-11-23,24.424999237060547,24.8700008392334,24.415000915527344,24.8700008392334,16.092525482177734,2443200,TPR,yfinance,2026-02-10T05:10:38.179198+00:00
2004-11-24,24.649999618530273,24.899999618530273,24.5,24.899999618530273,16.11193084716797,2326800,TPR,yfinance,2026-02-10T05:10:38.179198+00:00
2004-11-26,24.9950008392334,25.459999084472656,24.770000457763672,24.8700008392334,16.092525482177734,1276200,TPR,yfinance,2026-02-10T05:10:38.179198+00:00
2004-11-29,24.975000381469727,24.989999771118164,24.315000534057617,24.7450008392334,16.011638641357422,2687200,TPR,yfinance,2026-02-10T05:10:38.179198+00:00
2004-11-30,24.875,24.920000076293945,24.635000228881836,24.920000076293945,16.124879837036133,2057000,TPR,yfinance,2026-02-10T05:10:38.179198+00:00
2004-12-01,25.0,25.514999389648438,25.0,25.514999389648438,16.509878158569336,3692200,TPR,yfinance,2026-02-10T05:10:38.179198+00:00
2004-12-02,25.405000686645508,27.0,25.209999084472656,26.325000762939453,17.034000396728516,5163800,TPR,yfinance,2026-02-10T05:10:38.179198+00:00
2004-12-03,26.329999923706055,26.424999237060547,26.079999923706055,26.229999542236328,16.972524642944336,3053000,TPR,yfinance,2026-02-10T05:10:38.179198+00:00
2004-12-06,26.229999542236328,26.575000762939453,26.079999923706055,26.360000610351562,17.056642532348633,1868000,TPR,yfinance,2026-02-10T05:10:38.179198+00:00
2004-12-07,26.389999389648438,26.5049991607666,26.165000915527344,26.209999084472656,16.959583282470703,2475600,TPR,yfinance,2026-02-10T05:10:38.179198+00:00
2004-12-08,26.03499984741211,26.6200008392334,26.03499984741211,26.415000915527344,17.092233657836914,1906400,TPR,yfinance,2026-02-10T05:10:38.179198+00:00
2004-12-09,26.25,26.510000228881836,26.149999618530273,26.434999465942383,17.105175018310547,2451600,TPR,yfinance,2026-02-10T05:10:38.179198+00:00
2004-12-10,26.90999984741211,26.90999984741211,26.329999923706055,26.809999465942383,17.34782600402832,2189000,TPR,yfinance,2026-02-10T05:10:38.179198+00:00
2004-12-13,26.864999771118164,28.075000762939453,26.850000381469727,27.93000030517578,18.07254409790039,7311400,TPR,yfinance,2026-02-10T05:10:38.179198+00:00
2004-12-14,27.774999618530273,28.1299991607666,27.700000762939453,27.979999542236328,18.10489273071289,2829600,TPR,yfinance,2026-02-10T05:10:38.179198+00:00
2004-12-15,27.850000381469727,27.885000228881836,27.3799991607666,27.6200008392334,17.8719482421875,4188400,TPR,yfinance,2026-02-10T05:10:38.179198+00:00
2004-12-16,27.645000457763672,28.0,27.424999237060547,27.6200008392334,17.8719482421875,3725400,TPR,yfinance,2026-02-10T05:10:38.179198+00:00
2004-12-17,27.325000762939453,27.4950008392334,27.03499984741211,27.44499969482422,17.758716583251953,3617400,TPR,yfinance,2026-02-10T05:10:38.179198+00:00
2004-12-20,27.655000686645508,27.850000381469727,27.434999465942383,27.5,17.79429817199707,3310800,TPR,yfinance,2026-02-10T05:10:38.179198+00:00
2004-12-21,27.600000381469727,27.635000228881836,27.165000915527344,27.274999618530273,17.64871597290039,3068000,TPR,yfinance,2026-02-10T05:10:38.179198+00:00
2004-12-22,27.625,27.6299991607666,27.329999923706055,27.56999969482422,17.839595794677734,2511600,TPR,yfinance,2026-02-10T05:10:38.179198+00:00
2004-12-23,27.56999969482422,27.950000762939453,27.56999969482422,27.655000686645508,17.89459800720215,1106400,TPR,yfinance,2026-02-10T05:10:38.179198+00:00
2004-12-27,28.204999923706055,28.375,27.850000381469727,27.860000610351562,18.027244567871094,2333000,TPR,yfinance,2026-02-10T05:10:38.179198+00:00
2004-12-28,28.149999618530273,28.469999313354492,28.05500030517578,28.469999313354492,18.421953201293945,1883000,TPR,yfinance,2026-02-10T05:10:38.179198+00:00
2004-12-29,28.5,28.850000381469727,28.389999389648438,28.530000686645508,18.460777282714844,1586400,TPR,yfinance,2026-02-10T05:10:38.179198+00:00
2004-12-30,28.600000381469727,28.700000762939453,28.290000915527344,28.399999618530273,18.376667022705078,1227800,TPR,yfinance,2026-02-10T05:10:38.179198+00:00
2004-12-31,28.600000381469727,28.760000228881836,28.190000534057617,28.200000762939453,18.247251510620117,1542600,TPR,yfinance,2026-02-10T05:10:38.179198+00:00
2005-01-03,28.075000762939453,28.399999618530273,27.510000228881836,27.549999237060547,17.826656341552734,2885800,TPR,yfinance,2026-02-10T05:10:38.179198+00:00
2005-01-04,27.575000762939453,27.690000534057617,26.924999237060547,26.924999237060547,17.4222412109375,3408200,TPR,yfinance,2026-02-10T05:10:38.179198+00:00
2005-01-05,26.989999771118164,27.450000762939453,26.75,26.950000762939453,17.438411712646484,2427000,TPR,yfinance,2026-02-10T05:10:38.179198+00:00
2005-01-06,27.184999465942383,27.68000030517578,27.09000015258789,27.5049991607666,17.797536849975586,2052600,TPR,yfinance,2026-02-10T05:10:38.179198+00:00
2005-01-07,27.639999389648438,27.864999771118164,27.360000610351562,27.674999237060547,17.907533645629883,1934600,TPR,yfinance,2026-02-10T05:10:38.179198+00:00
2005-01-10,27.75,28.389999389648438,27.75,28.049999237060547,18.150192260742188,2587600,TPR,yfinance,2026-02-10T05:10:38.179198+00:00
2005-01-11,27.975000381469727,28.049999237060547,27.625,27.844999313354492,18.01753807067871,1677400,TPR,yfinance,2026-02-10T05:10:38.179198+00:00
2005-01-12,28.375,28.375,26.950000762939453,27.450000762939453,17.761945724487305,5058600,TPR,yfinance,2026-02-10T05:10:38.179198+00:00
2005-01-13,27.575000762939453,27.899999618530273,27.3700008392334,27.510000228881836,17.8007755279541,2190800,TPR,yfinance,2026-02-10T05:10:38.179198+00:00
2005-01-14,27.649999618530273,28.049999237060547,27.53499984741211,27.885000228881836,18.043428421020508,1454400,TPR,yfinance,2026-02-10T05:10:38.179198+00:00
2005-01-18,27.885000228881836,28.4950008392334,27.815000534057617,28.309999465942383,18.318431854248047,2837200,TPR,yfinance,2026-02-10T05:10:38.179198+00:00
2005-01-19,28.200000762939453,28.239999771118164,27.709999084472656,27.75,17.95606803894043,1858400,TPR,yfinance,2026-02-10T05:10:38.179198+00:00
2005-01-20,27.7450008392334,27.799999237060547,27.280000686645508,27.399999618530273,17.729598999023438,2018800,TPR,yfinance,2026-02-10T05:10:38.179198+00:00
2005-01-21,27.344999313354492,27.524999618530273,26.780000686645508,26.8700008392334,17.386655807495117,2573400,TPR,yfinance,2026-02-10T05:10:38.179198+00:00
2005-01-24,26.850000381469727,27.059999465942383,25.729999542236328,26.40999984741211,17.0889949798584,4088000,TPR,yfinance,2026-02-10T05:10:38.179198+00:00
2005-01-25,27.225000381469727,27.780000686645508,26.725000381469727,27.31999969482422,17.677833557128906,5647600,TPR,yfinance,2026-02-10T05:10:38.179198+00:00
2005-01-26,27.399999618530273,27.44499969482422,26.75,26.90999984741211,17.412538528442383,3714000,TPR,yfinance,2026-02-10T05:10:38.179198+00:00
2005-01-27,26.975000381469727,27.100000381469727,26.684999465942383,27.024999618530273,17.48694610595703,2372800,TPR,yfinance,2026-02-10T05:10:38.179198+00:00
2005-01-28,27.125,27.5049991607666,26.864999771118164,27.459999084472656,17.76841926574707,3387400,TPR,yfinance,2026-02-10T05:10:38.179198+00:00
2005-01-31,27.844999313354492,28.270000457763672,27.6299991607666,28.049999237060547,18.150192260742188,2809000,TPR,yfinance,2026-02-10T05:10:38.179198+00:00
2005-02-01,28.05500030517578,28.184999465942383,27.80500030517578,28.100000381469727,18.18254280090332,2193400,TPR,yfinance,2026-02-10T05:10:38.179198+00:00
2005-02-02,28.350000381469727,28.424999237060547,28.024999618530273,28.155000686645508,18.218130111694336,2129000,TPR,yfinance,2026-02-10T05:10:38.179198+00:00
2005-02-03,28.155000686645508,28.350000381469727,27.825000762939453,28.165000915527344,18.224605560302734,1851000,TPR,yfinance,2026-02-10T05:10:38.179198+00:00
2005-02-04,28.040000915527344,28.110000610351562,27.65999984741211,27.799999237060547,17.988426208496094,2529000,TPR,yfinance,2026-02-10T05:10:38.179198+00:00
2005-02-07,27.850000381469727,28.100000381469727,27.704999923706055,28.100000381469727,18.18254280090332,1848600,TPR,yfinance,2026-02-10T05:10:38.179198+00:00
2005-02-08,27.975000381469727,28.075000762939453,27.5,27.6200008392334,17.8719482421875,2314200,TPR,yfinance,2026-02-10T05:10:38.179198+00:00
2005-02-09,27.5,27.6299991607666,26.635000228881836,26.81999969482422,17.354297637939453,3541200,TPR,yfinance,2026-02-10T05:10:38.179198+00:00
2005-02-10,27.045000076293945,27.19499969482422,26.875,27.0,17.470767974853516,2221000,TPR,yfinance,2026-02-10T05:10:38.179198+00:00
2005-02-11,27.05500030517578,27.5,26.905000686645508,27.149999618530273,17.567827224731445,2050400,TPR,yfinance,2026-02-10T05:10:38.179198+00:00
2005-02-14,27.235000610351562,27.375,26.65999984741211,26.75,17.309005737304688,2392000,TPR,yfinance,2026-02-10T05:10:38.179198+00:00
2005-02-15,26.875,26.8799991607666,26.6200008392334,26.80500030517578,17.344594955444336,2019200,TPR,yfinance,2026-02-10T05:10:38.179198+00:00
2005-02-16,26.780000686645508,27.270000457763672,26.635000228881836,27.200000762939453,17.600181579589844,2698800,TPR,yfinance,2026-02-10T05:10:38.179198+00:00
2005-02-17,27.2450008392334,27.53499984741211,27.239999771118164,27.454999923706055,17.765188217163086,2817400,TPR,yfinance,2026-02-10T05:10:38.179198+00:00
2005-02-18,27.4950008392334,27.950000762939453,27.385000228881836,27.75,17.95606803894043,3628600,TPR,yfinance,2026-02-10T05:10:38.179198+00:00
2005-02-22,27.700000762939453,27.834999084472656,27.0049991607666,27.079999923706055,17.522537231445312,2660200,TPR,yfinance,2026-02-10T05:10:38.179198+00:00
2005-02-23,27.114999771118164,27.600000381469727,27.114999771118164,27.524999618530273,17.81048011779785,2511600,TPR,yfinance,2026-02-10T05:10:38.179198+00:00
2005-02-24,27.399999618530273,27.905000686645508,27.075000762939453,27.854999542236328,18.024009704589844,3000400,TPR,yfinance,2026-02-10T05:10:38.179198+00:00
2005-02-25,27.764999389648438,28.389999389648438,27.75,28.325000762939453,18.328134536743164,3029000,TPR,yfinance,2026-02-10T05:10:38.179198+00:00
2005-02-28,28.049999237060547,28.260000228881836,27.5,27.764999389648438,17.965768814086914,3064000,TPR,yfinance,2026-02-10T05:10:38.179198+00:00
2005-03-01,27.764999389648438,28.239999771118164,27.7450008392334,28.045000076293945,18.146953582763672,1798200,TPR,yfinance,2026-02-10T05:10:38.179198+00:00
2005-03-02,27.825000762939453,28.889999389648438,27.799999237060547,28.625,18.52225685119629,3697800,TPR,yfinance,2026-02-10T05:10:38.179198+00:00
2005-03-03,29.5,29.875,29.135000228881836,29.684999465942383,19.20814323425293,5776600,TPR,yfinance,2026-02-10T05:10:38.179198+00:00
2005-03-04,29.684999465942383,29.975000381469727,29.5,29.75,19.250202178955078,3008800,TPR,yfinance,2026-02-10T05:10:38.179198+00:00
2005-03-07,29.625,29.924999237060547,29.475000381469727,29.709999084472656,19.224319458007812,2415800,TPR,yfinance,2026-02-10T05:10:38.179198+00:00
2005-03-08,29.625,29.6299991607666,28.899999618530273,29.014999389648438,18.774606704711914,2771000,TPR,yfinance,2026-02-10T05:10:38.179198+00:00
2005-03-09,28.75,29.2450008392334,28.385000228881836,28.760000228881836,18.609609603881836,2623000,TPR,yfinance,2026-02-10T05:10:38.179198+00:00
2005-03-10,28.75,29.299999237060547,28.670000076293945,29.225000381469727,18.910491943359375,2285000,TPR,yfinance,2026-02-10T05:10:38.179198+00:00
2005-03-11,29.350000381469727,29.575000762939453,29.235000610351562,29.565000534057617,19.130491256713867,1983200,TPR,yfinance,2026-02-10T05:10:38.179198+00:00
2005-03-14,29.625,29.69499969482422,29.2549991607666,29.440000534057617,19.049604415893555,1992000,TPR,yfinance,2026-02-10T05:10:38.179198+00:00
2005-03-15,29.399999618530273,29.475000381469727,29.229999542236328,29.229999542236328,18.913721084594727,1251600,TPR,yfinance,2026-02-10T05:10:38.179198+00:00
2005-03-16,28.825000762939453,29.229999542236328,27.875,28.6299991607666,18.525484085083008,4370400,TPR,yfinance,2026-02-10T05:10:38.179198+00:00
2005-03-17,28.649999618530273,28.7549991607666,28.31999969482422,28.6299991607666,18.525484085083008,2229800,TPR,yfinance,2026-02-10T05:10:38.179198+00:00
2005-03-18,28.649999618530273,28.7450008392334,28.1299991607666,28.315000534057617,18.3216609954834,3058800,TPR,yfinance,2026-02-10T05:10:38.179198+00:00
2005-03-21,28.274999618530273,28.274999618530273,27.774999618530273,27.899999618530273,18.053123474121094,2283000,TPR,yfinance,2026-02-10T05:10:38.179198+00:00
2005-03-22,27.969999313354492,28.485000610351562,27.875,28.139999389648438,18.20842742919922,1973600,TPR,yfinance,2026-02-10T05:10:38.179198+00:00
2005-03-23,28.094999313354492,28.100000381469727,27.579999923706055,27.84000015258789,18.01430320739746,2545000,TPR,yfinance,2026-02-10T05:10:38.179198+00:00
2005-03-24,27.809999465942383,28.354999542236328,27.780000686645508,28.184999465942383,18.237546920776367,1444000,TPR,yfinance,2026-02-10T05:10:38.179198+00:00
2005-03-28,28.184999465942383,28.674999237060547,28.184999465942383,28.524999618530273,18.457544326782227,1918800,TPR,yfinance,2026-02-10T05:10:38.179198+00:00
2005-03-29,28.350000381469727,28.635000228881836,27.899999618530273,28.030000686645508,18.137248992919922,2224600,TPR,yfinance,2026-02-10T05:10:38.179198+00:00
2005-03-30,28.045000076293945,28.434999465942383,28.045000076293945,28.420000076293945,18.389604568481445,1556400,TPR,yfinance,2026-02-10T05:10:38.179198+00:00
2005-03-31,28.475000381469727,28.559999465942383,28.18000030517578,28.315000534057617,18.3216609954834,1807800,TPR,yfinance,2026-02-10T05:10:38.179198+00:00
2005-04-01,28.649999618530273,28.649999618530273,27.25,27.790000915527344,17.981952667236328,3343800,TPR,yfinance,2026-02-10T05:10:38.179198+00:00
2005-04-04,27.84000015258789,28.21500015258789,27.68000030517578,28.145000457763672,18.21166229248047,2433400,TPR,yfinance,2026-02-10T05:10:38.179198+00:00
2005-04-05,28.440000534057617,29.329999923706055,28.219999313354492,28.770000457763672,18.616077423095703,2084200,TPR,yfinance,2026-02-10T05:10:38.179198+00:00
2005-04-06,29.260000228881836,29.450000762939453,28.6299991607666,28.700000762939453,18.570781707763672,2398800,TPR,yfinance,2026-02-10T05:10:38.179198+00:00
2005-04-07,28.75,28.75,28.329999923706055,28.350000381469727,18.344308853149414,2356300,TPR,yfinance,2026-02-10T05:10:38.179198+00:00
2005-04-08,28.420000076293945,28.549999237060547,27.780000686645508,27.850000381469727,18.020771026611328,1930700,TPR,yfinance,2026-02-10T05:10:38.179198+00:00
2005-04-11,28.049999237060547,28.149999618530273,27.360000610351562,27.579999923706055,17.846067428588867,2073500,TPR,yfinance,2026-02-10T05:10:38.179198+00:00
2005-04-12,27.549999237060547,27.84000015258789,27.190000534057617,27.809999465942383,17.99489402770996,2072100,TPR,yfinance,2026-02-10T05:10:38.179198+00:00
2005-04-13,27.809999465942383,28.09000015258789,27.350000381469727,27.56999969482422,17.839595794677734,1918400,TPR,yfinance,2026-02-10T05:10:38.179198+00:00
2005-04-14,27.6200008392334,27.639999389648438,25.780000686645508,26.43000030517578,17.101943969726562,4139800,TPR,yfinance,2026-02-10T05:10:38.179198+00:00
2005-04-15,26.450000762939453,26.469999313354492,25.149999618530273,25.219999313354492,16.31899070739746,3532400,TPR,yfinance,2026-02-10T05:10:38.179198+00:00
2005-04-18,25.049999237060547,25.25,24.510000228881836,25.25,16.33840560913086,4868500,TPR,yfinance,2026-02-10T05:10:38.179198+00:00
2005-04-19,26.200000762939453,26.739999771118164,25.899999618530273,26.059999465942383,16.862524032592773,3321100,TPR,yfinance,2026-02-10T05:10:38.179198+00:00
2005-04-20,26.25,26.549999237060547,25.299999237060547,25.479999542236328,16.48723030090332,2926200,TPR,yfinance,2026-02-10T05:10:38.179198+00:00
2005-04-21,26.0,26.260000228881836,25.809999465942383,26.1299991607666,16.907817840576172,2215400,TPR,yfinance,2026-02-10T05:10:38.179198+00:00
2005-04-22,26.200000762939453,26.290000915527344,25.25,25.760000228881836,16.668407440185547,2404300,TPR,yfinance,2026-02-10T05:10:38.179198+00:00
2005-04-25,26.25,26.520000457763672,26.049999237060547,26.31999969482422,17.0307674407959,2600900,TPR,yfinance,2026-02-10T05:10:38.179198+00:00
2005-04-26,27.950000762939453,28.100000381469727,26.770000457763672,27.760000228881836,17.962543487548828,6429700,TPR,yfinance,2026-02-10T05:10:38.179198+00:00
2005-04-27,27.65999984741211,28.25,27.360000610351562,27.889999389648438,18.046655654907227,2451900,TPR,yfinance,2026-02-10T05:10:38.179198+00:00
2005-04-28,27.75,27.809999465942383,27.1200008392334,27.190000534057617,17.593711853027344,2507900,TPR,yfinance,2026-02-10T05:10:38.179198+00:00
2005-04-29,27.450000762939453,27.489999771118164,26.25,26.799999237060547,17.34135627746582,3283200,TPR,yfinance,2026-02-10T05:10:38.179198+00:00
2005-05-02,27.299999237060547,27.739999771118164,27.149999618530273,27.350000381469727,17.697254180908203,2413100,TPR,yfinance,2026-02-10T05:10:38.179198+00:00
2005-05-03,27.299999237060547,27.790000915527344,27.079999923706055,27.469999313354492,17.774892807006836,3232300,TPR,yfinance,2026-02-10T05:10:38.179198+00:00
2005-05-04,27.399999618530273,27.979999542236328,27.309999465942383,27.950000762939453,18.085485458374023,2326100,TPR,yfinance,2026-02-10T05:10:38.179198+00:00
2005-05-05,28.200000762939453,28.8799991607666,28.149999618530273,28.31999969482422,18.324901580810547,2255100,TPR,yfinance,2026-02-10T05:10:38.179198+00:00
2005-05-06,28.56999969482422,28.700000762939453,28.209999084472656,28.350000381469727,18.344308853149414,1718100,TPR,yfinance,2026-02-10T05:10:38.179198+00:00
2005-05-09,28.209999084472656,28.729999542236328,28.200000762939453,28.709999084472656,18.577253341674805,1994600,TPR,yfinance,2026-02-10T05:10:38.179198+00:00
2005-05-10,28.649999618530273,28.739999771118164,27.200000762939453,27.530000686645508,17.81371307373047,3694900,TPR,yfinance,2026-02-10T05:10:38.179198+00:00
2005-05-11,27.729999542236328,28.75,27.729999542236328,28.68000030517578,18.557842254638672,2748000,TPR,yfinance,2026-02-10T05:10:38.179198+00:00
2005-05-12,28.889999389648438,29.010000228881836,27.760000228881836,27.829999923706055,18.007835388183594,1971300,TPR,yfinance,2026-02-10T05:10:38.179198+00:00
2005-05-13,28.200000762939453,28.290000915527344,27.68000030517578,28.110000610351562,18.18901824951172,1934800,TPR,yfinance,2026-02-10T05:10:38.179198+00:00
2005-05-16,28.200000762939453,28.920000076293945,28.110000610351562,28.780000686645508,18.622549057006836,1712000,TPR,yfinance,2026-02-10T05:10:38.179198+00:00
2005-05-17,28.479999542236328,29.0,27.799999237060547,28.989999771118164,18.758424758911133,1272600,TPR,yfinance,2026-02-10T05:10:38.179198+00:00
2005-05-18,29.0,29.75,28.770000457763672,29.75,19.250202178955078,2127800,TPR,yfinance,2026-02-10T05:10:38.179198+00:00
2005-05-19,29.639999389648438,29.809999465942383,29.43000030517578,29.75,19.250202178955078,2935900,TPR,yfinance,2026-02-10T05:10:38.179198+00:00
2005-05-20,29.549999237060547,29.549999237060547,29.1299991607666,29.350000381469727,18.991374969482422,1884900,TPR,yfinance,2026-02-10T05:10:38.179198+00:00
2005-05-23,29.34000015258789,29.600000381469727,29.219999313354492,29.459999084472656,19.06255340576172,2150300,TPR,yfinance,2026-02-10T05:10:38.179198+00:00
2005-05-24,29.469999313354492,29.56999969482422,29.34000015258789,29.440000534057617,19.049604415893555,2228700,TPR,yfinance,2026-02-10T05:10:38.179198+00:00
2005-05-25,29.43000030517578,29.5,28.899999618530273,29.219999313354492,18.907258987426758,1490800,TPR,yfinance,2026-02-10T05:10:38.179198+00:00
2005-05-26,29.329999923706055,29.649999618530273,28.93000030517578,29.170000076293945,18.874897003173828,1667300,TPR,yfinance,2026-02-10T05:10:38.179198+00:00
2005-05-27,29.1200008392334,29.450000762939453,29.030000686645508,29.299999237060547,18.95901870727539,2376900,TPR,yfinance,2026-02-10T05:10:38.179198+00:00
2005-05-31,29.40999984741211,29.40999984741211,28.979999542236328,29.040000915527344,18.790781021118164,2403900,TPR,yfinance,2026-02-10T05:10:38.179198+00:00
2005-06-01,29.100000381469727,30.93000030517578,29.049999237060547,30.670000076293945,19.845500946044922,5562500,TPR,yfinance,2026-02-10T05:10:38.179198+00:00
2005-06-02,30.799999237060547,32.630001068115234,30.68000030517578,32.06999969482422,20.751392364501953,6242700,TPR,yfinance,2026-02-10T05:10:38.179198+00:00
2005-06-03,32.0,32.4900016784668,31.6299991607666,31.760000228881836,20.55080795288086,3052600,TPR,yfinance,2026-02-10T05:10:38.179198+00:00
2005-06-06,32.029998779296875,32.599998474121094,31.920000076293945,32.54999923706055,21.061981201171875,3216500,TPR,yfinance,2026-02-10T05:10:38.179198+00:00
2005-06-07,32.540000915527344,33.0,32.130001068115234,32.77000045776367,21.204347610473633,3532100,TPR,yfinance,2026-02-10T05:10:38.179198+00:00
2005-06-08,32.77000045776367,32.77000045776367,31.860000610351562,31.989999771118164,20.699623107910156,2456900,TPR,yfinance,2026-02-10T05:10:38.179198+00:00
2005-06-09,31.989999771118164,32.06999969482422,31.43000030517578,32.0,20.70609474182129,2802900,TPR,yfinance,2026-02-10T05:10:38.179198+00:00
2005-06-10,32.0,32.0,31.100000381469727,31.399999618530273,20.317859649658203,2230100,TPR,yfinance,2026-02-10T05:10:38.179198+00:00
2005-06-13,31.290000915527344,31.729999542236328,31.010000228881836,31.59000015258789,20.440799713134766,1927300,TPR,yfinance,2026-02-10T05:10:38.179198+00:00
2005-06-14,31.719999313354492,32.540000915527344,31.610000610351562,32.52000045776367,21.042573928833008,2274300,TPR,yfinance,2026-02-10T05:10:38.179198+00:00
2005-06-15,32.77000045776367,33.68000030517578,32.709999084472656,33.40999984741211,21.618459701538086,3112300,TPR,yfinance,2026-02-10T05:10:38.179198+00:00
2005-06-16,33.5,33.5,32.880001068115234,33.20000076293945,21.48257827758789,1859300,TPR,yfinance,2026-02-10T05:10:38.179198+00:00
2005-06-17,33.5,33.5,32.63999938964844,32.939998626708984,21.3143367767334,2705100,TPR,yfinance,2026-02-10T05:10:38.179198+00:00
2005-06-20,32.54999923706055,33.27000045776367,32.439998626708984,33.20000076293945,21.48257827758789,1922200,TPR,yfinance,2026-02-10T05:10:38.179198+00:00
2005-06-21,33.13999938964844,34.04999923706055,33.0099983215332,33.91999816894531,21.948467254638672,2593200,TPR,yfinance,2026-02-10T05:10:38.179198+00:00
2005-06-22,34.150001525878906,34.2400016784668,33.36000061035156,33.54999923706055,21.709047317504883,2331500,TPR,yfinance,2026-02-10T05:10:38.179198+00:00
2005-06-23,33.04999923706055,33.52000045776367,32.52000045776367,32.619998931884766,21.107282638549805,1735600,TPR,yfinance,2026-02-10T05:10:38.179198+00:00
2005-06-24,32.43000030517578,32.4900016784668,31.799999237060547,32.150001525878906,20.80315399169922,2557500,TPR,yfinance,2026-02-10T05:10:38.179198+00:00
2005-06-27,32.04999923706055,32.16999816894531,31.649999618530273,31.920000076293945,20.65433120727539,1509900,TPR,yfinance,2026-02-10T05:10:38.179198+00:00
2005-06-28,32.16999816894531,33.47999954223633,31.93000030517578,33.209999084472656,21.489046096801758,1982800,TPR,yfinance,2026-02-10T05:10:38.179198+00:00
2005-06-29,33.41999816894531,33.849998474121094,33.18000030517578,33.560001373291016,21.71552085876465,1822100,TPR,yfinance,2026-02-10T05:10:38.179198+00:00
2005-06-30,33.54999923706055,34.16999816894531,33.54999923706055,33.56999969482422,21.721988677978516,3291700,TPR,yfinance,2026-02-10T05:10:38.179198+00:00
2005-07-01,33.93000030517578,34.189998626708984,33.2599983215332,33.54999923706055,21.709047317504883,1535200,TPR,yfinance,2026-02-10T05:10:38.179198+00:00
2005-07-05,34.08000183105469,34.95000076293945,33.900001525878906,34.790000915527344,22.51140785217285,2390600,TPR,yfinance,2026-02-10T05:10:38.179198+00:00
2005-07-06,34.61000061035156,34.68000030517578,33.79999923706055,34.130001068115234,22.084348678588867,1814700,TPR,yfinance,2026-02-10T05:10:38.179198+00:00
2005-07-07,33.52000045776367,34.70000076293945,33.5,34.70000076293945,22.45317268371582,1543900,TPR,yfinance,2026-02-10T05:10:38.179198+00:00
2005-07-08,34.70000076293945,35.310001373291016,34.54999923706055,35.2599983215332,22.81553077697754,1801600,TPR,yfinance,2026-02-10T05:10:38.179198+00:00
2005-07-11,34.970001220703125,35.45000076293945,34.52000045776367,35.11000061035156,22.718469619750977,1930500,TPR,yfinance,2026-02-10T05:10:38.179198+00:00
2005-07-12,35.220001220703125,35.54999923706055,35.119998931884766,35.36000061035156,22.88023567199707,1625400,TPR,yfinance,2026-02-10T05:10:38.179198+00:00
2005-07-13,35.72999954223633,35.95000076293945,35.20000076293945,35.43000030517578,22.925540924072266,1807700,TPR,yfinance,2026-02-10T05:10:38.179198+00:00
2005-07-14,35.43000030517578,35.75,34.52000045776367,34.7599983215332,22.49199676513672,2025300,TPR,yfinance,2026-02-10T05:10:38.179198+00:00
2005-07-15,34.91999816894531,35.400001525878906,34.70000076293945,35.27000045776367,22.822002410888672,1714600,TPR,yfinance,2026-02-10T05:10:38.179198+00:00
2005-07-18,35.279998779296875,35.36000061035156,35.119998931884766,35.2400016784668,22.80258560180664,841000,TPR,yfinance,2026-02-10T05:10:38.179198+00:00
2005-07-19,35.560001373291016,36.220001220703125,35.27000045776367,36.220001220703125,23.43671226501465,1601500,TPR,yfinance,2026-02-10T05:10:38.179198+00:00
2005-07-20,35.79999923706055,36.29999923706055,35.349998474121094,36.15999984741211,23.397890090942383,1332800,TPR,yfinance,2026-02-10T05:10:38.179198+00:00
2005-07-21,36.25,36.25,35.5,35.56999969482422,23.0161190032959,1481500,TPR,yfinance,2026-02-10T05:10:38.179198+00:00
2005-07-22,35.540000915527344,35.970001220703125,35.290000915527344,35.95000076293945,23.262006759643555,1114400,TPR,yfinance,2026-02-10T05:10:38.179198+00:00
2005-07-25,36.0,36.20000076293945,34.849998474121094,34.939998626708984,22.608461380004883,1931700,TPR,yfinance,2026-02-10T05:10:38.179198+00:00
2005-07-26,35.0,35.20000076293945,34.900001525878906,35.0,22.64729881286621,1928600,TPR,yfinance,2026-02-10T05:10:38.179198+00:00
2005-07-27,35.029998779296875,35.099998474121094,33.349998474121094,34.93000030517578,22.602001190185547,3677900,TPR,yfinance,2026-02-10T05:10:38.179198+00:00
2005-07-28,35.4900016784668,36.15999984741211,34.79999923706055,35.61000061035156,23.04200553894043,2177500,TPR,yfinance,2026-02-10T05:10:38.179198+00:00
2005-07-29,35.459999084472656,35.58000183105469,34.790000915527344,35.11000061035156,22.718469619750977,1897400,TPR,yfinance,2026-02-10T05:10:38.179198+00:00
2005-08-01,35.630001068115234,36.41999816894531,35.33000183105469,35.54999923706055,23.003175735473633,2456200,TPR,yfinance,2026-02-10T05:10:38.179198+00:00
2005-08-02,35.470001220703125,35.470001220703125,33.0,34.75,22.48552703857422,10536600,TPR,yfinance,2026-02-10T05:10:38.179198+00:00
2005-08-03,34.65999984741211,35.47999954223633,34.25,35.439998626708984,22.932004928588867,4697700,TPR,yfinance,2026-02-10T05:10:38.179198+00:00
2005-08-04,35.20000076293945,35.25,34.83000183105469,34.970001220703125,22.627880096435547,3229300,TPR,yfinance,2026-02-10T05:10:38.179198+00:00
2005-08-05,34.970001220703125,34.970001220703125,33.47999954223633,33.70000076293945,21.806110382080078,3559400,TPR,yfinance,2026-02-10T05:10:38.179198+00:00
2005-08-08,33.70000076293945,34.36000061035156,33.70000076293945,33.970001220703125,21.980817794799805,2018200,TPR,yfinance,2026-02-10T05:10:38.179198+00:00
2005-08-09,34.380001068115234,34.70000076293945,34.130001068115234,34.45000076293945,22.291410446166992,1865800,TPR,yfinance,2026-02-10T05:10:38.179198+00:00
2005-08-10,34.70000076293945,35.15999984741211,34.5099983215332,34.61000061035156,22.394943237304688,2456500,TPR,yfinance,2026-02-10T05:10:38.179198+00:00
2005-08-11,34.79999923706055,35.09000015258789,34.4900016784668,34.900001525878906,22.58258628845215,1726800,TPR,yfinance,2026-02-10T05:10:38.179198+00:00
2005-08-12,34.790000915527344,34.970001220703125,34.38999938964844,34.70000076293945,22.45317268371582,1685800,TPR,yfinance,2026-02-10T05:10:38.179198+00:00
2005-08-15,34.70000076293945,34.81999969482422,34.22999954223633,34.720001220703125,22.466121673583984,1221600,TPR,yfinance,2026-02-10T05:10:38.179198+00:00
2005-08-16,34.560001373291016,34.56999969482422,33.68000030517578,33.810001373291016,21.877286911010742,2003100,TPR,yfinance,2026-02-10T05:10:38.179198+00:00
2005-08-17,33.5,33.83000183105469,33.40999984741211,33.63999938964844,21.767282485961914,1815500,TPR,yfinance,2026-02-10T05:10:38.179198+00:00
2005-08-18,33.31999969482422,33.630001068115234,32.47999954223633,33.45000076293945,21.644344329833984,2529400,TPR,yfinance,2026-02-10T05:10:38.179198+00:00
2005-08-19,33.45000076293945,33.459999084472656,32.779998779296875,32.9900016784668,21.3466854095459,2299300,TPR,yfinance,2026-02-10T05:10:38.179198+00:00
2005-08-22,32.9900016784668,32.9900016784668,31.739999771118164,32.290000915527344,20.893749237060547,3515800,TPR,yfinance,2026-02-10T05:10:38.179198+00:00
2005-08-23,32.20000076293945,32.790000915527344,31.989999771118164,32.63999938964844,21.12021827697754,2088300,TPR,yfinance,2026-02-10T05:10:38.179198+00:00
2005-08-24,33.5,34.709999084472656,32.88999938964844,33.9900016784668,21.993755340576172,5754000,TPR,yfinance,2026-02-10T05:10:38.179198+00:00
2005-08-25,33.9900016784668,34.689998626708984,33.79999923706055,34.27000045776367,22.174943923950195,1908700,TPR,yfinance,2026-02-10T05:10:38.179198+00:00
2005-08-26,34.18000030517578,34.25,33.47999954223633,33.66999816894531,21.78669548034668,1651300,TPR,yfinance,2026-02-10T05:10:38.179198+00:00
2005-08-29,32.5,33.599998474121094,32.400001525878906,33.40999984741211,21.618459701538086,1831300,TPR,yfinance,2026-02-10T05:10:38.179198+00:00
2005-08-30,33.27000045776367,33.33000183105469,32.060001373291016,32.470001220703125,21.010210037231445,2939100,TPR,yfinance,2026-02-10T05:10:38.179198+00:00
2005-08-31,32.70000076293945,33.25,32.5,33.189998626708984,21.476104736328125,2899800,TPR,yfinance,2026-02-10T05:10:38.179198+00:00
2005-09-01,33.20000076293945,33.34000015258789,32.11000061035156,32.400001525878906,20.964920043945312,2741500,TPR,yfinance,2026-02-10T05:10:38.179198+00:00
2005-09-02,32.369998931884766,32.380001068115234,31.200000762939453,31.799999237060547,20.576688766479492,2091200,TPR,yfinance,2026-02-10T05:10:38.179198+00:00
2005-09-06,31.799999237060547,32.41999816894531,31.799999237060547,32.34000015258789,20.926095962524414,1910800,TPR,yfinance,2026-02-10T05:10:38.179198+00:00
2005-09-07,32.220001220703125,33.279998779296875,32.060001373291016,33.279998779296875,21.534337997436523,2464100,TPR,yfinance,2026-02-10T05:10:38.179198+00:00
2005-09-08,33.279998779296875,33.31999969482422,32.7599983215332,32.869998931884766,21.26904296875,1476600,TPR,yfinance,2026-02-10T05:10:38.179198+00:00
2005-09-09,32.869998931884766,33.33000183105469,32.75,33.220001220703125,21.49551773071289,1293200,TPR,yfinance,2026-02-10T05:10:38.179198+00:00
2005-09-12,33.75,33.900001525878906,33.150001525878906,33.220001220703125,21.49551773071289,2017200,TPR,yfinance,2026-02-10T05:10:38.179198+00:00
2005-09-13,32.97999954223633,33.25,32.849998474121094,33.0,21.353160858154297,1693400,TPR,yfinance,2026-02-10T05:10:38.179198+00:00
2005-09-14,32.93000030517578,33.04999923706055,32.470001220703125,32.5099983215332,21.036094665527344,1807500,TPR,yfinance,2026-02-10T05:10:38.179198+00:00
2005-09-15,32.349998474121094,32.439998626708984,31.93000030517578,32.25,20.86786651611328,2222500,TPR,yfinance,2026-02-10T05:10:38.179198+00:00
2005-09-16,32.2599983215332,32.33000183105469,31.780000686645508,32.15999984741211,20.809635162353516,2617900,TPR,yfinance,2026-02-10T05:10:38.179198+00:00
2005-09-19,31.93000030517578,32.040000915527344,31.280000686645508,31.639999389648438,20.47315788269043,1890100,TPR,yfinance,2026-02-10T05:10:38.179198+00:00
2005-09-20,31.639999389648438,31.979999542236328,30.510000228881836,30.6200008392334,19.813142776489258,2311500,TPR,yfinance,2026-02-10T05:10:38.179198+00:00
2005-09-21,30.549999237060547,31.190000534057617,30.219999313354492,30.25,19.57373809814453,3045400,TPR,yfinance,2026-02-10T05:10:38.179198+00:00
2005-09-22,30.260000228881836,31.979999542236328,30.100000381469727,31.6200008392334,20.46021270751953,3091800,TPR,yfinance,2026-02-10T05:10:38.179198+00:00
2005-09-23,31.6200008392334,32.779998779296875,31.200000762939453,32.41999816894531,20.977861404418945,3029300,TPR,yfinance,2026-02-10T05:10:38.179198+00:00
2005-09-26,33.18000030517578,33.22999954223633,32.2599983215332,32.290000915527344,20.893749237060547,2677500,TPR,yfinance,2026-02-10T05:10:38.179198+00:00
2005-09-27,32.29999923706055,33.08000183105469,32.040000915527344,32.720001220703125,21.171987533569336,2488200,TPR,yfinance,2026-02-10T05:10:38.179198+00:00
2005-09-28,32.720001220703125,32.77000045776367,30.899999618530273,31.239999771118164,20.21432876586914,3066000,TPR,yfinance,2026-02-10T05:10:38.179198+00:00
2005-09-29,31.239999771118164,31.549999237060547,30.579999923706055,31.190000534057617,20.18198013305664,3522000,TPR,yfinance,2026-02-10T05:10:38.179198+00:00
2005-09-30,31.190000534057617,31.639999389648438,30.850000381469727,31.360000610351562,20.291975021362305,2163400,TPR,yfinance,2026-02-10T05:10:38.179198+00:00
2005-10-03,31.360000610351562,31.420000076293945,30.690000534057617,31.149999618530273,20.156095504760742,3727100,TPR,yfinance,2026-02-10T05:10:38.179198+00:00
2005-10-04,31.729999542236328,31.729999542236328,30.780000686645508,30.809999465942383,19.936086654663086,2648200,TPR,yfinance,2026-02-10T05:10:38.179198+00:00
2005-10-05,30.81999969482422,31.31999969482422,30.34000015258789,30.690000534057617,19.858442306518555,2542100,TPR,yfinance,2026-02-10T05:10:38.179198+00:00
2005-10-06,30.600000381469727,31.489999771118164,30.600000381469727,31.219999313354492,20.20138168334961,2788800,TPR,yfinance,2026-02-10T05:10:38.179198+00:00
2005-10-07,31.219999313354492,31.540000915527344,31.0,31.350000381469727,20.28550910949707,1814100,TPR,yfinance,2026-02-10T05:10:38.179198+00:00
2005-10-10,31.299999237060547,31.600000381469727,30.860000610351562,30.8700008392334,19.97491455078125,1506900,TPR,yfinance,2026-02-10T05:10:38.179198+00:00
2005-10-11,30.809999465942383,31.280000686645508,30.43000030517578,30.540000915527344,19.761375427246094,2075600,TPR,yfinance,2026-02-10T05:10:38.179198+00:00
2005-10-12,30.540000915527344,30.790000915527344,28.700000762939453,28.940000534057617,18.726076126098633,4289400,TPR,yfinance,2026-02-10T05:10:38.179198+00:00
2005-10-13,28.940000534057617,29.3799991607666,28.139999389648438,29.239999771118164,18.92019271850586,3827500,TPR,yfinance,2026-02-10T05:10:38.179198+00:00
2005-10-14,29.600000381469727,30.68000030517578,29.600000381469727,30.459999084472656,19.709617614746094,3317900,TPR,yfinance,2026-02-10T05:10:38.179198+00:00
2005-10-17,30.459999084472656,31.010000228881836,30.389999389648438,30.809999465942383,19.936086654663086,1963700,TPR,yfinance,2026-02-10T05:10:38.179198+00:00
2005-10-18,30.549999237060547,30.65999984741211,29.969999313354492,30.520000457763672,19.748441696166992,2628200,TPR,yfinance,2026-02-10T05:10:38.179198+00:00
2005-10-19,30.520000457763672,31.729999542236328,29.940000534057617,31.670000076293945,20.49256706237793,2778500,TPR,yfinance,2026-02-10T05:10:38.179198+00:00
2005-10-20,31.8799991607666,32.650001525878906,31.610000610351562,31.709999084472656,20.518447875976562,3065300,TPR,yfinance,2026-02-10T05:10:38.179198+00:00
2005-10-21,32.0,32.54999923706055,31.93000030517578,32.2599983215332,20.874332427978516,2395900,TPR,yfinance,2026-02-10T05:10:38.179198+00:00
2005-10-24,31.5,31.729999542236328,30.549999237060547,31.25,20.22079849243164,5172900,TPR,yfinance,2026-02-10T05:10:38.179198+00:00
2005-10-25,32.5,33.09000015258789,31.790000915527344,32.220001220703125,20.84845733642578,5072900,TPR,yfinance,2026-02-10T05:10:38.179198+00:00
2005-10-26,32.220001220703125,32.869998931884766,31.969999313354492,32.38999938964844,20.958454132080078,4116100,TPR,yfinance,2026-02-10T05:10:38.179198+00:00
2005-10-27,32.29999923706055,32.5,31.18000030517578,31.479999542236328,20.36962127685547,3567000,TPR,yfinance,2026-02-10T05:10:38.179198+00:00
2005-10-28,31.489999771118164,31.850000381469727,31.1299991607666,31.65999984741211,20.486095428466797,2872400,TPR,yfinance,2026-02-10T05:10:38.179198+00:00
2005-10-31,32.0,32.349998474121094,31.959999084472656,32.18000030517578,20.822566986083984,3057100,TPR,yfinance,2026-02-10T05:10:38.179198+00:00
2005-11-01,32.33000183105469,32.619998931884766,31.700000762939453,32.439998626708984,20.990806579589844,3362600,TPR,yfinance,2026-02-10T05:10:38.179198+00:00
2005-11-02,32.439998626708984,32.959999084472656,32.16999816894531,32.959999084472656,21.327285766601562,3243400,TPR,yfinance,2026-02-10T05:10:38.179198+00:00
2005-11-03,33.47999954223633,34.349998474121094,33.45000076293945,33.970001220703125,21.980817794799805,3951000,TPR,yfinance,2026-02-10T05:10:38.179198+00:00
2005-11-04,33.970001220703125,34.400001525878906,33.540000915527344,34.220001220703125,22.142587661743164,3305100,TPR,yfinance,2026-02-10T05:10:38.179198+00:00
2005-11-07,34.4900016784668,34.849998474121094,34.29999923706055,34.7599983215332,22.49199676513672,2719700,TPR,yfinance,2026-02-10T05:10:38.179198+00:00
2005-11-08,34.41999816894531,34.43000030517578,33.810001373291016,33.93000030517578,21.954936981201172,2108800,TPR,yfinance,2026-02-10T05:10:38.179198+00:00
2005-11-09,33.93000030517578,34.15999984741211,33.41999816894531,33.849998474121094,21.903165817260742,1736500,TPR,yfinance,2026-02-10T05:10:38.179198+00:00
2005-11-10,33.93000030517578,35.0,33.81999969482422,35.0,22.64729881286621,2067600,TPR,yfinance,2026-02-10T05:10:38.179198+00:00
2005-11-11,34.900001525878906,35.0,34.16999816894531,34.61000061035156,22.394943237304688,1743100,TPR,yfinance,2026-02-10T05:10:38.179198+00:00
2005-11-14,34.650001525878906,34.689998626708984,34.20000076293945,34.400001525878906,22.259056091308594,1665800,TPR,yfinance,2026-02-10T05:10:38.179198+00:00
2005-11-15,34.400001525878906,34.599998474121094,33.15999984741211,33.27000045776367,21.527868270874023,2698000,TPR,yfinance,2026-02-10T05:10:38.179198+00:00
2005-11-16,33.5,33.95000076293945,33.349998474121094,33.900001525878906,21.93552589416504,2825500,TPR,yfinance,2026-02-10T05:10:38.179198+00:00
2005-11-17,34.0,34.27000045776367,33.81999969482422,34.22999954223633,22.149045944213867,1877400,TPR,yfinance,2026-02-10T05:10:38.179198+00:00
2005-11-18,34.68000030517578,34.689998626708984,33.790000915527344,34.43000030517578,22.278470993041992,2559400,TPR,yfinance,2026-02-10T05:10:38.179198+00:00
2005-11-21,34.68000030517578,34.88999938964844,34.470001220703125,34.83000183105469,22.537294387817383,2383500,TPR,yfinance,2026-02-10T05:10:38.179198+00:00
2005-11-22,34.86000061035156,34.91999816894531,34.43000030517578,34.810001373291016,22.524351119995117,1672000,TPR,yfinance,2026-02-10T05:10:38.179198+00:00
2005-11-23,34.97999954223633,36.25,34.81999969482422,35.939998626708984,23.255537033081055,4086500,TPR,yfinance,2026-02-10T05:10:38.179198+00:00
2005-11-25,35.939998626708984,36.650001525878906,35.56999969482422,36.63999938964844,23.70847511291504,1501000,TPR,yfinance,2026-02-10T05:10:38.179198+00:00
2005-11-28,36.63999938964844,36.84000015258789,35.25,35.27000045776367,22.822002410888672,2187300,TPR,yfinance,2026-02-10T05:10:38.179198+00:00
2005-11-29,35.77000045776367,36.099998474121094,35.25,35.77000045776367,23.145530700683594,2221700,TPR,yfinance,2026-02-10T05:10:38.179198+00:00
2005-11-30,35.400001525878906,36.56999969482422,34.220001220703125,34.43000030517578,22.278470993041992,5780300,TPR,yfinance,2026-02-10T05:10:38.179198+00:00
2005-12-01,34.79999923706055,35.34000015258789,34.540000915527344,35.20000076293945,22.776710510253906,2954900,TPR,yfinance,2026-02-10T05:10:38.179198+00:00
2005-12-02,35.20000076293945,35.5,34.88999938964844,35.029998779296875,22.666706085205078,1936000,TPR,yfinance,2026-02-10T05:10:38.179198+00:00
2005-12-05,35.20000076293945,35.220001220703125,34.29999923706055,35.0,22.64729881286621,2531700,TPR,yfinance,2026-02-10T05:10:38.179198+00:00
2005-12-06,35.20000076293945,35.91999816894531,35.130001068115234,35.560001373291016,23.009645462036133,2176700,TPR,yfinance,2026-02-10T05:10:38.179198+00:00
2005-12-07,35.5099983215332,35.720001220703125,34.77000045776367,34.95000076293945,22.614940643310547,2024400,TPR,yfinance,2026-02-10T05:10:38.179198+00:00
2005-12-08,35.08000183105469,35.349998474121094,34.81999969482422,35.0,22.64729881286621,2981400,TPR,yfinance,2026-02-10T05:10:38.179198+00:00
2005-12-09,34.880001068115234,35.29999923706055,34.56999969482422,35.11000061035156,22.718469619750977,1577500,TPR,yfinance,2026-02-10T05:10:38.179198+00:00
2005-12-12,35.11000061035156,35.279998779296875,34.41999816894531,34.70000076293945,22.45317268371582,1711600,TPR,yfinance,2026-02-10T05:10:38.179198+00:00
2005-12-13,34.650001525878906,34.65999984741211,33.84000015258789,34.25,22.161996841430664,2902000,TPR,yfinance,2026-02-10T05:10:38.179198+00:00
2005-12-14,34.400001525878906,34.59000015258789,33.95000076293945,34.29999923706055,22.194339752197266,2435600,TPR,yfinance,2026-02-10T05:10:38.179198+00:00
2005-12-15,34.5,34.529998779296875,34.0,34.29999923706055,22.194339752197266,2503800,TPR,yfinance,2026-02-10T05:10:38.179198+00:00
2005-12-16,34.29999923706055,34.400001525878906,33.529998779296875,33.880001068115234,21.922576904296875,2495600,TPR,yfinance,2026-02-10T05:10:38.179198+00:00
2005-12-19,33.91999816894531,33.97999954223633,32.959999084472656,33.119998931884766,21.430809020996094,2671200,TPR,yfinance,2026-02-10T05:10:38.179198+00:00
2005-12-20,32.79999923706055,33.959999084472656,32.0,33.630001068115234,21.760814666748047,4155200,TPR,yfinance,2026-02-10T05:10:38.179198+00:00
2005-12-21,33.630001068115234,34.31999969482422,33.5,33.970001220703125,21.980817794799805,2606900,TPR,yfinance,2026-02-10T05:10:38.179198+00:00
2005-12-22,33.97999954223633,34.060001373291016,33.29999923706055,33.75,21.83846092224121,4484100,TPR,yfinance,2026-02-10T05:10:38.179198+00:00
2005-12-23,33.75,33.790000915527344,33.33000183105469,33.400001525878906,21.61198616027832,1455900,TPR,yfinance,2026-02-10T05:10:38.179198+00:00
2005-12-27,33.400001525878906,33.4900016784668,32.5099983215332,32.58000183105469,21.081401824951172,2308600,TPR,yfinance,2026-02-10T05:10:38.179198+00:00
2005-12-28,32.70000076293945,33.849998474121094,32.68000030517578,33.65999984741211,21.780227661132812,3092300,TPR,yfinance,2026-02-10T05:10:38.179198+00:00
2005-12-29,33.58000183105469,34.060001373291016,33.52000045776367,33.56999969482422,21.721988677978516,1533100,TPR,yfinance,2026-02-10T05:10:38.179198+00:00
2005-12-30,33.5,33.83000183105469,33.34000015258789,33.34000015258789,21.57316780090332,1133200,TPR,yfinance,2026-02-10T05:10:38.179198+00:00
2006-01-03,33.900001525878906,34.0,32.56999969482422,33.29999923706055,21.54728126525879,2562900,TPR,yfinance,2026-02-10T05:10:38.179198+00:00
2006-01-04,33.29999923706055,33.29999923706055,31.940000534057617,32.709999084472656,21.165512084960938,8425400,TPR,yfinance,2026-02-10T05:10:38.179198+00:00
2006-01-05,32.61000061035156,34.16999816894531,32.5,33.20000076293945,21.48257827758789,4021700,TPR,yfinance,2026-02-10T05:10:38.179198+00:00
2006-01-06,33.36000061035156,33.650001525878906,32.90999984741211,33.310001373291016,21.55375099182129,2362400,TPR,yfinance,2026-02-10T05:10:38.179198+00:00
2006-01-09,33.40999984741211,34.630001068115234,33.40999984741211,34.529998779296875,22.343172073364258,2461600,TPR,yfinance,2026-02-10T05:10:38.179198+00:00
2006-01-10,34.0,34.54999923706055,33.900001525878906,34.279998779296875,22.181406021118164,2371100,TPR,yfinance,2026-02-10T05:10:38.179198+00:00
2006-01-11,34.0,34.13999938964844,33.41999816894531,33.54999923706055,21.709047317504883,2924500,TPR,yfinance,2026-02-10T05:10:38.179198+00:00
2006-01-12,33.54999923706055,33.65999984741211,32.72999954223633,32.7599983215332,21.197866439819336,2186000,TPR,yfinance,2026-02-10T05:10:38.179198+00:00
2006-01-13,32.779998779296875,33.400001525878906,32.5,33.189998626708984,21.476104736328125,2112300,TPR,yfinance,2026-02-10T05:10:38.179198+00:00
2006-01-17,32.869998931884766,33.060001373291016,32.38999938964844,32.560001373291016,21.068456649780273,2073800,TPR,yfinance,2026-02-10T05:10:38.179198+00:00
2006-01-18,32.459999084472656,33.400001525878906,32.310001373291016,32.79999923706055,21.22374725341797,2429300,TPR,yfinance,2026-02-10T05:10:38.179198+00:00
2006-01-19,32.900001525878906,33.189998626708984,32.849998474121094,32.869998931884766,21.26904296875,2320100,TPR,yfinance,2026-02-10T05:10:38.179198+00:00
2006-01-20,32.75,32.79999923706055,31.68000030517578,31.75,20.544334411621094,3494000,TPR,yfinance,2026-02-10T05:10:38.179198+00:00
2006-01-23,31.899999618530273,32.2400016784668,31.690000534057617,32.06999969482422,20.751392364501953,3307600,TPR,yfinance,2026-02-10T05:10:38.179198+00:00
2006-01-24,33.91999816894531,35.29999923706055,33.630001068115234,34.88999938964844,22.576120376586914,8660700,TPR,yfinance,2026-02-10T05:10:38.179198+00:00
2006-01-25,34.88999938964844,35.790000915527344,34.7400016784668,35.33000183105469,22.86083221435547,3409300,TPR,yfinance,2026-02-10T05:10:38.179198+00:00
2006-01-26,35.58000183105469,35.849998474121094,35.25,35.779998779296875,23.152006149291992,3001000,TPR,yfinance,2026-02-10T05:10:38.179198+00:00
2006-01-27,35.849998474121094,36.099998474121094,35.65999984741211,35.90999984741211,23.236127853393555,3007200,TPR,yfinance,2026-02-10T05:10:38.179198+00:00
2006-01-30,35.849998474121094,36.18000030517578,35.70000076293945,36.15999984741211,23.397890090942383,1760500,TPR,yfinance,2026-02-10T05:10:38.179198+00:00
2006-01-31,35.650001525878906,36.09000015258789,35.29999923706055,35.95000076293945,23.262006759643555,2565000,TPR,yfinance,2026-02-10T05:10:38.179198+00:00
2006-02-01,36.0,36.36000061035156,35.709999084472656,36.25,23.456127166748047,3475600,TPR,yfinance,2026-02-10T05:10:38.179198+00:00
2006-02-02,36.150001525878906,36.560001373291016,36.04999923706055,36.5,23.61789321899414,2691900,TPR,yfinance,2026-02-10T05:10:38.179198+00:00
2006-02-03,36.0,36.279998779296875,35.61000061035156,36.189998626708984,23.41730499267578,2249500,TPR,yfinance,2026-02-10T05:10:38.179198+00:00
2006-02-06,36.06999969482422,36.75,35.84000015258789,36.689998626708984,23.74083709716797,2982500,TPR,yfinance,2026-02-10T05:10:38.179198+00:00
2006-02-07,36.689998626708984,37.18000030517578,35.540000915527344,35.720001220703125,23.113178253173828,2305700,TPR,yfinance,2026-02-10T05:10:38.179198+00:00
2006-02-08,35.720001220703125,36.06999969482422,35.5,35.900001525878906,23.22966194152832,1677200,TPR,yfinance,2026-02-10T05:10:38.179198+00:00
2006-02-09,35.900001525878906,36.0,35.54999923706055,35.619998931884766,23.048473358154297,1603500,TPR,yfinance,2026-02-10T05:10:38.179198+00:00
2006-02-10,35.619998931884766,35.650001525878906,34.91999816894531,35.470001220703125,22.95142364501953,1658500,TPR,yfinance,2026-02-10T05:10:38.179198+00:00
2006-02-13,34.900001525878906,35.439998626708984,34.099998474121094,35.33000183105469,22.86083221435547,2577400,TPR,yfinance,2026-02-10T05:10:38.179198+00:00
2006-02-14,35.43000030517578,35.84000015258789,35.150001525878906,35.650001525878906,23.067890167236328,3316400,TPR,yfinance,2026-02-10T05:10:38.179198+00:00
2006-02-15,35.0,35.869998931884766,34.45000076293945,35.45000076293945,22.93846893310547,2938600,TPR,yfinance,2026-02-10T05:10:38.179198+00:00
2006-02-16,35.599998474121094,36.08000183105469,35.29999923706055,36.08000183105469,23.346128463745117,1473200,TPR,yfinance,2026-02-10T05:10:38.179198+00:00
2006-02-17,36.08000183105469,36.68000030517578,35.75,36.20000076293945,23.42377471923828,2187000,TPR,yfinance,2026-02-10T05:10:38.179198+00:00
2006-02-21,36.20000076293945,36.4900016784668,35.599998474121094,36.09000015258789,23.35260009765625,1267000,TPR,yfinance,2026-02-10T05:10:38.179198+00:00
2006-02-22,36.060001373291016,36.900001525878906,35.900001525878906,36.599998474121094,23.682592391967773,2097200,TPR,yfinance,2026-02-10T05:10:38.179198+00:00
2006-02-23,36.54999923706055,36.970001220703125,36.20000076293945,36.209999084472656,23.43024253845215,1513600,TPR,yfinance,2026-02-10T05:10:38.179198+00:00
2006-02-24,36.0,36.290000915527344,35.52000045776367,36.13999938964844,23.384946823120117,1243100,TPR,yfinance,2026-02-10T05:10:38.179198+00:00
2006-02-27,36.029998779296875,36.709999084472656,35.91999816894531,36.279998779296875,23.47553062438965,955400,TPR,yfinance,2026-02-10T05:10:38.179198+00:00
2006-02-28,36.29999923706055,36.5,35.5,35.720001220703125,23.113178253173828,1475900,TPR,yfinance,2026-02-10T05:10:38.179198+00:00
2006-03-01,35.54999923706055,35.97999954223633,35.5099983215332,35.880001068115234,23.21671485900879,1850900,TPR,yfinance,2026-02-10T05:10:38.179198+00:00
2006-03-02,35.70000076293945,36.290000915527344,35.20000076293945,36.2400016784668,23.44965934753418,2356900,TPR,yfinance,2026-02-10T05:10:38.179198+00:00
2006-03-03,36.04999923706055,36.43000030517578,35.88999938964844,36.119998931884766,23.372005462646484,1452900,TPR,yfinance,2026-02-10T05:10:38.179198+00:00
2006-03-06,35.90999984741211,35.970001220703125,35.36000061035156,35.599998474121094,23.035531997680664,1544600,TPR,yfinance,2026-02-10T05:10:38.179198+00:00
2006-03-07,35.54999923706055,35.63999938964844,35.119998931884766,35.36000061035156,22.88023567199707,1654700,TPR,yfinance,2026-02-10T05:10:38.179198+00:00
2006-03-08,35.18000030517578,35.5099983215332,35.0,35.220001220703125,22.789648056030273,1210200,TPR,yfinance,2026-02-10T05:10:38.179198+00:00
2006-03-09,35.220001220703125,35.54999923706055,35.13999938964844,35.33000183105469,22.86083221435547,1256800,TPR,yfinance,2026-02-10T05:10:38.179198+00:00
2006-03-10,35.75,36.79999923706055,35.75,36.5,23.61789321899414,2709700,TPR,yfinance,2026-02-10T05:10:38.179198+00:00
2006-03-13,36.79999923706055,37.400001525878906,36.52000045776367,36.58000183105469,23.66965103149414,2292100,TPR,yfinance,2026-02-10T05:10:38.179198+00:00
2006-03-14,36.599998474121094,37.09000015258789,36.5,36.970001220703125,23.922014236450195,1415200,TPR,yfinance,2026-02-10T05:10:38.179198+00:00
2006-03-15,36.869998931884766,37.0099983215332,36.470001220703125,36.66999816894531,23.727882385253906,2034400,TPR,yfinance,2026-02-10T05:10:38.179198+00:00
2006-03-16,36.86000061035156,36.970001220703125,36.02000045776367,36.27000045776367,23.46906852722168,1973700,TPR,yfinance,2026-02-10T05:10:38.179198+00:00
2006-03-17,36.15999984741211,36.25,35.52000045776367,35.54999923706055,23.003175735473633,3605200,TPR,yfinance,2026-02-10T05:10:38.179198+00:00
2006-03-20,35.5,35.77000045776367,35.349998474121094,35.599998474121094,23.035531997680664,2367200,TPR,yfinance,2026-02-10T05:10:38.179198+00:00
2006-03-21,35.720001220703125,35.91999816894531,35.189998626708984,35.27000045776367,22.822002410888672,1608200,TPR,yfinance,2026-02-10T05:10:38.179198+00:00
2006-03-22,35.369998931884766,35.900001525878906,35.290000915527344,35.59000015258789,23.029062271118164,1303900,TPR,yfinance,2026-02-10T05:10:38.179198+00:00
2006-03-23,35.59000015258789,35.61000061035156,35.25,35.29999923706055,22.841413497924805,1314800,TPR,yfinance,2026-02-10T05:10:38.179198+00:00
2006-03-24,35.209999084472656,35.650001525878906,35.11000061035156,35.459999084472656,22.944950103759766,916100,TPR,yfinance,2026-02-10T05:10:38.179198+00:00
2006-03-27,35.29999923706055,35.459999084472656,34.970001220703125,34.970001220703125,22.627880096435547,1005900,TPR,yfinance,2026-02-10T05:10:38.179198+00:00
2006-03-28,34.970001220703125,35.189998626708984,34.349998474121094,34.349998474121094,22.226699829101562,2693600,TPR,yfinance,2026-02-10T05:10:38.179198+00:00
2006-03-29,34.45000076293945,35.13999938964844,34.40999984741211,34.91999816894531,22.595521926879883,1296500,TPR,yfinance,2026-02-10T05:10:38.179198+00:00
2006-03-30,35.31999969482422,35.31999969482422,34.560001373291016,34.93000030517578,22.602001190185547,1148400,TPR,yfinance,2026-02-10T05:10:38.179198+00:00
2006-03-31,34.900001525878906,35.189998626708984,34.5,34.58000183105469,22.375526428222656,1521600,TPR,yfinance,2026-02-10T05:10:38.179198+00:00
2006-04-03,34.849998474121094,34.869998931884766,34.41999816894531,34.43000030517578,22.278470993041992,1904800,TPR,yfinance,2026-02-10T05:10:38.179198+00:00
2006-04-04,34.43000030517578,34.599998474121094,33.880001068115234,34.310001373291016,22.200815200805664,2934800,TPR,yfinance,2026-02-10T05:10:38.179198+00:00
2006-04-05,34.380001068115234,35.0,34.310001373291016,34.4900016784668,22.317283630371094,1677000,TPR,yfinance,2026-02-10T05:10:38.179198+00:00
2006-04-06,34.58000183105469,35.439998626708984,34.439998626708984,35.25,22.80906105041504,2164300,TPR,yfinance,2026-02-10T05:10:38.179198+00:00
2006-04-07,35.5,35.65999984741211,35.04999923706055,35.349998474121094,22.873767852783203,2269200,TPR,yfinance,2026-02-10T05:10:38.179198+00:00
2006-04-10,35.349998474121094,35.349998474121094,34.720001220703125,34.83000183105469,22.537294387817383,1757800,TPR,yfinance,2026-02-10T05:10:38.179198+00:00
2006-04-11,34.83000183105469,34.939998626708984,34.029998779296875,34.2400016784668,22.15553092956543,1318300,TPR,yfinance,2026-02-10T05:10:38.179198+00:00
2006-04-12,34.16999816894531,34.34000015258789,33.630001068115234,33.66999816894531,21.78669548034668,2715300,TPR,yfinance,2026-02-10T05:10:38.179198+00:00
2006-04-13,33.68000030517578,34.0,33.45000076293945,33.5,21.676698684692383,2263700,TPR,yfinance,2026-02-10T05:10:38.179198+00:00
2006-04-17,33.709999084472656,34.52000045776367,33.56999969482422,33.93000030517578,21.954936981201172,2297800,TPR,yfinance,2026-02-10T05:10:38.179198+00:00
2006-04-18,33.970001220703125,35.0,33.970001220703125,34.91999816894531,22.595521926879883,2801200,TPR,yfinance,2026-02-10T05:10:38.179198+00:00
2006-04-19,34.97999954223633,35.099998474121094,34.439998626708984,34.59000015258789,22.381994247436523,1879800,TPR,yfinance,2026-02-10T05:10:38.179198+00:00
2006-04-20,34.54999923706055,35.279998779296875,34.529998779296875,35.209999084472656,22.783184051513672,2241300,TPR,yfinance,2026-02-10T05:10:38.179198+00:00
2006-04-21,35.40999984741211,35.41999816894531,34.849998474121094,35.06999969482422,22.692584991455078,2097000,TPR,yfinance,2026-02-10T05:10:38.179198+00:00
2006-04-24,34.93000030517578,35.20000076293945,34.68000030517578,35.20000076293945,22.776710510253906,2905100,TPR,yfinance,2026-02-10T05:10:38.179198+00:00
2006-04-25,34.5,34.5099983215332,32.20000076293945,32.86000061035156,21.262577056884766,10747100,TPR,yfinance,2026-02-10T05:10:38.179198+00:00
2006-04-26,32.400001525878906,33.40999984741211,32.220001220703125,32.72999954223633,21.17845344543457,7124300,TPR,yfinance,2026-02-10T05:10:38.179198+00:00
2006-04-27,32.22999954223633,32.72999954223633,31.700000762939453,32.68000030517578,21.14611053466797,6225900,TPR,yfinance,2026-02-10T05:10:38.179198+00:00
2006-04-28,32.68000030517578,33.220001220703125,32.380001068115234,33.02000045776367,21.36610984802246,4095200,TPR,yfinance,2026-02-10T05:10:38.179198+00:00
2006-05-01,33.02000045776367,33.25,32.29999923706055,32.41999816894531,20.977861404418945,3619400,TPR,yfinance,2026-02-10T05:10:38.179198+00:00
2006-05-02,32.290000915527344,32.86000061035156,31.860000610351562,32.81999969482422,21.236692428588867,2813400,TPR,yfinance,2026-02-10T05:10:38.179198+00:00
2006-05-03,32.90999984741211,33.90999984741211,32.849998474121094,33.209999084472656,21.489046096801758,5322000,TPR,yfinance,2026-02-10T05:10:38.179198+00:00
2006-05-04,33.209999084472656,33.599998474121094,32.900001525878906,33.029998779296875,21.372581481933594,2958600,TPR,yfinance,2026-02-10T05:10:38.179198+00:00
2006-05-05,33.29999923706055,33.45000076293945,31.6200008392334,31.860000610351562,20.615501403808594,9090400,TPR,yfinance,2026-02-10T05:10:38.179198+00:00
2006-05-08,31.860000610351562,32.060001373291016,31.799999237060547,31.920000076293945,20.65433120727539,4852000,TPR,yfinance,2026-02-10T05:10:38.179198+00:00
2006-05-09,32.25,32.36000061035156,31.850000381469727,31.920000076293945,20.65433120727539,4436400,TPR,yfinance,2026-02-10T05:10:38.179198+00:00
2006-05-10,31.860000610351562,32.15999984741211,31.579999923706055,31.649999618530273,20.479629516601562,4176800,TPR,yfinance,2026-02-10T05:10:38.179198+00:00
2006-05-11,31.84000015258789,32.09000015258789,31.200000762939453,31.270000457763672,20.23374366760254,5441400,TPR,yfinance,2026-02-10T05:10:38.179198+00:00
2006-05-12,31.280000686645508,31.280000686645508,30.149999618530273,30.649999618530273,19.832561492919922,5208400,TPR,yfinance,2026-02-10T05:10:38.179198+00:00
2006-05-15,30.360000610351562,30.790000915527344,30.34000015258789,30.639999389648438,19.826082229614258,3602800,TPR,yfinance,2026-02-10T05:10:38.179198+00:00
2006-05-16,31.0,31.09000015258789,30.25,30.329999923706055,19.62549591064453,4690000,TPR,yfinance,2026-02-10T05:10:38.179198+00:00
2006-05-17,30.079999923706055,30.149999618530273,29.200000762939453,29.950000762939453,19.379610061645508,7542600,TPR,yfinance,2026-02-10T05:10:38.179198+00:00
2006-05-18,30.149999618530273,30.959999084472656,30.149999618530273,30.510000228881836,19.74197006225586,6588900,TPR,yfinance,2026-02-10T05:10:38.179198+00:00
2006-05-19,30.649999618530273,30.989999771118164,29.809999465942383,30.030000686645508,19.431381225585938,5048300,TPR,yfinance,2026-02-10T05:10:38.179198+00:00
2006-05-22,29.780000686645508,30.100000381469727,29.18000030517578,29.420000076293945,19.036659240722656,4319000,TPR,yfinance,2026-02-10T05:10:38.179198+00:00
2006-05-23,29.700000762939453,30.170000076293945,29.459999084472656,29.469999313354492,19.069021224975586,3203800,TPR,yfinance,2026-02-10T05:10:38.179198+00:00
2006-05-24,29.31999969482422,29.469999313354492,27.90999984741211,28.43000030517578,18.396072387695312,7245400,TPR,yfinance,2026-02-10T05:10:38.179198+00:00
2006-05-25,28.799999237060547,29.729999542236328,28.799999237060547,29.540000915527344,19.114315032958984,7291800,TPR,yfinance,2026-02-10T05:10:38.179198+00:00
2006-05-26,30.0,30.190000534057617,29.299999237060547,29.899999618530273,19.347259521484375,5641400,TPR,yfinance,2026-02-10T05:10:38.179198+00:00
2006-05-30,29.8700008392334,29.8799991607666,28.850000381469727,29.0,18.7648983001709,4941000,TPR,yfinance,2026-02-10T05:10:38.179198+00:00
2006-05-31,29.059999465942383,29.219999313354492,28.6299991607666,29.079999923706055,18.81666374206543,3695700,TPR,yfinance,2026-02-10T05:10:38.179198+00:00
2006-06-01,28.93000030517578,30.0,28.649999618530273,30.0,19.41196632385254,4200600,TPR,yfinance,2026-02-10T05:10:38.179198+00:00
2006-06-02,30.100000381469727,30.5,29.40999984741211,29.899999618530273,19.347259521484375,3549700,TPR,yfinance,2026-02-10T05:10:38.179198+00:00
2006-06-05,30.979999542236328,30.979999542236328,29.6200008392334,29.670000076293945,19.19843101501465,4343700,TPR,yfinance,2026-02-10T05:10:38.179198+00:00
2006-06-06,29.700000762939453,30.200000762939453,29.200000762939453,29.3700008392334,19.004322052001953,4568100,TPR,yfinance,2026-02-10T05:10:38.179198+00:00
2006-06-07,29.399999618530273,29.399999618530273,28.920000076293945,29.010000228881836,18.771373748779297,4740900,TPR,yfinance,2026-02-10T05:10:38.179198+00:00
2006-06-08,29.010000228881836,29.010000228881836,27.6200008392334,28.600000381469727,18.50608253479004,5096300,TPR,yfinance,2026-02-10T05:10:38.179198+00:00
2006-06-09,28.600000381469727,29.06999969482422,28.489999771118164,28.670000076293945,18.551366806030273,2925400,TPR,yfinance,2026-02-10T05:10:38.179198+00:00
2006-06-12,28.729999542236328,28.8700008392334,27.81999969482422,27.90999984741211,18.059598922729492,2866400,TPR,yfinance,2026-02-10T05:10:38.179198+00:00
2006-06-13,27.780000686645508,28.190000534057617,27.6200008392334,27.75,17.95606803894043,3424800,TPR,yfinance,2026-02-10T05:10:38.179198+00:00
2006-06-14,27.649999618530273,28.350000381469727,27.6299991607666,28.020000457763672,18.130773544311523,2566200,TPR,yfinance,2026-02-10T05:10:38.179198+00:00
2006-06-15,28.139999389648438,29.770000457763672,28.139999389648438,29.670000076293945,19.19843101501465,7074400,TPR,yfinance,2026-02-10T05:10:38.179198+00:00
2006-06-16,29.719999313354492,30.139999389648438,29.719999313354492,29.809999465942383,19.28902244567871,8132800,TPR,yfinance,2026-02-10T05:10:38.179198+00:00
2006-06-19,29.760000228881836,30.049999237060547,29.450000762939453,29.489999771118164,19.081958770751953,4091900,TPR,yfinance,2026-02-10T05:10:38.179198+00:00
2006-06-20,29.389999389648438,29.489999771118164,28.799999237060547,28.90999984741211,18.706666946411133,3044500,TPR,yfinance,2026-02-10T05:10:38.179198+00:00
2006-06-21,28.90999984741211,29.229999542236328,28.84000015258789,28.950000762939453,18.7325496673584,3975000,TPR,yfinance,2026-02-10T05:10:38.179198+00:00
2006-06-22,28.8799991607666,28.950000762939453,28.5,28.65999984741211,18.544897079467773,2965600,TPR,yfinance,2026-02-10T05:10:38.179198+00:00
2006-06-23,28.5,28.6299991607666,28.399999618530273,28.5,18.441368103027344,3259400,TPR,yfinance,2026-02-10T05:10:38.179198+00:00
2006-06-26,28.65999984741211,28.8700008392334,28.170000076293945,28.510000228881836,18.447843551635742,1810200,TPR,yfinance,2026-02-10T05:10:38.179198+00:00
2006-06-27,28.510000228881836,28.670000076293945,27.760000228881836,27.81999969482422,18.00136947631836,2560900,TPR,yfinance,2026-02-10T05:10:38.179198+00:00
2006-06-28,28.200000762939453,29.020000457763672,28.020000457763672,28.639999389648438,18.531959533691406,3602100,TPR,yfinance,2026-02-10T05:10:38.179198+00:00
2006-06-29,28.639999389648438,29.770000457763672,28.639999389648438,29.59000015258789,19.146665573120117,3316100,TPR,yfinance,2026-02-10T05:10:38.179198+00:00
2006-06-30,29.84000015258789,30.1299991607666,29.760000228881836,29.899999618530273,19.347259521484375,2399400,TPR,yfinance,2026-02-10T05:10:38.179198+00:00
2006-07-03,29.969999313354492,30.100000381469727,29.350000381469727,29.489999771118164,19.081958770751953,1107600,TPR,yfinance,2026-02-10T05:10:38.179198+00:00
2006-07-05,28.850000381469727,29.030000686645508,28.559999465942383,28.790000915527344,18.629018783569336,3022200,TPR,yfinance,2026-02-10T05:10:38.179198+00:00
2006-07-06,28.770000457763672,29.31999969482422,28.5,29.260000228881836,18.93313217163086,2818900,TPR,yfinance,2026-02-10T05:10:38.179198+00:00
2006-07-07,29.100000381469727,29.149999618530273,28.34000015258789,28.479999542236328,18.428430557250977,2119900,TPR,yfinance,2026-02-10T05:10:38.179198+00:00
2006-07-10,28.540000915527344,28.989999771118164,28.15999984741211,28.31999969482422,18.324901580810547,1700400,TPR,yfinance,2026-02-10T05:10:38.179198+00:00
2006-07-11,28.309999465942383,28.350000381469727,27.5,28.260000228881836,18.28607177734375,3356600,TPR,yfinance,2026-02-10T05:10:38.179198+00:00
2006-07-12,28.309999465942383,28.469999313354492,27.5,27.610000610351562,17.865478515625,4123700,TPR,yfinance,2026-02-10T05:10:38.179198+00:00
2006-07-13,27.299999237060547,27.649999618530273,27.0,27.3799991607666,17.716651916503906,5077500,TPR,yfinance,2026-02-10T05:10:38.179198+00:00
2006-07-14,27.350000381469727,27.610000610351562,26.139999389648438,26.43000030517578,17.101943969726562,6644800,TPR,yfinance,2026-02-10T05:10:38.179198+00:00
2006-07-17,26.329999923706055,26.600000381469727,26.0,26.209999084472656,16.959583282470703,3104100,TPR,yfinance,2026-02-10T05:10:38.179198+00:00
2006-07-18,26.0,26.350000381469727,25.18000030517578,25.579999923706055,16.55194091796875,4988400,TPR,yfinance,2026-02-10T05:10:38.179198+00:00
2006-07-19,25.68000030517578,26.81999969482422,25.639999389648438,26.790000915527344,17.334890365600586,5810100,TPR,yfinance,2026-02-10T05:10:38.179198+00:00
2006-07-20,27.100000381469727,27.239999771118164,26.549999237060547,26.56999969482422,17.192529678344727,3241800,TPR,yfinance,2026-02-10T05:10:38.179198+00:00
2006-07-21,26.75,26.829999923706055,26.020000457763672,26.309999465942383,17.024295806884766,2202300,TPR,yfinance,2026-02-10T05:10:38.179198+00:00
2006-07-24,26.5,27.350000381469727,26.5,27.229999542236328,17.619598388671875,3639200,TPR,yfinance,2026-02-10T05:10:38.179198+00:00
2006-07-25,27.270000457763672,28.18000030517578,26.969999313354492,27.93000030517578,18.07254409790039,3204400,TPR,yfinance,2026-02-10T05:10:38.179198+00:00
2006-07-26,27.760000228881836,27.940000534057617,27.18000030517578,27.309999465942383,17.671361923217773,1946100,TPR,yfinance,2026-02-10T05:10:38.179198+00:00
2006-07-27,27.690000534057617,28.110000610351562,27.100000381469727,27.559999465942383,17.8331241607666,2722200,TPR,yfinance,2026-02-10T05:10:38.179198+00:00
2006-07-28,27.899999618530273,28.309999465942383,27.739999771118164,28.139999389648438,18.20842742919922,3562100,TPR,yfinance,2026-02-10T05:10:38.179198+00:00
2006-07-31,29.200000762939453,29.25,28.350000381469727,28.709999084472656,18.577253341674805,7596700,TPR,yfinance,2026-02-10T05:10:38.179198+00:00
2006-08-01,28.719999313354492,29.5,27.399999618530273,29.5,19.088430404663086,10007300,TPR,yfinance,2026-02-10T05:10:38.179198+00:00
2006-08-02,29.790000915527344,29.940000534057617,28.950000762939453,29.329999923706055,18.978431701660156,2780300,TPR,yfinance,2026-02-10T05:10:38.179198+00:00
2006-08-03,29.579999923706055,30.489999771118164,29.299999237060547,30.15999984741211,19.515493392944336,4200900,TPR,yfinance,2026-02-10T05:10:38.179198+00:00
2006-08-04,30.579999923706055,31.0,29.649999618530273,30.020000457763672,19.424911499023438,3413500,TPR,yfinance,2026-02-10T05:10:38.179198+00:00
2006-08-07,29.850000381469727,29.979999542236328,29.43000030517578,29.84000015258789,19.308439254760742,2433400,TPR,yfinance,2026-02-10T05:10:38.179198+00:00
2006-08-08,29.8700008392334,30.309999465942383,29.68000030517578,29.809999465942383,19.28902244567871,2656300,TPR,yfinance,2026-02-10T05:10:38.179198+00:00
2006-08-09,29.809999465942383,30.219999313354492,29.469999313354492,29.700000762939453,19.21784782409668,4190200,TPR,yfinance,2026-02-10T05:10:38.179198+00:00
2006-08-10,29.520000457763672,30.3799991607666,29.5,30.139999389648438,19.502561569213867,3010100,TPR,yfinance,2026-02-10T05:10:38.179198+00:00
2006-08-11,30.0,30.1299991607666,29.68000030517578,29.989999771118164,19.405494689941406,1637600,TPR,yfinance,2026-02-10T05:10:38.179198+00:00
2006-08-14,30.100000381469727,30.450000762939453,29.84000015258789,29.969999313354492,19.392559051513672,1480700,TPR,yfinance,2026-02-10T05:10:38.179198+00:00
2006-08-15,30.209999084472656,30.829999923706055,30.0,30.790000915527344,19.923147201538086,1824000,TPR,yfinance,2026-02-10T05:10:38.179198+00:00
2006-08-16,30.969999313354492,31.489999771118164,30.770000457763672,31.360000610351562,20.291975021362305,4061300,TPR,yfinance,2026-02-10T05:10:38.179198+00:00
2006-08-17,31.209999084472656,31.479999542236328,30.8700008392334,31.18000030517578,20.17550277709961,2101100,TPR,yfinance,2026-02-10T05:10:38.179198+00:00
2006-08-18,31.18000030517578,31.350000381469727,30.799999237060547,31.299999237060547,20.253149032592773,1871500,TPR,yfinance,2026-02-10T05:10:38.179198+00:00
2006-08-21,30.850000381469727,30.969999313354492,30.18000030517578,30.75,19.89726448059082,3022700,TPR,yfinance,2026-02-10T05:10:38.179198+00:00
2006-08-22,31.43000030517578,31.809999465942383,31.15999984741211,31.43000030517578,20.3372745513916,2972900,TPR,yfinance,2026-02-10T05:10:38.179198+00:00
2006-08-23,31.399999618530273,31.450000762939453,30.420000076293945,30.559999465942383,19.774322509765625,1938100,TPR,yfinance,2026-02-10T05:10:38.179198+00:00
2006-08-24,29.389999389648438,30.200000762939453,28.899999618530273,29.280000686645508,18.946083068847656,6842100,TPR,yfinance,2026-02-10T05:10:38.179198+00:00
2006-08-25,29.18000030517578,29.18000030517578,28.290000915527344,29.010000228881836,18.771373748779297,4590000,TPR,yfinance,2026-02-10T05:10:38.179198+00:00
2006-08-28,29.020000457763672,29.739999771118164,28.90999984741211,29.510000228881836,19.09490394592285,2722100,TPR,yfinance,2026-02-10T05:10:38.179198+00:00
2006-08-29,29.350000381469727,30.0,29.350000381469727,29.940000534057617,19.373144149780273,2498400,TPR,yfinance,2026-02-10T05:10:38.179198+00:00
2006-08-30,30.049999237060547,30.59000015258789,29.8799991607666,30.309999465942383,19.6125545501709,2194900,TPR,yfinance,2026-02-10T05:10:38.179198+00:00
2006-08-31,30.170000076293945,30.469999313354492,29.780000686645508,30.190000534057617,19.534910202026367,3147500,TPR,yfinance,2026-02-10T05:10:38.179198+00:00
2006-09-01,30.540000915527344,31.15999984741211,30.5,30.90999984741211,20.000795364379883,2419600,TPR,yfinance,2026-02-10T05:10:38.179198+00:00
2006-09-05,30.90999984741211,31.079999923706055,30.709999084472656,31.0,20.05902671813965,2302400,TPR,yfinance,2026-02-10T05:10:38.179198+00:00
2006-09-06,30.860000610351562,31.100000381469727,30.600000381469727,30.6299991607666,19.819625854492188,1588200,TPR,yfinance,2026-02-10T05:10:38.179198+00:00
2006-09-07,30.450000762939453,31.1299991607666,29.899999618530273,30.809999465942383,19.936086654663086,5066200,TPR,yfinance,2026-02-10T05:10:38.179198+00:00
2006-09-08,30.81999969482422,31.989999771118164,30.780000686645508,31.8799991607666,20.628454208374023,4757700,TPR,yfinance,2026-02-10T05:10:38.179198+00:00
2006-09-11,31.639999389648438,31.84000015258789,31.25,31.420000076293945,20.3308048248291,3429000,TPR,yfinance,2026-02-10T05:10:38.179198+00:00
2006-09-12,31.5,33.56999969482422,31.43000030517578,33.43000030517578,21.631406784057617,5257900,TPR,yfinance,2026-02-10T05:10:38.179198+00:00
2006-09-13,33.16999816894531,33.880001068115234,32.9900016784668,33.689998626708984,21.79963493347168,4293700,TPR,yfinance,2026-02-10T05:10:38.179198+00:00
2006-09-14,33.349998474121094,34.119998931884766,33.08000183105469,33.84000015258789,21.896699905395508,3139600,TPR,yfinance,2026-02-10T05:10:38.179198+00:00
2006-09-15,33.84000015258789,34.09000015258789,33.5,33.86000061035156,21.909637451171875,4813400,TPR,yfinance,2026-02-10T05:10:38.179198+00:00
2006-09-18,33.86000061035156,34.0099983215332,33.63999938964844,33.709999084472656,21.812583923339844,3013500,TPR,yfinance,2026-02-10T05:10:38.179198+00:00
2006-09-19,33.95000076293945,34.18000030517578,33.70000076293945,34.08000183105469,22.051992416381836,2803000,TPR,yfinance,2026-02-10T05:10:38.179198+00:00
2006-09-20,34.25,34.84000015258789,34.220001220703125,34.619998931884766,22.401409149169922,2497800,TPR,yfinance,2026-02-10T05:10:38.179198+00:00
2006-09-21,34.58000183105469,34.709999084472656,33.91999816894531,34.0,22.000226974487305,2523400,TPR,yfinance,2026-02-10T05:10:38.179198+00:00
2006-09-22,34.0,34.369998931884766,33.369998931884766,33.63999938964844,21.767282485961914,3161000,TPR,yfinance,2026-02-10T05:10:38.179198+00:00
2006-09-25,34.02000045776367,34.43000030517578,33.59000015258789,34.400001525878906,22.259056091308594,3039300,TPR,yfinance,2026-02-10T05:10:38.179198+00:00
2006-09-26,34.29999923706055,34.7400016784668,34.099998474121094,34.650001525878906,22.420822143554688,2281500,TPR,yfinance,2026-02-10T05:10:38.179198+00:00
2006-09-27,34.66999816894531,34.9900016784668,34.349998474121094,34.400001525878906,22.259056091308594,2636000,TPR,yfinance,2026-02-10T05:10:38.179198+00:00
2006-09-28,34.599998474121094,34.77000045776367,33.939998626708984,34.08000183105469,22.051992416381836,2505800,TPR,yfinance,2026-02-10T05:10:38.179198+00:00
2006-09-29,34.189998626708984,34.459999084472656,33.79999923706055,34.400001525878906,22.259056091308594,2637700,TPR,yfinance,2026-02-10T05:10:38.179198+00:00
2006-10-02,34.470001220703125,34.939998626708984,34.150001525878906,34.20000076293945,22.12965202331543,2028300,TPR,yfinance,2026-02-10T05:10:38.179198+00:00
2006-10-03,34.400001525878906,34.849998474121094,34.150001525878906,34.58000183105469,22.375526428222656,1619300,TPR,yfinance,2026-02-10T05:10:38.179198+00:00
2006-10-04,34.59000015258789,35.720001220703125,34.59000015258789,35.5,22.9708251953125,3118200,TPR,yfinance,2026-02-10T05:10:38.179198+00:00
2006-10-05,35.650001525878906,36.25,35.25,36.099998474121094,23.359066009521484,3794700,TPR,yfinance,2026-02-10T05:10:38.179198+00:00
2006-10-06,36.099998474121094,36.119998931884766,35.310001373291016,35.349998474121094,22.873767852783203,1974300,TPR,yfinance,2026-02-10T05:10:38.179198+00:00
2006-10-09,35.0,35.68000030517578,34.880001068115234,35.439998626708984,22.932004928588867,2401200,TPR,yfinance,2026-02-10T05:10:38.179198+00:00
2006-10-10,35.65999984741211,36.099998474121094,35.56999969482422,35.790000915527344,23.158479690551758,2580600,TPR,yfinance,2026-02-10T05:10:38.179198+00:00
2006-10-11,35.599998474121094,35.63999938964844,35.189998626708984,35.38999938964844,22.89965057373047,1810600,TPR,yfinance,2026-02-10T05:10:38.179198+00:00
2006-10-12,35.7400016784668,35.77000045776367,35.29999923706055,35.650001525878906,23.067890167236328,2883700,TPR,yfinance,2026-02-10T05:10:38.179198+00:00
2006-10-13,35.70000076293945,36.650001525878906,35.54999923706055,36.4900016784668,23.611421585083008,3967800,TPR,yfinance,2026-02-10T05:10:38.179198+00:00
2006-10-16,36.5,36.90999984741211,36.099998474121094,36.779998779296875,23.799070358276367,2675800,TPR,yfinance,2026-02-10T05:10:38.179198+00:00
2006-10-17,36.70000076293945,36.70000076293945,35.56999969482422,36.310001373291016,23.494943618774414,2350700,TPR,yfinance,2026-02-10T05:10:38.179198+00:00
2006-10-18,36.720001220703125,36.90999984741211,35.93000030517578,36.119998931884766,23.372005462646484,2342500,TPR,yfinance,2026-02-10T05:10:38.179198+00:00
2006-10-19,35.91999816894531,36.11000061035156,35.310001373291016,35.36000061035156,22.88023567199707,2352100,TPR,yfinance,2026-02-10T05:10:38.179198+00:00
2006-10-20,35.43000030517578,35.75,35.27000045776367,35.27000045776367,22.822002410888672,3565500,TPR,yfinance,2026-02-10T05:10:38.179198+00:00
2006-10-23,35.36000061035156,36.5,35.13999938964844,36.33000183105469,23.507896423339844,6028100,TPR,yfinance,2026-02-10T05:10:38.179198+00:00
2006-10-24,37.97999954223633,39.400001525878906,37.56999969482422,39.209999084472656,25.37144660949707,14215300,TPR,yfinance,2026-02-10T05:10:38.179198+00:00
2006-10-25,39.25,40.150001525878906,39.209999084472656,39.95000076293945,25.850271224975586,6753000,TPR,yfinance,2026-02-10T05:10:38.179198+00:00
2006-10-26,39.93000030517578,39.93000030517578,39.290000915527344,39.650001525878906,25.656150817871094,3111400,TPR,yfinance,2026-02-10T05:10:38.179198+00:00
2006-10-27,39.2400016784668,39.540000915527344,38.86000061035156,39.0099983215332,25.24203109741211,2415300,TPR,yfinance,2026-02-10T05:10:38.179198+00:00
2006-10-30,39.0099983215332,40.15999984741211,38.70000076293945,40.0,25.88262367248535,4695200,TPR,yfinance,2026-02-10T05:10:38.179198+00:00
2006-10-31,40.0,40.06999969482422,39.54999923706055,39.63999938964844,25.649681091308594,3349700,TPR,yfinance,2026-02-10T05:10:38.179198+00:00
2006-11-01,39.63999938964844,39.9900016784668,39.560001373291016,39.650001525878906,25.656150817871094,3126100,TPR,yfinance,2026-02-10T05:10:38.179198+00:00
2006-11-02,39.34000015258789,39.79999923706055,38.849998474121094,39.619998931884766,25.63674545288086,3383600,TPR,yfinance,2026-02-10T05:10:38.179198+00:00
2006-11-03,39.779998779296875,39.97999954223633,38.34000015258789,38.61000061035156,24.983196258544922,2948700,TPR,yfinance,2026-02-10T05:10:38.179198+00:00
2006-11-06,39.0,39.58000183105469,38.77000045776367,39.349998474121094,25.462024688720703,2769300,TPR,yfinance,2026-02-10T05:10:38.179198+00:00
2006-11-07,39.72999954223633,39.959999084472656,39.369998931884766,39.4900016784668,25.552629470825195,3025800,TPR,yfinance,2026-02-10T05:10:38.179198+00:00
2006-11-08,39.4900016784668,39.540000915527344,38.720001220703125,38.97999954223633,25.222614288330078,3322600,TPR,yfinance,2026-02-10T05:10:38.179198+00:00
2006-11-09,39.16999816894531,39.22999954223633,38.439998626708984,38.619998931884766,24.98967742919922,2011800,TPR,yfinance,2026-02-10T05:10:38.179198+00:00
2006-11-10,38.77000045776367,39.08000183105469,38.400001525878906,38.7400016784668,25.067331314086914,2290700,TPR,yfinance,2026-02-10T05:10:38.179198+00:00
2006-11-13,38.900001525878906,39.45000076293945,38.650001525878906,39.25,25.39731788635254,3389700,TPR,yfinance,2026-02-10T05:10:38.179198+00:00
2006-11-14,39.25,40.619998931884766,39.16999816894531,40.400001525878906,26.141448974609375,6221600,TPR,yfinance,2026-02-10T05:10:38.179198+00:00
2006-11-15,40.75,42.56999969482422,40.61000061035156,42.20000076293945,27.306175231933594,10471400,TPR,yfinance,2026-02-10T05:10:38.179198+00:00
2006-11-16,42.650001525878906,42.66999816894531,41.689998626708984,42.34000015258789,27.396757125854492,4302800,TPR,yfinance,2026-02-10T05:10:38.179198+00:00
2006-11-17,41.970001220703125,42.06999969482422,41.15999984741211,42.040000915527344,27.202640533447266,3805300,TPR,yfinance,2026-02-10T05:10:38.179198+00:00
2006-11-20,42.040000915527344,42.22999954223633,41.619998931884766,41.79999923706055,27.047344207763672,4063000,TPR,yfinance,2026-02-10T05:10:38.179198+00:00
2006-11-21,41.900001525878906,42.34000015258789,41.779998779296875,42.20000076293945,27.306175231933594,2600000,TPR,yfinance,2026-02-10T05:10:38.179198+00:00
2006-11-22,42.099998474121094,42.75,41.91999816894531,42.65999984741211,27.60381507873535,2233600,TPR,yfinance,2026-02-10T05:10:38.179198+00:00
2006-11-24,42.65999984741211,42.939998626708984,42.20000076293945,42.779998779296875,27.681468963623047,1316500,TPR,yfinance,2026-02-10T05:10:38.179198+00:00
2006-11-27,42.349998474121094,42.470001220703125,41.52000045776367,42.11000061035156,27.2479305267334,5896400,TPR,yfinance,2026-02-10T05:10:38.179198+00:00
2006-11-28,41.880001068115234,41.959999084472656,41.279998779296875,41.84000015258789,27.073219299316406,2543000,TPR,yfinance,2026-02-10T05:10:38.179198+00:00
2006-11-29,42.54999923706055,42.97999954223633,42.15999984741211,42.90999984741211,27.76558494567871,3088100,TPR,yfinance,2026-02-10T05:10:38.179198+00:00
2006-11-30,42.95000076293945,43.34000015258789,42.540000915527344,43.209999084472656,27.959707260131836,3669400,TPR,yfinance,2026-02-10T05:10:38.179198+00:00
2006-12-01,43.310001373291016,43.5,41.900001525878906,42.630001068115234,27.584407806396484,3334700,TPR,yfinance,2026-02-10T05:10:38.179198+00:00
2006-12-04,42.939998626708984,43.470001220703125,42.70000076293945,43.33000183105469,28.0373477935791,2212100,TPR,yfinance,2026-02-10T05:10:38.179198+00:00
2006-12-05,43.4900016784668,43.689998626708984,42.900001525878906,43.650001525878906,28.24441146850586,3431100,TPR,yfinance,2026-02-10T05:10:38.179198+00:00
2006-12-06,43.7599983215332,44.290000915527344,43.52000045776367,43.7599983215332,28.315580368041992,2400000,TPR,yfinance,2026-02-10T05:10:38.179198+00:00
2006-12-07,44.02000045776367,44.349998474121094,43.45000076293945,43.560001373291016,28.186168670654297,1562900,TPR,yfinance,2026-02-10T05:10:38.179198+00:00
2006-12-08,43.75,43.90999984741211,43.02000045776367,43.130001068115234,27.90794563293457,2661700,TPR,yfinance,2026-02-10T05:10:38.179198+00:00
2006-12-11,43.029998779296875,43.36000061035156,42.68000030517578,43.0,27.823816299438477,5508300,TPR,yfinance,2026-02-10T05:10:38.179198+00:00
2006-12-12,43.0,43.099998474121094,42.150001525878906,42.45000076293945,27.46792984008789,3193200,TPR,yfinance,2026-02-10T05:10:38.179198+00:00
2006-12-13,42.88999938964844,43.22999954223633,42.11000061035156,42.41999816894531,27.448518753051758,3517200,TPR,yfinance,2026-02-10T05:10:38.179198+00:00
2006-12-14,42.41999816894531,43.400001525878906,42.41999816894531,43.2599983215332,27.992061614990234,2593700,TPR,yfinance,2026-02-10T05:10:38.179198+00:00
2006-12-15,43.279998779296875,43.9900016784668,42.959999084472656,43.029998779296875,27.84322738647461,2999000,TPR,yfinance,2026-02-10T05:10:38.179198+00:00
2006-12-18,43.349998474121094,43.45000076293945,41.939998626708984,42.029998779296875,27.1961612701416,3653000,TPR,yfinance,2026-02-10T05:10:38.179198+00:00
2006-12-19,41.86000061035156,43.13999938964844,41.849998474121094,43.04999923706055,27.85616111755371,3583500,TPR,yfinance,2026-02-10T05:10:38.179198+00:00
2006-12-20,43.459999084472656,44.9900016784668,43.459999084472656,44.279998779296875,28.652074813842773,5040000,TPR,yfinance,2026-02-10T05:10:38.179198+00:00
2006-12-21,44.09000015258789,44.290000915527344,43.599998474121094,43.86000061035156,28.380290985107422,3244200,TPR,yfinance,2026-02-10T05:10:38.179198+00:00
2006-12-22,44.0,44.04999923706055,43.529998779296875,43.58000183105469,28.199113845825195,1913500,TPR,yfinance,2026-02-10T05:10:38.179198+00:00
2006-12-26,42.5,43.54999923706055,42.5,43.43000030517578,28.102052688598633,2038500,TPR,yfinance,2026-02-10T05:10:38.179198+00:00
2006-12-27,43.58000183105469,43.65999984741211,43.290000915527344,43.310001373291016,28.024402618408203,1772000,TPR,yfinance,2026-02-10T05:10:38.179198+00:00
2006-12-28,43.119998931884766,43.72999954223633,43.119998931884766,43.63999938964844,28.237945556640625,1257700,TPR,yfinance,2026-02-10T05:10:38.179198+00:00
2006-12-29,43.470001220703125,43.77000045776367,42.880001068115234,42.959999084472656,27.797931671142578,1301800,TPR,yfinance,2026-02-10T05:10:38.179198+00:00
2007-01-03,43.58000183105469,44.58000183105469,43.36000061035156,43.81999969482422,28.35441780090332,4480800,TPR,yfinance,2026-02-10T05:10:38.179198+00:00
2007-01-04,44.29999923706055,45.029998779296875,43.90999984741211,45.0,29.117956161499023,3727100,TPR,yfinance,2026-02-10T05:10:38.179198+00:00
2007-01-05,44.849998474121094,44.849998474121094,43.849998474121094,44.0,28.470884323120117,2650100,TPR,yfinance,2026-02-10T05:10:38.179198+00:00
2007-01-08,44.25,44.38999938964844,43.56999969482422,44.0099983215332,28.477352142333984,3851800,TPR,yfinance,2026-02-10T05:10:38.179198+00:00
2007-01-09,44.029998779296875,44.560001373291016,43.86000061035156,44.45000076293945,28.762065887451172,2850000,TPR,yfinance,2026-02-10T05:10:38.179198+00:00
2007-01-10,44.97999954223633,44.97999954223633,44.08000183105469,44.45000076293945,28.762065887451172,2248900,TPR,yfinance,2026-02-10T05:10:38.179198+00:00
2007-01-11,44.5,45.869998931884766,44.2599983215332,45.619998931884766,29.519134521484375,3015800,TPR,yfinance,2026-02-10T05:10:38.179198+00:00
2007-01-12,45.5,45.93000030517578,45.279998779296875,45.81999969482422,29.64855194091797,2062200,TPR,yfinance,2026-02-10T05:10:38.179198+00:00
2007-01-16,46.20000076293945,47.029998779296875,46.099998474121094,46.34000015258789,29.985017776489258,3196400,TPR,yfinance,2026-02-10T05:10:38.179198+00:00
2007-01-17,46.36000061035156,46.66999816894531,45.7599983215332,45.86000061035156,29.674428939819336,2818700,TPR,yfinance,2026-02-10T05:10:38.179198+00:00
2007-01-18,45.22999954223633,45.959999084472656,44.630001068115234,45.04999923706055,29.150306701660156,3375400,TPR,yfinance,2026-02-10T05:10:38.179198+00:00
2007-01-19,45.150001525878906,45.31999969482422,44.43000030517578,45.0,29.117956161499023,3779600,TPR,yfinance,2026-02-10T05:10:38.179198+00:00
2007-01-22,45.0,45.13999938964844,43.790000915527344,43.97999954223633,28.457942962646484,4806500,TPR,yfinance,2026-02-10T05:10:38.179198+00:00
2007-01-23,44.0099983215332,44.45000076293945,42.5099983215332,43.90999984741211,28.41263771057129,10137000,TPR,yfinance,2026-02-10T05:10:38.179198+00:00
2007-01-24,43.52000045776367,44.810001373291016,43.47999954223633,44.79999923706055,28.988542556762695,4051200,TPR,yfinance,2026-02-10T05:10:38.179198+00:00
2007-01-25,44.93000030517578,45.470001220703125,43.47999954223633,43.81999969482422,28.35441780090332,4654100,TPR,yfinance,2026-02-10T05:10:38.179198+00:00
2007-01-26,44.11000061035156,44.38999938964844,43.52000045776367,43.84000015258789,28.36734962463379,3147600,TPR,yfinance,2026-02-10T05:10:38.179198+00:00
2007-01-29,43.880001068115234,44.900001525878906,43.83000183105469,44.52000045776367,28.807357788085938,3931400,TPR,yfinance,2026-02-10T05:10:38.179198+00:00
2007-01-30,44.650001525878906,45.0,44.34000015258789,44.81999969482422,29.001474380493164,3921400,TPR,yfinance,2026-02-10T05:10:38.179198+00:00
2007-01-31,44.939998626708984,46.02000045776367,44.790000915527344,45.86000061035156,29.674428939819336,3416500,TPR,yfinance,2026-02-10T05:10:38.179198+00:00
2007-02-01,46.45000076293945,46.79999923706055,46.04999923706055,46.7599983215332,30.256784439086914,4121400,TPR,yfinance,2026-02-10T05:10:38.179198+00:00
2007-02-02,46.90999984741211,47.279998779296875,46.470001220703125,47.11000061035156,30.483266830444336,3639000,TPR,yfinance,2026-02-10T05:10:38.179198+00:00
2007-02-05,47.11000061035156,47.25,46.400001525878906,46.560001373291016,30.127376556396484,2290300,TPR,yfinance,2026-02-10T05:10:38.179198+00:00
2007-02-06,46.84000015258789,47.119998931884766,46.43000030517578,47.04999923706055,30.444442749023438,2093900,TPR,yfinance,2026-02-10T05:10:38.179198+00:00
2007-02-07,47.060001373291016,47.5,46.83000183105469,47.439998626708984,30.696781158447266,1874400,TPR,yfinance,2026-02-10T05:10:38.179198+00:00
2007-02-08,47.310001373291016,47.630001068115234,46.91999816894531,47.5099983215332,30.742076873779297,3248400,TPR,yfinance,2026-02-10T05:10:38.179198+00:00
2007-02-09,47.59000015258789,47.75,46.310001373291016,46.86000061035156,30.321496963500977,2605800,TPR,yfinance,2026-02-10T05:10:38.179198+00:00
2007-02-12,46.86000061035156,47.31999969482422,46.52000045776367,47.209999084472656,30.547969818115234,2689200,TPR,yfinance,2026-02-10T05:10:38.179198+00:00
2007-02-13,47.290000915527344,48.29999923706055,47.290000915527344,48.25,31.220914840698242,4563200,TPR,yfinance,2026-02-10T05:10:38.179198+00:00
2007-02-14,48.25,49.58000183105469,47.810001373291016,49.380001068115234,31.952089309692383,4818700,TPR,yfinance,2026-02-10T05:10:38.179198+00:00
2007-02-15,49.25,49.459999084472656,49.0099983215332,49.290000915527344,31.89385986328125,2888800,TPR,yfinance,2026-02-10T05:10:38.179198+00:00
2007-02-16,49.290000915527344,50.0,49.0099983215332,49.97999954223633,32.34033203125,3353200,TPR,yfinance,2026-02-10T05:10:38.179198+00:00
2007-02-20,50.0,51.0,49.689998626708984,50.83000183105469,32.89033126831055,3924600,TPR,yfinance,2026-02-10T05:10:38.179198+00:00
2007-02-21,50.83000183105469,51.029998779296875,49.72999954223633,49.95000076293945,32.3209228515625,4204500,TPR,yfinance,2026-02-10T05:10:38.179198+00:00
2007-02-22,49.849998474121094,50.08000183105469,49.119998931884766,49.72999954223633,32.17858123779297,2902700,TPR,yfinance,2026-02-10T05:10:38.179198+00:00
2007-02-23,49.95000076293945,50.279998779296875,49.540000915527344,49.970001220703125,32.333858489990234,2618100,TPR,yfinance,2026-02-10T05:10:38.179198+00:00
2007-02-26,50.29999923706055,50.380001068115234,48.7400016784668,48.93000030517578,31.660919189453125,2551000,TPR,yfinance,2026-02-10T05:10:38.179198+00:00
2007-02-27,47.29999923706055,47.5,42.470001220703125,46.0099983215332,29.771484375,6987100,TPR,yfinance,2026-02-10T05:10:38.179198+00:00
2007-02-28,46.119998931884766,47.63999938964844,46.099998474121094,47.189998626708984,30.535017013549805,5658700,TPR,yfinance,2026-02-10T05:10:38.179198+00:00
2007-03-01,47.0,48.540000915527344,45.77000045776367,48.18000030517578,31.175615310668945,6478600,TPR,yfinance,2026-02-10T05:10:38.179198+00:00
2007-03-02,48.18000030517578,48.18000030517578,47.540000915527344,47.65999984741211,30.83914566040039,4690400,TPR,yfinance,2026-02-10T05:10:38.179198+00:00
2007-03-05,47.25,47.619998931884766,46.61000061035156,46.66999816894531,30.198558807373047,4664100,TPR,yfinance,2026-02-10T05:10:38.179198+00:00
2007-03-06,47.04999923706055,48.150001525878906,47.029998779296875,47.83000183105469,30.949148178100586,3629600,TPR,yfinance,2026-02-10T05:10:38.179198+00:00
2007-03-07,47.83000183105469,49.0,47.369998931884766,48.220001220703125,31.20150375366211,3652600,TPR,yfinance,2026-02-10T05:10:38.179198+00:00
2007-03-08,48.75,49.79999923706055,48.52000045776367,49.15999984741211,31.809736251831055,2729100,TPR,yfinance,2026-02-10T05:10:38.179198+00:00
2007-03-09,49.84000015258789,49.84000015258789,48.40999984741211,49.31999969482422,31.91327667236328,2548500,TPR,yfinance,2026-02-10T05:10:38.179198+00:00
2007-03-12,49.5,50.04999923706055,49.5,50.0,32.353271484375,3006800,TPR,yfinance,2026-02-10T05:10:38.179198+00:00
2007-03-13,49.93000030517578,49.93000030517578,48.43000030517578,48.7400016784668,31.53797721862793,4714000,TPR,yfinance,2026-02-10T05:10:38.179198+00:00
2007-03-14,48.27000045776367,49.16999816894531,47.529998779296875,48.79999923706055,31.576799392700195,4520100,TPR,yfinance,2026-02-10T05:10:38.179198+00:00
2007-03-15,48.79999923706055,49.25,48.630001068115234,49.16999816894531,31.816213607788086,2081000,TPR,yfinance,2026-02-10T05:10:38.179198+00:00
2007-03-16,49.20000076293945,49.25,48.380001068115234,48.77000045776367,31.557382583618164,3858500,TPR,yfinance,2026-02-10T05:10:38.179198+00:00
2007-03-19,49.130001068115234,49.5,48.959999084472656,49.349998474121094,31.93268585205078,2198400,TPR,yfinance,2026-02-10T05:10:38.179198+00:00
2007-03-20,49.4900016784668,50.099998474121094,49.209999084472656,50.0,32.353271484375,2609100,TPR,yfinance,2026-02-10T05:10:38.179198+00:00
2007-03-21,50.0,50.380001068115234,49.5,50.22999954223633,32.50211715698242,3134100,TPR,yfinance,2026-02-10T05:10:38.179198+00:00
2007-03-22,50.4900016784668,50.93000030517578,50.08000183105469,50.790000915527344,32.86445236206055,2257700,TPR,yfinance,2026-02-10T05:10:38.179198+00:00
2007-03-23,50.790000915527344,51.08000183105469,50.4900016784668,50.959999084472656,32.97446060180664,2044300,TPR,yfinance,2026-02-10T05:10:38.179198+00:00
2007-03-26,51.83000183105469,51.83000183105469,50.33000183105469,50.88999938964844,32.92915725708008,2302700,TPR,yfinance,2026-02-10T05:10:38.179198+00:00
2007-03-27,50.880001068115234,50.900001525878906,50.25,50.650001525878906,32.77387619018555,3037200,TPR,yfinance,2026-02-10T05:10:38.179198+00:00
2007-03-28,50.25,50.2599983215332,49.650001525878906,49.86000061035156,32.2626838684082,2833700,TPR,yfinance,2026-02-10T05:10:38.179198+00:00
2007-03-29,50.25,50.79999923706055,49.20000076293945,49.79999923706055,32.22386169433594,2808700,TPR,yfinance,2026-02-10T05:10:38.179198+00:00
2007-03-30,49.9900016784668,50.70000076293945,49.779998779296875,50.04999923706055,32.38563919067383,2890800,TPR,yfinance,2026-02-10T05:10:38.179198+00:00
2007-04-02,50.08000183105469,50.4900016784668,49.63999938964844,50.189998626708984,32.47621154785156,2758500,TPR,yfinance,2026-02-10T05:10:38.179198+00:00
2007-04-03,50.310001373291016,51.34000015258789,50.310001373291016,50.970001220703125,32.98093032836914,3331300,TPR,yfinance,2026-02-10T05:10:38.179198+00:00
2007-04-04,51.040000915527344,51.689998626708984,50.7400016784668,51.63999938964844,33.41446304321289,2441500,TPR,yfinance,2026-02-10T05:10:38.179198+00:00
2007-04-05,51.75,51.7599983215332,51.27000045776367,51.400001525878906,33.25917053222656,1855600,TPR,yfinance,2026-02-10T05:10:38.179198+00:00
2007-04-09,51.61000061035156,51.61000061035156,50.88999938964844,51.29999923706055,33.19446563720703,2158100,TPR,yfinance,2026-02-10T05:10:38.179198+00:00
2007-04-10,51.349998474121094,51.70000076293945,51.09000015258789,51.439998626708984,33.28505325317383,2860900,TPR,yfinance,2026-02-10T05:10:38.179198+00:00
2007-04-11,51.790000915527344,52.0,51.11000061035156,51.25,33.162113189697266,3171100,TPR,yfinance,2026-02-10T05:10:38.179198+00:00
2007-04-12,51.400001525878906,52.939998626708984,50.650001525878906,52.86000061035156,34.203887939453125,4395400,TPR,yfinance,2026-02-10T05:10:38.179198+00:00
2007-04-13,53.5,53.5,51.630001068115234,51.9900016784668,33.640926361083984,2969100,TPR,yfinance,2026-02-10T05:10:38.179198+00:00
2007-04-16,52.38999938964844,53.29999923706055,52.27000045776367,52.970001220703125,34.275062561035156,2995100,TPR,yfinance,2026-02-10T05:10:38.179198+00:00
2007-04-17,52.970001220703125,53.06999969482422,51.93000030517578,52.22999954223633,33.796234130859375,2689700,TPR,yfinance,2026-02-10T05:10:38.179198+00:00
2007-04-18,52.22999954223633,52.84000015258789,51.95000076293945,52.7400016784668,34.12623596191406,2818100,TPR,yfinance,2026-02-10T05:10:38.179198+00:00
2007-04-19,52.29999923706055,52.5,51.68000030517578,51.83000183105469,33.53740692138672,2030000,TPR,yfinance,2026-02-10T05:10:38.179198+00:00
2007-04-20,52.95000076293945,53.810001373291016,52.68000030517578,53.790000915527344,34.80565643310547,4107100,TPR,yfinance,2026-02-10T05:10:38.179198+00:00
2007-04-23,53.869998931884766,54.0,52.900001525878906,53.349998474121094,34.52094268798828,3427400,TPR,yfinance,2026-02-10T05:10:38.179198+00:00
2007-04-24,52.5,53.0,49.599998474121094,50.2599983215332,32.52151870727539,10214900,TPR,yfinance,2026-02-10T05:10:38.179198+00:00
2007-04-25,51.130001068115234,51.20000076293945,50.369998931884766,50.75,32.838584899902344,5344200,TPR,yfinance,2026-02-10T05:10:38.179198+00:00
2007-04-26,51.060001373291016,51.47999954223633,50.439998626708984,51.279998779296875,33.18152618408203,4043800,TPR,yfinance,2026-02-10T05:10:38.179198+00:00
2007-04-27,51.279998779296875,51.4900016784668,51.02000045776367,51.25,33.162113189697266,4069300,TPR,yfinance,2026-02-10T05:10:38.179198+00:00
2007-04-30,51.119998931884766,51.119998931884766,48.709999084472656,48.83000183105469,31.596200942993164,5514900,TPR,yfinance,2026-02-10T05:10:38.179198+00:00
2007-05-01,49.099998474121094,49.099998474121094,46.810001373291016,48.099998474121094,31.12384605407715,8523500,TPR,yfinance,2026-02-10T05:10:38.179198+00:00
2007-05-02,48.56999969482422,49.279998779296875,48.13999938964844,48.599998474121094,31.447385787963867,5080900,TPR,yfinance,2026-02-10T05:10:38.179198+00:00
2007-05-03,48.599998474121094,48.619998931884766,47.52000045776367,47.75,30.89738655090332,4442800,TPR,yfinance,2026-02-10T05:10:38.179198+00:00
2007-05-04,47.79999923706055,49.20000076293945,47.77000045776367,49.13999938964844,31.796796798706055,3944900,TPR,yfinance,2026-02-10T05:10:38.179198+00:00
2007-05-07,49.41999816894531,49.459999084472656,47.91999816894531,48.20000076293945,31.188562393188477,3581900,TPR,yfinance,2026-02-10T05:10:38.179198+00:00
2007-05-08,48.09000015258789,48.650001525878906,47.849998474121094,48.54999923706055,31.415029525756836,3347300,TPR,yfinance,2026-02-10T05:10:38.179198+00:00
2007-05-09,48.54999923706055,49.38999938964844,48.310001373291016,49.33000183105469,31.91973876953125,2739900,TPR,yfinance,2026-02-10T05:10:38.179198+00:00
2007-05-10,49.02000045776367,49.34000015258789,48.0,48.119998931884766,31.136789321899414,3332300,TPR,yfinance,2026-02-10T05:10:38.179198+00:00
2007-05-11,48.5,48.79999923706055,47.380001068115234,47.84000015258789,30.955617904663086,3439100,TPR,yfinance,2026-02-10T05:10:38.179198+00:00
2007-05-14,47.5,47.779998779296875,47.0099983215332,47.36000061035156,30.6450252532959,2912300,TPR,yfinance,2026-02-10T05:10:38.179198+00:00
2007-05-15,47.0099983215332,47.619998931884766,46.060001373291016,46.099998474121094,29.82971954345703,6197600,TPR,yfinance,2026-02-10T05:10:38.179198+00:00
2007-05-16,46.290000915527344,47.4900016784668,46.220001220703125,47.459999084472656,30.709728240966797,4472900,TPR,yfinance,2026-02-10T05:10:38.179198+00:00
2007-05-17,47.459999084472656,48.29999923706055,47.189998626708984,47.900001525878906,30.994455337524414,2559200,TPR,yfinance,2026-02-10T05:10:38.179198+00:00
2007-05-18,47.959999084472656,48.119998931884766,47.150001525878906,47.959999084472656,31.033266067504883,2686900,TPR,yfinance,2026-02-10T05:10:38.179198+00:00
2007-05-21,48.0,49.099998474121094,48.0,48.58000183105469,31.43444061279297,3205600,TPR,yfinance,2026-02-10T05:10:38.179198+00:00
2007-05-22,48.97999954223633,49.470001220703125,48.75,49.22999954223633,31.855031967163086,4417800,TPR,yfinance,2026-02-10T05:10:38.179198+00:00
2007-05-23,49.45000076293945,49.810001373291016,49.16999816894531,49.2599983215332,31.874446868896484,3881500,TPR,yfinance,2026-02-10T05:10:38.179198+00:00
2007-05-24,49.36000061035156,49.70000076293945,48.439998626708984,48.61000061035156,31.453840255737305,3430400,TPR,yfinance,2026-02-10T05:10:38.179198+00:00
2007-05-25,48.0,49.029998779296875,48.0,48.65999984741211,31.486202239990234,1978200,TPR,yfinance,2026-02-10T05:10:38.179198+00:00
2007-05-29,49.0,49.65999984741211,48.61000061035156,49.11000061035156,31.777381896972656,2552700,TPR,yfinance,2026-02-10T05:10:38.179198+00:00
2007-05-30,48.9900016784668,52.0,48.7400016784668,51.150001525878906,33.09740447998047,6077200,TPR,yfinance,2026-02-10T05:10:38.179198+00:00
2007-05-31,51.27000045776367,51.970001220703125,51.189998626708984,51.36000061035156,33.2332878112793,2999200,TPR,yfinance,2026-02-10T05:10:38.179198+00:00
2007-06-01,51.459999084472656,51.810001373291016,51.0,51.34000015258789,33.22034454345703,2978600,TPR,yfinance,2026-02-10T05:10:38.179198+00:00
2007-06-04,51.400001525878906,51.959999084472656,51.150001525878906,51.54999923706055,33.35622787475586,2638500,TPR,yfinance,2026-02-10T05:10:38.179198+00:00
2007-06-05,51.470001220703125,51.5,50.08000183105469,50.34000015258789,32.57329177856445,3701600,TPR,yfinance,2026-02-10T05:10:38.179198+00:00
2007-06-06,50.2400016784668,50.27000045776367,48.79999923706055,49.119998931884766,31.783859252929688,5150100,TPR,yfinance,2026-02-10T05:10:38.179198+00:00
2007-06-07,49.400001525878906,49.5099983215332,47.81999969482422,47.86000061035156,30.96856117248535,3611900,TPR,yfinance,2026-02-10T05:10:38.179198+00:00
2007-06-08,47.869998931884766,49.20000076293945,47.099998474121094,49.02000045776367,31.719148635864258,3411500,TPR,yfinance,2026-02-10T05:10:38.179198+00:00
2007-06-11,49.029998779296875,49.029998779296875,48.0099983215332,48.06999969482422,31.104440689086914,2816500,TPR,yfinance,2026-02-10T05:10:38.179198+00:00
2007-06-12,48.06999969482422,48.09000015258789,47.310001373291016,47.47999954223633,30.722681045532227,2765200,TPR,yfinance,2026-02-10T05:10:38.179198+00:00
2007-06-13,47.95000076293945,48.939998626708984,47.779998779296875,48.88999938964844,31.6350154876709,3224700,TPR,yfinance,2026-02-10T05:10:38.179198+00:00
2007-06-14,48.88999938964844,49.5,48.5,48.869998931884766,31.622089385986328,3517700,TPR,yfinance,2026-02-10T05:10:38.179198+00:00
2007-06-15,49.150001525878906,49.29999923706055,48.34000015258789,48.689998626708984,31.505611419677734,2787300,TPR,yfinance,2026-02-10T05:10:38.179198+00:00
2007-06-18,48.77000045776367,49.11000061035156,48.0,48.630001068115234,31.466796875,2049300,TPR,yfinance,2026-02-10T05:10:38.179198+00:00
2007-06-19,48.560001373291016,49.70000076293945,48.18000030517578,49.56999969482422,32.07502365112305,2832200,TPR,yfinance,2026-02-10T05:10:38.179198+00:00
2007-06-20,49.63999938964844,49.70000076293945,47.959999084472656,48.02000045776367,31.072092056274414,2590700,TPR,yfinance,2026-02-10T05:10:38.179198+00:00
2007-06-21,48.02000045776367,48.08000183105469,47.25,48.029998779296875,31.078548431396484,2378700,TPR,yfinance,2026-02-10T05:10:38.179198+00:00
2007-06-22,47.9900016784668,48.099998474121094,46.27000045776367,47.119998931884766,30.489723205566406,4830800,TPR,yfinance,2026-02-10T05:10:38.179198+00:00
2007-06-25,47.25,47.459999084472656,46.220001220703125,46.5099983215332,30.095014572143555,2646800,TPR,yfinance,2026-02-10T05:10:38.179198+00:00
2007-06-26,46.79999923706055,47.38999938964844,46.58000183105469,46.619998931884766,30.16620635986328,2575100,TPR,yfinance,2026-02-10T05:10:38.179198+00:00
2007-06-27,46.25,47.380001068115234,46.11000061035156,47.2400016784668,30.5673770904541,2999300,TPR,yfinance,2026-02-10T05:10:38.179198+00:00
2007-06-28,47.310001373291016,47.86000061035156,47.11000061035156,47.34000015258789,30.632091522216797,1959100,TPR,yfinance,2026-02-10T05:10:38.179198+00:00
2007-06-29,47.61000061035156,48.380001068115234,47.08000183105469,47.38999938964844,30.66443634033203,2873200,TPR,yfinance,2026-02-10T05:10:38.179198+00:00
2007-07-02,47.650001525878906,47.83000183105469,46.779998779296875,47.25,30.573841094970703,2082600,TPR,yfinance,2026-02-10T05:10:38.179198+00:00
2007-07-03,47.540000915527344,47.90999984741211,47.29999923706055,47.58000183105469,30.78738021850586,1307500,TPR,yfinance,2026-02-10T05:10:38.179198+00:00
2007-07-05,48.0,48.130001068115234,47.34000015258789,47.900001525878906,30.994455337524414,3842200,TPR,yfinance,2026-02-10T05:10:38.179198+00:00
2007-07-06,47.79999923706055,49.459999084472656,47.68000030517578,49.369998931884766,31.945629119873047,3900700,TPR,yfinance,2026-02-10T05:10:38.179198+00:00
2007-07-09,49.369998931884766,49.900001525878906,48.880001068115234,49.43000030517578,31.98445701599121,4665500,TPR,yfinance,2026-02-10T05:10:38.179198+00:00
2007-07-10,49.29999923706055,49.400001525878906,48.84000015258789,49.13999938964844,31.796796798706055,3578900,TPR,yfinance,2026-02-10T05:10:38.179198+00:00
2007-07-11,49.5099983215332,49.900001525878906,48.29999923706055,48.720001220703125,31.525035858154297,3053600,TPR,yfinance,2026-02-10T05:10:38.179198+00:00
2007-07-12,49.25,50.790000915527344,48.720001220703125,50.70000076293945,32.80622482299805,3818600,TPR,yfinance,2026-02-10T05:10:38.179198+00:00
2007-07-13,50.52000045776367,50.560001373291016,49.11000061035156,49.84000015258789,32.249759674072266,2389400,TPR,yfinance,2026-02-10T05:10:38.179198+00:00
2007-07-16,49.20000076293945,49.5,48.310001373291016,48.84000015258789,31.602684020996094,2900200,TPR,yfinance,2026-02-10T05:10:38.179198+00:00
2007-07-17,48.900001525878906,49.439998626708984,48.689998626708984,49.119998931884766,31.783859252929688,2309800,TPR,yfinance,2026-02-10T05:10:38.179198+00:00
2007-07-18,48.9900016784668,49.540000915527344,48.5099983215332,48.970001220703125,31.686803817749023,2817800,TPR,yfinance,2026-02-10T05:10:38.179198+00:00
2007-07-19,49.4900016784668,50.279998779296875,49.2400016784668,49.880001068115234,32.275634765625,2638900,TPR,yfinance,2026-02-10T05:10:38.179198+00:00
2007-07-20,50.25,50.25,48.56999969482422,48.869998931884766,31.622089385986328,2832800,TPR,yfinance,2026-02-10T05:10:38.179198+00:00
2007-07-23,49.08000183105469,49.540000915527344,48.83000183105469,49.04999923706055,31.738567352294922,1929600,TPR,yfinance,2026-02-10T05:10:38.179198+00:00
2007-07-24,49.81999969482422,49.83000183105469,48.40999984741211,49.0,31.70620346069336,3406800,TPR,yfinance,2026-02-10T05:10:38.179198+00:00
2007-07-25,49.0,49.22999954223633,47.310001373291016,48.099998474121094,31.12384605407715,3791700,TPR,yfinance,2026-02-10T05:10:38.179198+00:00
2007-07-26,47.70000076293945,47.70000076293945,45.68000030517578,46.83000183105469,30.30207633972168,6262200,TPR,yfinance,2026-02-10T05:10:38.179198+00:00
2007-07-27,47.04999923706055,47.31999969482422,45.470001220703125,45.560001373291016,29.480300903320312,4876400,TPR,yfinance,2026-02-10T05:10:38.179198+00:00
2007-07-30,45.900001525878906,48.040000915527344,45.599998474121094,47.869998931884766,30.975021362304688,7988000,TPR,yfinance,2026-02-10T05:10:38.179198+00:00
2007-07-31,48.209999084472656,48.5,44.58000183105469,45.459999084472656,29.415605545043945,9234800,TPR,yfinance,2026-02-10T05:10:38.179198+00:00
2007-08-01,45.83000183105469,47.5099983215332,45.709999084472656,47.40999984741211,30.677383422851562,7680000,TPR,yfinance,2026-02-10T05:10:38.179198+00:00
2007-08-02,47.75,48.0,46.68000030517578,47.959999084472656,31.033266067504883,3739900,TPR,yfinance,2026-02-10T05:10:38.179198+00:00
2007-08-03,47.95000076293945,48.29999923706055,45.959999084472656,45.959999084472656,29.73912811279297,4078000,TPR,yfinance,2026-02-10T05:10:38.179198+00:00
2007-08-06,46.099998474121094,46.88999938964844,43.709999084472656,46.72999954223633,30.23737144470215,6003100,TPR,yfinance,2026-02-10T05:10:38.179198+00:00
2007-08-07,46.72999954223633,48.90999984741211,46.529998779296875,48.54999923706055,31.415029525756836,5232300,TPR,yfinance,2026-02-10T05:10:38.179198+00:00
2007-08-08,48.52000045776367,48.52000045776367,45.619998931884766,46.279998779296875,29.94619369506836,7187700,TPR,yfinance,2026-02-10T05:10:38.179198+00:00
2007-08-09,45.68000030517578,46.880001068115234,43.380001068115234,44.150001525878906,28.56793785095215,6407800,TPR,yfinance,2026-02-10T05:10:38.179198+00:00
2007-08-10,42.5,46.15999984741211,40.77000045776367,44.9900016784668,29.11148452758789,7964300,TPR,yfinance,2026-02-10T05:10:38.179198+00:00
2007-08-13,46.61000061035156,47.0,45.220001220703125,45.88999938964844,29.69385528564453,4376800,TPR,yfinance,2026-02-10T05:10:38.179198+00:00
2007-08-14,45.41999816894531,45.880001068115234,43.599998474121094,43.93000030517578,28.425601959228516,4193800,TPR,yfinance,2026-02-10T05:10:38.179198+00:00
2007-08-15,43.599998474121094,44.720001220703125,43.060001373291016,43.400001525878906,28.08264923095703,3843000,TPR,yfinance,2026-02-10T05:10:38.179198+00:00
2007-08-16,42.34000015258789,44.4900016784668,41.0,43.41999816894531,28.09558868408203,8616400,TPR,yfinance,2026-02-10T05:10:38.179198+00:00
2007-08-17,44.70000076293945,46.0,42.970001220703125,44.31999969482422,28.67795181274414,9090800,TPR,yfinance,2026-02-10T05:10:38.179198+00:00
2007-08-20,44.33000183105469,45.95000076293945,43.970001220703125,44.529998779296875,28.813831329345703,3526500,TPR,yfinance,2026-02-10T05:10:38.179198+00:00
2007-08-21,44.279998779296875,44.630001068115234,42.25,43.790000915527344,28.335002899169922,7542700,TPR,yfinance,2026-02-10T05:10:38.179198+00:00
2007-08-22,44.0099983215332,44.619998931884766,42.97999954223633,43.66999816894531,28.257356643676758,5325100,TPR,yfinance,2026-02-10T05:10:38.179198+00:00
2007-08-23,43.66999816894531,44.650001525878906,43.5099983215332,44.13999938964844,28.56146812438965,3936000,TPR,yfinance,2026-02-10T05:10:38.179198+00:00
2007-08-24,43.72999954223633,45.06999969482422,43.599998474121094,45.0,29.117956161499023,3042300,TPR,yfinance,2026-02-10T05:10:38.179198+00:00
2007-08-27,44.939998626708984,44.970001220703125,42.75,42.790000915527344,27.687938690185547,5269700,TPR,yfinance,2026-02-10T05:10:38.179198+00:00
2007-08-28,42.720001220703125,42.790000915527344,41.400001525878906,41.459999084472656,26.82733154296875,6418200,TPR,yfinance,2026-02-10T05:10:38.179198+00:00
2007-08-29,41.470001220703125,42.0,40.290000915527344,41.880001068115234,27.0991153717041,8114200,TPR,yfinance,2026-02-10T05:10:38.179198+00:00
2007-08-30,41.720001220703125,43.4900016784668,41.0099983215332,43.029998779296875,27.84322738647461,6289100,TPR,yfinance,2026-02-10T05:10:38.179198+00:00
2007-08-31,43.58000183105469,45.0,43.58000183105469,44.529998779296875,28.813831329345703,5510000,TPR,yfinance,2026-02-10T05:10:38.179198+00:00
2007-09-04,44.11000061035156,44.70000076293945,44.0099983215332,44.439998626708984,28.755590438842773,4089400,TPR,yfinance,2026-02-10T05:10:38.179198+00:00
2007-09-05,43.900001525878906,46.63999938964844,43.7400016784668,45.810001373291016,29.642078399658203,7430300,TPR,yfinance,2026-02-10T05:10:38.179198+00:00
2007-09-06,46.119998931884766,46.36000061035156,45.22999954223633,45.95000076293945,29.732662200927734,4722800,TPR,yfinance,2026-02-10T05:10:38.179198+00:00
2007-09-07,44.70000076293945,45.75,43.599998474121094,44.66999816894531,28.9044189453125,6140800,TPR,yfinance,2026-02-10T05:10:38.179198+00:00
2007-09-10,45.0,45.150001525878906,43.2400016784668,43.93000030517578,28.425601959228516,4415700,TPR,yfinance,2026-02-10T05:10:38.179198+00:00
2007-09-11,43.95000076293945,45.970001220703125,43.810001373291016,45.880001068115234,29.687366485595703,5696500,TPR,yfinance,2026-02-10T05:10:38.179198+00:00
2007-09-12,45.130001068115234,46.400001525878906,45.0,46.0,29.765024185180664,4137300,TPR,yfinance,2026-02-10T05:10:38.179198+00:00
2007-09-13,46.279998779296875,47.7599983215332,45.86000061035156,47.47999954223633,30.722681045532227,6349800,TPR,yfinance,2026-02-10T05:10:38.179198+00:00
2007-09-14,46.9900016784668,48.2599983215332,46.540000915527344,47.939998626708984,31.02033042907715,3867600,TPR,yfinance,2026-02-10T05:10:38.179198+00:00
2007-09-17,47.43000030517578,47.599998474121094,45.93000030517578,46.52000045776367,30.101482391357422,4157900,TPR,yfinance,2026-02-10T05:10:38.179198+00:00
2007-09-18,46.7400016784668,47.97999954223633,45.959999084472656,47.83000183105469,30.949148178100586,4468300,TPR,yfinance,2026-02-10T05:10:38.179198+00:00
2007-09-19,48.70000076293945,50.95000076293945,48.41999816894531,50.06999969482422,32.39857864379883,7539600,TPR,yfinance,2026-02-10T05:10:38.179198+00:00
2007-09-20,49.650001525878906,50.0,48.349998474121094,48.72999954223633,31.5314884185791,3924100,TPR,yfinance,2026-02-10T05:10:38.179198+00:00
2007-09-21,48.84000015258789,49.540000915527344,47.97999954223633,48.279998779296875,31.24032211303711,3320600,TPR,yfinance,2026-02-10T05:10:38.179198+00:00
2007-09-24,48.619998931884766,49.02000045776367,47.34000015258789,47.66999816894531,30.845609664916992,3257700,TPR,yfinance,2026-02-10T05:10:38.179198+00:00
2007-09-25,46.95000076293945,47.130001068115234,46.11000061035156,46.959999084472656,30.386194229125977,4242700,TPR,yfinance,2026-02-10T05:10:38.179198+00:00
2007-09-26,47.27000045776367,47.61000061035156,46.119998931884766,46.9900016784668,30.40560531616211,2861900,TPR,yfinance,2026-02-10T05:10:38.179198+00:00
2007-09-27,46.97999954223633,48.029998779296875,46.5099983215332,47.599998474121094,30.800315856933594,2332800,TPR,yfinance,2026-02-10T05:10:38.179198+00:00
2007-09-28,47.5099983215332,48.220001220703125,46.97999954223633,47.27000045776367,30.586790084838867,1939500,TPR,yfinance,2026-02-10T05:10:38.179198+00:00
2007-10-01,47.81999969482422,47.81999969482422,46.130001068115234,47.06999969482422,30.457382202148438,4449700,TPR,yfinance,2026-02-10T05:10:38.179198+00:00
2007-10-02,47.0,47.470001220703125,46.7400016784668,47.20000076293945,30.54149055480957,3136100,TPR,yfinance,2026-02-10T05:10:38.179198+00:00
2007-10-03,47.29999923706055,47.29999923706055,46.599998474121094,46.91999816894531,30.360319137573242,3984700,TPR,yfinance,2026-02-10T05:10:38.179198+00:00
2007-10-04,46.91999816894531,47.11000061035156,45.59000015258789,45.959999084472656,29.73912811279297,3882700,TPR,yfinance,2026-02-10T05:10:38.179198+00:00
2007-10-05,46.619998931884766,47.88999938964844,46.36000061035156,47.41999816894531,30.683839797973633,4000800,TPR,yfinance,2026-02-10T05:10:38.179198+00:00
2007-10-08,47.4900016784668,47.619998931884766,46.150001525878906,46.650001525878906,30.185611724853516,1942200,TPR,yfinance,2026-02-10T05:10:38.179198+00:00
2007-10-09,46.650001525878906,46.75,44.599998474121094,45.099998474121094,29.182659149169922,7504500,TPR,yfinance,2026-02-10T05:10:38.179198+00:00
2007-10-10,44.7400016784668,45.72999954223633,44.720001220703125,45.310001373291016,29.31855010986328,3265300,TPR,yfinance,2026-02-10T05:10:38.179198+00:00
2007-10-11,45.560001373291016,45.75,43.81999969482422,44.27000045776367,28.64558982849121,5931600,TPR,yfinance,2026-02-10T05:10:38.179198+00:00
2007-10-12,44.380001068115234,44.93000030517578,43.65999984741211,43.970001220703125,28.45146942138672,3982800,TPR,yfinance,2026-02-10T05:10:38.179198+00:00
2007-10-15,43.95000076293945,43.95000076293945,41.41999816894531,41.7400016784668,27.008512496948242,9506800,TPR,yfinance,2026-02-10T05:10:38.179198+00:00
2007-10-16,41.86000061035156,42.220001220703125,41.47999954223633,41.79999923706055,27.047344207763672,6410200,TPR,yfinance,2026-02-10T05:10:38.179198+00:00
2007-10-17,42.709999084472656,44.2400016784668,42.459999084472656,43.099998474121094,27.888519287109375,7854100,TPR,yfinance,2026-02-10T05:10:38.179198+00:00
2007-10-18,42.220001220703125,43.02000045776367,42.220001220703125,42.70000076293945,27.629697799682617,5491000,TPR,yfinance,2026-02-10T05:10:38.179198+00:00
2007-10-19,42.54999923706055,42.66999816894531,41.11000061035156,41.279998779296875,26.71087074279785,4942800,TPR,yfinance,2026-02-10T05:10:38.179198+00:00
2007-10-22,41.04999923706055,42.11000061035156,40.56999969482422,41.470001220703125,26.83380699157715,7805100,TPR,yfinance,2026-02-10T05:10:38.179198+00:00
2007-10-23,38.0,38.939998626708984,36.150001525878906,36.599998474121094,23.682592391967773,34057900,TPR,yfinance,2026-02-10T05:10:38.179198+00:00
2007-10-24,36.93000030517578,37.16999816894531,36.189998626708984,36.400001525878906,23.553184509277344,12567000,TPR,yfinance,2026-02-10T05:10:38.179198+00:00
2007-10-25,36.33000183105469,36.56999969482422,35.06999969482422,35.18000030517578,22.763765335083008,13755400,TPR,yfinance,2026-02-10T05:10:38.179198+00:00
2007-10-26,35.560001373291016,36.349998474121094,35.099998474121094,36.15999984741211,23.397890090942383,8459700,TPR,yfinance,2026-02-10T05:10:38.179198+00:00
2007-10-29,36.290000915527344,37.7400016784668,36.25,37.099998474121094,24.006139755249023,9737800,TPR,yfinance,2026-02-10T05:10:38.179198+00:00
2007-10-30,36.689998626708984,37.099998474121094,35.68000030517578,35.900001525878906,23.22966194152832,10623800,TPR,yfinance,2026-02-10T05:10:38.179198+00:00
2007-10-31,36.209999084472656,36.79999923706055,35.650001525878906,36.560001373291016,23.656715393066406,6796400,TPR,yfinance,2026-02-10T05:10:38.179198+00:00
2007-11-01,36.11000061035156,36.380001068115234,35.119998931884766,35.13999938964844,22.737884521484375,6730400,TPR,yfinance,2026-02-10T05:10:38.179198+00:00
2007-11-02,34.709999084472656,35.369998931884766,34.16999816894531,35.18000030517578,22.763765335083008,6298100,TPR,yfinance,2026-02-10T05:10:38.179198+00:00
2007-11-05,34.900001525878906,35.25,33.849998474121094,33.93000030517578,21.954936981201172,7666300,TPR,yfinance,2026-02-10T05:10:38.179198+00:00
2007-11-06,33.7400016784668,34.27000045776367,33.22999954223633,33.400001525878906,21.61198616027832,8606500,TPR,yfinance,2026-02-10T05:10:38.179198+00:00
2007-11-07,32.56999969482422,33.720001220703125,32.400001525878906,33.06999969482422,21.39845848083496,8949100,TPR,yfinance,2026-02-10T05:10:38.179198+00:00
2007-11-08,33.52000045776367,33.52000045776367,30.520000457763672,32.29999923706055,20.90021324157715,13212000,TPR,yfinance,2026-02-10T05:10:38.179198+00:00
2007-11-09,32.45000076293945,33.20000076293945,32.0,32.58000183105469,21.081401824951172,10539000,TPR,yfinance,2026-02-10T05:10:38.179198+00:00
2007-11-12,32.59000015258789,34.79999923706055,32.25,33.689998626708984,21.79963493347168,8342600,TPR,yfinance,2026-02-10T05:10:38.179198+00:00
2007-11-13,35.04999923706055,36.08000183105469,33.86000061035156,35.939998626708984,23.255537033081055,8553600,TPR,yfinance,2026-02-10T05:10:38.179198+00:00
2007-11-14,36.5,36.83000183105469,34.77000045776367,34.88999938964844,22.576120376586914,8351400,TPR,yfinance,2026-02-10T05:10:38.179198+00:00
2007-11-15,34.81999969482422,34.849998474121094,33.720001220703125,34.2599983215332,22.168472290039062,7411400,TPR,yfinance,2026-02-10T05:10:38.179198+00:00
2007-11-16,34.560001373291016,34.72999954223633,33.540000915527344,34.31999969482422,22.207290649414062,5728700,TPR,yfinance,2026-02-10T05:10:38.179198+00:00
2007-11-19,34.90999984741211,34.90999984741211,33.61000061035156,34.41999816894531,22.271997451782227,6765300,TPR,yfinance,2026-02-10T05:10:38.179198+00:00
2007-11-20,34.439998626708984,36.27000045776367,34.38999938964844,35.209999084472656,22.783184051513672,8259800,TPR,yfinance,2026-02-10T05:10:38.179198+00:00
2007-11-21,34.150001525878906,35.54999923706055,33.75,34.83000183105469,22.537294387817383,6207300,TPR,yfinance,2026-02-10T05:10:38.179198+00:00
2007-11-23,34.9900016784668,36.0,34.95000076293945,35.90999984741211,23.236127853393555,2075200,TPR,yfinance,2026-02-10T05:10:38.179198+00:00
2007-11-26,36.43000030517578,36.43000030517578,34.66999816894531,34.77000045776367,22.498462677001953,5316800,TPR,yfinance,2026-02-10T05:10:38.179198+00:00
2007-11-27,34.880001068115234,35.189998626708984,34.5099983215332,35.0,22.64729881286621,5136200,TPR,yfinance,2026-02-10T05:10:38.179198+00:00
2007-11-28,35.189998626708984,37.279998779296875,35.130001068115234,37.18000030517578,24.057903289794922,7237900,TPR,yfinance,2026-02-10T05:10:38.179198+00:00
2007-11-29,37.13999938964844,37.13999938964844,35.380001068115234,35.790000915527344,23.158479690551758,4640400,TPR,yfinance,2026-02-10T05:10:38.179198+00:00
2007-11-30,36.59000015258789,38.16999816894531,36.59000015258789,37.13999938964844,24.032012939453125,5567400,TPR,yfinance,2026-02-10T05:10:38.179198+00:00
2007-12-03,37.5,37.630001068115234,36.2599983215332,36.380001068115234,23.54024314880371,3369600,TPR,yfinance,2026-02-10T05:10:38.179198+00:00
2007-12-04,36.2400016784668,36.4900016784668,35.560001373291016,35.7400016784668,23.126127243041992,4238300,TPR,yfinance,2026-02-10T05:10:38.179198+00:00
2007-12-05,36.29999923706055,36.75,35.790000915527344,36.34000015258789,23.514366149902344,3687500,TPR,yfinance,2026-02-10T05:10:38.179198+00:00
2007-12-06,36.33000183105469,36.869998931884766,35.599998474121094,36.66999816894531,23.727882385253906,3264600,TPR,yfinance,2026-02-10T05:10:38.179198+00:00
2007-12-07,36.5099983215332,37.58000183105469,36.459999084472656,36.599998474121094,23.682592391967773,3159900,TPR,yfinance,2026-02-10T05:10:38.179198+00:00
2007-12-10,36.630001068115234,37.5,36.310001373291016,37.369998931884766,24.180849075317383,2631000,TPR,yfinance,2026-02-10T05:10:38.179198+00:00
2007-12-11,37.5,37.9900016784668,35.779998779296875,35.810001373291016,23.17142105102539,3946400,TPR,yfinance,2026-02-10T05:10:38.179198+00:00
2007-12-12,36.599998474121094,37.0,34.75,35.04999923706055,22.67963981628418,7378200,TPR,yfinance,2026-02-10T05:10:38.179198+00:00
2007-12-13,35.93000030517578,36.0,34.56999969482422,35.22999954223633,22.796112060546875,4707100,TPR,yfinance,2026-02-10T05:10:38.179198+00:00
2007-12-14,34.79999923706055,34.959999084472656,34.099998474121094,34.20000076293945,22.12965202331543,4207500,TPR,yfinance,2026-02-10T05:10:38.179198+00:00
2007-12-17,34.0,34.0,32.939998626708984,32.970001220703125,21.333751678466797,4570700,TPR,yfinance,2026-02-10T05:10:38.179198+00:00
2007-12-18,33.18000030517578,33.38999938964844,31.020000457763672,31.1299991607666,20.143150329589844,14260300,TPR,yfinance,2026-02-10T05:10:38.179198+00:00
2007-12-19,31.200000762939453,31.56999969482422,29.219999313354492,30.40999984741211,19.677257537841797,14077000,TPR,yfinance,2026-02-10T05:10:38.179198+00:00
2007-12-20,30.56999969482422,32.0,30.260000228881836,31.59000015258789,20.440799713134766,7343200,TPR,yfinance,2026-02-10T05:10:38.179198+00:00
2007-12-21,31.799999237060547,32.220001220703125,31.239999771118164,31.469999313354492,20.36315155029297,5242500,TPR,yfinance,2026-02-10T05:10:38.179198+00:00
2007-12-24,31.450000762939453,31.6299991607666,30.959999084472656,31.579999923706055,20.434322357177734,1731100,TPR,yfinance,2026-02-10T05:10:38.179198+00:00
2007-12-26,31.59000015258789,31.59000015258789,30.760000228881836,30.8799991607666,19.981386184692383,2957300,TPR,yfinance,2026-02-10T05:10:38.179198+00:00
2007-12-27,30.600000381469727,31.079999923706055,30.149999618530273,30.93000030517578,20.013734817504883,4798500,TPR,yfinance,2026-02-10T05:10:38.179198+00:00
2007-12-28,31.110000610351562,31.389999389648438,29.979999542236328,30.469999313354492,19.716087341308594,4903200,TPR,yfinance,2026-02-10T05:10:38.179198+00:00
2007-12-31,30.31999969482422,31.010000228881836,30.049999237060547,30.579999923706055,19.78727149963379,3791400,TPR,yfinance,2026-02-10T05:10:38.179198+00:00
2008-01-02,30.6200008392334,31.209999084472656,30.489999771118164,30.549999237060547,19.767850875854492,4939700,TPR,yfinance,2026-02-10T05:10:38.179198+00:00
2008-01-03,30.579999923706055,31.06999969482422,29.600000381469727,29.709999084472656,19.224319458007812,4992600,TPR,yfinance,2026-02-10T05:10:38.179198+00:00
2008-01-04,29.399999618530273,29.399999618530273,27.579999923706055,28.09000015258789,18.17607307434082,7573900,TPR,yfinance,2026-02-10T05:10:38.179198+00:00
2008-01-07,28.209999084472656,28.600000381469727,27.850000381469727,28.290000915527344,18.30548667907715,4898300,TPR,yfinance,2026-02-10T05:10:38.179198+00:00
2008-01-08,28.489999771118164,29.1299991607666,28.139999389648438,28.229999542236328,18.266660690307617,6142500,TPR,yfinance,2026-02-10T05:10:38.179198+00:00
2008-01-09,27.209999084472656,27.700000762939453,26.209999084472656,27.31999969482422,17.677833557128906,9526900,TPR,yfinance,2026-02-10T05:10:38.179198+00:00
2008-01-10,27.0,29.360000610351562,26.899999618530273,28.8700008392334,18.68077850341797,6965600,TPR,yfinance,2026-02-10T05:10:38.179198+00:00
2008-01-11,28.799999237060547,28.799999237060547,26.440000534057617,26.850000381469727,17.373708724975586,8946500,TPR,yfinance,2026-02-10T05:10:38.179198+00:00
2008-01-14,26.030000686645508,26.420000076293945,25.149999618530273,25.719999313354492,16.642526626586914,9743900,TPR,yfinance,2026-02-10T05:10:38.179198+00:00
2008-01-15,24.899999618530273,25.299999237060547,24.09000015258789,24.6200008392334,15.930754661560059,7912800,TPR,yfinance,2026-02-10T05:10:38.179198+00:00
2008-01-16,24.459999084472656,26.329999923706055,24.459999084472656,25.729999542236328,16.648996353149414,8053800,TPR,yfinance,2026-02-10T05:10:38.179198+00:00
2008-01-17,25.760000228881836,25.950000762939453,24.790000915527344,24.93000030517578,16.1313419342041,5802200,TPR,yfinance,2026-02-10T05:10:38.179198+00:00
2008-01-18,25.1200008392334,26.0,24.8799991607666,25.190000534057617,16.299583435058594,6020700,TPR,yfinance,2026-02-10T05:10:38.179198+00:00
2008-01-22,23.68000030517578,27.489999771118164,23.219999313354492,27.489999771118164,17.787830352783203,12259600,TPR,yfinance,2026-02-10T05:10:38.179198+00:00
2008-01-23,27.3700008392334,30.0,25.75,29.190000534057617,18.887840270996094,20884000,TPR,yfinance,2026-02-10T05:10:38.179198+00:00
2008-01-24,29.690000534057617,31.1299991607666,29.299999237060547,30.940000534057617,20.02021026611328,13720000,TPR,yfinance,2026-02-10T05:10:38.179198+00:00
2008-01-25,31.170000076293945,31.5,29.979999542236328,30.43000030517578,19.690208435058594,10410800,TPR,yfinance,2026-02-10T05:10:38.179198+00:00
2008-01-28,30.40999984741211,30.81999969482422,29.670000076293945,30.700000762939453,19.86490821838379,6619200,TPR,yfinance,2026-02-10T05:10:38.179198+00:00
2008-01-29,31.0,31.219999313354492,30.079999923706055,31.010000228881836,20.06549644470215,4823700,TPR,yfinance,2026-02-10T05:10:38.179198+00:00
2008-01-30,31.260000228881836,31.719999313354492,30.6200008392334,30.700000762939453,19.86490821838379,5452800,TPR,yfinance,2026-02-10T05:10:38.179198+00:00
2008-01-31,30.170000076293945,32.38999938964844,29.899999618530273,32.060001373291016,20.74492073059082,9334100,TPR,yfinance,2026-02-10T05:10:38.179198+00:00
2008-02-01,32.119998931884766,32.95000076293945,31.760000228881836,32.63999938964844,21.12021827697754,5754900,TPR,yfinance,2026-02-10T05:10:38.179198+00:00
2008-02-04,32.939998626708984,32.9900016784668,31.0,31.229999542236328,20.207857131958008,4287100,TPR,yfinance,2026-02-10T05:10:38.179198+00:00
2008-02-05,30.729999542236328,30.760000228881836,29.850000381469727,29.850000381469727,19.31490707397461,7887000,TPR,yfinance,2026-02-10T05:10:38.179198+00:00
2008-02-06,29.989999771118164,31.0,29.700000762939453,29.8700008392334,19.327842712402344,5765300,TPR,yfinance,2026-02-10T05:10:38.179198+00:00
2008-02-07,29.760000228881836,30.959999084472656,29.610000610351562,30.350000381469727,19.638437271118164,6521500,TPR,yfinance,2026-02-10T05:10:38.179198+00:00
2008-02-08,30.25,31.219999313354492,30.059999465942383,30.459999084472656,19.709617614746094,4914700,TPR,yfinance,2026-02-10T05:10:38.179198+00:00
2008-02-11,30.510000228881836,30.850000381469727,29.899999618530273,30.68000030517578,19.851966857910156,4940800,TPR,yfinance,2026-02-10T05:10:38.179198+00:00
2008-02-12,30.809999465942383,31.959999084472656,30.809999465942383,31.440000534057617,20.343738555908203,4747300,TPR,yfinance,2026-02-10T05:10:38.179198+00:00
2008-02-13,31.729999542236328,32.52000045776367,31.43000030517578,32.279998779296875,20.887279510498047,4040900,TPR,yfinance,2026-02-10T05:10:38.179198+00:00
2008-02-14,32.349998474121094,32.560001373291016,31.100000381469727,31.34000015258789,20.279043197631836,6766200,TPR,yfinance,2026-02-10T05:10:38.179198+00:00
2008-02-15,31.15999984741211,31.43000030517578,30.549999237060547,31.059999465942383,20.097858428955078,4230600,TPR,yfinance,2026-02-10T05:10:38.179198+00:00
2008-02-19,31.34000015258789,31.5,30.09000015258789,30.25,19.57373809814453,5124800,TPR,yfinance,2026-02-10T05:10:38.179198+00:00
2008-02-20,29.5,30.270000457763672,28.530000686645508,29.979999542236328,19.399030685424805,9158200,TPR,yfinance,2026-02-10T05:10:38.179198+00:00
2008-02-21,29.799999237060547,30.549999237060547,29.559999465942383,29.729999542236328,19.237262725830078,7175400,TPR,yfinance,2026-02-10T05:10:38.179198+00:00
2008-02-22,29.75,30.079999923706055,29.110000610351562,30.030000686645508,19.431381225585938,6082000,TPR,yfinance,2026-02-10T05:10:38.179198+00:00
2008-02-25,30.110000610351562,31.110000610351562,29.649999618530273,30.969999313354492,20.039615631103516,5756800,TPR,yfinance,2026-02-10T05:10:38.179198+00:00
2008-02-26,30.770000457763672,32.61000061035156,30.770000457763672,32.5,21.02962875366211,7934600,TPR,yfinance,2026-02-10T05:10:38.179198+00:00
2008-02-27,32.380001068115234,32.70000076293945,31.950000762939453,32.5099983215332,21.036094665527344,7609100,TPR,yfinance,2026-02-10T05:10:38.179198+00:00
2008-02-28,32.220001220703125,32.310001373291016,31.31999969482422,31.40999984741211,20.32432746887207,4024800,TPR,yfinance,2026-02-10T05:10:38.179198+00:00
2008-02-29,31.010000228881836,31.43000030517578,30.15999984741211,30.31999969482422,19.6190242767334,4295800,TPR,yfinance,2026-02-10T05:10:38.179198+00:00
2008-03-03,30.31999969482422,30.84000015258789,29.719999313354492,30.760000228881836,19.903738021850586,6580500,TPR,yfinance,2026-02-10T05:10:38.179198+00:00
2008-03-04,30.309999465942383,30.5,29.43000030517578,30.040000915527344,19.437854766845703,8863800,TPR,yfinance,2026-02-10T05:10:38.179198+00:00
2008-03-05,30.469999313354492,31.270000457763672,29.579999923706055,29.899999618530273,19.347259521484375,8635800,TPR,yfinance,2026-02-10T05:10:38.179198+00:00
2008-03-06,29.809999465942383,30.100000381469727,28.649999618530273,28.719999313354492,18.583724975585938,6004000,TPR,yfinance,2026-02-10T05:10:38.179198+00:00
2008-03-07,28.420000076293945,29.459999084472656,28.200000762939453,28.459999084472656,18.415481567382812,5296600,TPR,yfinance,2026-02-10T05:10:38.179198+00:00
2008-03-10,28.459999084472656,28.459999084472656,26.93000030517578,26.950000762939453,17.438411712646484,6651400,TPR,yfinance,2026-02-10T05:10:38.179198+00:00
2008-03-11,27.579999923706055,28.34000015258789,26.950000762939453,28.31999969482422,18.324901580810547,13285900,TPR,yfinance,2026-02-10T05:10:38.179198+00:00
2008-03-12,28.1299991607666,28.520000457763672,28.049999237060547,28.100000381469727,18.18254280090332,10912800,TPR,yfinance,2026-02-10T05:10:38.179198+00:00
2008-03-13,27.760000228881836,28.65999984741211,27.0,28.3799991607666,18.363712310791016,10333000,TPR,yfinance,2026-02-10T05:10:38.179198+00:00
2008-03-14,28.540000915527344,28.579999923706055,27.270000457763672,28.030000686645508,18.137248992919922,7715000,TPR,yfinance,2026-02-10T05:10:38.179198+00:00
2008-03-17,26.979999542236328,27.6299991607666,26.139999389648438,26.93000030517578,17.425474166870117,7756100,TPR,yfinance,2026-02-10T05:10:38.179198+00:00
2008-03-18,27.6200008392334,28.649999618530273,27.260000228881836,28.6200008392334,18.519014358520508,6592000,TPR,yfinance,2026-02-10T05:10:38.179198+00:00
2008-03-19,28.700000762939453,29.170000076293945,27.809999465942383,27.809999465942383,17.99489402770996,3860400,TPR,yfinance,2026-02-10T05:10:38.179198+00:00
2008-03-20,27.84000015258789,30.1200008392334,27.84000015258789,29.889999389648438,19.34078598022461,9501400,TPR,yfinance,2026-02-10T05:10:38.179198+00:00
2008-03-24,30.0,32.900001525878906,30.0,32.619998931884766,21.107282638549805,9326600,TPR,yfinance,2026-02-10T05:10:38.179198+00:00
2008-03-25,32.529998779296875,33.150001525878906,31.1299991607666,31.959999084472656,20.680217742919922,6842300,TPR,yfinance,2026-02-10T05:10:38.179198+00:00
2008-03-26,31.860000610351562,31.899999618530273,30.90999984741211,31.040000915527344,20.084909439086914,4622900,TPR,yfinance,2026-02-10T05:10:38.179198+00:00
2008-03-27,31.18000030517578,31.93000030517578,30.6200008392334,30.8799991607666,19.981386184692383,3369600,TPR,yfinance,2026-02-10T05:10:38.179198+00:00
2008-03-28,30.450000762939453,30.450000762939453,29.1200008392334,29.200000762939453,18.89432144165039,4805700,TPR,yfinance,2026-02-10T05:10:38.179198+00:00
2008-03-31,29.239999771118164,30.389999389648438,29.100000381469727,30.149999618530273,19.5090274810791,5936400,TPR,yfinance,2026-02-10T05:10:38.179198+00:00
2008-04-01,30.65999984741211,32.40999984741211,30.65999984741211,32.09000015258789,20.764331817626953,7290000,TPR,yfinance,2026-02-10T05:10:38.179198+00:00
2008-04-02,32.04999923706055,32.439998626708984,31.56999969482422,31.6299991607666,20.46668815612793,5296900,TPR,yfinance,2026-02-10T05:10:38.179198+00:00
2008-04-03,31.389999389648438,32.380001068115234,31.1299991607666,32.22999954223633,20.854923248291016,4161500,TPR,yfinance,2026-02-10T05:10:38.179198+00:00
2008-04-04,32.220001220703125,33.9900016784668,31.719999313354492,32.91999816894531,21.30139923095703,8761400,TPR,yfinance,2026-02-10T05:10:38.179198+00:00
2008-04-07,33.63999938964844,33.77000045776367,32.5,32.65999984741211,21.133159637451172,4808200,TPR,yfinance,2026-02-10T05:10:38.179198+00:00
2008-04-08,32.47999954223633,32.619998931884766,31.520000457763672,31.6200008392334,20.46021270751953,6322200,TPR,yfinance,2026-02-10T05:10:38.179198+00:00
2008-04-09,31.690000534057617,32.11000061035156,30.579999923706055,30.780000686645508,19.916677474975586,5495100,TPR,yfinance,2026-02-10T05:10:38.179198+00:00
2008-04-10,30.850000381469727,31.350000381469727,30.030000686645508,30.969999313354492,20.039615631103516,7858900,TPR,yfinance,2026-02-10T05:10:38.179198+00:00
2008-04-11,30.440000534057617,31.469999313354492,30.440000534057617,31.030000686645508,20.078447341918945,4053800,TPR,yfinance,2026-02-10T05:10:38.179198+00:00
2008-04-14,31.0,31.170000076293945,30.549999237060547,30.790000915527344,19.923147201538086,3408600,TPR,yfinance,2026-02-10T05:10:38.179198+00:00
2008-04-15,31.020000457763672,31.350000381469727,30.530000686645508,31.260000228881836,20.227272033691406,4661000,TPR,yfinance,2026-02-10T05:10:38.179198+00:00
2008-04-16,31.469999313354492,31.600000381469727,30.6200008392334,30.979999542236328,20.046085357666016,5274600,TPR,yfinance,2026-02-10T05:10:38.179198+00:00
2008-04-17,31.0,32.15999984741211,30.760000228881836,32.0,20.70609474182129,4004500,TPR,yfinance,2026-02-10T05:10:38.179198+00:00
2008-04-18,32.47999954223633,33.2400016784668,32.36000061035156,32.849998474121094,21.256105422973633,4838400,TPR,yfinance,2026-02-10T05:10:38.179198+00:00
2008-04-21,32.959999084472656,32.959999084472656,31.950000762939453,32.5,21.02962875366211,5209200,TPR,yfinance,2026-02-10T05:10:38.179198+00:00
2008-04-22,31.549999237060547,31.780000686645508,29.950000762939453,31.700000762939453,20.511978149414062,11523400,TPR,yfinance,2026-02-10T05:10:38.179198+00:00
2008-04-23,32.04999923706055,33.59000015258789,32.0099983215332,33.5,21.676698684692383,10779700,TPR,yfinance,2026-02-10T05:10:38.179198+00:00
2008-04-24,33.56999969482422,35.06999969482422,32.91999816894531,34.47999954223633,22.310819625854492,8741900,TPR,yfinance,2026-02-10T05:10:38.179198+00:00
2008-04-25,34.59000015258789,35.97999954223633,34.560001373291016,35.79999923706055,23.164953231811523,7050900,TPR,yfinance,2026-02-10T05:10:38.179198+00:00
2008-04-28,35.79999923706055,36.060001373291016,34.779998779296875,35.79999923706055,23.164953231811523,7434100,TPR,yfinance,2026-02-10T05:10:38.179198+00:00
2008-04-29,35.689998626708984,36.54999923706055,35.68000030517578,36.06999969482422,23.339658737182617,6233100,TPR,yfinance,2026-02-10T05:10:38.179198+00:00
2008-04-30,36.0,36.529998779296875,35.5099983215332,35.56999969482422,23.0161190032959,6932600,TPR,yfinance,2026-02-10T05:10:38.179198+00:00
2008-05-01,35.59000015258789,36.29999923706055,35.25,36.040000915527344,23.320247650146484,7030500,TPR,yfinance,2026-02-10T05:10:38.179198+00:00
2008-05-02,36.459999084472656,36.86000061035156,35.68000030517578,35.84000015258789,23.190826416015625,5003300,TPR,yfinance,2026-02-10T05:10:38.179198+00:00
2008-05-05,35.650001525878906,35.68000030517578,35.11000061035156,35.279998779296875,22.82847785949707,3258400,TPR,yfinance,2026-02-10T05:10:38.179198+00:00
2008-05-06,35.2400016784668,35.97999954223633,34.70000076293945,35.70000076293945,23.100238800048828,4377500,TPR,yfinance,2026-02-10T05:10:38.179198+00:00
2008-05-07,35.970001220703125,35.970001220703125,35.0,35.11000061035156,22.718469619750977,5594200,TPR,yfinance,2026-02-10T05:10:38.179198+00:00
2008-05-08,35.31999969482422,35.5,33.869998931884766,34.279998779296875,22.181406021118164,6556100,TPR,yfinance,2026-02-10T05:10:38.179198+00:00
2008-05-09,34.220001220703125,34.9900016784668,34.029998779296875,34.189998626708984,22.123172760009766,4628600,TPR,yfinance,2026-02-10T05:10:38.179198+00:00
2008-05-12,34.349998474121094,35.279998779296875,34.029998779296875,34.86000061035156,22.556711196899414,3362300,TPR,yfinance,2026-02-10T05:10:38.179198+00:00
2008-05-13,34.560001373291016,35.31999969482422,34.27000045776367,35.2400016784668,22.80258560180664,6055500,TPR,yfinance,2026-02-10T05:10:38.179198+00:00
2008-05-14,35.470001220703125,37.459999084472656,35.2400016784668,37.04999923706055,23.973773956298828,8677200,TPR,yfinance,2026-02-10T05:10:38.179198+00:00
2008-05-15,37.13999938964844,37.63999938964844,36.369998931884766,37.45000076293945,24.232595443725586,5219100,TPR,yfinance,2026-02-10T05:10:38.179198+00:00
2008-05-16,37.59000015258789,37.59000015258789,35.939998626708984,36.650001525878906,23.714950561523438,6493700,TPR,yfinance,2026-02-10T05:10:38.179198+00:00
2008-05-19,36.790000915527344,37.25,36.20000076293945,36.439998626708984,23.579065322875977,4035600,TPR,yfinance,2026-02-10T05:10:38.179198+00:00
2008-05-20,36.279998779296875,36.29999923706055,35.2400016784668,35.90999984741211,23.236127853393555,4737900,TPR,yfinance,2026-02-10T05:10:38.179198+00:00
2008-05-21,36.040000915527344,36.04999923706055,33.95000076293945,34.09000015258789,22.058469772338867,8495400,TPR,yfinance,2026-02-10T05:10:38.179198+00:00
2008-05-22,34.189998626708984,34.709999084472656,33.560001373291016,34.25,22.161996841430664,6653800,TPR,yfinance,2026-02-10T05:10:38.179198+00:00
2008-05-23,34.029998779296875,34.150001525878906,33.56999969482422,33.70000076293945,21.806110382080078,4678200,TPR,yfinance,2026-02-10T05:10:38.179198+00:00
2008-05-27,34.029998779296875,35.0,33.66999816894531,34.36000061035156,22.233169555664062,3956100,TPR,yfinance,2026-02-10T05:10:38.179198+00:00
2008-05-28,34.79999923706055,35.880001068115234,34.79999923706055,35.630001068115234,23.05493927001953,4752100,TPR,yfinance,2026-02-10T05:10:38.179198+00:00
2008-05-29,35.630001068115234,37.45000076293945,35.4900016784668,37.20000076293945,24.070838928222656,7752600,TPR,yfinance,2026-02-10T05:10:38.179198+00:00
2008-05-30,37.0099983215332,37.38999938964844,35.90999984741211,36.29999923706055,23.48848533630371,4908300,TPR,yfinance,2026-02-10T05:10:38.179198+00:00
2008-06-02,35.93000030517578,36.27000045776367,34.95000076293945,35.34000015258789,22.867292404174805,6108600,TPR,yfinance,2026-02-10T05:10:38.179198+00:00
2008-06-03,35.540000915527344,36.25,35.130001068115234,36.0099983215332,23.300832748413086,6429600,TPR,yfinance,2026-02-10T05:10:38.179198+00:00
2008-06-04,35.959999084472656,36.79999923706055,35.79999923706055,36.150001525878906,23.391414642333984,5577800,TPR,yfinance,2026-02-10T05:10:38.179198+00:00
2008-06-05,36.470001220703125,37.099998474121094,36.20000076293945,36.86000061035156,23.85084342956543,7306500,TPR,yfinance,2026-02-10T05:10:38.179198+00:00
2008-06-06,36.47999954223633,36.650001525878906,35.209999084472656,35.439998626708984,22.932004928588867,7928800,TPR,yfinance,2026-02-10T05:10:38.179198+00:00
2008-06-09,35.70000076293945,35.939998626708984,34.22999954223633,34.56999969482422,22.36906623840332,7218900,TPR,yfinance,2026-02-10T05:10:38.179198+00:00
2008-06-10,34.060001373291016,34.900001525878906,33.810001373291016,34.54999923706055,22.35611343383789,7935300,TPR,yfinance,2026-02-10T05:10:38.179198+00:00
2008-06-11,34.2400016784668,34.560001373291016,32.7599983215332,32.970001220703125,21.333751678466797,9448200,TPR,yfinance,2026-02-10T05:10:38.179198+00:00
2008-06-12,33.11000061035156,33.84000015258789,32.41999816894531,32.70000076293945,21.159040451049805,8096700,TPR,yfinance,2026-02-10T05:10:38.179198+00:00
2008-06-13,32.97999954223633,33.779998779296875,32.869998931884766,33.65999984741211,21.780227661132812,5125500,TPR,yfinance,2026-02-10T05:10:38.179198+00:00
2008-06-16,33.529998779296875,33.529998779296875,32.93000030517578,33.349998474121094,21.57963752746582,5040900,TPR,yfinance,2026-02-10T05:10:38.179198+00:00
2008-06-17,33.5,34.70000076293945,33.220001220703125,33.369998931884766,21.592578887939453,4015600,TPR,yfinance,2026-02-10T05:10:38.179198+00:00
2008-06-18,33.209999084472656,33.209999084472656,32.08000183105469,32.349998474121094,20.93256950378418,4604200,TPR,yfinance,2026-02-10T05:10:38.179198+00:00
2008-06-19,32.290000915527344,32.5,31.3700008392334,32.380001068115234,20.951974868774414,7206000,TPR,yfinance,2026-02-10T05:10:38.179198+00:00
2008-06-20,32.0099983215332,32.13999938964844,30.770000457763672,31.1299991607666,20.143150329589844,7602400,TPR,yfinance,2026-02-10T05:10:38.179198+00:00
2008-06-23,31.31999969482422,31.450000762939453,29.989999771118164,30.049999237060547,19.444320678710938,6211700,TPR,yfinance,2026-02-10T05:10:38.179198+00:00
2008-06-24,29.989999771118164,30.579999923706055,28.649999618530273,29.809999465942383,19.28902244567871,10488200,TPR,yfinance,2026-02-10T05:10:38.179198+00:00
2008-06-25,29.920000076293945,31.25,29.59000015258789,30.540000915527344,19.761375427246094,5188300,TPR,yfinance,2026-02-10T05:10:38.179198+00:00
2008-06-26,30.15999984741211,30.219999313354492,28.5,29.639999389648438,19.17902374267578,7113800,TPR,yfinance,2026-02-10T05:10:38.179198+00:00
2008-06-27,29.84000015258789,29.84000015258789,28.8799991607666,29.290000915527344,18.952550888061523,6276500,TPR,yfinance,2026-02-10T05:10:38.179198+00:00
2008-06-30,29.280000686645508,30.229999542236328,28.719999313354492,28.8799991607666,18.687253952026367,6344600,TPR,yfinance,2026-02-10T05:10:38.179198+00:00
2008-07-01,28.600000381469727,29.290000915527344,28.059999465942383,29.139999389648438,18.85548973083496,6406800,TPR,yfinance,2026-02-10T05:10:38.179198+00:00
2008-07-02,29.200000762939453,30.270000457763672,28.299999237060547,28.360000610351562,18.350778579711914,5901400,TPR,yfinance,2026-02-10T05:10:38.179198+00:00
2008-07-03,28.549999237060547,29.670000076293945,28.350000381469727,28.809999465942383,18.641956329345703,4156800,TPR,yfinance,2026-02-10T05:10:38.179198+00:00
2008-07-07,28.979999542236328,29.690000534057617,27.829999923706055,27.940000534057617,18.07901382446289,7948000,TPR,yfinance,2026-02-10T05:10:38.179198+00:00
2008-07-08,27.84000015258789,28.81999969482422,27.84000015258789,28.799999237060547,18.635486602783203,8198200,TPR,yfinance,2026-02-10T05:10:38.179198+00:00
2008-07-09,28.719999313354492,28.969999313354492,26.700000762939453,26.799999237060547,17.34135627746582,10900600,TPR,yfinance,2026-02-10T05:10:38.179198+00:00
2008-07-10,26.75,26.75,25.059999465942383,25.260000228881836,16.344879150390625,12566900,TPR,yfinance,2026-02-10T05:10:38.179198+00:00
2008-07-11,24.81999969482422,25.229999542236328,23.739999771118164,24.760000228881836,16.021345138549805,12691200,TPR,yfinance,2026-02-10T05:10:38.179198+00:00
2008-07-14,25.3799991607666,26.709999084472656,25.15999984741211,25.399999618530273,16.43546485900879,11572100,TPR,yfinance,2026-02-10T05:10:38.179198+00:00
2008-07-15,25.010000228881836,26.559999465942383,24.40999984741211,26.149999618530273,16.92076301574707,12537200,TPR,yfinance,2026-02-10T05:10:38.179198+00:00
2008-07-16,26.239999771118164,27.3799991607666,25.520000457763672,27.239999771118164,17.626062393188477,6704400,TPR,yfinance,2026-02-10T05:10:38.179198+00:00
2008-07-17,27.309999465942383,28.510000228881836,26.5,28.450000762939453,18.409019470214844,6496500,TPR,yfinance,2026-02-10T05:10:38.179198+00:00
2008-07-18,28.530000686645508,28.579999923706055,27.229999542236328,28.030000686645508,18.137248992919922,6366900,TPR,yfinance,2026-02-10T05:10:38.179198+00:00
2008-07-21,28.200000762939453,28.3700008392334,27.299999237060547,27.479999542236328,17.7813663482666,3897400,TPR,yfinance,2026-02-10T05:10:38.179198+00:00
2008-07-22,27.200000762939453,28.3700008392334,26.389999389648438,28.270000457763672,18.292545318603516,6379800,TPR,yfinance,2026-02-10T05:10:38.179198+00:00
2008-07-23,28.049999237060547,29.719999313354492,27.799999237060547,29.520000457763672,19.101377487182617,8482900,TPR,yfinance,2026-02-10T05:10:38.179198+00:00
2008-07-24,29.239999771118164,29.309999465942383,27.469999313354492,27.579999923706055,17.846067428588867,4905500,TPR,yfinance,2026-02-10T05:10:38.179198+00:00
2008-07-25,27.770000457763672,29.200000762939453,26.520000457763672,26.59000015258789,17.205472946166992,7035200,TPR,yfinance,2026-02-10T05:10:38.179198+00:00
2008-07-28,26.549999237060547,26.899999618530273,26.0,26.3799991607666,17.0695858001709,6571200,TPR,yfinance,2026-02-10T05:10:38.179198+00:00
2008-07-29,25.229999542236328,27.350000381469727,25.049999237060547,26.0,16.823705673217773,17345300,TPR,yfinance,2026-02-10T05:10:38.179198+00:00
2008-07-30,26.010000228881836,26.8799991607666,25.299999237060547,25.760000228881836,16.668407440185547,9709300,TPR,yfinance,2026-02-10T05:10:38.179198+00:00
2008-07-31,25.229999542236328,25.8799991607666,25.0,25.510000228881836,16.506641387939453,9196100,TPR,yfinance,2026-02-10T05:10:38.179198+00:00
2008-08-01,25.68000030517578,25.75,24.690000534057617,24.850000381469727,16.079580307006836,7340200,TPR,yfinance,2026-02-10T05:10:38.179198+00:00
2008-08-04,24.860000610351562,25.510000228881836,24.559999465942383,25.100000381469727,16.241352081298828,6161200,TPR,yfinance,2026-02-10T05:10:38.179198+00:00
2008-08-05,25.329999923706055,27.09000015258789,25.329999923706055,26.809999465942383,17.34782600402832,8794700,TPR,yfinance,2026-02-10T05:10:38.179198+00:00
2008-08-06,26.6200008392334,27.989999771118164,25.989999771118164,27.65999984741211,17.897830963134766,10435200,TPR,yfinance,2026-02-10T05:10:38.179198+00:00
2008-08-07,27.40999984741211,28.239999771118164,26.799999237060547,27.399999618530273,17.729598999023438,11232200,TPR,yfinance,2026-02-10T05:10:38.179198+00:00
2008-08-08,27.56999969482422,30.209999084472656,27.290000915527344,29.889999389648438,19.34078598022461,11156700,TPR,yfinance,2026-02-10T05:10:38.179198+00:00
2008-08-11,29.829999923706055,32.959999084472656,29.110000610351562,30.790000915527344,19.923147201538086,16411600,TPR,yfinance,2026-02-10T05:10:38.179198+00:00
2008-08-12,30.850000381469727,31.899999618530273,30.31999969482422,30.690000534057617,19.858442306518555,8824100,TPR,yfinance,2026-02-10T05:10:38.179198+00:00
2008-08-13,30.670000076293945,30.8799991607666,29.600000381469727,30.190000534057617,19.534910202026367,7937600,TPR,yfinance,2026-02-10T05:10:38.179198+00:00
2008-08-14,30.010000228881836,31.690000534057617,29.889999389648438,31.059999465942383,20.097858428955078,6233500,TPR,yfinance,2026-02-10T05:10:38.179198+00:00
2008-08-15,31.229999542236328,31.799999237060547,30.799999237060547,31.190000534057617,20.18198013305664,4673000,TPR,yfinance,2026-02-10T05:10:38.179198+00:00
2008-08-18,31.3799991607666,31.3799991607666,30.15999984741211,30.299999237060547,19.6060848236084,4483600,TPR,yfinance,2026-02-10T05:10:38.179198+00:00
2008-08-19,30.1200008392334,30.1200008392334,29.0,29.399999618530273,19.023727416992188,4968700,TPR,yfinance,2026-02-10T05:10:38.179198+00:00
2008-08-20,29.469999313354492,29.5,28.06999969482422,28.309999465942383,18.318431854248047,5715800,TPR,yfinance,2026-02-10T05:10:38.179198+00:00
2008-08-21,28.049999237060547,28.520000457763672,27.549999237060547,28.3700008392334,18.35724449157715,6626500,TPR,yfinance,2026-02-10T05:10:38.179198+00:00
2008-08-22,28.649999618530273,28.81999969482422,27.799999237060547,28.329999923706055,18.33136558532715,5920100,TPR,yfinance,2026-02-10T05:10:38.179198+00:00
2008-08-25,28.059999465942383,28.059999465942383,26.1299991607666,26.399999618530273,17.08253288269043,9352100,TPR,yfinance,2026-02-10T05:10:38.179198+00:00
2008-08-26,27.229999542236328,28.459999084472656,26.530000686645508,28.18000030517578,18.234302520751953,14233100,TPR,yfinance,2026-02-10T05:10:38.179198+00:00
2008-08-27,28.18000030517578,29.260000228881836,28.040000915527344,28.780000686645508,18.622549057006836,11484000,TPR,yfinance,2026-02-10T05:10:38.179198+00:00
2008-08-28,29.010000228881836,29.65999984741211,28.709999084472656,29.3700008392334,19.004322052001953,5892700,TPR,yfinance,2026-02-10T05:10:38.179198+00:00
2008-08-29,29.200000762939453,29.440000534057617,28.829999923706055,28.989999771118164,18.758424758911133,3693900,TPR,yfinance,2026-02-10T05:10:38.179198+00:00
2008-09-02,29.290000915527344,30.0,28.729999542236328,29.059999465942383,18.803728103637695,5982700,TPR,yfinance,2026-02-10T05:10:38.179198+00:00
2008-09-03,28.989999771118164,29.299999237060547,28.68000030517578,29.09000015258789,18.823139190673828,5735300,TPR,yfinance,2026-02-10T05:10:38.179198+00:00
2008-09-04,28.959999084472656,29.3799991607666,28.450000762939453,28.639999389648438,18.531959533691406,6021100,TPR,yfinance,2026-02-10T05:10:38.179198+00:00
2008-09-05,28.25,28.649999618530273,27.520000457763672,28.600000381469727,18.50608253479004,6247800,TPR,yfinance,2026-02-10T05:10:38.179198+00:00
2008-09-08,29.799999237060547,30.68000030517578,29.600000381469727,30.68000030517578,19.851966857910156,11670200,TPR,yfinance,2026-02-10T05:10:38.179198+00:00
2008-09-09,30.860000610351562,31.0,29.59000015258789,29.59000015258789,19.146665573120117,7582800,TPR,yfinance,2026-02-10T05:10:38.179198+00:00
2008-09-10,29.739999771118164,30.059999465942383,28.950000762939453,29.299999237060547,18.95901870727539,5473500,TPR,yfinance,2026-02-10T05:10:38.179198+00:00
2008-09-11,28.799999237060547,30.260000228881836,28.450000762939453,30.18000030517578,19.528440475463867,7057700,TPR,yfinance,2026-02-10T05:10:38.179198+00:00
2008-09-12,30.110000610351562,30.110000610351562,29.420000076293945,29.600000381469727,19.15314292907715,7841600,TPR,yfinance,2026-02-10T05:10:38.179198+00:00
2008-09-15,28.309999465942383,30.389999389648438,28.309999465942383,28.610000610351562,18.512542724609375,7453200,TPR,yfinance,2026-02-10T05:10:38.179198+00:00
2008-09-16,27.920000076293945,30.479999542236328,27.5,29.440000534057617,19.049604415893555,9196600,TPR,yfinance,2026-02-10T05:10:38.179198+00:00
2008-09-17,28.979999542236328,28.979999542236328,27.219999313354492,27.600000381469727,17.8590087890625,10166400,TPR,yfinance,2026-02-10T05:10:38.179198+00:00
2008-09-18,28.149999618530273,28.579999923706055,26.479999542236328,28.520000457763672,18.454301834106445,6917700,TPR,yfinance,2026-02-10T05:10:38.179198+00:00
2008-09-19,29.760000228881836,31.93000030517578,28.700000762939453,29.489999771118164,19.081958770751953,9692900,TPR,yfinance,2026-02-10T05:10:38.179198+00:00
2008-09-22,29.65999984741211,29.65999984741211,27.190000534057617,27.700000762939453,17.9237117767334,6274300,TPR,yfinance,2026-02-10T05:10:38.179198+00:00
2008-09-23,27.75,28.0,26.700000762939453,26.920000076293945,17.419004440307617,5585600,TPR,yfinance,2026-02-10T05:10:38.179198+00:00
2008-09-24,27.010000228881836,27.100000381469727,25.799999237060547,25.889999389648438,16.752525329589844,7518700,TPR,yfinance,2026-02-10T05:10:38.179198+00:00
2008-09-25,26.15999984741211,26.68000030517578,25.040000915527344,25.360000610351562,16.409576416015625,11373900,TPR,yfinance,2026-02-10T05:10:38.179198+00:00
2008-09-26,24.989999771118164,26.06999969482422,24.809999465942383,25.989999771118164,16.81723403930664,9505900,TPR,yfinance,2026-02-10T05:10:38.179198+00:00
2008-09-29,25.809999465942383,26.0,22.649999618530273,23.799999237060547,15.400157928466797,13376200,TPR,yfinance,2026-02-10T05:10:38.179198+00:00
2008-09-30,24.110000610351562,25.270000457763672,23.549999237060547,25.040000915527344,16.202526092529297,8320200,TPR,yfinance,2026-02-10T05:10:38.179198+00:00
2008-10-01,24.959999084472656,25.0,23.709999084472656,23.959999084472656,15.503687858581543,5852400,TPR,yfinance,2026-02-10T05:10:38.179198+00:00
2008-10-02,23.639999389648438,23.90999984741211,22.420000076293945,22.540000915527344,14.584861755371094,6898600,TPR,yfinance,2026-02-10T05:10:38.179198+00:00
2008-10-03,23.010000228881836,23.139999389648438,21.5,21.549999237060547,13.944259643554688,7015700,TPR,yfinance,2026-02-10T05:10:38.179198+00:00
2008-10-06,20.049999237060547,20.979999542236328,19.09000015258789,20.389999389648438,13.19366455078125,13783500,TPR,yfinance,2026-02-10T05:10:38.179198+00:00
2008-10-07,20.700000762939453,21.209999084472656,18.469999313354492,18.739999771118164,12.126008033752441,11543900,TPR,yfinance,2026-02-10T05:10:38.179198+00:00
2008-10-08,17.399999618530273,20.09000015258789,17.079999923706055,18.3799991607666,11.893064498901367,11295600,TPR,yfinance,2026-02-10T05:10:38.179198+00:00
2008-10-09,18.739999771118164,18.84000015258789,16.920000076293945,17.200000762939453,11.129528045654297,8619500,TPR,yfinance,2026-02-10T05:10:38.179198+00:00
2008-10-10,16.010000228881836,19.190000534057617,15.15999984741211,18.350000381469727,11.873653411865234,12301700,TPR,yfinance,2026-02-10T05:10:38.179198+00:00
2008-10-13,19.510000228881836,20.690000534057617,19.030000686645508,20.239999771118164,13.096607208251953,9623700,TPR,yfinance,2026-02-10T05:10:38.179198+00:00
2008-10-14,21.280000686645508,22.139999389648438,19.010000228881836,19.25,12.456009864807129,8926900,TPR,yfinance,2026-02-10T05:10:38.179198+00:00
2008-10-15,18.43000030517578,18.969999313354492,16.229999542236328,16.229999542236328,10.501874923706055,7620200,TPR,yfinance,2026-02-10T05:10:38.179198+00:00
2008-10-16,16.25,17.979999542236328,15.819999694824219,17.68000030517578,11.440117835998535,9259700,TPR,yfinance,2026-02-10T05:10:38.179198+00:00
2008-10-17,17.049999237060547,18.809999465942383,16.799999237060547,18.100000381469727,11.71188735961914,5949700,TPR,yfinance,2026-02-10T05:10:38.179198+00:00
2008-10-20,18.719999313354492,19.469999313354492,18.149999618530273,18.6299991607666,12.05483341217041,8630000,TPR,yfinance,2026-02-10T05:10:38.179198+00:00
2008-10-21,20.0,21.469999313354492,19.65999984741211,20.3700008392334,13.1807279586792,13843100,TPR,yfinance,2026-02-10T05:10:38.179198+00:00
2008-10-22,19.75,20.010000228881836,18.06999969482422,18.770000457763672,12.145419120788574,7209700,TPR,yfinance,2026-02-10T05:10:38.179198+00:00
2008-10-23,18.850000381469727,19.440000534057617,17.43000030517578,19.09000015258789,12.3524808883667,7825400,TPR,yfinance,2026-02-10T05:10:38.179198+00:00
2008-10-24,17.0,18.5,16.850000381469727,17.6299991607666,11.40776538848877,6693000,TPR,yfinance,2026-02-10T05:10:38.179198+00:00
2008-10-27,17.209999084472656,18.200000762939453,16.040000915527344,16.09000015258789,10.411283493041992,11446500,TPR,yfinance,2026-02-10T05:10:38.179198+00:00
2008-10-28,16.81999969482422,19.3799991607666,16.1200008392334,19.3799991607666,12.540127754211426,14696000,TPR,yfinance,2026-02-10T05:10:38.179198+00:00
2008-10-29,19.260000228881836,19.899999618530273,18.079999923706055,18.6299991607666,12.05483341217041,8345200,TPR,yfinance,2026-02-10T05:10:38.179198+00:00
2008-10-30,19.25,19.729999542236328,18.959999084472656,19.520000457763672,12.630718231201172,7668100,TPR,yfinance,2026-02-10T05:10:38.179198+00:00
2008-10-31,19.059999465942383,21.479999542236328,19.059999465942383,20.600000381469727,13.329548835754395,8241500,TPR,yfinance,2026-02-10T05:10:38.179198+00:00
2008-11-03,20.549999237060547,20.899999618530273,19.739999771118164,20.219999313354492,13.083664894104004,5156500,TPR,yfinance,2026-02-10T05:10:38.179198+00:00
2008-11-04,20.889999389648438,20.889999389648438,19.709999084472656,20.149999618530273,13.03836441040039,6472600,TPR,yfinance,2026-02-10T05:10:38.179198+00:00
2008-11-05,19.790000915527344,20.6200008392334,19.299999237060547,19.479999542236328,12.604835510253906,6066800,TPR,yfinance,2026-02-10T05:10:38.179198+00:00
2008-11-06,18.93000030517578,19.09000015258789,17.18000030517578,17.350000381469727,11.22658634185791,8811700,TPR,yfinance,2026-02-10T05:10:38.179198+00:00
2008-11-07,17.520000457763672,17.829999923706055,16.84000015258789,17.18000030517578,11.116584777832031,8987600,TPR,yfinance,2026-02-10T05:10:38.179198+00:00
2008-11-10,17.600000381469727,17.90999984741211,16.399999618530273,16.809999465942383,10.877171516418457,5239300,TPR,yfinance,2026-02-10T05:10:38.179198+00:00
2008-11-11,16.399999618530273,16.780000686645508,15.699999809265137,16.200000762939453,10.482460021972656,5534600,TPR,yfinance,2026-02-10T05:10:38.179198+00:00
2008-11-12,15.739999771118164,16.149999618530273,15.270000457763672,15.3100004196167,9.906571388244629,7405700,TPR,yfinance,2026-02-10T05:10:38.179198+00:00
2008-11-13,15.40999984741211,17.549999237060547,14.520000457763672,17.489999771118164,11.317174911499023,10103400,TPR,yfinance,2026-02-10T05:10:38.179198+00:00
2008-11-14,16.969999313354492,17.579999923706055,16.18000030517578,16.200000762939453,10.482460021972656,8450100,TPR,yfinance,2026-02-10T05:10:38.179198+00:00
2008-11-17,15.739999771118164,16.389999389648438,15.539999961853027,15.770000457763672,10.204221725463867,6406400,TPR,yfinance,2026-02-10T05:10:38.179198+00:00
2008-11-18,15.75,15.75,14.680000305175781,15.319999694824219,9.913041114807129,10094900,TPR,yfinance,2026-02-10T05:10:38.179198+00:00
2008-11-19,15.220000267028809,15.430000305175781,13.869999885559082,13.90999984741211,9.00068473815918,7214000,TPR,yfinance,2026-02-10T05:10:38.179198+00:00
2008-11-20,13.569999694824219,15.270000457763672,13.329999923706055,13.449999809265137,8.703033447265625,8697600,TPR,yfinance,2026-02-10T05:10:38.179198+00:00
2008-11-21,13.890000343322754,14.949999809265137,13.1899995803833,14.739999771118164,9.537745475769043,7506500,TPR,yfinance,2026-02-10T05:10:38.179198+00:00
2008-11-24,15.069999694824219,17.110000610351562,14.670000076293945,16.68000030517578,10.793054580688477,9726000,TPR,yfinance,2026-02-10T05:10:38.179198+00:00
2008-11-25,17.1299991607666,17.84000015258789,16.450000762939453,17.59000015258789,11.381882667541504,9157500,TPR,yfinance,2026-02-10T05:10:38.179198+00:00
2008-11-26,16.729999542236328,18.260000228881836,16.520000457763672,17.899999618530273,11.582476615905762,6051300,TPR,yfinance,2026-02-10T05:10:38.179198+00:00
2008-11-28,17.6299991607666,17.899999618530273,17.219999313354492,17.899999618530273,11.582476615905762,2351100,TPR,yfinance,2026-02-10T05:10:38.179198+00:00
2008-12-01,17.6200008392334,17.6200008392334,16.799999237060547,16.850000381469727,10.903055191040039,7190200,TPR,yfinance,2026-02-10T05:10:38.179198+00:00
2008-12-02,17.1299991607666,17.3700008392334,16.40999984741211,17.219999313354492,11.14246654510498,6974900,TPR,yfinance,2026-02-10T05:10:38.179198+00:00
2008-12-03,16.600000381469727,18.450000762939453,16.520000457763672,18.329999923706055,11.860710144042969,5651000,TPR,yfinance,2026-02-10T05:10:38.179198+00:00
2008-12-04,18.0,19.149999618530273,17.739999771118164,18.049999237060547,11.679533004760742,6845700,TPR,yfinance,2026-02-10T05:10:38.179198+00:00
2008-12-05,17.690000534057617,19.770000457763672,17.420000076293945,19.690000534057617,12.740723609924316,6769200,TPR,yfinance,2026-02-10T05:10:38.179198+00:00
2008-12-08,20.170000076293945,21.239999771118164,20.09000015258789,20.899999618530273,13.523672103881836,7667800,TPR,yfinance,2026-02-10T05:10:38.179198+00:00
2008-12-09,20.65999984741211,21.610000610351562,19.920000076293945,20.040000915527344,12.967192649841309,6575400,TPR,yfinance,2026-02-10T05:10:38.179198+00:00
2008-12-10,20.329999923706055,21.420000076293945,19.899999618530273,21.239999771118164,13.743671417236328,7264000,TPR,yfinance,2026-02-10T05:10:38.179198+00:00
2008-12-11,20.56999969482422,21.049999237060547,19.690000534057617,20.170000076293945,13.05131721496582,11845900,TPR,yfinance,2026-02-10T05:10:38.179198+00:00
2008-12-12,19.350000381469727,20.6200008392334,19.309999465942383,20.25,13.103081703186035,5056600,TPR,yfinance,2026-02-10T05:10:38.179198+00:00
2008-12-15,20.399999618530273,20.479999542236328,19.43000030517578,19.8700008392334,12.857198715209961,4343600,TPR,yfinance,2026-02-10T05:10:38.179198+00:00
2008-12-16,20.25,21.190000534057617,19.75,21.079999923706055,13.640145301818848,6502100,TPR,yfinance,2026-02-10T05:10:38.179198+00:00
2008-12-17,20.920000076293945,22.360000610351562,20.420000076293945,22.020000457763672,14.248383522033691,6196500,TPR,yfinance,2026-02-10T05:10:38.179198+00:00
2008-12-18,21.799999237060547,22.260000228881836,21.420000076293945,21.760000228881836,14.080145835876465,7063500,TPR,yfinance,2026-02-10T05:10:38.179198+00:00
2008-12-19,22.09000015258789,22.09000015258789,20.290000915527344,21.0,13.58837604522705,6969500,TPR,yfinance,2026-02-10T05:10:38.179198+00:00
2008-12-22,21.309999465942383,21.31999969482422,19.799999237060547,20.290000915527344,13.128961563110352,4014000,TPR,yfinance,2026-02-10T05:10:38.179198+00:00
2008-12-23,20.389999389648438,20.68000030517578,19.889999389648438,20.030000686645508,12.96072769165039,3168000,TPR,yfinance,2026-02-10T05:10:38.179198+00:00
2008-12-24,20.110000610351562,20.43000030517578,19.899999618530273,20.360000610351562,13.174250602722168,1157200,TPR,yfinance,2026-02-10T05:10:38.179198+00:00
2008-12-26,20.489999771118164,20.93000030517578,20.170000076293945,20.360000610351562,13.174250602722168,1389800,TPR,yfinance,2026-02-10T05:10:38.179198+00:00
2008-12-29,20.420000076293945,20.420000076293945,19.5,19.760000228881836,12.786012649536133,3420700,TPR,yfinance,2026-02-10T05:10:38.179198+00:00
2008-12-30,19.899999618530273,20.360000610351562,19.790000915527344,20.360000610351562,13.174250602722168,3549200,TPR,yfinance,2026-02-10T05:10:38.179198+00:00
2008-12-31,20.34000015258789,20.989999771118164,20.31999969482422,20.770000457763672,13.439553260803223,3055900,TPR,yfinance,2026-02-10T05:10:38.179198+00:00
2009-01-02,20.84000015258789,22.170000076293945,20.479999542236328,22.020000457763672,14.248383522033691,4016700,TPR,yfinance,2026-02-10T05:10:38.179198+00:00
2009-01-05,21.850000381469727,22.1200008392334,21.200000762939453,21.899999618530273,14.170735359191895,5743400,TPR,yfinance,2026-02-10T05:10:38.179198+00:00
2009-01-06,21.719999313354492,22.459999084472656,21.100000381469727,21.90999984741211,14.17720890045166,5864300,TPR,yfinance,2026-02-10T05:10:38.179198+00:00
2009-01-07,21.5,21.709999084472656,21.1200008392334,21.559999465942383,13.95073127746582,7888400,TPR,yfinance,2026-02-10T05:10:38.179198+00:00
2009-01-08,21.18000030517578,21.18000030517578,19.889999389648438,20.899999618530273,13.523672103881836,10547100,TPR,yfinance,2026-02-10T05:10:38.179198+00:00
2009-01-09,19.420000076293945,19.450000762939453,18.010000228881836,18.110000610351562,11.718356132507324,15290100,TPR,yfinance,2026-02-10T05:10:38.179198+00:00
2009-01-12,18.030000686645508,18.40999984741211,17.15999984741211,17.260000228881836,11.168354034423828,9099400,TPR,yfinance,2026-02-10T05:10:38.179198+00:00
2009-01-13,17.239999771118164,17.68000030517578,16.940000534057617,17.18000030517578,11.116584777832031,8726900,TPR,yfinance,2026-02-10T05:10:38.179198+00:00
2009-01-14,16.520000457763672,16.700000762939453,16.0,16.049999237060547,10.38540267944336,10419800,TPR,yfinance,2026-02-10T05:10:38.179198+00:00
2009-01-15,16.059999465942383,17.270000457763672,15.800000190734863,16.809999465942383,10.877171516418457,11344400,TPR,yfinance,2026-02-10T05:10:38.179198+00:00
2009-01-16,17.1200008392334,17.299999237060547,16.350000381469727,17.0,11.000113487243652,6366600,TPR,yfinance,2026-02-10T05:10:38.179198+00:00
2009-01-20,17.0,17.149999618530273,15.789999961853027,15.869999885559082,10.268930435180664,8489000,TPR,yfinance,2026-02-10T05:10:38.179198+00:00
2009-01-21,16.229999542236328,16.489999771118164,13.369999885559082,14.720000267028809,9.524802207946777,20653000,TPR,yfinance,2026-02-10T05:10:38.179198+00:00
2009-01-22,14.470000267028809,14.989999771118164,13.979999542236328,14.4399995803833,9.343626976013184,10047400,TPR,yfinance,2026-02-10T05:10:38.179198+00:00
2009-01-23,14.100000381469727,14.609999656677246,14.010000228881836,14.399999618530273,9.317743301391602,8617500,TPR,yfinance,2026-02-10T05:10:38.179198+00:00
2009-01-26,14.25,15.130000114440918,14.109999656677246,14.479999542236328,9.369510650634766,7207900,TPR,yfinance,2026-02-10T05:10:38.179198+00:00
2009-01-27,14.5,14.829999923706055,14.09000015258789,14.319999694824219,9.265979766845703,6394700,TPR,yfinance,2026-02-10T05:10:38.179198+00:00
2009-01-28,14.819999694824219,15.930000305175781,14.520000457763672,15.380000114440918,9.951869010925293,8111500,TPR,yfinance,2026-02-10T05:10:38.179198+00:00
2009-01-29,15.09000015258789,15.239999771118164,14.739999771118164,14.850000381469727,9.60892391204834,5593700,TPR,yfinance,2026-02-10T05:10:38.179198+00:00
2009-01-30,14.920000076293945,15.140000343322754,14.479999542236328,14.600000381469727,9.447160720825195,10817400,TPR,yfinance,2026-02-10T05:10:38.179198+00:00
2009-02-02,14.380000114440918,14.569999694824219,13.649999618530273,13.970000267028809,9.039506912231445,8859500,TPR,yfinance,2026-02-10T05:10:38.179198+00:00
2009-02-03,13.8100004196167,15.050000190734863,13.649999618530273,14.819999694824219,9.58951187133789,9449400,TPR,yfinance,2026-02-10T05:10:38.179198+00:00
2009-02-04,14.90999984741211,15.050000190734863,14.430000305175781,14.640000343322754,9.473041534423828,5858900,TPR,yfinance,2026-02-10T05:10:38.179198+00:00
2009-02-05,14.65999984741211,15.289999961853027,14.600000381469727,14.90999984741211,9.647745132446289,8780800,TPR,yfinance,2026-02-10T05:10:38.179198+00:00
2009-02-06,15.180000305175781,16.200000762939453,14.869999885559082,15.869999885559082,10.268930435180664,8041100,TPR,yfinance,2026-02-10T05:10:38.179198+00:00
2009-02-09,15.890000343322754,16.010000228881836,14.979999542236328,15.130000114440918,9.7901029586792,7981500,TPR,yfinance,2026-02-10T05:10:38.179198+00:00
2009-02-10,14.979999542236328,15.260000228881836,14.140000343322754,14.3100004196167,9.259507179260254,7230900,TPR,yfinance,2026-02-10T05:10:38.179198+00:00
2009-02-11,14.449999809265137,14.720000267028809,13.880000114440918,14.199999809265137,9.188333511352539,6279000,TPR,yfinance,2026-02-10T05:10:38.179198+00:00
2009-02-12,14.199999809265137,14.380000114440918,13.720000267028809,14.289999961853027,9.246566772460938,6026600,TPR,yfinance,2026-02-10T05:10:38.179198+00:00
2009-02-13,14.199999809265137,14.489999771118164,13.90999984741211,13.970000267028809,9.039506912231445,3864500,TPR,yfinance,2026-02-10T05:10:38.179198+00:00
2009-02-17,13.510000228881836,14.270000457763672,13.329999923706055,13.970000267028809,9.039506912231445,8893900,TPR,yfinance,2026-02-10T05:10:38.179198+00:00
2009-02-18,14.239999771118164,14.369999885559082,13.4399995803833,13.670000076293945,8.84538745880127,6269500,TPR,yfinance,2026-02-10T05:10:38.179198+00:00
2009-02-19,13.819999694824219,14.15999984741211,13.5600004196167,13.75,8.897149085998535,5518700,TPR,yfinance,2026-02-10T05:10:38.179198+00:00
2009-02-20,13.470000267028809,14.0,13.359999656677246,13.739999771118164,8.8906831741333,7029600,TPR,yfinance,2026-02-10T05:10:38.179198+00:00
2009-02-23,13.869999885559082,14.029999732971191,13.260000228881836,13.359999656677246,8.644796371459961,8261700,TPR,yfinance,2026-02-10T05:10:38.179198+00:00
2009-02-24,13.5,14.40999984741211,13.220000267028809,14.270000457763672,9.233626365661621,8144300,TPR,yfinance,2026-02-10T05:10:38.179198+00:00
2009-02-25,14.1899995803833,14.539999961853027,13.550000190734863,13.859999656677246,8.968326568603516,10091200,TPR,yfinance,2026-02-10T05:10:38.179198+00:00
2009-02-26,14.09000015258789,14.489999771118164,13.5600004196167,13.59000015258789,8.793621063232422,7364500,TPR,yfinance,2026-02-10T05:10:38.179198+00:00
2009-02-27,13.380000114440918,14.369999885559082,13.380000114440918,13.979999542236328,9.045978546142578,8038300,TPR,yfinance,2026-02-10T05:10:38.179198+00:00
2009-03-02,13.550000190734863,13.920000076293945,12.960000038146973,13.0,8.411852836608887,6847400,TPR,yfinance,2026-02-10T05:10:38.179198+00:00
2009-03-03,13.220000267028809,13.390000343322754,12.710000038146973,13.010000228881836,8.41832160949707,9922400,TPR,yfinance,2026-02-10T05:10:38.179198+00:00
2009-03-04,13.3100004196167,13.630000114440918,13.029999732971191,13.369999885559082,8.651266098022461,7001300,TPR,yfinance,2026-02-10T05:10:38.179198+00:00
2009-03-05,13.029999732971191,13.479999542236328,12.15999984741211,12.279999732971191,7.945964813232422,8405300,TPR,yfinance,2026-02-10T05:10:38.179198+00:00
2009-03-06,12.460000038146973,12.460000038146973,11.40999984741211,11.800000190734863,7.635372638702393,12831500,TPR,yfinance,2026-02-10T05:10:38.179198+00:00
2009-03-09,11.609999656677246,11.979999542236328,11.460000038146973,11.729999542236328,7.5900797843933105,11392800,TPR,yfinance,2026-02-10T05:10:38.179198+00:00
2009-03-10,11.869999885559082,13.210000038146973,11.869999885559082,13.149999618530273,8.508913040161133,8769500,TPR,yfinance,2026-02-10T05:10:38.179198+00:00
2009-03-11,12.989999771118164,14.350000381469727,12.890000343322754,13.989999771118164,9.052446365356445,10618200,TPR,yfinance,2026-02-10T05:10:38.179198+00:00
2009-03-12,13.920000076293945,14.579999923706055,13.729999542236328,14.460000038146973,9.356565475463867,8475600,TPR,yfinance,2026-02-10T05:10:38.179198+00:00
2009-03-13,14.550000190734863,14.789999961853027,14.0600004196167,14.6899995803833,9.505393028259277,7008900,TPR,yfinance,2026-02-10T05:10:38.179198+00:00
2009-03-16,14.899999618530273,14.899999618530273,14.350000381469727,14.350000381469727,9.285390853881836,5256500,TPR,yfinance,2026-02-10T05:10:38.179198+00:00
2009-03-17,14.350000381469727,15.270000457763672,14.029999732971191,15.270000457763672,9.880687713623047,5329300,TPR,yfinance,2026-02-10T05:10:38.179198+00:00
2009-03-18,15.170000076293945,16.100000381469727,14.970000267028809,15.800000190734863,10.223634719848633,7863100,TPR,yfinance,2026-02-10T05:10:38.179198+00:00
2009-03-19,15.90999984741211,15.9399995803833,15.289999961853027,15.609999656677246,10.100690841674805,5550300,TPR,yfinance,2026-02-10T05:10:38.179198+00:00
2009-03-20,15.640000343322754,15.880000114440918,14.84000015258789,15.029999732971191,9.725396156311035,7612700,TPR,yfinance,2026-02-10T05:10:38.179198+00:00
2009-03-23,15.550000190734863,16.540000915527344,15.130000114440918,16.510000228881836,10.68305492401123,5339700,TPR,yfinance,2026-02-10T05:10:38.179198+00:00
2009-03-24,16.270000457763672,17.15999984741211,16.15999984741211,16.799999237060547,10.870702743530273,7341200,TPR,yfinance,2026-02-10T05:10:38.179198+00:00
2009-03-25,17.010000228881836,17.719999313354492,16.489999771118164,17.18000030517578,11.116584777832031,10338400,TPR,yfinance,2026-02-10T05:10:38.179198+00:00
2009-03-26,17.260000228881836,18.0,17.260000228881836,17.760000228881836,11.491884231567383,5677700,TPR,yfinance,2026-02-10T05:10:38.179198+00:00
2009-03-27,17.420000076293945,17.760000228881836,17.15999984741211,17.479999542236328,11.310701370239258,4144800,TPR,yfinance,2026-02-10T05:10:38.179198+00:00
2009-03-30,17.040000915527344,17.299999237060547,16.100000381469727,16.3700008392334,10.592462539672852,5676300,TPR,yfinance,2026-02-10T05:10:38.179198+00:00
2009-03-31,16.530000686645508,16.979999542236328,16.110000610351562,16.700000762939453,10.80599308013916,5238100,TPR,yfinance,2026-02-10T05:10:38.179198+00:00
2009-04-01,16.43000030517578,17.09000015258789,16.25,17.0,11.000113487243652,4295100,TPR,yfinance,2026-02-10T05:10:38.179198+00:00
2009-04-02,17.5,18.6200008392334,17.190000534057617,17.920000076293945,11.595413208007812,6807200,TPR,yfinance,2026-02-10T05:10:38.179198+00:00
2009-04-03,17.979999542236328,18.649999618530273,17.860000610351562,18.649999618530273,12.067774772644043,5191700,TPR,yfinance,2026-02-10T05:10:38.179198+00:00
2009-04-06,18.3700008392334,18.450000762939453,17.399999618530273,17.860000610351562,11.556589126586914,4718900,TPR,yfinance,2026-02-10T05:10:38.179198+00:00
2009-04-07,17.530000686645508,17.68000030517578,16.90999984741211,16.93000030517578,10.954818725585938,4759600,TPR,yfinance,2026-02-10T05:10:38.179198+00:00
2009-04-08,17.049999237060547,17.68000030517578,17.049999237060547,17.649999618530273,11.420706748962402,4716600,TPR,yfinance,2026-02-10T05:10:38.179198+00:00
2009-04-09,18.299999237060547,19.030000686645508,17.969999313354492,18.860000610351562,12.203656196594238,5377900,TPR,yfinance,2026-02-10T05:10:38.179198+00:00
2009-04-13,18.65999984741211,18.799999237060547,18.09000015258789,18.469999313354492,11.95129680633545,5745500,TPR,yfinance,2026-02-10T05:10:38.179198+00:00
2009-04-14,18.190000534057617,18.559999465942383,17.8799991607666,18.25,11.80894660949707,6791900,TPR,yfinance,2026-02-10T05:10:38.179198+00:00
2009-04-15,18.139999389648438,18.739999771118164,17.809999465942383,18.219999313354492,11.789532661437988,5938500,TPR,yfinance,2026-02-10T05:10:38.179198+00:00
2009-04-16,18.639999389648438,19.09000015258789,17.860000610351562,18.889999389648438,12.223068237304688,7332900,TPR,yfinance,2026-02-10T05:10:38.179198+00:00
2009-04-17,18.93000030517578,19.489999771118164,18.56999969482422,19.299999237060547,12.488360404968262,5133400,TPR,yfinance,2026-02-10T05:10:38.179198+00:00
2009-04-20,18.940000534057617,19.100000381469727,18.0,18.229999542236328,11.796002388000488,5280200,TPR,yfinance,2026-02-10T05:10:38.179198+00:00
2009-04-21,20.18000030517578,21.6200008392334,19.969999313354492,20.920000076293945,13.536609649658203,25609600,TPR,yfinance,2026-02-10T05:10:38.179198+00:00
2009-04-22,19.799999237060547,23.520000457763672,19.760000228881836,22.799999237060547,14.753097534179688,15073100,TPR,yfinance,2026-02-10T05:10:38.179198+00:00
2009-04-23,22.729999542236328,23.270000457763672,21.520000457763672,22.239999771118164,14.390738487243652,10639200,TPR,yfinance,2026-02-10T05:10:38.179198+00:00
2009-04-24,22.729999542236328,23.290000915527344,22.040000915527344,22.520000457763672,14.571919441223145,9847100,TPR,yfinance,2026-02-10T05:10:38.179198+00:00
2009-04-27,22.020000457763672,22.709999084472656,21.889999389648438,22.139999389648438,14.326037406921387,5845600,TPR,yfinance,2026-02-10T05:10:38.179198+00:00
2009-04-28,21.81999969482422,23.809999465942383,21.760000228881836,23.479999542236328,15.193097114562988,13185900,TPR,yfinance,2026-02-10T05:10:38.179198+00:00
2009-04-29,23.829999923706055,24.75,23.200000762939453,24.329999923706055,15.743101119995117,11100800,TPR,yfinance,2026-02-10T05:10:38.179198+00:00
2009-04-30,24.68000030517578,25.399999618530273,24.329999923706055,24.5,15.85310173034668,8280600,TPR,yfinance,2026-02-10T05:10:38.179198+00:00
2009-05-01,24.469999313354492,25.149999618530273,23.950000762939453,24.850000381469727,16.079580307006836,6561200,TPR,yfinance,2026-02-10T05:10:38.179198+00:00
2009-05-04,25.1299991607666,25.829999923706055,24.719999313354492,25.479999542236328,16.48723030090332,6312500,TPR,yfinance,2026-02-10T05:10:38.179198+00:00
2009-05-05,25.389999389648438,25.75,24.56999969482422,25.420000076293945,16.448408126831055,5514400,TPR,yfinance,2026-02-10T05:10:38.179198+00:00
2009-05-06,25.729999542236328,25.950000762939453,24.829999923706055,25.860000610351562,16.733118057250977,9172000,TPR,yfinance,2026-02-10T05:10:38.179198+00:00
2009-05-07,26.209999084472656,26.479999542236328,25.579999923706055,25.920000076293945,16.771942138671875,9755300,TPR,yfinance,2026-02-10T05:10:38.179198+00:00
2009-05-08,26.030000686645508,26.260000228881836,25.020000457763672,26.030000686645508,16.84311866760254,7331200,TPR,yfinance,2026-02-10T05:10:38.179198+00:00
2009-05-11,25.3700008392334,25.790000915527344,24.610000610351562,25.049999237060547,16.208986282348633,7269000,TPR,yfinance,2026-02-10T05:10:38.179198+00:00
2009-05-12,25.280000686645508,25.559999465942383,23.610000610351562,23.950000762939453,15.497227668762207,8808900,TPR,yfinance,2026-02-10T05:10:38.179198+00:00
2009-05-13,23.1200008392334,23.350000381469727,22.010000228881836,22.729999542236328,14.707802772521973,9597200,TPR,yfinance,2026-02-10T05:10:38.179198+00:00
2009-05-14,22.5,23.709999084472656,22.350000381469727,23.25,15.044271469116211,4980900,TPR,yfinance,2026-02-10T05:10:38.179198+00:00
2009-05-15,23.139999389648438,24.110000610351562,23.010000228881836,23.139999389648438,14.97309684753418,5974900,TPR,yfinance,2026-02-10T05:10:38.179198+00:00
2009-05-18,23.719999313354492,25.010000228881836,23.40999984741211,24.989999771118164,16.170166015625,7244400,TPR,yfinance,2026-02-10T05:10:38.179198+00:00
2009-05-19,25.0,25.649999618530273,24.469999313354492,25.0,16.1766357421875,6685200,TPR,yfinance,2026-02-10T05:10:38.179198+00:00
2009-05-20,25.299999237060547,25.989999771118164,24.479999542236328,24.59000015258789,15.911341667175293,6255700,TPR,yfinance,2026-02-10T05:10:38.179198+00:00
2009-05-21,24.18000030517578,24.809999465942383,23.690000534057617,24.09000015258789,15.587807655334473,5663500,TPR,yfinance,2026-02-10T05:10:38.179198+00:00
2009-05-22,24.219999313354492,24.739999771118164,23.559999465942383,24.350000381469727,15.75604248046875,3894600,TPR,yfinance,2026-02-10T05:10:38.179198+00:00
2009-05-26,24.25,25.829999923706055,24.170000076293945,25.510000228881836,16.506641387939453,6028800,TPR,yfinance,2026-02-10T05:10:38.179198+00:00
2009-05-27,25.559999465942383,26.40999984741211,25.309999465942383,25.450000762939453,16.467819213867188,5680700,TPR,yfinance,2026-02-10T05:10:38.179198+00:00
2009-05-28,25.989999771118164,26.09000015258789,24.65999984741211,25.40999984741211,16.44192886352539,4596400,TPR,yfinance,2026-02-10T05:10:38.179198+00:00
2009-05-29,25.549999237060547,26.309999465942383,25.549999237060547,26.270000457763672,16.9984130859375,4996600,TPR,yfinance,2026-02-10T05:10:38.179198+00:00
2009-06-01,26.809999465942383,28.739999771118164,26.459999084472656,28.360000610351562,18.350778579711914,7969300,TPR,yfinance,2026-02-10T05:10:38.179198+00:00
2009-06-02,28.510000228881836,28.510000228881836,27.3700008392334,27.899999618530273,18.053123474121094,7982200,TPR,yfinance,2026-02-10T05:10:38.179198+00:00
2009-06-03,27.540000915527344,27.989999771118164,27.190000534057617,27.690000534057617,17.91724967956543,6610400,TPR,yfinance,2026-02-10T05:10:38.179198+00:00
2009-06-04,27.690000534057617,27.690000534057617,26.309999465942383,26.940000534057617,17.479291915893555,10229800,TPR,yfinance,2026-02-10T05:10:38.179198+00:00
2009-06-05,27.280000686645508,27.959999084472656,26.43000030517578,26.920000076293945,17.46631622314453,6677900,TPR,yfinance,2026-02-10T05:10:38.179198+00:00
2009-06-08,26.809999465942383,27.100000381469727,26.110000610351562,26.829999923706055,17.407920837402344,4055900,TPR,yfinance,2026-02-10T05:10:38.179198+00:00
2009-06-09,27.0,28.100000381469727,26.829999923706055,27.940000534057617,18.128110885620117,5266200,TPR,yfinance,2026-02-10T05:10:38.179198+00:00
2009-06-10,28.270000457763672,28.520000457763672,27.170000076293945,27.850000381469727,18.06971549987793,5617000,TPR,yfinance,2026-02-10T05:10:38.179198+00:00
2009-06-11,27.93000030517578,27.969999313354492,26.709999084472656,26.790000915527344,17.381969451904297,5775900,TPR,yfinance,2026-02-10T05:10:38.179198+00:00
2009-06-12,26.40999984741211,26.559999465942383,25.219999313354492,26.1200008392334,16.947254180908203,7407900,TPR,yfinance,2026-02-10T05:10:38.179198+00:00
2009-06-15,25.690000534057617,26.950000762939453,25.530000686645508,26.829999923706055,17.407920837402344,7794600,TPR,yfinance,2026-02-10T05:10:38.179198+00:00
2009-06-16,26.90999984741211,27.399999618530273,26.030000686645508,26.239999771118164,17.025114059448242,7878400,TPR,yfinance,2026-02-10T05:10:38.179198+00:00
2009-06-17,26.200000762939453,26.75,25.549999237060547,26.270000457763672,17.044580459594727,5243600,TPR,yfinance,2026-02-10T05:10:38.179198+00:00
2009-06-18,26.110000610351562,26.25,25.059999465942383,25.440000534057617,16.50605583190918,5786700,TPR,yfinance,2026-02-10T05:10:38.179198+00:00
2009-06-19,25.75,26.360000610351562,25.600000381469727,26.239999771118164,17.025114059448242,4903800,TPR,yfinance,2026-02-10T05:10:38.179198+00:00
2009-06-22,26.200000762939453,26.979999542236328,25.75,26.459999084472656,17.167848587036133,7651400,TPR,yfinance,2026-02-10T05:10:38.179198+00:00
2009-06-23,26.489999771118164,26.530000686645508,25.020000457763672,25.1299991607666,16.30492401123047,6431500,TPR,yfinance,2026-02-10T05:10:38.179198+00:00
2009-06-24,25.479999542236328,26.020000457763672,25.139999389648438,25.360000610351562,16.454145431518555,5368800,TPR,yfinance,2026-02-10T05:10:38.179198+00:00
2009-06-25,25.3700008392334,26.3700008392334,25.290000915527344,26.239999771118164,17.025114059448242,3996400,TPR,yfinance,2026-02-10T05:10:38.179198+00:00
2009-06-26,26.170000076293945,27.239999771118164,26.15999984741211,26.93000030517578,17.472797393798828,4414300,TPR,yfinance,2026-02-10T05:10:38.179198+00:00
2009-06-29,27.059999465942383,27.15999984741211,26.40999984741211,26.59000015258789,17.252195358276367,3033200,TPR,yfinance,2026-02-10T05:10:38.179198+00:00
2009-06-30,26.56999969482422,27.280000686645508,26.530000686645508,26.8799991607666,17.440359115600586,4451500,TPR,yfinance,2026-02-10T05:10:38.179198+00:00
2009-07-01,27.110000610351562,27.799999237060547,26.979999542236328,27.040000915527344,17.544172286987305,5202200,TPR,yfinance,2026-02-10T05:10:38.179198+00:00
2009-07-02,26.670000076293945,27.040000915527344,25.799999237060547,25.799999237060547,16.739625930786133,5034100,TPR,yfinance,2026-02-10T05:10:38.179198+00:00
2009-07-06,25.610000610351562,25.8799991607666,24.790000915527344,25.18000030517578,16.337366104125977,6734900,TPR,yfinance,2026-02-10T05:10:38.179198+00:00
2009-07-07,25.270000457763672,25.270000457763672,23.969999313354492,24.030000686645508,15.591216087341309,6194100,TPR,yfinance,2026-02-10T05:10:38.179198+00:00
2009-07-08,24.1200008392334,24.420000076293945,23.709999084472656,24.200000762939453,15.701519012451172,8709600,TPR,yfinance,2026-02-10T05:10:38.179198+00:00
2009-07-09,24.329999923706055,24.579999923706055,23.600000381469727,23.860000610351562,15.480916976928711,5696800,TPR,yfinance,2026-02-10T05:10:38.179198+00:00
2009-07-10,23.790000915527344,24.079999923706055,23.43000030517578,23.559999465942383,15.28626823425293,5802400,TPR,yfinance,2026-02-10T05:10:38.179198+00:00
2009-07-13,23.56999969482422,23.989999771118164,22.940000534057617,23.850000381469727,15.474424362182617,7239700,TPR,yfinance,2026-02-10T05:10:38.179198+00:00
2009-07-14,23.979999542236328,24.860000610351562,23.6200008392334,24.770000457763672,16.071338653564453,6027500,TPR,yfinance,2026-02-10T05:10:38.179198+00:00
2009-07-15,25.6200008392334,26.350000381469727,25.219999313354492,26.309999465942383,17.070533752441406,5876100,TPR,yfinance,2026-02-10T05:10:38.179198+00:00
2009-07-16,26.25,26.299999237060547,25.489999771118164,26.200000762939453,16.999164581298828,4530000,TPR,yfinance,2026-02-10T05:10:38.179198+00:00
2009-07-17,26.1299991607666,26.709999084472656,26.06999969482422,26.6299991607666,17.27815055847168,4035000,TPR,yfinance,2026-02-10T05:10:38.179198+00:00
2009-07-20,26.940000534057617,27.170000076293945,26.6200008392334,27.06999969482422,17.56363868713379,3023600,TPR,yfinance,2026-02-10T05:10:38.179198+00:00
2009-07-21,27.190000534057617,27.510000228881836,26.8799991607666,27.479999542236328,17.829652786254883,5072000,TPR,yfinance,2026-02-10T05:10:38.179198+00:00
2009-07-22,27.799999237060547,28.790000915527344,27.450000762939453,28.420000076293945,18.439544677734375,5337600,TPR,yfinance,2026-02-10T05:10:38.179198+00:00
2009-07-23,28.549999237060547,29.479999542236328,28.170000076293945,29.229999542236328,18.965097427368164,4940400,TPR,yfinance,2026-02-10T05:10:38.179198+00:00
2009-07-24,29.09000015258789,29.399999618530273,28.59000015258789,29.309999465942383,19.016998291015625,3454000,TPR,yfinance,2026-02-10T05:10:38.179198+00:00
2009-07-27,28.65999984741211,28.770000457763672,27.489999771118164,28.43000030517578,18.446027755737305,6936500,TPR,yfinance,2026-02-10T05:10:38.179198+00:00
2009-07-28,26.850000381469727,28.139999389648438,26.3700008392334,28.049999237060547,18.199474334716797,12525500,TPR,yfinance,2026-02-10T05:10:38.179198+00:00
2009-07-29,28.1299991607666,29.209999084472656,28.1200008392334,28.889999389648438,18.744491577148438,6633900,TPR,yfinance,2026-02-10T05:10:38.179198+00:00
2009-07-30,29.190000534057617,29.969999313354492,29.0,29.170000076293945,18.926166534423828,4619100,TPR,yfinance,2026-02-10T05:10:38.179198+00:00
2009-07-31,29.030000686645508,29.760000228881836,28.790000915527344,29.59000015258789,19.198671340942383,4142400,TPR,yfinance,2026-02-10T05:10:38.179198+00:00
2009-08-03,29.8799991607666,29.899999618530273,29.0,29.899999618530273,19.399810791015625,4975200,TPR,yfinance,2026-02-10T05:10:38.179198+00:00
2009-08-04,29.59000015258789,29.8799991607666,29.06999969482422,29.309999465942383,19.016998291015625,4060900,TPR,yfinance,2026-02-10T05:10:38.179198+00:00
2009-08-05,29.450000762939453,29.81999969482422,28.90999984741211,29.299999237060547,19.010513305664062,2426500,TPR,yfinance,2026-02-10T05:10:38.179198+00:00
2009-08-06,29.299999237060547,29.68000030517578,28.899999618530273,29.43000030517578,19.09486198425293,2420200,TPR,yfinance,2026-02-10T05:10:38.179198+00:00
2009-08-07,29.700000762939453,30.610000610351562,29.690000534057617,30.389999389648438,19.71773910522461,3667400,TPR,yfinance,2026-02-10T05:10:38.179198+00:00
2009-08-10,30.06999969482422,30.09000015258789,29.479999542236328,29.68000030517578,19.257062911987305,3341000,TPR,yfinance,2026-02-10T05:10:38.179198+00:00
2009-08-11,29.329999923706055,30.030000686645508,29.190000534057617,29.850000381469727,19.367361068725586,4262200,TPR,yfinance,2026-02-10T05:10:38.179198+00:00
2009-08-12,30.049999237060547,30.239999771118164,29.59000015258789,29.829999923706055,19.354381561279297,4551600,TPR,yfinance,2026-02-10T05:10:38.179198+00:00
2009-08-13,30.219999313354492,30.239999771118164,28.799999237060547,29.170000076293945,18.926166534423828,6997700,TPR,yfinance,2026-02-10T05:10:38.179198+00:00
2009-08-14,29.56999969482422,29.56999969482422,28.34000015258789,28.549999237060547,18.523900985717773,4953800,TPR,yfinance,2026-02-10T05:10:38.179198+00:00
2009-08-17,27.950000762939453,28.0,27.209999084472656,27.709999084472656,17.978891372680664,4248300,TPR,yfinance,2026-02-10T05:10:38.179198+00:00
2009-08-18,27.700000762939453,28.239999771118164,27.65999984741211,28.139999389648438,18.25787925720215,2535600,TPR,yfinance,2026-02-10T05:10:38.179198+00:00
2009-08-19,27.760000228881836,28.399999618530273,27.559999465942383,28.170000076293945,18.277341842651367,2651000,TPR,yfinance,2026-02-10T05:10:38.179198+00:00
2009-08-20,28.31999969482422,28.760000228881836,28.200000762939453,28.739999771118164,18.64716911315918,3095400,TPR,yfinance,2026-02-10T05:10:38.179198+00:00
2009-08-21,29.040000915527344,29.200000762939453,28.360000610351562,28.75,18.65365982055664,3293100,TPR,yfinance,2026-02-10T05:10:38.179198+00:00
2009-08-24,28.81999969482422,28.8799991607666,27.959999084472656,28.030000686645508,18.186513900756836,4433900,TPR,yfinance,2026-02-10T05:10:38.179198+00:00
2009-08-25,28.34000015258789,29.440000534057617,28.020000457763672,29.260000228881836,18.984556198120117,5193100,TPR,yfinance,2026-02-10T05:10:38.179198+00:00
2009-08-26,29.06999969482422,29.5,28.989999771118164,29.309999465942383,19.016998291015625,2696900,TPR,yfinance,2026-02-10T05:10:38.179198+00:00
2009-08-27,29.15999984741211,29.440000534057617,28.709999084472656,29.25,18.978065490722656,2371700,TPR,yfinance,2026-02-10T05:10:38.179198+00:00
2009-08-28,29.75,29.790000915527344,29.110000610351562,29.270000457763672,18.991046905517578,3296900,TPR,yfinance,2026-02-10T05:10:38.179198+00:00
2009-08-31,28.950000762939453,29.079999923706055,28.219999313354492,28.290000915527344,18.355199813842773,3240400,TPR,yfinance,2026-02-10T05:10:38.179198+00:00
2009-09-01,29.399999618530273,29.989999771118164,28.770000457763672,28.899999618530273,18.7509822845459,6201900,TPR,yfinance,2026-02-10T05:10:38.179198+00:00
2009-09-02,28.729999542236328,28.729999542236328,28.15999984741211,28.229999542236328,18.316267013549805,3861300,TPR,yfinance,2026-02-10T05:10:38.179198+00:00
2009-09-03,28.5,29.020000457763672,28.239999771118164,28.940000534057617,18.82695198059082,2787200,TPR,yfinance,2026-02-10T05:10:38.179198+00:00
2009-09-04,28.81999969482422,29.81999969482422,28.81999969482422,29.6299991607666,19.275833129882812,2338800,TPR,yfinance,2026-02-10T05:10:38.179198+00:00
2009-09-08,29.979999542236328,30.459999084472656,29.719999313354492,30.420000076293945,19.789772033691406,4512500,TPR,yfinance,2026-02-10T05:10:38.179198+00:00
2009-09-09,30.43000030517578,31.280000686645508,30.209999084472656,31.270000457763672,20.342735290527344,4869000,TPR,yfinance,2026-02-10T05:10:38.179198+00:00
2009-09-10,31.3700008392334,31.729999542236328,30.8799991607666,31.239999771118164,20.32322120666504,5340900,TPR,yfinance,2026-02-10T05:10:38.179198+00:00
2009-09-11,31.200000762939453,31.709999084472656,31.170000076293945,31.469999313354492,20.47284507751465,3457200,TPR,yfinance,2026-02-10T05:10:38.179198+00:00
2009-09-14,31.239999771118164,31.940000534057617,30.860000610351562,31.850000381469727,20.720062255859375,2951100,TPR,yfinance,2026-02-10T05:10:38.179198+00:00
2009-09-15,31.90999984741211,32.56999969482422,31.770000457763672,32.25,20.980283737182617,3297500,TPR,yfinance,2026-02-10T05:10:38.179198+00:00
2009-09-16,32.47999954223633,32.560001373291016,31.940000534057617,32.47999954223633,21.129907608032227,6025100,TPR,yfinance,2026-02-10T05:10:38.179198+00:00
2009-09-17,32.34000015258789,33.33000183105469,32.34000015258789,32.900001525878906,21.40313720703125,4713500,TPR,yfinance,2026-02-10T05:10:38.179198+00:00
2009-09-18,32.869998931884766,33.79999923706055,32.810001373291016,33.630001068115234,21.87803077697754,5184000,TPR,yfinance,2026-02-10T05:10:38.179198+00:00
2009-09-21,33.31999969482422,33.66999816894531,32.90999984741211,33.0099983215332,21.474700927734375,5195800,TPR,yfinance,2026-02-10T05:10:38.179198+00:00
2009-09-22,33.279998779296875,33.279998779296875,32.59000015258789,32.70000076293945,21.273029327392578,3928800,TPR,yfinance,2026-02-10T05:10:38.179198+00:00
2009-09-23,32.849998474121094,33.060001373291016,32.349998474121094,32.349998474121094,21.045331954956055,3309400,TPR,yfinance,2026-02-10T05:10:38.179198+00:00
2009-09-24,32.470001220703125,32.689998626708984,31.59000015258789,31.75,20.655006408691406,4023300,TPR,yfinance,2026-02-10T05:10:38.179198+00:00
2009-09-25,31.719999313354492,31.979999542236328,31.40999984741211,31.670000076293945,20.602962493896484,2501000,TPR,yfinance,2026-02-10T05:10:38.179198+00:00
2009-09-28,31.950000762939453,32.65999984741211,31.850000381469727,32.599998474121094,21.20797348022461,2094100,TPR,yfinance,2026-02-10T05:10:38.179198+00:00
2009-09-29,32.81999969482422,33.33000183105469,32.66999816894531,33.08000183105469,21.520235061645508,3042200,TPR,yfinance,2026-02-10T05:10:38.179198+00:00
2009-09-30,33.220001220703125,33.34000015258789,32.31999969482422,32.91999816894531,21.41615104675293,3660200,TPR,yfinance,2026-02-10T05:10:38.179198+00:00
2009-10-01,32.66999816894531,33.0,31.93000030517578,32.04999923706055,20.85017204284668,6368400,TPR,yfinance,2026-02-10T05:10:38.179198+00:00
2009-10-02,31.3700008392334,31.799999237060547,31.040000915527344,31.079999923706055,20.219135284423828,4348800,TPR,yfinance,2026-02-10T05:10:38.179198+00:00
2009-10-05,31.329999923706055,32.41999816894531,31.200000762939453,32.25,20.980283737182617,2978400,TPR,yfinance,2026-02-10T05:10:38.179198+00:00
2009-10-06,32.400001525878906,33.119998931884766,32.400001525878906,32.95000076293945,21.435659408569336,3945700,TPR,yfinance,2026-02-10T05:10:38.179198+00:00
2009-10-07,32.70000076293945,33.52000045776367,32.209999084472656,33.439998626708984,21.754426956176758,5192600,TPR,yfinance,2026-02-10T05:10:38.179198+00:00
2009-10-08,33.599998474121094,34.119998931884766,33.22999954223633,34.04999923706055,22.151277542114258,4674000,TPR,yfinance,2026-02-10T05:10:38.179198+00:00
2009-10-09,33.959999084472656,34.650001525878906,33.779998779296875,34.5,22.44401741027832,4170300,TPR,yfinance,2026-02-10T05:10:38.179198+00:00
2009-10-12,34.61000061035156,34.790000915527344,34.25,34.5,22.44401741027832,3406100,TPR,yfinance,2026-02-10T05:10:38.179198+00:00
2009-10-13,34.43000030517578,34.81999969482422,34.15999984741211,34.38999938964844,22.37245750427246,2627800,TPR,yfinance,2026-02-10T05:10:38.179198+00:00
2009-10-14,34.91999816894531,35.189998626708984,34.56999969482422,35.16999816894531,22.879886627197266,3373600,TPR,yfinance,2026-02-10T05:10:38.179198+00:00
2009-10-15,34.869998931884766,35.470001220703125,34.650001525878906,34.709999084472656,22.580631256103516,3953700,TPR,yfinance,2026-02-10T05:10:38.179198+00:00
2009-10-16,34.290000915527344,34.56999969482422,33.849998474121094,34.11000061035156,22.190303802490234,6369500,TPR,yfinance,2026-02-10T05:10:38.179198+00:00
2009-10-19,34.2400016784668,34.900001525878906,34.189998626708984,34.5099983215332,22.450523376464844,8554200,TPR,yfinance,2026-02-10T05:10:38.179198+00:00
2009-10-20,33.79999923706055,34.5,33.27000045776367,33.40999984741211,21.73491668701172,6653400,TPR,yfinance,2026-02-10T05:10:38.179198+00:00
2009-10-21,33.40999984741211,34.099998474121094,33.06999969482422,33.13999938964844,21.55927276611328,6056600,TPR,yfinance,2026-02-10T05:10:38.179198+00:00
2009-10-22,33.25,34.970001220703125,33.25,34.81999969482422,22.652198791503906,6331100,TPR,yfinance,2026-02-10T05:10:38.179198+00:00
2009-10-23,34.84000015258789,34.84000015258789,34.029998779296875,34.220001220703125,22.26186180114746,3367900,TPR,yfinance,2026-02-10T05:10:38.179198+00:00
2009-10-26,34.59000015258789,35.04999923706055,34.43000030517578,34.54999923706055,22.47654914855957,4714800,TPR,yfinance,2026-02-10T05:10:38.179198+00:00
2009-10-27,34.65999984741211,34.65999984741211,33.130001068115234,33.310001373291016,21.669857025146484,3582700,TPR,yfinance,2026-02-10T05:10:38.179198+00:00
2009-10-28,33.31999969482422,33.470001220703125,31.690000534057617,31.829999923706055,20.707048416137695,4369300,TPR,yfinance,2026-02-10T05:10:38.179198+00:00
2009-10-29,32.2400016784668,33.08000183105469,32.09000015258789,32.869998931884766,21.383617401123047,4246000,TPR,yfinance,2026-02-10T05:10:38.179198+00:00
2009-10-30,33.72999954223633,34.5,32.59000015258789,32.970001220703125,21.44867706298828,6329300,TPR,yfinance,2026-02-10T05:10:38.179198+00:00
2009-11-02,33.099998474121094,33.43000030517578,32.29999923706055,33.22999954223633,21.61781883239746,4891200,TPR,yfinance,2026-02-10T05:10:38.179198+00:00
2009-11-03,32.97999954223633,33.220001220703125,31.979999542236328,32.81999969482422,21.351091384887695,4906100,TPR,yfinance,2026-02-10T05:10:38.179198+00:00
2009-11-04,33.15999984741211,33.290000915527344,32.220001220703125,32.369998931884766,21.0583438873291,4054500,TPR,yfinance,2026-02-10T05:10:38.179198+00:00
2009-11-05,32.88999938964844,33.970001220703125,32.540000915527344,33.959999084472656,22.092721939086914,4356700,TPR,yfinance,2026-02-10T05:10:38.179198+00:00
2009-11-06,33.790000915527344,34.20000076293945,33.209999084472656,33.91999816894531,22.06670379638672,2881800,TPR,yfinance,2026-02-10T05:10:38.179198+00:00
2009-11-09,34.27000045776367,35.08000183105469,33.900001525878906,35.08000183105469,22.821334838867188,3201900,TPR,yfinance,2026-02-10T05:10:38.179198+00:00
2009-11-10,34.77000045776367,35.22999954223633,34.63999938964844,34.970001220703125,22.749780654907227,4015700,TPR,yfinance,2026-02-10T05:10:38.179198+00:00
2009-11-11,35.45000076293945,36.470001220703125,34.939998626708984,35.9900016784668,23.41333770751953,6334900,TPR,yfinance,2026-02-10T05:10:38.179198+00:00
2009-11-12,35.86000061035156,36.11000061035156,34.79999923706055,35.0,22.769298553466797,4441800,TPR,yfinance,2026-02-10T05:10:38.179198+00:00
2009-11-13,34.91999816894531,35.650001525878906,34.58000183105469,35.560001373291016,23.133602142333984,4856200,TPR,yfinance,2026-02-10T05:10:38.179198+00:00
2009-11-16,36.93000030517578,37.099998474121094,35.720001220703125,35.9900016784668,23.41333770751953,6793700,TPR,yfinance,2026-02-10T05:10:38.179198+00:00
2009-11-17,36.0,36.02000045776367,33.900001525878906,34.47999954223633,22.431011199951172,8763400,TPR,yfinance,2026-02-10T05:10:38.179198+00:00
2009-11-18,34.43000030517578,34.900001525878906,34.040000915527344,34.439998626708984,22.404985427856445,2912200,TPR,yfinance,2026-02-10T05:10:38.179198+00:00
2009-11-19,34.220001220703125,34.220001220703125,32.959999084472656,33.91999816894531,22.06670379638672,7214100,TPR,yfinance,2026-02-10T05:10:38.179198+00:00
2009-11-20,33.720001220703125,34.2400016784668,33.400001525878906,33.790000915527344,21.982135772705078,5894200,TPR,yfinance,2026-02-10T05:10:38.179198+00:00
2009-11-23,34.29999923706055,35.099998474121094,34.11000061035156,34.7599983215332,22.6131591796875,4809500,TPR,yfinance,2026-02-10T05:10:38.179198+00:00
2009-11-24,34.90999984741211,35.5,34.7599983215332,34.93000030517578,22.72376251220703,5177600,TPR,yfinance,2026-02-10T05:10:38.179198+00:00
2009-11-25,35.61000061035156,35.91999816894531,35.4900016784668,35.790000915527344,23.283226013183594,4202200,TPR,yfinance,2026-02-10T05:10:38.179198+00:00
2009-11-27,34.75,35.77000045776367,34.540000915527344,35.290000915527344,22.957950592041016,2158800,TPR,yfinance,2026-02-10T05:10:38.179198+00:00
2009-11-30,35.290000915527344,35.290000915527344,34.36000061035156,34.75,22.606653213500977,5465000,TPR,yfinance,2026-02-10T05:10:38.179198+00:00
2009-12-01,35.189998626708984,35.59000015258789,34.95000076293945,35.41999816894531,23.04252815246582,3321000,TPR,yfinance,2026-02-10T05:10:38.179198+00:00
2009-12-02,35.650001525878906,36.150001525878906,35.41999816894531,35.79999923706055,23.28974151611328,4230700,TPR,yfinance,2026-02-10T05:10:38.179198+00:00
2009-12-03,35.65999984741211,36.0,35.41999816894531,35.75,23.306034088134766,4085800,TPR,yfinance,2026-02-10T05:10:38.179198+00:00
2009-12-04,36.38999938964844,37.349998474121094,35.75,36.529998779296875,23.814525604248047,6980800,TPR,yfinance,2026-02-10T05:10:38.179198+00:00
2009-12-07,36.540000915527344,36.540000915527344,35.880001068115234,35.939998626708984,23.429895401000977,3847100,TPR,yfinance,2026-02-10T05:10:38.179198+00:00
2009-12-08,35.790000915527344,35.790000915527344,35.119998931884766,35.290000915527344,23.006153106689453,4270000,TPR,yfinance,2026-02-10T05:10:38.179198+00:00
2009-12-09,35.20000076293945,35.400001525878906,34.93000030517578,35.18000030517578,22.9344425201416,2944700,TPR,yfinance,2026-02-10T05:10:38.179198+00:00
2009-12-10,35.599998474121094,36.25,35.54999923706055,35.95000076293945,23.43641471862793,4555000,TPR,yfinance,2026-02-10T05:10:38.179198+00:00
2009-12-11,36.36000061035156,36.380001068115234,35.779998779296875,35.84000015258789,23.364709854125977,4018400,TPR,yfinance,2026-02-10T05:10:38.179198+00:00
2009-12-14,36.290000915527344,36.97999954223633,36.099998474121094,36.849998474121094,24.02313804626465,3031200,TPR,yfinance,2026-02-10T05:10:38.179198+00:00
2009-12-15,36.84000015258789,36.849998474121094,36.22999954223633,36.52000045776367,23.80801010131836,3107700,TPR,yfinance,2026-02-10T05:10:38.179198+00:00
2009-12-16,36.81999969482422,36.93000030517578,36.54999923706055,36.689998626708984,23.9188289642334,3241200,TPR,yfinance,2026-02-10T05:10:38.179198+00:00
2009-12-17,36.529998779296875,36.86000061035156,36.2400016784668,36.56999969482422,23.840600967407227,2541200,TPR,yfinance,2026-02-10T05:10:38.179198+00:00
2009-12-18,36.68000030517578,36.779998779296875,35.72999954223633,36.34000015258789,23.690670013427734,3509600,TPR,yfinance,2026-02-10T05:10:38.179198+00:00
2009-12-21,36.52000045776367,37.310001373291016,36.41999816894531,37.11000061035156,24.19264793395996,3180300,TPR,yfinance,2026-02-10T05:10:38.179198+00:00
2009-12-22,36.84000015258789,37.20000076293945,36.529998779296875,36.84000015258789,24.016624450683594,2381200,TPR,yfinance,2026-02-10T05:10:38.179198+00:00
2009-12-23,37.08000183105469,37.310001373291016,36.86000061035156,37.04999923706055,24.15351676940918,1561500,TPR,yfinance,2026-02-10T05:10:38.179198+00:00
2009-12-24,37.099998474121094,37.290000915527344,36.869998931884766,37.150001525878906,24.218711853027344,499000,TPR,yfinance,2026-02-10T05:10:38.179198+00:00
2009-12-28,37.15999984741211,37.36000061035156,37.02000045776367,37.16999816894531,24.23175621032715,1430100,TPR,yfinance,2026-02-10T05:10:38.179198+00:00
2009-12-29,37.310001373291016,37.310001373291016,36.59000015258789,36.790000915527344,23.984033584594727,2188900,TPR,yfinance,2026-02-10T05:10:38.179198+00:00
2009-12-30,36.66999816894531,37.029998779296875,36.650001525878906,36.970001220703125,24.10137367248535,1795400,TPR,yfinance,2026-02-10T05:10:38.179198+00:00
2009-12-31,37.150001525878906,37.150001525878906,36.5,36.529998779296875,23.814525604248047,1057600,TPR,yfinance,2026-02-10T05:10:38.179198+00:00
2010-01-04,36.88999938964844,36.88999938964844,36.11000061035156,36.310001373291016,23.671100616455078,3350600,TPR,yfinance,2026-02-10T05:10:38.179198+00:00
2010-01-05,36.34000015258789,37.279998779296875,35.88999938964844,36.75,23.95795249938965,3223400,TPR,yfinance,2026-02-10T05:10:38.179198+00:00
2010-01-06,36.650001525878906,37.56999969482422,36.56999969482422,37.470001220703125,24.427330017089844,2968300,TPR,yfinance,2026-02-10T05:10:38.179198+00:00
2010-01-07,37.58000183105469,37.959999084472656,37.290000915527344,37.4900016784668,24.44036865234375,2719200,TPR,yfinance,2026-02-10T05:10:38.179198+00:00
2010-01-08,37.220001220703125,37.349998474121094,36.880001068115234,37.27000045776367,24.296953201293945,3140000,TPR,yfinance,2026-02-10T05:10:38.179198+00:00
2010-01-11,37.459999084472656,38.5099983215332,37.459999084472656,38.31999969482422,24.981456756591797,4025800,TPR,yfinance,2026-02-10T05:10:38.179198+00:00
2010-01-12,38.099998474121094,38.650001525878906,37.75,38.599998474121094,25.163999557495117,5185900,TPR,yfinance,2026-02-10T05:10:38.179198+00:00
2010-01-13,38.54999923706055,38.54999923706055,37.7599983215332,38.27000045776367,24.948862075805664,3243900,TPR,yfinance,2026-02-10T05:10:38.179198+00:00
2010-01-14,38.209999084472656,38.33000183105469,37.18000030517578,37.5,24.44689178466797,4511700,TPR,yfinance,2026-02-10T05:10:38.179198+00:00
2010-01-15,37.540000915527344,37.84000015258789,36.63999938964844,36.790000915527344,23.984033584594727,6035800,TPR,yfinance,2026-02-10T05:10:38.179198+00:00
2010-01-19,37.119998931884766,37.529998779296875,36.70000076293945,37.45000076293945,24.414289474487305,5559200,TPR,yfinance,2026-02-10T05:10:38.179198+00:00
2010-01-20,35.20000076293945,35.900001525878906,34.9900016784668,35.349998474121094,23.04526138305664,15018700,TPR,yfinance,2026-02-10T05:10:38.179198+00:00
2010-01-21,35.31999969482422,35.380001068115234,33.4900016784668,34.099998474121094,22.230365753173828,10370300,TPR,yfinance,2026-02-10T05:10:38.179198+00:00
2010-01-22,33.84000015258789,34.540000915527344,33.529998779296875,34.040000915527344,22.191251754760742,7165100,TPR,yfinance,2026-02-10T05:10:38.179198+00:00
2010-01-25,34.349998474121094,34.709999084472656,33.72999954223633,34.09000015258789,22.223852157592773,5638200,TPR,yfinance,2026-02-10T05:10:38.179198+00:00
2010-01-26,34.06999969482422,35.0099983215332,33.90999984741211,34.61000061035156,22.562841415405273,5387200,TPR,yfinance,2026-02-10T05:10:38.179198+00:00
2010-01-27,34.560001373291016,35.16999816894531,34.369998931884766,35.0099983215332,22.82361602783203,5671200,TPR,yfinance,2026-02-10T05:10:38.179198+00:00
2010-01-28,35.11000061035156,35.369998931884766,34.650001525878906,34.869998931884766,22.732343673706055,6519600,TPR,yfinance,2026-02-10T05:10:38.179198+00:00
2010-01-29,34.97999954223633,35.36000061035156,34.72999954223633,34.880001068115234,22.738861083984375,5884100,TPR,yfinance,2026-02-10T05:10:38.179198+00:00
2010-02-01,35.0,35.36000061035156,34.83000183105469,35.27000045776367,22.993112564086914,3758600,TPR,yfinance,2026-02-10T05:10:38.179198+00:00
2010-02-02,35.290000915527344,35.77000045776367,35.099998474121094,35.72999954223633,23.293001174926758,4714200,TPR,yfinance,2026-02-10T05:10:38.179198+00:00
2010-02-03,35.31999969482422,35.61000061035156,34.97999954223633,35.4900016784668,23.136539459228516,4773900,TPR,yfinance,2026-02-10T05:10:38.179198+00:00
2010-02-04,35.099998474121094,35.34000015258789,34.16999816894531,34.470001220703125,22.47158432006836,5001800,TPR,yfinance,2026-02-10T05:10:38.179198+00:00
2010-02-05,33.599998474121094,34.38999938964844,32.959999084472656,34.31999969482422,22.373794555664062,8826100,TPR,yfinance,2026-02-10T05:10:38.179198+00:00
2010-02-08,34.25,34.83000183105469,33.900001525878906,34.189998626708984,22.28904151916504,3456500,TPR,yfinance,2026-02-10T05:10:38.179198+00:00
2010-02-09,34.709999084472656,34.84000015258789,34.279998779296875,34.70000076293945,22.621522903442383,3366100,TPR,yfinance,2026-02-10T05:10:38.179198+00:00
2010-02-10,34.619998931884766,35.0,34.33000183105469,34.72999954223633,22.64107894897461,2964900,TPR,yfinance,2026-02-10T05:10:38.179198+00:00
2010-02-11,34.70000076293945,35.689998626708984,34.43000030517578,35.380001068115234,23.06482696533203,4028700,TPR,yfinance,2026-02-10T05:10:38.179198+00:00
2010-02-12,35.0099983215332,35.529998779296875,34.61000061035156,35.470001220703125,23.12350082397461,4754500,TPR,yfinance,2026-02-10T05:10:38.179198+00:00
2010-02-16,35.689998626708984,36.310001373291016,35.25,36.18000030517578,23.586362838745117,3478900,TPR,yfinance,2026-02-10T05:10:38.179198+00:00
2010-02-17,36.439998626708984,36.439998626708984,35.77000045776367,36.04999923706055,23.501611709594727,4488800,TPR,yfinance,2026-02-10T05:10:38.179198+00:00
2010-02-18,35.83000183105469,36.5099983215332,35.79999923706055,36.439998626708984,23.755849838256836,3739300,TPR,yfinance,2026-02-10T05:10:38.179198+00:00
2010-02-19,36.2400016784668,36.5,36.02000045776367,36.380001068115234,23.716751098632812,3433900,TPR,yfinance,2026-02-10T05:10:38.179198+00:00
2010-02-22,36.439998626708984,36.939998626708984,36.380001068115234,36.560001373291016,23.83408546447754,4720200,TPR,yfinance,2026-02-10T05:10:38.179198+00:00
2010-02-23,36.40999984741211,36.7599983215332,36.130001068115234,36.560001373291016,23.83408546447754,4749100,TPR,yfinance,2026-02-10T05:10:38.179198+00:00
2010-02-24,36.63999938964844,37.209999084472656,36.439998626708984,37.18000030517578,24.23827362060547,4355700,TPR,yfinance,2026-02-10T05:10:38.179198+00:00
2010-02-25,36.599998474121094,36.849998474121094,36.20000076293945,36.689998626708984,23.9188289642334,5117500,TPR,yfinance,2026-02-10T05:10:38.179198+00:00
2010-02-26,36.709999084472656,37.099998474121094,36.41999816894531,36.439998626708984,23.755849838256836,3815600,TPR,yfinance,2026-02-10T05:10:38.179198+00:00
2010-03-01,36.529998779296875,37.08000183105469,36.18000030517578,37.02000045776367,24.13397216796875,5397400,TPR,yfinance,2026-02-10T05:10:38.179198+00:00
2010-03-02,37.099998474121094,37.130001068115234,36.779998779296875,36.869998931884766,24.036176681518555,4517700,TPR,yfinance,2026-02-10T05:10:38.179198+00:00
2010-03-03,36.720001220703125,36.939998626708984,36.34000015258789,36.470001220703125,23.775421142578125,4560600,TPR,yfinance,2026-02-10T05:10:38.179198+00:00
2010-03-04,36.38999938964844,37.310001373291016,36.38999938964844,37.18000030517578,24.288236618041992,4169700,TPR,yfinance,2026-02-10T05:10:38.179198+00:00
2010-03-05,37.380001068115234,37.84000015258789,37.04999923706055,37.689998626708984,24.621379852294922,3299900,TPR,yfinance,2026-02-10T05:10:38.179198+00:00
2010-03-08,37.849998474121094,37.93000030517578,37.31999969482422,37.54999923706055,24.529926300048828,3248700,TPR,yfinance,2026-02-10T05:10:38.179198+00:00
2010-03-09,37.439998626708984,39.20000076293945,37.380001068115234,38.86000061035156,25.38570213317871,5809100,TPR,yfinance,2026-02-10T05:10:38.179198+00:00
2010-03-10,38.9900016784668,39.13999938964844,38.45000076293945,38.58000183105469,25.20279884338379,4228200,TPR,yfinance,2026-02-10T05:10:38.179198+00:00
2010-03-11,38.310001373291016,38.540000915527344,38.04999923706055,38.4900016784668,25.143991470336914,2638200,TPR,yfinance,2026-02-10T05:10:38.179198+00:00
2010-03-12,38.599998474121094,38.810001373291016,37.86000061035156,38.27000045776367,25.00027847290039,2781600,TPR,yfinance,2026-02-10T05:10:38.179198+00:00
2010-03-15,38.130001068115234,38.36000061035156,37.529998779296875,38.04999923706055,24.8565616607666,3132700,TPR,yfinance,2026-02-10T05:10:38.179198+00:00
2010-03-16,38.08000183105469,38.2400016784668,37.68000030517578,37.81999969482422,24.706310272216797,3204600,TPR,yfinance,2026-02-10T05:10:38.179198+00:00
2010-03-17,37.90999984741211,38.349998474121094,37.90999984741211,38.22999954223633,24.97414779663086,2172200,TPR,yfinance,2026-02-10T05:10:38.179198+00:00
2010-03-18,38.099998474121094,38.5,37.849998474121094,38.08000183105469,24.87615966796875,2617300,TPR,yfinance,2026-02-10T05:10:38.179198+00:00
2010-03-19,37.849998474121094,38.369998931884766,37.68000030517578,37.849998474121094,24.72590446472168,3331500,TPR,yfinance,2026-02-10T05:10:38.179198+00:00
2010-03-22,37.459999084472656,38.58000183105469,37.290000915527344,38.34000015258789,25.046001434326172,4034600,TPR,yfinance,2026-02-10T05:10:38.179198+00:00
2010-03-23,38.52000045776367,38.869998931884766,38.119998931884766,38.349998474121094,25.052539825439453,3821900,TPR,yfinance,2026-02-10T05:10:38.179198+00:00
2010-03-24,38.349998474121094,38.81999969482422,38.33000183105469,38.650001525878906,25.24852180480957,3177400,TPR,yfinance,2026-02-10T05:10:38.179198+00:00
2010-03-25,38.95000076293945,39.279998779296875,38.68000030517578,38.70000076293945,25.28118324279785,2967700,TPR,yfinance,2026-02-10T05:10:38.179198+00:00
2010-03-26,39.689998626708984,40.599998474121094,39.16999816894531,40.310001373291016,26.332931518554688,5551800,TPR,yfinance,2026-02-10T05:10:38.179198+00:00
2010-03-29,40.529998779296875,40.529998779296875,39.470001220703125,39.97999954223633,26.117345809936523,4354900,TPR,yfinance,2026-02-10T05:10:38.179198+00:00
2010-03-30,40.7400016784668,40.7400016784668,39.7400016784668,39.90999984741211,26.071632385253906,2688600,TPR,yfinance,2026-02-10T05:10:38.179198+00:00
2010-03-31,39.709999084472656,40.099998474121094,39.43000030517578,39.52000045776367,25.816850662231445,3361400,TPR,yfinance,2026-02-10T05:10:38.179198+00:00
2010-04-01,39.869998931884766,40.290000915527344,39.70000076293945,40.13999938964844,26.22187042236328,3153900,TPR,yfinance,2026-02-10T05:10:38.179198+00:00
2010-04-05,40.2400016784668,40.70000076293945,39.91999816894531,40.540000915527344,26.48318099975586,2649700,TPR,yfinance,2026-02-10T05:10:38.179198+00:00
2010-04-06,40.45000076293945,40.779998779296875,40.18000030517578,40.72999954223633,26.607301712036133,2046000,TPR,yfinance,2026-02-10T05:10:38.179198+00:00
2010-04-07,40.63999938964844,41.029998779296875,40.20000076293945,40.4900016784668,26.450515747070312,3865200,TPR,yfinance,2026-02-10T05:10:38.179198+00:00
2010-04-08,40.40999984741211,40.72999954223633,40.0,40.470001220703125,26.437456130981445,2578700,TPR,yfinance,2026-02-10T05:10:38.179198+00:00
2010-04-09,40.720001220703125,41.59000015258789,40.4900016784668,41.34000015258789,27.005788803100586,3475300,TPR,yfinance,2026-02-10T05:10:38.179198+00:00
2010-04-12,41.439998626708984,41.59000015258789,41.13999938964844,41.18000030517578,26.901256561279297,2439800,TPR,yfinance,2026-02-10T05:10:38.179198+00:00
2010-04-13,41.47999954223633,41.84000015258789,41.33000183105469,41.540000915527344,27.13644790649414,2965600,TPR,yfinance,2026-02-10T05:10:38.179198+00:00
2010-04-14,41.91999816894531,42.70000076293945,41.7400016784668,42.61000061035156,27.835418701171875,3472500,TPR,yfinance,2026-02-10T05:10:38.179198+00:00
2010-04-15,42.630001068115234,43.25,42.33000183105469,42.9900016784668,28.08367919921875,3574600,TPR,yfinance,2026-02-10T05:10:38.179198+00:00
2010-04-16,42.970001220703125,43.119998931884766,42.08000183105469,42.310001373291016,27.639448165893555,5242200,TPR,yfinance,2026-02-10T05:10:38.179198+00:00
2010-04-19,42.290000915527344,42.45000076293945,40.91999816894531,41.880001068115234,27.358552932739258,6226200,TPR,yfinance,2026-02-10T05:10:38.179198+00:00
2010-04-20,42.91999816894531,43.0099983215332,41.720001220703125,42.029998779296875,27.456539154052734,6083700,TPR,yfinance,2026-02-10T05:10:38.179198+00:00
2010-04-21,42.36000061035156,43.08000183105469,42.099998474121094,43.040000915527344,28.1163330078125,5484600,TPR,yfinance,2026-02-10T05:10:38.179198+00:00
2010-04-22,42.630001068115234,43.349998474121094,42.5,43.189998626708984,28.214323043823242,6536400,TPR,yfinance,2026-02-10T05:10:38.179198+00:00
2010-04-23,42.9900016784668,43.720001220703125,42.7599983215332,43.619998931884766,28.49521827697754,4418100,TPR,yfinance,2026-02-10T05:10:38.179198+00:00
2010-04-26,43.77000045776367,43.84000015258789,43.22999954223633,43.459999084472656,28.39069938659668,3228400,TPR,yfinance,2026-02-10T05:10:38.179198+00:00
2010-04-27,43.119998931884766,43.290000915527344,41.90999984741211,41.970001220703125,27.41734504699707,4080600,TPR,yfinance,2026-02-10T05:10:38.179198+00:00
2010-04-28,42.0,42.779998779296875,41.93000030517578,42.349998474121094,27.665584564208984,4370300,TPR,yfinance,2026-02-10T05:10:38.179198+00:00
2010-04-29,42.790000915527344,43.279998779296875,42.52000045776367,43.11000061035156,28.162059783935547,2604600,TPR,yfinance,2026-02-10T05:10:38.179198+00:00
2010-04-30,43.20000076293945,43.380001068115234,41.709999084472656,41.75,27.27362823486328,3336100,TPR,yfinance,2026-02-10T05:10:38.179198+00:00
2010-05-03,41.86000061035156,43.29999923706055,41.849998474121094,43.029998779296875,28.10980224609375,3185900,TPR,yfinance,2026-02-10T05:10:38.179198+00:00
2010-05-04,42.529998779296875,42.58000183105469,41.279998779296875,41.83000183105469,27.32588768005371,4324300,TPR,yfinance,2026-02-10T05:10:38.179198+00:00
2010-05-05,41.31999969482422,42.15999984741211,40.66999816894531,40.779998779296875,26.639955520629883,3967600,TPR,yfinance,2026-02-10T05:10:38.179198+00:00
2010-05-06,40.34000015258789,40.90999984741211,35.70000076293945,39.119998931884766,25.5555419921875,5781100,TPR,yfinance,2026-02-10T05:10:38.179198+00:00
2010-05-07,38.9900016784668,39.7400016784668,37.63999938964844,38.279998779296875,25.006799697875977,5787800,TPR,yfinance,2026-02-10T05:10:38.179198+00:00
2010-05-10,40.06999969482422,41.11000061035156,40.0099983215332,41.06999969482422,26.829404830932617,3949000,TPR,yfinance,2026-02-10T05:10:38.179198+00:00
2010-05-11,40.22999954223633,41.790000915527344,40.22999954223633,41.45000076293945,27.077655792236328,4374900,TPR,yfinance,2026-02-10T05:10:38.179198+00:00
2010-05-12,41.65999984741211,42.43000030517578,41.470001220703125,42.400001525878906,27.6982421875,2540700,TPR,yfinance,2026-02-10T05:10:38.179198+00:00
2010-05-13,42.27000045776367,42.369998931884766,41.529998779296875,41.630001068115234,27.195228576660156,4642900,TPR,yfinance,2026-02-10T05:10:38.179198+00:00
2010-05-14,41.25,41.400001525878906,39.540000915527344,40.060001373291016,26.16961669921875,6628800,TPR,yfinance,2026-02-10T05:10:38.179198+00:00
2010-05-17,40.34000015258789,40.4900016784668,38.75,40.20000076293945,26.261062622070312,3175700,TPR,yfinance,2026-02-10T05:10:38.179198+00:00
2010-05-18,40.63999938964844,40.959999084472656,39.13999938964844,39.2599983215332,25.647001266479492,3622100,TPR,yfinance,2026-02-10T05:10:38.179198+00:00
2010-05-19,38.959999084472656,39.70000076293945,38.459999084472656,38.83000183105469,25.36610221862793,5817900,TPR,yfinance,2026-02-10T05:10:38.179198+00:00
2010-05-20,37.91999816894531,38.720001220703125,37.400001525878906,37.810001373291016,24.69977378845215,6611500,TPR,yfinance,2026-02-10T05:10:38.179198+00:00
2010-05-21,36.869998931884766,39.09000015258789,36.869998931884766,38.43000030517578,25.104795455932617,7421400,TPR,yfinance,2026-02-10T05:10:38.179198+00:00
2010-05-24,38.47999954223633,39.15999984741211,38.25,38.7400016784668,25.307313919067383,5323600,TPR,yfinance,2026-02-10T05:10:38.179198+00:00
2010-05-25,37.36000061035156,39.150001525878906,36.970001220703125,39.09000015258789,25.53594398498535,5781200,TPR,yfinance,2026-02-10T05:10:38.179198+00:00
2010-05-26,39.619998931884766,40.099998474121094,39.220001220703125,39.36000061035156,25.712326049804688,6445400,TPR,yfinance,2026-02-10T05:10:38.179198+00:00
2010-05-27,40.38999938964844,42.0,40.20000076293945,41.95000076293945,27.404264450073242,6634700,TPR,yfinance,2026-02-10T05:10:38.179198+00:00
2010-05-28,41.880001068115234,42.04999923706055,40.689998626708984,41.11000061035156,26.85554313659668,4225800,TPR,yfinance,2026-02-10T05:10:38.179198+00:00
2010-06-01,40.630001068115234,41.4900016784668,40.11000061035156,40.27000045776367,26.306800842285156,3770800,TPR,yfinance,2026-02-10T05:10:38.179198+00:00
2010-06-02,40.400001525878906,41.61000061035156,40.310001373291016,41.599998474121094,27.175626754760742,4177600,TPR,yfinance,2026-02-10T05:10:38.179198+00:00
2010-06-03,41.7599983215332,42.189998626708984,41.400001525878906,41.95000076293945,27.404264450073242,4282500,TPR,yfinance,2026-02-10T05:10:38.179198+00:00
2010-06-04,40.720001220703125,41.15999984741211,39.43000030517578,39.59000015258789,25.95539665222168,4837200,TPR,yfinance,2026-02-10T05:10:38.179198+00:00
2010-06-07,39.7400016784668,40.209999084472656,39.119998931884766,39.150001525878906,25.666929244995117,4327900,TPR,yfinance,2026-02-10T05:10:38.179198+00:00
2010-06-08,39.25,39.95000076293945,38.65999984741211,39.869998931884766,26.138957977294922,4671000,TPR,yfinance,2026-02-10T05:10:38.179198+00:00
2010-06-09,40.11000061035156,41.900001525878906,40.11000061035156,40.810001373291016,26.755231857299805,4989200,TPR,yfinance,2026-02-10T05:10:38.179198+00:00
2010-06-10,41.529998779296875,42.93000030517578,41.529998779296875,42.15999984741211,27.640310287475586,7690500,TPR,yfinance,2026-02-10T05:10:38.179198+00:00
2010-06-11,41.54999923706055,42.880001068115234,41.400001525878906,42.810001373291016,28.066444396972656,4219100,TPR,yfinance,2026-02-10T05:10:38.179198+00:00
2010-06-14,43.040000915527344,43.70000076293945,42.7599983215332,43.310001373291016,28.39423370361328,3987100,TPR,yfinance,2026-02-10T05:10:38.179198+00:00
2010-06-15,43.790000915527344,44.369998931884766,43.060001373291016,44.31999969482422,29.056396484375,4375100,TPR,yfinance,2026-02-10T05:10:38.179198+00:00
2010-06-16,43.81999969482422,44.08000183105469,43.2400016784668,43.5099983215332,28.525365829467773,4754400,TPR,yfinance,2026-02-10T05:10:38.179198+00:00
2010-06-17,43.65999984741211,44.0,42.869998931884766,43.20000076293945,28.322124481201172,4217100,TPR,yfinance,2026-02-10T05:10:38.179198+00:00
2010-06-18,43.349998474121094,43.56999969482422,43.0,43.11000061035156,28.263120651245117,4293700,TPR,yfinance,2026-02-10T05:10:38.179198+00:00
2010-06-21,43.970001220703125,43.97999954223633,41.900001525878906,42.15999984741211,27.640310287475586,4098200,TPR,yfinance,2026-02-10T05:10:38.179198+00:00
2010-06-22,42.150001525878906,42.849998474121094,40.619998931884766,40.709999084472656,26.689668655395508,4725500,TPR,yfinance,2026-02-10T05:10:38.179198+00:00
2010-06-23,40.540000915527344,41.040000915527344,39.900001525878906,40.599998474121094,26.617555618286133,3323800,TPR,yfinance,2026-02-10T05:10:38.179198+00:00
2010-06-24,40.15999984741211,40.68000030517578,39.279998779296875,39.47999954223633,25.88327407836914,4594200,TPR,yfinance,2026-02-10T05:10:38.179198+00:00
2010-06-25,39.599998474121094,39.619998931884766,39.0,39.15999984741211,25.673479080200195,5509300,TPR,yfinance,2026-02-10T05:10:38.179198+00:00
2010-06-28,39.119998931884766,39.720001220703125,38.970001220703125,39.029998779296875,25.5882511138916,3058900,TPR,yfinance,2026-02-10T05:10:38.179198+00:00
2010-06-29,38.400001525878906,38.47999954223633,36.720001220703125,37.0099983215332,24.263927459716797,6651600,TPR,yfinance,2026-02-10T05:10:38.179198+00:00
2010-06-30,36.86000061035156,37.61000061035156,36.439998626708984,36.54999923706055,23.962350845336914,4842800,TPR,yfinance,2026-02-10T05:10:38.179198+00:00
2010-07-01,36.400001525878906,36.84000015258789,35.36000061035156,36.459999084472656,23.903348922729492,5225000,TPR,yfinance,2026-02-10T05:10:38.179198+00:00
2010-07-02,36.720001220703125,36.939998626708984,35.54999923706055,35.77000045776367,23.450986862182617,3098200,TPR,yfinance,2026-02-10T05:10:38.179198+00:00
2010-07-06,36.099998474121094,36.470001220703125,34.33000183105469,34.70000076293945,22.749479293823242,7409700,TPR,yfinance,2026-02-10T05:10:38.179198+00:00
2010-07-07,35.220001220703125,36.119998931884766,34.52000045776367,36.08000183105469,23.65421485900879,6703300,TPR,yfinance,2026-02-10T05:10:38.179198+00:00
2010-07-08,36.7400016784668,36.970001220703125,35.529998779296875,36.119998931884766,23.68044662475586,5090600,TPR,yfinance,2026-02-10T05:10:38.179198+00:00
2010-07-09,36.119998931884766,36.880001068115234,35.810001373291016,36.5,23.929569244384766,3090000,TPR,yfinance,2026-02-10T05:10:38.179198+00:00
2010-07-12,36.38999938964844,36.439998626708984,35.5099983215332,36.029998779296875,23.621440887451172,3067700,TPR,yfinance,2026-02-10T05:10:38.179198+00:00
2010-07-13,36.41999816894531,37.369998931884766,36.33000183105469,37.15999984741211,24.362272262573242,3301300,TPR,yfinance,2026-02-10T05:10:38.179198+00:00
2010-07-14,36.939998626708984,37.2400016784668,36.529998779296875,36.77000045776367,24.10658836364746,3996600,TPR,yfinance,2026-02-10T05:10:38.179198+00:00
2010-07-15,36.83000183105469,36.900001525878906,36.099998474121094,36.75,24.09346580505371,2715200,TPR,yfinance,2026-02-10T05:10:38.179198+00:00
2010-07-16,36.52000045776367,36.560001373291016,34.619998931884766,34.7599983215332,22.788816452026367,5456000,TPR,yfinance,2026-02-10T05:10:38.179198+00:00
2010-07-19,34.849998474121094,35.13999938964844,33.970001220703125,34.369998931884766,22.53313446044922,5075000,TPR,yfinance,2026-02-10T05:10:38.179198+00:00
2010-07-20,33.91999816894531,35.31999969482422,33.75,35.25,23.110055923461914,4162500,TPR,yfinance,2026-02-10T05:10:38.179198+00:00
2010-07-21,35.36000061035156,35.939998626708984,35.0,35.099998474121094,23.011722564697266,3538900,TPR,yfinance,2026-02-10T05:10:38.179198+00:00
2010-07-22,35.560001373291016,36.83000183105469,35.560001373291016,36.650001525878906,24.02791404724121,3851300,TPR,yfinance,2026-02-10T05:10:38.179198+00:00
2010-07-23,36.66999816894531,37.45000076293945,36.02000045776367,37.369998931884766,24.499942779541016,3585800,TPR,yfinance,2026-02-10T05:10:38.179198+00:00
2010-07-26,37.5,38.119998931884766,36.869998931884766,38.06999969482422,24.95886993408203,2777200,TPR,yfinance,2026-02-10T05:10:38.179198+00:00
2010-07-27,38.40999984741211,38.40999984741211,36.959999084472656,37.04999923706055,24.290151596069336,4224900,TPR,yfinance,2026-02-10T05:10:38.179198+00:00
2010-07-28,37.0099983215332,37.22999954223633,36.540000915527344,36.68000030517578,24.047582626342773,2489700,TPR,yfinance,2026-02-10T05:10:38.179198+00:00
2010-07-29,37.2400016784668,37.2400016784668,35.83000183105469,36.45000076293945,23.896793365478516,2871900,TPR,yfinance,2026-02-10T05:10:38.179198+00:00
2010-07-30,35.91999816894531,37.20000076293945,35.86000061035156,36.970001220703125,24.237703323364258,3684000,TPR,yfinance,2026-02-10T05:10:38.179198+00:00
2010-08-02,37.790000915527344,38.75,37.540000915527344,38.43000030517578,25.19487953186035,5699700,TPR,yfinance,2026-02-10T05:10:38.179198+00:00
2010-08-03,36.61000061035156,37.650001525878906,36.02000045776367,37.099998474121094,24.322933197021484,7931600,TPR,yfinance,2026-02-10T05:10:38.179198+00:00
2010-08-04,37.459999084472656,39.349998474121094,37.459999084472656,39.29999923706055,25.7652645111084,6684000,TPR,yfinance,2026-02-10T05:10:38.179198+00:00
2010-08-05,39.0,39.0,38.5,38.72999954223633,25.39157485961914,4227300,TPR,yfinance,2026-02-10T05:10:38.179198+00:00
2010-08-06,38.25,39.0,38.0,38.959999084472656,25.542356491088867,3120600,TPR,yfinance,2026-02-10T05:10:38.179198+00:00
2010-08-09,39.0,39.36000061035156,38.560001373291016,39.2400016784668,25.72593116760254,2490900,TPR,yfinance,2026-02-10T05:10:38.179198+00:00
2010-08-10,38.880001068115234,39.36000061035156,38.4900016784668,39.099998474121094,25.6341495513916,2844200,TPR,yfinance,2026-02-10T05:10:38.179198+00:00
2010-08-11,38.0,38.29999923706055,37.290000915527344,37.709999084472656,24.722854614257812,2912900,TPR,yfinance,2026-02-10T05:10:38.179198+00:00
2010-08-12,37.02000045776367,37.90999984741211,36.869998931884766,37.810001373291016,24.788414001464844,2671400,TPR,yfinance,2026-02-10T05:10:38.179198+00:00
2010-08-13,37.59000015258789,37.84000015258789,37.290000915527344,37.310001373291016,24.460601806640625,1912000,TPR,yfinance,2026-02-10T05:10:38.179198+00:00
2010-08-16,37.0,37.599998474121094,36.709999084472656,37.2400016784668,24.414714813232422,2100100,TPR,yfinance,2026-02-10T05:10:38.179198+00:00
2010-08-17,37.709999084472656,38.470001220703125,37.560001373291016,37.880001068115234,24.834306716918945,2612500,TPR,yfinance,2026-02-10T05:10:38.179198+00:00
2010-08-18,38.06999969482422,38.22999954223633,37.380001068115234,38.060001373291016,24.95231819152832,3035800,TPR,yfinance,2026-02-10T05:10:38.179198+00:00
2010-08-19,37.84000015258789,37.900001525878906,36.779998779296875,37.15999984741211,24.362272262573242,2745800,TPR,yfinance,2026-02-10T05:10:38.179198+00:00
2010-08-20,36.790000915527344,37.400001525878906,36.400001525878906,37.310001373291016,24.460601806640625,2905400,TPR,yfinance,2026-02-10T05:10:38.179198+00:00
2010-08-23,37.63999938964844,38.33000183105469,37.38999938964844,37.79999923706055,24.78185272216797,3443500,TPR,yfinance,2026-02-10T05:10:38.179198+00:00
2010-08-24,37.20000076293945,37.599998474121094,36.540000915527344,37.279998779296875,24.440935134887695,3461400,TPR,yfinance,2026-02-10T05:10:38.179198+00:00
2010-08-25,36.93000030517578,38.0099983215332,36.61000061035156,37.849998474121094,24.814634323120117,3410600,TPR,yfinance,2026-02-10T05:10:38.179198+00:00
2010-08-26,37.810001373291016,37.97999954223633,36.599998474121094,36.65999984741211,24.034465789794922,3380000,TPR,yfinance,2026-02-10T05:10:38.179198+00:00
2010-08-27,37.060001373291016,37.119998931884766,35.75,36.91999816894531,24.204919815063477,4584900,TPR,yfinance,2026-02-10T05:10:38.179198+00:00
2010-08-30,36.970001220703125,37.15999984741211,35.75,35.77000045776367,23.450986862182617,2662200,TPR,yfinance,2026-02-10T05:10:38.179198+00:00
2010-08-31,35.61000061035156,36.40999984741211,35.060001373291016,35.84000015258789,23.496864318847656,4707900,TPR,yfinance,2026-02-10T05:10:38.179198+00:00
2010-09-01,36.689998626708984,37.65999984741211,36.689998626708984,37.59000015258789,24.644182205200195,3957400,TPR,yfinance,2026-02-10T05:10:38.179198+00:00
2010-09-02,37.63999938964844,38.27000045776367,37.459999084472656,38.15999984741211,25.118106842041016,2979200,TPR,yfinance,2026-02-10T05:10:38.179198+00:00
2010-09-03,38.75,39.380001068115234,38.439998626708984,39.119998931884766,25.7500057220459,3423900,TPR,yfinance,2026-02-10T05:10:38.179198+00:00
2010-09-07,38.779998779296875,39.36000061035156,38.540000915527344,38.779998779296875,25.526201248168945,3327000,TPR,yfinance,2026-02-10T05:10:38.179198+00:00
2010-09-08,38.849998474121094,39.540000915527344,38.84000015258789,39.290000915527344,25.861902236938477,2975100,TPR,yfinance,2026-02-10T05:10:38.179198+00:00
2010-09-09,39.86000061035156,40.09000015258789,38.95000076293945,39.08000183105469,25.72367286682129,3180400,TPR,yfinance,2026-02-10T05:10:38.179198+00:00
2010-09-10,39.08000183105469,39.27000045776367,38.630001068115234,38.95000076293945,25.638103485107422,2642000,TPR,yfinance,2026-02-10T05:10:38.179198+00:00
2010-09-13,39.56999969482422,40.18000030517578,39.41999816894531,40.029998779296875,26.348997116088867,3069100,TPR,yfinance,2026-02-10T05:10:38.179198+00:00
2010-09-14,39.91999816894531,40.959999084472656,39.790000915527344,40.689998626708984,26.783428192138672,2798800,TPR,yfinance,2026-02-10T05:10:38.179198+00:00
2010-09-15,40.599998474121094,41.869998931884766,40.599998474121094,41.45000076293945,27.28369140625,4353500,TPR,yfinance,2026-02-10T05:10:38.179198+00:00
2010-09-16,41.150001525878906,41.61000061035156,40.939998626708984,41.5,27.316598892211914,2959300,TPR,yfinance,2026-02-10T05:10:38.179198+00:00
2010-09-17,41.66999816894531,41.83000183105469,41.15999984741211,41.54999923706055,27.349510192871094,3932900,TPR,yfinance,2026-02-10T05:10:38.179198+00:00
2010-09-20,41.849998474121094,42.0,41.349998474121094,41.72999954223633,27.467998504638672,3179100,TPR,yfinance,2026-02-10T05:10:38.179198+00:00
2010-09-21,41.93000030517578,42.380001068115234,41.599998474121094,41.779998779296875,27.50089454650879,3205900,TPR,yfinance,2026-02-10T05:10:38.179198+00:00
2010-09-22,41.63999938964844,41.9900016784668,41.040000915527344,41.380001068115234,27.237613677978516,3106400,TPR,yfinance,2026-02-10T05:10:38.179198+00:00
2010-09-23,40.9900016784668,41.58000183105469,40.849998474121094,41.0099983215332,26.994056701660156,1961200,TPR,yfinance,2026-02-10T05:10:38.179198+00:00
2010-09-24,41.75,42.54999923706055,41.66999816894531,42.439998626708984,27.93532943725586,1997900,TPR,yfinance,2026-02-10T05:10:38.179198+00:00
2010-09-27,42.630001068115234,42.810001373291016,42.33000183105469,42.56999969482422,28.020906448364258,2376800,TPR,yfinance,2026-02-10T05:10:38.179198+00:00
2010-09-28,42.4900016784668,43.86000061035156,42.27000045776367,43.709999084472656,28.771282196044922,4338400,TPR,yfinance,2026-02-10T05:10:38.179198+00:00
2010-09-29,43.45000076293945,43.65999984741211,43.0,43.130001068115234,28.3895206451416,2579600,TPR,yfinance,2026-02-10T05:10:38.179198+00:00
2010-09-30,43.439998626708984,43.70000076293945,42.58000183105469,42.959999084472656,28.27761459350586,2885400,TPR,yfinance,2026-02-10T05:10:38.179198+00:00
2010-10-01,43.5,43.5099983215332,42.810001373291016,43.119998931884766,28.3829288482666,3344600,TPR,yfinance,2026-02-10T05:10:38.179198+00:00
2010-10-04,43.06999969482422,43.380001068115234,42.27000045776367,42.900001525878906,28.238121032714844,2531700,TPR,yfinance,2026-02-10T05:10:38.179198+00:00
2010-10-05,43.5,43.880001068115234,43.189998626708984,43.650001525878906,28.731807708740234,3454700,TPR,yfinance,2026-02-10T05:10:38.179198+00:00
2010-10-06,43.4900016784668,43.4900016784668,42.689998626708984,43.47999954223633,28.619897842407227,3391600,TPR,yfinance,2026-02-10T05:10:38.179198+00:00
2010-10-07,43.689998626708984,44.34000015258789,43.34000015258789,43.900001525878906,28.89634895324707,2792400,TPR,yfinance,2026-02-10T05:10:38.179198+00:00
2010-10-08,44.02000045776367,44.95000076293945,43.90999984741211,44.369998931884766,29.20572280883789,2726200,TPR,yfinance,2026-02-10T05:10:38.179198+00:00
2010-10-11,44.33000183105469,44.75,43.70000076293945,43.900001525878906,28.89634895324707,3174700,TPR,yfinance,2026-02-10T05:10:38.179198+00:00
2010-10-12,43.849998474121094,44.529998779296875,43.560001373291016,44.290000915527344,29.153066635131836,2533500,TPR,yfinance,2026-02-10T05:10:38.179198+00:00
2010-10-13,44.599998474121094,44.95000076293945,44.15999984741211,44.22999954223633,29.11357307434082,2516300,TPR,yfinance,2026-02-10T05:10:38.179198+00:00
2010-10-14,44.2400016784668,44.61000061035156,43.97999954223633,44.20000076293945,29.093822479248047,2672300,TPR,yfinance,2026-02-10T05:10:38.179198+00:00
2010-10-15,44.7400016784668,44.970001220703125,44.08000183105469,44.72999954223633,29.44268798828125,2378100,TPR,yfinance,2026-02-10T05:10:38.179198+00:00
2010-10-18,44.91999816894531,44.939998626708984,44.25,44.77000045776367,29.469017028808594,1450400,TPR,yfinance,2026-02-10T05:10:38.179198+00:00
2010-10-19,43.97999954223633,44.33000183105469,43.099998474121094,43.52000045776367,28.646224975585938,2824200,TPR,yfinance,2026-02-10T05:10:38.179198+00:00
2010-10-20,43.689998626708984,44.91999816894531,43.689998626708984,44.150001525878906,29.0609130859375,3045000,TPR,yfinance,2026-02-10T05:10:38.179198+00:00
2010-10-21,44.380001068115234,44.869998931884766,43.70000076293945,44.41999816894531,29.238630294799805,3169800,TPR,yfinance,2026-02-10T05:10:38.179198+00:00
2010-10-22,44.47999954223633,44.959999084472656,44.349998474121094,44.54999923706055,29.324201583862305,2425500,TPR,yfinance,2026-02-10T05:10:38.179198+00:00
2010-10-25,44.900001525878906,45.63999938964844,44.38999938964844,44.47999954223633,29.27812385559082,5333000,TPR,yfinance,2026-02-10T05:10:38.179198+00:00
2010-10-26,47.470001220703125,50.75,47.38999938964844,49.779998779296875,32.766754150390625,13132700,TPR,yfinance,2026-02-10T05:10:38.179198+00:00
2010-10-27,49.18000030517578,50.220001220703125,48.380001068115234,49.70000076293945,32.71409225463867,6245700,TPR,yfinance,2026-02-10T05:10:38.179198+00:00
2010-10-28,49.439998626708984,50.0,48.959999084472656,49.650001525878906,32.681190490722656,4054500,TPR,yfinance,2026-02-10T05:10:38.179198+00:00
2010-10-29,49.29999923706055,50.22999954223633,49.15999984741211,50.0,32.911563873291016,3349200,TPR,yfinance,2026-02-10T05:10:38.179198+00:00
2010-11-01,50.220001220703125,50.47999954223633,49.75,50.119998931884766,32.99055099487305,2882600,TPR,yfinance,2026-02-10T05:10:38.179198+00:00
2010-11-02,50.33000183105469,50.599998474121094,49.66999816894531,49.7599983215332,32.75358581542969,4431600,TPR,yfinance,2026-02-10T05:10:38.179198+00:00
2010-11-03,50.08000183105469,50.619998931884766,49.47999954223633,50.5,33.240684509277344,2999900,TPR,yfinance,2026-02-10T05:10:38.179198+00:00
2010-11-04,50.849998474121094,52.470001220703125,50.7599983215332,52.400001525878906,34.4913215637207,5831900,TPR,yfinance,2026-02-10T05:10:38.179198+00:00
2010-11-05,52.220001220703125,53.0,52.18000030517578,52.91999816894531,34.8336067199707,2937600,TPR,yfinance,2026-02-10T05:10:38.179198+00:00
2010-11-08,52.560001373291016,53.02000045776367,52.04999923706055,53.02000045776367,34.89942169189453,2610500,TPR,yfinance,2026-02-10T05:10:38.179198+00:00
2010-11-09,52.970001220703125,53.20000076293945,52.04999923706055,52.25,34.392581939697266,3409100,TPR,yfinance,2026-02-10T05:10:38.179198+00:00
2010-11-10,52.09000015258789,52.720001220703125,52.04999923706055,52.720001220703125,34.70195388793945,2897300,TPR,yfinance,2026-02-10T05:10:38.179198+00:00
2010-11-11,52.279998779296875,52.95000076293945,51.93000030517578,52.70000076293945,34.68878173828125,2447300,TPR,yfinance,2026-02-10T05:10:38.179198+00:00
2010-11-12,52.18000030517578,52.779998779296875,51.150001525878906,51.560001373291016,33.93840789794922,2650000,TPR,yfinance,2026-02-10T05:10:38.179198+00:00
2010-11-15,51.91999816894531,52.90999984741211,51.91999816894531,52.31999969482422,34.438663482666016,2911500,TPR,yfinance,2026-02-10T05:10:38.179198+00:00
2010-11-16,51.9900016784668,52.66999816894531,50.56999969482422,50.84000015258789,33.4644889831543,4082200,TPR,yfinance,2026-02-10T05:10:38.179198+00:00
2010-11-17,51.11000061035156,52.959999084472656,51.0,52.52000045776367,34.57030487060547,4519900,TPR,yfinance,2026-02-10T05:10:38.179198+00:00
2010-11-18,52.9900016784668,54.75,52.81999969482422,54.290000915527344,35.73538589477539,5497200,TPR,yfinance,2026-02-10T05:10:38.179198+00:00
2010-11-19,54.119998931884766,54.75,53.849998474121094,54.47999954223633,35.860443115234375,2641000,TPR,yfinance,2026-02-10T05:10:38.179198+00:00
2010-11-22,54.369998931884766,55.310001373291016,54.08000183105469,55.220001220703125,36.34752655029297,3223500,TPR,yfinance,2026-02-10T05:10:38.179198+00:00
2010-11-23,54.75,55.11000061035156,54.290000915527344,54.56999969482422,35.919673919677734,2778200,TPR,yfinance,2026-02-10T05:10:38.179198+00:00
2010-11-24,55.31999969482422,56.939998626708984,55.20000076293945,56.630001068115234,37.275638580322266,4236200,TPR,yfinance,2026-02-10T05:10:38.179198+00:00
2010-11-26,56.18000030517578,56.599998474121094,55.869998931884766,55.900001525878906,36.795135498046875,1646700,TPR,yfinance,2026-02-10T05:10:38.179198+00:00
2010-11-29,55.869998931884766,56.18000030517578,55.130001068115234,55.959999084472656,36.83462142944336,4006200,TPR,yfinance,2026-02-10T05:10:38.179198+00:00
2010-11-30,55.68000030517578,57.2599983215332,55.54999923706055,56.540000915527344,37.21639633178711,5186800,TPR,yfinance,2026-02-10T05:10:38.179198+00:00
2010-12-01,57.540000915527344,57.599998474121094,56.2599983215332,56.630001068115234,37.275638580322266,4061900,TPR,yfinance,2026-02-10T05:10:38.179198+00:00
2010-12-02,56.439998626708984,57.0,56.439998626708984,56.849998474121094,37.51983642578125,4546300,TPR,yfinance,2026-02-10T05:10:38.179198+00:00
2010-12-03,56.709999084472656,57.06999969482422,55.849998474121094,56.61000061035156,37.3614387512207,3622700,TPR,yfinance,2026-02-10T05:10:38.179198+00:00
2010-12-06,56.58000183105469,56.58000183105469,55.349998474121094,55.90999984741211,36.89945602416992,3311200,TPR,yfinance,2026-02-10T05:10:38.179198+00:00
2010-12-07,56.70000076293945,56.79999923706055,56.0,56.09000015258789,37.01825714111328,3043300,TPR,yfinance,2026-02-10T05:10:38.179198+00:00
2010-12-08,56.08000183105469,56.2400016784668,55.529998779296875,56.06999969482422,37.00505065917969,1855200,TPR,yfinance,2026-02-10T05:10:38.179198+00:00
2010-12-09,56.310001373291016,57.20000076293945,56.099998474121094,57.119998931884766,37.69801330566406,3184300,TPR,yfinance,2026-02-10T05:10:38.179198+00:00
2010-12-10,57.16999816894531,57.52000045776367,56.56999969482422,57.41999816894531,37.89602279663086,2409600,TPR,yfinance,2026-02-10T05:10:38.179198+00:00
2010-12-13,57.97999954223633,58.36000061035156,57.29999923706055,57.34000015258789,37.84321975708008,4842400,TPR,yfinance,2026-02-10T05:10:38.179198+00:00
2010-12-14,57.40999984741211,58.0099983215332,57.29999923706055,57.61000061035156,38.02141189575195,2724700,TPR,yfinance,2026-02-10T05:10:38.179198+00:00
2010-12-15,57.90999984741211,58.41999816894531,57.13999938964844,57.68000030517578,38.06761932373047,4115400,TPR,yfinance,2026-02-10T05:10:38.179198+00:00
2010-12-16,57.75,58.18000030517578,57.25,57.88999938964844,38.20621109008789,2634500,TPR,yfinance,2026-02-10T05:10:38.179198+00:00
2010-12-17,57.79999923706055,58.529998779296875,57.529998779296875,58.22999954223633,38.430606842041016,3548800,TPR,yfinance,2026-02-10T05:10:38.179198+00:00
2010-12-20,58.349998474121094,58.54999923706055,57.45000076293945,57.58000183105469,38.001617431640625,2564400,TPR,yfinance,2026-02-10T05:10:38.179198+00:00
2010-12-21,57.75,58.209999084472656,57.63999938964844,58.029998779296875,38.29860305786133,2280100,TPR,yfinance,2026-02-10T05:10:38.179198+00:00
2010-12-22,57.790000915527344,57.869998931884766,56.119998931884766,56.209999084472656,37.09744644165039,3627700,TPR,yfinance,2026-02-10T05:10:38.179198+00:00
2010-12-23,56.220001220703125,56.380001068115234,55.529998779296875,55.900001525878906,36.89285659790039,2308600,TPR,yfinance,2026-02-10T05:10:38.179198+00:00
2010-12-27,55.75,55.97999954223633,55.290000915527344,55.880001068115234,36.87965393066406,1491500,TPR,yfinance,2026-02-10T05:10:38.179198+00:00
2010-12-28,56.11000061035156,56.130001068115234,55.33000183105469,55.77000045776367,36.80705261230469,1701100,TPR,yfinance,2026-02-10T05:10:38.179198+00:00
2010-12-29,55.790000915527344,55.959999084472656,55.45000076293945,55.459999084472656,36.60246658325195,1725200,TPR,yfinance,2026-02-10T05:10:38.179198+00:00
2010-12-30,55.310001373291016,56.15999984741211,55.25,56.0099983215332,36.9654541015625,1652200,TPR,yfinance,2026-02-10T05:10:38.179198+00:00
2010-12-31,56.0,56.02000045776367,55.15999984741211,55.310001373291016,36.50346755981445,1303700,TPR,yfinance,2026-02-10T05:10:38.179198+00:00
2011-01-03,54.790000915527344,55.029998779296875,54.20000076293945,54.560001373291016,36.008487701416016,3510300,TPR,yfinance,2026-02-10T05:10:38.179198+00:00
2011-01-04,54.4900016784668,54.5,52.189998626708984,52.279998779296875,34.50372314453125,7769700,TPR,yfinance,2026-02-10T05:10:38.179198+00:00
2011-01-05,51.88999938964844,52.54999923706055,51.25,52.540000915527344,34.675323486328125,5581900,TPR,yfinance,2026-02-10T05:10:38.179198+00:00
2011-01-06,52.38999938964844,53.15999984741211,52.13999938964844,52.880001068115234,34.89971160888672,4226800,TPR,yfinance,2026-02-10T05:10:38.179198+00:00
2011-01-07,53.040000915527344,53.119998931884766,52.2599983215332,52.83000183105469,34.86671447753906,3723400,TPR,yfinance,2026-02-10T05:10:38.179198+00:00
2011-01-10,52.470001220703125,53.84000015258789,52.290000915527344,53.4900016784668,35.302310943603516,4217600,TPR,yfinance,2026-02-10T05:10:38.179198+00:00
2011-01-11,54.43000030517578,54.59000015258789,53.56999969482422,53.9900016784668,35.63228988647461,4420800,TPR,yfinance,2026-02-10T05:10:38.179198+00:00
2011-01-12,54.77000045776367,54.90999984741211,53.959999084472656,54.310001373291016,35.84347915649414,2967700,TPR,yfinance,2026-02-10T05:10:38.179198+00:00
2011-01-13,54.439998626708984,54.59000015258789,53.59000015258789,53.869998931884766,35.553096771240234,2355400,TPR,yfinance,2026-02-10T05:10:38.179198+00:00
2011-01-14,53.75,54.459999084472656,53.5,54.380001068115234,35.889686584472656,2085500,TPR,yfinance,2026-02-10T05:10:38.179198+00:00
2011-01-18,54.400001525878906,55.27000045776367,53.849998474121094,54.13999938964844,35.731285095214844,3486000,TPR,yfinance,2026-02-10T05:10:38.179198+00:00
2011-01-19,54.20000076293945,54.310001373291016,53.2400016784668,53.63999938964844,35.40129852294922,3191200,TPR,yfinance,2026-02-10T05:10:38.179198+00:00
2011-01-20,53.25,53.86000061035156,53.0,53.380001068115234,35.229698181152344,3351000,TPR,yfinance,2026-02-10T05:10:38.179198+00:00
2011-01-21,53.900001525878906,53.900001525878906,52.9900016784668,53.0,34.978912353515625,2859600,TPR,yfinance,2026-02-10T05:10:38.179198+00:00
2011-01-24,53.099998474121094,53.81999969482422,52.91999816894531,53.369998931884766,35.22310256958008,3346900,TPR,yfinance,2026-02-10T05:10:38.179198+00:00
2011-01-25,52.0,53.2400016784668,51.7400016784668,53.09000015258789,35.03831481933594,8195400,TPR,yfinance,2026-02-10T05:10:38.179198+00:00
2011-01-26,53.38999938964844,54.68000030517578,53.38999938964844,54.040000915527344,35.6652946472168,6528400,TPR,yfinance,2026-02-10T05:10:38.179198+00:00
2011-01-27,54.209999084472656,54.33000183105469,53.58000183105469,54.0,35.63888931274414,3667000,TPR,yfinance,2026-02-10T05:10:38.179198+00:00
2011-01-28,54.119998931884766,54.43000030517578,52.58000183105469,52.81999969482422,34.8601188659668,3398700,TPR,yfinance,2026-02-10T05:10:38.179198+00:00
2011-01-31,52.970001220703125,54.16999816894531,52.900001525878906,54.09000015258789,35.69828796386719,3749100,TPR,yfinance,2026-02-10T05:10:38.179198+00:00
2011-02-01,54.38999938964844,54.7599983215332,53.81999969482422,54.0,35.63888931274414,2929800,TPR,yfinance,2026-02-10T05:10:38.179198+00:00
2011-02-02,53.86000061035156,54.040000915527344,52.93000030517578,53.86000061035156,35.54649353027344,3068800,TPR,yfinance,2026-02-10T05:10:38.179198+00:00
2011-02-03,54.099998474121094,54.68000030517578,53.77000045776367,54.20000076293945,35.7708854675293,3095200,TPR,yfinance,2026-02-10T05:10:38.179198+00:00
2011-02-04,54.20000076293945,54.70000076293945,53.709999084472656,54.59000015258789,36.02827072143555,3382000,TPR,yfinance,2026-02-10T05:10:38.179198+00:00
2011-02-07,55.02000045776367,56.189998626708984,54.95000076293945,55.88999938964844,36.88625717163086,4060100,TPR,yfinance,2026-02-10T05:10:38.179198+00:00
2011-02-08,56.029998779296875,57.2599983215332,55.959999084472656,57.209999084472656,37.757415771484375,3101200,TPR,yfinance,2026-02-10T05:10:38.179198+00:00
2011-02-09,57.04999923706055,57.79999923706055,56.70000076293945,57.40999984741211,37.88941192626953,2612200,TPR,yfinance,2026-02-10T05:10:38.179198+00:00
2011-02-10,57.119998931884766,57.650001525878906,56.869998931884766,57.61000061035156,38.02141189575195,2107700,TPR,yfinance,2026-02-10T05:10:38.179198+00:00
2011-02-11,57.439998626708984,58.02000045776367,57.15999984741211,57.86000061035156,38.186397552490234,2057200,TPR,yfinance,2026-02-10T05:10:38.179198+00:00
2011-02-14,57.720001220703125,58.040000915527344,57.4900016784668,57.970001220703125,38.25901412963867,1844500,TPR,yfinance,2026-02-10T05:10:38.179198+00:00
2011-02-15,57.72999954223633,57.9900016784668,57.220001220703125,57.369998931884766,37.86301040649414,1955000,TPR,yfinance,2026-02-10T05:10:38.179198+00:00
2011-02-16,57.54999923706055,58.099998474121094,57.11000061035156,57.33000183105469,37.83662033081055,1795000,TPR,yfinance,2026-02-10T05:10:38.179198+00:00
2011-02-17,56.959999084472656,57.4900016784668,56.59000015258789,56.650001525878906,37.387847900390625,2203400,TPR,yfinance,2026-02-10T05:10:38.179198+00:00
2011-02-18,56.54999923706055,58.279998779296875,56.529998779296875,58.279998779296875,38.46360397338867,3187400,TPR,yfinance,2026-02-10T05:10:38.179198+00:00
2011-02-22,56.52000045776367,57.66999816894531,56.220001220703125,56.36000061035156,37.196434020996094,3060800,TPR,yfinance,2026-02-10T05:10:38.179198+00:00
2011-02-23,56.349998474121094,56.349998474121094,53.40999984741211,54.18000030517578,35.7576789855957,4982000,TPR,yfinance,2026-02-10T05:10:38.179198+00:00
2011-02-24,54.220001220703125,55.06999969482422,53.310001373291016,54.119998931884766,35.71806716918945,4065900,TPR,yfinance,2026-02-10T05:10:38.179198+00:00
2011-02-25,54.349998474121094,55.08000183105469,54.0099983215332,54.529998779296875,35.98869323730469,2256300,TPR,yfinance,2026-02-10T05:10:38.179198+00:00
2011-02-28,54.849998474121094,55.16999816894531,54.59000015258789,54.91999816894531,36.246063232421875,1833900,TPR,yfinance,2026-02-10T05:10:38.179198+00:00
2011-03-01,55.18000030517578,55.34000015258789,53.7400016784668,53.90999984741211,35.57949447631836,2570000,TPR,yfinance,2026-02-10T05:10:38.179198+00:00
2011-03-02,53.720001220703125,55.0,53.720001220703125,54.400001525878906,35.902889251708984,2078800,TPR,yfinance,2026-02-10T05:10:38.179198+00:00
2011-03-03,54.91999816894531,55.599998474121094,54.84000015258789,55.45000076293945,36.69706344604492,2124900,TPR,yfinance,2026-02-10T05:10:38.179198+00:00
2011-03-04,55.439998626708984,55.4900016784668,54.439998626708984,54.93000030517578,36.3529052734375,2288800,TPR,yfinance,2026-02-10T05:10:38.179198+00:00
2011-03-07,55.29999923706055,55.779998779296875,54.189998626708984,54.619998931884766,36.14774703979492,2280100,TPR,yfinance,2026-02-10T05:10:38.179198+00:00
2011-03-08,54.630001068115234,55.9900016784668,54.13999938964844,55.77000045776367,36.90882873535156,2325800,TPR,yfinance,2026-02-10T05:10:38.179198+00:00
2011-03-09,55.52000045776367,56.189998626708984,55.2400016784668,56.04999923706055,37.0941276550293,1742400,TPR,yfinance,2026-02-10T05:10:38.179198+00:00
2011-03-10,55.150001525878906,56.709999084472656,54.939998626708984,56.130001068115234,37.14707946777344,3091800,TPR,yfinance,2026-02-10T05:10:38.179198+00:00
2011-03-11,54.959999084472656,56.290000915527344,54.81999969482422,56.08000183105469,37.11397171020508,2400200,TPR,yfinance,2026-02-10T05:10:38.179198+00:00
2011-03-14,54.29999923706055,54.29999923706055,52.40999984741211,53.11000061035156,35.14841842651367,7445400,TPR,yfinance,2026-02-10T05:10:38.179198+00:00
2011-03-15,50.709999084472656,52.349998474121094,49.43000030517578,52.02000045776367,34.42707824707031,7982700,TPR,yfinance,2026-02-10T05:10:38.179198+00:00
2011-03-16,51.86000061035156,52.04999923706055,49.88999938964844,50.66999816894531,33.53362274169922,6169000,TPR,yfinance,2026-02-10T05:10:38.179198+00:00
2011-03-17,51.59000015258789,51.75,50.77000045776367,50.84000015258789,33.646121978759766,4694800,TPR,yfinance,2026-02-10T05:10:38.179198+00:00
2011-03-18,51.41999816894531,51.41999816894531,49.2400016784668,49.83000183105469,32.97770309448242,7202200,TPR,yfinance,2026-02-10T05:10:38.179198+00:00
2011-03-21,51.209999084472656,52.29999923706055,50.900001525878906,51.45000076293945,34.049835205078125,4356800,TPR,yfinance,2026-02-10T05:10:38.179198+00:00
2011-03-22,51.5,51.77000045776367,51.060001373291016,51.09000015258789,33.81157302856445,1930500,TPR,yfinance,2026-02-10T05:10:38.179198+00:00
2011-03-23,50.939998626708984,51.63999938964844,50.130001068115234,51.31999969482422,33.96379089355469,2412700,TPR,yfinance,2026-02-10T05:10:38.179198+00:00
2011-03-24,51.81999969482422,52.0,51.5,51.599998474121094,34.14909362792969,2183000,TPR,yfinance,2026-02-10T05:10:38.179198+00:00
2011-03-25,51.83000183105469,52.36000061035156,51.63999938964844,52.02000045776367,34.42707824707031,2359800,TPR,yfinance,2026-02-10T05:10:38.179198+00:00
2011-03-28,51.97999954223633,52.08000183105469,51.18000030517578,51.220001220703125,33.89762878417969,2008100,TPR,yfinance,2026-02-10T05:10:38.179198+00:00
2011-03-29,50.97999954223633,52.060001373291016,50.81999969482422,51.650001525878906,34.18220520019531,2358300,TPR,yfinance,2026-02-10T05:10:38.179198+00:00
2011-03-30,52.0,52.65999984741211,51.66999816894531,52.38999938964844,34.671932220458984,2140600,TPR,yfinance,2026-02-10T05:10:38.179198+00:00
2011-03-31,52.29999923706055,52.380001068115234,51.75,52.040000915527344,34.440303802490234,2343700,TPR,yfinance,2026-02-10T05:10:38.179198+00:00
2011-04-01,52.4900016784668,53.599998474121094,52.40999984741211,52.70000076293945,34.877079010009766,2274900,TPR,yfinance,2026-02-10T05:10:38.179198+00:00
2011-04-04,53.189998626708984,53.189998626708984,52.36000061035156,52.93000030517578,35.0293083190918,1493300,TPR,yfinance,2026-02-10T05:10:38.179198+00:00
2011-04-05,52.689998626708984,53.529998779296875,52.33000183105469,53.09000015258789,35.13518524169922,1806600,TPR,yfinance,2026-02-10T05:10:38.179198+00:00
2011-04-06,53.33000183105469,53.33000183105469,52.349998474121094,52.439998626708984,34.70500564575195,2431600,TPR,yfinance,2026-02-10T05:10:38.179198+00:00
2011-04-07,52.459999084472656,52.970001220703125,51.18000030517578,51.31999969482422,33.96379089355469,4112900,TPR,yfinance,2026-02-10T05:10:38.179198+00:00
2011-04-08,51.18000030517578,51.459999084472656,50.380001068115234,50.7599983215332,33.59318923950195,2367600,TPR,yfinance,2026-02-10T05:10:38.179198+00:00
2011-04-11,50.720001220703125,51.290000915527344,50.66999816894531,50.93000030517578,33.70570373535156,2489900,TPR,yfinance,2026-02-10T05:10:38.179198+00:00
2011-04-12,50.47999954223633,52.16999816894531,50.34000015258789,52.08000183105469,34.466766357421875,3674800,TPR,yfinance,2026-02-10T05:10:38.179198+00:00
2011-04-13,52.43000030517578,54.09000015258789,52.25,53.970001220703125,35.71758270263672,4555100,TPR,yfinance,2026-02-10T05:10:38.179198+00:00
2011-04-14,53.93000030517578,54.619998931884766,53.43000030517578,54.41999816894531,36.01538848876953,4314300,TPR,yfinance,2026-02-10T05:10:38.179198+00:00
2011-04-15,54.529998779296875,55.0,54.38999938964844,54.459999084472656,36.041873931884766,2816800,TPR,yfinance,2026-02-10T05:10:38.179198+00:00
2011-04-18,53.7599983215332,54.650001525878906,53.5,54.58000183105469,36.121280670166016,2581200,TPR,yfinance,2026-02-10T05:10:38.179198+00:00
2011-04-19,54.81999969482422,55.599998474121094,54.81999969482422,55.08000183105469,36.45218276977539,2272900,TPR,yfinance,2026-02-10T05:10:38.179198+00:00
2011-04-20,56.22999954223633,57.83000183105469,56.22999954223633,57.2599983215332,37.89490509033203,3495800,TPR,yfinance,2026-02-10T05:10:38.179198+00:00
2011-04-21,57.15999984741211,57.720001220703125,56.41999816894531,57.650001525878906,38.15300750732422,2369600,TPR,yfinance,2026-02-10T05:10:38.179198+00:00
2011-04-25,57.650001525878906,57.650001525878906,56.459999084472656,57.08000183105469,37.77579116821289,3509000,TPR,yfinance,2026-02-10T05:10:38.179198+00:00
2011-04-26,56.40999984741211,57.31999969482422,56.099998474121094,57.25,37.88829803466797,4400000,TPR,yfinance,2026-02-10T05:10:38.179198+00:00
2011-04-27,57.59000015258789,58.849998474121094,57.41999816894531,58.130001068115234,38.4706916809082,3711500,TPR,yfinance,2026-02-10T05:10:38.179198+00:00
2011-04-28,58.130001068115234,60.630001068115234,58.0099983215332,60.34000015258789,39.93328094482422,5354400,TPR,yfinance,2026-02-10T05:10:38.179198+00:00
2011-04-29,59.66999816894531,60.29999923706055,59.650001525878906,59.810001373291016,39.58252716064453,2800000,TPR,yfinance,2026-02-10T05:10:38.179198+00:00
2011-05-02,60.15999984741211,60.45000076293945,58.810001373291016,59.13999938964844,39.13911437988281,2199700,TPR,yfinance,2026-02-10T05:10:38.179198+00:00
2011-05-03,59.099998474121094,59.369998931884766,58.400001525878906,59.16999816894531,39.158958435058594,2108900,TPR,yfinance,2026-02-10T05:10:38.179198+00:00
2011-05-04,58.91999816894531,59.79999923706055,58.41999816894531,58.630001068115234,38.80158233642578,2887800,TPR,yfinance,2026-02-10T05:10:38.179198+00:00
2011-05-05,58.310001373291016,59.77000045776367,58.040000915527344,59.11000061035156,39.11924362182617,2486800,TPR,yfinance,2026-02-10T05:10:38.179198+00:00
2011-05-06,59.77000045776367,59.95000076293945,59.18000030517578,59.66999816894531,39.48986053466797,3810600,TPR,yfinance,2026-02-10T05:10:38.179198+00:00
2011-05-09,59.5,60.5,59.08000183105469,59.970001220703125,39.68841552734375,2652500,TPR,yfinance,2026-02-10T05:10:38.179198+00:00
2011-05-10,60.54999923706055,61.189998626708984,59.95000076293945,60.65999984741211,40.14503860473633,3188800,TPR,yfinance,2026-02-10T05:10:38.179198+00:00
2011-05-11,60.630001068115234,60.869998931884766,59.29999923706055,59.779998779296875,39.562660217285156,2690800,TPR,yfinance,2026-02-10T05:10:38.179198+00:00
2011-05-12,59.63999938964844,61.2400016784668,59.439998626708984,61.220001220703125,40.51565170288086,3030100,TPR,yfinance,2026-02-10T05:10:38.179198+00:00
2011-05-13,61.22999954223633,61.439998626708984,59.880001068115234,59.9900016784668,39.701637268066406,3139000,TPR,yfinance,2026-02-10T05:10:38.179198+00:00
2011-05-16,59.779998779296875,60.27000045776367,58.970001220703125,59.06999969482422,39.092769622802734,2101200,TPR,yfinance,2026-02-10T05:10:38.179198+00:00
2011-05-17,58.91999816894531,59.20000076293945,58.0099983215332,58.79999923706055,38.914093017578125,2063400,TPR,yfinance,2026-02-10T05:10:38.179198+00:00
2011-05-18,58.97999954223633,59.959999084472656,58.849998474121094,59.810001373291016,39.58252716064453,2239500,TPR,yfinance,2026-02-10T05:10:38.179198+00:00
2011-05-19,60.099998474121094,60.650001525878906,59.7599983215332,60.650001525878906,40.138431549072266,2345800,TPR,yfinance,2026-02-10T05:10:38.179198+00:00
2011-05-20,60.400001525878906,60.439998626708984,59.119998931884766,59.47999954223633,39.3641242980957,2567000,TPR,yfinance,2026-02-10T05:10:38.179198+00:00
2011-05-23,58.58000183105469,59.33000183105469,58.40999984741211,59.060001373291016,39.086158752441406,2343000,TPR,yfinance,2026-02-10T05:10:38.179198+00:00
2011-05-24,59.189998626708984,60.220001220703125,58.970001220703125,59.959999084472656,39.681793212890625,2823000,TPR,yfinance,2026-02-10T05:10:38.179198+00:00
2011-05-25,58.869998931884766,60.869998931884766,58.599998474121094,60.63999938964844,40.13180160522461,4457800,TPR,yfinance,2026-02-10T05:10:38.179198+00:00
2011-05-26,60.959999084472656,63.869998931884766,60.959999084472656,63.68000030517578,42.143699645996094,6779200,TPR,yfinance,2026-02-10T05:10:38.179198+00:00
2011-05-27,63.630001068115234,64.0,63.2599983215332,63.90999984741211,42.29591751098633,3169900,TPR,yfinance,2026-02-10T05:10:38.179198+00:00
2011-05-31,64.37999725341797,64.43000030517578,63.04999923706055,63.65999984741211,42.130455017089844,3331000,TPR,yfinance,2026-02-10T05:10:38.179198+00:00
2011-06-01,63.36000061035156,63.72999954223633,62.31999969482422,62.380001068115234,41.283363342285156,3313000,TPR,yfinance,2026-02-10T05:10:38.179198+00:00
2011-06-02,62.189998626708984,62.52000045776367,61.400001525878906,61.790000915527344,41.04090881347656,3586700,TPR,yfinance,2026-02-10T05:10:38.179198+00:00
2011-06-03,60.86000061035156,62.029998779296875,60.619998931884766,61.0099983215332,40.5228385925293,2921400,TPR,yfinance,2026-02-10T05:10:38.179198+00:00
2011-06-06,60.88999938964844,61.310001373291016,60.209999084472656,60.279998779296875,40.03797912597656,2919500,TPR,yfinance,2026-02-10T05:10:38.179198+00:00
2011-06-07,60.38999938964844,61.0,59.810001373291016,59.849998474121094,39.75237274169922,2955800,TPR,yfinance,2026-02-10T05:10:38.179198+00:00
2011-06-08,59.540000915527344,59.86000061035156,58.310001373291016,58.58000183105469,38.90884780883789,3804400,TPR,yfinance,2026-02-10T05:10:38.179198+00:00
2011-06-09,59.43000030517578,60.36000061035156,59.099998474121094,59.9900016784668,39.84534454345703,5125200,TPR,yfinance,2026-02-10T05:10:38.179198+00:00
2011-06-10,59.63999938964844,60.15999984741211,58.630001068115234,59.119998931884766,39.26750564575195,3840900,TPR,yfinance,2026-02-10T05:10:38.179198+00:00
2011-06-13,59.189998626708984,59.9900016784668,58.459999084472656,58.7599983215332,39.02839660644531,2773300,TPR,yfinance,2026-02-10T05:10:38.179198+00:00
2011-06-14,59.63999938964844,59.95000076293945,59.27000045776367,59.75,39.685951232910156,2803700,TPR,yfinance,2026-02-10T05:10:38.179198+00:00
2011-06-15,59.400001525878906,59.91999816894531,58.31999969482422,58.380001068115234,38.77599334716797,3738300,TPR,yfinance,2026-02-10T05:10:38.179198+00:00
2011-06-16,58.209999084472656,58.810001373291016,57.61000061035156,58.630001068115234,38.942047119140625,3488800,TPR,yfinance,2026-02-10T05:10:38.179198+00:00
2011-06-17,59.2599983215332,60.400001525878906,59.2599983215332,59.310001373291016,39.39369201660156,3446700,TPR,yfinance,2026-02-10T05:10:38.179198+00:00
2011-06-20,59.2400016784668,60.7400016784668,59.16999816894531,60.380001068115234,40.10440444946289,1674500,TPR,yfinance,2026-02-10T05:10:38.179198+00:00
2011-06-21,60.709999084472656,61.75,60.560001373291016,61.45000076293945,40.815086364746094,2112400,TPR,yfinance,2026-02-10T05:10:38.179198+00:00
2011-06-22,61.13999938964844,61.45000076293945,60.560001373291016,60.59000015258789,40.24386978149414,2642400,TPR,yfinance,2026-02-10T05:10:38.179198+00:00
2011-06-23,59.66999816894531,60.95000076293945,59.220001220703125,60.88999938964844,40.4431266784668,3096200,TPR,yfinance,2026-02-10T05:10:38.179198+00:00
2011-06-24,59.65999984741211,60.119998931884766,58.470001220703125,58.65999984741211,38.961971282958984,6717900,TPR,yfinance,2026-02-10T05:10:38.179198+00:00
2011-06-27,58.650001525878906,59.810001373291016,58.5,59.20000076293945,39.320648193359375,2577000,TPR,yfinance,2026-02-10T05:10:38.179198+00:00
2011-06-28,59.5,60.689998626708984,59.349998474121094,60.630001068115234,40.270442962646484,2480700,TPR,yfinance,2026-02-10T05:10:38.179198+00:00
2011-06-29,61.099998474121094,62.459999084472656,60.95000076293945,62.09000015258789,41.24018096923828,4055900,TPR,yfinance,2026-02-10T05:10:38.179198+00:00
2011-06-30,62.689998626708984,64.19999694824219,62.41999816894531,63.93000030517578,42.46228790283203,4404400,TPR,yfinance,2026-02-10T05:10:38.179198+00:00
2011-07-01,63.90999984741211,66.13999938964844,63.83000183105469,65.98999786376953,43.8305549621582,4265000,TPR,yfinance,2026-02-10T05:10:38.179198+00:00
2011-07-05,65.97000122070312,66.97000122070312,65.30000305175781,66.76000213623047,44.34198760986328,3591500,TPR,yfinance,2026-02-10T05:10:38.179198+00:00
2011-07-06,66.56999969482422,67.63999938964844,66.30000305175781,67.62000274658203,44.913211822509766,4445700,TPR,yfinance,2026-02-10T05:10:38.179198+00:00
2011-07-07,68.13999938964844,69.19999694824219,66.75,66.87999725341797,44.421695709228516,5003200,TPR,yfinance,2026-02-10T05:10:38.179198+00:00
2011-07-08,65.87000274658203,66.8499984741211,65.4800033569336,66.81999969482422,44.381839752197266,2925400,TPR,yfinance,2026-02-10T05:10:38.179198+00:00
2011-07-11,65.91999816894531,67.11000061035156,65.87000274658203,66.20999908447266,43.976680755615234,3015200,TPR,yfinance,2026-02-10T05:10:38.179198+00:00
2011-07-12,66.22000122070312,66.86000061035156,65.87000274658203,65.94999694824219,43.80398178100586,2738900,TPR,yfinance,2026-02-10T05:10:38.179198+00:00
2011-07-13,66.66999816894531,67.30000305175781,65.72000122070312,65.91999816894531,43.7840576171875,2191200,TPR,yfinance,2026-02-10T05:10:38.179198+00:00
2011-07-14,65.94999694824219,66.30000305175781,64.88999938964844,65.33000183105469,43.39218521118164,2158600,TPR,yfinance,2026-02-10T05:10:38.179198+00:00
2011-07-15,65.69999694824219,66.08000183105469,64.87999725341797,65.4800033569336,43.4918327331543,2044400,TPR,yfinance,2026-02-10T05:10:38.179198+00:00
2011-07-18,65.0199966430664,66.04000091552734,65.0199966430664,65.54000091552734,43.53168487548828,1748600,TPR,yfinance,2026-02-10T05:10:38.179198+00:00
2011-07-19,66.01000213623047,67.62000274658203,65.9000015258789,67.4000015258789,44.7670783996582,2041400,TPR,yfinance,2026-02-10T05:10:38.179198+00:00
2011-07-20,67.5199966430664,67.55999755859375,66.19000244140625,66.30000305175781,44.03645706176758,1783800,TPR,yfinance,2026-02-10T05:10:38.179198+00:00
2011-07-21,66.91000366210938,68.12999725341797,66.79000091552734,67.2699966430664,44.680721282958984,1771200,TPR,yfinance,2026-02-10T05:10:38.179198+00:00
2011-07-22,66.66999816894531,67.41000366210938,66.33000183105469,66.80000305175781,44.368560791015625,1696800,TPR,yfinance,2026-02-10T05:10:38.179198+00:00
2011-07-25,65.88999938964844,66.69000244140625,65.73999786376953,66.31999969482422,44.04973602294922,2068500,TPR,yfinance,2026-02-10T05:10:38.179198+00:00
2011-07-26,66.2699966430664,66.58999633789062,65.83999633789062,66.02999877929688,43.85712432861328,2648200,TPR,yfinance,2026-02-10T05:10:38.179198+00:00
2011-07-27,65.81999969482422,66.13999938964844,63.869998931884766,64.05000305175781,42.5420036315918,2188000,TPR,yfinance,2026-02-10T05:10:38.179198+00:00
2011-07-28,64.43000030517578,65.62000274658203,64.22000122070312,64.4000015258789,42.77447509765625,1896900,TPR,yfinance,2026-02-10T05:10:38.179198+00:00
2011-07-29,63.779998779296875,65.27999877929688,63.13999938964844,64.55999755859375,42.880760192871094,2270900,TPR,yfinance,2026-02-10T05:10:38.179198+00:00
2011-08-01,66.18000030517578,66.88999938964844,63.61000061035156,65.29000091552734,43.3656120300293,3419600,TPR,yfinance,2026-02-10T05:10:38.179198+00:00
2011-08-02,62.310001373291016,64.20999908447266,60.849998474121094,61.029998779296875,40.536128997802734,7799800,TPR,yfinance,2026-02-10T05:10:38.179198+00:00
2011-08-03,61.54999923706055,61.97999954223633,59.63999938964844,61.91999816894531,41.127254486083984,4016800,TPR,yfinance,2026-02-10T05:10:38.179198+00:00
2011-08-04,60.75,61.15999984741211,57.5099983215332,58.09000015258789,38.5833854675293,6931700,TPR,yfinance,2026-02-10T05:10:38.179198+00:00
2011-08-05,58.560001373291016,58.58000183105469,54.52000045776367,56.959999084472656,37.83282470703125,8915600,TPR,yfinance,2026-02-10T05:10:38.179198+00:00
2011-08-08,53.83000183105469,55.310001373291016,50.02000045776367,50.20000076293945,33.342857360839844,7753900,TPR,yfinance,2026-02-10T05:10:38.179198+00:00
2011-08-09,50.79999923706055,53.68000030517578,49.02000045776367,53.09000015258789,35.26237487792969,10918500,TPR,yfinance,2026-02-10T05:10:38.179198+00:00
2011-08-10,52.25,55.029998779296875,51.619998931884766,52.630001068115234,34.95683670043945,6396300,TPR,yfinance,2026-02-10T05:10:38.179198+00:00
2011-08-11,53.27000045776367,53.650001525878906,51.400001525878906,52.869998931884766,35.11626434326172,8658200,TPR,yfinance,2026-02-10T05:10:38.179198+00:00
2011-08-12,53.709999084472656,55.04999923706055,53.25,54.380001068115234,36.11919021606445,5014600,TPR,yfinance,2026-02-10T05:10:38.179198+00:00
2011-08-15,54.810001373291016,55.25,53.130001068115234,54.779998779296875,36.3848762512207,4658400,TPR,yfinance,2026-02-10T05:10:38.179198+00:00
2011-08-16,54.02000045776367,54.20000076293945,51.7599983215332,52.310001373291016,34.74430847167969,5222200,TPR,yfinance,2026-02-10T05:10:38.179198+00:00
2011-08-17,52.68000030517578,53.0099983215332,50.59000015258789,51.0,33.87419128417969,6646600,TPR,yfinance,2026-02-10T05:10:38.179198+00:00
2011-08-18,49.18000030517578,49.279998779296875,45.7599983215332,46.630001068115234,30.971643447875977,9165400,TPR,yfinance,2026-02-10T05:10:38.179198+00:00
2011-08-19,46.13999938964844,48.380001068115234,45.70000076293945,45.959999084472656,30.526628494262695,5403200,TPR,yfinance,2026-02-10T05:10:38.179198+00:00
2011-08-22,47.040000915527344,48.54999923706055,46.79999923706055,47.20000076293945,31.350236892700195,7256600,TPR,yfinance,2026-02-10T05:10:38.179198+00:00
2011-08-23,48.18000030517578,51.279998779296875,47.22999954223633,51.27000045776367,34.05353927612305,6415300,TPR,yfinance,2026-02-10T05:10:38.179198+00:00
2011-08-24,50.95000076293945,52.75,50.83000183105469,52.599998474121094,34.93692398071289,5296800,TPR,yfinance,2026-02-10T05:10:38.179198+00:00
2011-08-25,52.7400016784668,53.400001525878906,51.290000915527344,51.439998626708984,34.16645050048828,4494700,TPR,yfinance,2026-02-10T05:10:38.179198+00:00
2011-08-26,51.4900016784668,54.970001220703125,51.38999938964844,54.7599983215332,36.37157440185547,5639500,TPR,yfinance,2026-02-10T05:10:38.179198+00:00
2011-08-29,55.119998931884766,55.93000030517578,54.95000076293945,55.869998931884766,37.10885238647461,2723200,TPR,yfinance,2026-02-10T05:10:38.179198+00:00
2011-08-30,55.54999923706055,56.13999938964844,54.869998931884766,55.709999084472656,37.002586364746094,4321600,TPR,yfinance,2026-02-10T05:10:38.179198+00:00
2011-08-31,55.9900016784668,57.15999984741211,55.59000015258789,56.220001220703125,37.3413200378418,4382300,TPR,yfinance,2026-02-10T05:10:38.179198+00:00
2011-09-01,56.09000015258789,57.68000030517578,55.279998779296875,55.380001068115234,36.93119430541992,3772600,TPR,yfinance,2026-02-10T05:10:38.179198+00:00
2011-09-02,53.81999969482422,54.0099983215332,52.790000915527344,53.209999084472656,35.484092712402344,2724700,TPR,yfinance,2026-02-10T05:10:38.179198+00:00
2011-09-06,50.79999923706055,53.25,50.56999969482422,53.130001068115234,35.43074417114258,2939600,TPR,yfinance,2026-02-10T05:10:38.179198+00:00
2011-09-07,54.59000015258789,55.56999969482422,54.02000045776367,55.540000915527344,37.037906646728516,3092400,TPR,yfinance,2026-02-10T05:10:38.179198+00:00
2011-09-08,54.9900016784668,56.43000030517578,54.279998779296875,54.7400016784668,36.5044059753418,2938100,TPR,yfinance,2026-02-10T05:10:38.179198+00:00
2011-09-09,54.2400016784668,55.220001220703125,53.060001373291016,53.63999938964844,35.770843505859375,3186300,TPR,yfinance,2026-02-10T05:10:38.179198+00:00
2011-09-12,52.88999938964844,54.900001525878906,52.650001525878906,54.88999938964844,36.604427337646484,2521000,TPR,yfinance,2026-02-10T05:10:38.179198+00:00
2011-09-13,55.0,57.18000030517578,54.650001525878906,56.810001373291016,37.884822845458984,3588900,TPR,yfinance,2026-02-10T05:10:38.179198+00:00
2011-09-14,56.900001525878906,57.939998626708984,55.540000915527344,57.099998474121094,38.07822036743164,3784300,TPR,yfinance,2026-02-10T05:10:38.179198+00:00
2011-09-15,57.75,59.95000076293945,57.099998474121094,59.470001220703125,39.658695220947266,4703400,TPR,yfinance,2026-02-10T05:10:38.179198+00:00
2011-09-16,59.63999938964844,60.0,58.709999084472656,59.4900016784668,39.67203140258789,4693000,TPR,yfinance,2026-02-10T05:10:38.179198+00:00
2011-09-19,58.369998931884766,60.4900016784668,57.790000915527344,60.04999923706055,40.04548263549805,2476800,TPR,yfinance,2026-02-10T05:10:38.179198+00:00
2011-09-20,60.150001525878906,61.04999923706055,58.47999954223633,59.349998474121094,39.57867431640625,3890700,TPR,yfinance,2026-02-10T05:10:38.179198+00:00
2011-09-21,59.459999084472656,60.349998474121094,56.72999954223633,56.7599983215332,37.85147476196289,2785400,TPR,yfinance,2026-02-10T05:10:38.179198+00:00
2011-09-22,54.470001220703125,55.81999969482422,53.150001525878906,54.5099983215332,36.35101318359375,4768000,TPR,yfinance,2026-02-10T05:10:38.179198+00:00
2011-09-23,54.459999084472656,56.90999984741211,54.29999923706055,56.77000045776367,37.858154296875,3233700,TPR,yfinance,2026-02-10T05:10:38.179198+00:00
2011-09-26,57.099998474121094,57.599998474121094,55.11000061035156,57.5,38.34495544433594,2773500,TPR,yfinance,2026-02-10T05:10:38.179198+00:00
2011-09-27,58.88999938964844,60.900001525878906,58.459999084472656,58.869998931884766,39.258583068847656,3947900,TPR,yfinance,2026-02-10T05:10:38.179198+00:00
2011-09-28,58.84000015258789,59.220001220703125,57.33000183105469,57.5,38.34495544433594,2120100,TPR,yfinance,2026-02-10T05:10:38.179198+00:00
2011-09-29,58.939998626708984,58.939998626708984,51.29999923706055,54.0,36.01091384887695,7311100,TPR,yfinance,2026-02-10T05:10:38.179198+00:00
2011-09-30,52.349998474121094,54.09000015258789,50.349998474121094,51.83000183105469,34.563819885253906,5382900,TPR,yfinance,2026-02-10T05:10:38.179198+00:00
2011-10-03,51.33000183105469,53.5,50.5099983215332,50.58000183105469,33.7302360534668,4981100,TPR,yfinance,2026-02-10T05:10:38.179198+00:00
2011-10-04,49.709999084472656,52.88999938964844,48.369998931884766,52.72999954223633,35.163997650146484,4198700,TPR,yfinance,2026-02-10T05:10:38.179198+00:00
2011-10-05,52.619998931884766,53.470001220703125,51.66999816894531,53.25,35.510765075683594,2952300,TPR,yfinance,2026-02-10T05:10:38.179198+00:00
2011-10-06,53.709999084472656,56.810001373291016,53.709999084472656,56.779998779296875,37.86482238769531,4204900,TPR,yfinance,2026-02-10T05:10:38.179198+00:00
2011-10-07,56.869998931884766,57.5,55.68000030517578,56.470001220703125,37.6580810546875,3629800,TPR,yfinance,2026-02-10T05:10:38.179198+00:00
2011-10-10,57.599998474121094,60.2599983215332,57.599998474121094,59.9900016784668,40.005455017089844,3112700,TPR,yfinance,2026-02-10T05:10:38.179198+00:00
2011-10-11,59.400001525878906,59.810001373291016,58.619998931884766,59.290000915527344,39.53865432739258,3098800,TPR,yfinance,2026-02-10T05:10:38.179198+00:00
2011-10-12,59.880001068115234,62.529998779296875,59.40999984741211,61.08000183105469,40.732337951660156,4456700,TPR,yfinance,2026-02-10T05:10:38.179198+00:00
2011-10-13,60.119998931884766,60.959999084472656,59.27000045776367,60.599998474121094,40.412254333496094,3105800,TPR,yfinance,2026-02-10T05:10:38.179198+00:00
2011-10-14,61.779998779296875,62.33000183105469,60.97999954223633,62.08000183105469,41.39923095703125,2295500,TPR,yfinance,2026-02-10T05:10:38.179198+00:00
2011-10-17,61.689998626708984,62.459999084472656,60.349998474121094,60.5,40.34557342529297,2174600,TPR,yfinance,2026-02-10T05:10:38.179198+00:00
2011-10-18,60.59000015258789,61.380001068115234,58.38999938964844,60.88999938964844,40.60564041137695,3603200,TPR,yfinance,2026-02-10T05:10:38.179198+00:00
2011-10-19,61.040000915527344,61.119998931884766,58.91999816894531,59.20000076293945,39.4786491394043,3402700,TPR,yfinance,2026-02-10T05:10:38.179198+00:00
2011-10-20,59.029998779296875,59.540000915527344,57.779998779296875,59.02000045776367,39.35860061645508,3262800,TPR,yfinance,2026-02-10T05:10:38.179198+00:00
2011-10-21,60.150001525878906,61.0,58.880001068115234,60.540000915527344,40.372249603271484,3416500,TPR,yfinance,2026-02-10T05:10:38.179198+00:00
2011-10-24,60.9900016784668,63.36000061035156,60.9900016784668,62.65999984741211,41.78600311279297,3808300,TPR,yfinance,2026-02-10T05:10:38.179198+00:00
2011-10-25,62.459999084472656,64.0,61.36000061035156,61.560001373291016,41.05244827270508,4047800,TPR,yfinance,2026-02-10T05:10:38.179198+00:00
2011-10-26,63.09000015258789,63.33000183105469,60.61000061035156,62.380001068115234,41.59928894042969,4103900,TPR,yfinance,2026-02-10T05:10:38.179198+00:00
2011-10-27,64.25,65.4800033569336,62.540000915527344,64.79000091552734,43.206443786621094,4460600,TPR,yfinance,2026-02-10T05:10:38.179198+00:00
2011-10-28,63.86000061035156,66.54000091552734,63.72999954223633,66.36000061035156,44.2534294128418,4182300,TPR,yfinance,2026-02-10T05:10:38.179198+00:00
2011-10-31,65.05000305175781,66.52999877929688,64.7300033569336,65.06999969482422,43.39315414428711,4750000,TPR,yfinance,2026-02-10T05:10:38.179198+00:00
2011-11-01,62.060001373291016,64.29000091552734,61.0,62.88999938964844,41.93938446044922,4273700,TPR,yfinance,2026-02-10T05:10:38.179198+00:00
2011-11-02,64.16999816894531,64.81999969482422,63.5099983215332,64.26000213623047,42.85300064086914,3222400,TPR,yfinance,2026-02-10T05:10:38.179198+00:00
2011-11-03,64.62000274658203,65.73999786376953,62.869998931884766,65.63999938964844,43.77326583862305,3493500,TPR,yfinance,2026-02-10T05:10:38.179198+00:00
2011-11-04,64.30000305175781,65.33999633789062,63.900001525878906,65.06999969482422,43.39315414428711,3195900,TPR,yfinance,2026-02-10T05:10:38.179198+00:00
2011-11-07,64.7300033569336,65.44000244140625,63.33000183105469,64.2699966430664,42.85966110229492,2507700,TPR,yfinance,2026-02-10T05:10:38.179198+00:00
2011-11-08,64.87000274658203,65.56999969482422,63.83000183105469,65.45999908447266,43.65323257446289,2491500,TPR,yfinance,2026-02-10T05:10:38.179198+00:00
2011-11-09,63.790000915527344,64.12000274658203,62.290000915527344,62.560001373291016,41.71932601928711,2647000,TPR,yfinance,2026-02-10T05:10:38.179198+00:00
2011-11-10,63.630001068115234,63.7599983215332,62.02000045776367,62.59000015258789,41.73933029174805,3380300,TPR,yfinance,2026-02-10T05:10:38.179198+00:00
2011-11-11,63.369998931884766,64.48999786376953,63.119998931884766,64.41999816894531,42.959686279296875,2985900,TPR,yfinance,2026-02-10T05:10:38.179198+00:00
2011-11-14,63.9900016784668,65.5,63.880001068115234,64.58999633789062,43.073055267333984,1983900,TPR,yfinance,2026-02-10T05:10:38.179198+00:00
2011-11-15,64.25,64.98999786376953,63.369998931884766,64.38999938964844,42.9396858215332,2605900,TPR,yfinance,2026-02-10T05:10:38.179198+00:00
2011-11-16,63.97999954223633,64.31999969482422,62.52000045776367,62.77000045776367,41.8593635559082,2198500,TPR,yfinance,2026-02-10T05:10:38.179198+00:00
2011-11-17,62.54999923706055,63.0,60.58000183105469,61.470001220703125,40.99243927001953,2724600,TPR,yfinance,2026-02-10T05:10:38.179198+00:00
2011-11-18,61.93000030517578,62.0,60.540000915527344,60.79999923706055,40.545623779296875,2559000,TPR,yfinance,2026-02-10T05:10:38.179198+00:00
2011-11-21,59.689998626708984,60.099998474121094,58.650001525878906,59.790000915527344,39.87208557128906,2761500,TPR,yfinance,2026-02-10T05:10:38.179198+00:00
2011-11-22,59.61000061035156,60.470001220703125,59.20000076293945,59.880001068115234,39.93210983276367,2114600,TPR,yfinance,2026-02-10T05:10:38.179198+00:00
2011-11-23,59.18000030517578,59.58000183105469,58.349998474121094,58.70000076293945,39.14520263671875,2877400,TPR,yfinance,2026-02-10T05:10:38.179198+00:00
2011-11-25,58.36000061035156,59.209999084472656,58.22999954223633,58.25,38.845115661621094,1042300,TPR,yfinance,2026-02-10T05:10:38.179198+00:00
2011-11-28,61.22999954223633,62.38999938964844,61.209999084472656,62.130001068115234,41.43256759643555,3032200,TPR,yfinance,2026-02-10T05:10:38.179198+00:00
2011-11-29,59.86000061035156,61.279998779296875,59.099998474121094,60.20000076293945,40.14551544189453,5432200,TPR,yfinance,2026-02-10T05:10:38.179198+00:00
2011-11-30,62.5,63.20000076293945,61.83000183105469,62.59000015258789,41.73933029174805,4736800,TPR,yfinance,2026-02-10T05:10:38.179198+00:00
2011-12-01,61.56999969482422,63.060001373291016,61.29999923706055,62.689998626708984,41.956844329833984,2584900,TPR,yfinance,2026-02-10T05:10:38.179198+00:00
2011-12-02,63.11000061035156,63.97999954223633,62.060001373291016,62.20000076293945,41.62889099121094,2848200,TPR,yfinance,2026-02-10T05:10:38.179198+00:00
2011-12-05,63.09000015258789,63.77000045776367,62.290000915527344,63.470001220703125,42.47888946533203,4080000,TPR,yfinance,2026-02-10T05:10:38.179198+00:00
2011-12-06,63.70000076293945,63.779998779296875,63.04999923706055,63.09000015258789,42.22454833984375,3095600,TPR,yfinance,2026-02-10T05:10:38.179198+00:00
2011-12-07,62.84000015258789,63.150001525878906,62.150001525878906,62.650001525878906,41.93006134033203,2161900,TPR,yfinance,2026-02-10T05:10:38.179198+00:00
2011-12-08,62.25,62.88999938964844,60.869998931884766,61.04999923706055,40.859230041503906,2755300,TPR,yfinance,2026-02-10T05:10:38.179198+00:00
2011-12-09,61.310001373291016,62.619998931884766,61.119998931884766,62.45000076293945,41.796199798583984,2160000,TPR,yfinance,2026-02-10T05:10:38.179198+00:00
2011-12-12,61.81999969482422,61.84000015258789,61.08000183105469,61.529998779296875,41.180484771728516,2811100,TPR,yfinance,2026-02-10T05:10:38.179198+00:00
2011-12-13,61.810001373291016,62.130001068115234,59.63999938964844,60.060001373291016,40.1966438293457,2358700,TPR,yfinance,2026-02-10T05:10:38.179198+00:00
2011-12-14,59.75,60.0,58.880001068115234,59.5099983215332,39.82853317260742,2828500,TPR,yfinance,2026-02-10T05:10:38.179198+00:00
2011-12-15,59.709999084472656,59.849998474121094,58.16999816894531,58.810001373291016,39.360050201416016,3401600,TPR,yfinance,2026-02-10T05:10:38.179198+00:00
2011-12-16,59.29999923706055,59.61000061035156,57.31999969482422,57.59000015258789,38.54354476928711,4984800,TPR,yfinance,2026-02-10T05:10:38.179198+00:00
2011-12-19,58.08000183105469,58.5099983215332,56.720001220703125,56.91999816894531,38.095115661621094,2399500,TPR,yfinance,2026-02-10T05:10:38.179198+00:00
2011-12-20,57.810001373291016,58.88999938964844,57.599998474121094,58.63999938964844,39.246273040771484,1792900,TPR,yfinance,2026-02-10T05:10:38.179198+00:00
2011-12-21,58.470001220703125,59.900001525878906,58.33000183105469,59.869998931884766,40.069488525390625,2585800,TPR,yfinance,2026-02-10T05:10:38.179198+00:00
2011-12-22,59.70000076293945,60.29999923706055,59.220001220703125,59.7400016784668,39.98246765136719,1924100,TPR,yfinance,2026-02-10T05:10:38.179198+00:00
2011-12-23,59.90999984741211,61.2400016784668,59.79999923706055,61.189998626708984,40.952911376953125,1151300,TPR,yfinance,2026-02-10T05:10:38.179198+00:00
2011-12-27,60.9900016784668,62.15999984741211,60.38999938964844,61.7400016784668,41.32103729248047,1522000,TPR,yfinance,2026-02-10T05:10:38.179198+00:00
2011-12-28,61.86000061035156,62.040000915527344,60.79999923706055,60.86000061035156,40.73207092285156,1290500,TPR,yfinance,2026-02-10T05:10:38.179198+00:00
2011-12-29,61.130001068115234,61.630001068115234,60.7599983215332,61.540000915527344,41.18716812133789,1115800,TPR,yfinance,2026-02-10T05:10:38.179198+00:00
2011-12-30,61.40999984741211,62.04999923706055,61.040000915527344,61.040000915527344,40.8525505065918,1130000,TPR,yfinance,2026-02-10T05:10:38.179198+00:00
2012-01-03,61.91999816894531,61.91999816894531,59.95000076293945,60.040000915527344,40.183258056640625,2666000,TPR,yfinance,2026-02-10T05:10:38.179198+00:00
2012-01-04,59.970001220703125,61.97999954223633,59.79999923706055,61.59000015258789,41.220645904541016,2773100,TPR,yfinance,2026-02-10T05:10:38.179198+00:00
2012-01-05,61.13999938964844,62.0099983215332,60.459999084472656,61.86000061035156,41.4013557434082,2593700,TPR,yfinance,2026-02-10T05:10:38.179198+00:00
2012-01-06,62.040000915527344,62.939998626708984,61.220001220703125,62.63999938964844,41.923377990722656,2667200,TPR,yfinance,2026-02-10T05:10:38.179198+00:00
2012-01-09,62.9900016784668,63.63999938964844,62.09000015258789,62.86000061035156,42.07060623168945,2879100,TPR,yfinance,2026-02-10T05:10:38.179198+00:00
2012-01-10,62.060001373291016,62.75,61.56999969482422,62.31999969482422,41.70920181274414,4042000,TPR,yfinance,2026-02-10T05:10:38.179198+00:00
2012-01-11,61.810001373291016,62.0099983215332,60.689998626708984,61.0,40.825767517089844,4301400,TPR,yfinance,2026-02-10T05:10:38.179198+00:00
2012-01-12,60.4900016784668,61.38999938964844,59.7400016784668,61.349998474121094,41.06000518798828,4650600,TPR,yfinance,2026-02-10T05:10:38.179198+00:00
2012-01-13,60.9900016784668,62.099998474121094,60.959999084472656,62.02000045776367,41.50841522216797,3577000,TPR,yfinance,2026-02-10T05:10:38.179198+00:00
2012-01-17,62.41999816894531,62.91999816894531,61.959999084472656,62.66999816894531,41.943458557128906,3072800,TPR,yfinance,2026-02-10T05:10:38.179198+00:00
2012-01-18,62.4900016784668,64.5999984741211,62.4900016784668,64.55000305175781,43.20169448852539,2931200,TPR,yfinance,2026-02-10T05:10:38.179198+00:00
2012-01-19,64.63999938964844,65.48999786376953,64.58999633789062,65.0,43.50286102294922,3301700,TPR,yfinance,2026-02-10T05:10:38.179198+00:00
2012-01-20,65.0999984741211,65.44999694824219,64.36000061035156,64.83999633789062,43.395782470703125,2816500,TPR,yfinance,2026-02-10T05:10:38.179198+00:00
2012-01-23,64.62000274658203,64.91999816894531,63.59000015258789,64.23999786376953,42.994205474853516,3753600,TPR,yfinance,2026-02-10T05:10:38.179198+00:00
2012-01-24,66.19999694824219,69.2300033569336,65.80000305175781,67.97000122070312,45.4906120300293,7441400,TPR,yfinance,2026-02-10T05:10:38.179198+00:00
2012-01-25,67.23999786376953,69.47000122070312,67.12999725341797,69.30000305175781,46.380733489990234,4322900,TPR,yfinance,2026-02-10T05:10:38.179198+00:00
2012-01-26,68.95999908447266,70.0,68.41999816894531,68.88999938964844,46.106319427490234,3303500,TPR,yfinance,2026-02-10T05:10:38.179198+00:00
2012-01-27,68.7699966430664,69.22000122070312,68.25,68.47000122070312,45.82524490356445,1968800,TPR,yfinance,2026-02-10T05:10:38.179198+00:00
2012-01-30,67.5199966430664,68.8499984741211,67.3499984741211,68.51000213623047,45.852012634277344,2349100,TPR,yfinance,2026-02-10T05:10:38.179198+00:00
2012-01-31,68.69000244140625,70.16000366210938,68.69000244140625,70.05000305175781,46.8827018737793,4255300,TPR,yfinance,2026-02-10T05:10:38.179198+00:00
2012-02-01,70.4000015258789,71.5,70.06999969482422,70.5999984741211,47.25079345703125,4678500,TPR,yfinance,2026-02-10T05:10:38.179198+00:00
2012-02-02,70.61000061035156,71.47000122070312,70.43000030517578,70.76000213623047,47.357879638671875,2495600,TPR,yfinance,2026-02-10T05:10:38.179198+00:00
2012-02-03,71.36000061035156,72.69000244140625,71.02999877929688,72.58999633789062,48.58265686035156,3171500,TPR,yfinance,2026-02-10T05:10:38.179198+00:00
2012-02-06,72.13999938964844,72.70999908447266,71.86000061035156,72.56999969482422,48.56926727294922,1807700,TPR,yfinance,2026-02-10T05:10:38.179198+00:00
2012-02-07,72.16000366210938,73.0,72.01000213623047,72.37999725341797,48.442108154296875,2400400,TPR,yfinance,2026-02-10T05:10:38.179198+00:00
2012-02-08,72.94999694824219,74.20999908447266,72.51000213623047,73.20999908447266,48.99761962890625,2539600,TPR,yfinance,2026-02-10T05:10:38.179198+00:00
2012-02-09,73.22000122070312,74.47000122070312,73.06999969482422,74.04000091552734,49.55310821533203,2594000,TPR,yfinance,2026-02-10T05:10:38.179198+00:00
2012-02-10,73.41999816894531,74.68000030517578,73.33000183105469,74.54000091552734,49.887760162353516,2865300,TPR,yfinance,2026-02-10T05:10:38.179198+00:00
2012-02-13,75.0999984741211,75.12000274658203,74.11000061035156,74.98999786376953,50.18891906738281,2181200,TPR,yfinance,2026-02-10T05:10:38.179198+00:00
2012-02-14,74.6500015258789,76.25,74.3499984741211,75.81999969482422,50.744422912597656,3359700,TPR,yfinance,2026-02-10T05:10:38.179198+00:00
2012-02-15,76.27999877929688,76.69999694824219,74.87999725341797,75.12000274658203,50.27593994140625,2389400,TPR,yfinance,2026-02-10T05:10:38.179198+00:00
2012-02-16,75.18000030517578,75.5199966430664,73.86000061035156,74.5199966430664,49.87435531616211,3145600,TPR,yfinance,2026-02-10T05:10:38.179198+00:00
2012-02-17,75.18000030517578,76.08999633789062,74.72000122070312,75.02999877929688,50.2156867980957,2804700,TPR,yfinance,2026-02-10T05:10:38.179198+00:00
2012-02-21,75.5999984741211,75.6500015258789,73.87999725341797,74.30000305175781,49.727134704589844,1937500,TPR,yfinance,2026-02-10T05:10:38.179198+00:00
2012-02-22,73.95999908447266,74.98999786376953,73.7300033569336,74.29000091552734,49.720436096191406,1968500,TPR,yfinance,2026-02-10T05:10:38.179198+00:00
2012-02-23,74.16000366210938,74.58999633789062,73.3499984741211,73.9800033569336,49.51296615600586,2353400,TPR,yfinance,2026-02-10T05:10:38.179198+00:00
2012-02-24,74.0,75.7699966430664,73.94999694824219,75.27999877929688,50.38300704956055,1892400,TPR,yfinance,2026-02-10T05:10:38.179198+00:00
2012-02-27,74.66999816894531,76.48999786376953,74.63999938964844,76.05000305175781,50.89834976196289,1613100,TPR,yfinance,2026-02-10T05:10:38.179198+00:00
2012-02-28,75.44000244140625,75.6500015258789,74.93000030517578,75.25,50.36293411254883,2577700,TPR,yfinance,2026-02-10T05:10:38.179198+00:00
2012-02-29,75.61000061035156,76.0199966430664,74.7300033569336,74.83999633789062,50.08854293823242,2595500,TPR,yfinance,2026-02-10T05:10:38.179198+00:00
2012-03-01,75.25,76.80000305175781,74.58999633789062,76.73999786376953,51.360130310058594,2326600,TPR,yfinance,2026-02-10T05:10:38.179198+00:00
2012-03-02,76.86000061035156,77.30000305175781,76.19999694824219,76.48999786376953,51.19282913208008,2235700,TPR,yfinance,2026-02-10T05:10:38.179198+00:00
2012-03-05,76.31999969482422,76.98999786376953,75.88999938964844,76.16999816894531,50.978675842285156,2335600,TPR,yfinance,2026-02-10T05:10:38.179198+00:00
2012-03-06,75.37999725341797,75.52999877929688,72.8499984741211,73.12000274658203,48.93736267089844,3950900,TPR,yfinance,2026-02-10T05:10:38.179198+00:00
2012-03-07,73.68000030517578,74.41000366210938,72.94999694824219,73.38999938964844,49.26968002319336,2586000,TPR,yfinance,2026-02-10T05:10:38.179198+00:00
2012-03-08,74.98999786376953,78.22000122070312,74.95999908447266,76.79000091552734,51.5522575378418,6206600,TPR,yfinance,2026-02-10T05:10:38.179198+00:00
2012-03-09,77.33999633789062,77.58000183105469,76.48999786376953,77.30999755859375,51.90133285522461,3110600,TPR,yfinance,2026-02-10T05:10:38.179198+00:00
2012-03-12,77.56999969482422,78.25,76.91000366210938,77.26000213623047,51.86779022216797,1706300,TPR,yfinance,2026-02-10T05:10:38.179198+00:00
2012-03-13,77.30999755859375,78.87000274658203,77.0,78.68000030517578,52.821083068847656,3032800,TPR,yfinance,2026-02-10T05:10:38.179198+00:00
2012-03-14,78.77999877929688,79.18000030517578,78.47000122070312,78.7699966430664,52.881492614746094,2533400,TPR,yfinance,2026-02-10T05:10:38.179198+00:00
2012-03-15,78.52999877929688,78.52999877929688,77.16999816894531,78.19000244140625,52.49214172363281,2105300,TPR,yfinance,2026-02-10T05:10:38.179198+00:00
2012-03-16,78.51000213623047,78.98999786376953,77.62999725341797,77.83999633789062,52.25715637207031,3225700,TPR,yfinance,2026-02-10T05:10:38.179198+00:00
2012-03-19,77.29000091552734,77.75,76.54000091552734,77.36000061035156,51.93491744995117,2188000,TPR,yfinance,2026-02-10T05:10:38.179198+00:00
2012-03-20,77.11000061035156,78.36000061035156,76.98999786376953,78.23999786376953,52.52568435668945,1875700,TPR,yfinance,2026-02-10T05:10:38.179198+00:00
2012-03-21,78.63999938964844,79.23999786376953,77.98999786376953,78.7699966430664,52.881492614746094,1575300,TPR,yfinance,2026-02-10T05:10:38.179198+00:00
2012-03-22,78.37999725341797,78.7699966430664,77.61000061035156,78.37000274658203,52.61296081542969,1826500,TPR,yfinance,2026-02-10T05:10:38.179198+00:00
2012-03-23,78.02999877929688,78.41999816894531,75.87999725341797,77.08999633789062,51.75364685058594,2709400,TPR,yfinance,2026-02-10T05:10:38.179198+00:00
2012-03-26,77.56999969482422,79.41999816894531,77.56999969482422,79.02999877929688,53.056034088134766,2163000,TPR,yfinance,2026-02-10T05:10:38.179198+00:00
2012-03-27,79.26000213623047,79.69999694824219,78.44000244140625,78.7300033569336,52.85464096069336,2023000,TPR,yfinance,2026-02-10T05:10:38.179198+00:00
2012-03-28,78.58999633789062,78.62000274658203,76.61000061035156,77.33999633789062,51.921470642089844,1688100,TPR,yfinance,2026-02-10T05:10:38.179198+00:00
2012-03-29,76.75,77.43000030517578,75.80000305175781,77.26000213623047,51.86779022216797,1931100,TPR,yfinance,2026-02-10T05:10:38.179198+00:00
2012-03-30,77.76000213623047,78.08000183105469,76.70999908447266,77.27999877929688,51.881221771240234,2174900,TPR,yfinance,2026-02-10T05:10:38.179198+00:00
2012-04-02,77.41999816894531,79.0,77.41999816894531,78.45999908447266,52.67336654663086,1880300,TPR,yfinance,2026-02-10T05:10:38.179198+00:00
2012-04-03,78.02999877929688,78.29000091552734,75.31999969482422,75.4800033569336,50.672786712646484,6013100,TPR,yfinance,2026-02-10T05:10:38.179198+00:00
2012-04-04,75.33000183105469,76.23999786376953,74.19000244140625,74.72000122070312,50.16258239746094,4430900,TPR,yfinance,2026-02-10T05:10:38.179198+00:00
2012-04-05,74.30999755859375,76.06999969482422,74.22000122070312,75.54000091552734,50.713069915771484,2865000,TPR,yfinance,2026-02-10T05:10:38.179198+00:00
2012-04-09,74.16999816894531,75.66000366210938,74.11000061035156,75.25,50.518394470214844,1634700,TPR,yfinance,2026-02-10T05:10:38.179198+00:00
2012-04-10,75.25,75.25,72.77999877929688,72.9000015258789,48.940738677978516,2805800,TPR,yfinance,2026-02-10T05:10:38.179198+00:00
2012-04-11,73.61000061035156,74.41000366210938,73.31999969482422,73.6500015258789,49.44423294067383,1845100,TPR,yfinance,2026-02-10T05:10:38.179198+00:00
2012-04-12,74.0199966430664,74.94999694824219,73.66999816894531,74.8499984741211,50.249839782714844,1385400,TPR,yfinance,2026-02-10T05:10:38.179198+00:00
2012-04-13,74.70999908447266,75.27999877929688,73.58999633789062,74.23999786376953,49.84031677246094,1817400,TPR,yfinance,2026-02-10T05:10:38.179198+00:00
2012-04-16,74.51000213623047,75.16000366210938,73.20999908447266,73.83999633789062,49.57177734375,1968600,TPR,yfinance,2026-02-10T05:10:38.179198+00:00
2012-04-17,74.27999877929688,75.56999969482422,73.81999969482422,75.12000274658203,50.431114196777344,1789900,TPR,yfinance,2026-02-10T05:10:38.179198+00:00
2012-04-18,74.77999877929688,75.63999938964844,74.3499984741211,75.33000183105469,50.57207489013672,1694500,TPR,yfinance,2026-02-10T05:10:38.179198+00:00
2012-04-19,75.9000015258789,76.19000244140625,74.25,74.83000183105469,50.236427307128906,2380100,TPR,yfinance,2026-02-10T05:10:38.179198+00:00
2012-04-20,75.08999633789062,76.44000244140625,74.9000015258789,75.66999816894531,50.800350189208984,2460000,TPR,yfinance,2026-02-10T05:10:38.179198+00:00
2012-04-23,74.69000244140625,75.41999816894531,74.05999755859375,75.12000274658203,50.431114196777344,3400600,TPR,yfinance,2026-02-10T05:10:38.179198+00:00
2012-04-24,72.16000366210938,73.26000213623047,69.54000091552734,71.87000274658203,48.2492561340332,9441700,TPR,yfinance,2026-02-10T05:10:38.179198+00:00
2012-04-25,72.83000183105469,73.44000244140625,71.33999633789062,72.0999984741211,48.40366744995117,4006300,TPR,yfinance,2026-02-10T05:10:38.179198+00:00
2012-04-26,72.26000213623047,73.66000366210938,71.80000305175781,73.2699966430664,49.189125061035156,2410100,TPR,yfinance,2026-02-10T05:10:38.179198+00:00
2012-04-27,73.56999969482422,74.91000366210938,72.54000091552734,73.91000366210938,49.61878967285156,2887100,TPR,yfinance,2026-02-10T05:10:38.179198+00:00
2012-04-30,73.79000091552734,73.80999755859375,72.80999755859375,73.16000366210938,49.115264892578125,1989900,TPR,yfinance,2026-02-10T05:10:38.179198+00:00
2012-05-01,73.08000183105469,74.91000366210938,72.6500015258789,73.56999969482422,49.39052963256836,3025700,TPR,yfinance,2026-02-10T05:10:38.179198+00:00
2012-05-02,73.2300033569336,75.25,72.87000274658203,75.0999984741211,50.41767501831055,1997200,TPR,yfinance,2026-02-10T05:10:38.179198+00:00
2012-05-03,75.12999725341797,75.87000274658203,73.86000061035156,74.25,49.8470344543457,2112900,TPR,yfinance,2026-02-10T05:10:38.179198+00:00
2012-05-04,73.76000213623047,74.52999877929688,72.48999786376953,72.52999877929688,48.69234848022461,2211000,TPR,yfinance,2026-02-10T05:10:38.179198+00:00
2012-05-07,72.52999877929688,73.0999984741211,71.91000366210938,72.05999755859375,48.376808166503906,1672400,TPR,yfinance,2026-02-10T05:10:38.179198+00:00
2012-05-08,71.31999969482422,71.31999969482422,67.98999786376953,70.80000305175781,47.53091812133789,4058900,TPR,yfinance,2026-02-10T05:10:38.179198+00:00
2012-05-09,69.76000213623047,70.0999984741211,68.41000366210938,69.58000183105469,46.711875915527344,2826200,TPR,yfinance,2026-02-10T05:10:38.179198+00:00
2012-05-10,70.16000366210938,70.3499984741211,68.3499984741211,68.69999694824219,46.1211051940918,2666500,TPR,yfinance,2026-02-10T05:10:38.179198+00:00
2012-05-11,68.12000274658203,69.12999725341797,68.05000305175781,68.30999755859375,45.85927200317383,2103600,TPR,yfinance,2026-02-10T05:10:38.179198+00:00
2012-05-14,67.4000015258789,67.98999786376953,66.7300033569336,67.1500015258789,45.08052444458008,3328600,TPR,yfinance,2026-02-10T05:10:38.179198+00:00
2012-05-15,67.01000213623047,68.0999984741211,66.62999725341797,66.73999786376953,44.80527877807617,2400500,TPR,yfinance,2026-02-10T05:10:38.179198+00:00
2012-05-16,67.95999908447266,68.5999984741211,66.98999786376953,67.5199966430664,45.32890701293945,3104500,TPR,yfinance,2026-02-10T05:10:38.179198+00:00
2012-05-17,67.61000061035156,67.77999877929688,65.16000366210938,65.26000213623047,43.81168746948242,3789800,TPR,yfinance,2026-02-10T05:10:38.179198+00:00
2012-05-18,65.80000305175781,67.2699966430664,65.55999755859375,65.88999938964844,44.23463439941406,3833100,TPR,yfinance,2026-02-10T05:10:38.179198+00:00
2012-05-21,66.0,67.97000122070312,66.0,67.88999938964844,45.57732391357422,2896400,TPR,yfinance,2026-02-10T05:10:38.179198+00:00
2012-05-22,68.25,69.81999969482422,68.05000305175781,68.44999694824219,45.9532585144043,3826300,TPR,yfinance,2026-02-10T05:10:38.179198+00:00
2012-05-23,67.75,69.12999725341797,66.81999969482422,69.05000305175781,46.356056213378906,4039500,TPR,yfinance,2026-02-10T05:10:38.179198+00:00
2012-05-24,68.63999938964844,69.98999786376953,68.36000061035156,69.2699966430664,46.50376892089844,3608000,TPR,yfinance,2026-02-10T05:10:38.179198+00:00
2012-05-25,68.55000305175781,69.5199966430664,68.43000030517578,68.91000366210938,46.2620849609375,1802500,TPR,yfinance,2026-02-10T05:10:38.179198+00:00
2012-05-29,69.69000244140625,70.18000030517578,69.16000366210938,70.11000061035156,47.067691802978516,2711400,TPR,yfinance,2026-02-10T05:10:38.179198+00:00
2012-05-30,69.37000274658203,69.44000244140625,67.94999694824219,68.5999984741211,46.053958892822266,3734700,TPR,yfinance,2026-02-10T05:10:38.179198+00:00
2012-05-31,68.27999877929688,68.48999786376953,66.66000366210938,67.44999694824219,45.480804443359375,2749000,TPR,yfinance,2026-02-10T05:10:38.179198+00:00
2012-06-01,65.94999694824219,66.23999786376953,62.7400016784668,63.130001068115234,42.567893981933594,6392800,TPR,yfinance,2026-02-10T05:10:38.179198+00:00
2012-06-04,63.220001220703125,64.12999725341797,62.5,64.05999755859375,43.194976806640625,4273100,TPR,yfinance,2026-02-10T05:10:38.179198+00:00
2012-06-05,64.05999755859375,64.87999725341797,62.79999923706055,63.95000076293945,43.12080764770508,4593200,TPR,yfinance,2026-02-10T05:10:38.179198+00:00
2012-06-06,64.83000183105469,64.83000183105469,62.38999938964844,62.84000015258789,42.372344970703125,5462400,TPR,yfinance,2026-02-10T05:10:38.179198+00:00
2012-06-07,63.400001525878906,63.52000045776367,59.810001373291016,62.06999969482422,41.85313415527344,11576100,TPR,yfinance,2026-02-10T05:10:38.179198+00:00
2012-06-08,61.75,64.0199966430664,61.66999816894531,64.0,43.154518127441406,4023600,TPR,yfinance,2026-02-10T05:10:38.179198+00:00
2012-06-11,64.61000061035156,64.62999725341797,61.709999084472656,61.81999969482422,41.6845817565918,3417300,TPR,yfinance,2026-02-10T05:10:38.179198+00:00
2012-06-12,62.36000061035156,63.310001373291016,60.869998931884766,61.97999954223633,41.79246520996094,4642700,TPR,yfinance,2026-02-10T05:10:38.179198+00:00
2012-06-13,61.65999984741211,61.779998779296875,59.869998931884766,60.150001525878906,40.558509826660156,3404900,TPR,yfinance,2026-02-10T05:10:38.179198+00:00
2012-06-14,60.459999084472656,61.0,59.34000015258789,59.93000030517578,40.41017532348633,3721600,TPR,yfinance,2026-02-10T05:10:38.179198+00:00
2012-06-15,60.16999816894531,61.279998779296875,59.66999816894531,61.209999084472656,41.27326202392578,4265600,TPR,yfinance,2026-02-10T05:10:38.179198+00:00
2012-06-18,61.040000915527344,61.36000061035156,59.90999984741211,60.720001220703125,40.94285583496094,4502100,TPR,yfinance,2026-02-10T05:10:38.179198+00:00
2012-06-19,61.150001525878906,62.720001220703125,61.150001525878906,61.81999969482422,41.6845817565918,3950200,TPR,yfinance,2026-02-10T05:10:38.179198+00:00
2012-06-20,61.939998626708984,62.2599983215332,61.09000015258789,61.70000076293945,41.6036491394043,3499000,TPR,yfinance,2026-02-10T05:10:38.179198+00:00
2012-06-21,61.81999969482422,61.880001068115234,59.66999816894531,59.849998474121094,40.3562126159668,3843500,TPR,yfinance,2026-02-10T05:10:38.179198+00:00
2012-06-22,60.380001068115234,60.380001068115234,58.93000030517578,59.790000915527344,40.31576919555664,3067600,TPR,yfinance,2026-02-10T05:10:38.179198+00:00
2012-06-25,59.04999923706055,59.119998931884766,57.189998626708984,57.7400016784668,38.933467864990234,3495900,TPR,yfinance,2026-02-10T05:10:38.179198+00:00
2012-06-26,57.93000030517578,58.349998474121094,56.66999816894531,57.63999938964844,38.86604690551758,3772400,TPR,yfinance,2026-02-10T05:10:38.179198+00:00
2012-06-27,57.869998931884766,58.349998474121094,57.25,57.650001525878906,38.87278747558594,3633600,TPR,yfinance,2026-02-10T05:10:38.179198+00:00
2012-06-28,57.33000183105469,57.79999923706055,55.18000030517578,56.119998931884766,37.841121673583984,5109500,TPR,yfinance,2026-02-10T05:10:38.179198+00:00
2012-06-29,57.08000183105469,58.959999084472656,56.75,58.47999954223633,39.432437896728516,4762400,TPR,yfinance,2026-02-10T05:10:38.179198+00:00
2012-07-02,58.7599983215332,59.310001373291016,58.349998474121094,58.56999969482422,39.493125915527344,3754300,TPR,yfinance,2026-02-10T05:10:38.179198+00:00
2012-07-03,59.150001525878906,59.209999084472656,57.779998779296875,58.349998474121094,39.34477233886719,2079100,TPR,yfinance,2026-02-10T05:10:38.179198+00:00
2012-07-05,58.36000061035156,60.119998931884766,58.349998474121094,59.689998626708984,40.24834442138672,4666100,TPR,yfinance,2026-02-10T05:10:38.179198+00:00
2012-07-06,59.06999969482422,59.25,57.16999816894531,57.560001373291016,38.812103271484375,3632100,TPR,yfinance,2026-02-10T05:10:38.179198+00:00
2012-07-09,58.689998626708984,59.02000045776367,57.20000076293945,57.689998626708984,38.899749755859375,3201100,TPR,yfinance,2026-02-10T05:10:38.179198+00:00
2012-07-10,58.150001525878906,58.86000061035156,56.61000061035156,56.91999816894531,38.38054275512695,3066200,TPR,yfinance,2026-02-10T05:10:38.179198+00:00
2012-07-11,56.15999984741211,56.369998931884766,55.029998779296875,55.84000015258789,37.652320861816406,5361500,TPR,yfinance,2026-02-10T05:10:38.179198+00:00
2012-07-12,55.27000045776367,56.02000045776367,53.2599983215332,55.29999923706055,37.28821563720703,5464700,TPR,yfinance,2026-02-10T05:10:38.179198+00:00
2012-07-13,55.349998474121094,57.369998931884766,55.349998474121094,57.18000030517578,38.55588150024414,3111200,TPR,yfinance,2026-02-10T05:10:38.179198+00:00
2012-07-16,56.91999816894531,56.91999816894531,55.7400016784668,56.33000183105469,37.98271942138672,2759800,TPR,yfinance,2026-02-10T05:10:38.179198+00:00
2012-07-17,56.630001068115234,57.27000045776367,55.54999923706055,56.43000030517578,38.050148010253906,2324600,TPR,yfinance,2026-02-10T05:10:38.179198+00:00
2012-07-18,56.25,58.720001220703125,56.25,57.9900016784668,39.10204315185547,3254700,TPR,yfinance,2026-02-10T05:10:38.179198+00:00
2012-07-19,58.45000076293945,61.459999084472656,58.36000061035156,61.02000045776367,41.1451416015625,5080600,TPR,yfinance,2026-02-10T05:10:38.179198+00:00
2012-07-20,60.560001373291016,60.560001373291016,58.709999084472656,58.84000015258789,39.67518615722656,4446600,TPR,yfinance,2026-02-10T05:10:38.179198+00:00
2012-07-23,57.290000915527344,58.189998626708984,56.75,58.0,39.10878372192383,2574800,TPR,yfinance,2026-02-10T05:10:38.179198+00:00
2012-07-24,58.18000030517578,58.29999923706055,56.459999084472656,57.02000045776367,38.44797897338867,2911000,TPR,yfinance,2026-02-10T05:10:38.179198+00:00
2012-07-25,57.33000183105469,58.0,57.060001373291016,57.349998474121094,38.670501708984375,2583400,TPR,yfinance,2026-02-10T05:10:38.179198+00:00
2012-07-26,59.77000045776367,60.65999984741211,58.439998626708984,59.720001220703125,40.2685661315918,4764600,TPR,yfinance,2026-02-10T05:10:38.179198+00:00
2012-07-27,60.290000915527344,62.41999816894531,60.0099983215332,62.099998474121094,41.873374938964844,4753800,TPR,yfinance,2026-02-10T05:10:38.179198+00:00
2012-07-30,62.099998474121094,62.47999954223633,60.189998626708984,60.58000183105469,40.84846115112305,4686600,TPR,yfinance,2026-02-10T05:10:38.179198+00:00
2012-07-31,49.119998931884766,52.20000076293945,49.04999923706055,49.33000183105469,33.2626953125,34410600,TPR,yfinance,2026-02-10T05:10:38.179198+00:00
2012-08-01,50.630001068115234,51.220001220703125,49.04999923706055,49.83000183105469,33.5998420715332,13264800,TPR,yfinance,2026-02-10T05:10:38.179198+00:00
2012-08-02,49.54999923706055,50.380001068115234,48.2400016784668,50.290000915527344,33.9100227355957,8480600,TPR,yfinance,2026-02-10T05:10:38.179198+00:00
2012-08-03,51.2599983215332,53.0,50.7400016784668,52.65999984741211,35.508079528808594,7073700,TPR,yfinance,2026-02-10T05:10:38.179198+00:00
2012-08-06,53.0099983215332,55.2599983215332,53.0,54.84000015258789,36.978031158447266,6499700,TPR,yfinance,2026-02-10T05:10:38.179198+00:00
2012-08-07,55.81999969482422,57.959999084472656,55.779998779296875,55.88999938964844,37.68604278564453,9163500,TPR,yfinance,2026-02-10T05:10:38.179198+00:00
2012-08-08,55.5099983215332,57.25,54.68000030517578,56.380001068115234,38.01643371582031,6161100,TPR,yfinance,2026-02-10T05:10:38.179198+00:00
2012-08-09,56.290000915527344,56.720001220703125,54.7599983215332,55.060001373291016,37.12637710571289,5894300,TPR,yfinance,2026-02-10T05:10:38.179198+00:00
2012-08-10,54.88999938964844,55.560001373291016,54.45000076293945,54.83000183105469,36.971290588378906,4980700,TPR,yfinance,2026-02-10T05:10:38.179198+00:00
2012-08-13,54.79999923706055,56.029998779296875,54.27000045776367,55.939998626708984,37.71974182128906,3888900,TPR,yfinance,2026-02-10T05:10:38.179198+00:00
2012-08-14,55.7400016784668,56.0,54.20000076293945,54.33000183105469,36.63414764404297,5616200,TPR,yfinance,2026-02-10T05:10:38.179198+00:00
2012-08-15,54.43000030517578,56.119998931884766,54.0,55.650001525878906,37.52420425415039,4886700,TPR,yfinance,2026-02-10T05:10:38.179198+00:00
2012-08-16,55.65999984741211,57.290000915527344,55.65999984741211,56.83000183105469,38.31987762451172,4225100,TPR,yfinance,2026-02-10T05:10:38.179198+00:00
2012-08-17,57.0,57.880001068115234,57.0,57.47999954223633,38.75815200805664,3944900,TPR,yfinance,2026-02-10T05:10:38.179198+00:00
2012-08-20,57.54999923706055,57.54999923706055,55.650001525878906,56.11000061035156,37.83438491821289,3929400,TPR,yfinance,2026-02-10T05:10:38.179198+00:00
2012-08-21,56.439998626708984,56.47999954223633,54.56999969482422,54.83000183105469,36.971290588378906,5952900,TPR,yfinance,2026-02-10T05:10:38.179198+00:00
2012-08-22,54.849998474121094,55.83000183105469,54.61000061035156,55.54999923706055,37.456783294677734,4525700,TPR,yfinance,2026-02-10T05:10:38.179198+00:00
2012-08-23,55.279998779296875,55.630001068115234,54.779998779296875,55.310001373291016,37.294944763183594,4454800,TPR,yfinance,2026-02-10T05:10:38.179198+00:00
2012-08-24,55.2599983215332,56.029998779296875,55.130001068115234,55.88999938964844,37.68604278564453,3986700,TPR,yfinance,2026-02-10T05:10:38.179198+00:00
2012-08-27,56.22999954223633,56.439998626708984,54.95000076293945,55.91999816894531,37.706268310546875,5032700,TPR,yfinance,2026-02-10T05:10:38.179198+00:00
2012-08-28,55.689998626708984,57.59000015258789,55.59000015258789,56.439998626708984,38.05689239501953,5420300,TPR,yfinance,2026-02-10T05:10:38.179198+00:00
2012-08-29,56.630001068115234,57.040000915527344,56.02000045776367,56.25,37.92877960205078,3173200,TPR,yfinance,2026-02-10T05:10:38.179198+00:00
2012-08-30,56.099998474121094,57.9900016784668,56.099998474121094,57.349998474121094,38.670501708984375,4815000,TPR,yfinance,2026-02-10T05:10:38.179198+00:00
2012-08-31,57.77000045776367,58.349998474121094,56.939998626708984,58.130001068115234,39.19645309448242,4190500,TPR,yfinance,2026-02-10T05:10:38.179198+00:00
2012-09-04,57.849998474121094,58.4900016784668,56.720001220703125,57.470001220703125,38.75142288208008,4155300,TPR,yfinance,2026-02-10T05:10:38.179198+00:00
2012-09-05,57.47999954223633,57.540000915527344,56.47999954223633,57.130001068115234,38.522151947021484,4557900,TPR,yfinance,2026-02-10T05:10:38.179198+00:00
2012-09-06,57.65999984741211,60.0,57.20000076293945,59.95000076293945,40.63705062866211,7449000,TPR,yfinance,2026-02-10T05:10:38.179198+00:00
2012-09-07,59.88999938964844,61.849998474121094,59.5,61.70000076293945,41.82327651977539,6628000,TPR,yfinance,2026-02-10T05:10:38.179198+00:00
2012-09-10,61.38999938964844,63.2400016784668,61.34000015258789,62.599998474121094,42.43334197998047,6423400,TPR,yfinance,2026-02-10T05:10:38.179198+00:00
2012-09-11,60.959999084472656,62.939998626708984,60.900001525878906,61.47999954223633,41.67414093017578,9926700,TPR,yfinance,2026-02-10T05:10:38.179198+00:00
2012-09-12,61.93000030517578,62.5,60.7400016784668,60.900001525878906,41.281009674072266,5057100,TPR,yfinance,2026-02-10T05:10:38.179198+00:00
2012-09-13,60.68000030517578,61.7400016784668,60.369998931884766,61.41999816894531,41.63349151611328,4585900,TPR,yfinance,2026-02-10T05:10:38.179198+00:00
2012-09-14,61.790000915527344,63.130001068115234,61.619998931884766,62.060001373291016,42.06730651855469,4753500,TPR,yfinance,2026-02-10T05:10:38.179198+00:00
2012-09-17,61.97999954223633,62.2599983215332,61.36000061035156,62.08000183105469,42.08088302612305,3463100,TPR,yfinance,2026-02-10T05:10:38.179198+00:00
2012-09-18,62.08000183105469,62.15999984741211,59.77000045776367,60.38999938964844,40.9352912902832,4245700,TPR,yfinance,2026-02-10T05:10:38.179198+00:00
2012-09-19,60.689998626708984,60.709999084472656,59.84000015258789,59.9900016784668,40.66416549682617,3347800,TPR,yfinance,2026-02-10T05:10:38.179198+00:00
2012-09-20,58.849998474121094,59.70000076293945,57.75,59.0099983215332,39.9998779296875,5649000,TPR,yfinance,2026-02-10T05:10:38.179198+00:00
2012-09-21,57.880001068115234,58.27000045776367,56.06999969482422,56.619998931884766,38.379798889160156,9175400,TPR,yfinance,2026-02-10T05:10:38.179198+00:00
2012-09-24,56.689998626708984,56.689998626708984,55.58000183105469,55.65999984741211,37.72907257080078,4015600,TPR,yfinance,2026-02-10T05:10:38.179198+00:00
2012-09-25,56.0099983215332,56.119998931884766,54.02000045776367,54.099998474121094,36.671627044677734,4921700,TPR,yfinance,2026-02-10T05:10:38.179198+00:00
2012-09-26,54.040000915527344,55.20000076293945,53.099998474121094,54.189998626708984,36.732635498046875,5881300,TPR,yfinance,2026-02-10T05:10:38.179198+00:00
2012-09-27,54.599998474121094,54.77000045776367,53.150001525878906,54.310001373291016,36.8139762878418,4441400,TPR,yfinance,2026-02-10T05:10:38.179198+00:00
2012-09-28,53.93000030517578,56.310001373291016,53.75,56.02000045776367,37.973114013671875,6405400,TPR,yfinance,2026-02-10T05:10:38.179198+00:00
2012-10-01,56.2599983215332,56.290000915527344,54.45000076293945,54.66999816894531,37.058013916015625,5313300,TPR,yfinance,2026-02-10T05:10:38.179198+00:00
2012-10-02,54.9900016784668,56.189998626708984,54.47999954223633,56.06999969482422,38.006988525390625,4153200,TPR,yfinance,2026-02-10T05:10:38.179198+00:00
2012-10-03,56.41999816894531,56.959999084472656,56.099998474121094,56.2599983215332,38.135780334472656,5028300,TPR,yfinance,2026-02-10T05:10:38.179198+00:00
2012-10-04,56.58000183105469,57.119998931884766,56.2599983215332,56.400001525878906,38.23067855834961,3846400,TPR,yfinance,2026-02-10T05:10:38.179198+00:00
2012-10-05,56.849998474121094,57.380001068115234,56.0099983215332,56.369998931884766,38.21033477783203,4645000,TPR,yfinance,2026-02-10T05:10:38.179198+00:00
2012-10-08,56.040000915527344,56.599998474121094,55.779998779296875,56.04999923706055,37.99343490600586,3297000,TPR,yfinance,2026-02-10T05:10:38.179198+00:00
2012-10-09,56.119998931884766,56.400001525878906,54.40999984741211,54.97999954223633,37.26814270019531,5309000,TPR,yfinance,2026-02-10T05:10:38.179198+00:00
2012-10-10,55.13999938964844,55.369998931884766,52.77000045776367,53.0,35.92599105834961,6820800,TPR,yfinance,2026-02-10T05:10:38.179198+00:00
2012-10-11,54.06999969482422,55.11000061035156,53.779998779296875,54.43000030517578,36.895320892333984,4859000,TPR,yfinance,2026-02-10T05:10:38.179198+00:00
2012-10-12,54.099998474121094,55.31999969482422,53.40999984741211,53.709999084472656,36.40726852416992,3930100,TPR,yfinance,2026-02-10T05:10:38.179198+00:00
2012-10-15,54.25,55.630001068115234,54.0,55.5099983215332,37.62739181518555,3866700,TPR,yfinance,2026-02-10T05:10:38.179198+00:00
2012-10-16,55.77000045776367,56.25,55.29999923706055,56.209999084472656,38.10188293457031,2610300,TPR,yfinance,2026-02-10T05:10:38.179198+00:00
2012-10-17,56.33000183105469,57.189998626708984,55.810001373291016,56.43000030517578,38.25101852416992,3421700,TPR,yfinance,2026-02-10T05:10:38.179198+00:00
2012-10-18,56.66999816894531,57.56999969482422,56.459999084472656,57.369998931884766,38.88819885253906,4094200,TPR,yfinance,2026-02-10T05:10:38.179198+00:00
2012-10-19,57.45000076293945,57.54999923706055,55.709999084472656,56.0,37.959537506103516,4801000,TPR,yfinance,2026-02-10T05:10:38.179198+00:00
2012-10-22,55.77000045776367,55.77000045776367,53.61000061035156,54.16999816894531,36.71907043457031,6483900,TPR,yfinance,2026-02-10T05:10:38.179198+00:00
2012-10-23,58.02000045776367,59.77000045776367,55.9900016784668,58.150001525878906,39.41690444946289,16331600,TPR,yfinance,2026-02-10T05:10:38.179198+00:00
2012-10-24,58.77000045776367,58.900001525878906,57.0099983215332,57.439998626708984,38.93564987182617,5920100,TPR,yfinance,2026-02-10T05:10:38.179198+00:00
2012-10-25,57.72999954223633,57.939998626708984,56.5,56.810001373291016,38.508609771728516,4160900,TPR,yfinance,2026-02-10T05:10:38.179198+00:00
2012-10-26,56.959999084472656,57.20000076293945,55.66999816894531,55.88999938964844,37.884979248046875,4017900,TPR,yfinance,2026-02-10T05:10:38.179198+00:00
2012-10-31,56.380001068115234,56.720001220703125,55.2599983215332,56.04999923706055,37.99343490600586,3225200,TPR,yfinance,2026-02-10T05:10:38.179198+00:00
2012-11-01,56.310001373291016,57.56999969482422,56.130001068115234,57.189998626708984,38.766178131103516,4350600,TPR,yfinance,2026-02-10T05:10:38.179198+00:00
2012-11-02,57.33000183105469,58.16999816894531,56.790000915527344,56.970001220703125,38.6170539855957,3021600,TPR,yfinance,2026-02-10T05:10:38.179198+00:00
2012-11-05,56.630001068115234,57.959999084472656,56.630001068115234,57.599998474121094,39.044097900390625,2643200,TPR,yfinance,2026-02-10T05:10:38.179198+00:00
2012-11-06,57.689998626708984,57.810001373291016,57.0099983215332,57.75,39.145774841308594,2819800,TPR,yfinance,2026-02-10T05:10:38.179198+00:00
2012-11-07,57.22999954223633,57.86000061035156,56.54999923706055,56.95000076293945,38.603492736816406,3790000,TPR,yfinance,2026-02-10T05:10:38.179198+00:00
2012-11-08,57.040000915527344,57.040000915527344,53.86000061035156,53.90999984741211,36.542823791503906,6025300,TPR,yfinance,2026-02-10T05:10:38.179198+00:00
2012-11-09,53.529998779296875,54.81999969482422,53.529998779296875,53.86000061035156,36.508949279785156,4355700,TPR,yfinance,2026-02-10T05:10:38.179198+00:00
2012-11-12,54.63999938964844,54.900001525878906,54.099998474121094,54.72999954223633,37.098663330078125,2445100,TPR,yfinance,2026-02-10T05:10:38.179198+00:00
2012-11-13,54.45000076293945,55.310001373291016,54.099998474121094,54.13999938964844,36.69873046875,3365400,TPR,yfinance,2026-02-10T05:10:38.179198+00:00
2012-11-14,54.630001068115234,54.83000183105469,52.91999816894531,53.119998931884766,36.007347106933594,3699500,TPR,yfinance,2026-02-10T05:10:38.179198+00:00
2012-11-15,53.02000045776367,53.310001373291016,52.20000076293945,52.810001373291016,35.79719543457031,5904200,TPR,yfinance,2026-02-10T05:10:38.179198+00:00
2012-11-16,53.029998779296875,54.75,52.709999084472656,54.540000915527344,36.969879150390625,4455700,TPR,yfinance,2026-02-10T05:10:38.179198+00:00
2012-11-19,55.29999923706055,56.59000015258789,55.29999923706055,56.59000015258789,38.35947036743164,3021100,TPR,yfinance,2026-02-10T05:10:38.179198+00:00
2012-11-20,56.45000076293945,57.650001525878906,56.16999816894531,57.43000030517578,38.92886734008789,3564600,TPR,yfinance,2026-02-10T05:10:38.179198+00:00
2012-11-21,57.58000183105469,58.72999954223633,57.470001220703125,58.279998779296875,39.50503921508789,4045200,TPR,yfinance,2026-02-10T05:10:38.179198+00:00
2012-11-23,58.58000183105469,59.65999984741211,58.369998931884766,59.65999984741211,40.44045639038086,2464000,TPR,yfinance,2026-02-10T05:10:38.179198+00:00
2012-11-26,59.18000030517578,59.41999816894531,56.97999954223633,57.869998931884766,39.227108001708984,4698600,TPR,yfinance,2026-02-10T05:10:38.179198+00:00
2012-11-27,58.0,59.040000915527344,57.599998474121094,57.630001068115234,39.0644416809082,3670500,TPR,yfinance,2026-02-10T05:10:38.179198+00:00
2012-11-28,57.59000015258789,60.33000183105469,57.59000015258789,60.150001525878906,40.772613525390625,4931300,TPR,yfinance,2026-02-10T05:10:38.179198+00:00
2012-11-29,59.22999954223633,60.02000045776367,58.560001373291016,59.36000061035156,40.237117767333984,4108400,TPR,yfinance,2026-02-10T05:10:38.179198+00:00
2012-11-30,59.209999084472656,59.29999923706055,57.189998626708984,57.84000015258789,39.20677185058594,4156500,TPR,yfinance,2026-02-10T05:10:38.179198+00:00
2012-12-03,58.72999954223633,58.9900016784668,57.7400016784668,58.20000076293945,39.45081329345703,3056800,TPR,yfinance,2026-02-10T05:10:38.179198+00:00
2012-12-04,58.13999938964844,58.470001220703125,56.720001220703125,57.52000045776367,38.989864349365234,3326200,TPR,yfinance,2026-02-10T05:10:38.179198+00:00
2012-12-05,57.83000183105469,57.849998474121094,56.54999923706055,57.349998474121094,39.078460693359375,2922900,TPR,yfinance,2026-02-10T05:10:38.179198+00:00
2012-12-06,57.310001373291016,57.97999954223633,56.88999938964844,57.869998931884766,39.43278503417969,2638400,TPR,yfinance,2026-02-10T05:10:38.179198+00:00
2012-12-07,58.31999969482422,58.7599983215332,57.25,57.63999938964844,39.27606964111328,2344000,TPR,yfinance,2026-02-10T05:10:38.179198+00:00
2012-12-10,57.650001525878906,57.95000076293945,56.040000915527344,56.31999969482422,38.37660217285156,3094400,TPR,yfinance,2026-02-10T05:10:38.179198+00:00
2012-12-11,56.0,56.650001525878906,55.68000030517578,56.43000030517578,38.45157241821289,4271400,TPR,yfinance,2026-02-10T05:10:38.179198+00:00
2012-12-12,56.86000061035156,57.349998474121094,56.02000045776367,56.43000030517578,38.45157241821289,3706100,TPR,yfinance,2026-02-10T05:10:38.179198+00:00
2012-12-13,56.560001373291016,57.4900016784668,56.34000015258789,56.63999938964844,38.59465026855469,2863100,TPR,yfinance,2026-02-10T05:10:38.179198+00:00
2012-12-14,56.5099983215332,57.560001373291016,56.5099983215332,57.04999923706055,38.87401580810547,2498200,TPR,yfinance,2026-02-10T05:10:38.179198+00:00
2012-12-17,57.04999923706055,57.90999984741211,56.61000061035156,57.88999938964844,39.4463996887207,2842500,TPR,yfinance,2026-02-10T05:10:38.179198+00:00
2012-12-18,58.09000015258789,59.4900016784668,57.95000076293945,58.91999816894531,40.14824676513672,4123100,TPR,yfinance,2026-02-10T05:10:38.179198+00:00
2012-12-19,59.18000030517578,59.97999954223633,58.650001525878906,59.15999984741211,40.31178665161133,3684400,TPR,yfinance,2026-02-10T05:10:38.179198+00:00
2012-12-20,59.290000915527344,59.58000183105469,57.5099983215332,58.41999816894531,39.80755615234375,3467000,TPR,yfinance,2026-02-10T05:10:38.179198+00:00
2012-12-21,57.970001220703125,58.06999969482422,57.04999923706055,57.56999969482422,39.22836685180664,3496200,TPR,yfinance,2026-02-10T05:10:38.179198+00:00
2012-12-24,57.25,58.08000183105469,57.25,57.52000045776367,39.194297790527344,983400,TPR,yfinance,2026-02-10T05:10:38.179198+00:00
2012-12-26,57.22999954223633,57.52000045776367,53.880001068115234,54.130001068115234,36.884342193603516,5600900,TPR,yfinance,2026-02-10T05:10:38.179198+00:00
2012-12-27,54.15999984741211,55.380001068115234,53.90999984741211,54.86000061035156,37.38176727294922,3750400,TPR,yfinance,2026-02-10T05:10:38.179198+00:00
2012-12-28,54.439998626708984,55.439998626708984,54.0099983215332,54.29999923706055,37.00018310546875,2677500,TPR,yfinance,2026-02-10T05:10:38.179198+00:00
2012-12-31,54.040000915527344,55.58000183105469,53.95000076293945,55.5099983215332,37.824676513671875,2272900,TPR,yfinance,2026-02-10T05:10:38.179198+00:00
2013-01-02,56.900001525878906,57.529998779296875,54.5099983215332,55.130001068115234,37.565738677978516,4835200,TPR,yfinance,2026-02-10T05:10:38.179198+00:00
2013-01-03,55.5,55.779998779296875,54.709999084472656,54.95000076293945,37.443084716796875,4163300,TPR,yfinance,2026-02-10T05:10:38.179198+00:00
2013-01-04,55.220001220703125,56.36000061035156,55.220001220703125,55.5099983215332,37.824676513671875,6416200,TPR,yfinance,2026-02-10T05:10:38.179198+00:00
2013-01-07,55.5099983215332,56.08000183105469,55.02000045776367,55.630001068115234,37.90644454956055,3681400,TPR,yfinance,2026-02-10T05:10:38.179198+00:00
2013-01-08,55.880001068115234,57.63999938964844,55.77000045776367,57.33000183105469,39.06483459472656,4130600,TPR,yfinance,2026-02-10T05:10:38.179198+00:00
2013-01-09,57.47999954223633,58.58000183105469,57.400001525878906,57.959999084472656,39.49410629272461,4801400,TPR,yfinance,2026-02-10T05:10:38.179198+00:00
2013-01-10,57.63999938964844,57.970001220703125,56.2400016784668,57.4900016784668,39.173851013183594,5513100,TPR,yfinance,2026-02-10T05:10:38.179198+00:00
2013-01-11,57.599998474121094,59.310001373291016,57.560001373291016,58.88999938964844,40.1278076171875,5109200,TPR,yfinance,2026-02-10T05:10:38.179198+00:00
2013-01-14,59.400001525878906,61.79999923706055,59.31999969482422,61.0099983215332,41.57238006591797,6283300,TPR,yfinance,2026-02-10T05:10:38.179198+00:00
2013-01-15,60.810001373291016,61.43000030517578,60.119998931884766,61.40999984741211,41.844947814941406,3693800,TPR,yfinance,2026-02-10T05:10:38.179198+00:00
2013-01-16,60.81999969482422,61.40999984741211,60.400001525878906,61.0,41.565574645996094,2243500,TPR,yfinance,2026-02-10T05:10:38.179198+00:00
2013-01-17,61.130001068115234,61.84000015258789,60.59000015258789,61.56999969482422,41.9539909362793,2916100,TPR,yfinance,2026-02-10T05:10:38.179198+00:00
2013-01-18,61.4900016784668,61.939998626708984,60.869998931884766,61.79999923706055,42.11070251464844,3454500,TPR,yfinance,2026-02-10T05:10:38.179198+00:00
2013-01-22,61.599998474121094,61.599998474121094,59.86000061035156,60.68000030517578,41.347511291503906,6182200,TPR,yfinance,2026-02-10T05:10:38.179198+00:00
2013-01-23,50.97999954223633,52.439998626708984,50.470001220703125,50.75,34.58119201660156,50973600,TPR,yfinance,2026-02-10T05:10:38.179198+00:00
2013-01-24,51.36000061035156,51.459999084472656,50.75,50.900001525878906,34.683406829833984,14510500,TPR,yfinance,2026-02-10T05:10:38.179198+00:00
2013-01-25,51.470001220703125,51.70000076293945,50.68000030517578,51.209999084472656,34.89464569091797,11299900,TPR,yfinance,2026-02-10T05:10:38.179198+00:00
2013-01-28,51.38999938964844,51.59000015258789,50.83000183105469,51.52000045776367,35.10586929321289,5973500,TPR,yfinance,2026-02-10T05:10:38.179198+00:00
2013-01-29,51.77000045776367,52.349998474121094,51.47999954223633,52.220001220703125,35.582862854003906,7132900,TPR,yfinance,2026-02-10T05:10:38.179198+00:00
2013-01-30,52.27000045776367,52.349998474121094,51.349998474121094,51.54999923706055,35.126319885253906,7867600,TPR,yfinance,2026-02-10T05:10:38.179198+00:00
2013-01-31,51.72999954223633,52.029998779296875,50.84000015258789,51.0,34.75153732299805,5768200,TPR,yfinance,2026-02-10T05:10:38.179198+00:00
2013-02-01,51.380001068115234,51.38999938964844,49.540000915527344,49.869998931884766,33.9815673828125,9586200,TPR,yfinance,2026-02-10T05:10:38.179198+00:00
2013-02-04,49.86000061035156,50.130001068115234,48.52000045776367,48.66999816894531,33.163883209228516,7616100,TPR,yfinance,2026-02-10T05:10:38.179198+00:00
2013-02-05,48.72999954223633,49.25,48.65999984741211,48.810001373291016,33.2592887878418,4709200,TPR,yfinance,2026-02-10T05:10:38.179198+00:00
2013-02-06,48.93000030517578,49.25,48.650001525878906,49.099998474121094,33.45688247680664,6452700,TPR,yfinance,2026-02-10T05:10:38.179198+00:00
2013-02-07,49.279998779296875,49.7400016784668,48.5099983215332,48.61000061035156,33.122989654541016,5844500,TPR,yfinance,2026-02-10T05:10:38.179198+00:00
2013-02-08,48.689998626708984,49.09000015258789,48.380001068115234,48.93000030517578,33.341041564941406,4458100,TPR,yfinance,2026-02-10T05:10:38.179198+00:00
2013-02-11,48.91999816894531,49.13999938964844,48.58000183105469,48.93000030517578,33.341041564941406,3390000,TPR,yfinance,2026-02-10T05:10:38.179198+00:00
2013-02-12,48.77000045776367,49.59000015258789,48.77000045776367,49.0099983215332,33.39556121826172,4732900,TPR,yfinance,2026-02-10T05:10:38.179198+00:00
2013-02-13,48.939998626708984,49.310001373291016,48.70000076293945,48.77000045776367,33.23202133178711,3729800,TPR,yfinance,2026-02-10T05:10:38.179198+00:00
2013-02-14,48.45000076293945,48.68000030517578,48.099998474121094,48.20000076293945,32.843624114990234,5002600,TPR,yfinance,2026-02-10T05:10:38.179198+00:00
2013-02-15,48.36000061035156,48.66999816894531,48.04999923706055,48.400001525878906,32.979896545410156,4971800,TPR,yfinance,2026-02-10T05:10:38.179198+00:00
2013-02-19,48.849998474121094,49.11000061035156,48.060001373291016,49.02000045776367,33.40237045288086,4666700,TPR,yfinance,2026-02-10T05:10:38.179198+00:00
2013-02-20,49.02000045776367,49.459999084472656,47.959999084472656,48.130001068115234,32.79592514038086,4446200,TPR,yfinance,2026-02-10T05:10:38.179198+00:00
2013-02-21,48.09000015258789,48.459999084472656,47.11000061035156,47.619998931884766,32.44840621948242,6382700,TPR,yfinance,2026-02-10T05:10:38.179198+00:00
2013-02-22,47.869998931884766,47.970001220703125,46.470001220703125,46.790000915527344,31.882848739624023,5929800,TPR,yfinance,2026-02-10T05:10:38.179198+00:00
2013-02-25,47.27000045776367,47.529998779296875,46.709999084472656,46.77000045776367,31.869216918945312,5978300,TPR,yfinance,2026-02-10T05:10:38.179198+00:00
2013-02-26,46.95000076293945,47.13999938964844,45.869998931884766,46.5,31.685230255126953,6765800,TPR,yfinance,2026-02-10T05:10:38.179198+00:00
2013-02-27,48.220001220703125,49.0,47.75,47.81999969482422,32.58467483520508,14252500,TPR,yfinance,2026-02-10T05:10:38.179198+00:00
2013-02-28,47.93000030517578,48.63999938964844,47.54999923706055,48.33000183105469,32.93220901489258,5352400,TPR,yfinance,2026-02-10T05:10:38.179198+00:00
2013-03-01,48.02000045776367,48.52000045776367,47.869998931884766,48.220001220703125,32.85725402832031,4096100,TPR,yfinance,2026-02-10T05:10:38.179198+00:00
2013-03-04,48.2400016784668,49.540000915527344,48.18000030517578,49.279998779296875,33.57953643798828,5047400,TPR,yfinance,2026-02-10T05:10:38.179198+00:00
2013-03-05,49.59000015258789,50.88999938964844,49.540000915527344,50.099998474121094,34.138282775878906,5968900,TPR,yfinance,2026-02-10T05:10:38.179198+00:00
2013-03-06,50.25,50.41999816894531,49.540000915527344,49.93000030517578,34.22739028930664,7395300,TPR,yfinance,2026-02-10T05:10:38.179198+00:00
2013-03-07,50.099998474121094,50.189998626708984,48.119998931884766,48.540000915527344,33.2745475769043,9074000,TPR,yfinance,2026-02-10T05:10:38.179198+00:00
2013-03-08,48.939998626708984,49.2400016784668,48.380001068115234,48.93000030517578,33.54188537597656,12464900,TPR,yfinance,2026-02-10T05:10:38.179198+00:00
2013-03-11,49.04999923706055,49.810001373291016,48.529998779296875,49.5,33.932621002197266,7457900,TPR,yfinance,2026-02-10T05:10:38.179198+00:00
2013-03-12,49.689998626708984,49.88999938964844,48.61000061035156,48.810001373291016,33.459632873535156,5777500,TPR,yfinance,2026-02-10T05:10:38.179198+00:00
2013-03-13,50.040000915527344,50.099998474121094,48.90999984741211,49.66999816894531,34.049163818359375,7492000,TPR,yfinance,2026-02-10T05:10:38.179198+00:00
2013-03-14,49.880001068115234,50.400001525878906,49.52000045776367,49.9900016784668,34.268516540527344,5533500,TPR,yfinance,2026-02-10T05:10:38.179198+00:00
2013-03-15,50.25,50.72999954223633,50.0099983215332,50.40999984741211,34.55644989013672,7035000,TPR,yfinance,2026-02-10T05:10:38.179198+00:00
2013-03-18,49.880001068115234,50.18000030517578,49.130001068115234,49.27000045776367,33.774967193603516,6971300,TPR,yfinance,2026-02-10T05:10:38.179198+00:00
2013-03-19,49.52000045776367,49.689998626708984,47.810001373291016,48.470001220703125,33.226566314697266,7702500,TPR,yfinance,2026-02-10T05:10:38.179198+00:00
2013-03-20,48.79999923706055,49.41999816894531,48.52000045776367,49.290000915527344,33.78867721557617,4121200,TPR,yfinance,2026-02-10T05:10:38.179198+00:00
2013-03-21,49.099998474121094,50.400001525878906,49.099998474121094,49.810001373291016,34.145137786865234,7365000,TPR,yfinance,2026-02-10T05:10:38.179198+00:00
2013-03-22,50.099998474121094,50.650001525878906,50.02000045776367,50.27000045776367,34.460453033447266,4801200,TPR,yfinance,2026-02-10T05:10:38.179198+00:00
2013-03-25,50.439998626708984,50.54999923706055,49.349998474121094,49.720001220703125,34.08345413208008,4373000,TPR,yfinance,2026-02-10T05:10:38.179198+00:00
2013-03-26,49.83000183105469,49.880001068115234,48.83000183105469,49.5,33.932621002197266,3824700,TPR,yfinance,2026-02-10T05:10:38.179198+00:00
2013-03-27,49.34000015258789,49.900001525878906,48.63999938964844,49.61000061035156,34.00803756713867,4025800,TPR,yfinance,2026-02-10T05:10:38.179198+00:00
2013-03-28,49.470001220703125,50.06999969482422,49.0099983215332,49.9900016784668,34.268516540527344,5568600,TPR,yfinance,2026-02-10T05:10:38.179198+00:00
2013-04-01,49.779998779296875,50.33000183105469,49.45000076293945,49.9900016784668,34.268516540527344,4267300,TPR,yfinance,2026-02-10T05:10:38.179198+00:00
2013-04-02,50.130001068115234,50.869998931884766,50.09000015258789,50.38999938964844,34.5427360534668,4580200,TPR,yfinance,2026-02-10T05:10:38.179198+00:00
2013-04-03,50.5,50.97999954223633,50.099998474121094,50.54999923706055,34.65239715576172,5055700,TPR,yfinance,2026-02-10T05:10:38.179198+00:00
2013-04-04,50.47999954223633,50.81999969482422,50.060001373291016,50.33000183105469,34.50160217285156,4282400,TPR,yfinance,2026-02-10T05:10:38.179198+00:00
2013-04-05,49.70000076293945,50.18000030517578,48.7599983215332,50.099998474121094,34.34394454956055,4872300,TPR,yfinance,2026-02-10T05:10:38.179198+00:00
2013-04-08,50.150001525878906,50.47999954223633,49.40999984741211,50.0,34.27537536621094,2940400,TPR,yfinance,2026-02-10T05:10:38.179198+00:00
2013-04-09,49.900001525878906,50.09000015258789,49.25,49.93000030517578,34.22739028930664,4760200,TPR,yfinance,2026-02-10T05:10:38.179198+00:00
2013-04-10,50.099998474121094,51.45000076293945,50.099998474121094,51.209999084472656,35.1048469543457,6185300,TPR,yfinance,2026-02-10T05:10:38.179198+00:00
2013-04-11,51.29999923706055,52.75,51.25,52.33000183105469,35.87261962890625,6856200,TPR,yfinance,2026-02-10T05:10:38.179198+00:00
2013-04-12,52.04999923706055,52.470001220703125,51.84000015258789,52.369998931884766,35.900028228759766,4361200,TPR,yfinance,2026-02-10T05:10:38.179198+00:00
2013-04-15,52.060001373291016,52.13999938964844,51.209999084472656,51.439998626708984,35.26251220703125,5684700,TPR,yfinance,2026-02-10T05:10:38.179198+00:00
2013-04-16,51.619998931884766,51.7400016784668,50.7599983215332,51.709999084472656,35.447601318359375,4122700,TPR,yfinance,2026-02-10T05:10:38.179198+00:00
2013-04-17,51.040000915527344,51.11000061035156,50.439998626708984,50.849998474121094,34.858055114746094,4729800,TPR,yfinance,2026-02-10T05:10:38.179198+00:00
2013-04-18,50.970001220703125,52.560001373291016,50.439998626708984,51.380001068115234,35.221378326416016,8466900,TPR,yfinance,2026-02-10T05:10:38.179198+00:00
2013-04-19,50.630001068115234,51.790000915527344,50.400001525878906,51.20000076293945,35.09799575805664,5689000,TPR,yfinance,2026-02-10T05:10:38.179198+00:00
2013-04-22,51.220001220703125,51.45000076293945,50.279998779296875,50.59000015258789,34.67982864379883,7837700,TPR,yfinance,2026-02-10T05:10:38.179198+00:00
2013-04-23,55.88999938964844,56.7400016784668,54.970001220703125,55.54999923706055,38.07994842529297,20600500,TPR,yfinance,2026-02-10T05:10:38.179198+00:00
2013-04-24,55.220001220703125,56.5099983215332,55.220001220703125,56.279998779296875,38.58038330078125,7099800,TPR,yfinance,2026-02-10T05:10:38.179198+00:00
2013-04-25,56.20000076293945,57.97999954223633,56.08000183105469,57.529998779296875,39.437255859375,5640800,TPR,yfinance,2026-02-10T05:10:38.179198+00:00
2013-04-26,57.47999954223633,57.7400016784668,57.029998779296875,57.41999816894531,39.36184310913086,3534700,TPR,yfinance,2026-02-10T05:10:38.179198+00:00
2013-04-29,57.7599983215332,58.95000076293945,57.25,58.27000045776367,39.94453048706055,5024100,TPR,yfinance,2026-02-10T05:10:38.179198+00:00
2013-04-30,58.33000183105469,58.95000076293945,57.959999084472656,58.86000061035156,40.34898376464844,4099700,TPR,yfinance,2026-02-10T05:10:38.179198+00:00
2013-05-01,58.79999923706055,58.900001525878906,58.099998474121094,58.2400016784668,39.9239616394043,4145300,TPR,yfinance,2026-02-10T05:10:38.179198+00:00
2013-05-02,58.20000076293945,58.9900016784668,57.91999816894531,58.18000030517578,39.88283920288086,3960500,TPR,yfinance,2026-02-10T05:10:38.179198+00:00
2013-05-03,58.560001373291016,58.959999084472656,58.20000076293945,58.25,39.930824279785156,3417500,TPR,yfinance,2026-02-10T05:10:38.179198+00:00
2013-05-06,58.2599983215332,58.34000015258789,57.279998779296875,57.33000183105469,39.300148010253906,3827400,TPR,yfinance,2026-02-10T05:10:38.179198+00:00
2013-05-07,56.650001525878906,58.31999969482422,56.5,58.279998779296875,39.95138931274414,6214800,TPR,yfinance,2026-02-10T05:10:38.179198+00:00
2013-05-08,58.119998931884766,58.81999969482422,57.779998779296875,58.7400016784668,40.2667236328125,3464700,TPR,yfinance,2026-02-10T05:10:38.179198+00:00
2013-05-09,58.84000015258789,58.97999954223633,58.27000045776367,58.529998779296875,40.12275695800781,2979700,TPR,yfinance,2026-02-10T05:10:38.179198+00:00
2013-05-10,58.40999984741211,59.83000183105469,58.31999969482422,59.5,40.78771209716797,4640200,TPR,yfinance,2026-02-10T05:10:38.179198+00:00
2013-05-13,59.13999938964844,59.779998779296875,59.099998474121094,59.18000030517578,40.568336486816406,2933100,TPR,yfinance,2026-02-10T05:10:38.179198+00:00
2013-05-14,59.20000076293945,59.45000076293945,58.77000045776367,59.099998474121094,40.51350402832031,3080000,TPR,yfinance,2026-02-10T05:10:38.179198+00:00
2013-05-15,59.06999969482422,59.470001220703125,58.470001220703125,58.849998474121094,40.34211349487305,3240400,TPR,yfinance,2026-02-10T05:10:38.179198+00:00
2013-05-16,58.880001068115234,59.45000076293945,58.15999984741211,58.380001068115234,40.01993942260742,2926500,TPR,yfinance,2026-02-10T05:10:38.179198+00:00
2013-05-17,58.5099983215332,59.22999954223633,58.369998931884766,59.22999954223633,40.60261535644531,4440700,TPR,yfinance,2026-02-10T05:10:38.179198+00:00
2013-05-20,59.25,59.83000183105469,58.959999084472656,59.529998779296875,40.80826950073242,3662500,TPR,yfinance,2026-02-10T05:10:38.179198+00:00
2013-05-21,58.939998626708984,59.61000061035156,58.849998474121094,59.599998474121094,40.856258392333984,3992600,TPR,yfinance,2026-02-10T05:10:38.179198+00:00
2013-05-22,59.59000015258789,60.119998931884766,58.790000915527344,59.04999923706055,40.47922897338867,4217500,TPR,yfinance,2026-02-10T05:10:38.179198+00:00
2013-05-23,58.349998474121094,58.61000061035156,57.81999969482422,58.59000015258789,40.16388702392578,3061000,TPR,yfinance,2026-02-10T05:10:38.179198+00:00
2013-05-24,58.25,58.310001373291016,57.0,57.7599983215332,39.594905853271484,3474400,TPR,yfinance,2026-02-10T05:10:38.179198+00:00
2013-05-28,58.880001068115234,59.540000915527344,58.189998626708984,58.58000183105469,40.15703201293945,3482600,TPR,yfinance,2026-02-10T05:10:38.179198+00:00
2013-05-29,58.29999923706055,58.630001068115234,57.970001220703125,58.22999954223633,39.9171142578125,2164200,TPR,yfinance,2026-02-10T05:10:38.179198+00:00
2013-05-30,58.15999984741211,58.83000183105469,58.08000183105469,58.369998931884766,40.013084411621094,2162000,TPR,yfinance,2026-02-10T05:10:38.179198+00:00
2013-05-31,58.29999923706055,59.16999816894531,58.02000045776367,58.2599983215332,39.93766784667969,3015000,TPR,yfinance,2026-02-10T05:10:38.179198+00:00
2013-06-03,58.58000183105469,58.9900016784668,58.11000061035156,58.540000915527344,40.1296272277832,3504300,TPR,yfinance,2026-02-10T05:10:38.179198+00:00
2013-06-04,58.06999969482422,58.880001068115234,58.0,58.56999969482422,40.15018081665039,3704000,TPR,yfinance,2026-02-10T05:10:38.179198+00:00
2013-06-05,58.209999084472656,58.2599983215332,57.290000915527344,57.56999969482422,39.693748474121094,4128700,TPR,yfinance,2026-02-10T05:10:38.179198+00:00
2013-06-06,57.40999984741211,57.529998779296875,57.0,57.52000045776367,39.659263610839844,3735800,TPR,yfinance,2026-02-10T05:10:38.179198+00:00
2013-06-07,58.0,59.0,57.84000015258789,58.75,40.50733947753906,3348900,TPR,yfinance,2026-02-10T05:10:38.179198+00:00
2013-06-10,58.79999923706055,59.040000915527344,58.209999084472656,58.689998626708984,40.46597671508789,1993000,TPR,yfinance,2026-02-10T05:10:38.179198+00:00
2013-06-11,57.95000076293945,58.79999923706055,57.810001373291016,58.45000076293945,40.30050277709961,3011500,TPR,yfinance,2026-02-10T05:10:38.179198+00:00
2013-06-12,58.7599983215332,58.7599983215332,57.04999923706055,57.720001220703125,39.79716110229492,5045500,TPR,yfinance,2026-02-10T05:10:38.179198+00:00
2013-06-13,57.81999969482422,58.93000030517578,57.45000076293945,58.70000076293945,40.472869873046875,3576300,TPR,yfinance,2026-02-10T05:10:38.179198+00:00
2013-06-14,58.59000015258789,58.810001373291016,58.209999084472656,58.52000045776367,40.34876251220703,3712100,TPR,yfinance,2026-02-10T05:10:38.179198+00:00
2013-06-17,58.79999923706055,59.4900016784668,57.779998779296875,58.130001068115234,40.07985305786133,4015700,TPR,yfinance,2026-02-10T05:10:38.179198+00:00
2013-06-18,58.08000183105469,58.4900016784668,57.63999938964844,58.47999954223633,40.3211784362793,2105500,TPR,yfinance,2026-02-10T05:10:38.179198+00:00
2013-06-19,58.5,59.0,58.08000183105469,58.189998626708984,40.1212272644043,2263900,TPR,yfinance,2026-02-10T05:10:38.179198+00:00
2013-06-20,57.75,57.939998626708984,57.09000015258789,57.290000915527344,39.50069046020508,3298500,TPR,yfinance,2026-02-10T05:10:38.179198+00:00
2013-06-21,57.779998779296875,57.88999938964844,56.099998474121094,56.540000915527344,38.983558654785156,3980200,TPR,yfinance,2026-02-10T05:10:38.179198+00:00
2013-06-24,55.7599983215332,55.810001373291016,53.790000915527344,55.27000045776367,38.107933044433594,5269200,TPR,yfinance,2026-02-10T05:10:38.179198+00:00
2013-06-25,55.400001525878906,55.970001220703125,54.939998626708984,55.13999938964844,38.01829147338867,3051900,TPR,yfinance,2026-02-10T05:10:38.179198+00:00
2013-06-26,55.790000915527344,56.43000030517578,55.59000015258789,55.9900016784668,38.60436248779297,2636500,TPR,yfinance,2026-02-10T05:10:38.179198+00:00
2013-06-27,56.5099983215332,56.68000030517578,56.09000015258789,56.380001068115234,38.87324905395508,1837900,TPR,yfinance,2026-02-10T05:10:38.179198+00:00
2013-06-28,56.27000045776367,57.689998626708984,56.2400016784668,57.09000015258789,39.36279296875,4641800,TPR,yfinance,2026-02-10T05:10:38.179198+00:00
2013-07-01,57.349998474121094,57.720001220703125,56.90999984741211,57.02000045776367,39.31453323364258,2054800,TPR,yfinance,2026-02-10T05:10:38.179198+00:00
2013-07-02,56.959999084472656,57.31999969482422,56.20000076293945,56.599998474121094,39.02495193481445,2141100,TPR,yfinance,2026-02-10T05:10:38.179198+00:00
2013-07-03,56.099998474121094,56.90999984741211,55.84000015258789,56.459999084472656,38.92841720581055,1096600,TPR,yfinance,2026-02-10T05:10:38.179198+00:00
2013-07-05,56.900001525878906,57.72999954223633,56.61000061035156,57.45000076293945,39.61100387573242,1708100,TPR,yfinance,2026-02-10T05:10:38.179198+00:00
2013-07-08,57.720001220703125,57.9900016784668,57.34000015258789,57.75,39.81784439086914,2064500,TPR,yfinance,2026-02-10T05:10:38.179198+00:00
2013-07-09,58.04999923706055,58.290000915527344,57.689998626708984,58.0099983215332,39.99711227416992,2270400,TPR,yfinance,2026-02-10T05:10:38.179198+00:00
2013-07-10,58.810001373291016,58.83000183105469,58.09000015258789,58.599998474121094,40.40391159057617,2128800,TPR,yfinance,2026-02-10T05:10:38.179198+00:00
2013-07-11,59.25,59.36000061035156,58.83000183105469,59.04999923706055,40.71419143676758,1626200,TPR,yfinance,2026-02-10T05:10:38.179198+00:00
2013-07-12,58.9900016784668,59.31999969482422,58.290000915527344,59.0,40.67970657348633,1667200,TPR,yfinance,2026-02-10T05:10:38.179198+00:00
2013-07-15,58.9900016784668,59.29999923706055,58.630001068115234,59.18000030517578,40.80381393432617,1264100,TPR,yfinance,2026-02-10T05:10:38.179198+00:00
2013-07-16,59.20000076293945,59.31999969482422,57.83000183105469,58.25,40.162601470947266,2986200,TPR,yfinance,2026-02-10T05:10:38.179198+00:00
2013-07-17,58.29999923706055,58.790000915527344,57.79999923706055,58.06999969482422,40.03848648071289,2477600,TPR,yfinance,2026-02-10T05:10:38.179198+00:00
2013-07-18,58.38999938964844,58.88999938964844,58.189998626708984,58.79999923706055,40.541812896728516,2230000,TPR,yfinance,2026-02-10T05:10:38.179198+00:00
2013-07-19,59.0,59.45000076293945,58.72999954223633,59.310001373291016,40.89344024658203,2878200,TPR,yfinance,2026-02-10T05:10:38.179198+00:00
2013-07-22,59.189998626708984,59.31999969482422,58.68000030517578,59.09000015258789,40.74176788330078,1751200,TPR,yfinance,2026-02-10T05:10:38.179198+00:00
2013-07-23,59.08000183105469,59.5,58.97999954223633,59.45000076293945,40.98997116088867,1682400,TPR,yfinance,2026-02-10T05:10:38.179198+00:00
2013-07-24,59.5,59.58000183105469,58.900001525878906,59.36000061035156,40.927913665771484,2593300,TPR,yfinance,2026-02-10T05:10:38.179198+00:00
2013-07-25,59.2599983215332,59.56999969482422,59.06999969482422,59.54999923706055,41.05893325805664,1942000,TPR,yfinance,2026-02-10T05:10:38.179198+00:00
2013-07-26,58.290000915527344,59.209999084472656,57.849998474121094,59.18000030517578,40.80381393432617,3123200,TPR,yfinance,2026-02-10T05:10:38.179198+00:00
2013-07-29,58.79999923706055,58.79999923706055,57.380001068115234,57.849998474121094,39.886802673339844,6153700,TPR,yfinance,2026-02-10T05:10:38.179198+00:00
2013-07-30,52.599998474121094,54.06999969482422,52.099998474121094,53.29999923706055,36.74962615966797,16270500,TPR,yfinance,2026-02-10T05:10:38.179198+00:00
2013-07-31,52.59000015258789,53.349998474121094,52.400001525878906,53.130001068115234,36.632415771484375,6794800,TPR,yfinance,2026-02-10T05:10:38.179198+00:00
2013-08-01,53.619998931884766,53.970001220703125,52.939998626708984,53.31999969482422,36.76342010498047,5100900,TPR,yfinance,2026-02-10T05:10:38.179198+00:00
2013-08-02,53.119998931884766,53.779998779296875,53.04999923706055,53.33000183105469,36.77031707763672,3909500,TPR,yfinance,2026-02-10T05:10:38.179198+00:00
2013-08-05,53.56999969482422,54.279998779296875,53.52000045776367,53.79999923706055,37.09436798095703,3979100,TPR,yfinance,2026-02-10T05:10:38.179198+00:00
2013-08-06,53.869998931884766,54.040000915527344,53.290000915527344,53.939998626708984,37.1909065246582,4082900,TPR,yfinance,2026-02-10T05:10:38.179198+00:00
2013-08-07,53.63999938964844,54.0099983215332,53.43000030517578,53.810001373291016,37.101280212402344,3270800,TPR,yfinance,2026-02-10T05:10:38.179198+00:00
2013-08-08,54.099998474121094,54.4900016784668,53.84000015258789,53.869998931884766,37.142642974853516,4099400,TPR,yfinance,2026-02-10T05:10:38.179198+00:00
2013-08-09,53.970001220703125,54.11000061035156,53.060001373291016,53.369998931884766,36.79790115356445,3712700,TPR,yfinance,2026-02-10T05:10:38.179198+00:00
2013-08-12,53.06999969482422,53.54999923706055,52.599998474121094,53.060001373291016,36.584163665771484,3271200,TPR,yfinance,2026-02-10T05:10:38.179198+00:00
2013-08-13,53.22999954223633,53.38999938964844,52.88999938964844,53.290000915527344,36.74272537231445,2357500,TPR,yfinance,2026-02-10T05:10:38.179198+00:00
2013-08-14,53.290000915527344,53.5,52.880001068115234,53.22999954223633,36.70137405395508,2166700,TPR,yfinance,2026-02-10T05:10:38.179198+00:00
2013-08-15,52.79999923706055,53.150001525878906,52.279998779296875,52.459999084472656,36.17047882080078,2964800,TPR,yfinance,2026-02-10T05:10:38.179198+00:00
2013-08-16,52.33000183105469,52.529998779296875,51.849998474121094,51.900001525878906,35.78435516357422,3463800,TPR,yfinance,2026-02-10T05:10:38.179198+00:00
2013-08-19,51.79999923706055,52.119998931884766,51.529998779296875,51.849998474121094,35.74988555908203,3116200,TPR,yfinance,2026-02-10T05:10:38.179198+00:00
2013-08-20,51.75,52.83000183105469,51.72999954223633,52.060001373291016,35.89466857910156,2395200,TPR,yfinance,2026-02-10T05:10:38.179198+00:00
2013-08-21,52.09000015258789,52.939998626708984,52.0099983215332,52.33000183105469,36.080833435058594,3391900,TPR,yfinance,2026-02-10T05:10:38.179198+00:00
2013-08-22,52.59000015258789,52.79999923706055,52.150001525878906,52.70000076293945,36.335933685302734,2010500,TPR,yfinance,2026-02-10T05:10:38.179198+00:00
2013-08-23,52.84000015258789,52.900001525878906,52.43000030517578,52.720001220703125,36.34973907470703,2290900,TPR,yfinance,2026-02-10T05:10:38.179198+00:00
2013-08-26,52.779998779296875,53.11000061035156,52.540000915527344,52.540000915527344,36.22563552856445,1953500,TPR,yfinance,2026-02-10T05:10:38.179198+00:00
2013-08-27,52.040000915527344,52.41999816894531,51.630001068115234,51.9900016784668,35.846412658691406,2682900,TPR,yfinance,2026-02-10T05:10:38.179198+00:00
2013-08-28,51.970001220703125,52.59000015258789,51.72999954223633,52.310001373291016,36.067047119140625,2698400,TPR,yfinance,2026-02-10T05:10:38.179198+00:00
2013-08-29,52.27000045776367,52.959999084472656,52.0,52.58000183105469,36.25319290161133,2304600,TPR,yfinance,2026-02-10T05:10:38.179198+00:00
2013-08-30,52.58000183105469,53.029998779296875,52.400001525878906,52.810001373291016,36.41178512573242,2758500,TPR,yfinance,2026-02-10T05:10:38.179198+00:00
2013-09-03,53.34000015258789,53.470001220703125,52.869998931884766,53.15999984741211,36.65311050415039,3316900,TPR,yfinance,2026-02-10T05:10:38.179198+00:00
2013-09-04,53.150001525878906,54.0,53.150001525878906,53.40999984741211,36.82548522949219,3316000,TPR,yfinance,2026-02-10T05:10:38.179198+00:00
2013-09-05,53.150001525878906,53.58000183105469,53.06999969482422,53.400001525878906,37.053070068359375,3647800,TPR,yfinance,2026-02-10T05:10:38.179198+00:00
2013-09-06,53.619998931884766,53.66999816894531,52.720001220703125,53.08000183105469,36.8310432434082,2779800,TPR,yfinance,2026-02-10T05:10:38.179198+00:00
2013-09-09,53.18000030517578,53.61000061035156,53.04999923706055,53.47999954223633,37.10858154296875,2097900,TPR,yfinance,2026-02-10T05:10:38.179198+00:00
2013-09-10,53.75,53.88999938964844,53.20000076293945,53.75,37.295928955078125,2143400,TPR,yfinance,2026-02-10T05:10:38.179198+00:00
2013-09-11,53.79999923706055,54.29999923706055,53.52000045776367,54.18000030517578,37.594295501708984,2286500,TPR,yfinance,2026-02-10T05:10:38.179198+00:00
2013-09-12,54.2400016784668,54.31999969482422,53.77000045776367,53.900001525878906,37.4000244140625,2715700,TPR,yfinance,2026-02-10T05:10:38.179198+00:00
2013-09-13,53.849998474121094,54.630001068115234,53.83000183105469,54.630001068115234,37.906551361083984,2959700,TPR,yfinance,2026-02-10T05:10:38.179198+00:00
2013-09-16,55.189998626708984,55.810001373291016,54.79999923706055,54.97999954223633,38.14939498901367,3830100,TPR,yfinance,2026-02-10T05:10:38.179198+00:00
2013-09-17,54.97999954223633,55.43000030517578,54.81999969482422,55.279998779296875,38.35756301879883,3952100,TPR,yfinance,2026-02-10T05:10:38.179198+00:00
2013-09-18,55.2400016784668,55.5,54.099998474121094,55.38999938964844,38.43389129638672,3149000,TPR,yfinance,2026-02-10T05:10:38.179198+00:00
2013-09-19,55.5,55.779998779296875,55.25,55.380001068115234,38.42695236206055,1885600,TPR,yfinance,2026-02-10T05:10:38.179198+00:00
2013-09-20,55.380001068115234,55.41999816894531,54.619998931884766,55.040000915527344,38.1910400390625,3700600,TPR,yfinance,2026-02-10T05:10:38.179198+00:00
2013-09-23,55.0,55.0099983215332,54.15999984741211,54.61000061035156,37.89265823364258,2428400,TPR,yfinance,2026-02-10T05:10:38.179198+00:00
2013-09-24,54.439998626708984,55.09000015258789,54.11000061035156,54.72999954223633,37.97592544555664,2625900,TPR,yfinance,2026-02-10T05:10:38.179198+00:00
2013-09-25,54.72999954223633,54.81999969482422,53.790000915527344,54.220001220703125,37.62205123901367,3179500,TPR,yfinance,2026-02-10T05:10:38.179198+00:00
2013-09-26,54.4900016784668,54.86000061035156,54.25,54.5,37.81632995605469,2662500,TPR,yfinance,2026-02-10T05:10:38.179198+00:00
2013-09-27,54.4900016784668,54.599998474121094,54.15999984741211,54.2400016784668,37.635929107666016,2209500,TPR,yfinance,2026-02-10T05:10:38.179198+00:00
2013-09-30,53.90999984741211,54.599998474121094,53.59000015258789,54.529998779296875,37.837154388427734,2004600,TPR,yfinance,2026-02-10T05:10:38.179198+00:00
2013-10-01,54.63999938964844,54.70000076293945,54.189998626708984,54.349998474121094,37.71226119995117,2730800,TPR,yfinance,2026-02-10T05:10:38.179198+00:00
2013-10-02,54.150001525878906,54.34000015258789,53.79999923706055,54.29999923706055,37.67756271362305,2759900,TPR,yfinance,2026-02-10T05:10:38.179198+00:00
2013-10-03,54.400001525878906,55.130001068115234,54.06999969482422,54.34000015258789,37.705318450927734,3746400,TPR,yfinance,2026-02-10T05:10:38.179198+00:00
2013-10-04,54.34000015258789,55.41999816894531,54.220001220703125,55.029998779296875,38.18408966064453,3598200,TPR,yfinance,2026-02-10T05:10:38.179198+00:00
2013-10-07,54.529998779296875,55.2400016784668,54.31999969482422,54.38999938964844,37.74000549316406,2379100,TPR,yfinance,2026-02-10T05:10:38.179198+00:00
2013-10-08,54.41999816894531,54.470001220703125,53.29999923706055,53.59000015258789,37.18490219116211,3811100,TPR,yfinance,2026-02-10T05:10:38.179198+00:00
2013-10-09,53.4900016784668,54.27000045776367,53.130001068115234,53.86000061035156,37.37226486206055,3539800,TPR,yfinance,2026-02-10T05:10:38.179198+00:00
2013-10-10,54.45000076293945,54.7599983215332,54.16999816894531,54.189998626708984,37.60124206542969,2926000,TPR,yfinance,2026-02-10T05:10:38.179198+00:00
2013-10-11,54.220001220703125,54.59000015258789,53.939998626708984,54.59000015258789,37.8787956237793,2547500,TPR,yfinance,2026-02-10T05:10:38.179198+00:00
2013-10-14,53.56999969482422,54.119998931884766,53.16999816894531,54.119998931884766,37.552650451660156,4298100,TPR,yfinance,2026-02-10T05:10:38.179198+00:00
2013-10-15,54.060001373291016,54.06999969482422,53.45000076293945,53.630001068115234,37.212669372558594,4793900,TPR,yfinance,2026-02-10T05:10:38.179198+00:00
2013-10-16,53.970001220703125,54.290000915527344,53.619998931884766,53.95000076293945,37.43470001220703,4328400,TPR,yfinance,2026-02-10T05:10:38.179198+00:00
2013-10-17,53.90999984741211,54.84000015258789,53.459999084472656,54.13999938964844,37.56653594970703,5185100,TPR,yfinance,2026-02-10T05:10:38.179198+00:00
2013-10-18,54.20000076293945,54.380001068115234,53.619998931884766,53.869998931884766,37.37919616699219,4775200,TPR,yfinance,2026-02-10T05:10:38.179198+00:00
2013-10-21,53.97999954223633,54.34000015258789,53.189998626708984,54.18000030517578,37.594295501708984,6048800,TPR,yfinance,2026-02-10T05:10:38.179198+00:00
2013-10-22,49.79999923706055,50.86000061035156,49.5,50.099998474121094,34.76327896118164,20707100,TPR,yfinance,2026-02-10T05:10:38.179198+00:00
2013-10-23,49.59000015258789,49.61000061035156,47.88999938964844,48.54999923706055,33.68776321411133,15100800,TPR,yfinance,2026-02-10T05:10:38.179198+00:00
2013-10-24,48.52000045776367,49.189998626708984,48.25,49.09000015258789,34.06245422363281,6640200,TPR,yfinance,2026-02-10T05:10:38.179198+00:00
2013-10-25,49.4900016784668,50.02000045776367,49.45000076293945,49.88999938964844,34.6175537109375,5401300,TPR,yfinance,2026-02-10T05:10:38.179198+00:00
2013-10-28,49.900001525878906,50.290000915527344,49.5099983215332,50.18000030517578,34.81878662109375,4641600,TPR,yfinance,2026-02-10T05:10:38.179198+00:00
2013-10-29,50.29999923706055,50.79999923706055,50.279998779296875,50.7599983215332,35.22123718261719,4346900,TPR,yfinance,2026-02-10T05:10:38.179198+00:00
2013-10-30,50.91999816894531,51.130001068115234,50.650001525878906,50.83000183105469,35.269798278808594,4081700,TPR,yfinance,2026-02-10T05:10:38.179198+00:00
2013-10-31,51.029998779296875,51.119998931884766,50.5099983215332,50.68000030517578,35.16572952270508,3903800,TPR,yfinance,2026-02-10T05:10:38.179198+00:00
2013-11-01,50.880001068115234,51.04999923706055,50.15999984741211,50.41999816894531,34.98530960083008,3464300,TPR,yfinance,2026-02-10T05:10:38.179198+00:00
2013-11-04,50.5,51.349998474121094,50.4900016784668,51.060001373291016,35.42939758300781,3765300,TPR,yfinance,2026-02-10T05:10:38.179198+00:00
2013-11-05,51.0,51.97999954223633,50.77000045776367,51.77000045776367,35.922061920166016,4616600,TPR,yfinance,2026-02-10T05:10:38.179198+00:00
2013-11-06,51.77000045776367,52.349998474121094,51.54999923706055,52.310001373291016,36.29674530029297,3950300,TPR,yfinance,2026-02-10T05:10:38.179198+00:00
2013-11-07,52.310001373291016,52.4900016784668,51.43000030517578,51.68000030517578,35.85960388183594,4063800,TPR,yfinance,2026-02-10T05:10:38.179198+00:00
2013-11-08,51.119998931884766,51.849998474121094,50.959999084472656,51.810001373291016,35.9498176574707,3375600,TPR,yfinance,2026-02-10T05:10:38.179198+00:00
2013-11-11,51.689998626708984,52.20000076293945,51.56999969482422,52.029998779296875,36.10244369506836,2517600,TPR,yfinance,2026-02-10T05:10:38.179198+00:00
2013-11-12,52.0099983215332,52.65999984741211,51.97999954223633,52.47999954223633,36.41469955444336,3093200,TPR,yfinance,2026-02-10T05:10:38.179198+00:00
2013-11-13,52.2599983215332,53.38999938964844,52.25,53.310001373291016,36.990623474121094,3910200,TPR,yfinance,2026-02-10T05:10:38.179198+00:00
2013-11-14,53.369998931884766,53.810001373291016,53.119998931884766,53.650001525878906,37.22654724121094,3986600,TPR,yfinance,2026-02-10T05:10:38.179198+00:00
2013-11-15,53.880001068115234,54.369998931884766,53.459999084472656,54.13999938964844,37.56653594970703,5375100,TPR,yfinance,2026-02-10T05:10:38.179198+00:00
2013-11-18,54.189998626708984,54.31999969482422,53.90999984741211,54.029998779296875,37.49021530151367,3676700,TPR,yfinance,2026-02-10T05:10:38.179198+00:00
2013-11-19,53.93000030517578,54.27000045776367,53.79999923706055,53.95000076293945,37.43470001220703,2650200,TPR,yfinance,2026-02-10T05:10:38.179198+00:00
2013-11-20,54.20000076293945,54.7400016784668,53.29999923706055,53.45000076293945,37.0877685546875,5637100,TPR,yfinance,2026-02-10T05:10:38.179198+00:00
2013-11-21,53.439998626708984,54.130001068115234,53.209999084472656,53.970001220703125,37.44858932495117,3211600,TPR,yfinance,2026-02-10T05:10:38.179198+00:00
2013-11-22,54.20000076293945,54.29999923706055,53.72999954223633,54.220001220703125,37.62205123901367,2618300,TPR,yfinance,2026-02-10T05:10:38.179198+00:00
2013-11-25,54.09000015258789,54.630001068115234,54.029998779296875,54.560001373291016,37.85795593261719,2727600,TPR,yfinance,2026-02-10T05:10:38.179198+00:00
2013-11-26,54.86000061035156,57.150001525878906,54.7599983215332,56.36000061035156,39.106937408447266,10365100,TPR,yfinance,2026-02-10T05:10:38.179198+00:00
2013-11-27,56.279998779296875,57.40999984741211,56.13999938964844,57.130001068115234,39.641231536865234,5042300,TPR,yfinance,2026-02-10T05:10:38.179198+00:00
2013-11-29,57.25,57.95000076293945,57.150001525878906,57.900001525878906,40.1755256652832,2832200,TPR,yfinance,2026-02-10T05:10:38.179198+00:00
2013-12-02,57.45000076293945,57.709999084472656,56.38999938964844,56.540000915527344,39.231849670410156,7634600,TPR,yfinance,2026-02-10T05:10:38.179198+00:00
2013-12-03,56.5,57.0,56.150001525878906,56.650001525878906,39.30817794799805,4421100,TPR,yfinance,2026-02-10T05:10:38.179198+00:00
2013-12-04,55.720001220703125,56.560001373291016,55.61000061035156,56.470001220703125,39.41847610473633,3336100,TPR,yfinance,2026-02-10T05:10:38.179198+00:00
2013-12-05,56.29999923706055,56.45000076293945,55.349998474121094,55.720001220703125,38.89493942260742,3170900,TPR,yfinance,2026-02-10T05:10:38.179198+00:00
2013-12-06,56.08000183105469,56.369998931884766,55.16999816894531,55.619998931884766,38.825138092041016,2474400,TPR,yfinance,2026-02-10T05:10:38.179198+00:00
2013-12-09,56.29999923706055,56.68000030517578,55.970001220703125,56.060001373291016,39.13227462768555,3047600,TPR,yfinance,2026-02-10T05:10:38.179198+00:00
2013-12-10,56.130001068115234,56.27000045776367,55.5099983215332,56.150001525878906,39.19508361816406,3254000,TPR,yfinance,2026-02-10T05:10:38.179198+00:00
2013-12-11,55.88999938964844,56.130001068115234,55.380001068115234,55.459999084472656,38.71344757080078,2936500,TPR,yfinance,2026-02-10T05:10:38.179198+00:00
2013-12-12,55.43000030517578,56.09000015258789,55.18000030517578,55.52000045776367,38.75532913208008,2635700,TPR,yfinance,2026-02-10T05:10:38.179198+00:00
2013-12-13,55.52000045776367,56.099998474121094,55.36000061035156,55.5,38.741371154785156,1886700,TPR,yfinance,2026-02-10T05:10:38.179198+00:00
2013-12-16,55.599998474121094,55.83000183105469,54.900001525878906,55.31999969482422,38.61571502685547,2503100,TPR,yfinance,2026-02-10T05:10:38.179198+00:00
2013-12-17,55.43000030517578,55.470001220703125,54.93000030517578,55.29999923706055,38.60175323486328,1960900,TPR,yfinance,2026-02-10T05:10:38.179198+00:00
2013-12-18,55.40999984741211,55.75,54.77000045776367,55.720001220703125,38.89493942260742,2175300,TPR,yfinance,2026-02-10T05:10:38.179198+00:00
2013-12-19,55.70000076293945,55.88999938964844,55.31999969482422,55.43000030517578,38.69249725341797,1671300,TPR,yfinance,2026-02-10T05:10:38.179198+00:00
2013-12-20,55.4900016784668,56.45000076293945,55.40999984741211,56.060001373291016,39.13227462768555,3186600,TPR,yfinance,2026-02-10T05:10:38.179198+00:00
2013-12-23,56.13999938964844,56.22999954223633,55.7599983215332,56.11000061035156,39.16716766357422,1412500,TPR,yfinance,2026-02-10T05:10:38.179198+00:00
2013-12-24,56.29999923706055,56.68000030517578,56.04999923706055,56.43000030517578,39.39054870605469,872900,TPR,yfinance,2026-02-10T05:10:38.179198+00:00
2013-12-26,56.5099983215332,56.880001068115234,56.38999938964844,56.56999969482422,39.48826599121094,1017600,TPR,yfinance,2026-02-10T05:10:38.179198+00:00
2013-12-27,56.75,56.880001068115234,55.9900016784668,56.27000045776367,39.27885818481445,1225900,TPR,yfinance,2026-02-10T05:10:38.179198+00:00
2013-12-30,56.13999938964844,56.5099983215332,55.720001220703125,56.38999938964844,39.36262512207031,1632700,TPR,yfinance,2026-02-10T05:10:38.179198+00:00
2013-12-31,56.45000076293945,56.66999816894531,55.75,56.130001068115234,39.181129455566406,2224500,TPR,yfinance,2026-02-10T05:10:38.179198+00:00
2014-01-02,56.150001525878906,56.650001525878906,55.63999938964844,55.90999984741211,39.02756118774414,3446700,TPR,yfinance,2026-02-10T05:10:38.179198+00:00
2014-01-03,56.0,56.720001220703125,55.81999969482422,56.2400016784668,39.2579231262207,2006100,TPR,yfinance,2026-02-10T05:10:38.179198+00:00
2014-01-06,56.40999984741211,56.63999938964844,55.79999923706055,55.86000061035156,38.99266052246094,2268100,TPR,yfinance,2026-02-10T05:10:38.179198+00:00
2014-01-07,56.27000045776367,56.59000015258789,55.029998779296875,56.380001068115234,39.355648040771484,4074600,TPR,yfinance,2026-02-10T05:10:38.179198+00:00
2014-01-08,56.29999923706055,56.29999923706055,55.56999969482422,55.709999084472656,38.88795852661133,3304400,TPR,yfinance,2026-02-10T05:10:38.179198+00:00
2014-01-09,55.58000183105469,55.66999816894531,55.04999923706055,55.650001525878906,38.846073150634766,2505100,TPR,yfinance,2026-02-10T05:10:38.179198+00:00
2014-01-10,55.650001525878906,56.15999984741211,55.33000183105469,56.08000183105469,39.1462287902832,2504700,TPR,yfinance,2026-02-10T05:10:38.179198+00:00
2014-01-13,55.75,55.97999954223633,53.93000030517578,54.29999923706055,37.90372085571289,5552600,TPR,yfinance,2026-02-10T05:10:38.179198+00:00
2014-01-14,54.15999984741211,54.38999938964844,53.70000076293945,53.880001068115234,37.61052703857422,3584800,TPR,yfinance,2026-02-10T05:10:38.179198+00:00
2014-01-15,53.88999938964844,54.439998626708984,53.0,54.130001068115234,37.78504943847656,3677400,TPR,yfinance,2026-02-10T05:10:38.179198+00:00
2014-01-16,53.540000915527344,54.130001068115234,52.04999923706055,52.630001068115234,36.73797607421875,7099800,TPR,yfinance,2026-02-10T05:10:38.179198+00:00
2014-01-17,52.119998931884766,53.20000076293945,52.0099983215332,52.560001373291016,36.689109802246094,5610800,TPR,yfinance,2026-02-10T05:10:38.179198+00:00
2014-01-21,52.7599983215332,53.150001525878906,52.459999084472656,52.54999923706055,36.682132720947266,5950800,TPR,yfinance,2026-02-10T05:10:38.179198+00:00
2014-01-22,48.86000061035156,49.880001068115234,48.400001525878906,49.380001068115234,34.469337463378906,23412900,TPR,yfinance,2026-02-10T05:10:38.179198+00:00
2014-01-23,48.97999954223633,49.52000045776367,48.380001068115234,49.349998474121094,34.44839859008789,10833000,TPR,yfinance,2026-02-10T05:10:38.179198+00:00
2014-01-24,48.720001220703125,49.29999923706055,48.70000076293945,48.810001373291016,34.071468353271484,6744300,TPR,yfinance,2026-02-10T05:10:38.179198+00:00
2014-01-27,48.81999969482422,49.06999969482422,48.29999923706055,48.29999923706055,33.715457916259766,5137500,TPR,yfinance,2026-02-10T05:10:38.179198+00:00
2014-01-28,48.439998626708984,49.290000915527344,48.349998474121094,48.79999923706055,34.06447219848633,5264900,TPR,yfinance,2026-02-10T05:10:38.179198+00:00
2014-01-29,48.689998626708984,49.25,47.779998779296875,47.93000030517578,33.45718765258789,5724500,TPR,yfinance,2026-02-10T05:10:38.179198+00:00
2014-01-30,48.33000183105469,48.540000915527344,48.099998474121094,48.290000915527344,33.708473205566406,3519600,TPR,yfinance,2026-02-10T05:10:38.179198+00:00
2014-01-31,47.81999969482422,48.08000183105469,47.43000030517578,47.88999938964844,33.42926025390625,5602700,TPR,yfinance,2026-02-10T05:10:38.179198+00:00
2014-02-03,47.88999938964844,47.900001525878906,46.220001220703125,46.5,32.458984375,5957700,TPR,yfinance,2026-02-10T05:10:38.179198+00:00
2014-02-04,46.61000061035156,46.61000061035156,45.36000061035156,45.630001068115234,31.851688385009766,9302300,TPR,yfinance,2026-02-10T05:10:38.179198+00:00
2014-02-05,45.650001525878906,45.650001525878906,44.310001373291016,45.40999984741211,31.698110580444336,9090200,TPR,yfinance,2026-02-10T05:10:38.179198+00:00
2014-02-06,45.619998931884766,46.560001373291016,45.45000076293945,46.41999816894531,32.403141021728516,5194200,TPR,yfinance,2026-02-10T05:10:38.179198+00:00
2014-02-07,46.849998474121094,47.70000076293945,46.70000076293945,47.560001373291016,33.19890213012695,6449000,TPR,yfinance,2026-02-10T05:10:38.179198+00:00
2014-02-10,47.59000015258789,47.66999816894531,46.970001220703125,47.20000076293945,32.947601318359375,3701400,TPR,yfinance,2026-02-10T05:10:38.179198+00:00
2014-02-11,47.31999969482422,47.52000045776367,46.95000076293945,47.34000015258789,33.045345306396484,3878500,TPR,yfinance,2026-02-10T05:10:38.179198+00:00
2014-02-12,47.560001373291016,47.79999923706055,46.86000061035156,46.939998626708984,32.76612854003906,3688400,TPR,yfinance,2026-02-10T05:10:38.179198+00:00
2014-02-13,46.83000183105469,47.970001220703125,46.83000183105469,47.900001525878906,33.436241149902344,4622300,TPR,yfinance,2026-02-10T05:10:38.179198+00:00
2014-02-14,47.81999969482422,48.470001220703125,47.5099983215332,48.08000183105469,33.561885833740234,3728000,TPR,yfinance,2026-02-10T05:10:38.179198+00:00
2014-02-18,48.630001068115234,48.630001068115234,47.95000076293945,48.130001068115234,33.59678649902344,3015800,TPR,yfinance,2026-02-10T05:10:38.179198+00:00
2014-02-19,48.119998931884766,48.349998474121094,47.75,47.84000015258789,33.39435958862305,3052200,TPR,yfinance,2026-02-10T05:10:38.179198+00:00
2014-02-20,47.84000015258789,48.099998474121094,47.5,47.63999938964844,33.254756927490234,2385900,TPR,yfinance,2026-02-10T05:10:38.179198+00:00
2014-02-21,47.63999938964844,48.2599983215332,47.58000183105469,47.650001525878906,33.26172637939453,2440300,TPR,yfinance,2026-02-10T05:10:38.179198+00:00
2014-02-24,47.81999969482422,48.36000061035156,47.689998626708984,47.95000076293945,33.47113800048828,2467500,TPR,yfinance,2026-02-10T05:10:38.179198+00:00
2014-02-25,47.88999938964844,48.38999938964844,47.79999923706055,48.27000045776367,33.694522857666016,2769400,TPR,yfinance,2026-02-10T05:10:38.179198+00:00
2014-02-26,48.33000183105469,48.880001068115234,48.290000915527344,48.459999084472656,33.82714080810547,2514900,TPR,yfinance,2026-02-10T05:10:38.179198+00:00
2014-02-27,48.5,48.939998626708984,48.349998474121094,48.81999969482422,34.078433990478516,2724700,TPR,yfinance,2026-02-10T05:10:38.179198+00:00
2014-02-28,48.900001525878906,49.130001068115234,48.459999084472656,48.810001373291016,34.071468353271484,2999600,TPR,yfinance,2026-02-10T05:10:38.179198+00:00
2014-03-03,48.290000915527344,48.599998474121094,47.66999816894531,48.08000183105469,33.561885833740234,2763800,TPR,yfinance,2026-02-10T05:10:38.179198+00:00
2014-03-04,48.47999954223633,48.65999984741211,48.130001068115234,48.40999984741211,33.792240142822266,3409000,TPR,yfinance,2026-02-10T05:10:38.179198+00:00
2014-03-05,47.970001220703125,48.2599983215332,47.5099983215332,48.11000061035156,33.81895446777344,2648000,TPR,yfinance,2026-02-10T05:10:38.179198+00:00
2014-03-06,47.9900016784668,48.560001373291016,47.9900016784668,48.34000015258789,33.98063278198242,2343900,TPR,yfinance,2026-02-10T05:10:38.179198+00:00
2014-03-07,48.40999984741211,49.2400016784668,48.400001525878906,48.81999969482422,34.31804656982422,3331200,TPR,yfinance,2026-02-10T05:10:38.179198+00:00
2014-03-10,48.81999969482422,49.099998474121094,48.5099983215332,48.93000030517578,34.3953742980957,3110300,TPR,yfinance,2026-02-10T05:10:38.179198+00:00
2014-03-11,48.9900016784668,49.84000015258789,48.93000030517578,49.16999816894531,34.56407928466797,3603100,TPR,yfinance,2026-02-10T05:10:38.179198+00:00
2014-03-12,48.97999954223633,49.06999969482422,48.61000061035156,49.029998779296875,34.465660095214844,2534500,TPR,yfinance,2026-02-10T05:10:38.179198+00:00
2014-03-13,49.060001373291016,49.150001525878906,48.0099983215332,48.189998626708984,33.875186920166016,4964900,TPR,yfinance,2026-02-10T05:10:38.179198+00:00
2014-03-14,48.54999923706055,49.95000076293945,48.54999923706055,49.11000061035156,34.52190017700195,6106500,TPR,yfinance,2026-02-10T05:10:38.179198+00:00
2014-03-17,49.279998779296875,49.63999938964844,48.90999984741211,49.439998626708984,34.753875732421875,3559700,TPR,yfinance,2026-02-10T05:10:38.179198+00:00
2014-03-18,50.20000076293945,50.290000915527344,49.599998474121094,50.22999954223633,35.30921173095703,3594700,TPR,yfinance,2026-02-10T05:10:38.179198+00:00
2014-03-19,50.18000030517578,50.43000030517578,49.880001068115234,50.25,35.32325744628906,2670300,TPR,yfinance,2026-02-10T05:10:38.179198+00:00
2014-03-20,50.209999084472656,50.310001373291016,49.90999984741211,49.9900016784668,35.14049530029297,2257200,TPR,yfinance,2026-02-10T05:10:38.179198+00:00
2014-03-21,50.40999984741211,51.0,50.130001068115234,50.2400016784668,35.316246032714844,3760200,TPR,yfinance,2026-02-10T05:10:38.179198+00:00
2014-03-24,50.4900016784668,50.7400016784668,49.77000045776367,49.790000915527344,34.99991989135742,2406100,TPR,yfinance,2026-02-10T05:10:38.179198+00:00
2014-03-25,49.95000076293945,50.119998931884766,49.15999984741211,49.5,34.79604721069336,2939800,TPR,yfinance,2026-02-10T05:10:38.179198+00:00
2014-03-26,49.83000183105469,50.099998474121094,49.11000061035156,49.11000061035156,34.52190017700195,2580500,TPR,yfinance,2026-02-10T05:10:38.179198+00:00
2014-03-27,49.2400016784668,49.810001373291016,49.15999984741211,49.349998474121094,34.69060516357422,2656400,TPR,yfinance,2026-02-10T05:10:38.179198+00:00
2014-03-28,49.470001220703125,50.16999816894531,49.150001525878906,49.66999816894531,34.91554641723633,2896100,TPR,yfinance,2026-02-10T05:10:38.179198+00:00
2014-03-31,50.09000015258789,50.150001525878906,49.34000015258789,49.65999984741211,34.90851974487305,3406600,TPR,yfinance,2026-02-10T05:10:38.179198+00:00
2014-04-01,49.849998474121094,49.86000061035156,49.349998474121094,49.650001525878906,34.90149688720703,4415100,TPR,yfinance,2026-02-10T05:10:38.179198+00:00
2014-04-02,49.709999084472656,50.279998779296875,49.5099983215332,50.130001068115234,35.23890686035156,3840000,TPR,yfinance,2026-02-10T05:10:38.179198+00:00
2014-04-03,50.290000915527344,50.38999938964844,49.790000915527344,50.060001373291016,35.18971252441406,2210500,TPR,yfinance,2026-02-10T05:10:38.179198+00:00
2014-04-04,50.29999923706055,50.709999084472656,49.4900016784668,49.560001373291016,34.838233947753906,2540200,TPR,yfinance,2026-02-10T05:10:38.179198+00:00
2014-04-07,49.599998474121094,49.75,48.61000061035156,48.880001068115234,34.3602294921875,3180200,TPR,yfinance,2026-02-10T05:10:38.179198+00:00
2014-04-08,48.86000061035156,49.41999816894531,48.75,49.09000015258789,34.50785446166992,4456600,TPR,yfinance,2026-02-10T05:10:38.179198+00:00
2014-04-09,49.25,49.970001220703125,49.189998626708984,49.68000030517578,34.92258834838867,3402600,TPR,yfinance,2026-02-10T05:10:38.179198+00:00
2014-04-10,49.709999084472656,50.86000061035156,49.369998931884766,49.470001220703125,34.774967193603516,4624700,TPR,yfinance,2026-02-10T05:10:38.179198+00:00
2014-04-11,49.0,49.29999923706055,48.36000061035156,48.810001373291016,34.31102752685547,3805600,TPR,yfinance,2026-02-10T05:10:38.179198+00:00
2014-04-14,49.189998626708984,49.400001525878906,48.369998931884766,48.75,34.26884078979492,4078000,TPR,yfinance,2026-02-10T05:10:38.179198+00:00
2014-04-15,48.47999954223633,49.38999938964844,48.04999923706055,48.86000061035156,34.34617614746094,4573100,TPR,yfinance,2026-02-10T05:10:38.179198+00:00
2014-04-16,49.16999816894531,49.380001068115234,48.93000030517578,49.25,34.620323181152344,2080500,TPR,yfinance,2026-02-10T05:10:38.179198+00:00
2014-04-17,49.31999969482422,49.88999938964844,49.31999969482422,49.47999954223633,34.7819938659668,3144200,TPR,yfinance,2026-02-10T05:10:38.179198+00:00
2014-04-21,49.470001220703125,49.880001068115234,48.959999084472656,49.11000061035156,34.52190017700195,2925300,TPR,yfinance,2026-02-10T05:10:38.179198+00:00
2014-04-22,49.2599983215332,50.0,49.02000045776367,49.52000045776367,34.810115814208984,2350400,TPR,yfinance,2026-02-10T05:10:38.179198+00:00
2014-04-23,49.61000061035156,50.380001068115234,49.58000183105469,50.060001373291016,35.18971252441406,3902700,TPR,yfinance,2026-02-10T05:10:38.179198+00:00
2014-04-24,50.060001373291016,50.470001220703125,49.7400016784668,50.0,35.147525787353516,3179900,TPR,yfinance,2026-02-10T05:10:38.179198+00:00
2014-04-25,49.86000061035156,50.06999969482422,49.34000015258789,49.81999969482422,35.020992279052734,4022100,TPR,yfinance,2026-02-10T05:10:38.179198+00:00
2014-04-28,49.849998474121094,50.599998474121094,49.470001220703125,50.41999816894531,35.442771911621094,7400200,TPR,yfinance,2026-02-10T05:10:38.179198+00:00
2014-04-29,45.9900016784668,47.0,45.34000015258789,45.709999084472656,32.13187026977539,21264000,TPR,yfinance,2026-02-10T05:10:38.179198+00:00
2014-04-30,45.27000045776367,45.599998474121094,43.900001525878906,44.650001525878906,31.38673973083496,15349400,TPR,yfinance,2026-02-10T05:10:38.179198+00:00
2014-05-01,43.959999084472656,44.20000076293945,43.279998779296875,44.0099983215332,30.936864852905273,10414400,TPR,yfinance,2026-02-10T05:10:38.179198+00:00
2014-05-02,44.0,44.36000061035156,43.58000183105469,43.880001068115234,30.845481872558594,5630500,TPR,yfinance,2026-02-10T05:10:38.179198+00:00
2014-05-05,43.959999084472656,43.959999084472656,43.33000183105469,43.38999938964844,30.50103759765625,4953000,TPR,yfinance,2026-02-10T05:10:38.179198+00:00
2014-05-06,43.31999969482422,43.33000183105469,42.29999923706055,42.61000061035156,29.952722549438477,7576900,TPR,yfinance,2026-02-10T05:10:38.179198+00:00
2014-05-07,42.68000030517578,42.75,41.619998931884766,42.0099983215332,29.530956268310547,9328100,TPR,yfinance,2026-02-10T05:10:38.179198+00:00
2014-05-08,42.0099983215332,42.68000030517578,41.86000061035156,42.040000915527344,29.552047729492188,6844400,TPR,yfinance,2026-02-10T05:10:38.179198+00:00
2014-05-09,41.939998626708984,42.279998779296875,41.619998931884766,42.119998931884766,29.6082706451416,3633700,TPR,yfinance,2026-02-10T05:10:38.179198+00:00
2014-05-12,42.25,42.66999816894531,42.15999984741211,42.470001220703125,29.85431480407715,3122600,TPR,yfinance,2026-02-10T05:10:38.179198+00:00
2014-05-13,42.560001373291016,42.65999984741211,42.099998474121094,42.20000076293945,29.664514541625977,3980800,TPR,yfinance,2026-02-10T05:10:38.179198+00:00
2014-05-14,42.150001525878906,42.20000076293945,41.439998626708984,41.58000183105469,29.228689193725586,4735100,TPR,yfinance,2026-02-10T05:10:38.179198+00:00
2014-05-15,41.45000076293945,41.7599983215332,41.130001068115234,41.650001525878906,29.27789878845215,3732000,TPR,yfinance,2026-02-10T05:10:38.179198+00:00
2014-05-16,41.70000076293945,42.15999984741211,41.59000015258789,41.9900016784668,29.51690101623535,3600000,TPR,yfinance,2026-02-10T05:10:38.179198+00:00
2014-05-19,41.83000183105469,42.099998474121094,41.45000076293945,41.869998931884766,29.43254280090332,3356800,TPR,yfinance,2026-02-10T05:10:38.179198+00:00
2014-05-20,41.81999969482422,41.81999969482422,41.2400016784668,41.38999938964844,29.095134735107422,3477100,TPR,yfinance,2026-02-10T05:10:38.179198+00:00
2014-05-21,41.540000915527344,41.88999938964844,41.27000045776367,41.439998626708984,29.130277633666992,2280400,TPR,yfinance,2026-02-10T05:10:38.179198+00:00
2014-05-22,41.43000030517578,41.63999938964844,41.220001220703125,41.34000015258789,29.05998420715332,2387500,TPR,yfinance,2026-02-10T05:10:38.179198+00:00
2014-05-23,41.400001525878906,41.630001068115234,41.16999816894531,41.529998779296875,29.193540573120117,1967400,TPR,yfinance,2026-02-10T05:10:38.179198+00:00
2014-05-27,41.720001220703125,41.83000183105469,41.220001220703125,41.36000061035156,29.07404327392578,3550500,TPR,yfinance,2026-02-10T05:10:38.179198+00:00
2014-05-28,41.25,41.369998931884766,40.40999984741211,40.810001373291016,28.68741226196289,4425000,TPR,yfinance,2026-02-10T05:10:38.179198+00:00
2014-05-29,40.939998626708984,40.97999954223633,40.52000045776367,40.61000061035156,28.546831130981445,3387400,TPR,yfinance,2026-02-10T05:10:38.179198+00:00
2014-05-30,40.70000076293945,40.97999954223633,40.599998474121094,40.709999084472656,28.61711883544922,5172000,TPR,yfinance,2026-02-10T05:10:38.179198+00:00
2014-06-02,41.0,41.0,40.34000015258789,40.439998626708984,28.427318572998047,4008100,TPR,yfinance,2026-02-10T05:10:38.179198+00:00
2014-06-03,40.439998626708984,40.4900016784668,40.11000061035156,40.36000061035156,28.371091842651367,6493600,TPR,yfinance,2026-02-10T05:10:38.179198+00:00
2014-06-04,39.61000061035156,39.689998626708984,38.70000076293945,38.9900016784668,27.639516830444336,9281800,TPR,yfinance,2026-02-10T05:10:38.179198+00:00
2014-06-05,39.119998931884766,39.63999938964844,38.68000030517578,39.58000183105469,28.05776023864746,6653300,TPR,yfinance,2026-02-10T05:10:38.179198+00:00
2014-06-06,39.66999816894531,40.20000076293945,39.599998474121094,39.9900016784668,28.34839630126953,6046300,TPR,yfinance,2026-02-10T05:10:38.179198+00:00
2014-06-09,40.119998931884766,40.900001525878906,40.02000045776367,40.83000183105469,28.94386863708496,5496900,TPR,yfinance,2026-02-10T05:10:38.179198+00:00
2014-06-10,40.630001068115234,40.70000076293945,39.45000076293945,39.58000183105469,28.05776023864746,6544900,TPR,yfinance,2026-02-10T05:10:38.179198+00:00
2014-06-11,39.33000183105469,39.369998931884766,38.689998626708984,39.130001068115234,27.738759994506836,6873400,TPR,yfinance,2026-02-10T05:10:38.179198+00:00
2014-06-12,38.9900016784668,39.04999923706055,38.560001373291016,38.66999816894531,27.412675857543945,5346200,TPR,yfinance,2026-02-10T05:10:38.179198+00:00
2014-06-13,38.65999984741211,39.40999984741211,38.65999984741211,39.369998931884766,27.908885955810547,3821500,TPR,yfinance,2026-02-10T05:10:38.179198+00:00
2014-06-16,39.29999923706055,39.79999923706055,39.130001068115234,39.68000030517578,28.12865447998047,3887200,TPR,yfinance,2026-02-10T05:10:38.179198+00:00
2014-06-17,39.66999816894531,40.970001220703125,39.61000061035156,40.810001373291016,28.929683685302734,7574400,TPR,yfinance,2026-02-10T05:10:38.179198+00:00
2014-06-18,40.77000045776367,40.790000915527344,39.08000183105469,39.189998626708984,27.78128433227539,12007200,TPR,yfinance,2026-02-10T05:10:38.179198+00:00
2014-06-19,39.13999938964844,39.41999816894531,35.0,35.689998626708984,25.300188064575195,38633500,TPR,yfinance,2026-02-10T05:10:38.179198+00:00
2014-06-20,35.0,35.189998626708984,34.310001373291016,34.72999954223633,24.61964988708496,32718100,TPR,yfinance,2026-02-10T05:10:38.179198+00:00
2014-06-23,34.25,34.52000045776367,33.83000183105469,34.02000045776367,24.116344451904297,16914700,TPR,yfinance,2026-02-10T05:10:38.179198+00:00
2014-06-24,34.029998779296875,34.86000061035156,33.849998474121094,34.09000015258789,24.165969848632812,9444400,TPR,yfinance,2026-02-10T05:10:38.179198+00:00
2014-06-25,33.7400016784668,34.20000076293945,33.599998474121094,34.099998474121094,24.173049926757812,8710200,TPR,yfinance,2026-02-10T05:10:38.179198+00:00
2014-06-26,34.08000183105469,34.560001373291016,33.93000030517578,34.34000015258789,24.343191146850586,6358800,TPR,yfinance,2026-02-10T05:10:38.179198+00:00
2014-06-27,34.41999816894531,34.790000915527344,34.380001068115234,34.470001220703125,24.435346603393555,6159600,TPR,yfinance,2026-02-10T05:10:38.179198+00:00
2014-06-30,34.5,34.5,34.04999923706055,34.189998626708984,24.23685646057129,6627800,TPR,yfinance,2026-02-10T05:10:38.179198+00:00
2014-07-01,34.2599983215332,34.45000076293945,34.08000183105469,34.279998779296875,24.300647735595703,5480800,TPR,yfinance,2026-02-10T05:10:38.179198+00:00
2014-07-02,34.209999084472656,35.29999923706055,34.060001373291016,35.060001373291016,24.853588104248047,10235900,TPR,yfinance,2026-02-10T05:10:38.179198+00:00
2014-07-03,35.11000061035156,35.470001220703125,34.75,35.13999938964844,24.910303115844727,4834600,TPR,yfinance,2026-02-10T05:10:38.179198+00:00
2014-07-07,35.27000045776367,36.400001525878906,35.20000076293945,35.81999969482422,25.392343521118164,9181400,TPR,yfinance,2026-02-10T05:10:38.179198+00:00
2014-07-08,35.650001525878906,35.790000915527344,34.900001525878906,34.97999954223633,24.796878814697266,5856000,TPR,yfinance,2026-02-10T05:10:38.179198+00:00
2014-07-09,34.61000061035156,34.880001068115234,34.36000061035156,34.5,24.456607818603516,7422400,TPR,yfinance,2026-02-10T05:10:38.179198+00:00
2014-07-10,34.20000076293945,34.470001220703125,34.04999923706055,34.099998474121094,24.173049926757812,6999900,TPR,yfinance,2026-02-10T05:10:38.179198+00:00
2014-07-11,34.150001525878906,34.41999816894531,34.040000915527344,34.25,24.279388427734375,4176600,TPR,yfinance,2026-02-10T05:10:38.179198+00:00
2014-07-14,34.470001220703125,34.5099983215332,33.900001525878906,33.9900016784668,24.095081329345703,4275400,TPR,yfinance,2026-02-10T05:10:38.179198+00:00
2014-07-15,33.93000030517578,34.25,33.5099983215332,33.59000015258789,23.811527252197266,6275000,TPR,yfinance,2026-02-10T05:10:38.179198+00:00
2014-07-16,33.63999938964844,33.869998931884766,33.38999938964844,33.790000915527344,23.95330810546875,5126700,TPR,yfinance,2026-02-10T05:10:38.179198+00:00
2014-07-17,33.65999984741211,34.54999923706055,33.65999984741211,34.09000015258789,24.165969848632812,5234700,TPR,yfinance,2026-02-10T05:10:38.179198+00:00
2014-07-18,34.150001525878906,34.470001220703125,34.04999923706055,34.25,24.279388427734375,4102300,TPR,yfinance,2026-02-10T05:10:38.179198+00:00
2014-07-21,34.20000076293945,34.66999816894531,34.130001068115234,34.31999969482422,24.329008102416992,4506500,TPR,yfinance,2026-02-10T05:10:38.179198+00:00
2014-07-22,34.45000076293945,34.709999084472656,34.33000183105469,34.599998474121094,24.527494430541992,3009400,TPR,yfinance,2026-02-10T05:10:38.179198+00:00
2014-07-23,34.7599983215332,34.79999923706055,34.459999084472656,34.56999969482422,24.506235122680664,3085400,TPR,yfinance,2026-02-10T05:10:38.179198+00:00
2014-07-24,34.849998474121094,35.75,34.77000045776367,35.06999969482422,24.860675811767578,4523700,TPR,yfinance,2026-02-10T05:10:38.179198+00:00
2014-07-25,34.97999954223633,35.15999984741211,34.45000076293945,34.630001068115234,24.548770904541016,3873200,TPR,yfinance,2026-02-10T05:10:38.179198+00:00
2014-07-28,34.79999923706055,35.13999938964844,34.529998779296875,34.650001525878906,24.562944412231445,2836300,TPR,yfinance,2026-02-10T05:10:38.179198+00:00
2014-07-29,34.54999923706055,34.689998626708984,34.290000915527344,34.349998474121094,24.350282669067383,3396800,TPR,yfinance,2026-02-10T05:10:38.179198+00:00
2014-07-30,34.5,34.91999816894531,34.5,34.77000045776367,24.64801025390625,4291900,TPR,yfinance,2026-02-10T05:10:38.179198+00:00
2014-07-31,34.61000061035156,34.939998626708984,34.38999938964844,34.560001373291016,24.499141693115234,4005500,TPR,yfinance,2026-02-10T05:10:38.179198+00:00
2014-08-01,34.56999969482422,34.72999954223633,33.65999984741211,33.70000076293945,23.889503479003906,5805400,TPR,yfinance,2026-02-10T05:10:38.179198+00:00
2014-08-04,33.709999084472656,34.459999084472656,33.45000076293945,34.310001373291016,24.32192611694336,7286800,TPR,yfinance,2026-02-10T05:10:38.179198+00:00
2014-08-05,35.31999969482422,36.27000045776367,35.099998474121094,35.79999923706055,25.378162384033203,14377200,TPR,yfinance,2026-02-10T05:10:38.179198+00:00
2014-08-06,35.36000061035156,35.79999923706055,34.66999816894531,35.099998474121094,24.881940841674805,6330100,TPR,yfinance,2026-02-10T05:10:38.179198+00:00
2014-08-07,35.189998626708984,35.369998931884766,34.720001220703125,34.81999969482422,24.683454513549805,2913200,TPR,yfinance,2026-02-10T05:10:38.179198+00:00
2014-08-08,34.95000076293945,36.75,34.79999923706055,36.709999084472656,26.02324867248535,12093400,TPR,yfinance,2026-02-10T05:10:38.179198+00:00
2014-08-11,36.68000030517578,36.7599983215332,36.029998779296875,36.18000030517578,25.647537231445312,5760400,TPR,yfinance,2026-02-10T05:10:38.179198+00:00
2014-08-12,36.09000015258789,36.75,35.779998779296875,35.97999954223633,25.505760192871094,4307000,TPR,yfinance,2026-02-10T05:10:38.179198+00:00
2014-08-13,36.040000915527344,36.09000015258789,35.38999938964844,35.70000076293945,25.30728530883789,4559200,TPR,yfinance,2026-02-10T05:10:38.179198+00:00
2014-08-14,35.83000183105469,36.31999969482422,35.75,36.310001373291016,25.73969841003418,3198300,TPR,yfinance,2026-02-10T05:10:38.179198+00:00
2014-08-15,36.38999938964844,36.43000030517578,35.79999923706055,36.060001373291016,25.56247329711914,3328900,TPR,yfinance,2026-02-10T05:10:38.179198+00:00
2014-08-18,36.38999938964844,36.75,36.15999984741211,36.2599983215332,25.704256057739258,2963000,TPR,yfinance,2026-02-10T05:10:38.179198+00:00
2014-08-19,36.41999816894531,36.68000030517578,36.33000183105469,36.439998626708984,25.83184814453125,2574500,TPR,yfinance,2026-02-10T05:10:38.179198+00:00
2014-08-20,36.43000030517578,37.02000045776367,36.349998474121094,36.900001525878906,26.157947540283203,3386900,TPR,yfinance,2026-02-10T05:10:38.179198+00:00
2014-08-21,36.88999938964844,37.130001068115234,36.58000183105469,36.790000915527344,26.079965591430664,3566100,TPR,yfinance,2026-02-10T05:10:38.179198+00:00
2014-08-22,36.90999984741211,37.56999969482422,36.900001525878906,37.36000061035156,26.484020233154297,4275000,TPR,yfinance,2026-02-10T05:10:38.179198+00:00
2014-08-25,37.56999969482422,37.58000183105469,37.099998474121094,37.2400016784668,26.398967742919922,2284600,TPR,yfinance,2026-02-10T05:10:38.179198+00:00
2014-08-26,37.25,37.400001525878906,37.060001373291016,37.18000030517578,26.356433868408203,2257300,TPR,yfinance,2026-02-10T05:10:38.179198+00:00
2014-08-27,37.369998931884766,37.52000045776367,37.040000915527344,37.18000030517578,26.356433868408203,2121800,TPR,yfinance,2026-02-10T05:10:38.179198+00:00
2014-08-28,36.86000061035156,36.939998626708984,36.25,36.779998779296875,26.0728702545166,4184300,TPR,yfinance,2026-02-10T05:10:38.179198+00:00
2014-08-29,36.91999816894531,36.970001220703125,36.619998931884766,36.83000183105469,26.108325958251953,2764500,TPR,yfinance,2026-02-10T05:10:38.179198+00:00
2014-09-02,36.84000015258789,37.290000915527344,36.47999954223633,36.75,26.05160140991211,3265100,TPR,yfinance,2026-02-10T05:10:38.179198+00:00
2014-09-03,36.849998474121094,36.849998474121094,36.400001525878906,36.52000045776367,25.888566970825195,3322900,TPR,yfinance,2026-02-10T05:10:38.179198+00:00
2014-09-04,36.619998931884766,37.45000076293945,36.56999969482422,37.27000045776367,26.42021942138672,5121900,TPR,yfinance,2026-02-10T05:10:38.179198+00:00
2014-09-05,37.040000915527344,37.599998474121094,36.79999923706055,37.4900016784668,26.819406509399414,4616300,TPR,yfinance,2026-02-10T05:10:38.179198+00:00
2014-09-08,37.58000183105469,37.70000076293945,37.18000030517578,37.349998474121094,26.71925926208496,3429500,TPR,yfinance,2026-02-10T05:10:38.179198+00:00
2014-09-09,37.099998474121094,37.279998779296875,36.56999969482422,36.65999984741211,26.225643157958984,3580100,TPR,yfinance,2026-02-10T05:10:38.179198+00:00
2014-09-10,37.11000061035156,37.11000061035156,36.45000076293945,36.90999984741211,26.404495239257812,4003800,TPR,yfinance,2026-02-10T05:10:38.179198+00:00
2014-09-11,36.90999984741211,37.43000030517578,36.83000183105469,37.34000015258789,26.71210479736328,3725800,TPR,yfinance,2026-02-10T05:10:38.179198+00:00
2014-09-12,37.40999984741211,37.459999084472656,36.529998779296875,36.959999084472656,26.440261840820312,4602600,TPR,yfinance,2026-02-10T05:10:38.179198+00:00
2014-09-15,36.900001525878906,37.27000045776367,36.66999816894531,36.93000030517578,26.418800354003906,4202800,TPR,yfinance,2026-02-10T05:10:38.179198+00:00
2014-09-16,37.0099983215332,37.45000076293945,36.86000061035156,37.150001525878906,26.576187133789062,3485600,TPR,yfinance,2026-02-10T05:10:38.179198+00:00
2014-09-17,37.310001373291016,37.34000015258789,36.79999923706055,37.02000045776367,26.483184814453125,3253900,TPR,yfinance,2026-02-10T05:10:38.179198+00:00
2014-09-18,37.15999984741211,37.5,37.08000183105469,37.33000183105469,26.70494842529297,4030500,TPR,yfinance,2026-02-10T05:10:38.179198+00:00
2014-09-19,37.43000030517578,37.54999923706055,37.040000915527344,37.04999923706055,26.504640579223633,6680900,TPR,yfinance,2026-02-10T05:10:38.179198+00:00
2014-09-22,37.0,37.0,36.29999923706055,36.43000030517578,26.06110954284668,2973900,TPR,yfinance,2026-02-10T05:10:38.179198+00:00
2014-09-23,36.5099983215332,37.27000045776367,36.439998626708984,36.68000030517578,26.239952087402344,4013100,TPR,yfinance,2026-02-10T05:10:38.179198+00:00
2014-09-24,36.70000076293945,37.16999816894531,36.66999816894531,37.08000183105469,26.526105880737305,2772600,TPR,yfinance,2026-02-10T05:10:38.179198+00:00
2014-09-25,37.0,37.31999969482422,36.2599983215332,36.279998779296875,25.953805923461914,3309800,TPR,yfinance,2026-02-10T05:10:38.179198+00:00
2014-09-26,36.36000061035156,36.90999984741211,36.150001525878906,36.33000183105469,25.98957633972168,2529200,TPR,yfinance,2026-02-10T05:10:38.179198+00:00
2014-09-29,36.09000015258789,36.290000915527344,35.869998931884766,36.15999984741211,25.867963790893555,2675700,TPR,yfinance,2026-02-10T05:10:38.179198+00:00
2014-09-30,36.06999969482422,36.11000061035156,35.54999923706055,35.61000061035156,25.474504470825195,3180700,TPR,yfinance,2026-02-10T05:10:38.179198+00:00
2014-10-01,35.529998779296875,35.599998474121094,34.689998626708984,34.869998931884766,24.94512367248535,4664200,TPR,yfinance,2026-02-10T05:10:38.179198+00:00
2014-10-02,34.869998931884766,35.36000061035156,34.599998474121094,35.209999084472656,25.1883544921875,3908900,TPR,yfinance,2026-02-10T05:10:38.179198+00:00
2014-10-03,35.29999923706055,35.349998474121094,35.0,35.11000061035156,25.116811752319336,3376800,TPR,yfinance,2026-02-10T05:10:38.179198+00:00
2014-10-06,35.18000030517578,35.2599983215332,34.599998474121094,34.720001220703125,24.837820053100586,3318600,TPR,yfinance,2026-02-10T05:10:38.179198+00:00
2014-10-07,34.52000045776367,34.779998779296875,34.20000076293945,34.2400016784668,24.494443893432617,3283700,TPR,yfinance,2026-02-10T05:10:38.179198+00:00
2014-10-08,34.279998779296875,35.0,34.25,34.93000030517578,24.98805809020996,3734900,TPR,yfinance,2026-02-10T05:10:38.179198+00:00
2014-10-09,34.83000183105469,34.900001525878906,33.83000183105469,34.040000915527344,24.351369857788086,4167300,TPR,yfinance,2026-02-10T05:10:38.179198+00:00
2014-10-10,34.0,34.66999816894531,33.849998474121094,34.08000183105469,24.379981994628906,3606500,TPR,yfinance,2026-02-10T05:10:38.179198+00:00
2014-10-13,34.08000183105469,34.72999954223633,33.849998474121094,34.11000061035156,24.40144920349121,4581000,TPR,yfinance,2026-02-10T05:10:38.179198+00:00
2014-10-14,34.33000183105469,35.81999969482422,34.33000183105469,35.619998931884766,25.48165512084961,6979500,TPR,yfinance,2026-02-10T05:10:38.179198+00:00
2014-10-15,35.150001525878906,36.099998474121094,34.459999084472656,35.540000915527344,25.424427032470703,6417900,TPR,yfinance,2026-02-10T05:10:38.179198+00:00
2014-10-16,34.880001068115234,35.650001525878906,34.709999084472656,35.119998931884766,25.12396812438965,4244200,TPR,yfinance,2026-02-10T05:10:38.179198+00:00
2014-10-17,35.380001068115234,35.41999816894531,34.41999816894531,34.4900016784668,24.673288345336914,5155000,TPR,yfinance,2026-02-10T05:10:38.179198+00:00
2014-10-20,34.41999816894531,35.18000030517578,34.209999084472656,35.18000030517578,25.166900634765625,4126200,TPR,yfinance,2026-02-10T05:10:38.179198+00:00
2014-10-21,35.380001068115234,35.540000915527344,35.150001525878906,35.45000076293945,25.360044479370117,3755900,TPR,yfinance,2026-02-10T05:10:38.179198+00:00
2014-10-22,35.56999969482422,35.88999938964844,35.220001220703125,35.2400016784668,25.209808349609375,3126800,TPR,yfinance,2026-02-10T05:10:38.179198+00:00
2014-10-23,35.45000076293945,36.209999084472656,35.369998931884766,35.939998626708984,25.710580825805664,3542400,TPR,yfinance,2026-02-10T05:10:38.179198+00:00
2014-10-24,35.88999938964844,36.04999923706055,35.63999938964844,35.970001220703125,25.73204803466797,3368800,TPR,yfinance,2026-02-10T05:10:38.179198+00:00
2014-10-27,35.880001068115234,36.27000045776367,35.43000030517578,36.150001525878906,25.86081314086914,4729400,TPR,yfinance,2026-02-10T05:10:38.179198+00:00
2014-10-28,34.68000030517578,35.040000915527344,33.25,34.0,24.322751998901367,15742000,TPR,yfinance,2026-02-10T05:10:38.179198+00:00
2014-10-29,33.5,34.189998626708984,33.5,33.79999923706055,24.17967414855957,5736400,TPR,yfinance,2026-02-10T05:10:38.179198+00:00
2014-10-30,33.560001373291016,34.31999969482422,33.529998779296875,34.27000045776367,24.515899658203125,5857800,TPR,yfinance,2026-02-10T05:10:38.179198+00:00
2014-10-31,34.63999938964844,34.63999938964844,34.09000015258789,34.380001068115234,24.5945987701416,4478000,TPR,yfinance,2026-02-10T05:10:38.179198+00:00
2014-11-03,34.439998626708984,34.56999969482422,33.900001525878906,33.939998626708984,24.279821395874023,4652700,TPR,yfinance,2026-02-10T05:10:38.179198+00:00
2014-11-04,33.619998931884766,33.72999954223633,32.91999816894531,33.0,23.607372283935547,5350000,TPR,yfinance,2026-02-10T05:10:38.179198+00:00
2014-11-05,33.0,33.130001068115234,32.720001220703125,33.02000045776367,23.621686935424805,4532600,TPR,yfinance,2026-02-10T05:10:38.179198+00:00
2014-11-06,33.029998779296875,33.5,32.86000061035156,33.459999084472656,23.936452865600586,4958300,TPR,yfinance,2026-02-10T05:10:38.179198+00:00
2014-11-07,33.45000076293945,34.0,33.33000183105469,33.65999984741211,24.079524993896484,3587800,TPR,yfinance,2026-02-10T05:10:38.179198+00:00
2014-11-10,33.68000030517578,34.130001068115234,33.630001068115234,33.900001525878906,24.251218795776367,4150500,TPR,yfinance,2026-02-10T05:10:38.179198+00:00
2014-11-11,34.099998474121094,34.5,34.029998779296875,34.290000915527344,24.53020477294922,3688500,TPR,yfinance,2026-02-10T05:10:38.179198+00:00
2014-11-12,34.33000183105469,35.220001220703125,34.25,35.15999984741211,25.152585983276367,3701100,TPR,yfinance,2026-02-10T05:10:38.179198+00:00
2014-11-13,35.15999984741211,35.41999816894531,34.58000183105469,34.70000076293945,24.823514938354492,4174000,TPR,yfinance,2026-02-10T05:10:38.179198+00:00
2014-11-14,34.7599983215332,35.36000061035156,34.70000076293945,35.189998626708984,25.174047470092773,3271600,TPR,yfinance,2026-02-10T05:10:38.179198+00:00
2014-11-17,35.040000915527344,35.400001525878906,35.029998779296875,35.11000061035156,25.116811752319336,3266400,TPR,yfinance,2026-02-10T05:10:38.179198+00:00
2014-11-18,35.099998474121094,35.4900016784668,34.91999816894531,35.29999923706055,25.252735137939453,3739900,TPR,yfinance,2026-02-10T05:10:38.179198+00:00
2014-11-19,35.22999954223633,35.599998474121094,35.130001068115234,35.439998626708984,25.352893829345703,2348000,TPR,yfinance,2026-02-10T05:10:38.179198+00:00
2014-11-20,35.36000061035156,36.45000076293945,35.36000061035156,36.130001068115234,25.846492767333984,3606100,TPR,yfinance,2026-02-10T05:10:38.179198+00:00
2014-11-21,36.599998474121094,37.0,36.36000061035156,36.459999084472656,26.082571029663086,4231500,TPR,yfinance,2026-02-10T05:10:38.179198+00:00
2014-11-24,36.650001525878906,37.599998474121094,36.58000183105469,37.40999984741211,26.76218032836914,6164700,TPR,yfinance,2026-02-10T05:10:38.179198+00:00
2014-11-25,37.439998626708984,37.59000015258789,36.47999954223633,37.09000015258789,26.533260345458984,5520000,TPR,yfinance,2026-02-10T05:10:38.179198+00:00
2014-11-26,37.130001068115234,37.18000030517578,36.59000015258789,36.65999984741211,26.225643157958984,3292800,TPR,yfinance,2026-02-10T05:10:38.179198+00:00
2014-11-28,36.83000183105469,37.290000915527344,36.7599983215332,37.119998931884766,26.55472755432129,2526400,TPR,yfinance,2026-02-10T05:10:38.179198+00:00
2014-12-01,36.88999938964844,36.95000076293945,35.65999984741211,36.099998474121094,25.82503890991211,4762800,TPR,yfinance,2026-02-10T05:10:38.179198+00:00
2014-12-02,36.0,36.16999816894531,34.939998626708984,35.189998626708984,25.174047470092773,8285900,TPR,yfinance,2026-02-10T05:10:38.179198+00:00
2014-12-03,34.72999954223633,35.119998931884766,34.5099983215332,35.09000015258789,25.34595489501953,5648900,TPR,yfinance,2026-02-10T05:10:38.179198+00:00
2014-12-04,35.0099983215332,35.16999816894531,34.58000183105469,34.70000076293945,25.064254760742188,2798700,TPR,yfinance,2026-02-10T05:10:38.179198+00:00
2014-12-05,34.65999984741211,34.880001068115234,34.20000076293945,34.5,24.919782638549805,2773400,TPR,yfinance,2026-02-10T05:10:38.179198+00:00
2014-12-08,34.380001068115234,34.599998474121094,33.79999923706055,34.06999969482422,24.609195709228516,4075200,TPR,yfinance,2026-02-10T05:10:38.179198+00:00
2014-12-09,33.65999984741211,34.16999816894531,33.5,34.040000915527344,24.5875301361084,4365300,TPR,yfinance,2026-02-10T05:10:38.179198+00:00
2014-12-10,34.08000183105469,34.349998474121094,33.47999954223633,33.619998931884766,24.284151077270508,4904000,TPR,yfinance,2026-02-10T05:10:38.179198+00:00
2014-12-11,33.970001220703125,35.15999984741211,33.70000076293945,34.459999084472656,24.89089584350586,9089400,TPR,yfinance,2026-02-10T05:10:38.179198+00:00
2014-12-12,34.25,36.099998474121094,34.25,35.20000076293945,25.425411224365234,7494400,TPR,yfinance,2026-02-10T05:10:38.179198+00:00
2014-12-15,35.459999084472656,36.22999954223633,35.0,35.06999969482422,25.331506729125977,7117100,TPR,yfinance,2026-02-10T05:10:38.179198+00:00
2014-12-16,35.0,35.72999954223633,34.77000045776367,34.970001220703125,25.259288787841797,4282500,TPR,yfinance,2026-02-10T05:10:38.179198+00:00
2014-12-17,35.279998779296875,35.869998931884766,35.15999984741211,35.75,25.82267951965332,4604900,TPR,yfinance,2026-02-10T05:10:38.179198+00:00
2014-12-18,36.27000045776367,36.619998931884766,36.11000061035156,36.43000030517578,26.31385612487793,5459200,TPR,yfinance,2026-02-10T05:10:38.179198+00:00
2014-12-19,36.59000015258789,36.61000061035156,36.02000045776367,36.4900016784668,26.357196807861328,6424800,TPR,yfinance,2026-02-10T05:10:38.179198+00:00
2014-12-22,36.95000076293945,37.040000915527344,36.36000061035156,37.0,26.725570678710938,3398200,TPR,yfinance,2026-02-10T05:10:38.179198+00:00
2014-12-23,36.939998626708984,37.54999923706055,36.83000183105469,37.20000076293945,26.870037078857422,4735000,TPR,yfinance,2026-02-10T05:10:38.179198+00:00
2014-12-24,37.20000076293945,37.25,36.81999969482422,36.970001220703125,26.70389747619629,1355700,TPR,yfinance,2026-02-10T05:10:38.179198+00:00
2014-12-26,37.029998779296875,37.4900016784668,36.9900016784668,37.119998931884766,26.812257766723633,1764100,TPR,yfinance,2026-02-10T05:10:38.179198+00:00
2014-12-29,37.119998931884766,37.95000076293945,37.02000045776367,37.720001220703125,27.245634078979492,3018900,TPR,yfinance,2026-02-10T05:10:38.179198+00:00
2014-12-30,37.5,38.130001068115234,37.5,37.86000061035156,27.34676170349121,3770600,TPR,yfinance,2026-02-10T05:10:38.179198+00:00
2014-12-31,37.9900016784668,38.04999923706055,37.540000915527344,37.560001373291016,27.130067825317383,2534900,TPR,yfinance,2026-02-10T05:10:38.179198+00:00
2015-01-02,37.70000076293945,37.91999816894531,37.0099983215332,37.310001373291016,26.94948387145996,2972800,TPR,yfinance,2026-02-10T05:10:38.179198+00:00
2015-01-05,37.630001068115234,37.630001068115234,36.52000045776367,36.72999954223633,26.530553817749023,4521400,TPR,yfinance,2026-02-10T05:10:38.179198+00:00
2015-01-06,36.970001220703125,37.099998474121094,36.0,36.29999923706055,26.219953536987305,6238900,TPR,yfinance,2026-02-10T05:10:38.179198+00:00
2015-01-07,36.790000915527344,37.41999816894531,36.529998779296875,37.41999816894531,27.028945922851562,5088300,TPR,yfinance,2026-02-10T05:10:38.179198+00:00
2015-01-08,37.66999816894531,38.43000030517578,37.52000045776367,38.369998931884766,27.715139389038086,6341600,TPR,yfinance,2026-02-10T05:10:38.179198+00:00
2015-01-09,38.34000015258789,38.369998931884766,37.29999923706055,38.20000076293945,27.592348098754883,5613500,TPR,yfinance,2026-02-10T05:10:38.179198+00:00
2015-01-12,37.9900016784668,38.630001068115234,37.689998626708984,38.56999969482422,27.859594345092773,5322000,TPR,yfinance,2026-02-10T05:10:38.179198+00:00
2015-01-13,38.72999954223633,39.25,37.63999938964844,37.880001068115234,27.361215591430664,6294500,TPR,yfinance,2026-02-10T05:10:38.179198+00:00
2015-01-14,37.150001525878906,37.5,36.52000045776367,36.959999084472656,26.69668197631836,4277100,TPR,yfinance,2026-02-10T05:10:38.179198+00:00
2015-01-15,37.0,37.20000076293945,36.209999084472656,36.2599983215332,26.191064834594727,4036100,TPR,yfinance,2026-02-10T05:10:38.179198+00:00
2015-01-16,36.0099983215332,36.380001068115234,35.650001525878906,36.11000061035156,26.08272361755371,4711700,TPR,yfinance,2026-02-10T05:10:38.179198+00:00
2015-01-20,36.33000183105469,36.47999954223633,35.70000076293945,36.04999923706055,26.039377212524414,3262000,TPR,yfinance,2026-02-10T05:10:38.179198+00:00
2015-01-21,36.22999954223633,37.79999923706055,36.130001068115234,37.59000015258789,27.151737213134766,7047400,TPR,yfinance,2026-02-10T05:10:38.179198+00:00
2015-01-22,37.720001220703125,38.380001068115234,37.5,38.25,27.62847137451172,6490600,TPR,yfinance,2026-02-10T05:10:38.179198+00:00
2015-01-23,38.29999923706055,38.36000061035156,37.5,37.619998931884766,27.173404693603516,4382300,TPR,yfinance,2026-02-10T05:10:38.179198+00:00
2015-01-26,37.5,37.5,36.86000061035156,37.09000015258789,26.79058265686035,7114800,TPR,yfinance,2026-02-10T05:10:38.179198+00:00
2015-01-27,36.72999954223633,36.970001220703125,36.279998779296875,36.77000045776367,26.5594425201416,4185800,TPR,yfinance,2026-02-10T05:10:38.179198+00:00
2015-01-28,37.029998779296875,37.08000183105469,36.41999816894531,36.459999084472656,26.335525512695312,5273900,TPR,yfinance,2026-02-10T05:10:38.179198+00:00
2015-01-29,38.720001220703125,39.900001525878906,38.150001525878906,38.939998626708984,28.12685775756836,19082900,TPR,yfinance,2026-02-10T05:10:38.179198+00:00
2015-01-30,38.58000183105469,38.79999923706055,37.0099983215332,37.189998626708984,26.86280632019043,11026600,TPR,yfinance,2026-02-10T05:10:38.179198+00:00
2015-02-02,37.279998779296875,37.689998626708984,36.68000030517578,37.540000915527344,27.115623474121094,6281400,TPR,yfinance,2026-02-10T05:10:38.179198+00:00
2015-02-03,37.59000015258789,38.720001220703125,37.54999923706055,38.689998626708984,27.946279525756836,4638000,TPR,yfinance,2026-02-10T05:10:38.179198+00:00
2015-02-04,38.20000076293945,39.38999938964844,38.189998626708984,39.11000061035156,28.249656677246094,5077400,TPR,yfinance,2026-02-10T05:10:38.179198+00:00
2015-02-05,39.15999984741211,39.439998626708984,38.63999938964844,38.959999084472656,28.141307830810547,3686800,TPR,yfinance,2026-02-10T05:10:38.179198+00:00
2015-02-06,39.150001525878906,39.349998474121094,39.02000045776367,39.220001220703125,28.3291072845459,2813400,TPR,yfinance,2026-02-10T05:10:38.179198+00:00
2015-02-09,39.2400016784668,39.58000183105469,39.04999923706055,39.2400016784668,28.343551635742188,3365400,TPR,yfinance,2026-02-10T05:10:38.179198+00:00
2015-02-10,39.4900016784668,39.619998931884766,39.189998626708984,39.61000061035156,28.610811233520508,3385800,TPR,yfinance,2026-02-10T05:10:38.179198+00:00
2015-02-11,39.66999816894531,39.79999923706055,39.25,39.560001373291016,28.574695587158203,2696000,TPR,yfinance,2026-02-10T05:10:38.179198+00:00
2015-02-12,39.79999923706055,39.79999923706055,39.13999938964844,39.209999084472656,28.32189178466797,3079400,TPR,yfinance,2026-02-10T05:10:38.179198+00:00
2015-02-13,39.349998474121094,39.849998474121094,39.150001525878906,39.849998474121094,28.78416633605957,3744300,TPR,yfinance,2026-02-10T05:10:38.179198+00:00
2015-02-17,39.83000183105469,39.9900016784668,39.310001373291016,39.459999084472656,28.502458572387695,2582700,TPR,yfinance,2026-02-10T05:10:38.179198+00:00
2015-02-18,39.470001220703125,39.779998779296875,39.27000045776367,39.70000076293945,28.675819396972656,2613800,TPR,yfinance,2026-02-10T05:10:38.179198+00:00
2015-02-19,40.02000045776367,41.0,40.0,40.689998626708984,29.390911102294922,6821300,TPR,yfinance,2026-02-10T05:10:38.179198+00:00
2015-02-20,40.70000076293945,41.790000915527344,40.369998931884766,41.540000915527344,30.0048770904541,9238200,TPR,yfinance,2026-02-10T05:10:38.179198+00:00
2015-02-23,41.63999938964844,41.810001373291016,41.34000015258789,41.709999084472656,30.12765884399414,5615200,TPR,yfinance,2026-02-10T05:10:38.179198+00:00
2015-02-24,42.34000015258789,43.40999984741211,42.02000045776367,42.95000076293945,31.02333641052246,9565300,TPR,yfinance,2026-02-10T05:10:38.179198+00:00
2015-02-25,42.91999816894531,43.33000183105469,42.70000076293945,43.290000915527344,31.2689208984375,6336900,TPR,yfinance,2026-02-10T05:10:38.179198+00:00
2015-02-26,43.0,43.470001220703125,42.86000061035156,43.40999984741211,31.35559844970703,5445000,TPR,yfinance,2026-02-10T05:10:38.179198+00:00
2015-02-27,43.349998474121094,43.77000045776367,43.189998626708984,43.54999923706055,31.456714630126953,3819000,TPR,yfinance,2026-02-10T05:10:38.179198+00:00
2015-03-02,43.54999923706055,43.869998931884766,43.06999969482422,43.560001373291016,31.46394920349121,5748700,TPR,yfinance,2026-02-10T05:10:38.179198+00:00
2015-03-03,43.40999984741211,43.41999816894531,42.52000045776367,42.650001525878906,30.806650161743164,4824600,TPR,yfinance,2026-02-10T05:10:38.179198+00:00
2015-03-04,42.619998931884766,42.689998626708984,41.619998931884766,41.95000076293945,30.543071746826172,4860500,TPR,yfinance,2026-02-10T05:10:38.179198+00:00
2015-03-05,42.65999984741211,43.29999923706055,42.11000061035156,42.11000061035156,30.659570693969727,6465000,TPR,yfinance,2026-02-10T05:10:38.179198+00:00
2015-03-06,42.029998779296875,42.11000061035156,41.29999923706055,41.43000030517578,30.164466857910156,4638500,TPR,yfinance,2026-02-10T05:10:38.179198+00:00
2015-03-09,41.459999084472656,41.54999923706055,41.13999938964844,41.27000045776367,30.0479793548584,2057100,TPR,yfinance,2026-02-10T05:10:38.179198+00:00
2015-03-10,40.77000045776367,41.0,40.5099983215332,40.75,29.66938018798828,3537400,TPR,yfinance,2026-02-10T05:10:38.179198+00:00
2015-03-11,40.540000915527344,40.75,40.25,40.34000015258789,29.370868682861328,4914200,TPR,yfinance,2026-02-10T05:10:38.179198+00:00
2015-03-12,40.40999984741211,40.65999984741211,40.220001220703125,40.560001373291016,29.531044006347656,4964100,TPR,yfinance,2026-02-10T05:10:38.179198+00:00
2015-03-13,40.599998474121094,41.31999969482422,40.400001525878906,41.2400016784668,30.026140213012695,4592300,TPR,yfinance,2026-02-10T05:10:38.179198+00:00
2015-03-16,41.349998474121094,41.7400016784668,41.20000076293945,41.41999816894531,30.157180786132812,2079300,TPR,yfinance,2026-02-10T05:10:38.179198+00:00
2015-03-17,41.4900016784668,41.529998779296875,40.90999984741211,40.9900016784668,29.844114303588867,2310000,TPR,yfinance,2026-02-10T05:10:38.179198+00:00
2015-03-18,40.9900016784668,41.70000076293945,40.70000076293945,41.5,30.2154483795166,2932600,TPR,yfinance,2026-02-10T05:10:38.179198+00:00
2015-03-19,40.709999084472656,41.369998931884766,40.650001525878906,41.2599983215332,30.040700912475586,2621700,TPR,yfinance,2026-02-10T05:10:38.179198+00:00
2015-03-20,41.43000030517578,41.81999969482422,41.20000076293945,41.58000183105469,30.273696899414062,3111100,TPR,yfinance,2026-02-10T05:10:38.179198+00:00
2015-03-23,41.75,42.439998626708984,41.65999984741211,42.0099983215332,30.586750030517578,3800100,TPR,yfinance,2026-02-10T05:10:38.179198+00:00
2015-03-24,42.0,42.31999969482422,41.91999816894531,42.08000183105469,30.63773536682129,2906500,TPR,yfinance,2026-02-10T05:10:38.179198+00:00
2015-03-25,42.13999938964844,42.900001525878906,41.95000076293945,42.20000076293945,30.7250919342041,4741300,TPR,yfinance,2026-02-10T05:10:38.179198+00:00
2015-03-26,41.88999938964844,41.91999816894531,40.560001373291016,40.689998626708984,29.625686645507812,5556700,TPR,yfinance,2026-02-10T05:10:38.179198+00:00
2015-03-27,40.849998474121094,41.380001068115234,40.599998474121094,41.310001373291016,30.077102661132812,2406300,TPR,yfinance,2026-02-10T05:10:38.179198+00:00
2015-03-30,41.369998931884766,41.66999816894531,41.209999084472656,41.59000015258789,30.280973434448242,1621300,TPR,yfinance,2026-02-10T05:10:38.179198+00:00
2015-03-31,41.400001525878906,42.0,41.36000061035156,41.43000030517578,30.164466857910156,2094000,TPR,yfinance,2026-02-10T05:10:38.179198+00:00
2015-04-01,41.22999954223633,41.75,41.040000915527344,41.619998931884766,30.30280876159668,2103700,TPR,yfinance,2026-02-10T05:10:38.179198+00:00
2015-04-02,41.66999816894531,41.9900016784668,41.4900016784668,41.86000061035156,30.477540969848633,1479600,TPR,yfinance,2026-02-10T05:10:38.179198+00:00
2015-04-06,42.060001373291016,42.779998779296875,41.869998931884766,42.47999954223633,30.92896270751953,3054400,TPR,yfinance,2026-02-10T05:10:38.179198+00:00
2015-04-07,42.459999084472656,42.709999084472656,42.29999923706055,42.36000061035156,30.841588973999023,1464300,TPR,yfinance,2026-02-10T05:10:38.179198+00:00
2015-04-08,42.5099983215332,43.060001373291016,42.310001373291016,42.779998779296875,31.147384643554688,3016900,TPR,yfinance,2026-02-10T05:10:38.179198+00:00
2015-04-09,42.869998931884766,43.09000015258789,42.38999938964844,43.0,31.307567596435547,2382000,TPR,yfinance,2026-02-10T05:10:38.179198+00:00
2015-04-10,43.02000045776367,43.209999084472656,42.880001068115234,43.029998779296875,31.329408645629883,1479600,TPR,yfinance,2026-02-10T05:10:38.179198+00:00
2015-04-13,42.900001525878906,43.130001068115234,42.27000045776367,42.4900016784668,30.936241149902344,2281300,TPR,yfinance,2026-02-10T05:10:38.179198+00:00
2015-04-14,42.349998474121094,42.380001068115234,41.869998931884766,42.040000915527344,30.60860252380371,2028300,TPR,yfinance,2026-02-10T05:10:38.179198+00:00
2015-04-15,42.150001525878906,42.310001373291016,41.7400016784668,41.7599983215332,30.404739379882812,2243200,TPR,yfinance,2026-02-10T05:10:38.179198+00:00
2015-04-16,42.279998779296875,43.34000015258789,42.27000045776367,43.0099983215332,31.314849853515625,5838900,TPR,yfinance,2026-02-10T05:10:38.179198+00:00
2015-04-17,42.72999954223633,42.939998626708984,41.70000076293945,42.400001525878906,30.87071418762207,3405400,TPR,yfinance,2026-02-10T05:10:38.179198+00:00
2015-04-20,42.52000045776367,42.790000915527344,42.34000015258789,42.540000915527344,30.972652435302734,2132300,TPR,yfinance,2026-02-10T05:10:38.179198+00:00
2015-04-21,41.88999938964844,42.189998626708984,41.150001525878906,41.4900016784668,30.208166122436523,3795000,TPR,yfinance,2026-02-10T05:10:38.179198+00:00
2015-04-22,41.349998474121094,41.7400016784668,41.220001220703125,41.59000015258789,30.280973434448242,2790900,TPR,yfinance,2026-02-10T05:10:38.179198+00:00
2015-04-23,41.4900016784668,42.880001068115234,41.4900016784668,42.369998931884766,30.8488712310791,3716900,TPR,yfinance,2026-02-10T05:10:38.179198+00:00
2015-04-24,42.5,42.75,42.11000061035156,42.650001525878906,31.052734375,2399000,TPR,yfinance,2026-02-10T05:10:38.179198+00:00
2015-04-27,42.939998626708984,43.45000076293945,42.2400016784668,42.33000183105469,30.81975746154785,6512600,TPR,yfinance,2026-02-10T05:10:38.179198+00:00
2015-04-28,39.52000045776367,40.63999938964844,38.599998474121094,39.650001525878906,28.868486404418945,17606600,TPR,yfinance,2026-02-10T05:10:38.179198+00:00
2015-04-29,39.06999969482422,39.09000015258789,38.060001373291016,38.5099983215332,28.038467407226562,8324700,TPR,yfinance,2026-02-10T05:10:38.179198+00:00
2015-04-30,38.31999969482422,38.779998779296875,37.83000183105469,38.209999084472656,27.820043563842773,6388500,TPR,yfinance,2026-02-10T05:10:38.179198+00:00
2015-05-01,38.25,38.380001068115234,37.65999984741211,37.869998931884766,27.57249641418457,4860300,TPR,yfinance,2026-02-10T05:10:38.179198+00:00
2015-05-04,38.0,38.310001373291016,37.93000030517578,38.16999816894531,27.790924072265625,3561800,TPR,yfinance,2026-02-10T05:10:38.179198+00:00
2015-05-05,38.0,38.310001373291016,37.869998931884766,38.06999969482422,27.718116760253906,2844300,TPR,yfinance,2026-02-10T05:10:38.179198+00:00
2015-05-06,38.04999923706055,38.130001068115234,37.470001220703125,37.970001220703125,27.645309448242188,2394100,TPR,yfinance,2026-02-10T05:10:38.179198+00:00
2015-05-07,38.150001525878906,38.45000076293945,37.95000076293945,38.349998474121094,27.92197608947754,2539600,TPR,yfinance,2026-02-10T05:10:38.179198+00:00
2015-05-08,38.939998626708984,39.119998931884766,38.33000183105469,38.459999084472656,28.002063751220703,2360100,TPR,yfinance,2026-02-10T05:10:38.179198+00:00
2015-05-11,38.459999084472656,38.880001068115234,38.34000015258789,38.41999816894531,27.972936630249023,2086900,TPR,yfinance,2026-02-10T05:10:38.179198+00:00
2015-05-12,38.150001525878906,38.54999923706055,37.9900016784668,38.310001373291016,27.89285659790039,1430800,TPR,yfinance,2026-02-10T05:10:38.179198+00:00
2015-05-13,38.13999938964844,38.41999816894531,37.849998474121094,38.130001068115234,27.76180076599121,2677800,TPR,yfinance,2026-02-10T05:10:38.179198+00:00
2015-05-14,38.2599983215332,38.380001068115234,37.439998626708984,37.7599983215332,27.492406845092773,3900700,TPR,yfinance,2026-02-10T05:10:38.179198+00:00
2015-05-15,37.869998931884766,37.880001068115234,37.369998931884766,37.459999084472656,27.27398109436035,3569100,TPR,yfinance,2026-02-10T05:10:38.179198+00:00
2015-05-18,37.599998474121094,37.79999923706055,37.459999084472656,37.61000061035156,27.383197784423828,2248000,TPR,yfinance,2026-02-10T05:10:38.179198+00:00
2015-05-19,37.77000045776367,38.060001373291016,37.279998779296875,37.380001068115234,27.215740203857422,4693400,TPR,yfinance,2026-02-10T05:10:38.179198+00:00
2015-05-20,37.41999816894531,37.619998931884766,37.11000061035156,37.31999969482422,27.172048568725586,3607100,TPR,yfinance,2026-02-10T05:10:38.179198+00:00
2015-05-21,37.31999969482422,38.16999816894531,37.29999923706055,38.08000183105469,27.725400924682617,4440700,TPR,yfinance,2026-02-10T05:10:38.179198+00:00
2015-05-22,38.08000183105469,38.2400016784668,37.5099983215332,37.529998779296875,27.324947357177734,2603700,TPR,yfinance,2026-02-10T05:10:38.179198+00:00
2015-05-26,37.27000045776367,37.27000045776367,36.310001373291016,36.560001373291016,26.618709564208984,4408200,TPR,yfinance,2026-02-10T05:10:38.179198+00:00
2015-05-27,34.5,35.59000015258789,34.0,35.36000061035156,25.74500274658203,13241300,TPR,yfinance,2026-02-10T05:10:38.179198+00:00
2015-05-28,35.349998474121094,35.529998779296875,35.029998779296875,35.189998626708984,25.621231079101562,4714100,TPR,yfinance,2026-02-10T05:10:38.179198+00:00
2015-05-29,35.189998626708984,35.599998474121094,35.02000045776367,35.369998931884766,25.752288818359375,4165100,TPR,yfinance,2026-02-10T05:10:38.179198+00:00
2015-06-01,35.45000076293945,35.9900016784668,35.22999954223633,35.810001373291016,26.07264518737793,3954000,TPR,yfinance,2026-02-10T05:10:38.179198+00:00
2015-06-02,35.84000015258789,36.380001068115234,35.77000045776367,35.84000015258789,26.094478607177734,3036800,TPR,yfinance,2026-02-10T05:10:38.179198+00:00
2015-06-03,35.599998474121094,36.029998779296875,35.5,35.869998931884766,26.364978790283203,2248400,TPR,yfinance,2026-02-10T05:10:38.179198+00:00
2015-06-04,35.52000045776367,36.04999923706055,35.40999984741211,35.630001068115234,26.188570022583008,1815400,TPR,yfinance,2026-02-10T05:10:38.179198+00:00
2015-06-05,35.72999954223633,36.040000915527344,35.720001220703125,35.79999923706055,26.313520431518555,2388300,TPR,yfinance,2026-02-10T05:10:38.179198+00:00
2015-06-08,35.650001525878906,35.90999984741211,35.349998474121094,35.40999984741211,26.026865005493164,2936700,TPR,yfinance,2026-02-10T05:10:38.179198+00:00
2015-06-09,35.209999084472656,35.540000915527344,35.209999084472656,35.279998779296875,25.931310653686523,2195600,TPR,yfinance,2026-02-10T05:10:38.179198+00:00
2015-06-10,35.439998626708984,35.709999084472656,35.150001525878906,35.22999954223633,25.89457130432129,3939200,TPR,yfinance,2026-02-10T05:10:38.179198+00:00
2015-06-11,35.290000915527344,35.47999954223633,34.95000076293945,35.06999969482422,25.776958465576172,2919100,TPR,yfinance,2026-02-10T05:10:38.179198+00:00
2015-06-12,34.90999984741211,35.15999984741211,34.83000183105469,35.119998931884766,25.81371307373047,1840500,TPR,yfinance,2026-02-10T05:10:38.179198+00:00
2015-06-15,34.900001525878906,35.16999816894531,34.7599983215332,35.04999923706055,25.762264251708984,3387100,TPR,yfinance,2026-02-10T05:10:38.179198+00:00
2015-06-16,35.0,35.31999969482422,34.91999816894531,35.18000030517578,25.857818603515625,1903900,TPR,yfinance,2026-02-10T05:10:38.179198+00:00
2015-06-17,35.099998474121094,35.68000030517578,35.04999923706055,35.33000183105469,25.968063354492188,2368300,TPR,yfinance,2026-02-10T05:10:38.179198+00:00
2015-06-18,35.380001068115234,35.84000015258789,35.349998474121094,35.79999923706055,26.313520431518555,4172000,TPR,yfinance,2026-02-10T05:10:38.179198+00:00
2015-06-19,35.79999923706055,36.16999816894531,35.70000076293945,35.90999984741211,26.394378662109375,4904000,TPR,yfinance,2026-02-10T05:10:38.179198+00:00
2015-06-22,36.040000915527344,36.34000015258789,35.880001068115234,36.13999938964844,26.563425064086914,3102700,TPR,yfinance,2026-02-10T05:10:38.179198+00:00
2015-06-23,36.130001068115234,36.43000030517578,36.040000915527344,36.22999954223633,26.62958526611328,2436300,TPR,yfinance,2026-02-10T05:10:38.179198+00:00
2015-06-24,36.29999923706055,36.7599983215332,36.02000045776367,36.099998474121094,26.534027099609375,2622400,TPR,yfinance,2026-02-10T05:10:38.179198+00:00
2015-06-25,36.16999816894531,36.189998626708984,35.630001068115234,35.709999084472656,26.247373580932617,2373000,TPR,yfinance,2026-02-10T05:10:38.179198+00:00
2015-06-26,35.86000061035156,36.209999084472656,35.70000076293945,36.119998931884766,26.548723220825195,5948500,TPR,yfinance,2026-02-10T05:10:38.179198+00:00
2015-06-29,35.810001373291016,35.97999954223633,34.939998626708984,34.9900016784668,25.718162536621094,2662700,TPR,yfinance,2026-02-10T05:10:38.179198+00:00
2015-06-30,35.150001525878906,35.31999969482422,34.400001525878906,34.61000061035156,25.438858032226562,3929600,TPR,yfinance,2026-02-10T05:10:38.179198+00:00
2015-07-01,34.939998626708984,35.189998626708984,34.66999816894531,35.130001068115234,25.821063995361328,2921500,TPR,yfinance,2026-02-10T05:10:38.179198+00:00
2015-07-02,35.16999816894531,35.4900016784668,34.849998474121094,35.0,25.725507736206055,1988900,TPR,yfinance,2026-02-10T05:10:38.179198+00:00
2015-07-06,34.81999969482422,35.02000045776367,33.939998626708984,34.09000015258789,25.056652069091797,4708900,TPR,yfinance,2026-02-10T05:10:38.179198+00:00
2015-07-07,34.150001525878906,34.34000015258789,33.310001373291016,34.15999984741211,25.108095169067383,4987100,TPR,yfinance,2026-02-10T05:10:38.179198+00:00
2015-07-08,33.849998474121094,34.29999923706055,32.849998474121094,32.900001525878906,24.181978225708008,5061500,TPR,yfinance,2026-02-10T05:10:38.179198+00:00
2015-07-09,33.29999923706055,33.54999923706055,32.88999938964844,33.08000183105469,24.314285278320312,5615200,TPR,yfinance,2026-02-10T05:10:38.179198+00:00
2015-07-10,33.040000915527344,33.459999084472656,32.720001220703125,33.380001068115234,24.5347900390625,3031900,TPR,yfinance,2026-02-10T05:10:38.179198+00:00
2015-07-13,33.720001220703125,33.86000061035156,33.0,33.34000015258789,24.505390167236328,6564000,TPR,yfinance,2026-02-10T05:10:38.179198+00:00
2015-07-14,33.5,33.84000015258789,33.400001525878906,33.43000030517578,24.571542739868164,4633400,TPR,yfinance,2026-02-10T05:10:38.179198+00:00
2015-07-15,33.220001220703125,33.310001373291016,32.5099983215332,32.58000183105469,23.94677734375,7507000,TPR,yfinance,2026-02-10T05:10:38.179198+00:00
2015-07-16,32.70000076293945,32.75,32.16999816894531,32.29999923706055,23.740970611572266,5193100,TPR,yfinance,2026-02-10T05:10:38.179198+00:00
2015-07-17,32.130001068115234,32.209999084472656,31.469999313354492,31.850000381469727,23.410221099853516,5402100,TPR,yfinance,2026-02-10T05:10:38.179198+00:00
2015-07-20,31.959999084472656,31.979999542236328,31.670000076293945,31.719999313354492,23.314661026000977,3456200,TPR,yfinance,2026-02-10T05:10:38.179198+00:00
2015-07-21,31.68000030517578,31.81999969482422,31.100000381469727,31.360000610351562,23.050060272216797,4888500,TPR,yfinance,2026-02-10T05:10:38.179198+00:00
2015-07-22,31.299999237060547,31.459999084472656,30.93000030517578,31.049999237060547,22.82219886779785,4620500,TPR,yfinance,2026-02-10T05:10:38.179198+00:00
2015-07-23,31.420000076293945,31.639999389648438,30.969999313354492,31.0,22.785457611083984,3322100,TPR,yfinance,2026-02-10T05:10:38.179198+00:00
2015-07-24,30.93000030517578,31.06999969482422,30.309999465942383,30.469999313354492,22.39589500427246,3657300,TPR,yfinance,2026-02-10T05:10:38.179198+00:00
2015-07-27,30.309999465942383,30.780000686645508,30.1299991607666,30.75,22.601701736450195,5652000,TPR,yfinance,2026-02-10T05:10:38.179198+00:00
2015-07-28,30.780000686645508,31.190000534057617,30.5,30.8799991607666,22.697248458862305,3828300,TPR,yfinance,2026-02-10T05:10:38.179198+00:00
2015-07-29,30.860000610351562,31.690000534057617,30.770000457763672,31.450000762939453,23.116214752197266,3976700,TPR,yfinance,2026-02-10T05:10:38.179198+00:00
2015-07-30,31.290000915527344,31.40999984741211,31.06999969482422,31.299999237060547,23.005962371826172,2371000,TPR,yfinance,2026-02-10T05:10:38.179198+00:00
2015-07-31,31.329999923706055,31.510000228881836,31.139999389648438,31.200000762939453,22.932458877563477,4147700,TPR,yfinance,2026-02-10T05:10:38.179198+00:00
2015-08-03,30.610000610351562,30.610000610351562,29.920000076293945,30.43000030517578,22.36649513244629,7957800,TPR,yfinance,2026-02-10T05:10:38.179198+00:00
2015-08-04,32.0,32.68000030517578,30.5,31.40999984741211,23.08680534362793,13250700,TPR,yfinance,2026-02-10T05:10:38.179198+00:00
2015-08-05,31.709999084472656,31.860000610351562,31.25,31.729999542236328,23.322010040283203,6206000,TPR,yfinance,2026-02-10T05:10:38.179198+00:00
2015-08-06,31.780000686645508,31.920000076293945,31.170000076293945,31.559999465942383,23.19706153869629,4301700,TPR,yfinance,2026-02-10T05:10:38.179198+00:00
2015-08-07,31.959999084472656,33.400001525878906,31.920000076293945,33.06999969482422,24.30693244934082,6916300,TPR,yfinance,2026-02-10T05:10:38.179198+00:00
2015-08-10,33.22999954223633,33.349998474121094,32.95000076293945,33.06999969482422,24.30693244934082,4402200,TPR,yfinance,2026-02-10T05:10:38.179198+00:00
2015-08-11,32.380001068115234,32.77000045776367,32.380001068115234,32.63999938964844,23.990875244140625,3207000,TPR,yfinance,2026-02-10T05:10:38.179198+00:00
2015-08-12,32.119998931884766,32.15999984741211,30.670000076293945,31.190000534057617,22.925106048583984,9342400,TPR,yfinance,2026-02-10T05:10:38.179198+00:00
2015-08-13,31.200000762939453,31.700000762939453,30.940000534057617,31.459999084472656,23.12355613708496,4807400,TPR,yfinance,2026-02-10T05:10:38.179198+00:00
2015-08-14,31.600000381469727,32.2400016784668,31.420000076293945,31.93000030517578,23.469013214111328,3812600,TPR,yfinance,2026-02-10T05:10:38.179198+00:00
2015-08-17,31.850000381469727,32.04999923706055,31.559999465942383,32.02000045776367,23.53516387939453,2546400,TPR,yfinance,2026-02-10T05:10:38.179198+00:00
2015-08-18,32.650001525878906,33.13999938964844,32.459999084472656,32.630001068115234,23.983524322509766,5722300,TPR,yfinance,2026-02-10T05:10:38.179198+00:00
2015-08-19,32.349998474121094,32.470001220703125,31.899999618530273,32.08000183105469,23.579269409179688,2452800,TPR,yfinance,2026-02-10T05:10:38.179198+00:00
2015-08-20,31.799999237060547,31.799999237060547,31.190000534057617,31.209999084472656,22.939804077148438,3270200,TPR,yfinance,2026-02-10T05:10:38.179198+00:00
2015-08-21,30.950000762939453,30.959999084472656,30.239999771118164,30.709999084472656,22.572296142578125,6067100,TPR,yfinance,2026-02-10T05:10:38.179198+00:00
2015-08-24,28.700000762939453,29.469999313354492,27.6200008392334,28.719999313354492,21.109621047973633,8649900,TPR,yfinance,2026-02-10T05:10:38.179198+00:00
2015-08-25,29.450000762939453,29.739999771118164,28.389999389648438,28.399999618530273,20.874414443969727,6095600,TPR,yfinance,2026-02-10T05:10:38.179198+00:00
2015-08-26,29.0,29.469999313354492,28.600000381469727,29.399999618530273,21.60943031311035,4965300,TPR,yfinance,2026-02-10T05:10:38.179198+00:00
2015-08-27,29.739999771118164,30.229999542236328,29.530000686645508,30.100000381469727,22.123945236206055,3891500,TPR,yfinance,2026-02-10T05:10:38.179198+00:00
2015-08-28,29.799999237060547,30.489999771118164,29.68000030517578,29.959999084472656,22.02103614807129,3391700,TPR,yfinance,2026-02-10T05:10:38.179198+00:00
2015-08-31,29.950000762939453,30.790000915527344,29.93000030517578,30.25,22.234189987182617,4822800,TPR,yfinance,2026-02-10T05:10:38.179198+00:00
2015-09-01,29.670000076293945,30.18000030517578,29.440000534057617,29.59000015258789,21.74907875061035,4347900,TPR,yfinance,2026-02-10T05:10:38.179198+00:00
2015-09-02,30.0,30.0,29.209999084472656,29.799999237060547,21.90343475341797,4571200,TPR,yfinance,2026-02-10T05:10:38.179198+00:00
2015-09-03,29.459999084472656,30.239999771118164,29.459999084472656,29.850000381469727,22.191896438598633,3383600,TPR,yfinance,2026-02-10T05:10:38.179198+00:00
2015-09-04,29.469999313354492,29.649999618530273,28.860000610351562,29.15999984741211,21.678913116455078,2842600,TPR,yfinance,2026-02-10T05:10:38.179198+00:00
2015-09-08,29.75,30.209999084472656,29.440000534057617,30.149999618530273,22.414928436279297,4441100,TPR,yfinance,2026-02-10T05:10:38.179198+00:00
2015-09-09,30.280000686645508,30.40999984741211,28.959999084472656,29.059999465942383,21.604570388793945,5111800,TPR,yfinance,2026-02-10T05:10:38.179198+00:00
2015-09-10,29.170000076293945,29.709999084472656,29.0,29.510000228881836,21.939117431640625,3556000,TPR,yfinance,2026-02-10T05:10:38.179198+00:00
2015-09-11,29.450000762939453,29.489999771118164,28.950000762939453,29.440000534057617,21.8870849609375,2488800,TPR,yfinance,2026-02-10T05:10:38.179198+00:00
2015-09-14,29.31999969482422,29.389999389648438,28.93000030517578,28.989999771118164,21.552526473999023,2231300,TPR,yfinance,2026-02-10T05:10:38.179198+00:00
2015-09-15,29.079999923706055,29.520000457763672,28.940000534057617,29.3799991607666,21.84247398376465,2642900,TPR,yfinance,2026-02-10T05:10:38.179198+00:00
2015-09-16,29.479999542236328,30.0,29.239999771118164,29.920000076293945,22.24393653869629,2579900,TPR,yfinance,2026-02-10T05:10:38.179198+00:00
2015-09-17,29.989999771118164,30.479999542236328,29.68000030517578,29.850000381469727,22.191896438598633,2499100,TPR,yfinance,2026-02-10T05:10:38.179198+00:00
2015-09-18,29.3799991607666,29.670000076293945,28.989999771118164,29.100000381469727,21.634305953979492,3260900,TPR,yfinance,2026-02-10T05:10:38.179198+00:00
2015-09-21,29.260000228881836,29.709999084472656,29.139999389648438,29.290000915527344,21.77556037902832,1968000,TPR,yfinance,2026-02-10T05:10:38.179198+00:00
2015-09-22,28.940000534057617,29.030000686645508,28.549999237060547,28.920000076293945,21.500492095947266,1947300,TPR,yfinance,2026-02-10T05:10:38.179198+00:00
2015-09-23,29.020000457763672,29.1200008392334,28.350000381469727,28.399999618530273,21.1138916015625,1720100,TPR,yfinance,2026-02-10T05:10:38.179198+00:00
2015-09-24,28.31999969482422,28.940000534057617,28.149999618530273,28.729999542236328,21.359230041503906,3676700,TPR,yfinance,2026-02-10T05:10:38.179198+00:00
2015-09-25,29.079999923706055,29.15999984741211,28.290000915527344,28.479999542236328,21.173372268676758,2292800,TPR,yfinance,2026-02-10T05:10:38.179198+00:00
2015-09-28,28.219999313354492,28.59000015258789,27.420000076293945,27.440000534057617,20.400182723999023,2431300,TPR,yfinance,2026-02-10T05:10:38.179198+00:00
2015-09-29,27.469999313354492,27.81999969482422,27.219999313354492,27.739999771118164,20.623214721679688,3145300,TPR,yfinance,2026-02-10T05:10:38.179198+00:00
2015-09-30,28.059999465942383,28.969999313354492,27.989999771118164,28.93000030517578,21.50792121887207,4848100,TPR,yfinance,2026-02-10T05:10:38.179198+00:00
2015-10-01,28.8799991607666,29.010000228881836,28.139999389648438,28.450000762939453,21.151071548461914,4173200,TPR,yfinance,2026-02-10T05:10:38.179198+00:00
2015-10-02,28.100000381469727,29.389999389648438,27.93000030517578,29.350000381469727,21.820165634155273,3642700,TPR,yfinance,2026-02-10T05:10:38.179198+00:00
2015-10-05,29.600000381469727,30.68000030517578,29.59000015258789,30.309999465942383,22.533878326416016,5369600,TPR,yfinance,2026-02-10T05:10:38.179198+00:00
2015-10-06,30.280000686645508,30.799999237060547,30.079999923706055,30.40999984741211,22.60822105407715,4075800,TPR,yfinance,2026-02-10T05:10:38.179198+00:00
2015-10-07,30.399999618530273,30.940000534057617,29.979999542236328,30.350000381469727,22.56361961364746,3621700,TPR,yfinance,2026-02-10T05:10:38.179198+00:00
2015-10-08,30.200000762939453,31.8799991607666,30.09000015258789,31.450000762939453,23.381412506103516,4466500,TPR,yfinance,2026-02-10T05:10:38.179198+00:00
2015-10-09,31.399999618530273,31.600000381469727,30.93000030517578,31.280000686645508,23.25502586364746,2500600,TPR,yfinance,2026-02-10T05:10:38.179198+00:00
2015-10-12,31.420000076293945,31.56999969482422,30.760000228881836,30.829999923706055,22.920473098754883,2081600,TPR,yfinance,2026-02-10T05:10:38.179198+00:00
2015-10-13,30.709999084472656,31.25,30.540000915527344,30.799999237060547,22.898170471191406,2513900,TPR,yfinance,2026-02-10T05:10:38.179198+00:00
2015-10-14,30.84000015258789,30.950000762939453,30.3700008392334,30.770000457763672,22.875865936279297,2496200,TPR,yfinance,2026-02-10T05:10:38.179198+00:00
2015-10-15,30.8700008392334,30.93000030517578,29.81999969482422,29.860000610351562,22.199329376220703,4512200,TPR,yfinance,2026-02-10T05:10:38.179198+00:00
2015-10-16,29.829999923706055,29.889999389648438,28.850000381469727,29.690000534057617,22.07294273376465,7854800,TPR,yfinance,2026-02-10T05:10:38.179198+00:00
2015-10-19,29.969999313354492,30.31999969482422,29.90999984741211,30.170000076293945,22.429794311523438,3543500,TPR,yfinance,2026-02-10T05:10:38.179198+00:00
2015-10-20,30.190000534057617,30.360000610351562,29.93000030517578,30.059999465942383,22.348011016845703,2853700,TPR,yfinance,2026-02-10T05:10:38.179198+00:00
2015-10-21,30.6299991607666,30.93000030517578,30.030000686645508,30.059999465942383,22.348011016845703,4909500,TPR,yfinance,2026-02-10T05:10:38.179198+00:00
2015-10-22,30.350000381469727,30.43000030517578,29.93000030517578,30.149999618530273,22.414928436279297,4117400,TPR,yfinance,2026-02-10T05:10:38.179198+00:00
2015-10-23,30.350000381469727,30.350000381469727,29.530000686645508,30.1299991607666,22.400060653686523,5600700,TPR,yfinance,2026-02-10T05:10:38.179198+00:00
2015-10-26,30.350000381469727,30.639999389648438,29.950000762939453,30.31999969482422,22.54131507873535,4315500,TPR,yfinance,2026-02-10T05:10:38.179198+00:00
2015-10-27,32.380001068115234,33.08000183105469,31.329999923706055,31.649999618530273,23.53009796142578,11331400,TPR,yfinance,2026-02-10T05:10:38.179198+00:00
2015-10-28,31.540000915527344,31.670000076293945,30.399999618530273,31.0,23.04686164855957,6927000,TPR,yfinance,2026-02-10T05:10:38.179198+00:00
2015-10-29,31.0,31.25,30.6299991607666,30.860000610351562,22.942781448364258,2905700,TPR,yfinance,2026-02-10T05:10:38.179198+00:00
2015-10-30,30.860000610351562,31.3799991607666,30.850000381469727,31.200000762939453,23.19554901123047,3276000,TPR,yfinance,2026-02-10T05:10:38.179198+00:00
2015-11-02,31.18000030517578,31.84000015258789,30.780000686645508,31.739999771118164,23.59701156616211,3401100,TPR,yfinance,2026-02-10T05:10:38.179198+00:00
2015-11-03,31.959999084472656,32.81999969482422,31.809999465942383,32.54999923706055,24.19919776916504,4279400,TPR,yfinance,2026-02-10T05:10:38.179198+00:00
2015-11-04,32.56999969482422,32.720001220703125,31.8799991607666,32.279998779296875,23.998472213745117,3008700,TPR,yfinance,2026-02-10T05:10:38.179198+00:00
2015-11-05,32.45000076293945,32.959999084472656,32.22999954223633,32.720001220703125,24.32558822631836,4360300,TPR,yfinance,2026-02-10T05:10:38.179198+00:00
2015-11-06,32.5,32.709999084472656,31.889999389648438,32.060001373291016,23.834917068481445,3767400,TPR,yfinance,2026-02-10T05:10:38.179198+00:00
2015-11-09,31.959999084472656,32.04999923706055,30.670000076293945,30.8799991607666,22.9576416015625,5239900,TPR,yfinance,2026-02-10T05:10:38.179198+00:00
2015-11-10,30.649999618530273,31.459999084472656,30.31999969482422,31.3700008392334,23.321935653686523,5436300,TPR,yfinance,2026-02-10T05:10:38.179198+00:00
2015-11-11,31.309999465942383,31.309999465942383,29.81999969482422,30.239999771118164,22.48183822631836,6116600,TPR,yfinance,2026-02-10T05:10:38.179198+00:00
2015-11-12,30.0,30.90999984741211,29.920000076293945,30.020000457763672,22.318281173706055,4898200,TPR,yfinance,2026-02-10T05:10:38.179198+00:00
2015-11-13,29.489999771118164,29.610000610351562,28.739999771118164,29.229999542236328,21.73095703125,6141800,TPR,yfinance,2026-02-10T05:10:38.179198+00:00
2015-11-16,29.200000762939453,29.81999969482422,28.940000534057617,29.3799991607666,21.84247398376465,3438800,TPR,yfinance,2026-02-10T05:10:38.179198+00:00
2015-11-17,29.299999237060547,29.5,28.700000762939453,28.93000030517578,21.50792121887207,4357300,TPR,yfinance,2026-02-10T05:10:38.179198+00:00
2015-11-18,29.0,29.6299991607666,28.75,29.59000015258789,21.998594284057617,4459200,TPR,yfinance,2026-02-10T05:10:38.179198+00:00
2015-11-19,29.450000762939453,30.1299991607666,29.329999923706055,29.65999984741211,22.050640106201172,3044700,TPR,yfinance,2026-02-10T05:10:38.179198+00:00
2015-11-20,29.8799991607666,30.559999465942383,29.709999084472656,30.549999237060547,22.712308883666992,4094900,TPR,yfinance,2026-02-10T05:10:38.179198+00:00
2015-11-23,30.559999465942383,31.59000015258789,30.389999389648438,31.549999237060547,23.455753326416016,5379300,TPR,yfinance,2026-02-10T05:10:38.179198+00:00
2015-11-24,31.110000610351562,32.31999969482422,31.040000915527344,32.16999816894531,23.91669273376465,6860900,TPR,yfinance,2026-02-10T05:10:38.179198+00:00
2015-11-25,32.25,32.59000015258789,31.979999542236328,32.38999938964844,24.08025360107422,4211400,TPR,yfinance,2026-02-10T05:10:38.179198+00:00
2015-11-27,32.349998474121094,32.560001373291016,31.75,31.81999969482422,23.65648651123047,2221500,TPR,yfinance,2026-02-10T05:10:38.179198+00:00
2015-11-30,31.639999389648438,32.27000045776367,31.18000030517578,31.770000457763672,23.619308471679688,6319800,TPR,yfinance,2026-02-10T05:10:38.179198+00:00
2015-12-01,32.0,32.20000076293945,31.360000610351562,31.56999969482422,23.470619201660156,4616500,TPR,yfinance,2026-02-10T05:10:38.179198+00:00
2015-12-02,31.09000015258789,31.559999465942383,30.770000457763672,30.8799991607666,23.206096649169922,4059700,TPR,yfinance,2026-02-10T05:10:38.179198+00:00
2015-12-03,31.0,31.020000457763672,29.65999984741211,29.8700008392334,22.44709014892578,6689300,TPR,yfinance,2026-02-10T05:10:38.179198+00:00
2015-12-04,29.8700008392334,30.719999313354492,29.709999084472656,30.579999923706055,22.980653762817383,5403400,TPR,yfinance,2026-02-10T05:10:38.179198+00:00
2015-12-07,30.450000762939453,31.149999618530273,30.06999969482422,31.06999969482422,23.3488826751709,4114000,TPR,yfinance,2026-02-10T05:10:38.179198+00:00
2015-12-08,30.809999465942383,31.360000610351562,30.610000610351562,31.219999313354492,23.461605072021484,4637500,TPR,yfinance,2026-02-10T05:10:38.179198+00:00
2015-12-09,30.780000686645508,31.639999389648438,30.209999084472656,30.510000228881836,22.92803955078125,4905000,TPR,yfinance,2026-02-10T05:10:38.179198+00:00
2015-12-10,30.520000457763672,31.260000228881836,30.06999969482422,31.1200008392334,23.386455535888672,3980900,TPR,yfinance,2026-02-10T05:10:38.179198+00:00
2015-12-11,30.770000457763672,30.989999771118164,30.280000686645508,30.3799991607666,22.830350875854492,3293100,TPR,yfinance,2026-02-10T05:10:38.179198+00:00
2015-12-14,31.020000457763672,31.280000686645508,30.299999237060547,31.09000015258789,23.363914489746094,6159700,TPR,yfinance,2026-02-10T05:10:38.179198+00:00
2015-12-15,32.0,32.599998474121094,31.809999465942383,32.34000015258789,24.303274154663086,7203100,TPR,yfinance,2026-02-10T05:10:38.179198+00:00
2015-12-16,32.43000030517578,33.439998626708984,32.40999984741211,33.33000183105469,25.04725456237793,6851500,TPR,yfinance,2026-02-10T05:10:38.179198+00:00
2015-12-17,33.439998626708984,33.45000076293945,32.52000045776367,32.63999938964844,24.52872085571289,5771200,TPR,yfinance,2026-02-10T05:10:38.179198+00:00
2015-12-18,32.33000183105469,32.63999938964844,31.6299991607666,31.989999771118164,24.040252685546875,7342800,TPR,yfinance,2026-02-10T05:10:38.179198+00:00
2015-12-21,32.119998931884766,32.720001220703125,31.8700008392334,32.70000076293945,24.573814392089844,4689000,TPR,yfinance,2026-02-10T05:10:38.179198+00:00
2015-12-22,32.779998779296875,33.189998626708984,32.61000061035156,33.029998779296875,24.82181167602539,4475700,TPR,yfinance,2026-02-10T05:10:38.179198+00:00
2015-12-23,33.29999923706055,33.45000076293945,32.38999938964844,33.279998779296875,25.00967788696289,3865900,TPR,yfinance,2026-02-10T05:10:38.179198+00:00
2015-12-24,33.08000183105469,33.220001220703125,32.54999923706055,32.650001525878906,24.536243438720703,2726400,TPR,yfinance,2026-02-10T05:10:38.179198+00:00
2015-12-28,32.59000015258789,33.04999923706055,32.38999938964844,32.619998931884766,24.513696670532227,2685400,TPR,yfinance,2026-02-10T05:10:38.179198+00:00
2015-12-29,32.849998474121094,33.22999954223633,32.83000183105469,33.0,24.79926300048828,3378900,TPR,yfinance,2026-02-10T05:10:38.179198+00:00
2015-12-30,32.959999084472656,33.02000045776367,32.61000061035156,32.66999816894531,24.551267623901367,1398400,TPR,yfinance,2026-02-10T05:10:38.179198+00:00
2015-12-31,32.61000061035156,32.900001525878906,32.4900016784668,32.72999954223633,24.59636116027832,2582000,TPR,yfinance,2026-02-10T05:10:38.179198+00:00
2016-01-04,32.349998474121094,33.65999984741211,32.08000183105469,33.63999938964844,25.280216217041016,6508900,TPR,yfinance,2026-02-10T05:10:38.179198+00:00
2016-01-05,33.81999969482422,34.189998626708984,33.310001373291016,33.970001220703125,25.528213500976562,5592000,TPR,yfinance,2026-02-10T05:10:38.179198+00:00
2016-01-06,33.209999084472656,33.470001220703125,32.369998931884766,32.790000915527344,24.641447067260742,4493500,TPR,yfinance,2026-02-10T05:10:38.179198+00:00
2016-01-07,32.099998474121094,33.27000045776367,32.099998474121094,32.88999938964844,24.716602325439453,5203300,TPR,yfinance,2026-02-10T05:10:38.179198+00:00
2016-01-08,33.0099983215332,33.25,31.8700008392334,31.950000762939453,24.010196685791016,4760000,TPR,yfinance,2026-02-10T05:10:38.179198+00:00
2016-01-11,31.979999542236328,32.88999938964844,31.979999542236328,32.77000045776367,24.62641716003418,4162200,TPR,yfinance,2026-02-10T05:10:38.179198+00:00
2016-01-12,33.209999084472656,33.470001220703125,31.84000015258789,32.59000015258789,24.491146087646484,3718100,TPR,yfinance,2026-02-10T05:10:38.179198+00:00
2016-01-13,32.72999954223633,32.95000076293945,31.389999389648438,31.520000457763672,23.68705177307129,4696600,TPR,yfinance,2026-02-10T05:10:38.179198+00:00
2016-01-14,31.59000015258789,32.150001525878906,30.489999771118164,31.760000228881836,23.867416381835938,4181100,TPR,yfinance,2026-02-10T05:10:38.179198+00:00
2016-01-15,30.8799991607666,31.639999389648438,30.360000610351562,31.43000030517578,23.619417190551758,5791900,TPR,yfinance,2026-02-10T05:10:38.179198+00:00
2016-01-19,31.68000030517578,32.150001525878906,30.790000915527344,31.15999984741211,23.416515350341797,4374200,TPR,yfinance,2026-02-10T05:10:38.179198+00:00
2016-01-20,30.780000686645508,31.610000610351562,30.059999465942383,31.459999084472656,23.641965866088867,8553300,TPR,yfinance,2026-02-10T05:10:38.179198+00:00
2016-01-21,31.579999923706055,32.959999084472656,31.420000076293945,32.470001220703125,24.400972366333008,4915300,TPR,yfinance,2026-02-10T05:10:38.179198+00:00
2016-01-22,33.15999984741211,33.439998626708984,31.8799991607666,32.43000030517578,24.370912551879883,5162600,TPR,yfinance,2026-02-10T05:10:38.179198+00:00
2016-01-25,32.060001373291016,32.16999816894531,30.18000030517578,30.350000381469727,22.807804107666016,10744500,TPR,yfinance,2026-02-10T05:10:38.179198+00:00
2016-01-26,32.77000045776367,33.959999084472656,32.099998474121094,33.33000183105469,25.04725456237793,16514500,TPR,yfinance,2026-02-10T05:10:38.179198+00:00
2016-01-27,33.349998474121094,35.27000045776367,33.27000045776367,34.189998626708984,25.69354248046875,11581000,TPR,yfinance,2026-02-10T05:10:38.179198+00:00
2016-01-28,34.7599983215332,35.88999938964844,34.529998779296875,35.81999969482422,26.918472290039062,8616600,TPR,yfinance,2026-02-10T05:10:38.179198+00:00
2016-01-29,36.20000076293945,37.06999969482422,36.02000045776367,37.04999923706055,27.842815399169922,12055500,TPR,yfinance,2026-02-10T05:10:38.179198+00:00
2016-02-01,36.79999923706055,37.4900016784668,36.5,37.209999084472656,27.963043212890625,5928600,TPR,yfinance,2026-02-10T05:10:38.179198+00:00
2016-02-02,37.31999969482422,37.77000045776367,36.72999954223633,37.150001525878906,27.9179630279541,5272200,TPR,yfinance,2026-02-10T05:10:38.179198+00:00
2016-02-03,37.349998474121094,37.52000045776367,35.34000015258789,36.41999816894531,27.36937141418457,9979400,TPR,yfinance,2026-02-10T05:10:38.179198+00:00
2016-02-04,35.900001525878906,36.279998779296875,35.439998626708984,36.09000015258789,27.121381759643555,5336400,TPR,yfinance,2026-02-10T05:10:38.179198+00:00
2016-02-05,35.91999816894531,35.91999816894531,34.7400016784668,35.04999923706055,26.339820861816406,6189500,TPR,yfinance,2026-02-10T05:10:38.179198+00:00
2016-02-08,34.68000030517578,34.779998779296875,33.77000045776367,34.43000030517578,25.8738956451416,5793100,TPR,yfinance,2026-02-10T05:10:38.179198+00:00
2016-02-09,33.959999084472656,34.72999954223633,33.54999923706055,34.04999923706055,25.58832550048828,3612300,TPR,yfinance,2026-02-10T05:10:38.179198+00:00
2016-02-10,34.22999954223633,34.33000183105469,33.4900016784668,33.650001525878906,25.28773307800293,3777900,TPR,yfinance,2026-02-10T05:10:38.179198+00:00
2016-02-11,33.18000030517578,33.86000061035156,32.95000076293945,33.630001068115234,25.272701263427734,4983800,TPR,yfinance,2026-02-10T05:10:38.179198+00:00
2016-02-12,34.0,34.63999938964844,33.619998931884766,34.529998779296875,25.94904327392578,4672100,TPR,yfinance,2026-02-10T05:10:38.179198+00:00
2016-02-16,34.790000915527344,35.66999816894531,34.7599983215332,35.58000183105469,26.73811912536621,4501600,TPR,yfinance,2026-02-10T05:10:38.179198+00:00
2016-02-17,35.970001220703125,36.18000030517578,35.5,35.970001220703125,27.03120231628418,3935700,TPR,yfinance,2026-02-10T05:10:38.179198+00:00
2016-02-18,35.650001525878906,36.560001373291016,35.459999084472656,36.310001373291016,27.286710739135742,3778800,TPR,yfinance,2026-02-10T05:10:38.179198+00:00
2016-02-19,36.02000045776367,36.41999816894531,35.189998626708984,35.81999969482422,26.918472290039062,3352300,TPR,yfinance,2026-02-10T05:10:38.179198+00:00
2016-02-22,36.18000030517578,36.540000915527344,36.02000045776367,36.18000030517578,27.189006805419922,4144800,TPR,yfinance,2026-02-10T05:10:38.179198+00:00
2016-02-23,36.22999954223633,38.400001525878906,36.18000030517578,36.95000076293945,27.767662048339844,4919200,TPR,yfinance,2026-02-10T05:10:38.179198+00:00
2016-02-24,36.75,38.0099983215332,36.7400016784668,37.88999938964844,28.47406578063965,6786400,TPR,yfinance,2026-02-10T05:10:38.179198+00:00
2016-02-25,37.959999084472656,39.04999923706055,37.72999954223633,38.900001525878906,29.233068466186523,6923700,TPR,yfinance,2026-02-10T05:10:38.179198+00:00
2016-02-26,38.90999984741211,38.9900016784668,38.290000915527344,38.56999969482422,28.985084533691406,3379300,TPR,yfinance,2026-02-10T05:10:38.179198+00:00
2016-02-29,38.70000076293945,39.220001220703125,38.4900016784668,38.939998626708984,29.263120651245117,4850000,TPR,yfinance,2026-02-10T05:10:38.179198+00:00
2016-03-01,39.0,39.540000915527344,38.93000030517578,39.33000183105469,29.556211471557617,3888700,TPR,yfinance,2026-02-10T05:10:38.179198+00:00
2016-03-02,38.68000030517578,39.060001373291016,38.34000015258789,38.869998931884766,29.463727951049805,2858600,TPR,yfinance,2026-02-10T05:10:38.179198+00:00
2016-03-03,38.880001068115234,39.09000015258789,38.52000045776367,38.790000915527344,29.403091430664062,2153300,TPR,yfinance,2026-02-10T05:10:38.179198+00:00
2016-03-04,38.83000183105469,39.400001525878906,38.349998474121094,38.779998779296875,29.395509719848633,2830900,TPR,yfinance,2026-02-10T05:10:38.179198+00:00
2016-03-07,38.619998931884766,39.209999084472656,38.43000030517578,39.189998626708984,29.706300735473633,3252300,TPR,yfinance,2026-02-10T05:10:38.179198+00:00
2016-03-08,38.869998931884766,39.25,38.400001525878906,38.459999084472656,29.1529541015625,2809800,TPR,yfinance,2026-02-10T05:10:38.179198+00:00
2016-03-09,38.7599983215332,39.0099983215332,38.189998626708984,38.810001373291016,29.418256759643555,3375900,TPR,yfinance,2026-02-10T05:10:38.179198+00:00
2016-03-10,38.68000030517578,39.560001373291016,38.630001068115234,39.09000015258789,29.630496978759766,4345600,TPR,yfinance,2026-02-10T05:10:38.179198+00:00
2016-03-11,39.400001525878906,39.810001373291016,39.189998626708984,39.65999984741211,30.062564849853516,3655700,TPR,yfinance,2026-02-10T05:10:38.179198+00:00
2016-03-14,39.540000915527344,39.95000076293945,39.22999954223633,39.400001525878906,29.865482330322266,3383300,TPR,yfinance,2026-02-10T05:10:38.179198+00:00
2016-03-15,39.02000045776367,39.150001525878906,38.47999954223633,38.86000061035156,29.456153869628906,2902400,TPR,yfinance,2026-02-10T05:10:38.179198+00:00
2016-03-16,38.86000061035156,39.15999984741211,38.40999984741211,39.0099983215332,29.569854736328125,1393600,TPR,yfinance,2026-02-10T05:10:38.179198+00:00
2016-03-17,38.970001220703125,39.939998626708984,38.86000061035156,39.720001220703125,30.1080379486084,3241800,TPR,yfinance,2026-02-10T05:10:38.179198+00:00
2016-03-18,39.779998779296875,39.779998779296875,39.029998779296875,39.27000045776367,29.766937255859375,3384000,TPR,yfinance,2026-02-10T05:10:38.179198+00:00
2016-03-21,39.20000076293945,39.56999969482422,39.040000915527344,39.40999984741211,29.873065948486328,2204200,TPR,yfinance,2026-02-10T05:10:38.179198+00:00
2016-03-22,39.16999816894531,39.29999923706055,38.70000076293945,38.86000061035156,29.456153869628906,2666700,TPR,yfinance,2026-02-10T05:10:38.179198+00:00
2016-03-23,38.68000030517578,39.31999969482422,38.5,38.75,29.372764587402344,2033400,TPR,yfinance,2026-02-10T05:10:38.179198+00:00
2016-03-24,38.709999084472656,38.709999084472656,38.060001373291016,38.68000030517578,29.319719314575195,1809800,TPR,yfinance,2026-02-10T05:10:38.179198+00:00
2016-03-28,38.68000030517578,39.25,38.439998626708984,38.93000030517578,29.509218215942383,1866500,TPR,yfinance,2026-02-10T05:10:38.179198+00:00
2016-03-29,38.86000061035156,39.560001373291016,38.790000915527344,39.40999984741211,29.873065948486328,2984000,TPR,yfinance,2026-02-10T05:10:38.179198+00:00
2016-03-30,39.68000030517578,40.529998779296875,39.58000183105469,40.31999969482422,30.562841415405273,4354500,TPR,yfinance,2026-02-10T05:10:38.179198+00:00
2016-03-31,40.31999969482422,40.86000061035156,39.84000015258789,40.09000015258789,30.388504028320312,3337600,TPR,yfinance,2026-02-10T05:10:38.179198+00:00
2016-04-01,39.540000915527344,40.630001068115234,39.540000915527344,40.52000045776367,30.714452743530273,2601600,TPR,yfinance,2026-02-10T05:10:38.179198+00:00
2016-04-04,40.619998931884766,40.88999938964844,39.9900016784668,40.150001525878906,30.433990478515625,2423500,TPR,yfinance,2026-02-10T05:10:38.179198+00:00
2016-04-05,39.86000061035156,40.06999969482422,39.689998626708984,39.709999084472656,30.10045623779297,1940200,TPR,yfinance,2026-02-10T05:10:38.179198+00:00
2016-04-06,39.810001373291016,40.41999816894531,39.540000915527344,40.29999923706055,30.547683715820312,2492800,TPR,yfinance,2026-02-10T05:10:38.179198+00:00
2016-04-07,40.86000061035156,41.45000076293945,39.869998931884766,40.310001373291016,30.555269241333008,7258300,TPR,yfinance,2026-02-10T05:10:38.179198+00:00
2016-04-08,40.34000015258789,40.34000015258789,38.79999923706055,38.970001220703125,29.53952980041504,5455600,TPR,yfinance,2026-02-10T05:10:38.179198+00:00
2016-04-11,39.08000183105469,39.58000183105469,38.66999816894531,39.310001373291016,29.797258377075195,4636900,TPR,yfinance,2026-02-10T05:10:38.179198+00:00
2016-04-12,39.13999938964844,39.459999084472656,38.459999084472656,39.0099983215332,29.569854736328125,3450900,TPR,yfinance,2026-02-10T05:10:38.179198+00:00
2016-04-13,39.0,39.5,38.40999984741211,39.45000076293945,29.903377532958984,2866600,TPR,yfinance,2026-02-10T05:10:38.179198+00:00
2016-04-14,39.470001220703125,39.689998626708984,38.66999816894531,38.720001220703125,29.35004234313965,2633300,TPR,yfinance,2026-02-10T05:10:38.179198+00:00
2016-04-15,38.689998626708984,39.40999984741211,38.599998474121094,38.97999954223633,29.547119140625,2478000,TPR,yfinance,2026-02-10T05:10:38.179198+00:00
2016-04-18,38.97999954223633,39.66999816894531,38.7599983215332,39.63999938964844,30.047401428222656,2492200,TPR,yfinance,2026-02-10T05:10:38.179198+00:00
2016-04-19,40.060001373291016,40.58000183105469,39.54999923706055,40.06999969482422,30.373348236083984,4729900,TPR,yfinance,2026-02-10T05:10:38.179198+00:00
2016-04-20,39.9900016784668,40.68000030517578,39.7599983215332,40.4900016784668,30.69170379638672,4696200,TPR,yfinance,2026-02-10T05:10:38.179198+00:00
2016-04-21,40.54999923706055,40.709999084472656,39.66999816894531,39.9900016784668,30.312702178955078,3400300,TPR,yfinance,2026-02-10T05:10:38.179198+00:00
2016-04-22,40.279998779296875,40.689998626708984,39.970001220703125,40.279998779296875,30.532527923583984,3533100,TPR,yfinance,2026-02-10T05:10:38.179198+00:00
2016-04-25,40.47999954223633,40.47999954223633,39.90999984741211,40.189998626708984,30.464305877685547,6961000,TPR,yfinance,2026-02-10T05:10:38.179198+00:00
2016-04-26,40.5,42.0,39.060001373291016,41.86000061035156,31.730173110961914,10676300,TPR,yfinance,2026-02-10T05:10:38.179198+00:00
2016-04-27,41.65999984741211,42.130001068115234,41.18000030517578,42.0,31.83629608154297,4705100,TPR,yfinance,2026-02-10T05:10:38.179198+00:00
2016-04-28,41.720001220703125,41.970001220703125,41.060001373291016,41.209999084472656,31.23746681213379,4063800,TPR,yfinance,2026-02-10T05:10:38.179198+00:00
2016-04-29,41.15999984741211,41.15999984741211,39.810001373291016,40.27000045776367,30.524940490722656,4395700,TPR,yfinance,2026-02-10T05:10:38.179198+00:00
2016-05-02,40.4900016784668,41.470001220703125,40.34000015258789,41.34000015258789,31.33601188659668,3395000,TPR,yfinance,2026-02-10T05:10:38.179198+00:00
2016-05-03,41.02000045776367,41.290000915527344,40.43000030517578,40.709999084472656,30.858470916748047,2724500,TPR,yfinance,2026-02-10T05:10:38.179198+00:00
2016-05-04,40.560001373291016,41.08000183105469,40.29999923706055,40.41999816894531,30.638648986816406,3039700,TPR,yfinance,2026-02-10T05:10:38.179198+00:00
2016-05-05,40.40999984741211,40.529998779296875,39.41999816894531,39.619998931884766,30.03223991394043,3043300,TPR,yfinance,2026-02-10T05:10:38.179198+00:00
2016-05-06,39.58000183105469,39.9900016784668,39.119998931884766,39.90999984741211,30.252056121826172,2881500,TPR,yfinance,2026-02-10T05:10:38.179198+00:00
2016-05-09,39.900001525878906,40.84000015258789,39.689998626708984,40.689998626708984,30.843303680419922,4148700,TPR,yfinance,2026-02-10T05:10:38.179198+00:00
2016-05-10,40.54999923706055,40.72999954223633,40.119998931884766,40.61000061035156,30.78266716003418,3700000,TPR,yfinance,2026-02-10T05:10:38.179198+00:00
2016-05-11,39.56999969482422,39.56999969482422,38.15999984741211,38.18000030517578,28.940715789794922,6220500,TPR,yfinance,2026-02-10T05:10:38.179198+00:00
2016-05-12,38.349998474121094,38.38999938964844,37.61000061035156,38.0099983215332,28.811847686767578,6428900,TPR,yfinance,2026-02-10T05:10:38.179198+00:00
2016-05-13,37.7400016784668,38.02000045776367,36.63999938964844,37.29999923706055,28.273656845092773,7712500,TPR,yfinance,2026-02-10T05:10:38.179198+00:00
2016-05-16,37.40999984741211,37.95000076293945,37.130001068115234,37.650001525878906,28.538972854614258,3503900,TPR,yfinance,2026-02-10T05:10:38.179198+00:00
2016-05-17,37.5,38.209999084472656,37.099998474121094,37.880001068115234,28.713314056396484,4399500,TPR,yfinance,2026-02-10T05:10:38.179198+00:00
2016-05-18,37.72999954223633,37.83000183105469,37.16999816894531,37.380001068115234,28.334308624267578,3191200,TPR,yfinance,2026-02-10T05:10:38.179198+00:00
2016-05-19,37.59000015258789,38.209999084472656,37.5099983215332,38.099998474121094,28.880069732666016,3315100,TPR,yfinance,2026-02-10T05:10:38.179198+00:00
2016-05-20,38.220001220703125,39.22999954223633,38.0099983215332,39.130001068115234,29.66082000732422,4498800,TPR,yfinance,2026-02-10T05:10:38.179198+00:00
2016-05-23,39.060001373291016,39.47999954223633,38.83000183105469,38.880001068115234,29.471317291259766,2836300,TPR,yfinance,2026-02-10T05:10:38.179198+00:00
2016-05-24,39.0099983215332,39.56999969482422,38.970001220703125,39.47999954223633,29.926118850708008,2641200,TPR,yfinance,2026-02-10T05:10:38.179198+00:00
2016-05-25,39.25,39.61000061035156,39.0099983215332,39.5099983215332,29.9488582611084,2785100,TPR,yfinance,2026-02-10T05:10:38.179198+00:00
2016-05-26,39.79999923706055,40.060001373291016,39.16999816894531,39.33000183105469,29.81241798400879,2761100,TPR,yfinance,2026-02-10T05:10:38.179198+00:00
2016-05-27,39.38999938964844,39.63999938964844,39.16999816894531,39.599998474121094,30.017087936401367,2664900,TPR,yfinance,2026-02-10T05:10:38.179198+00:00
2016-05-31,39.650001525878906,39.869998931884766,38.880001068115234,39.41999816894531,29.880630493164062,4941800,TPR,yfinance,2026-02-10T05:10:38.179198+00:00
2016-06-01,39.40999984741211,39.810001373291016,38.880001068115234,39.34000015258789,30.077892303466797,4196100,TPR,yfinance,2026-02-10T05:10:38.179198+00:00
2016-06-02,39.310001373291016,39.869998931884766,39.0,39.77000045776367,30.406654357910156,3804000,TPR,yfinance,2026-02-10T05:10:38.179198+00:00
2016-06-03,39.560001373291016,39.689998626708984,38.70000076293945,38.79999923706055,29.665037155151367,4713000,TPR,yfinance,2026-02-10T05:10:38.179198+00:00
2016-06-06,38.810001373291016,38.90999984741211,38.08000183105469,38.380001068115234,29.343917846679688,4065100,TPR,yfinance,2026-02-10T05:10:38.179198+00:00
2016-06-07,38.08000183105469,39.2599983215332,38.0099983215332,39.150001525878906,29.932628631591797,2795200,TPR,yfinance,2026-02-10T05:10:38.179198+00:00
2016-06-08,39.2400016784668,39.40999984741211,38.939998626708984,39.220001220703125,29.986148834228516,1834000,TPR,yfinance,2026-02-10T05:10:38.179198+00:00
2016-06-09,38.779998779296875,38.81999969482422,37.97999954223633,38.63999938964844,29.54270362854004,3928600,TPR,yfinance,2026-02-10T05:10:38.179198+00:00
2016-06-10,38.33000183105469,38.38999938964844,37.529998779296875,37.849998474121094,28.938692092895508,3349600,TPR,yfinance,2026-02-10T05:10:38.179198+00:00
2016-06-13,37.68000030517578,38.11000061035156,37.540000915527344,37.79999923706055,28.900470733642578,2316400,TPR,yfinance,2026-02-10T05:10:38.179198+00:00
2016-06-14,37.630001068115234,38.11000061035156,37.09000015258789,37.45000076293945,28.632871627807617,2304000,TPR,yfinance,2026-02-10T05:10:38.179198+00:00
2016-06-15,37.70000076293945,38.650001525878906,37.560001373291016,38.31999969482422,29.29804039001465,3168600,TPR,yfinance,2026-02-10T05:10:38.179198+00:00
2016-06-16,38.189998626708984,38.439998626708984,37.869998931884766,38.290000915527344,29.27511215209961,2201600,TPR,yfinance,2026-02-10T05:10:38.179198+00:00
2016-06-17,38.25,38.849998474121094,38.04999923706055,38.84000015258789,29.69561767578125,2908300,TPR,yfinance,2026-02-10T05:10:38.179198+00:00
2016-06-20,39.22999954223633,39.7599983215332,39.20000076293945,39.400001525878906,30.123764038085938,2447400,TPR,yfinance,2026-02-10T05:10:38.179198+00:00
2016-06-21,39.5,40.459999084472656,39.47999954223633,40.40999984741211,30.895980834960938,5426300,TPR,yfinance,2026-02-10T05:10:38.179198+00:00
2016-06-22,40.36000061035156,40.709999084472656,40.119998931884766,40.290000915527344,30.80423355102539,3126900,TPR,yfinance,2026-02-10T05:10:38.179198+00:00
2016-06-23,40.599998474121094,40.849998474121094,40.290000915527344,40.43000030517578,30.911273956298828,2485800,TPR,yfinance,2026-02-10T05:10:38.179198+00:00
2016-06-24,39.040000915527344,39.47999954223633,38.2599983215332,38.47999954223633,29.420372009277344,5180100,TPR,yfinance,2026-02-10T05:10:38.179198+00:00
2016-06-27,38.02000045776367,38.08000183105469,36.75,37.40999984741211,28.60228729248047,5156500,TPR,yfinance,2026-02-10T05:10:38.179198+00:00
2016-06-28,37.81999969482422,38.81999969482422,37.81999969482422,38.540000915527344,29.466245651245117,2872700,TPR,yfinance,2026-02-10T05:10:38.179198+00:00
2016-06-29,39.060001373291016,39.970001220703125,39.029998779296875,39.86000061035156,30.475461959838867,3783600,TPR,yfinance,2026-02-10T05:10:38.179198+00:00
2016-06-30,39.900001525878906,40.7400016784668,39.70000076293945,40.7400016784668,31.14828872680664,4164600,TPR,yfinance,2026-02-10T05:10:38.179198+00:00
2016-07-01,40.97999954223633,41.29999923706055,40.619998931884766,40.72999954223633,31.140642166137695,3983200,TPR,yfinance,2026-02-10T05:10:38.179198+00:00
2016-07-05,40.599998474121094,40.7599983215332,39.880001068115234,39.970001220703125,30.559579849243164,3336300,TPR,yfinance,2026-02-10T05:10:38.179198+00:00
2016-07-06,39.93000030517578,40.08000183105469,39.189998626708984,40.02000045776367,30.597795486450195,4786800,TPR,yfinance,2026-02-10T05:10:38.179198+00:00
2016-07-07,40.22999954223633,40.59000015258789,40.11000061035156,40.56999969482422,31.0183048248291,2645900,TPR,yfinance,2026-02-10T05:10:38.179198+00:00
2016-07-08,40.77000045776367,41.68000030517578,40.72999954223633,41.560001373291016,31.775226593017578,4975200,TPR,yfinance,2026-02-10T05:10:38.179198+00:00
2016-07-11,41.790000915527344,42.2400016784668,41.61000061035156,41.97999954223633,32.096336364746094,3540100,TPR,yfinance,2026-02-10T05:10:38.179198+00:00
2016-07-12,41.900001525878906,42.63999938964844,41.900001525878906,42.59000015258789,32.5627326965332,3779800,TPR,yfinance,2026-02-10T05:10:38.179198+00:00
2016-07-13,42.40999984741211,42.630001068115234,41.86000061035156,42.0099983215332,32.1192741394043,2105800,TPR,yfinance,2026-02-10T05:10:38.179198+00:00
2016-07-14,42.16999816894531,42.47999954223633,42.02000045776367,42.18000030517578,32.24925994873047,1952500,TPR,yfinance,2026-02-10T05:10:38.179198+00:00
2016-07-15,42.34000015258789,42.5099983215332,42.15999984741211,42.29999923706055,32.34099197387695,2084800,TPR,yfinance,2026-02-10T05:10:38.179198+00:00
2016-07-18,42.7599983215332,43.619998931884766,42.59000015258789,43.369998931884766,33.15909194946289,5030000,TPR,yfinance,2026-02-10T05:10:38.179198+00:00
2016-07-19,43.099998474121094,43.279998779296875,42.630001068115234,43.279998779296875,33.09027862548828,2744600,TPR,yfinance,2026-02-10T05:10:38.179198+00:00
2016-07-20,43.27000045776367,43.279998779296875,42.97999954223633,43.040000915527344,32.906768798828125,1737500,TPR,yfinance,2026-02-10T05:10:38.179198+00:00
2016-07-21,43.040000915527344,43.16999816894531,42.63999938964844,42.720001220703125,32.66211700439453,2160800,TPR,yfinance,2026-02-10T05:10:38.179198+00:00
2016-07-22,42.59000015258789,43.02000045776367,42.33000183105469,42.93000030517578,32.822689056396484,1841100,TPR,yfinance,2026-02-10T05:10:38.179198+00:00
2016-07-25,42.95000076293945,43.34000015258789,42.869998931884766,43.2599983215332,33.074981689453125,2348600,TPR,yfinance,2026-02-10T05:10:38.179198+00:00
2016-07-26,43.11000061035156,43.560001373291016,42.83000183105469,43.130001068115234,32.9755973815918,2576800,TPR,yfinance,2026-02-10T05:10:38.179198+00:00
2016-07-27,43.58000183105469,43.709999084472656,42.72999954223633,43.099998474121094,32.95264434814453,4105600,TPR,yfinance,2026-02-10T05:10:38.179198+00:00
2016-07-28,43.04999923706055,43.04999923706055,42.47999954223633,42.79999923706055,32.7232780456543,3061800,TPR,yfinance,2026-02-10T05:10:38.179198+00:00
2016-07-29,42.779998779296875,43.41999816894531,42.380001068115234,43.11000061035156,32.960289001464844,4887000,TPR,yfinance,2026-02-10T05:10:38.179198+00:00
2016-08-01,43.59000015258789,43.59000015258789,42.880001068115234,43.459999084472656,33.227901458740234,4324500,TPR,yfinance,2026-02-10T05:10:38.179198+00:00
2016-08-02,43.31999969482422,43.400001525878906,41.59000015258789,41.66999816894531,31.85931968688965,4242400,TPR,yfinance,2026-02-10T05:10:38.179198+00:00
2016-08-03,39.470001220703125,41.849998474121094,39.36000061035156,41.75,31.920488357543945,5847700,TPR,yfinance,2026-02-10T05:10:38.179198+00:00
2016-08-04,41.86000061035156,42.27000045776367,41.34000015258789,41.400001525878906,31.65289878845215,3067500,TPR,yfinance,2026-02-10T05:10:38.179198+00:00
2016-08-05,42.0,42.18000030517578,41.61000061035156,42.029998779296875,32.13457489013672,4269700,TPR,yfinance,2026-02-10T05:10:38.179198+00:00
2016-08-08,42.15999984741211,42.2400016784668,41.22999954223633,41.45000076293945,31.691123962402344,9343100,TPR,yfinance,2026-02-10T05:10:38.179198+00:00
2016-08-09,40.029998779296875,41.900001525878906,40.0,40.52000045776367,30.98007583618164,10216000,TPR,yfinance,2026-02-10T05:10:38.179198+00:00
2016-08-10,40.650001525878906,40.79999923706055,39.31999969482422,39.599998474121094,30.27667999267578,6436400,TPR,yfinance,2026-02-10T05:10:38.179198+00:00
2016-08-11,40.22999954223633,40.52000045776367,39.66999816894531,39.869998931884766,30.483112335205078,4375800,TPR,yfinance,2026-02-10T05:10:38.179198+00:00
2016-08-12,39.70000076293945,39.95000076293945,39.16999816894531,39.33000183105469,30.070253372192383,4326300,TPR,yfinance,2026-02-10T05:10:38.179198+00:00
2016-08-15,39.5,39.959999084472656,39.27000045776367,39.720001220703125,30.368419647216797,4530800,TPR,yfinance,2026-02-10T05:10:38.179198+00:00
2016-08-16,39.59000015258789,39.65999984741211,39.279998779296875,39.45000076293945,30.16200065612793,2851200,TPR,yfinance,2026-02-10T05:10:38.179198+00:00
2016-08-17,39.41999816894531,39.58000183105469,38.869998931884766,39.220001220703125,29.986148834228516,3453700,TPR,yfinance,2026-02-10T05:10:38.179198+00:00
2016-08-18,39.369998931884766,39.529998779296875,39.209999084472656,39.459999084472656,30.169639587402344,2099600,TPR,yfinance,2026-02-10T05:10:38.179198+00:00
2016-08-19,39.470001220703125,40.400001525878906,39.439998626708984,40.310001373291016,30.819534301757812,4848700,TPR,yfinance,2026-02-10T05:10:38.179198+00:00
2016-08-22,40.11000061035156,40.33000183105469,39.689998626708984,39.7599983215332,30.399015426635742,2415100,TPR,yfinance,2026-02-10T05:10:38.179198+00:00
2016-08-23,40.08000183105469,40.61000061035156,39.810001373291016,40.470001220703125,30.941858291625977,3253500,TPR,yfinance,2026-02-10T05:10:38.179198+00:00
2016-08-24,40.27000045776367,40.41999816894531,39.79999923706055,39.869998931884766,30.483112335205078,2522100,TPR,yfinance,2026-02-10T05:10:38.179198+00:00
2016-08-25,39.84000015258789,40.31999969482422,39.650001525878906,39.83000183105469,30.452524185180664,2859900,TPR,yfinance,2026-02-10T05:10:38.179198+00:00
2016-08-26,39.790000915527344,40.040000915527344,38.63999938964844,38.90999984741211,29.749134063720703,3130800,TPR,yfinance,2026-02-10T05:10:38.179198+00:00
2016-08-29,39.11000061035156,39.38999938964844,38.90999984741211,38.9900016784668,29.8103084564209,2865400,TPR,yfinance,2026-02-10T05:10:38.179198+00:00
2016-08-30,38.84000015258789,38.959999084472656,38.470001220703125,38.59000015258789,29.504467010498047,1939100,TPR,yfinance,2026-02-10T05:10:38.179198+00:00
2016-08-31,38.5,38.779998779296875,37.900001525878906,38.18000030517578,29.19100570678711,2929700,TPR,yfinance,2026-02-10T05:10:38.179198+00:00
2016-09-01,38.099998474121094,38.45000076293945,38.02000045776367,38.38999938964844,29.3515682220459,2441200,TPR,yfinance,2026-02-10T05:10:38.179198+00:00
2016-09-02,38.56999969482422,38.689998626708984,38.09000015258789,38.150001525878906,29.168067932128906,1953300,TPR,yfinance,2026-02-10T05:10:38.179198+00:00
2016-09-06,38.29999923706055,38.380001068115234,37.599998474121094,37.84000015258789,28.93105125427246,3131800,TPR,yfinance,2026-02-10T05:10:38.179198+00:00
2016-09-07,37.869998931884766,38.560001373291016,37.58000183105469,38.529998779296875,29.458599090576172,4912000,TPR,yfinance,2026-02-10T05:10:38.179198+00:00
2016-09-08,37.970001220703125,38.22999954223633,37.40999984741211,37.41999816894531,28.86313247680664,2415500,TPR,yfinance,2026-02-10T05:10:38.179198+00:00
2016-09-09,37.25,37.40999984741211,36.43000030517578,36.59000015258789,28.222932815551758,3555100,TPR,yfinance,2026-02-10T05:10:38.179198+00:00
2016-09-12,36.25,37.400001525878906,36.20000076293945,37.25,28.73200798034668,3115400,TPR,yfinance,2026-02-10T05:10:38.179198+00:00
2016-09-13,36.939998626708984,37.18000030517578,35.9900016784668,36.290000915527344,27.991535186767578,3489500,TPR,yfinance,2026-02-10T05:10:38.179198+00:00
2016-09-14,35.20000076293945,35.65999984741211,34.54999923706055,35.470001220703125,27.359039306640625,7915000,TPR,yfinance,2026-02-10T05:10:38.179198+00:00
2016-09-15,35.45000076293945,35.880001068115234,35.33000183105469,35.869998931884766,27.66756820678711,4266500,TPR,yfinance,2026-02-10T05:10:38.179198+00:00
2016-09-16,35.7400016784668,35.7400016784668,34.880001068115234,35.040000915527344,27.027372360229492,4845800,TPR,yfinance,2026-02-10T05:10:38.179198+00:00
2016-09-19,35.310001373291016,36.33000183105469,35.27000045776367,35.939998626708984,27.72157096862793,4287900,TPR,yfinance,2026-02-10T05:10:38.179198+00:00
2016-09-20,36.209999084472656,36.2599983215332,35.720001220703125,35.84000015258789,27.644433975219727,2230200,TPR,yfinance,2026-02-10T05:10:38.179198+00:00
2016-09-21,35.91999816894531,36.099998474121094,35.619998931884766,36.029998779296875,27.790992736816406,3181100,TPR,yfinance,2026-02-10T05:10:38.179198+00:00
2016-09-22,36.36000061035156,36.75,36.130001068115234,36.619998931884766,28.246063232421875,4357200,TPR,yfinance,2026-02-10T05:10:38.179198+00:00
2016-09-23,36.4900016784668,36.790000915527344,36.029998779296875,36.040000915527344,27.7987003326416,2305300,TPR,yfinance,2026-02-10T05:10:38.179198+00:00
2016-09-26,35.900001525878906,35.97999954223633,35.45000076293945,35.56999969482422,27.43617057800293,2396600,TPR,yfinance,2026-02-10T05:10:38.179198+00:00
2016-09-27,35.56999969482422,35.72999954223633,35.36000061035156,35.650001525878906,27.497875213623047,2300400,TPR,yfinance,2026-02-10T05:10:38.179198+00:00
2016-09-28,35.720001220703125,35.970001220703125,35.529998779296875,35.900001525878906,27.690717697143555,2627400,TPR,yfinance,2026-02-10T05:10:38.179198+00:00
2016-09-29,36.0099983215332,36.880001068115234,35.970001220703125,36.209999084472656,27.92982292175293,3112400,TPR,yfinance,2026-02-10T05:10:38.179198+00:00
2016-09-30,36.59000015258789,37.22999954223633,36.540000915527344,36.560001373291016,28.19979476928711,4743300,TPR,yfinance,2026-02-10T05:10:38.179198+00:00
2016-10-03,36.349998474121094,36.77000045776367,36.22999954223633,36.540000915527344,28.184362411499023,2304800,TPR,yfinance,2026-02-10T05:10:38.179198+00:00
2016-10-04,36.47999954223633,36.81999969482422,36.20000076293945,36.77000045776367,28.36176872253418,2615800,TPR,yfinance,2026-02-10T05:10:38.179198+00:00
2016-10-05,36.79999923706055,37.09000015258789,36.63999938964844,36.650001525878906,28.269210815429688,3485200,TPR,yfinance,2026-02-10T05:10:38.179198+00:00
2016-10-06,36.369998931884766,36.630001068115234,35.900001525878906,36.56999969482422,28.207496643066406,3552200,TPR,yfinance,2026-02-10T05:10:38.179198+00:00
2016-10-07,36.810001373291016,37.0099983215332,36.290000915527344,36.5,28.15350914001465,2187000,TPR,yfinance,2026-02-10T05:10:38.179198+00:00
2016-10-10,36.79999923706055,37.13999938964844,36.619998931884766,36.66999816894531,28.28462791442871,1824100,TPR,yfinance,2026-02-10T05:10:38.179198+00:00
2016-10-11,36.66999816894531,36.84000015258789,36.11000061035156,36.25,27.960670471191406,3322800,TPR,yfinance,2026-02-10T05:10:38.179198+00:00
2016-10-12,36.36000061035156,36.619998931884766,36.25,36.529998779296875,28.176651000976562,2309300,TPR,yfinance,2026-02-10T05:10:38.179198+00:00
2016-10-13,35.79999923706055,36.470001220703125,35.380001068115234,36.290000915527344,27.991535186767578,4580700,TPR,yfinance,2026-02-10T05:10:38.179198+00:00
2016-10-14,36.52000045776367,36.599998474121094,35.849998474121094,35.86000061035156,27.659854888916016,1950300,TPR,yfinance,2026-02-10T05:10:38.179198+00:00
2016-10-17,35.849998474121094,36.02000045776367,34.06999969482422,34.880001068115234,26.903953552246094,6466900,TPR,yfinance,2026-02-10T05:10:38.179198+00:00
2016-10-18,35.18000030517578,35.38999938964844,34.9900016784668,35.220001220703125,27.16621208190918,2904800,TPR,yfinance,2026-02-10T05:10:38.179198+00:00
2016-10-19,35.27000045776367,35.84000015258789,35.040000915527344,35.83000183105469,27.636722564697266,2737200,TPR,yfinance,2026-02-10T05:10:38.179198+00:00
2016-10-20,35.84000015258789,35.97999954223633,35.529998779296875,35.90999984741211,27.698423385620117,2196100,TPR,yfinance,2026-02-10T05:10:38.179198+00:00
2016-10-21,36.11000061035156,36.38999938964844,35.529998779296875,35.54999923706055,27.420747756958008,4284400,TPR,yfinance,2026-02-10T05:10:38.179198+00:00
2016-10-24,35.70000076293945,36.16999816894531,35.63999938964844,36.0,27.767852783203125,3877100,TPR,yfinance,2026-02-10T05:10:38.179198+00:00
2016-10-25,35.5,35.84000015258789,35.33000183105469,35.650001525878906,27.497875213623047,3465300,TPR,yfinance,2026-02-10T05:10:38.179198+00:00
2016-10-26,35.54999923706055,36.0,35.470001220703125,35.720001220703125,27.551870346069336,2874600,TPR,yfinance,2026-02-10T05:10:38.179198+00:00
2016-10-27,35.810001373291016,36.0099983215332,35.29999923706055,35.52000045776367,27.397613525390625,4901600,TPR,yfinance,2026-02-10T05:10:38.179198+00:00
2016-10-28,35.439998626708984,35.88999938964844,35.04999923706055,35.720001220703125,27.551870346069336,5359700,TPR,yfinance,2026-02-10T05:10:38.179198+00:00
2016-10-31,35.70000076293945,36.15999984741211,35.58000183105469,35.88999938964844,27.683000564575195,6067600,TPR,yfinance,2026-02-10T05:10:38.179198+00:00
2016-11-01,36.9900016784668,37.939998626708984,36.2599983215332,36.68000030517578,28.292346954345703,8531300,TPR,yfinance,2026-02-10T05:10:38.179198+00:00
2016-11-02,36.33000183105469,37.040000915527344,35.41999816894531,35.470001220703125,27.359039306640625,5473300,TPR,yfinance,2026-02-10T05:10:38.179198+00:00
2016-11-03,35.54999923706055,35.66999816894531,35.060001373291016,35.29999923706055,27.22791290283203,3591400,TPR,yfinance,2026-02-10T05:10:38.179198+00:00
2016-11-04,35.34000015258789,35.900001525878906,35.25,35.34000015258789,27.25876808166504,3211200,TPR,yfinance,2026-02-10T05:10:38.179198+00:00
2016-11-07,35.95000076293945,36.34000015258789,35.93000030517578,36.27000045776367,27.976104736328125,3055500,TPR,yfinance,2026-02-10T05:10:38.179198+00:00
2016-11-08,36.220001220703125,36.439998626708984,35.81999969482422,36.040000915527344,27.7987003326416,3216000,TPR,yfinance,2026-02-10T05:10:38.179198+00:00
2016-11-09,35.38999938964844,36.52000045776367,34.66999816894531,36.36000061035156,28.0455322265625,4709700,TPR,yfinance,2026-02-10T05:10:38.179198+00:00
2016-11-10,36.45000076293945,37.29999923706055,36.45000076293945,36.720001220703125,28.323198318481445,5797300,TPR,yfinance,2026-02-10T05:10:38.179198+00:00
2016-11-11,36.439998626708984,37.029998779296875,36.33000183105469,36.9900016784668,28.531465530395508,3083000,TPR,yfinance,2026-02-10T05:10:38.179198+00:00
2016-11-14,37.31999969482422,38.5,37.290000915527344,37.97999954223633,29.295076370239258,5247200,TPR,yfinance,2026-02-10T05:10:38.179198+00:00
2016-11-15,37.959999084472656,38.369998931884766,37.29999923706055,37.439998626708984,28.87855339050293,3048000,TPR,yfinance,2026-02-10T05:10:38.179198+00:00
2016-11-16,37.2599983215332,37.79999923706055,37.2400016784668,37.619998931884766,29.017396926879883,1846500,TPR,yfinance,2026-02-10T05:10:38.179198+00:00
2016-11-17,37.7599983215332,38.0,37.5,37.970001220703125,29.28736114501953,1691600,TPR,yfinance,2026-02-10T05:10:38.179198+00:00
2016-11-18,37.86000061035156,38.20000076293945,37.619998931884766,38.0,29.31050682067871,3620300,TPR,yfinance,2026-02-10T05:10:38.179198+00:00
2016-11-21,38.0,38.41999816894531,37.939998626708984,38.150001525878906,29.426206588745117,2614800,TPR,yfinance,2026-02-10T05:10:38.179198+00:00
2016-11-22,38.29999923706055,38.7400016784668,38.15999984741211,38.47999954223633,29.680744171142578,2662900,TPR,yfinance,2026-02-10T05:10:38.179198+00:00
2016-11-23,38.45000076293945,38.77000045776367,38.2599983215332,38.380001068115234,29.603607177734375,1930600,TPR,yfinance,2026-02-10T05:10:38.179198+00:00
2016-11-25,38.54999923706055,38.7400016784668,38.189998626708984,38.349998474121094,29.58046531677246,1235500,TPR,yfinance,2026-02-10T05:10:38.179198+00:00
2016-11-28,38.29999923706055,38.31999969482422,37.560001373291016,37.83000183105469,29.179378509521484,2206500,TPR,yfinance,2026-02-10T05:10:38.179198+00:00
2016-11-29,37.689998626708984,38.04999923706055,37.349998474121094,37.400001525878906,28.84770965576172,3709700,TPR,yfinance,2026-02-10T05:10:38.179198+00:00
2016-11-30,37.34000015258789,37.4900016784668,36.290000915527344,36.38999938964844,28.068653106689453,3730400,TPR,yfinance,2026-02-10T05:10:38.179198+00:00
2016-12-01,36.38999938964844,36.849998474121094,36.150001525878906,36.279998779296875,27.983810424804688,2721000,TPR,yfinance,2026-02-10T05:10:38.179198+00:00
2016-12-02,36.209999084472656,36.7599983215332,36.04999923706055,36.22999954223633,27.945255279541016,2638000,TPR,yfinance,2026-02-10T05:10:38.179198+00:00
2016-12-05,36.310001373291016,37.529998779296875,36.310001373291016,37.47999954223633,28.909406661987305,4195600,TPR,yfinance,2026-02-10T05:10:38.179198+00:00
2016-12-06,37.56999969482422,37.970001220703125,37.45000076293945,37.86000061035156,29.20252227783203,2888300,TPR,yfinance,2026-02-10T05:10:38.179198+00:00
2016-12-07,37.54999923706055,38.27000045776367,37.5,38.220001220703125,29.745752334594727,2160200,TPR,yfinance,2026-02-10T05:10:38.179198+00:00
2016-12-08,38.189998626708984,38.81999969482422,38.0,38.63999938964844,30.072629928588867,2715700,TPR,yfinance,2026-02-10T05:10:38.179198+00:00
2016-12-09,38.63999938964844,38.86000061035156,38.29999923706055,38.58000183105469,30.025951385498047,1711300,TPR,yfinance,2026-02-10T05:10:38.179198+00:00
2016-12-12,38.38999938964844,38.529998779296875,37.939998626708984,38.08000183105469,29.63679313659668,2137100,TPR,yfinance,2026-02-10T05:10:38.179198+00:00
2016-12-13,38.15999984741211,38.369998931884766,37.88999938964844,38.09000015258789,29.644575119018555,2409900,TPR,yfinance,2026-02-10T05:10:38.179198+00:00
2016-12-14,38.029998779296875,38.15999984741211,37.68000030517578,37.7400016784668,29.37218475341797,2217200,TPR,yfinance,2026-02-10T05:10:38.179198+00:00
2016-12-15,37.849998474121094,37.88999938964844,36.08000183105469,36.36000061035156,28.298158645629883,4211400,TPR,yfinance,2026-02-10T05:10:38.179198+00:00
2016-12-16,36.369998931884766,36.400001525878906,35.13999938964844,35.31999969482422,27.488746643066406,8720500,TPR,yfinance,2026-02-10T05:10:38.179198+00:00
2016-12-19,35.349998474121094,35.599998474121094,35.099998474121094,35.279998779296875,27.457616806030273,2802600,TPR,yfinance,2026-02-10T05:10:38.179198+00:00
2016-12-20,35.400001525878906,36.02000045776367,35.400001525878906,35.81999969482422,27.877883911132812,3638200,TPR,yfinance,2026-02-10T05:10:38.179198+00:00
2016-12-21,35.75,36.0099983215332,35.529998779296875,35.65999984741211,27.753368377685547,1940000,TPR,yfinance,2026-02-10T05:10:38.179198+00:00
2016-12-22,35.68000030517578,35.70000076293945,34.15999984741211,34.2400016784668,26.648208618164062,3656000,TPR,yfinance,2026-02-10T05:10:38.179198+00:00
2016-12-23,34.369998931884766,34.97999954223633,34.2400016784668,34.36000061035156,26.741607666015625,2392400,TPR,yfinance,2026-02-10T05:10:38.179198+00:00
2016-12-27,34.38999938964844,34.709999084472656,34.31999969482422,34.439998626708984,26.803863525390625,2034600,TPR,yfinance,2026-02-10T05:10:38.179198+00:00
2016-12-28,34.65999984741211,35.20000076293945,34.220001220703125,35.13999938964844,27.34865951538086,3403200,TPR,yfinance,2026-02-10T05:10:38.179198+00:00
2016-12-29,35.09000015258789,35.380001068115234,34.790000915527344,35.0099983215332,27.247488021850586,2179400,TPR,yfinance,2026-02-10T05:10:38.179198+00:00
2016-12-30,35.06999969482422,35.29999923706055,34.880001068115234,35.02000045776367,27.25527000427246,2044200,TPR,yfinance,2026-02-10T05:10:38.179198+00:00
2017-01-03,34.84000015258789,35.900001525878906,34.84000015258789,35.5099983215332,27.636625289916992,3166300,TPR,yfinance,2026-02-10T05:10:38.179198+00:00
2017-01-04,35.68000030517578,36.849998474121094,35.61000061035156,36.2400016784668,28.20476531982422,3889800,TPR,yfinance,2026-02-10T05:10:38.179198+00:00
2017-01-05,35.0099983215332,35.41999816894531,34.40999984741211,35.290000915527344,27.46540069580078,4949400,TPR,yfinance,2026-02-10T05:10:38.179198+00:00
2017-01-06,35.38999938964844,35.65999984741211,35.040000915527344,35.540000915527344,27.659975051879883,2601900,TPR,yfinance,2026-02-10T05:10:38.179198+00:00
2017-01-09,35.58000183105469,35.599998474121094,34.88999938964844,34.9900016784668,27.231931686401367,2857800,TPR,yfinance,2026-02-10T05:10:38.179198+00:00
2017-01-10,35.11000061035156,35.81999969482422,35.040000915527344,35.47999954223633,27.6132755279541,2680500,TPR,yfinance,2026-02-10T05:10:38.179198+00:00
2017-01-11,35.540000915527344,35.599998474121094,34.95000076293945,35.13999938964844,27.34865951538086,3091700,TPR,yfinance,2026-02-10T05:10:38.179198+00:00
2017-01-12,34.939998626708984,35.29999923706055,34.849998474121094,35.11000061035156,27.325319290161133,1801400,TPR,yfinance,2026-02-10T05:10:38.179198+00:00
2017-01-13,35.209999084472656,35.33000183105469,34.88999938964844,35.08000183105469,27.301963806152344,1685500,TPR,yfinance,2026-02-10T05:10:38.179198+00:00
2017-01-17,35.279998779296875,36.150001525878906,35.2400016784668,35.72999954223633,27.807842254638672,2658900,TPR,yfinance,2026-02-10T05:10:38.179198+00:00
2017-01-18,35.63999938964844,35.63999938964844,35.04999923706055,35.349998474121094,27.512100219726562,2501400,TPR,yfinance,2026-02-10T05:10:38.179198+00:00
2017-01-19,35.470001220703125,35.560001373291016,34.939998626708984,35.099998474121094,27.317527770996094,1835600,TPR,yfinance,2026-02-10T05:10:38.179198+00:00
2017-01-20,35.25,35.34000015258789,34.709999084472656,35.310001373291016,27.480966567993164,2618500,TPR,yfinance,2026-02-10T05:10:38.179198+00:00
2017-01-23,34.95000076293945,35.619998931884766,34.33000183105469,35.439998626708984,27.58213996887207,2565100,TPR,yfinance,2026-02-10T05:10:38.179198+00:00
2017-01-24,35.779998779296875,36.79999923706055,35.77000045776367,36.75,28.6016902923584,4368800,TPR,yfinance,2026-02-10T05:10:38.179198+00:00
2017-01-25,36.75,36.900001525878906,36.189998626708984,36.2599983215332,28.220327377319336,4043200,TPR,yfinance,2026-02-10T05:10:38.179198+00:00
2017-01-26,36.119998931884766,36.4900016784668,35.849998474121094,35.900001525878906,27.94015121459961,2354200,TPR,yfinance,2026-02-10T05:10:38.179198+00:00
2017-01-27,35.91999816894531,35.9900016784668,35.40999984741211,35.58000183105469,27.691102981567383,2880200,TPR,yfinance,2026-02-10T05:10:38.179198+00:00
2017-01-30,35.459999084472656,36.119998931884766,35.2599983215332,35.97999954223633,28.002412796020508,4491700,TPR,yfinance,2026-02-10T05:10:38.179198+00:00
2017-01-31,36.33000183105469,37.58000183105469,35.630001068115234,37.349998474121094,29.06865692138672,13016400,TPR,yfinance,2026-02-10T05:10:38.179198+00:00
2017-02-01,37.86000061035156,38.29999923706055,36.95000076293945,37.810001373291016,29.42666244506836,8912900,TPR,yfinance,2026-02-10T05:10:38.179198+00:00
2017-02-02,38.02000045776367,38.06999969482422,36.91999816894531,36.9900016784668,28.788475036621094,4768300,TPR,yfinance,2026-02-10T05:10:38.179198+00:00
2017-02-03,36.970001220703125,37.20000076293945,36.61000061035156,36.77000045776367,28.61725425720215,3949900,TPR,yfinance,2026-02-10T05:10:38.179198+00:00
2017-02-06,36.689998626708984,37.18000030517578,36.5099983215332,37.15999984741211,28.920780181884766,4792200,TPR,yfinance,2026-02-10T05:10:38.179198+00:00
2017-02-07,36.779998779296875,37.15999984741211,36.75,36.880001068115234,28.70285987854004,3835200,TPR,yfinance,2026-02-10T05:10:38.179198+00:00
2017-02-08,36.79999923706055,37.4900016784668,36.689998626708984,37.470001220703125,29.162046432495117,2810400,TPR,yfinance,2026-02-10T05:10:38.179198+00:00
2017-02-09,37.619998931884766,37.95000076293945,37.459999084472656,37.529998779296875,29.208740234375,2871800,TPR,yfinance,2026-02-10T05:10:38.179198+00:00
2017-02-10,37.709999084472656,38.18000030517578,37.58000183105469,38.06999969482422,29.629009246826172,4263900,TPR,yfinance,2026-02-10T05:10:38.179198+00:00
2017-02-13,38.150001525878906,38.63999938964844,38.04999923706055,38.130001068115234,29.675704956054688,2568600,TPR,yfinance,2026-02-10T05:10:38.179198+00:00
2017-02-14,38.040000915527344,38.54999923706055,38.040000915527344,38.099998474121094,29.652360916137695,3906100,TPR,yfinance,2026-02-10T05:10:38.179198+00:00
2017-02-15,38.0,38.2599983215332,37.939998626708984,38.150001525878906,29.691268920898438,3206100,TPR,yfinance,2026-02-10T05:10:38.179198+00:00
2017-02-16,38.189998626708984,38.45000076293945,37.619998931884766,37.959999084472656,29.543399810791016,3794500,TPR,yfinance,2026-02-10T05:10:38.179198+00:00
2017-02-17,37.77000045776367,38.2400016784668,37.75,38.209999084472656,29.73796844482422,4967200,TPR,yfinance,2026-02-10T05:10:38.179198+00:00
2017-02-21,38.45000076293945,38.959999084472656,38.36000061035156,38.65999984741211,30.088197708129883,2932900,TPR,yfinance,2026-02-10T05:10:38.179198+00:00
2017-02-22,38.65999984741211,38.709999084472656,38.43000030517578,38.630001068115234,30.064849853515625,2537000,TPR,yfinance,2026-02-10T05:10:38.179198+00:00
2017-02-23,38.66999816894531,38.779998779296875,37.86000061035156,37.95000076293945,29.535627365112305,3378100,TPR,yfinance,2026-02-10T05:10:38.179198+00:00
2017-02-24,37.88999938964844,38.290000915527344,37.529998779296875,38.02000045776367,29.59010124206543,2983700,TPR,yfinance,2026-02-10T05:10:38.179198+00:00
2017-02-27,38.0,38.86000061035156,37.900001525878906,38.709999084472656,30.12710952758789,3340900,TPR,yfinance,2026-02-10T05:10:38.179198+00:00
2017-02-28,38.59000015258789,38.77000045776367,37.91999816894531,38.09000015258789,29.644575119018555,3789000,TPR,yfinance,2026-02-10T05:10:38.179198+00:00
2017-03-01,38.290000915527344,38.43000030517578,37.79999923706055,38.38999938964844,29.878068923950195,3795300,TPR,yfinance,2026-02-10T05:10:38.179198+00:00
2017-03-02,38.470001220703125,38.77000045776367,38.349998474121094,38.43000030517578,29.90918731689453,2571200,TPR,yfinance,2026-02-10T05:10:38.179198+00:00
2017-03-03,38.54999923706055,38.59000015258789,37.72999954223633,38.06999969482422,29.629009246826172,2481900,TPR,yfinance,2026-02-10T05:10:38.179198+00:00
2017-03-06,38.029998779296875,38.09000015258789,37.619998931884766,38.02000045776367,29.59010124206543,2489800,TPR,yfinance,2026-02-10T05:10:38.179198+00:00
2017-03-07,37.970001220703125,38.02000045776367,37.529998779296875,37.81999969482422,29.4344425201416,3268200,TPR,yfinance,2026-02-10T05:10:38.179198+00:00
2017-03-08,37.68000030517578,38.79999923706055,37.54999923706055,38.70000076293945,30.39093780517578,3437800,TPR,yfinance,2026-02-10T05:10:38.179198+00:00
2017-03-09,38.61000061035156,38.70000076293945,38.33000183105469,38.47999954223633,30.218177795410156,2633600,TPR,yfinance,2026-02-10T05:10:38.179198+00:00
2017-03-10,38.630001068115234,39.29999923706055,38.61000061035156,39.27000045776367,30.83855628967285,4348000,TPR,yfinance,2026-02-10T05:10:38.179198+00:00
2017-03-13,39.2599983215332,39.4900016784668,38.7400016784668,38.90999984741211,30.55584716796875,4047200,TPR,yfinance,2026-02-10T05:10:38.179198+00:00
2017-03-14,38.79999923706055,39.08000183105469,38.72999954223633,38.970001220703125,30.602964401245117,2011000,TPR,yfinance,2026-02-10T05:10:38.179198+00:00
2017-03-15,39.04999923706055,40.150001525878906,39.04999923706055,39.86000061035156,31.3018798828125,5054400,TPR,yfinance,2026-02-10T05:10:38.179198+00:00
2017-03-16,39.790000915527344,39.9900016784668,39.439998626708984,39.66999816894531,31.152666091918945,2759800,TPR,yfinance,2026-02-10T05:10:38.179198+00:00
2017-03-17,39.689998626708984,39.810001373291016,39.279998779296875,39.7400016784668,31.20762825012207,3658900,TPR,yfinance,2026-02-10T05:10:38.179198+00:00
2017-03-20,39.790000915527344,39.810001373291016,38.90999984741211,39.150001525878906,30.74432373046875,2103100,TPR,yfinance,2026-02-10T05:10:38.179198+00:00
2017-03-21,39.25,39.25,38.150001525878906,38.68000030517578,30.375228881835938,3045800,TPR,yfinance,2026-02-10T05:10:38.179198+00:00
2017-03-22,38.540000915527344,38.58000183105469,37.91999816894531,38.540000915527344,30.26529312133789,3055600,TPR,yfinance,2026-02-10T05:10:38.179198+00:00
2017-03-23,38.93000030517578,39.150001525878906,38.72999954223633,38.880001068115234,30.53229331970215,1552600,TPR,yfinance,2026-02-10T05:10:38.179198+00:00
2017-03-24,39.15999984741211,39.279998779296875,38.84000015258789,39.09000015258789,30.697202682495117,2065300,TPR,yfinance,2026-02-10T05:10:38.179198+00:00
2017-03-27,38.790000915527344,40.060001373291016,38.779998779296875,40.029998779296875,31.435375213623047,4166000,TPR,yfinance,2026-02-10T05:10:38.179198+00:00
2017-03-28,40.0,41.0,39.849998474121094,40.90999984741211,32.12643814086914,4951400,TPR,yfinance,2026-02-10T05:10:38.179198+00:00
2017-03-29,40.77000045776367,41.560001373291016,40.7599983215332,41.38999938964844,32.50339126586914,4831900,TPR,yfinance,2026-02-10T05:10:38.179198+00:00
2017-03-30,41.13999938964844,41.70000076293945,41.08000183105469,41.689998626708984,32.73896408081055,3854300,TPR,yfinance,2026-02-10T05:10:38.179198+00:00
2017-03-31,41.619998931884766,41.650001525878906,41.18000030517578,41.33000183105469,32.45625686645508,3602300,TPR,yfinance,2026-02-10T05:10:38.179198+00:00
2017-04-03,41.31999969482422,41.369998931884766,40.529998779296875,40.619998931884766,31.898710250854492,3915700,TPR,yfinance,2026-02-10T05:10:38.179198+00:00
2017-04-04,40.40999984741211,40.439998626708984,39.2599983215332,39.560001373291016,31.066295623779297,4929700,TPR,yfinance,2026-02-10T05:10:38.179198+00:00
2017-04-05,39.599998474121094,39.869998931884766,39.27000045776367,39.34000015258789,30.893526077270508,2888600,TPR,yfinance,2026-02-10T05:10:38.179198+00:00
2017-04-06,39.47999954223633,40.36000061035156,39.34000015258789,40.040000915527344,31.443233489990234,4735700,TPR,yfinance,2026-02-10T05:10:38.179198+00:00
2017-04-07,39.790000915527344,39.970001220703125,39.5099983215332,39.630001068115234,31.121261596679688,2492500,TPR,yfinance,2026-02-10T05:10:38.179198+00:00
2017-04-10,39.709999084472656,40.040000915527344,39.36000061035156,39.619998931884766,31.113401412963867,2095900,TPR,yfinance,2026-02-10T05:10:38.179198+00:00
2017-04-11,39.59000015258789,40.09000015258789,39.41999816894531,40.060001373291016,31.458938598632812,2082100,TPR,yfinance,2026-02-10T05:10:38.179198+00:00
2017-04-12,40.11000061035156,40.27000045776367,39.90999984741211,40.13999938964844,31.521759033203125,3517300,TPR,yfinance,2026-02-10T05:10:38.179198+00:00
2017-04-13,40.06999969482422,40.27000045776367,39.720001220703125,39.72999954223633,31.19978904724121,1696300,TPR,yfinance,2026-02-10T05:10:38.179198+00:00
2017-04-17,39.81999969482422,39.9900016784668,39.5,39.720001220703125,31.191936492919922,1874300,TPR,yfinance,2026-02-10T05:10:38.179198+00:00
2017-04-18,39.43000030517578,39.61000061035156,39.150001525878906,39.52000045776367,31.034889221191406,2070200,TPR,yfinance,2026-02-10T05:10:38.179198+00:00
2017-04-19,39.720001220703125,39.880001068115234,39.349998474121094,39.40999984741211,30.948497772216797,3131300,TPR,yfinance,2026-02-10T05:10:38.179198+00:00
2017-04-20,39.68000030517578,39.90999984741211,39.5,39.779998779296875,31.239055633544922,3598600,TPR,yfinance,2026-02-10T05:10:38.179198+00:00
2017-04-21,39.75,39.790000915527344,39.0099983215332,39.11000061035156,30.712913513183594,3875100,TPR,yfinance,2026-02-10T05:10:38.179198+00:00
2017-04-24,39.4900016784668,39.529998779296875,38.81999969482422,39.29999923706055,30.862106323242188,4953900,TPR,yfinance,2026-02-10T05:10:38.179198+00:00
2017-04-25,39.630001068115234,39.84000015258789,39.310001373291016,39.56999969482422,31.074138641357422,2235500,TPR,yfinance,2026-02-10T05:10:38.179198+00:00
2017-04-26,39.540000915527344,39.77000045776367,39.290000915527344,39.41999816894531,30.956348419189453,2619300,TPR,yfinance,2026-02-10T05:10:38.179198+00:00
2017-04-27,39.619998931884766,39.95000076293945,39.45000076293945,39.81999969482422,31.270477294921875,2219900,TPR,yfinance,2026-02-10T05:10:38.179198+00:00
2017-04-28,39.84000015258789,39.84000015258789,39.18000030517578,39.38999938964844,30.932788848876953,3224800,TPR,yfinance,2026-02-10T05:10:38.179198+00:00
2017-05-01,39.5099983215332,39.54999923706055,38.470001220703125,38.7400016784668,30.422346115112305,5668500,TPR,yfinance,2026-02-10T05:10:38.179198+00:00
2017-05-02,41.209999084472656,43.470001220703125,40.880001068115234,43.150001525878906,33.885501861572266,14411700,TPR,yfinance,2026-02-10T05:10:38.179198+00:00
2017-05-03,43.130001068115234,43.83000183105469,42.41999816894531,42.65999984741211,33.500701904296875,5415900,TPR,yfinance,2026-02-10T05:10:38.179198+00:00
2017-05-04,42.810001373291016,43.029998779296875,42.349998474121094,42.560001373291016,33.42218017578125,2589000,TPR,yfinance,2026-02-10T05:10:38.179198+00:00
2017-05-05,42.66999816894531,42.79999923706055,42.33000183105469,42.65999984741211,33.500701904296875,2611100,TPR,yfinance,2026-02-10T05:10:38.179198+00:00
2017-05-08,45.61000061035156,46.560001373291016,44.470001220703125,44.709999084472656,35.11056137084961,13705200,TPR,yfinance,2026-02-10T05:10:38.179198+00:00
2017-05-09,44.93000030517578,45.880001068115234,44.54999923706055,45.20000076293945,35.49535369873047,5374600,TPR,yfinance,2026-02-10T05:10:38.179198+00:00
2017-05-10,45.43000030517578,46.04999923706055,45.0,45.939998626708984,36.07647705078125,4774400,TPR,yfinance,2026-02-10T05:10:38.179198+00:00
2017-05-11,45.68000030517578,45.849998474121094,44.689998626708984,45.72999954223633,35.911563873291016,3808700,TPR,yfinance,2026-02-10T05:10:38.179198+00:00
2017-05-12,45.59000015258789,45.59000015258789,45.040000915527344,45.27000045776367,35.550323486328125,3347000,TPR,yfinance,2026-02-10T05:10:38.179198+00:00
2017-05-15,45.29999923706055,45.900001525878906,45.27000045776367,45.40999984741211,35.660274505615234,3547600,TPR,yfinance,2026-02-10T05:10:38.179198+00:00
2017-05-16,45.209999084472656,45.290000915527344,44.810001373291016,44.9900016784668,35.3304443359375,2479400,TPR,yfinance,2026-02-10T05:10:38.179198+00:00
2017-05-17,44.9900016784668,45.2599983215332,44.45000076293945,44.75,35.14197540283203,3328400,TPR,yfinance,2026-02-10T05:10:38.179198+00:00
2017-05-18,44.75,45.33000183105469,44.63999938964844,44.66999816894531,35.07914352416992,2694300,TPR,yfinance,2026-02-10T05:10:38.179198+00:00
2017-05-19,44.75,45.66999816894531,44.56999969482422,45.31999969482422,35.58958435058594,2492300,TPR,yfinance,2026-02-10T05:10:38.179198+00:00
2017-05-22,45.36000061035156,46.130001068115234,45.20000076293945,45.7400016784668,35.91941833496094,3102500,TPR,yfinance,2026-02-10T05:10:38.179198+00:00
2017-05-23,45.939998626708984,46.130001068115234,45.7599983215332,46.0099983215332,36.13144302368164,2919700,TPR,yfinance,2026-02-10T05:10:38.179198+00:00
2017-05-24,45.77000045776367,46.2400016784668,45.560001373291016,46.11000061035156,36.20996856689453,3331900,TPR,yfinance,2026-02-10T05:10:38.179198+00:00
2017-05-25,46.459999084472656,46.779998779296875,46.029998779296875,46.06999969482422,36.178550720214844,1924600,TPR,yfinance,2026-02-10T05:10:38.179198+00:00
2017-05-26,46.09000015258789,46.43000030517578,46.040000915527344,46.33000183105469,36.38274002075195,1438700,TPR,yfinance,2026-02-10T05:10:38.179198+00:00
2017-05-30,46.470001220703125,46.709999084472656,45.849998474121094,46.06999969482422,36.178550720214844,2452000,TPR,yfinance,2026-02-10T05:10:38.179198+00:00
2017-05-31,46.130001068115234,46.2400016784668,45.52000045776367,46.209999084472656,36.28850555419922,3136700,TPR,yfinance,2026-02-10T05:10:38.179198+00:00
2017-06-01,46.33000183105469,46.59000015258789,45.9900016784668,46.15999984741211,36.24924087524414,2807000,TPR,yfinance,2026-02-10T05:10:38.179198+00:00
2017-06-02,46.369998931884766,46.470001220703125,45.880001068115234,46.0,36.123592376708984,2972100,TPR,yfinance,2026-02-10T05:10:38.179198+00:00
2017-06-05,45.959999084472656,46.599998474121094,45.75,46.560001373291016,36.5633659362793,2373500,TPR,yfinance,2026-02-10T05:10:38.179198+00:00
2017-06-06,46.18000030517578,46.83000183105469,46.08000183105469,46.5,36.5162467956543,3367600,TPR,yfinance,2026-02-10T05:10:38.179198+00:00
2017-06-07,46.15999984741211,46.4900016784668,45.790000915527344,46.349998474121094,36.66495895385742,2223500,TPR,yfinance,2026-02-10T05:10:38.179198+00:00
2017-06-08,46.349998474121094,47.29999923706055,46.349998474121094,46.4900016784668,36.77570343017578,3312900,TPR,yfinance,2026-02-10T05:10:38.179198+00:00
2017-06-09,46.59000015258789,47.15999984741211,46.43000030517578,46.720001220703125,36.9576416015625,2830200,TPR,yfinance,2026-02-10T05:10:38.179198+00:00
2017-06-12,46.720001220703125,47.02000045776367,46.16999816894531,46.369998931884766,36.680782318115234,3666800,TPR,yfinance,2026-02-10T05:10:38.179198+00:00
2017-06-13,46.400001525878906,46.470001220703125,45.91999816894531,46.13999938964844,36.49884033203125,2891500,TPR,yfinance,2026-02-10T05:10:38.179198+00:00
2017-06-14,46.150001525878906,46.34000015258789,45.790000915527344,46.290000915527344,36.61750030517578,2693800,TPR,yfinance,2026-02-10T05:10:38.179198+00:00
2017-06-15,45.9900016784668,46.25,45.779998779296875,46.06999969482422,36.4434700012207,2961600,TPR,yfinance,2026-02-10T05:10:38.179198+00:00
2017-06-16,45.90999984741211,46.5,45.70000076293945,46.22999954223633,36.570037841796875,3525400,TPR,yfinance,2026-02-10T05:10:38.179198+00:00
2017-06-19,46.400001525878906,46.72999954223633,46.15999984741211,46.54999923706055,36.82316589355469,1581900,TPR,yfinance,2026-02-10T05:10:38.179198+00:00
2017-06-20,46.61000061035156,46.61000061035156,45.65999984741211,45.70000076293945,36.15078353881836,1674300,TPR,yfinance,2026-02-10T05:10:38.179198+00:00
2017-06-21,45.84000015258789,46.630001068115234,45.84000015258789,46.54999923706055,36.82316589355469,3107700,TPR,yfinance,2026-02-10T05:10:38.179198+00:00
2017-06-22,46.540000915527344,46.880001068115234,46.209999084472656,46.47999954223633,36.76778793334961,2097200,TPR,yfinance,2026-02-10T05:10:38.179198+00:00
2017-06-23,46.560001373291016,46.72999954223633,46.25,46.709999084472656,36.94973373413086,2315700,TPR,yfinance,2026-02-10T05:10:38.179198+00:00
2017-06-26,47.099998474121094,47.7599983215332,46.97999954223633,47.2599983215332,37.384796142578125,2070200,TPR,yfinance,2026-02-10T05:10:38.179198+00:00
2017-06-27,47.22999954223633,47.439998626708984,46.9900016784668,47.119998931884766,37.27405548095703,1839300,TPR,yfinance,2026-02-10T05:10:38.179198+00:00
2017-06-28,47.25,47.709999084472656,47.220001220703125,47.33000183105469,37.440185546875,1838400,TPR,yfinance,2026-02-10T05:10:38.179198+00:00
2017-06-29,47.400001525878906,47.65999984741211,46.650001525878906,46.86000061035156,37.06839370727539,2057700,TPR,yfinance,2026-02-10T05:10:38.179198+00:00
2017-06-30,47.41999816894531,47.7400016784668,47.22999954223633,47.34000015258789,37.448097229003906,2189000,TPR,yfinance,2026-02-10T05:10:38.179198+00:00
2017-07-03,47.34000015258789,47.720001220703125,47.29999923706055,47.33000183105469,37.440185546875,1169200,TPR,yfinance,2026-02-10T05:10:38.179198+00:00
2017-07-05,47.34000015258789,47.349998474121094,46.79999923706055,47.099998474121094,37.258235931396484,2898400,TPR,yfinance,2026-02-10T05:10:38.179198+00:00
2017-07-06,46.939998626708984,47.0,46.2400016784668,46.68000030517578,36.92600631713867,2600500,TPR,yfinance,2026-02-10T05:10:38.179198+00:00
2017-07-07,46.79999923706055,47.869998931884766,46.7400016784668,47.68000030517578,37.71704864501953,2677000,TPR,yfinance,2026-02-10T05:10:38.179198+00:00
2017-07-10,47.630001068115234,47.849998474121094,47.47999954223633,47.56999969482422,37.630027770996094,2618300,TPR,yfinance,2026-02-10T05:10:38.179198+00:00
2017-07-11,47.529998779296875,47.70000076293945,46.97999954223633,47.0099983215332,37.187049865722656,1828900,TPR,yfinance,2026-02-10T05:10:38.179198+00:00
2017-07-12,47.220001220703125,47.22999954223633,46.77000045776367,47.04999923706055,37.21868896484375,2031900,TPR,yfinance,2026-02-10T05:10:38.179198+00:00
2017-07-13,47.33000183105469,47.779998779296875,47.20000076293945,47.439998626708984,37.527191162109375,1841200,TPR,yfinance,2026-02-10T05:10:38.179198+00:00
2017-07-14,47.599998474121094,48.119998931884766,47.540000915527344,47.9900016784668,37.96226501464844,2071700,TPR,yfinance,2026-02-10T05:10:38.179198+00:00
2017-07-17,48.09000015258789,48.400001525878906,47.91999816894531,47.939998626708984,37.922725677490234,1602500,TPR,yfinance,2026-02-10T05:10:38.179198+00:00
2017-07-18,47.88999938964844,47.939998626708984,47.540000915527344,47.75,37.772422790527344,1225600,TPR,yfinance,2026-02-10T05:10:38.179198+00:00
2017-07-19,47.81999969482422,48.209999084472656,47.75,48.150001525878906,38.08884811401367,1217100,TPR,yfinance,2026-02-10T05:10:38.179198+00:00
2017-07-20,48.25,48.380001068115234,47.88999938964844,48.08000183105469,38.03347396850586,1701000,TPR,yfinance,2026-02-10T05:10:38.179198+00:00
2017-07-21,48.2400016784668,48.849998474121094,48.0099983215332,48.7400016784668,38.55555725097656,2220300,TPR,yfinance,2026-02-10T05:10:38.179198+00:00
2017-07-24,48.5,48.7599983215332,48.25,48.54999923706055,38.405250549316406,1940300,TPR,yfinance,2026-02-10T05:10:38.179198+00:00
2017-07-25,48.66999816894531,48.72999954223633,48.08000183105469,48.52000045776367,38.381526947021484,2224600,TPR,yfinance,2026-02-10T05:10:38.179198+00:00
2017-07-26,48.650001525878906,48.650001525878906,47.81999969482422,47.88999938964844,37.88317108154297,2882700,TPR,yfinance,2026-02-10T05:10:38.179198+00:00
2017-07-27,47.93000030517578,48.0099983215332,47.380001068115234,47.970001220703125,37.94646072387695,4513300,TPR,yfinance,2026-02-10T05:10:38.179198+00:00
2017-07-28,47.880001068115234,48.7400016784668,47.72999954223633,48.689998626708984,38.5160026550293,3814200,TPR,yfinance,2026-02-10T05:10:38.179198+00:00
2017-07-31,48.13999938964844,48.31999969482422,46.79999923706055,47.13999938964844,37.28988265991211,7497000,TPR,yfinance,2026-02-10T05:10:38.179198+00:00
2017-08-01,47.099998474121094,47.84000015258789,46.849998474121094,47.790000915527344,37.80406188964844,3335700,TPR,yfinance,2026-02-10T05:10:38.179198+00:00
2017-08-02,47.599998474121094,47.599998474121094,46.09000015258789,46.220001220703125,36.56212615966797,3444500,TPR,yfinance,2026-02-10T05:10:38.179198+00:00
2017-08-03,46.20000076293945,46.470001220703125,45.779998779296875,46.150001525878906,36.50675582885742,2776800,TPR,yfinance,2026-02-10T05:10:38.179198+00:00
2017-08-04,46.209999084472656,47.15999984741211,46.099998474121094,47.0099983215332,37.187049865722656,2645400,TPR,yfinance,2026-02-10T05:10:38.179198+00:00
2017-08-07,47.15999984741211,47.720001220703125,47.06999969482422,47.56999969482422,37.630027770996094,2598100,TPR,yfinance,2026-02-10T05:10:38.179198+00:00
2017-08-08,48.0,48.599998474121094,47.61000061035156,47.83000183105469,37.83570861816406,3364100,TPR,yfinance,2026-02-10T05:10:38.179198+00:00
2017-08-09,47.560001373291016,47.91999816894531,47.33000183105469,47.7599983215332,37.78032684326172,2669100,TPR,yfinance,2026-02-10T05:10:38.179198+00:00
2017-08-10,47.459999084472656,47.7400016784668,47.04999923706055,47.09000015258789,37.25033187866211,2752200,TPR,yfinance,2026-02-10T05:10:38.179198+00:00
2017-08-11,46.86000061035156,48.06999969482422,46.709999084472656,47.54999923706055,37.61421585083008,2707700,TPR,yfinance,2026-02-10T05:10:38.179198+00:00
2017-08-14,47.90999984741211,48.20000076293945,47.709999084472656,47.91999816894531,37.90690231323242,3643300,TPR,yfinance,2026-02-10T05:10:38.179198+00:00
2017-08-15,43.15999984741211,43.65999984741211,40.58000183105469,40.63999938964844,32.148094177246094,22956600,TPR,yfinance,2026-02-10T05:10:38.179198+00:00
2017-08-16,40.970001220703125,41.290000915527344,40.36000061035156,40.720001220703125,32.21137619018555,7732300,TPR,yfinance,2026-02-10T05:10:38.179198+00:00
2017-08-17,40.5,41.54999923706055,40.45000076293945,41.0,32.4328727722168,5246400,TPR,yfinance,2026-02-10T05:10:38.179198+00:00
2017-08-18,40.91999816894531,41.20000076293945,40.290000915527344,40.380001068115234,31.94241714477539,3770000,TPR,yfinance,2026-02-10T05:10:38.179198+00:00
2017-08-21,40.40999984741211,41.0,40.150001525878906,40.88999938964844,32.345855712890625,4171800,TPR,yfinance,2026-02-10T05:10:38.179198+00:00
2017-08-22,41.0,41.220001220703125,40.65999984741211,40.97999954223633,32.41703796386719,3943200,TPR,yfinance,2026-02-10T05:10:38.179198+00:00
2017-08-23,40.68000030517578,41.349998474121094,40.38999938964844,40.95000076293945,32.393314361572266,3627200,TPR,yfinance,2026-02-10T05:10:38.179198+00:00
2017-08-24,41.41999816894531,41.7400016784668,40.939998626708984,41.31999969482422,32.686004638671875,2884000,TPR,yfinance,2026-02-10T05:10:38.179198+00:00
2017-08-25,41.40999984741211,42.15999984741211,41.349998474121094,41.880001068115234,33.12897872924805,2469000,TPR,yfinance,2026-02-10T05:10:38.179198+00:00
2017-08-28,41.849998474121094,42.0,41.630001068115234,41.900001525878906,33.144798278808594,3427800,TPR,yfinance,2026-02-10T05:10:38.179198+00:00
2017-08-29,41.5099983215332,41.720001220703125,41.36000061035156,41.709999084472656,32.9944953918457,1660600,TPR,yfinance,2026-02-10T05:10:38.179198+00:00
2017-08-30,41.709999084472656,41.77000045776367,41.189998626708984,41.20000076293945,32.59107971191406,2641400,TPR,yfinance,2026-02-10T05:10:38.179198+00:00
2017-08-31,41.52000045776367,41.86000061035156,41.290000915527344,41.70000076293945,32.98659896850586,3482200,TPR,yfinance,2026-02-10T05:10:38.179198+00:00
2017-09-01,41.720001220703125,42.13999938964844,41.38999938964844,41.970001220703125,33.20018005371094,2541900,TPR,yfinance,2026-02-10T05:10:38.179198+00:00
2017-09-05,41.970001220703125,42.0,41.27000045776367,41.369998931884766,32.725547790527344,3349100,TPR,yfinance,2026-02-10T05:10:38.179198+00:00
2017-09-06,41.470001220703125,41.619998931884766,41.130001068115234,41.52000045776367,32.844207763671875,3945800,TPR,yfinance,2026-02-10T05:10:38.179198+00:00
2017-09-07,41.380001068115234,41.380001068115234,40.58000183105469,40.65999984741211,32.427886962890625,3363800,TPR,yfinance,2026-02-10T05:10:38.179198+00:00
2017-09-08,40.7400016784668,40.7400016784668,40.29999923706055,40.43000030517578,32.24446105957031,4482400,TPR,yfinance,2026-02-10T05:10:38.179198+00:00
2017-09-11,40.5,41.130001068115234,40.5,40.79999923706055,32.53954315185547,4108900,TPR,yfinance,2026-02-10T05:10:38.179198+00:00
2017-09-12,40.900001525878906,41.5099983215332,40.75,41.279998779296875,32.922367095947266,4352200,TPR,yfinance,2026-02-10T05:10:38.179198+00:00
2017-09-13,41.279998779296875,42.15999984741211,41.279998779296875,42.099998474121094,33.57634735107422,4734800,TPR,yfinance,2026-02-10T05:10:38.179198+00:00
2017-09-14,41.70000076293945,41.86000061035156,41.310001373291016,41.630001068115234,33.201507568359375,2491100,TPR,yfinance,2026-02-10T05:10:38.179198+00:00
2017-09-15,41.540000915527344,41.59000015258789,41.22999954223633,41.400001525878906,33.018070220947266,2965000,TPR,yfinance,2026-02-10T05:10:38.179198+00:00
2017-09-18,41.5099983215332,41.5099983215332,40.20000076293945,40.470001220703125,32.276371002197266,3853000,TPR,yfinance,2026-02-10T05:10:38.179198+00:00
2017-09-19,40.5099983215332,40.779998779296875,40.099998474121094,40.349998474121094,32.18064880371094,3242500,TPR,yfinance,2026-02-10T05:10:38.179198+00:00
2017-09-20,40.310001373291016,40.36000061035156,39.310001373291016,39.459999084472656,31.47084617614746,6017100,TPR,yfinance,2026-02-10T05:10:38.179198+00:00
2017-09-21,39.52000045776367,39.77000045776367,39.439998626708984,39.61000061035156,31.590478897094727,2422700,TPR,yfinance,2026-02-10T05:10:38.179198+00:00
2017-09-22,39.349998474121094,40.0099983215332,39.349998474121094,39.95000076293945,31.861650466918945,2541800,TPR,yfinance,2026-02-10T05:10:38.179198+00:00
2017-09-25,39.7400016784668,39.880001068115234,39.11000061035156,39.150001525878906,31.223609924316406,3157500,TPR,yfinance,2026-02-10T05:10:38.179198+00:00
2017-09-26,39.27000045776367,40.029998779296875,39.150001525878906,39.68000030517578,31.64630889892578,3291700,TPR,yfinance,2026-02-10T05:10:38.179198+00:00
2017-09-27,39.84000015258789,40.31999969482422,39.79999923706055,40.2400016784668,32.09292984008789,3126000,TPR,yfinance,2026-02-10T05:10:38.179198+00:00
2017-09-28,40.2599983215332,40.40999984741211,40.06999969482422,40.119998931884766,31.997230529785156,2234700,TPR,yfinance,2026-02-10T05:10:38.179198+00:00
2017-09-29,40.209999084472656,40.52000045776367,40.20000076293945,40.279998779296875,32.12482833862305,1633500,TPR,yfinance,2026-02-10T05:10:38.179198+00:00
2017-10-02,40.04999923706055,40.68000030517578,39.63999938964844,40.66999816894531,32.43586349487305,3545800,TPR,yfinance,2026-02-10T05:10:38.179198+00:00
2017-10-03,40.2599983215332,40.630001068115234,39.720001220703125,39.83000183105469,31.765941619873047,4437700,TPR,yfinance,2026-02-10T05:10:38.179198+00:00
2017-10-04,39.77000045776367,39.97999954223633,39.2400016784668,39.720001220703125,31.67820167541504,3205000,TPR,yfinance,2026-02-10T05:10:38.179198+00:00
2017-10-05,39.16999816894531,39.900001525878906,38.70000076293945,39.810001373291016,31.749998092651367,5091600,TPR,yfinance,2026-02-10T05:10:38.179198+00:00
2017-10-06,39.790000915527344,39.849998474121094,39.349998474121094,39.83000183105469,31.765941619873047,3082000,TPR,yfinance,2026-02-10T05:10:38.179198+00:00
2017-10-09,39.83000183105469,39.880001068115234,39.45000076293945,39.68000030517578,31.64630889892578,1734000,TPR,yfinance,2026-02-10T05:10:38.179198+00:00
2017-10-10,39.79999923706055,40.41999816894531,39.720001220703125,40.0,31.901521682739258,2759300,TPR,yfinance,2026-02-10T05:10:38.179198+00:00
2017-10-11,39.52000045776367,39.66999816894531,38.720001220703125,38.869998931884766,31.000295639038086,4458200,TPR,yfinance,2026-02-10T05:10:38.179198+00:00
2017-10-12,38.880001068115234,39.45000076293945,38.720001220703125,39.41999816894531,31.438949584960938,3035400,TPR,yfinance,2026-02-10T05:10:38.179198+00:00
2017-10-13,39.400001525878906,39.7400016784668,39.310001373291016,39.56999969482422,31.55858612060547,2179200,TPR,yfinance,2026-02-10T05:10:38.179198+00:00
2017-10-16,39.529998779296875,39.529998779296875,39.16999816894531,39.31999969482422,31.35919761657715,1825400,TPR,yfinance,2026-02-10T05:10:38.179198+00:00
2017-10-17,39.349998474121094,39.720001220703125,39.06999969482422,39.63999938964844,31.61441421508789,1857900,TPR,yfinance,2026-02-10T05:10:38.179198+00:00
2017-10-18,39.779998779296875,39.95000076293945,39.400001525878906,39.470001220703125,31.47882652282715,1467500,TPR,yfinance,2026-02-10T05:10:38.179198+00:00
2017-10-19,39.33000183105469,39.79999923706055,39.15999984741211,39.470001220703125,31.47882652282715,2317600,TPR,yfinance,2026-02-10T05:10:38.179198+00:00
2017-10-20,39.7599983215332,40.43000030517578,39.70000076293945,40.349998474121094,32.18064880371094,4479800,TPR,yfinance,2026-02-10T05:10:38.179198+00:00
2017-10-23,40.849998474121094,40.900001525878906,39.68000030517578,39.79999923706055,31.742006301879883,5014000,TPR,yfinance,2026-02-10T05:10:38.179198+00:00
2017-10-24,40.04999923706055,40.380001068115234,39.88999938964844,40.2599983215332,32.10887145996094,3533400,TPR,yfinance,2026-02-10T05:10:38.179198+00:00
2017-10-25,40.29999923706055,40.400001525878906,39.720001220703125,40.2599983215332,32.10887145996094,2902800,TPR,yfinance,2026-02-10T05:10:38.179198+00:00
2017-10-26,40.43000030517578,40.95000076293945,40.34000015258789,40.38999938964844,32.212562561035156,2771600,TPR,yfinance,2026-02-10T05:10:38.179198+00:00
2017-10-27,40.06999969482422,40.279998779296875,39.7599983215332,40.279998779296875,32.12482833862305,2181700,TPR,yfinance,2026-02-10T05:10:38.179198+00:00
2017-10-30,40.119998931884766,40.36000061035156,39.880001068115234,39.900001525878906,31.8217716217041,2972000,TPR,yfinance,2026-02-10T05:10:38.179198+00:00
2017-10-31,40.25,41.0099983215332,39.84000015258789,40.95000076293945,32.65918731689453,1636200,TPR,yfinance,2026-02-10T05:10:38.179198+00:00
2017-11-01,41.0,41.279998779296875,40.209999084472656,40.68000030517578,32.4438362121582,2730600,TPR,yfinance,2026-02-10T05:10:38.179198+00:00
2017-11-02,41.13999938964844,41.599998474121094,40.4900016784668,41.349998474121094,32.97819519042969,3494200,TPR,yfinance,2026-02-10T05:10:38.179198+00:00
2017-11-03,41.060001373291016,41.45000076293945,40.970001220703125,41.150001525878906,32.81869125366211,3004000,TPR,yfinance,2026-02-10T05:10:38.179198+00:00
2017-11-06,41.20000076293945,42.47999954223633,40.86000061035156,41.47999954223633,33.08187484741211,6016900,TPR,yfinance,2026-02-10T05:10:38.179198+00:00
2017-11-07,41.0,42.939998626708984,40.93000030517578,41.93000030517578,33.44076156616211,8299600,TPR,yfinance,2026-02-10T05:10:38.179198+00:00
2017-11-08,41.66999816894531,41.849998474121094,39.630001068115234,40.08000183105469,31.965322494506836,5228000,TPR,yfinance,2026-02-10T05:10:38.179198+00:00
2017-11-09,39.959999084472656,40.349998474121094,39.599998474121094,40.15999984741211,32.02912902832031,3201700,TPR,yfinance,2026-02-10T05:10:38.179198+00:00
2017-11-10,40.459999084472656,41.0099983215332,40.130001068115234,40.81999969482422,32.55550003051758,3976700,TPR,yfinance,2026-02-10T05:10:38.179198+00:00
2017-11-13,40.529998779296875,40.650001525878906,39.900001525878906,40.439998626708984,32.25244140625,3718400,TPR,yfinance,2026-02-10T05:10:38.179198+00:00
2017-11-14,40.290000915527344,40.439998626708984,39.88999938964844,40.20000076293945,32.06103515625,2603200,TPR,yfinance,2026-02-10T05:10:38.179198+00:00
2017-11-15,40.09000015258789,40.709999084472656,39.779998779296875,40.2599983215332,32.10887145996094,3356200,TPR,yfinance,2026-02-10T05:10:38.179198+00:00
2017-11-16,40.209999084472656,41.619998931884766,40.0099983215332,41.0,32.69906997680664,3627900,TPR,yfinance,2026-02-10T05:10:38.179198+00:00
2017-11-17,41.13999938964844,42.189998626708984,41.13999938964844,41.65999984741211,33.225425720214844,4198300,TPR,yfinance,2026-02-10T05:10:38.179198+00:00
2017-11-20,41.81999969482422,42.43000030517578,41.68000030517578,42.06999969482422,33.55241775512695,4211600,TPR,yfinance,2026-02-10T05:10:38.179198+00:00
2017-11-21,42.2400016784668,42.279998779296875,41.06999969482422,41.25,32.89844512939453,1937200,TPR,yfinance,2026-02-10T05:10:38.179198+00:00
2017-11-22,41.209999084472656,41.439998626708984,40.95000076293945,41.029998779296875,32.722984313964844,1016600,TPR,yfinance,2026-02-10T05:10:38.179198+00:00
2017-11-24,41.04999923706055,41.2599983215332,40.81999969482422,40.86000061035156,32.58739471435547,795100,TPR,yfinance,2026-02-10T05:10:38.179198+00:00
2017-11-27,40.9900016784668,41.15999984741211,40.459999084472656,40.59000015258789,32.3720588684082,2035200,TPR,yfinance,2026-02-10T05:10:38.179198+00:00
2017-11-28,40.529998779296875,41.04999923706055,40.2400016784668,40.650001525878906,32.419921875,3988000,TPR,yfinance,2026-02-10T05:10:38.179198+00:00
2017-11-29,40.84000015258789,42.130001068115234,40.81999969482422,41.5099983215332,33.105804443359375,3007300,TPR,yfinance,2026-02-10T05:10:38.179198+00:00
2017-11-30,41.15999984741211,42.04999923706055,41.0,41.689998626708984,33.249351501464844,2921400,TPR,yfinance,2026-02-10T05:10:38.179198+00:00
2017-12-01,41.72999954223633,41.81999969482422,41.029998779296875,41.540000915527344,33.12972640991211,2241000,TPR,yfinance,2026-02-10T05:10:38.179198+00:00
2017-12-04,41.7400016784668,42.22999954223633,41.61000061035156,41.650001525878906,33.21745681762695,1854300,TPR,yfinance,2026-02-10T05:10:38.179198+00:00
2017-12-05,42.36000061035156,42.619998931884766,41.380001068115234,41.650001525878906,33.21745681762695,2337200,TPR,yfinance,2026-02-10T05:10:38.179198+00:00
2017-12-06,41.75,42.0099983215332,41.279998779296875,41.709999084472656,33.26531219482422,2638500,TPR,yfinance,2026-02-10T05:10:38.179198+00:00
2017-12-07,41.459999084472656,42.369998931884766,41.130001068115234,41.97999954223633,33.754173278808594,3306500,TPR,yfinance,2026-02-10T05:10:38.179198+00:00
2017-12-08,41.91999816894531,42.38999938964844,41.790000915527344,42.2599983215332,33.97929763793945,1946900,TPR,yfinance,2026-02-10T05:10:38.179198+00:00
2017-12-11,42.20000076293945,42.43000030517578,41.189998626708984,41.38999938964844,33.27978515625,2050600,TPR,yfinance,2026-02-10T05:10:38.179198+00:00
2017-12-12,41.2599983215332,42.290000915527344,41.2400016784668,41.5099983215332,33.37627029418945,2408700,TPR,yfinance,2026-02-10T05:10:38.179198+00:00
2017-12-13,41.5099983215332,42.40999984741211,41.4900016784668,42.27000045776367,33.98735046386719,2528000,TPR,yfinance,2026-02-10T05:10:38.179198+00:00
2017-12-14,42.2400016784668,43.439998626708984,42.099998474121094,42.81999969482422,34.42958068847656,5487300,TPR,yfinance,2026-02-10T05:10:38.179198+00:00
2017-12-15,43.0,43.310001373291016,42.689998626708984,42.83000183105469,34.4376220703125,4543500,TPR,yfinance,2026-02-10T05:10:38.179198+00:00
2017-12-18,42.88999938964844,43.779998779296875,42.88999938964844,43.4900016784668,34.968292236328125,4921900,TPR,yfinance,2026-02-10T05:10:38.179198+00:00
2017-12-19,43.349998474121094,43.70000076293945,43.18000030517578,43.47999954223633,34.96025466918945,1649400,TPR,yfinance,2026-02-10T05:10:38.179198+00:00
2017-12-20,43.720001220703125,43.83000183105469,43.22999954223633,43.279998779296875,34.7994384765625,1587000,TPR,yfinance,2026-02-10T05:10:38.179198+00:00
2017-12-21,43.650001525878906,44.66999816894531,43.61000061035156,44.27000045776367,35.59545135498047,2792500,TPR,yfinance,2026-02-10T05:10:38.179198+00:00
2017-12-22,44.310001373291016,44.439998626708984,44.09000015258789,44.380001068115234,35.68391418457031,1838800,TPR,yfinance,2026-02-10T05:10:38.179198+00:00
2017-12-26,44.52000045776367,44.9900016784668,44.43000030517578,44.95000076293945,36.14220428466797,1311600,TPR,yfinance,2026-02-10T05:10:38.179198+00:00
2017-12-27,45.0,45.279998779296875,44.560001373291016,44.650001525878906,35.900997161865234,1620800,TPR,yfinance,2026-02-10T05:10:38.179198+00:00
2017-12-28,44.900001525878906,45.0,44.029998779296875,44.34000015258789,35.6517333984375,1347300,TPR,yfinance,2026-02-10T05:10:38.179198+00:00
2017-12-29,44.470001220703125,44.810001373291016,44.22999954223633,44.22999954223633,35.56330108642578,1113900,TPR,yfinance,2026-02-10T05:10:38.179198+00:00
2018-01-02,44.369998931884766,45.290000915527344,44.31999969482422,45.2599983215332,36.3914680480957,1884300,TPR,yfinance,2026-02-10T05:10:38.179198+00:00
2018-01-03,45.34000015258789,45.560001373291016,45.119998931884766,45.27000045776367,36.39950180053711,2180500,TPR,yfinance,2026-02-10T05:10:38.179198+00:00
2018-01-04,45.20000076293945,45.47999954223633,44.22999954223633,45.20000076293945,36.34321975708008,1946200,TPR,yfinance,2026-02-10T05:10:38.179198+00:00
2018-01-05,45.290000915527344,45.70000076293945,45.13999938964844,45.40999984741211,36.5120735168457,1727000,TPR,yfinance,2026-02-10T05:10:38.179198+00:00
2018-01-08,45.43000030517578,45.79999923706055,44.91999816894531,45.290000915527344,36.41559600830078,1935500,TPR,yfinance,2026-02-10T05:10:38.179198+00:00
2018-01-09,45.27000045776367,45.75,45.130001068115234,45.349998474121094,36.46383285522461,2220000,TPR,yfinance,2026-02-10T05:10:38.179198+00:00
2018-01-10,45.189998626708984,45.529998779296875,44.720001220703125,45.22999954223633,36.36733627319336,2018600,TPR,yfinance,2026-02-10T05:10:38.179198+00:00
2018-01-11,45.20000076293945,45.619998931884766,45.029998779296875,45.52000045776367,36.600521087646484,1415600,TPR,yfinance,2026-02-10T05:10:38.179198+00:00
2018-01-12,45.4900016784668,45.79999923706055,45.06999969482422,45.779998779296875,36.8095817565918,2325400,TPR,yfinance,2026-02-10T05:10:38.179198+00:00
2018-01-16,45.75,46.16999816894531,45.70000076293945,45.900001525878906,36.90605926513672,2684600,TPR,yfinance,2026-02-10T05:10:38.179198+00:00
2018-01-17,46.11000061035156,47.56999969482422,45.900001525878906,46.9900016784668,37.78248977661133,2417600,TPR,yfinance,2026-02-10T05:10:38.179198+00:00
2018-01-18,46.959999084472656,47.41999816894531,46.790000915527344,47.310001373291016,38.0397834777832,2695800,TPR,yfinance,2026-02-10T05:10:38.179198+00:00
2018-01-19,47.58000183105469,48.13999938964844,47.560001373291016,47.7599983215332,38.401611328125,2554400,TPR,yfinance,2026-02-10T05:10:38.179198+00:00
2018-01-22,47.66999816894531,47.91999816894531,47.29999923706055,47.5099983215332,38.200584411621094,2380800,TPR,yfinance,2026-02-10T05:10:38.179198+00:00
2018-01-23,47.5099983215332,47.7400016784668,47.2400016784668,47.58000183105469,38.25687026977539,2590700,TPR,yfinance,2026-02-10T05:10:38.179198+00:00
2018-01-24,47.72999954223633,48.560001373291016,47.43000030517578,47.540000915527344,38.224708557128906,1884700,TPR,yfinance,2026-02-10T05:10:38.179198+00:00
2018-01-25,47.75,48.060001373291016,47.290000915527344,47.43000030517578,38.136268615722656,2103300,TPR,yfinance,2026-02-10T05:10:38.179198+00:00
2018-01-26,47.66999816894531,47.959999084472656,47.279998779296875,47.7400016784668,38.38551712036133,1825800,TPR,yfinance,2026-02-10T05:10:38.179198+00:00
2018-01-29,47.7400016784668,48.79999923706055,47.5099983215332,48.439998626708984,38.948341369628906,2460600,TPR,yfinance,2026-02-10T05:10:38.179198+00:00
2018-01-30,47.97999954223633,48.45000076293945,47.630001068115234,47.849998474121094,38.47396469116211,2865200,TPR,yfinance,2026-02-10T05:10:38.179198+00:00
2018-01-31,47.779998779296875,48.130001068115234,46.970001220703125,47.040000915527344,37.82268524169922,2934600,TPR,yfinance,2026-02-10T05:10:38.179198+00:00
2018-02-01,46.75,47.689998626708984,46.11000061035156,46.959999084472656,37.758365631103516,2409200,TPR,yfinance,2026-02-10T05:10:38.179198+00:00
2018-02-02,46.95000076293945,46.9900016784668,45.959999084472656,45.959999084472656,36.95430374145508,2707600,TPR,yfinance,2026-02-10T05:10:38.179198+00:00
2018-02-05,45.88999938964844,46.5,44.970001220703125,44.970001220703125,36.158294677734375,3337800,TPR,yfinance,2026-02-10T05:10:38.179198+00:00
2018-02-06,46.900001525878906,49.380001068115234,46.459999084472656,49.02000045776367,39.41471481323242,9419800,TPR,yfinance,2026-02-10T05:10:38.179198+00:00
2018-02-07,48.93000030517578,50.709999084472656,48.93000030517578,50.099998474121094,40.2830924987793,7974100,TPR,yfinance,2026-02-10T05:10:38.179198+00:00
2018-02-08,48.7599983215332,50.459999084472656,48.22999954223633,48.849998474121094,39.278018951416016,8124100,TPR,yfinance,2026-02-10T05:10:38.179198+00:00
2018-02-09,49.119998931884766,49.45000076293945,47.41999816894531,49.060001373291016,39.446876525878906,5827700,TPR,yfinance,2026-02-10T05:10:38.179198+00:00
2018-02-12,49.11000061035156,50.349998474121094,49.11000061035156,49.90999984741211,40.13031768798828,4946300,TPR,yfinance,2026-02-10T05:10:38.179198+00:00
2018-02-13,49.90999984741211,50.25,49.650001525878906,50.13999938964844,40.31525421142578,2152700,TPR,yfinance,2026-02-10T05:10:38.179198+00:00
2018-02-14,49.970001220703125,50.9900016784668,49.7400016784668,50.4900016784668,40.596675872802734,2589900,TPR,yfinance,2026-02-10T05:10:38.179198+00:00
2018-02-15,50.5,50.83000183105469,50.16999816894531,50.630001068115234,40.70923614501953,2801100,TPR,yfinance,2026-02-10T05:10:38.179198+00:00
2018-02-16,50.36000061035156,50.45000076293945,49.88999938964844,50.060001373291016,40.25094223022461,3189200,TPR,yfinance,2026-02-10T05:10:38.179198+00:00
2018-02-20,49.790000915527344,49.939998626708984,49.22999954223633,49.40999984741211,39.72827911376953,2594500,TPR,yfinance,2026-02-10T05:10:38.179198+00:00
2018-02-21,49.5,50.25,49.36000061035156,49.58000183105469,39.864986419677734,2369700,TPR,yfinance,2026-02-10T05:10:38.179198+00:00
2018-02-22,49.65999984741211,49.9900016784668,49.52000045776367,49.77000045776367,40.01774978637695,1899900,TPR,yfinance,2026-02-10T05:10:38.179198+00:00
2018-02-23,50.0,50.66999816894531,49.650001525878906,50.650001525878906,40.725318908691406,1724200,TPR,yfinance,2026-02-10T05:10:38.179198+00:00
2018-02-26,50.77000045776367,51.20000076293945,50.709999084472656,51.15999984741211,41.135379791259766,2407600,TPR,yfinance,2026-02-10T05:10:38.179198+00:00
2018-02-27,51.369998931884766,51.63999938964844,50.58000183105469,50.650001525878906,40.725318908691406,2375700,TPR,yfinance,2026-02-10T05:10:38.179198+00:00
2018-02-28,50.709999084472656,51.380001068115234,50.27000045776367,50.90999984741211,40.93437194824219,2915500,TPR,yfinance,2026-02-10T05:10:38.179198+00:00
2018-03-01,50.83000183105469,50.83000183105469,49.599998474121094,50.27000045776367,40.419776916503906,1987300,TPR,yfinance,2026-02-10T05:10:38.179198+00:00
2018-03-02,50.0,51.040000915527344,49.45000076293945,50.95000076293945,40.966529846191406,2580300,TPR,yfinance,2026-02-10T05:10:38.179198+00:00
2018-03-05,50.54999923706055,51.209999084472656,50.41999816894531,50.97999954223633,40.990665435791016,1874800,TPR,yfinance,2026-02-10T05:10:38.179198+00:00
2018-03-06,50.9900016784668,51.20000076293945,50.47999954223633,51.20000076293945,41.167537689208984,1759000,TPR,yfinance,2026-02-10T05:10:38.179198+00:00
2018-03-07,50.66999816894531,51.150001525878906,50.45000076293945,50.689998626708984,40.757476806640625,1593300,TPR,yfinance,2026-02-10T05:10:38.179198+00:00
2018-03-08,50.65999984741211,52.52000045776367,50.529998779296875,51.959999084472656,42.05908203125,4258200,TPR,yfinance,2026-02-10T05:10:38.179198+00:00
2018-03-09,52.209999084472656,52.79999923706055,51.970001220703125,52.4900016784668,42.48808670043945,3182800,TPR,yfinance,2026-02-10T05:10:38.179198+00:00
2018-03-12,52.59000015258789,52.849998474121094,52.2400016784668,52.459999084472656,42.46380615234375,1988000,TPR,yfinance,2026-02-10T05:10:38.179198+00:00
2018-03-13,52.66999816894531,53.400001525878906,52.52000045776367,52.97999954223633,42.88471984863281,2046500,TPR,yfinance,2026-02-10T05:10:38.179198+00:00
2018-03-14,53.060001373291016,53.20000076293945,52.18000030517578,52.47999954223633,42.47999572753906,1715600,TPR,yfinance,2026-02-10T05:10:38.179198+00:00
2018-03-15,52.58000183105469,52.75,52.209999084472656,52.369998931884766,42.39095687866211,1538100,TPR,yfinance,2026-02-10T05:10:38.179198+00:00
2018-03-16,52.369998931884766,53.08000183105469,52.22999954223633,52.77000045776367,42.71472930908203,3672000,TPR,yfinance,2026-02-10T05:10:38.179198+00:00
2018-03-19,52.66999816894531,53.02000045776367,51.959999084472656,52.209999084472656,42.26144027709961,2899800,TPR,yfinance,2026-02-10T05:10:38.179198+00:00
2018-03-20,52.38999938964844,53.25,52.25,53.18000030517578,43.046600341796875,2058400,TPR,yfinance,2026-02-10T05:10:38.179198+00:00
2018-03-21,53.150001525878906,53.5099983215332,52.939998626708984,52.970001220703125,42.87663269042969,2016000,TPR,yfinance,2026-02-10T05:10:38.179198+00:00
2018-03-22,52.58000183105469,53.02000045776367,51.91999816894531,51.95000076293945,42.05097961425781,2036900,TPR,yfinance,2026-02-10T05:10:38.179198+00:00
2018-03-23,52.22999954223633,52.43000030517578,51.70000076293945,51.7400016784668,41.88100051879883,2590700,TPR,yfinance,2026-02-10T05:10:38.179198+00:00
2018-03-26,52.18000030517578,53.31999969482422,52.08000183105469,53.2400016784668,43.095176696777344,1727700,TPR,yfinance,2026-02-10T05:10:38.179198+00:00
2018-03-27,53.459999084472656,53.56999969482422,52.70000076293945,53.11000061035156,42.98994064331055,3042600,TPR,yfinance,2026-02-10T05:10:38.179198+00:00
2018-03-28,53.31999969482422,53.5099983215332,52.41999816894531,52.5099983215332,42.504276275634766,2460300,TPR,yfinance,2026-02-10T05:10:38.179198+00:00
2018-03-29,52.77000045776367,53.220001220703125,52.369998931884766,52.61000061035156,42.585227966308594,2190300,TPR,yfinance,2026-02-10T05:10:38.179198+00:00
2018-04-02,52.5,52.630001068115234,50.689998626708984,51.47999954223633,41.67053985595703,2768200,TPR,yfinance,2026-02-10T05:10:38.179198+00:00
2018-04-03,51.709999084472656,51.91999816894531,51.189998626708984,51.810001373291016,41.93766784667969,2719500,TPR,yfinance,2026-02-10T05:10:38.179198+00:00
2018-04-04,51.36000061035156,52.65999984741211,51.310001373291016,52.619998931884766,42.59331512451172,2578600,TPR,yfinance,2026-02-10T05:10:38.179198+00:00
2018-04-05,52.75,54.2599983215332,52.529998779296875,54.0,43.710357666015625,3148600,TPR,yfinance,2026-02-10T05:10:38.179198+00:00
2018-04-06,53.5099983215332,53.529998779296875,51.880001068115234,52.470001220703125,42.47190475463867,3537300,TPR,yfinance,2026-02-10T05:10:38.179198+00:00
2018-04-09,52.75,53.099998474121094,52.439998626708984,52.61000061035156,42.585227966308594,2566600,TPR,yfinance,2026-02-10T05:10:38.179198+00:00
2018-04-10,52.5099983215332,53.2400016784668,52.5099983215332,53.06999969482422,42.95756530761719,2048000,TPR,yfinance,2026-02-10T05:10:38.179198+00:00
2018-04-11,52.81999969482422,53.189998626708984,52.20000076293945,52.459999084472656,42.46380615234375,2098300,TPR,yfinance,2026-02-10T05:10:38.179198+00:00
2018-04-12,52.689998626708984,53.04999923706055,52.52000045776367,52.68000030517578,42.641883850097656,1194100,TPR,yfinance,2026-02-10T05:10:38.179198+00:00
2018-04-13,52.93000030517578,53.060001373291016,52.25,52.5099983215332,42.504276275634766,1589200,TPR,yfinance,2026-02-10T05:10:38.179198+00:00
2018-04-16,52.75,53.63999938964844,52.52000045776367,53.189998626708984,43.05470657348633,2368700,TPR,yfinance,2026-02-10T05:10:38.179198+00:00
2018-04-17,53.779998779296875,54.06999969482422,53.560001373291016,53.70000076293945,43.46752166748047,2518200,TPR,yfinance,2026-02-10T05:10:38.179198+00:00
2018-04-18,53.86000061035156,54.59000015258789,53.31999969482422,53.33000183105469,43.168025970458984,2294500,TPR,yfinance,2026-02-10T05:10:38.179198+00:00
2018-04-19,53.31999969482422,53.95000076293945,52.90999984741211,53.290000915527344,43.13564682006836,1445400,TPR,yfinance,2026-02-10T05:10:38.179198+00:00
2018-04-20,53.36000061035156,53.52000045776367,52.61000061035156,53.029998779296875,42.92518615722656,2399600,TPR,yfinance,2026-02-10T05:10:38.179198+00:00
2018-04-23,53.27000045776367,53.88999938964844,52.9900016784668,53.560001373291016,43.35419464111328,2110600,TPR,yfinance,2026-02-10T05:10:38.179198+00:00
2018-04-24,53.7400016784668,53.900001525878906,52.7599983215332,53.15999984741211,43.030426025390625,2272500,TPR,yfinance,2026-02-10T05:10:38.179198+00:00
2018-04-25,53.130001068115234,53.75,52.939998626708984,53.439998626708984,43.25706100463867,2103600,TPR,yfinance,2026-02-10T05:10:38.179198+00:00
2018-04-26,53.45000076293945,54.83000183105469,53.16999816894531,54.61000061035156,44.204124450683594,2277400,TPR,yfinance,2026-02-10T05:10:38.179198+00:00
2018-04-27,54.61000061035156,55.5,54.40999984741211,54.63999938964844,44.22841262817383,3208900,TPR,yfinance,2026-02-10T05:10:38.179198+00:00
2018-04-30,54.970001220703125,55.11000061035156,53.5099983215332,53.77000045776367,43.52418899536133,4322500,TPR,yfinance,2026-02-10T05:10:38.179198+00:00
2018-05-01,46.869998931884766,48.599998474121094,46.0,47.459999084472656,38.41655731201172,18178700,TPR,yfinance,2026-02-10T05:10:38.179198+00:00
2018-05-02,47.0,47.54999923706055,46.36000061035156,46.369998931884766,37.534244537353516,6339400,TPR,yfinance,2026-02-10T05:10:38.179198+00:00
2018-05-03,46.16999816894531,46.47999954223633,45.599998474121094,46.09000015258789,37.30760192871094,4799100,TPR,yfinance,2026-02-10T05:10:38.179198+00:00
2018-05-04,45.75,46.41999816894531,45.619998931884766,46.15999984741211,37.364261627197266,2712700,TPR,yfinance,2026-02-10T05:10:38.179198+00:00
2018-05-07,46.130001068115234,46.33000183105469,45.27000045776367,45.40999984741211,36.757171630859375,2888800,TPR,yfinance,2026-02-10T05:10:38.179198+00:00
2018-05-08,45.41999816894531,45.68000030517578,45.279998779296875,45.540000915527344,36.862396240234375,2844500,TPR,yfinance,2026-02-10T05:10:38.179198+00:00
2018-05-09,45.45000076293945,45.75,45.220001220703125,45.400001525878906,36.749080657958984,1724500,TPR,yfinance,2026-02-10T05:10:38.179198+00:00
2018-05-10,46.45000076293945,46.77000045776367,45.470001220703125,45.95000076293945,37.194271087646484,4199400,TPR,yfinance,2026-02-10T05:10:38.179198+00:00
2018-05-11,45.84000015258789,46.13999938964844,45.47999954223633,46.040000915527344,37.26713180541992,2517700,TPR,yfinance,2026-02-10T05:10:38.179198+00:00
2018-05-14,46.040000915527344,46.130001068115234,45.560001373291016,45.70000076293945,36.99190902709961,3536300,TPR,yfinance,2026-02-10T05:10:38.179198+00:00
2018-05-15,45.54999923706055,45.810001373291016,45.02000045776367,45.2400016784668,36.619564056396484,3872900,TPR,yfinance,2026-02-10T05:10:38.179198+00:00
2018-05-16,45.470001220703125,45.529998779296875,43.95000076293945,44.34000015258789,35.89105987548828,8136300,TPR,yfinance,2026-02-10T05:10:38.179198+00:00
2018-05-17,44.34000015258789,44.91999816894531,43.95000076293945,44.41999816894531,35.95581817626953,3319800,TPR,yfinance,2026-02-10T05:10:38.179198+00:00
2018-05-18,44.400001525878906,44.75,43.70000076293945,44.47999954223633,36.00438690185547,6893600,TPR,yfinance,2026-02-10T05:10:38.179198+00:00
2018-05-21,44.880001068115234,45.22999954223633,44.439998626708984,44.9900016784668,36.41720199584961,3637600,TPR,yfinance,2026-02-10T05:10:38.179198+00:00
2018-05-22,45.040000915527344,45.2400016784668,43.83000183105469,43.93000030517578,35.55917739868164,3639800,TPR,yfinance,2026-02-10T05:10:38.179198+00:00
2018-05-23,43.900001525878906,44.869998931884766,43.900001525878906,44.61000061035156,36.10961151123047,3468500,TPR,yfinance,2026-02-10T05:10:38.179198+00:00
2018-05-24,44.36000061035156,44.77000045776367,44.290000915527344,44.56999969482422,36.07723617553711,2627400,TPR,yfinance,2026-02-10T05:10:38.179198+00:00
2018-05-25,44.599998474121094,44.86000061035156,44.20000076293945,44.290000915527344,35.85059356689453,2190700,TPR,yfinance,2026-02-10T05:10:38.179198+00:00
2018-05-29,43.91999816894531,44.29999923706055,43.540000915527344,43.790000915527344,35.44586944580078,2717300,TPR,yfinance,2026-02-10T05:10:38.179198+00:00
2018-05-30,43.81999969482422,44.2400016784668,43.63999938964844,43.959999084472656,35.58346939086914,3391700,TPR,yfinance,2026-02-10T05:10:38.179198+00:00
2018-05-31,44.18000030517578,44.209999084472656,43.599998474121094,43.720001220703125,35.38920211791992,6634900,TPR,yfinance,2026-02-10T05:10:38.179198+00:00
2018-06-01,44.06999969482422,44.61000061035156,43.86000061035156,44.5,36.020572662353516,2542700,TPR,yfinance,2026-02-10T05:10:38.179198+00:00
2018-06-04,44.70000076293945,45.20000076293945,44.400001525878906,45.150001525878906,36.54671859741211,2736900,TPR,yfinance,2026-02-10T05:10:38.179198+00:00
2018-06-05,45.040000915527344,45.2400016784668,43.86000061035156,44.7599983215332,36.23102569580078,6808800,TPR,yfinance,2026-02-10T05:10:38.179198+00:00
2018-06-06,44.939998626708984,46.310001373291016,44.86000061035156,45.7400016784668,37.024295806884766,4560600,TPR,yfinance,2026-02-10T05:10:38.179198+00:00
2018-06-07,45.58000183105469,45.959999084472656,45.25,45.83000183105469,37.37332534790039,3459900,TPR,yfinance,2026-02-10T05:10:38.179198+00:00
2018-06-08,45.77000045776367,46.29999923706055,45.54999923706055,46.2400016784668,37.70766830444336,3654300,TPR,yfinance,2026-02-10T05:10:38.179198+00:00
2018-06-11,46.25,46.45000076293945,45.95000076293945,46.310001373291016,37.764747619628906,2755100,TPR,yfinance,2026-02-10T05:10:38.179198+00:00
2018-06-12,46.290000915527344,46.630001068115234,45.7599983215332,45.81999969482422,37.36515808105469,2512200,TPR,yfinance,2026-02-10T05:10:38.179198+00:00
2018-06-13,46.06999969482422,46.06999969482422,45.31999969482422,45.470001220703125,37.07975387573242,2396900,TPR,yfinance,2026-02-10T05:10:38.179198+00:00
2018-06-14,45.540000915527344,46.310001373291016,45.43000030517578,45.529998779296875,37.1286735534668,2700500,TPR,yfinance,2026-02-10T05:10:38.179198+00:00
2018-06-15,45.15999984741211,46.459999084472656,45.09000015258789,46.40999984741211,37.84628677368164,4754300,TPR,yfinance,2026-02-10T05:10:38.179198+00:00
2018-06-18,46.20000076293945,46.970001220703125,46.20000076293945,46.93000030517578,38.270347595214844,6670000,TPR,yfinance,2026-02-10T05:10:38.179198+00:00
2018-06-19,46.40999984741211,47.099998474121094,46.02000045776367,46.880001068115234,38.22956466674805,3052600,TPR,yfinance,2026-02-10T05:10:38.179198+00:00
2018-06-20,46.7599983215332,47.11000061035156,46.38999938964844,47.040000915527344,38.360042572021484,1914500,TPR,yfinance,2026-02-10T05:10:38.179198+00:00
2018-06-21,47.59000015258789,48.43000030517578,47.45000076293945,48.040000915527344,39.175514221191406,2844800,TPR,yfinance,2026-02-10T05:10:38.179198+00:00
2018-06-22,48.29999923706055,48.33000183105469,47.06999969482422,47.27000045776367,38.547607421875,2524600,TPR,yfinance,2026-02-10T05:10:38.179198+00:00
2018-06-25,47.70000076293945,48.2400016784668,46.720001220703125,47.060001373291016,38.3763542175293,2410200,TPR,yfinance,2026-02-10T05:10:38.179198+00:00
2018-06-26,47.150001525878906,47.439998626708984,46.939998626708984,47.13999938964844,38.441585540771484,2590500,TPR,yfinance,2026-02-10T05:10:38.179198+00:00
2018-06-27,47.220001220703125,47.41999816894531,46.11000061035156,46.220001220703125,37.69135284423828,1915200,TPR,yfinance,2026-02-10T05:10:38.179198+00:00
2018-06-28,46.099998474121094,47.119998931884766,46.04999923706055,46.81999969482422,38.18063735961914,2539100,TPR,yfinance,2026-02-10T05:10:38.179198+00:00
2018-06-29,47.189998626708984,47.529998779296875,46.650001525878906,46.709999084472656,38.0909309387207,2245900,TPR,yfinance,2026-02-10T05:10:38.179198+00:00
2018-07-02,46.02000045776367,46.38999938964844,45.560001373291016,46.369998931884766,37.81367492675781,2148500,TPR,yfinance,2026-02-10T05:10:38.179198+00:00
2018-07-03,46.61000061035156,46.91999816894531,46.220001220703125,46.45000076293945,37.878902435302734,919900,TPR,yfinance,2026-02-10T05:10:38.179198+00:00
2018-07-05,46.619998931884766,46.689998626708984,45.93000030517578,46.2599983215332,37.72395324707031,2063800,TPR,yfinance,2026-02-10T05:10:38.179198+00:00
2018-07-06,46.5099983215332,47.029998779296875,46.38999938964844,46.79999923706055,38.16433334350586,1537200,TPR,yfinance,2026-02-10T05:10:38.179198+00:00
2018-07-09,46.619998931884766,46.79999923706055,45.72999954223633,46.40999984741211,37.84628677368164,2423100,TPR,yfinance,2026-02-10T05:10:38.179198+00:00
2018-07-10,46.45000076293945,46.560001373291016,45.95000076293945,46.5,37.91969299316406,1888400,TPR,yfinance,2026-02-10T05:10:38.179198+00:00
2018-07-11,45.709999084472656,45.959999084472656,44.16999816894531,45.5,37.104209899902344,3913100,TPR,yfinance,2026-02-10T05:10:38.179198+00:00
2018-07-12,45.709999084472656,45.81999969482422,45.18000030517578,45.630001068115234,37.21022033691406,1630900,TPR,yfinance,2026-02-10T05:10:38.179198+00:00
2018-07-13,45.650001525878906,46.869998931884766,45.540000915527344,46.529998779296875,37.94415283203125,1921800,TPR,yfinance,2026-02-10T05:10:38.179198+00:00
2018-07-16,46.439998626708984,47.09000015258789,46.16999816894531,47.029998779296875,38.35189437866211,1569600,TPR,yfinance,2026-02-10T05:10:38.179198+00:00
2018-07-17,47.029998779296875,47.709999084472656,46.9900016784668,47.38999938964844,38.64545822143555,1957600,TPR,yfinance,2026-02-10T05:10:38.179198+00:00
2018-07-18,46.97999954223633,47.68000030517578,46.97999954223633,47.29999923706055,38.57207107543945,2153500,TPR,yfinance,2026-02-10T05:10:38.179198+00:00
2018-07-19,47.290000915527344,48.16999816894531,47.040000915527344,48.02000045776367,39.159210205078125,2401300,TPR,yfinance,2026-02-10T05:10:38.179198+00:00
2018-07-20,47.9900016784668,48.7599983215332,47.5,48.31999969482422,39.40385437011719,1665700,TPR,yfinance,2026-02-10T05:10:38.179198+00:00
2018-07-23,48.31999969482422,48.40999984741211,47.939998626708984,48.2400016784668,39.33861541748047,1820900,TPR,yfinance,2026-02-10T05:10:38.179198+00:00
2018-07-24,48.459999084472656,48.72999954223633,47.93000030517578,47.970001220703125,39.118438720703125,1664300,TPR,yfinance,2026-02-10T05:10:38.179198+00:00
2018-07-25,47.900001525878906,48.130001068115234,47.63999938964844,48.04999923706055,39.18367385864258,1867300,TPR,yfinance,2026-02-10T05:10:38.179198+00:00
2018-07-26,48.04999923706055,48.43000030517578,47.66999816894531,47.9900016784668,39.13474655151367,2323900,TPR,yfinance,2026-02-10T05:10:38.179198+00:00
2018-07-27,48.0,48.060001373291016,47.36000061035156,47.56999969482422,38.79225158691406,1653700,TPR,yfinance,2026-02-10T05:10:38.179198+00:00
2018-07-30,47.470001220703125,47.79999923706055,47.380001068115234,47.529998779296875,38.75962829589844,1390900,TPR,yfinance,2026-02-10T05:10:38.179198+00:00
2018-07-31,47.529998779296875,47.70000076293945,46.29999923706055,47.119998931884766,38.42527770996094,2400900,TPR,yfinance,2026-02-10T05:10:38.179198+00:00
2018-08-01,46.63999938964844,47.52000045776367,46.369998931884766,46.470001220703125,37.895225524902344,2662800,TPR,yfinance,2026-02-10T05:10:38.179198+00:00
2018-08-02,45.83000183105469,46.63999938964844,45.310001373291016,46.529998779296875,37.94415283203125,4987400,TPR,yfinance,2026-02-10T05:10:38.179198+00:00
2018-08-03,46.5,47.150001525878906,46.29999923706055,46.529998779296875,37.94415283203125,6105000,TPR,yfinance,2026-02-10T05:10:38.179198+00:00
2018-08-06,46.439998626708984,46.81999969482422,45.27000045776367,45.40999984741211,37.03081130981445,3802800,TPR,yfinance,2026-02-10T05:10:38.179198+00:00
2018-08-07,45.5,46.0099983215332,44.72999954223633,45.7599983215332,37.316226959228516,6391300,TPR,yfinance,2026-02-10T05:10:38.179198+00:00
2018-08-08,45.9900016784668,47.209999084472656,45.79999923706055,47.04999923706055,38.36819839477539,4420200,TPR,yfinance,2026-02-10T05:10:38.179198+00:00
2018-08-09,47.08000183105469,47.75,46.939998626708984,47.540000915527344,38.767784118652344,2994100,TPR,yfinance,2026-02-10T05:10:38.179198+00:00
2018-08-10,47.310001373291016,48.060001373291016,47.13999938964844,47.93000030517578,39.08580780029297,2923400,TPR,yfinance,2026-02-10T05:10:38.179198+00:00
2018-08-13,47.9900016784668,48.47999954223633,46.72999954223633,47.459999084472656,38.70254135131836,6686700,TPR,yfinance,2026-02-10T05:10:38.179198+00:00
2018-08-14,50.849998474121094,54.349998474121094,50.599998474121094,53.15999984741211,43.350765228271484,13722100,TPR,yfinance,2026-02-10T05:10:38.179198+00:00
2018-08-15,52.43000030517578,52.83000183105469,51.5099983215332,52.06999969482422,42.46189880371094,4483500,TPR,yfinance,2026-02-10T05:10:38.179198+00:00
2018-08-16,51.75,51.9900016784668,50.790000915527344,51.380001068115234,41.89921569824219,3732600,TPR,yfinance,2026-02-10T05:10:38.179198+00:00
2018-08-17,51.47999954223633,52.0099983215332,51.279998779296875,51.40999984741211,41.92367172241211,3006400,TPR,yfinance,2026-02-10T05:10:38.179198+00:00
2018-08-20,51.79999923706055,52.369998931884766,51.59000015258789,52.189998626708984,42.559749603271484,2710000,TPR,yfinance,2026-02-10T05:10:38.179198+00:00
2018-08-21,52.09000015258789,52.4900016784668,51.43000030517578,52.029998779296875,42.42927169799805,2726000,TPR,yfinance,2026-02-10T05:10:38.179198+00:00
2018-08-22,51.81999969482422,52.349998474121094,51.59000015258789,51.650001525878906,42.1193962097168,1924200,TPR,yfinance,2026-02-10T05:10:38.179198+00:00
2018-08-23,51.689998626708984,52.02000045776367,51.29999923706055,51.38999938964844,41.90736770629883,2818900,TPR,yfinance,2026-02-10T05:10:38.179198+00:00
2018-08-24,51.349998474121094,51.43000030517578,50.810001373291016,51.029998779296875,41.613792419433594,2332100,TPR,yfinance,2026-02-10T05:10:38.179198+00:00
2018-08-27,51.209999084472656,51.470001220703125,50.56999969482422,50.7400016784668,41.377315521240234,1572700,TPR,yfinance,2026-02-10T05:10:38.179198+00:00
2018-08-28,50.63999938964844,51.439998626708984,50.54999923706055,51.36000061035156,41.882911682128906,2507400,TPR,yfinance,2026-02-10T05:10:38.179198+00:00
2018-08-29,51.209999084472656,51.5,50.72999954223633,51.31999969482422,41.85028076171875,1964400,TPR,yfinance,2026-02-10T05:10:38.179198+00:00
2018-08-30,51.119998931884766,51.349998474121094,50.459999084472656,50.61000061035156,41.27128982543945,2062100,TPR,yfinance,2026-02-10T05:10:38.179198+00:00
2018-08-31,50.709999084472656,50.810001373291016,50.34000015258789,50.689998626708984,41.33653259277344,1902900,TPR,yfinance,2026-02-10T05:10:38.179198+00:00
2018-09-04,50.380001068115234,51.0,50.25,50.86000061035156,41.475162506103516,2086300,TPR,yfinance,2026-02-10T05:10:38.179198+00:00
2018-09-05,50.619998931884766,51.0,49.93000030517578,50.43000030517578,41.124507904052734,3741200,TPR,yfinance,2026-02-10T05:10:38.179198+00:00
2018-09-06,50.47999954223633,51.13999938964844,49.959999084472656,49.959999084472656,41.016143798828125,3611400,TPR,yfinance,2026-02-10T05:10:38.179198+00:00
2018-09-07,49.650001525878906,50.119998931884766,49.02000045776367,49.18000030517578,40.37578582763672,3002900,TPR,yfinance,2026-02-10T05:10:38.179198+00:00
2018-09-10,49.29999923706055,49.97999954223633,49.20000076293945,49.75,40.84373474121094,4556700,TPR,yfinance,2026-02-10T05:10:38.179198+00:00
2018-09-11,49.81999969482422,50.459999084472656,49.599998474121094,50.119998931884766,41.14750289916992,1902800,TPR,yfinance,2026-02-10T05:10:38.179198+00:00
2018-09-12,50.2400016784668,50.650001525878906,49.810001373291016,50.529998779296875,41.48408508300781,2330500,TPR,yfinance,2026-02-10T05:10:38.179198+00:00
2018-09-13,50.34000015258789,50.90999984741211,49.81999969482422,49.959999084472656,41.016143798828125,1823300,TPR,yfinance,2026-02-10T05:10:38.179198+00:00
2018-09-14,50.11000061035156,50.40999984741211,49.68000030517578,49.939998626708984,40.99971389770508,2023500,TPR,yfinance,2026-02-10T05:10:38.179198+00:00
2018-09-17,50.29999923706055,50.720001220703125,50.119998931884766,50.5099983215332,41.467681884765625,2784400,TPR,yfinance,2026-02-10T05:10:38.179198+00:00
2018-09-18,50.380001068115234,51.02000045776367,50.290000915527344,50.81999969482422,41.72218322753906,1552200,TPR,yfinance,2026-02-10T05:10:38.179198+00:00
2018-09-19,50.7400016784668,50.849998474121094,50.40999984741211,50.43000030517578,41.402000427246094,1584700,TPR,yfinance,2026-02-10T05:10:38.179198+00:00
2018-09-20,50.65999984741211,50.7400016784668,50.060001373291016,50.34000015258789,41.3281135559082,2159600,TPR,yfinance,2026-02-10T05:10:38.179198+00:00
2018-09-21,50.31999969482422,50.75,50.099998474121094,50.20000076293945,41.21318054199219,3995500,TPR,yfinance,2026-02-10T05:10:38.179198+00:00
2018-09-24,50.15999984741211,50.209999084472656,49.209999084472656,49.33000183105469,40.49892807006836,2596600,TPR,yfinance,2026-02-10T05:10:38.179198+00:00
2018-09-25,49.54999923706055,49.54999923706055,49.20000076293945,49.25,40.43325424194336,1986800,TPR,yfinance,2026-02-10T05:10:38.179198+00:00
2018-09-26,49.279998779296875,50.060001373291016,49.11000061035156,49.689998626708984,40.79448318481445,1802900,TPR,yfinance,2026-02-10T05:10:38.179198+00:00
2018-09-27,49.689998626708984,50.40999984741211,49.060001373291016,50.13999938964844,41.163917541503906,2482300,TPR,yfinance,2026-02-10T05:10:38.179198+00:00
2018-09-28,50.040000915527344,50.75,49.880001068115234,50.27000045776367,41.2706413269043,2004100,TPR,yfinance,2026-02-10T05:10:38.179198+00:00
2018-10-01,50.63999938964844,50.970001220703125,50.2599983215332,50.34000015258789,41.3281135559082,2513600,TPR,yfinance,2026-02-10T05:10:38.179198+00:00
2018-10-02,51.040000915527344,51.290000915527344,49.83000183105469,49.83000183105469,40.909420013427734,2728400,TPR,yfinance,2026-02-10T05:10:38.179198+00:00
2018-10-03,49.90999984741211,50.38999938964844,49.720001220703125,50.13999938964844,41.163917541503906,2110600,TPR,yfinance,2026-02-10T05:10:38.179198+00:00
2018-10-04,49.880001068115234,49.9900016784668,48.349998474121094,48.43000030517578,39.760040283203125,3475500,TPR,yfinance,2026-02-10T05:10:38.179198+00:00
2018-10-05,48.4900016784668,48.63999938964844,47.56999969482422,47.959999084472656,39.37417984008789,2764000,TPR,yfinance,2026-02-10T05:10:38.179198+00:00
2018-10-08,47.72999954223633,48.34000015258789,47.599998474121094,48.2599983215332,39.6204719543457,1754800,TPR,yfinance,2026-02-10T05:10:38.179198+00:00
2018-10-09,48.29999923706055,48.689998626708984,47.65999984741211,47.779998779296875,39.226402282714844,2293900,TPR,yfinance,2026-02-10T05:10:38.179198+00:00
2018-10-10,46.779998779296875,47.25,43.70000076293945,43.77000045776367,35.93427658081055,6411000,TPR,yfinance,2026-02-10T05:10:38.179198+00:00
2018-10-11,43.68000030517578,44.22999954223633,42.5099983215332,42.68000030517578,35.03940963745117,5931700,TPR,yfinance,2026-02-10T05:10:38.179198+00:00
2018-10-12,43.81999969482422,43.959999084472656,43.25,43.81999969482422,35.97533416748047,3958500,TPR,yfinance,2026-02-10T05:10:38.179198+00:00
2018-10-15,43.2400016784668,43.380001068115234,42.779998779296875,43.060001373291016,35.351383209228516,3978700,TPR,yfinance,2026-02-10T05:10:38.179198+00:00
2018-10-16,44.29999923706055,44.79999923706055,43.5099983215332,44.470001220703125,36.50897216796875,3844100,TPR,yfinance,2026-02-10T05:10:38.179198+00:00
2018-10-17,44.34000015258789,44.88999938964844,43.630001068115234,43.9900016784668,36.11489486694336,2979900,TPR,yfinance,2026-02-10T05:10:38.179198+00:00
2018-10-18,44.0099983215332,44.220001220703125,43.150001525878906,43.439998626708984,35.663352966308594,3089200,TPR,yfinance,2026-02-10T05:10:38.179198+00:00
2018-10-19,43.380001068115234,43.540000915527344,42.38999938964844,42.5099983215332,34.89984130859375,2646200,TPR,yfinance,2026-02-10T05:10:38.179198+00:00
2018-10-22,42.849998474121094,43.06999969482422,42.459999084472656,42.619998931884766,34.99014663696289,2341000,TPR,yfinance,2026-02-10T05:10:38.179198+00:00
2018-10-23,41.77000045776367,42.560001373291016,41.0099983215332,42.439998626708984,34.842369079589844,4158400,TPR,yfinance,2026-02-10T05:10:38.179198+00:00
2018-10-24,42.709999084472656,43.43000030517578,41.650001525878906,41.70000076293945,34.23485565185547,4574800,TPR,yfinance,2026-02-10T05:10:38.179198+00:00
2018-10-25,41.689998626708984,41.91999816894531,41.27000045776367,41.52000045776367,34.087074279785156,3986100,TPR,yfinance,2026-02-10T05:10:38.179198+00:00
2018-10-26,41.029998779296875,41.95000076293945,40.599998474121094,41.2400016784668,33.857200622558594,3817000,TPR,yfinance,2026-02-10T05:10:38.179198+00:00
2018-10-29,42.02000045776367,42.38999938964844,40.27000045776367,40.79999923706055,33.495967864990234,6034600,TPR,yfinance,2026-02-10T05:10:38.179198+00:00
2018-10-30,43.0,43.0,39.279998779296875,40.31999969482422,33.10189437866211,6250900,TPR,yfinance,2026-02-10T05:10:38.179198+00:00
2018-10-31,40.939998626708984,43.380001068115234,40.900001525878906,42.310001373291016,34.735652923583984,6046300,TPR,yfinance,2026-02-10T05:10:38.179198+00:00
2018-11-01,42.310001373291016,43.060001373291016,41.68000030517578,42.939998626708984,35.252864837646484,4370200,TPR,yfinance,2026-02-10T05:10:38.179198+00:00
2018-11-02,43.41999816894531,43.709999084472656,41.84000015258789,42.810001373291016,35.14613342285156,5162300,TPR,yfinance,2026-02-10T05:10:38.179198+00:00
2018-11-05,42.849998474121094,43.08000183105469,42.0099983215332,42.75,35.09687805175781,3388300,TPR,yfinance,2026-02-10T05:10:38.179198+00:00
2018-11-06,42.2400016784668,42.5,41.70000076293945,42.45000076293945,34.850589752197266,2727000,TPR,yfinance,2026-02-10T05:10:38.179198+00:00
2018-11-07,42.25,42.5,41.7400016784668,42.43000030517578,34.83417892456055,3300200,TPR,yfinance,2026-02-10T05:10:38.179198+00:00
2018-11-08,42.369998931884766,43.36000061035156,42.209999084472656,43.029998779296875,35.326751708984375,2714900,TPR,yfinance,2026-02-10T05:10:38.179198+00:00
2018-11-09,42.75,42.75,41.75,42.0,34.48114776611328,3247200,TPR,yfinance,2026-02-10T05:10:38.179198+00:00
2018-11-12,42.20000076293945,42.369998931884766,41.189998626708984,41.27000045776367,33.881832122802734,3133000,TPR,yfinance,2026-02-10T05:10:38.179198+00:00
2018-11-13,41.27000045776367,41.79999923706055,40.959999084472656,41.099998474121094,33.74225616455078,3088700,TPR,yfinance,2026-02-10T05:10:38.179198+00:00
2018-11-14,42.0099983215332,42.43000030517578,40.880001068115234,41.09000015258789,33.73405075073242,2598400,TPR,yfinance,2026-02-10T05:10:38.179198+00:00
2018-11-15,40.56999969482422,41.54999923706055,40.15999984741211,41.0099983215332,33.66836929321289,3593300,TPR,yfinance,2026-02-10T05:10:38.179198+00:00
2018-11-16,40.790000915527344,40.790000915527344,40.209999084472656,40.630001068115234,33.35639190673828,4152500,TPR,yfinance,2026-02-10T05:10:38.179198+00:00
2018-11-19,40.720001220703125,40.810001373291016,38.970001220703125,39.13999938964844,32.13314437866211,3617000,TPR,yfinance,2026-02-10T05:10:38.179198+00:00
2018-11-20,38.5,38.90999984741211,37.93000030517578,38.06999969482422,31.25469398498535,4209600,TPR,yfinance,2026-02-10T05:10:38.179198+00:00
2018-11-21,38.290000915527344,38.540000915527344,37.68000030517578,37.869998931884766,31.09049415588379,5363000,TPR,yfinance,2026-02-10T05:10:38.179198+00:00
2018-11-23,37.650001525878906,38.040000915527344,37.650001525878906,37.66999816894531,30.92630386352539,2714100,TPR,yfinance,2026-02-10T05:10:38.179198+00:00
2018-11-26,37.900001525878906,38.7599983215332,37.900001525878906,38.72999954223633,31.796531677246094,6282100,TPR,yfinance,2026-02-10T05:10:38.179198+00:00
2018-11-27,38.54999923706055,38.689998626708984,36.720001220703125,37.34000015258789,30.655376434326172,4598300,TPR,yfinance,2026-02-10T05:10:38.179198+00:00
2018-11-28,37.529998779296875,38.540000915527344,37.150001525878906,38.5,31.60771942138672,3769700,TPR,yfinance,2026-02-10T05:10:38.179198+00:00
2018-11-29,38.2400016784668,38.459999084472656,37.66999816894531,38.0099983215332,31.20543670654297,3212500,TPR,yfinance,2026-02-10T05:10:38.179198+00:00
2018-11-30,38.040000915527344,38.93000030517578,38.0099983215332,38.93000030517578,31.96074104309082,6000800,TPR,yfinance,2026-02-10T05:10:38.179198+00:00
2018-12-03,39.81999969482422,41.060001373291016,39.4900016784668,39.540000915527344,32.46153259277344,5358100,TPR,yfinance,2026-02-10T05:10:38.179198+00:00
2018-12-04,39.529998779296875,39.70000076293945,37.91999816894531,38.220001220703125,31.377845764160156,4152600,TPR,yfinance,2026-02-10T05:10:38.179198+00:00
2018-12-06,37.36000061035156,37.63999938964844,36.72999954223633,37.58000183105469,31.1276912689209,4050000,TPR,yfinance,2026-02-10T05:10:38.179198+00:00
2018-12-07,37.5,37.86000061035156,35.15999984741211,35.34000015258789,29.272289276123047,6222500,TPR,yfinance,2026-02-10T05:10:38.179198+00:00
2018-12-10,35.36000061035156,35.91999816894531,34.939998626708984,35.84000015258789,29.686443328857422,6559600,TPR,yfinance,2026-02-10T05:10:38.179198+00:00
2018-12-11,36.349998474121094,36.41999816894531,34.689998626708984,34.959999084472656,28.957534790039062,4026900,TPR,yfinance,2026-02-10T05:10:38.179198+00:00
2018-12-12,35.79999923706055,36.4900016784668,35.43000030517578,36.040000915527344,29.85210418701172,4512700,TPR,yfinance,2026-02-10T05:10:38.179198+00:00
2018-12-13,36.029998779296875,36.189998626708984,34.79999923706055,34.83000183105469,28.849851608276367,5668900,TPR,yfinance,2026-02-10T05:10:38.179198+00:00
2018-12-14,34.56999969482422,35.38999938964844,34.41999816894531,34.599998474121094,28.65933609008789,3556200,TPR,yfinance,2026-02-10T05:10:38.179198+00:00
2018-12-17,34.31999969482422,35.130001068115234,33.86000061035156,34.72999954223633,28.76702117919922,4218300,TPR,yfinance,2026-02-10T05:10:38.179198+00:00
2018-12-18,35.029998779296875,35.13999938964844,34.34000015258789,34.68000030517578,28.72560691833496,3543600,TPR,yfinance,2026-02-10T05:10:38.179198+00:00
2018-12-19,34.560001373291016,35.27000045776367,33.779998779296875,33.95000076293945,28.12094497680664,3497500,TPR,yfinance,2026-02-10T05:10:38.179198+00:00
2018-12-20,33.90999984741211,34.31999969482422,32.869998931884766,33.40999984741211,27.673660278320312,3536300,TPR,yfinance,2026-02-10T05:10:38.179198+00:00
2018-12-21,33.41999816894531,34.150001525878906,32.779998779296875,32.810001373291016,27.176681518554688,5765000,TPR,yfinance,2026-02-10T05:10:38.179198+00:00
2018-12-24,32.599998474121094,32.84000015258789,32.029998779296875,32.29999923706055,26.754241943359375,1463500,TPR,yfinance,2026-02-10T05:10:38.179198+00:00
2018-12-26,32.31999969482422,33.900001525878906,32.31999969482422,33.88999938964844,28.071243286132812,2703100,TPR,yfinance,2026-02-10T05:10:38.179198+00:00
2018-12-27,33.43000030517578,34.150001525878906,32.7599983215332,34.150001525878906,28.286609649658203,2912000,TPR,yfinance,2026-02-10T05:10:38.179198+00:00
2018-12-28,34.209999084472656,34.470001220703125,33.619998931884766,33.810001373291016,28.004981994628906,2373100,TPR,yfinance,2026-02-10T05:10:38.179198+00:00
2018-12-31,33.86000061035156,34.09000015258789,33.31999969482422,33.75,27.95528221130371,2650600,TPR,yfinance,2026-02-10T05:10:38.179198+00:00
2019-01-02,33.220001220703125,34.58000183105469,32.72999954223633,34.40999984741211,28.501968383789062,3352400,TPR,yfinance,2026-02-10T05:10:38.179198+00:00
2019-01-03,34.06999969482422,34.11000061035156,32.779998779296875,33.02000045776367,27.350624084472656,3419800,TPR,yfinance,2026-02-10T05:10:38.179198+00:00
2019-01-04,33.470001220703125,34.4900016784668,33.369998931884766,34.27000045776367,28.38600730895996,4259100,TPR,yfinance,2026-02-10T05:10:38.179198+00:00
2019-01-07,34.380001068115234,35.380001068115234,34.040000915527344,34.61000061035156,28.66762351989746,3025000,TPR,yfinance,2026-02-10T05:10:38.179198+00:00
2019-01-08,35.150001525878906,35.869998931884766,34.97999954223633,35.41999816894531,29.33855438232422,3614100,TPR,yfinance,2026-02-10T05:10:38.179198+00:00
2019-01-09,35.77000045776367,37.11000061035156,35.25,37.0,30.647274017333984,5831100,TPR,yfinance,2026-02-10T05:10:38.179198+00:00
2019-01-10,35.689998626708984,36.4900016784668,35.619998931884766,36.11000061035156,29.910091400146484,4433400,TPR,yfinance,2026-02-10T05:10:38.179198+00:00
2019-01-11,36.369998931884766,36.95000076293945,35.91999816894531,36.349998474121094,30.108875274658203,2428800,TPR,yfinance,2026-02-10T05:10:38.179198+00:00
2019-01-14,36.0099983215332,36.4900016784668,35.63999938964844,36.13999938964844,29.934934616088867,2914000,TPR,yfinance,2026-02-10T05:10:38.179198+00:00
2019-01-15,36.36000061035156,36.439998626708984,35.529998779296875,35.900001525878906,29.736141204833984,2532200,TPR,yfinance,2026-02-10T05:10:38.179198+00:00
2019-01-16,35.7599983215332,35.97999954223633,34.880001068115234,35.29999923706055,29.239158630371094,3314800,TPR,yfinance,2026-02-10T05:10:38.179198+00:00
2019-01-17,35.20000076293945,36.349998474121094,35.20000076293945,36.119998931884766,29.918363571166992,2800700,TPR,yfinance,2026-02-10T05:10:38.179198+00:00
2019-01-18,36.529998779296875,37.27000045776367,36.369998931884766,37.08000183105469,30.713544845581055,3154800,TPR,yfinance,2026-02-10T05:10:38.179198+00:00
2019-01-22,37.0,37.0,36.0099983215332,36.349998474121094,30.108875274658203,2520100,TPR,yfinance,2026-02-10T05:10:38.179198+00:00
2019-01-23,36.599998474121094,36.75,36.119998931884766,36.5099983215332,30.24140167236328,3010900,TPR,yfinance,2026-02-10T05:10:38.179198+00:00
2019-01-24,36.20000076293945,36.36000061035156,35.7400016784668,36.119998931884766,29.918363571166992,4143300,TPR,yfinance,2026-02-10T05:10:38.179198+00:00
2019-01-25,36.79999923706055,37.79999923706055,36.79999923706055,37.5,31.061426162719727,3536200,TPR,yfinance,2026-02-10T05:10:38.179198+00:00
2019-01-28,37.189998626708984,37.959999084472656,37.0099983215332,37.880001068115234,31.376184463500977,3056200,TPR,yfinance,2026-02-10T05:10:38.179198+00:00
2019-01-29,37.7599983215332,38.45000076293945,37.439998626708984,37.790000915527344,31.301651000976562,4155300,TPR,yfinance,2026-02-10T05:10:38.179198+00:00
2019-01-30,38.2599983215332,38.380001068115234,37.349998474121094,38.380001068115234,31.790334701538086,4212000,TPR,yfinance,2026-02-10T05:10:38.179198+00:00
2019-01-31,38.380001068115234,38.869998931884766,37.9900016784668,38.709999084472656,32.06367492675781,3912300,TPR,yfinance,2026-02-10T05:10:38.179198+00:00
2019-02-01,38.70000076293945,39.0,38.5099983215332,38.630001068115234,31.997407913208008,3583400,TPR,yfinance,2026-02-10T05:10:38.179198+00:00
2019-02-04,38.34000015258789,38.619998931884766,38.130001068115234,38.47999954223633,31.8731632232666,3184100,TPR,yfinance,2026-02-10T05:10:38.179198+00:00
2019-02-05,38.88999938964844,39.150001525878906,38.529998779296875,38.7400016784668,32.08852767944336,3116900,TPR,yfinance,2026-02-10T05:10:38.179198+00:00
2019-02-06,39.33000183105469,39.630001068115234,38.68000030517578,39.310001373291016,32.56066131591797,4566200,TPR,yfinance,2026-02-10T05:10:38.179198+00:00
2019-02-07,33.720001220703125,34.18000030517578,31.90999984741211,33.47999954223633,27.73163604736328,23453500,TPR,yfinance,2026-02-10T05:10:38.179198+00:00
2019-02-08,33.47999954223633,34.58000183105469,33.45000076293945,33.86000061035156,28.04640007019043,9726200,TPR,yfinance,2026-02-10T05:10:38.179198+00:00
2019-02-11,34.099998474121094,35.04999923706055,33.97999954223633,34.650001525878906,28.700754165649414,4569500,TPR,yfinance,2026-02-10T05:10:38.179198+00:00
2019-02-12,34.970001220703125,35.439998626708984,34.7400016784668,35.349998474121094,29.280569076538086,6239200,TPR,yfinance,2026-02-10T05:10:38.179198+00:00
2019-02-13,35.4900016784668,35.560001373291016,34.959999084472656,35.099998474121094,29.0734920501709,4891600,TPR,yfinance,2026-02-10T05:10:38.179198+00:00
2019-02-14,34.630001068115234,35.189998626708984,34.13999938964844,35.150001525878906,29.114912033081055,4712800,TPR,yfinance,2026-02-10T05:10:38.179198+00:00
2019-02-15,35.5,36.2400016784668,35.2599983215332,35.90999984741211,29.744422912597656,5092400,TPR,yfinance,2026-02-10T05:10:38.179198+00:00
2019-02-19,35.900001525878906,35.900001525878906,35.22999954223633,35.529998779296875,29.42966651916504,3278400,TPR,yfinance,2026-02-10T05:10:38.179198+00:00
2019-02-20,35.810001373291016,35.810001373291016,34.939998626708984,34.9900016784668,28.982378005981445,4463700,TPR,yfinance,2026-02-10T05:10:38.179198+00:00
2019-02-21,34.880001068115234,35.290000915527344,34.75,34.83000183105469,28.849851608276367,3839100,TPR,yfinance,2026-02-10T05:10:38.179198+00:00
2019-02-22,35.0099983215332,35.540000915527344,35.0,35.459999084472656,29.371686935424805,2457600,TPR,yfinance,2026-02-10T05:10:38.179198+00:00
2019-02-25,35.72999954223633,36.2599983215332,35.61000061035156,36.15999984741211,29.951499938964844,3767600,TPR,yfinance,2026-02-10T05:10:38.179198+00:00
2019-02-26,36.400001525878906,36.54999923706055,35.630001068115234,35.65999984741211,29.53734588623047,2786600,TPR,yfinance,2026-02-10T05:10:38.179198+00:00
2019-02-27,35.31999969482422,35.720001220703125,35.2400016784668,35.45000076293945,29.363399505615234,2063800,TPR,yfinance,2026-02-10T05:10:38.179198+00:00
2019-02-28,35.560001373291016,35.560001373291016,34.90999984741211,34.939998626708984,28.940969467163086,2929000,TPR,yfinance,2026-02-10T05:10:38.179198+00:00
2019-03-01,35.58000183105469,35.70000076293945,34.790000915527344,35.36000061035156,29.288856506347656,2748500,TPR,yfinance,2026-02-10T05:10:38.179198+00:00
2019-03-04,35.209999084472656,35.529998779296875,34.400001525878906,34.599998474121094,28.65933609008789,2947100,TPR,yfinance,2026-02-10T05:10:38.179198+00:00
2019-03-05,34.84000015258789,35.18000030517578,34.56999969482422,34.61000061035156,28.66762351989746,2872800,TPR,yfinance,2026-02-10T05:10:38.179198+00:00
2019-03-06,34.880001068115234,34.93000030517578,34.45000076293945,34.52000045776367,28.59308433532715,2322000,TPR,yfinance,2026-02-10T05:10:38.179198+00:00
2019-03-07,34.38999938964844,34.38999938964844,33.650001525878906,34.18000030517578,28.59140968322754,4275300,TPR,yfinance,2026-02-10T05:10:38.179198+00:00
2019-03-08,33.709999084472656,33.86000061035156,33.290000915527344,33.540000915527344,28.056049346923828,3279000,TPR,yfinance,2026-02-10T05:10:38.179198+00:00
2019-03-11,33.650001525878906,34.029998779296875,33.45000076293945,33.86000061035156,28.323734283447266,2910800,TPR,yfinance,2026-02-10T05:10:38.179198+00:00
2019-03-12,33.939998626708984,34.09000015258789,33.439998626708984,33.779998779296875,28.256803512573242,2244900,TPR,yfinance,2026-02-10T05:10:38.179198+00:00
2019-03-13,33.790000915527344,34.380001068115234,33.70000076293945,33.86000061035156,28.323734283447266,2569800,TPR,yfinance,2026-02-10T05:10:38.179198+00:00
2019-03-14,33.84000015258789,33.86000061035156,33.0,33.099998474121094,27.687992095947266,4871800,TPR,yfinance,2026-02-10T05:10:38.179198+00:00
2019-03-15,33.130001068115234,33.15999984741211,32.16999816894531,32.20000076293945,26.935152053833008,9722100,TPR,yfinance,2026-02-10T05:10:38.179198+00:00
2019-03-18,32.34000015258789,33.0,32.2599983215332,32.939998626708984,27.55415153503418,4258800,TPR,yfinance,2026-02-10T05:10:38.179198+00:00
2019-03-19,33.09000015258789,33.529998779296875,32.79999923706055,32.93000030517578,27.54578971862793,3494900,TPR,yfinance,2026-02-10T05:10:38.179198+00:00
2019-03-20,32.86000061035156,32.86000061035156,31.700000762939453,31.850000381469727,26.642377853393555,7136500,TPR,yfinance,2026-02-10T05:10:38.179198+00:00
2019-03-21,31.899999618530273,32.16999816894531,31.579999923706055,31.950000762939453,26.726028442382812,4624000,TPR,yfinance,2026-02-10T05:10:38.179198+00:00
2019-03-22,31.540000915527344,31.790000915527344,30.90999984741211,30.93000030517578,25.87279510498047,4594600,TPR,yfinance,2026-02-10T05:10:38.179198+00:00
2019-03-25,30.920000076293945,31.799999237060547,30.690000534057617,31.56999969482422,26.408151626586914,4300700,TPR,yfinance,2026-02-10T05:10:38.179198+00:00
2019-03-26,31.700000762939453,32.279998779296875,31.700000762939453,31.950000762939453,26.726028442382812,2889900,TPR,yfinance,2026-02-10T05:10:38.179198+00:00
2019-03-27,32.11000061035156,32.599998474121094,32.099998474121094,32.47999954223633,27.16936683654785,3430200,TPR,yfinance,2026-02-10T05:10:38.179198+00:00
2019-03-28,32.91999816894531,33.18000030517578,32.540000915527344,32.709999084472656,27.361759185791016,3961100,TPR,yfinance,2026-02-10T05:10:38.179198+00:00
2019-03-29,32.95000076293945,33.09000015258789,32.34000015258789,32.4900016784668,27.177732467651367,3836600,TPR,yfinance,2026-02-10T05:10:38.179198+00:00
2019-04-01,32.70000076293945,33.5099983215332,32.66999816894531,33.38999938964844,27.930580139160156,3684000,TPR,yfinance,2026-02-10T05:10:38.179198+00:00
2019-04-02,33.560001373291016,33.630001068115234,33.189998626708984,33.2400016784668,27.80510139465332,2810800,TPR,yfinance,2026-02-10T05:10:38.179198+00:00
2019-04-03,33.5099983215332,33.95000076293945,33.40999984741211,33.88999938964844,28.34881591796875,3666700,TPR,yfinance,2026-02-10T05:10:38.179198+00:00
2019-04-04,33.900001525878906,34.459999084472656,33.790000915527344,34.45000076293945,28.817258834838867,2308600,TPR,yfinance,2026-02-10T05:10:38.179198+00:00
2019-04-05,34.560001373291016,34.72999954223633,34.130001068115234,34.25,28.649959564208984,3067000,TPR,yfinance,2026-02-10T05:10:38.179198+00:00
2019-04-08,34.11000061035156,34.150001525878906,33.66999816894531,33.810001373291016,28.281906127929688,2725100,TPR,yfinance,2026-02-10T05:10:38.179198+00:00
2019-04-09,33.5099983215332,33.560001373291016,33.0,33.560001373291016,28.072786331176758,3787900,TPR,yfinance,2026-02-10T05:10:38.179198+00:00
2019-04-10,33.560001373291016,33.7599983215332,33.04999923706055,33.40999984741211,27.947301864624023,3682900,TPR,yfinance,2026-02-10T05:10:38.179198+00:00
2019-04-11,33.599998474121094,33.810001373291016,32.81999969482422,32.900001525878906,27.52069664001465,4033300,TPR,yfinance,2026-02-10T05:10:38.179198+00:00
2019-04-12,33.119998931884766,33.34000015258789,32.380001068115234,32.56999969482422,27.244653701782227,4185700,TPR,yfinance,2026-02-10T05:10:38.179198+00:00
2019-04-15,32.65999984741211,32.7599983215332,32.130001068115234,32.29999923706055,27.01879119873047,3388100,TPR,yfinance,2026-02-10T05:10:38.179198+00:00
2019-04-16,32.209999084472656,32.36000061035156,31.920000076293945,32.2599983215332,26.985336303710938,4098200,TPR,yfinance,2026-02-10T05:10:38.179198+00:00
2019-04-17,32.54999923706055,33.20000076293945,32.220001220703125,32.29999923706055,27.01879119873047,5136900,TPR,yfinance,2026-02-10T05:10:38.179198+00:00
2019-04-18,32.290000915527344,32.689998626708984,32.08000183105469,32.54999923706055,27.22791862487793,3087000,TPR,yfinance,2026-02-10T05:10:38.179198+00:00
2019-04-22,32.40999984741211,32.54999923706055,30.56999969482422,30.700000762939453,25.680410385131836,5799600,TPR,yfinance,2026-02-10T05:10:38.179198+00:00
2019-04-23,30.600000381469727,30.969999313354492,30.049999237060547,30.84000015258789,25.797513961791992,9500100,TPR,yfinance,2026-02-10T05:10:38.179198+00:00
2019-04-24,30.84000015258789,31.90999984741211,30.829999923706055,31.530000686645508,26.374692916870117,6854900,TPR,yfinance,2026-02-10T05:10:38.179198+00:00
2019-04-25,31.5,31.5,30.729999542236328,30.799999237060547,25.76405143737793,4741000,TPR,yfinance,2026-02-10T05:10:38.179198+00:00
2019-04-26,31.030000686645508,31.739999771118164,30.8700008392334,31.649999618530273,26.47507667541504,4016600,TPR,yfinance,2026-02-10T05:10:38.179198+00:00
2019-04-29,31.559999465942383,32.349998474121094,31.559999465942383,32.33000183105469,27.04388999938965,4843100,TPR,yfinance,2026-02-10T05:10:38.179198+00:00
2019-04-30,32.040000915527344,32.290000915527344,31.649999618530273,32.27000045776367,26.993703842163086,4366700,TPR,yfinance,2026-02-10T05:10:38.179198+00:00
2019-05-01,32.36000061035156,32.529998779296875,30.969999313354492,31.020000457763672,25.94808578491211,5217000,TPR,yfinance,2026-02-10T05:10:38.179198+00:00
2019-05-02,31.139999389648438,31.59000015258789,30.829999923706055,31.389999389648438,26.257585525512695,5692200,TPR,yfinance,2026-02-10T05:10:38.179198+00:00
2019-05-03,31.610000610351562,31.8799991607666,31.100000381469727,31.200000762939453,26.098651885986328,6443000,TPR,yfinance,2026-02-10T05:10:38.179198+00:00
2019-05-06,30.459999084472656,31.65999984741211,30.350000381469727,31.520000457763672,26.3663272857666,5566100,TPR,yfinance,2026-02-10T05:10:38.179198+00:00
2019-05-07,31.219999313354492,31.450000762939453,30.510000228881836,30.719999313354492,25.697132110595703,6211800,TPR,yfinance,2026-02-10T05:10:38.179198+00:00
2019-05-08,30.579999923706055,31.290000915527344,30.5,30.75,25.722230911254883,6156400,TPR,yfinance,2026-02-10T05:10:38.179198+00:00
2019-05-09,36.060001373291016,36.060001373291016,32.93000030517578,33.36000061035156,27.90548324584961,20422900,TPR,yfinance,2026-02-10T05:10:38.179198+00:00
2019-05-10,33.04999923706055,33.310001373291016,31.350000381469727,32.25,26.976974487304688,8356500,TPR,yfinance,2026-02-10T05:10:38.179198+00:00
2019-05-13,31.389999389648438,31.43000030517578,29.989999771118164,30.219999313354492,25.278881072998047,6769600,TPR,yfinance,2026-02-10T05:10:38.179198+00:00
2019-05-14,30.479999542236328,30.959999084472656,29.81999969482422,30.780000686645508,25.74732208251953,5466400,TPR,yfinance,2026-02-10T05:10:38.179198+00:00
2019-05-15,30.540000915527344,31.389999389648438,30.25,31.079999923706055,25.998271942138672,6206200,TPR,yfinance,2026-02-10T05:10:38.179198+00:00
2019-05-16,31.260000228881836,31.790000915527344,31.209999084472656,31.34000015258789,26.21575927734375,4150400,TPR,yfinance,2026-02-10T05:10:38.179198+00:00
2019-05-17,31.079999923706055,31.270000457763672,30.670000076293945,30.780000686645508,25.74732208251953,4654200,TPR,yfinance,2026-02-10T05:10:38.179198+00:00
2019-05-20,30.469999313354492,30.799999237060547,30.329999923706055,30.719999313354492,25.697132110595703,4181500,TPR,yfinance,2026-02-10T05:10:38.179198+00:00
2019-05-21,30.959999084472656,31.440000534057617,30.809999465942383,31.3799991607666,26.24921989440918,4239100,TPR,yfinance,2026-02-10T05:10:38.179198+00:00
2019-05-22,31.100000381469727,31.110000610351562,30.559999465942383,30.860000610351562,25.81424903869629,4009500,TPR,yfinance,2026-02-10T05:10:38.179198+00:00
2019-05-23,30.510000228881836,30.690000534057617,30.010000228881836,30.229999542236328,25.287250518798828,4253600,TPR,yfinance,2026-02-10T05:10:38.179198+00:00
2019-05-24,30.510000228881836,30.530000686645508,29.440000534057617,29.709999084472656,24.85227394104004,5984300,TPR,yfinance,2026-02-10T05:10:38.179198+00:00
2019-05-28,29.799999237060547,30.09000015258789,29.399999618530273,29.399999618530273,24.59295654296875,9148500,TPR,yfinance,2026-02-10T05:10:38.179198+00:00
2019-05-29,28.93000030517578,29.479999542236328,28.6299991607666,29.0,24.25836181640625,4587700,TPR,yfinance,2026-02-10T05:10:38.179198+00:00
2019-05-30,28.899999618530273,29.0,28.329999923706055,28.360000610351562,23.723007202148438,5787600,TPR,yfinance,2026-02-10T05:10:38.179198+00:00
2019-05-31,28.040000915527344,28.719999313354492,27.93000030517578,28.559999465942383,23.890302658081055,4355100,TPR,yfinance,2026-02-10T05:10:38.179198+00:00
2019-06-03,28.540000915527344,29.079999923706055,28.420000076293945,28.81999969482422,24.1077938079834,4469700,TPR,yfinance,2026-02-10T05:10:38.179198+00:00
2019-06-04,29.25,30.25,29.229999542236328,30.049999237060547,25.136682510375977,4840600,TPR,yfinance,2026-02-10T05:10:38.179198+00:00
2019-06-05,30.479999542236328,30.6200008392334,29.579999923706055,30.170000076293945,25.237058639526367,5328200,TPR,yfinance,2026-02-10T05:10:38.179198+00:00
2019-06-06,29.799999237060547,29.8700008392334,29.049999237060547,29.610000610351562,25.04925537109375,3323500,TPR,yfinance,2026-02-10T05:10:38.179198+00:00
2019-06-07,29.709999084472656,30.290000915527344,29.479999542236328,30.25,25.590675354003906,3215000,TPR,yfinance,2026-02-10T05:10:38.179198+00:00
2019-06-10,30.469999313354492,30.780000686645508,29.93000030517578,29.969999313354492,25.353803634643555,3625400,TPR,yfinance,2026-02-10T05:10:38.179198+00:00
2019-06-11,30.360000610351562,30.440000534057617,29.670000076293945,29.719999313354492,25.142311096191406,3752500,TPR,yfinance,2026-02-10T05:10:38.179198+00:00
2019-06-12,29.850000381469727,29.93000030517578,28.829999923706055,28.829999923706055,24.389392852783203,7146400,TPR,yfinance,2026-02-10T05:10:38.179198+00:00
2019-06-13,29.110000610351562,29.940000534057617,28.940000534057617,29.940000534057617,25.328428268432617,3019000,TPR,yfinance,2026-02-10T05:10:38.179198+00:00
2019-06-14,29.81999969482422,29.889999389648438,29.25,29.540000915527344,24.99003791809082,3581500,TPR,yfinance,2026-02-10T05:10:38.179198+00:00
2019-06-17,29.450000762939453,30.030000686645508,29.290000915527344,29.65999984741211,25.091552734375,2662700,TPR,yfinance,2026-02-10T05:10:38.179198+00:00
2019-06-18,29.899999618530273,30.920000076293945,29.899999618530273,30.309999465942383,25.641435623168945,4011300,TPR,yfinance,2026-02-10T05:10:38.179198+00:00
2019-06-19,30.299999237060547,30.600000381469727,30.030000686645508,30.479999542236328,25.78525161743164,3110700,TPR,yfinance,2026-02-10T05:10:38.179198+00:00
2019-06-20,30.790000915527344,30.899999618530273,30.43000030517578,30.8799991607666,26.123641967773438,3453000,TPR,yfinance,2026-02-10T05:10:38.179198+00:00
2019-06-21,30.950000762939453,31.350000381469727,30.59000015258789,31.329999923706055,26.50432014465332,5174700,TPR,yfinance,2026-02-10T05:10:38.179198+00:00
2019-06-24,31.18000030517578,31.6299991607666,30.969999313354492,31.399999618530273,26.563547134399414,4444900,TPR,yfinance,2026-02-10T05:10:38.179198+00:00
2019-06-25,31.139999389648438,31.190000534057617,30.110000610351562,30.200000762939453,25.548383712768555,6473400,TPR,yfinance,2026-02-10T05:10:38.179198+00:00
2019-06-26,30.350000381469727,31.040000915527344,30.350000381469727,30.780000686645508,26.039043426513672,3473400,TPR,yfinance,2026-02-10T05:10:38.179198+00:00
2019-06-27,31.329999923706055,31.700000762939453,30.739999771118164,31.040000915527344,26.258996963500977,4493000,TPR,yfinance,2026-02-10T05:10:38.179198+00:00
2019-06-28,31.350000381469727,31.799999237060547,30.940000534057617,31.729999542236328,26.842714309692383,5114000,TPR,yfinance,2026-02-10T05:10:38.179198+00:00
2019-07-01,32.290000915527344,32.439998626708984,31.170000076293945,31.299999237060547,26.47894859313965,4964800,TPR,yfinance,2026-02-10T05:10:38.179198+00:00
2019-07-02,31.34000015258789,31.360000610351562,30.209999084472656,30.34000015258789,25.66681671142578,3581500,TPR,yfinance,2026-02-10T05:10:38.179198+00:00
2019-07-03,30.559999465942383,30.639999389648438,29.979999542236328,30.3799991607666,25.700651168823242,1887300,TPR,yfinance,2026-02-10T05:10:38.179198+00:00
2019-07-05,30.229999542236328,30.3799991607666,29.8700008392334,30.239999771118164,25.582212448120117,3478400,TPR,yfinance,2026-02-10T05:10:38.179198+00:00
2019-07-08,30.229999542236328,30.399999618530273,29.93000030517578,30.260000228881836,25.599136352539062,4733500,TPR,yfinance,2026-02-10T05:10:38.179198+00:00
2019-07-09,30.049999237060547,30.049999237060547,29.510000228881836,29.639999389648438,25.074634552001953,4060900,TPR,yfinance,2026-02-10T05:10:38.179198+00:00
2019-07-10,29.65999984741211,29.780000686645508,28.739999771118164,28.860000610351562,24.414777755737305,4785400,TPR,yfinance,2026-02-10T05:10:38.179198+00:00
2019-07-11,29.0,29.81999969482422,28.8799991607666,29.719999313354492,25.142311096191406,3651500,TPR,yfinance,2026-02-10T05:10:38.179198+00:00
2019-07-12,29.899999618530273,30.670000076293945,29.809999465942383,30.34000015258789,25.66681671142578,2658900,TPR,yfinance,2026-02-10T05:10:38.179198+00:00
2019-07-15,30.3700008392334,30.790000915527344,30.3700008392334,30.75,26.013668060302734,2748400,TPR,yfinance,2026-02-10T05:10:38.179198+00:00
2019-07-16,30.790000915527344,31.34000015258789,30.690000534057617,31.200000762939453,26.394351959228516,3080900,TPR,yfinance,2026-02-10T05:10:38.179198+00:00
2019-07-17,31.020000457763672,31.020000457763672,30.200000762939453,30.270000457763672,25.60759162902832,2700700,TPR,yfinance,2026-02-10T05:10:38.179198+00:00
2019-07-18,30.239999771118164,30.549999237060547,30.0,30.399999618530273,25.717573165893555,2131200,TPR,yfinance,2026-02-10T05:10:38.179198+00:00
2019-07-19,30.56999969482422,30.799999237060547,30.280000686645508,30.299999237060547,25.632976531982422,2258500,TPR,yfinance,2026-02-10T05:10:38.179198+00:00
2019-07-22,30.399999618530273,30.579999923706055,29.270000457763672,29.389999389648438,24.863142013549805,3822300,TPR,yfinance,2026-02-10T05:10:38.179198+00:00
2019-07-23,29.600000381469727,30.1299991607666,29.489999771118164,30.040000915527344,25.413022994995117,3228700,TPR,yfinance,2026-02-10T05:10:38.179198+00:00
2019-07-24,30.280000686645508,30.850000381469727,30.049999237060547,30.799999237060547,26.05596160888672,3233000,TPR,yfinance,2026-02-10T05:10:38.179198+00:00
2019-07-25,30.59000015258789,30.969999313354492,30.559999465942383,30.81999969482422,26.07288360595703,3322400,TPR,yfinance,2026-02-10T05:10:38.179198+00:00
2019-07-26,30.940000534057617,30.940000534057617,30.299999237060547,30.6200008392334,25.903690338134766,2694800,TPR,yfinance,2026-02-10T05:10:38.179198+00:00
2019-07-29,30.450000762939453,30.700000762939453,29.940000534057617,30.610000610351562,25.895231246948242,3274600,TPR,yfinance,2026-02-10T05:10:38.179198+00:00
2019-07-30,30.510000228881836,30.780000686645508,29.809999465942383,30.65999984741211,25.937528610229492,2891800,TPR,yfinance,2026-02-10T05:10:38.179198+00:00
2019-07-31,30.530000686645508,31.049999237060547,30.170000076293945,30.93000030517578,26.165937423706055,5031700,TPR,yfinance,2026-02-10T05:10:38.179198+00:00
2019-08-01,30.8799991607666,30.950000762939453,29.059999465942383,29.270000457763672,24.761625289916992,4887100,TPR,yfinance,2026-02-10T05:10:38.179198+00:00
2019-08-02,29.229999542236328,29.959999084472656,29.170000076293945,29.75,25.167694091796875,4255000,TPR,yfinance,2026-02-10T05:10:38.179198+00:00
2019-08-05,28.989999771118164,28.989999771118164,27.649999618530273,27.84000015258789,23.551883697509766,4657200,TPR,yfinance,2026-02-10T05:10:38.179198+00:00
2019-08-06,27.989999771118164,28.200000762939453,27.520000457763672,27.8799991607666,23.585718154907227,3424400,TPR,yfinance,2026-02-10T05:10:38.179198+00:00
2019-08-07,27.469999313354492,28.260000228881836,27.239999771118164,28.18000030517578,23.83951187133789,3092300,TPR,yfinance,2026-02-10T05:10:38.179198+00:00
2019-08-08,28.18000030517578,28.600000381469727,28.079999923706055,28.469999313354492,24.084848403930664,2418700,TPR,yfinance,2026-02-10T05:10:38.179198+00:00
2019-08-09,28.34000015258789,28.34000015258789,27.309999465942383,27.389999389648438,23.17119026184082,2731700,TPR,yfinance,2026-02-10T05:10:38.179198+00:00
2019-08-12,26.799999237060547,27.43000030517578,25.989999771118164,26.25,22.206789016723633,4151400,TPR,yfinance,2026-02-10T05:10:38.179198+00:00
2019-08-13,26.450000762939453,27.639999389648438,25.899999618530273,26.709999084472656,22.595932006835938,4580200,TPR,yfinance,2026-02-10T05:10:38.179198+00:00
2019-08-14,25.8799991607666,25.8799991607666,24.75,25.0,21.14931869506836,6490600,TPR,yfinance,2026-02-10T05:10:38.179198+00:00
2019-08-15,21.899999618530273,22.260000228881836,18.540000915527344,19.450000762939453,16.454172134399414,26322000,TPR,yfinance,2026-02-10T05:10:38.179198+00:00
2019-08-16,18.809999465942383,20.309999465942383,18.809999465942383,19.959999084472656,16.885618209838867,13902900,TPR,yfinance,2026-02-10T05:10:38.179198+00:00
2019-08-19,20.329999923706055,21.15999984741211,20.100000381469727,20.969999313354492,17.74005126953125,10607300,TPR,yfinance,2026-02-10T05:10:38.179198+00:00
2019-08-20,20.850000381469727,21.09000015258789,20.459999084472656,21.040000915527344,17.79926872253418,6774000,TPR,yfinance,2026-02-10T05:10:38.179198+00:00
2019-08-21,21.350000381469727,21.790000915527344,21.31999969482422,21.75,18.39990997314453,7477700,TPR,yfinance,2026-02-10T05:10:38.179198+00:00
2019-08-22,21.850000381469727,22.0,20.850000381469727,21.280000686645508,18.002302169799805,5733300,TPR,yfinance,2026-02-10T05:10:38.179198+00:00
2019-08-23,21.059999465942383,21.270000457763672,20.25,20.309999465942383,17.181711196899414,7299900,TPR,yfinance,2026-02-10T05:10:38.179198+00:00
2019-08-26,20.559999465942383,20.899999618530273,20.31999969482422,20.8799991607666,17.663911819458008,4876600,TPR,yfinance,2026-02-10T05:10:38.179198+00:00
2019-08-27,20.979999542236328,21.020000457763672,20.329999923706055,20.479999542236328,17.32552146911621,5395100,TPR,yfinance,2026-02-10T05:10:38.179198+00:00
2019-08-28,20.43000030517578,20.760000228881836,20.149999618530273,20.489999771118164,17.333984375,4619000,TPR,yfinance,2026-02-10T05:10:38.179198+00:00
2019-08-29,20.43000030517578,20.670000076293945,19.770000457763672,20.280000686645508,17.156328201293945,6441200,TPR,yfinance,2026-02-10T05:10:38.179198+00:00
2019-08-30,20.420000076293945,20.950000762939453,20.389999389648438,20.649999618530273,17.46933937072754,6482600,TPR,yfinance,2026-02-10T05:10:38.179198+00:00
2019-09-03,20.43000030517578,20.940000534057617,20.229999542236328,20.440000534057617,17.291685104370117,6255100,TPR,yfinance,2026-02-10T05:10:38.179198+00:00
2019-09-04,21.049999237060547,21.540000915527344,21.049999237060547,21.489999771118164,18.17995834350586,7774300,TPR,yfinance,2026-02-10T05:10:38.179198+00:00
2019-09-05,21.59000015258789,22.940000534057617,21.59000015258789,22.920000076293945,19.699535369873047,10712400,TPR,yfinance,2026-02-10T05:10:38.179198+00:00
2019-09-06,23.040000915527344,23.760000228881836,22.850000381469727,23.690000534057617,20.361347198486328,8111700,TPR,yfinance,2026-02-10T05:10:38.179198+00:00
2019-09-09,23.68000030517578,24.3799991607666,23.459999084472656,24.290000915527344,20.87703514099121,8353300,TPR,yfinance,2026-02-10T05:10:38.179198+00:00
2019-09-10,24.149999618530273,25.270000457763672,24.100000381469727,25.170000076293945,21.63338851928711,7388900,TPR,yfinance,2026-02-10T05:10:38.179198+00:00
2019-09-11,25.299999237060547,26.139999389648438,24.520000457763672,25.780000686645508,22.157682418823242,7387400,TPR,yfinance,2026-02-10T05:10:38.179198+00:00
2019-09-12,25.559999465942383,25.75,24.739999771118164,25.579999923706055,21.985780715942383,6635700,TPR,yfinance,2026-02-10T05:10:38.179198+00:00
2019-09-13,26.0,26.600000381469727,25.149999618530273,25.18000030517578,21.641986846923828,7301200,TPR,yfinance,2026-02-10T05:10:38.179198+00:00
2019-09-16,25.020000457763672,25.950000762939453,24.989999771118164,25.510000228881836,21.92561912536621,5982200,TPR,yfinance,2026-02-10T05:10:38.179198+00:00
2019-09-17,25.3799991607666,25.479999542236328,24.700000762939453,25.15999984741211,21.624797821044922,6125500,TPR,yfinance,2026-02-10T05:10:38.179198+00:00
2019-09-18,25.0,25.34000015258789,24.899999618530273,25.18000030517578,21.641986846923828,7621900,TPR,yfinance,2026-02-10T05:10:38.179198+00:00
2019-09-19,25.18000030517578,25.479999542236328,25.059999465942383,25.270000457763672,21.71933937072754,4176400,TPR,yfinance,2026-02-10T05:10:38.179198+00:00
2019-09-20,25.329999923706055,25.899999618530273,25.110000610351562,25.139999389648438,21.60760498046875,8857200,TPR,yfinance,2026-02-10T05:10:38.179198+00:00
2019-09-23,25.020000457763672,25.40999984741211,24.81999969482422,25.139999389648438,21.60760498046875,7332700,TPR,yfinance,2026-02-10T05:10:38.179198+00:00
2019-09-24,25.399999618530273,25.489999771118164,24.899999618530273,25.149999618530273,21.616201400756836,6467200,TPR,yfinance,2026-02-10T05:10:38.179198+00:00
2019-09-25,25.309999465942383,25.850000381469727,25.219999313354492,25.360000610351562,21.79669761657715,6777700,TPR,yfinance,2026-02-10T05:10:38.179198+00:00
2019-09-26,25.25,25.709999084472656,25.15999984741211,25.510000228881836,21.92561912536621,4612100,TPR,yfinance,2026-02-10T05:10:38.179198+00:00
2019-09-27,25.670000076293945,26.229999542236328,25.649999618530273,25.989999771118164,22.338172912597656,4749300,TPR,yfinance,2026-02-10T05:10:38.179198+00:00
2019-09-30,25.989999771118164,26.280000686645508,25.649999618530273,26.049999237060547,22.389739990234375,5369900,TPR,yfinance,2026-02-10T05:10:38.179198+00:00
2019-10-01,26.15999984741211,26.520000457763672,25.540000915527344,25.600000381469727,22.002971649169922,5622200,TPR,yfinance,2026-02-10T05:10:38.179198+00:00
2019-10-02,25.170000076293945,25.239999771118164,24.670000076293945,24.739999771118164,21.263811111450195,5473400,TPR,yfinance,2026-02-10T05:10:38.179198+00:00
2019-10-03,24.649999618530273,25.280000686645508,24.139999389648438,25.270000457763672,21.71933937072754,3977400,TPR,yfinance,2026-02-10T05:10:38.179198+00:00
2019-10-04,25.1299991607666,25.5,24.84000015258789,25.489999771118164,21.908430099487305,3038100,TPR,yfinance,2026-02-10T05:10:38.179198+00:00
2019-10-07,25.450000762939453,25.510000228881836,25.1200008392334,25.18000030517578,21.641986846923828,4024800,TPR,yfinance,2026-02-10T05:10:38.179198+00:00
2019-10-08,24.799999237060547,24.81999969482422,24.15999984741211,24.65999984741211,21.195049285888672,6045600,TPR,yfinance,2026-02-10T05:10:38.179198+00:00
2019-10-09,24.920000076293945,25.049999237060547,24.700000762939453,24.780000686645508,21.29819107055664,4464400,TPR,yfinance,2026-02-10T05:10:38.179198+00:00
2019-10-10,24.81999969482422,25.100000381469727,24.610000610351562,24.989999771118164,21.478683471679688,4189400,TPR,yfinance,2026-02-10T05:10:38.179198+00:00
2019-10-11,25.43000030517578,26.350000381469727,25.420000076293945,25.979999542236328,22.32957649230957,5382000,TPR,yfinance,2026-02-10T05:10:38.179198+00:00
2019-10-14,25.1299991607666,25.350000381469727,24.3799991607666,25.25,21.702152252197266,5363300,TPR,yfinance,2026-02-10T05:10:38.179198+00:00
2019-10-15,25.290000915527344,25.799999237060547,25.040000915527344,25.520000457763672,21.934213638305664,3870200,TPR,yfinance,2026-02-10T05:10:38.179198+00:00
2019-10-16,25.5,25.799999237060547,25.329999923706055,25.5,21.91702651977539,4171300,TPR,yfinance,2026-02-10T05:10:38.179198+00:00
2019-10-17,25.770000457763672,26.0,25.420000076293945,25.440000534057617,21.865453720092773,3938500,TPR,yfinance,2026-02-10T05:10:38.179198+00:00
2019-10-18,25.09000015258789,25.670000076293945,25.030000686645508,25.559999465942383,21.968591690063477,5067400,TPR,yfinance,2026-02-10T05:10:38.179198+00:00
2019-10-21,25.850000381469727,26.469999313354492,25.829999923706055,26.239999771118164,22.55304527282715,4066700,TPR,yfinance,2026-02-10T05:10:38.179198+00:00
2019-10-22,26.209999084472656,26.479999542236328,25.709999084472656,26.40999984741211,22.69915771484375,3801500,TPR,yfinance,2026-02-10T05:10:38.179198+00:00
2019-10-23,26.469999313354492,26.489999771118164,25.75,25.950000762939453,22.303791046142578,3141100,TPR,yfinance,2026-02-10T05:10:38.179198+00:00
2019-10-24,26.100000381469727,26.149999618530273,25.309999465942383,25.709999084472656,22.097515106201172,3251000,TPR,yfinance,2026-02-10T05:10:38.179198+00:00
2019-10-25,25.309999465942383,26.510000228881836,25.040000915527344,26.450000762939453,22.733539581298828,2825900,TPR,yfinance,2026-02-10T05:10:38.179198+00:00
2019-10-28,26.31999969482422,26.639999389648438,26.079999923706055,26.1299991607666,22.4585018157959,3274600,TPR,yfinance,2026-02-10T05:10:38.179198+00:00
2019-10-29,26.06999969482422,26.209999084472656,25.670000076293945,25.8700008392334,22.23504066467285,3886100,TPR,yfinance,2026-02-10T05:10:38.179198+00:00
2019-10-30,25.860000610351562,26.260000228881836,25.639999389648438,26.25,22.561641693115234,3557500,TPR,yfinance,2026-02-10T05:10:38.179198+00:00
2019-10-31,26.149999618530273,26.200000762939453,25.280000686645508,25.860000610351562,22.2264404296875,5120600,TPR,yfinance,2026-02-10T05:10:38.179198+00:00
2019-11-01,26.1299991607666,26.520000457763672,26.06999969482422,26.290000915527344,22.596023559570312,4141300,TPR,yfinance,2026-02-10T05:10:38.179198+00:00
2019-11-04,26.489999771118164,26.860000610351562,26.350000381469727,26.520000457763672,22.7937068939209,6803700,TPR,yfinance,2026-02-10T05:10:38.179198+00:00
2019-11-05,25.90999984741211,28.0,25.90999984741211,26.950000762939453,23.163286209106445,9374000,TPR,yfinance,2026-02-10T05:10:38.179198+00:00
2019-11-06,26.690000534057617,26.690000534057617,25.299999237060547,25.93000030517578,22.286603927612305,8786500,TPR,yfinance,2026-02-10T05:10:38.179198+00:00
2019-11-07,26.489999771118164,27.3700008392334,26.399999618530273,27.06999969482422,23.266422271728516,4708400,TPR,yfinance,2026-02-10T05:10:38.179198+00:00
2019-11-08,26.979999542236328,27.229999542236328,26.530000686645508,27.229999542236328,23.40394401550293,5149500,TPR,yfinance,2026-02-10T05:10:38.179198+00:00
2019-11-11,27.030000686645508,27.100000381469727,26.389999389648438,26.68000030517578,22.931222915649414,4262700,TPR,yfinance,2026-02-10T05:10:38.179198+00:00
2019-11-12,26.770000457763672,26.84000015258789,26.239999771118164,26.3799991607666,22.673372268676758,3959000,TPR,yfinance,2026-02-10T05:10:38.179198+00:00
2019-11-13,26.190000534057617,26.299999237060547,25.899999618530273,26.030000686645508,22.3725528717041,2451800,TPR,yfinance,2026-02-10T05:10:38.179198+00:00
2019-11-14,26.0,26.43000030517578,26.0,26.09000015258789,22.424123764038086,2157800,TPR,yfinance,2026-02-10T05:10:38.179198+00:00
2019-11-15,26.34000015258789,26.940000534057617,26.200000762939453,26.760000228881836,22.999977111816406,3142800,TPR,yfinance,2026-02-10T05:10:38.179198+00:00
2019-11-18,26.760000228881836,27.020000457763672,26.270000457763672,26.940000534057617,23.154693603515625,3561000,TPR,yfinance,2026-02-10T05:10:38.179198+00:00
2019-11-19,26.90999984741211,27.100000381469727,26.59000015258789,26.950000762939453,23.163286209106445,3000500,TPR,yfinance,2026-02-10T05:10:38.179198+00:00
2019-11-20,26.93000030517578,26.940000534057617,25.8700008392334,26.1299991607666,22.4585018157959,4351300,TPR,yfinance,2026-02-10T05:10:38.179198+00:00
2019-11-21,26.1200008392334,26.3799991607666,25.709999084472656,25.770000457763672,22.14908790588379,3171300,TPR,yfinance,2026-02-10T05:10:38.179198+00:00
2019-11-22,26.040000915527344,26.479999542236328,25.920000076293945,26.350000381469727,22.647586822509766,2794500,TPR,yfinance,2026-02-10T05:10:38.179198+00:00
2019-11-25,26.579999923706055,26.760000228881836,25.989999771118164,26.690000534057617,22.9398193359375,2567400,TPR,yfinance,2026-02-10T05:10:38.179198+00:00
2019-11-26,26.75,26.8700008392334,26.15999984741211,26.540000915527344,22.810895919799805,4303600,TPR,yfinance,2026-02-10T05:10:38.179198+00:00
2019-11-27,26.84000015258789,27.049999237060547,26.309999465942383,27.020000457763672,23.223453521728516,3441400,TPR,yfinance,2026-02-10T05:10:38.179198+00:00
2019-11-29,26.93000030517578,27.0,26.520000457763672,26.889999389648438,23.111719131469727,1661400,TPR,yfinance,2026-02-10T05:10:38.179198+00:00
2019-12-02,26.899999618530273,26.899999618530273,25.8799991607666,25.889999389648438,22.25222396850586,4009500,TPR,yfinance,2026-02-10T05:10:38.179198+00:00
2019-12-03,25.190000534057617,25.200000762939453,24.6299991607666,24.829999923706055,21.341161727905273,5791400,TPR,yfinance,2026-02-10T05:10:38.179198+00:00
2019-12-04,24.8700008392334,25.610000610351562,24.75,25.540000915527344,21.95140266418457,5547300,TPR,yfinance,2026-02-10T05:10:38.179198+00:00
2019-12-05,25.520000457763672,25.860000610351562,25.229999542236328,25.450000762939453,22.167415618896484,3877800,TPR,yfinance,2026-02-10T05:10:38.179198+00:00
2019-12-06,25.219999313354492,26.020000457763672,25.219999313354492,25.530000686645508,22.237096786499023,3334300,TPR,yfinance,2026-02-10T05:10:38.179198+00:00
2019-12-09,25.600000381469727,26.219999313354492,25.469999313354492,25.799999237060547,22.472270965576172,7762000,TPR,yfinance,2026-02-10T05:10:38.179198+00:00
2019-12-10,25.850000381469727,25.959999084472656,25.489999771118164,25.530000686645508,22.237096786499023,4838000,TPR,yfinance,2026-02-10T05:10:38.179198+00:00
2019-12-11,25.40999984741211,25.969999313354492,25.25,25.81999969482422,22.48969268798828,3376700,TPR,yfinance,2026-02-10T05:10:38.179198+00:00
2019-12-12,25.8799991607666,26.600000381469727,25.84000015258789,26.34000015258789,22.9426212310791,4058600,TPR,yfinance,2026-02-10T05:10:38.179198+00:00
2019-12-13,26.690000534057617,26.719999313354492,25.5,25.940000534057617,22.594215393066406,4145700,TPR,yfinance,2026-02-10T05:10:38.179198+00:00
2019-12-16,26.139999389648438,26.200000762939453,25.479999542236328,25.479999542236328,22.193546295166016,4976600,TPR,yfinance,2026-02-10T05:10:38.179198+00:00
2019-12-17,25.420000076293945,25.540000915527344,25.15999984741211,25.510000228881836,22.219675064086914,4389500,TPR,yfinance,2026-02-10T05:10:38.179198+00:00
2019-12-18,25.65999984741211,26.190000534057617,25.65999984741211,25.940000534057617,22.594215393066406,4698800,TPR,yfinance,2026-02-10T05:10:38.179198+00:00
2019-12-19,26.170000076293945,26.43000030517578,26.010000228881836,26.389999389648438,22.986175537109375,4595500,TPR,yfinance,2026-02-10T05:10:38.179198+00:00
2019-12-20,26.489999771118164,26.940000534057617,26.1299991607666,26.709999084472656,23.26490020751953,8201400,TPR,yfinance,2026-02-10T05:10:38.179198+00:00
2019-12-23,26.809999465942383,27.3799991607666,26.780000686645508,27.09000015258789,23.595888137817383,3766100,TPR,yfinance,2026-02-10T05:10:38.179198+00:00
2019-12-24,27.079999923706055,27.149999618530273,26.559999465942383,26.739999771118164,23.29102897644043,1412000,TPR,yfinance,2026-02-10T05:10:38.179198+00:00
2019-12-26,26.90999984741211,27.31999969482422,26.8799991607666,27.229999542236328,23.71782684326172,1996500,TPR,yfinance,2026-02-10T05:10:38.179198+00:00
2019-12-27,27.280000686645508,27.290000915527344,26.770000457763672,26.8799991607666,23.41297149658203,2049000,TPR,yfinance,2026-02-10T05:10:38.179198+00:00
2019-12-30,26.809999465942383,26.969999313354492,26.559999465942383,26.59000015258789,23.16037940979004,2264200,TPR,yfinance,2026-02-10T05:10:38.179198+00:00
2019-12-31,26.510000228881836,27.0,26.420000076293945,26.969999313354492,23.491363525390625,2586200,TPR,yfinance,2026-02-10T05:10:38.179198+00:00
2020-01-02,27.15999984741211,27.31999969482422,26.579999923706055,26.93000030517578,23.456523895263672,3823600,TPR,yfinance,2026-02-10T05:10:38.179198+00:00
2020-01-03,26.510000228881836,26.93000030517578,26.43000030517578,26.920000076293945,23.447811126708984,3511200,TPR,yfinance,2026-02-10T05:10:38.179198+00:00
2020-01-06,26.670000076293945,27.299999237060547,26.600000381469727,27.260000228881836,23.74395751953125,4040500,TPR,yfinance,2026-02-10T05:10:38.179198+00:00
2020-01-07,27.299999237060547,27.809999465942383,27.079999923706055,27.520000457763672,23.97041893005371,2752900,TPR,yfinance,2026-02-10T05:10:38.179198+00:00
2020-01-08,27.68000030517578,27.959999084472656,27.260000228881836,27.700000762939453,24.127208709716797,3624100,TPR,yfinance,2026-02-10T05:10:38.179198+00:00
2020-01-09,27.770000457763672,27.770000457763672,26.93000030517578,27.3799991607666,23.84847640991211,2983500,TPR,yfinance,2026-02-10T05:10:38.179198+00:00
2020-01-10,27.290000915527344,27.6200008392334,27.170000076293945,27.43000030517578,23.89203453063965,2324100,TPR,yfinance,2026-02-10T05:10:38.179198+00:00
2020-01-13,27.559999465942383,28.200000762939453,27.420000076293945,28.100000381469727,24.475614547729492,2693900,TPR,yfinance,2026-02-10T05:10:38.179198+00:00
2020-01-14,28.260000228881836,28.790000915527344,28.1200008392334,28.6299991607666,24.937252044677734,4262200,TPR,yfinance,2026-02-10T05:10:38.179198+00:00
2020-01-15,28.549999237060547,28.780000686645508,28.280000686645508,28.559999465942383,24.876277923583984,3603600,TPR,yfinance,2026-02-10T05:10:38.179198+00:00
2020-01-16,28.8799991607666,29.190000534057617,28.690000534057617,28.850000381469727,25.128877639770508,2607400,TPR,yfinance,2026-02-10T05:10:38.179198+00:00
2020-01-17,28.889999389648438,28.989999771118164,28.6299991607666,28.889999389648438,25.163721084594727,2475900,TPR,yfinance,2026-02-10T05:10:38.179198+00:00
2020-01-21,28.75,28.75,28.200000762939453,28.360000610351562,24.702077865600586,3559000,TPR,yfinance,2026-02-10T05:10:38.179198+00:00
2020-01-22,28.260000228881836,28.420000076293945,27.600000381469727,27.649999618530273,24.083654403686523,3386000,TPR,yfinance,2026-02-10T05:10:38.179198+00:00
2020-01-23,27.43000030517578,28.030000686645508,27.020000457763672,27.940000534057617,24.33625602722168,2696100,TPR,yfinance,2026-02-10T05:10:38.179198+00:00
2020-01-24,27.969999313354492,27.969999313354492,27.06999969482422,27.290000915527344,23.770092010498047,3258800,TPR,yfinance,2026-02-10T05:10:38.179198+00:00
2020-01-27,26.479999542236328,26.809999465942383,26.15999984741211,26.239999771118164,22.85551643371582,3976200,TPR,yfinance,2026-02-10T05:10:38.179198+00:00
2020-01-28,26.549999237060547,26.670000076293945,25.969999313354492,26.399999618530273,22.99488067626953,3629500,TPR,yfinance,2026-02-10T05:10:38.179198+00:00
2020-01-29,26.579999923706055,26.940000534057617,26.530000686645508,26.760000228881836,23.30845069885254,3691500,TPR,yfinance,2026-02-10T05:10:38.179198+00:00
2020-01-30,26.399999618530273,26.739999771118164,26.209999084472656,26.639999389648438,23.203929901123047,4661200,TPR,yfinance,2026-02-10T05:10:38.179198+00:00
2020-01-31,26.56999969482422,26.56999969482422,25.56999969482422,25.770000457763672,22.446144104003906,4950200,TPR,yfinance,2026-02-10T05:10:38.179198+00:00
2020-02-03,25.93000030517578,26.420000076293945,25.81999969482422,26.030000686645508,22.672607421875,5261500,TPR,yfinance,2026-02-10T05:10:38.179198+00:00
2020-02-04,26.770000457763672,27.5,26.6200008392334,27.200000762939453,23.69169807434082,4588300,TPR,yfinance,2026-02-10T05:10:38.179198+00:00
2020-02-05,27.56999969482422,28.459999084472656,27.540000915527344,28.389999389648438,24.728208541870117,4885800,TPR,yfinance,2026-02-10T05:10:38.179198+00:00
2020-02-06,29.850000381469727,30.399999618530273,28.979999542236328,29.0,25.25952911376953,8871700,TPR,yfinance,2026-02-10T05:10:38.179198+00:00
2020-02-07,27.950000762939453,28.40999984741211,27.530000686645508,27.969999313354492,24.362380981445312,6067800,TPR,yfinance,2026-02-10T05:10:38.179198+00:00
2020-02-10,27.860000610351562,28.510000228881836,27.729999542236328,28.510000228881836,24.83272933959961,3914500,TPR,yfinance,2026-02-10T05:10:38.179198+00:00
2020-02-11,28.8700008392334,28.940000534057617,28.510000228881836,28.579999923706055,24.893699645996094,3518400,TPR,yfinance,2026-02-10T05:10:38.179198+00:00
2020-02-12,28.850000381469727,29.489999771118164,28.700000762939453,29.469999313354492,25.66891098022461,3721100,TPR,yfinance,2026-02-10T05:10:38.179198+00:00
2020-02-13,29.079999923706055,29.260000228881836,28.540000915527344,28.829999923706055,25.11145782470703,3771200,TPR,yfinance,2026-02-10T05:10:38.179198+00:00
2020-02-14,28.829999923706055,29.229999542236328,28.709999084472656,29.209999084472656,25.44244384765625,2763300,TPR,yfinance,2026-02-10T05:10:38.179198+00:00
2020-02-18,28.75,29.100000381469727,27.920000076293945,28.100000381469727,24.475614547729492,4149800,TPR,yfinance,2026-02-10T05:10:38.179198+00:00
2020-02-19,28.190000534057617,28.450000762939453,27.850000381469727,28.040000915527344,24.423355102539062,3176200,TPR,yfinance,2026-02-10T05:10:38.179198+00:00
2020-02-20,28.100000381469727,28.950000762939453,27.889999389648438,28.809999465942383,25.09403419494629,3213700,TPR,yfinance,2026-02-10T05:10:38.179198+00:00
2020-02-21,28.450000762939453,28.790000915527344,27.739999771118164,27.989999771118164,24.379802703857422,4309700,TPR,yfinance,2026-02-10T05:10:38.179198+00:00
2020-02-24,26.329999923706055,26.40999984741211,25.3700008392334,25.549999237060547,22.2545166015625,6669900,TPR,yfinance,2026-02-10T05:10:38.179198+00:00
2020-02-25,25.799999237060547,25.809999465942383,24.25,24.350000381469727,21.209300994873047,5950900,TPR,yfinance,2026-02-10T05:10:38.179198+00:00
2020-02-26,24.579999923706055,25.100000381469727,23.5,23.520000457763672,20.486351013183594,4868100,TPR,yfinance,2026-02-10T05:10:38.179198+00:00
2020-02-27,22.770000457763672,24.389999389648438,22.290000915527344,22.950000762939453,19.9898681640625,6576800,TPR,yfinance,2026-02-10T05:10:38.179198+00:00
2020-02-28,22.219999313354492,23.469999313354492,22.110000610351562,23.450000762939453,20.425382614135742,6564400,TPR,yfinance,2026-02-10T05:10:38.179198+00:00
2020-03-02,23.510000228881836,23.75,22.68000030517578,23.690000534057617,20.634422302246094,5852700,TPR,yfinance,2026-02-10T05:10:38.179198+00:00
2020-03-03,23.780000686645508,24.780000686645508,23.09000015258789,23.360000610351562,20.346988677978516,7162400,TPR,yfinance,2026-02-10T05:10:38.179198+00:00
2020-03-04,23.65999984741211,24.34000015258789,23.079999923706055,24.329999923706055,21.191875457763672,4956100,TPR,yfinance,2026-02-10T05:10:38.179198+00:00
2020-03-05,23.09000015258789,23.489999771118164,21.969999313354492,22.219999313354492,19.626684188842773,5737500,TPR,yfinance,2026-02-10T05:10:38.179198+00:00
2020-03-06,21.25,22.229999542236328,21.040000915527344,21.700000762939453,19.16737937927246,4719400,TPR,yfinance,2026-02-10T05:10:38.179198+00:00
2020-03-09,20.020000457763672,20.260000228881836,18.1299991607666,18.43000030517578,16.279020309448242,5948800,TPR,yfinance,2026-02-10T05:10:38.179198+00:00
2020-03-10,19.559999465942383,19.940000534057617,18.0,19.15999984741211,16.92382049560547,5497100,TPR,yfinance,2026-02-10T05:10:38.179198+00:00
2020-03-11,18.440000534057617,18.530000686645508,17.360000610351562,17.56999969482422,15.519392013549805,5920500,TPR,yfinance,2026-02-10T05:10:38.179198+00:00
2020-03-12,16.18000030517578,16.469999313354492,14.710000038146973,15.010000228881836,13.258171081542969,5996300,TPR,yfinance,2026-02-10T05:10:38.179198+00:00
2020-03-13,15.569999694824219,16.229999542236328,14.0600004196167,16.229999542236328,14.335783004760742,9506100,TPR,yfinance,2026-02-10T05:10:38.179198+00:00
2020-03-16,13.25,13.949999809265137,11.479999542236328,11.479999542236328,10.14016056060791,7939900,TPR,yfinance,2026-02-10T05:10:38.179198+00:00
2020-03-17,11.800000190734863,13.199999809265137,10.850000381469727,13.1899995803833,11.65058422088623,9038500,TPR,yfinance,2026-02-10T05:10:38.179198+00:00
2020-03-18,12.020000457763672,13.380000114440918,11.869999885559082,13.359999656677246,11.80074405670166,7852500,TPR,yfinance,2026-02-10T05:10:38.179198+00:00
2020-03-19,13.09000015258789,13.949999809265137,12.09000015258789,12.710000038146973,11.226605415344238,8261000,TPR,yfinance,2026-02-10T05:10:38.179198+00:00
2020-03-20,13.069999694824219,13.149999618530273,11.699999809265137,12.039999961853027,10.634801864624023,10161100,TPR,yfinance,2026-02-10T05:10:38.179198+00:00
2020-03-23,12.0,12.170000076293945,10.510000228881836,10.579999923706055,9.345199584960938,7546300,TPR,yfinance,2026-02-10T05:10:38.179198+00:00
2020-03-24,11.510000228881836,13.829999923706055,11.359999656677246,13.720000267028809,12.118728637695312,5540800,TPR,yfinance,2026-02-10T05:10:38.179198+00:00
2020-03-25,13.90999984741211,15.670000076293945,13.529999732971191,14.899999618530273,13.161009788513184,7120600,TPR,yfinance,2026-02-10T05:10:38.179198+00:00
2020-03-26,14.6899995803833,15.800000190734863,14.020000457763672,15.15999984741211,13.390664100646973,6986500,TPR,yfinance,2026-02-10T05:10:38.179198+00:00
2020-03-27,14.170000076293945,14.449999809265137,13.0600004196167,13.90999984741211,12.286552429199219,5186100,TPR,yfinance,2026-02-10T05:10:38.179198+00:00
2020-03-30,13.960000038146973,14.109999656677246,12.890000343322754,13.210000038146973,11.668251991271973,5773300,TPR,yfinance,2026-02-10T05:10:38.179198+00:00
2020-03-31,12.960000038146973,13.649999618530273,12.789999961853027,12.949999809265137,11.43859577178955,5512000,TPR,yfinance,2026-02-10T05:10:38.179198+00:00
2020-04-01,12.0,12.180000305175781,10.859999656677246,11.069999694824219,9.778011322021484,5569400,TPR,yfinance,2026-02-10T05:10:38.179198+00:00
2020-04-02,10.720000267028809,11.300000190734863,10.180000305175781,11.010000228881836,9.725013732910156,8042900,TPR,yfinance,2026-02-10T05:10:38.179198+00:00
2020-04-03,10.649999618530273,11.210000038146973,10.479999542236328,11.09000015258789,9.79567813873291,4702000,TPR,yfinance,2026-02-10T05:10:38.179198+00:00
2020-04-06,11.920000076293945,13.300000190734863,11.869999885559082,13.039999961853027,11.518091201782227,6567400,TPR,yfinance,2026-02-10T05:10:38.179198+00:00
2020-04-07,14.119999885559082,15.130000114440918,13.979999542236328,14.470000267028809,12.781194686889648,8662400,TPR,yfinance,2026-02-10T05:10:38.179198+00:00
2020-04-08,15.149999618530273,15.59000015258789,14.710000038146973,14.970000267028809,13.222838401794434,5924300,TPR,yfinance,2026-02-10T05:10:38.179198+00:00
2020-04-09,15.649999618530273,16.65999984741211,15.100000381469727,15.699999809265137,13.867640495300293,7289300,TPR,yfinance,2026-02-10T05:10:38.179198+00:00
2020-04-13,15.949999809265137,15.949999809265137,14.260000228881836,14.770000457763672,13.046182632446289,3925800,TPR,yfinance,2026-02-10T05:10:38.179198+00:00
2020-04-14,15.100000381469727,15.569999694824219,14.850000381469727,15.380000114440918,13.58498764038086,3227600,TPR,yfinance,2026-02-10T05:10:38.179198+00:00
2020-04-15,14.5,14.630000114440918,13.859999656677246,14.420000076293945,12.737029075622559,4336300,TPR,yfinance,2026-02-10T05:10:38.179198+00:00
2020-04-16,14.430000305175781,14.630000114440918,13.960000038146973,14.40999984741211,12.728199005126953,3710000,TPR,yfinance,2026-02-10T05:10:38.179198+00:00
2020-04-17,15.15999984741211,15.979999542236328,15.100000381469727,15.220000267028809,13.443663597106934,3880200,TPR,yfinance,2026-02-10T05:10:38.179198+00:00
2020-04-20,14.710000038146973,15.199999809265137,14.119999885559082,14.210000038146973,12.551539421081543,3808200,TPR,yfinance,2026-02-10T05:10:38.179198+00:00
2020-04-21,13.619999885559082,14.050000190734863,13.3100004196167,13.75,12.14522647857666,4890800,TPR,yfinance,2026-02-10T05:10:38.179198+00:00
2020-04-22,14.020000457763672,14.180000305175781,13.34000015258789,13.40999984741211,11.844907760620117,3426000,TPR,yfinance,2026-02-10T05:10:38.179198+00:00
2020-04-23,13.4399995803833,14.239999771118164,13.420000076293945,13.770000457763672,12.162893295288086,3235600,TPR,yfinance,2026-02-10T05:10:38.179198+00:00
2020-04-24,13.930000305175781,14.0600004196167,13.449999809265137,13.640000343322754,12.048063278198242,6277800,TPR,yfinance,2026-02-10T05:10:38.179198+00:00
2020-04-27,14.0,15.329999923706055,13.729999542236328,15.050000190734863,13.293501853942871,6168900,TPR,yfinance,2026-02-10T05:10:38.179198+00:00
2020-04-28,15.800000190734863,16.290000915527344,15.229999542236328,16.110000610351562,14.229789733886719,5123000,TPR,yfinance,2026-02-10T05:10:38.179198+00:00
2020-04-29,16.8799991607666,17.350000381469727,16.610000610351562,17.049999237060547,15.060076713562012,6275200,TPR,yfinance,2026-02-10T05:10:38.179198+00:00
2020-04-30,16.5,16.549999237060547,14.25,14.880000114440918,13.143343925476074,12074600,TPR,yfinance,2026-02-10T05:10:38.179198+00:00
2020-05-01,14.40999984741211,15.199999809265137,14.0600004196167,15.15999984741211,13.390664100646973,5154000,TPR,yfinance,2026-02-10T05:10:38.179198+00:00
2020-05-04,14.579999923706055,15.350000381469727,14.3100004196167,14.770000457763672,13.046182632446289,5409800,TPR,yfinance,2026-02-10T05:10:38.179198+00:00
2020-05-05,15.380000114440918,15.579999923706055,14.720000267028809,14.770000457763672,13.046182632446289,4548700,TPR,yfinance,2026-02-10T05:10:38.179198+00:00
2020-05-06,14.989999771118164,15.220000267028809,13.979999542236328,14.069999694824219,12.427881240844727,4827000,TPR,yfinance,2026-02-10T05:10:38.179198+00:00
2020-05-07,14.319999694824219,14.8100004196167,14.270000457763672,14.5,12.807692527770996,5377300,TPR,yfinance,2026-02-10T05:10:38.179198+00:00
2020-05-08,14.989999771118164,15.0600004196167,14.529999732971191,14.880000114440918,13.143343925476074,4614700,TPR,yfinance,2026-02-10T05:10:38.179198+00:00
2020-05-11,14.529999732971191,14.5600004196167,13.760000228881836,13.920000076293945,12.295387268066406,4120300,TPR,yfinance,2026-02-10T05:10:38.179198+00:00
2020-05-12,13.970000267028809,14.319999694824219,13.140000343322754,13.1899995803833,11.65058422088623,4467900,TPR,yfinance,2026-02-10T05:10:38.179198+00:00
2020-05-13,13.0,13.100000381469727,11.739999771118164,11.930000305175781,10.537641525268555,9159600,TPR,yfinance,2026-02-10T05:10:38.179198+00:00
2020-05-14,11.630000114440918,12.489999771118164,11.510000228881836,12.40999984741211,10.961617469787598,6308000,TPR,yfinance,2026-02-10T05:10:38.179198+00:00
2020-05-15,11.949999809265137,12.489999771118164,11.680000305175781,12.199999809265137,10.776128768920898,7955500,TPR,yfinance,2026-02-10T05:10:38.179198+00:00
2020-05-18,13.15999984741211,13.539999961853027,12.989999771118164,13.390000343322754,11.827245712280273,6576300,TPR,yfinance,2026-02-10T05:10:38.179198+00:00
2020-05-19,13.1899995803833,13.199999809265137,12.579999923706055,12.859999656677246,11.359097480773926,6535000,TPR,yfinance,2026-02-10T05:10:38.179198+00:00
2020-05-20,13.15999984741211,13.399999618530273,13.0,13.260000228881836,11.71241569519043,6053100,TPR,yfinance,2026-02-10T05:10:38.179198+00:00
2020-05-21,13.239999771118164,14.550000190734863,13.170000076293945,14.239999771118164,12.578038215637207,7686500,TPR,yfinance,2026-02-10T05:10:38.179198+00:00
2020-05-22,14.34000015258789,14.649999618530273,13.84000015258789,13.979999542236328,12.348381996154785,5172800,TPR,yfinance,2026-02-10T05:10:38.179198+00:00
2020-05-26,14.859999656677246,15.180000305175781,14.59000015258789,14.75,13.028515815734863,5864400,TPR,yfinance,2026-02-10T05:10:38.179198+00:00
2020-05-27,15.369999885559082,15.550000190734863,14.8100004196167,15.380000114440918,13.58498764038086,6959800,TPR,yfinance,2026-02-10T05:10:38.179198+00:00
2020-05-28,15.359999656677246,15.470000267028809,13.84000015258789,13.989999771118164,12.357215881347656,6313600,TPR,yfinance,2026-02-10T05:10:38.179198+00:00
2020-05-29,13.760000228881836,14.199999809265137,13.3100004196167,13.600000381469727,12.01273250579834,18880000,TPR,yfinance,2026-02-10T05:10:38.179198+00:00
2020-06-01,13.739999771118164,14.390000343322754,13.579999923706055,14.1899995803833,12.533872604370117,7297100,TPR,yfinance,2026-02-10T05:10:38.179198+00:00
2020-06-02,14.380000114440918,14.609999656677246,14.100000381469727,14.5,12.807692527770996,6322500,TPR,yfinance,2026-02-10T05:10:38.179198+00:00
2020-06-03,14.930000305175781,16.219999313354492,14.869999885559082,15.6899995803833,13.858807563781738,9876300,TPR,yfinance,2026-02-10T05:10:38.179198+00:00
2020-06-04,15.670000076293945,16.68000030517578,15.229999542236328,16.440000534057617,14.52127456665039,6864500,TPR,yfinance,2026-02-10T05:10:38.179198+00:00
2020-06-05,17.90999984741211,17.950000762939453,17.299999237060547,17.309999465942383,15.289735794067383,9222000,TPR,yfinance,2026-02-10T05:10:38.179198+00:00
2020-06-08,18.110000610351562,18.149999618530273,17.170000076293945,17.979999542236328,15.881540298461914,6207900,TPR,yfinance,2026-02-10T05:10:38.179198+00:00
2020-06-09,17.299999237060547,17.31999969482422,16.520000457763672,16.549999237060547,14.618433952331543,6813900,TPR,yfinance,2026-02-10T05:10:38.179198+00:00
2020-06-10,16.420000076293945,16.5,15.4399995803833,15.479999542236328,13.67331600189209,5964300,TPR,yfinance,2026-02-10T05:10:38.179198+00:00
2020-06-11,14.119999885559082,14.579999923706055,13.930000305175781,14.119999885559082,12.472043991088867,6201800,TPR,yfinance,2026-02-10T05:10:38.179198+00:00
2020-06-12,14.989999771118164,15.149999618530273,14.039999961853027,14.479999542236328,12.79002857208252,4181300,TPR,yfinance,2026-02-10T05:10:38.179198+00:00
2020-06-15,13.84000015258789,14.390000343322754,13.649999618530273,14.1899995803833,12.533872604370117,5334200,TPR,yfinance,2026-02-10T05:10:38.179198+00:00
2020-06-16,15.319999694824219,15.680000305175781,14.789999961853027,14.989999771118164,13.24050521850586,6053100,TPR,yfinance,2026-02-10T05:10:38.179198+00:00
2020-06-17,14.979999542236328,14.989999771118164,14.210000038146973,14.220000267028809,12.560373306274414,3326600,TPR,yfinance,2026-02-10T05:10:38.179198+00:00
2020-06-18,14.0,14.449999809265137,13.800000190734863,13.979999542236328,12.348381996154785,3540400,TPR,yfinance,2026-02-10T05:10:38.179198+00:00
2020-06-19,14.59000015258789,14.6899995803833,13.520000457763672,13.529999732971191,11.95090389251709,9439700,TPR,yfinance,2026-02-10T05:10:38.179198+00:00
2020-06-22,13.5,13.859999656677246,13.300000190734863,13.710000038146973,12.109895706176758,5504500,TPR,yfinance,2026-02-10T05:10:38.179198+00:00
2020-06-23,14.010000228881836,14.069999694824219,13.489999771118164,13.779999732971191,12.171724319458008,3698700,TPR,yfinance,2026-02-10T05:10:38.179198+00:00
2020-06-24,13.479999542236328,13.579999923706055,12.6899995803833,12.800000190734863,11.306100845336914,4421100,TPR,yfinance,2026-02-10T05:10:38.179198+00:00
2020-06-25,12.619999885559082,12.6899995803833,12.3100004196167,12.600000381469727,11.129443168640137,4918200,TPR,yfinance,2026-02-10T05:10:38.179198+00:00
2020-06-26,12.449999809265137,12.770000457763672,12.300000190734863,12.550000190734863,11.085280418395996,9181300,TPR,yfinance,2026-02-10T05:10:38.179198+00:00
2020-06-29,12.699999809265137,13.369999885559082,12.40999984741211,13.350000381469727,11.791911125183105,6374900,TPR,yfinance,2026-02-10T05:10:38.179198+00:00
2020-06-30,13.199999809265137,13.520000457763672,12.970000267028809,13.279999732971191,11.730079650878906,5027400,TPR,yfinance,2026-02-10T05:10:38.179198+00:00
2020-07-01,13.270000457763672,13.9399995803833,12.920000076293945,12.970000267028809,11.456260681152344,5882500,TPR,yfinance,2026-02-10T05:10:38.179198+00:00
2020-07-02,13.229999542236328,13.619999885559082,12.920000076293945,13.010000228881836,11.491593360900879,5687900,TPR,yfinance,2026-02-10T05:10:38.179198+00:00
2020-07-06,13.390000343322754,13.5,12.890000343322754,13.180000305175781,11.641751289367676,7057900,TPR,yfinance,2026-02-10T05:10:38.179198+00:00
2020-07-07,13.0,13.15999984741211,12.630000114440918,12.649999618530273,11.173606872558594,6148100,TPR,yfinance,2026-02-10T05:10:38.179198+00:00
2020-07-08,13.020000457763672,13.029999732971191,12.579999923706055,13.0,11.482760429382324,4710100,TPR,yfinance,2026-02-10T05:10:38.179198+00:00
2020-07-09,12.819999694824219,12.899999618530273,12.239999771118164,12.34000015258789,10.89979076385498,4011800,TPR,yfinance,2026-02-10T05:10:38.179198+00:00
2020-07-10,12.260000228881836,12.640000343322754,12.15999984741211,12.619999885559082,11.147109985351562,3901000,TPR,yfinance,2026-02-10T05:10:38.179198+00:00
2020-07-13,12.699999809265137,13.25,12.4399995803833,12.899999618530273,11.394430160522461,4235400,TPR,yfinance,2026-02-10T05:10:38.179198+00:00
2020-07-14,12.859999656677246,13.229999542236328,12.550000190734863,12.970000267028809,11.456260681152344,3245300,TPR,yfinance,2026-02-10T05:10:38.179198+00:00
2020-07-15,13.520000457763672,14.0600004196167,13.390000343322754,14.020000457763672,12.383716583251953,6024500,TPR,yfinance,2026-02-10T05:10:38.179198+00:00
2020-07-16,13.829999923706055,14.260000228881836,13.609999656677246,14.039999961853027,12.401383399963379,3145900,TPR,yfinance,2026-02-10T05:10:38.179198+00:00
2020-07-17,14.079999923706055,14.149999618530273,13.630000114440918,13.65999984741211,12.065731048583984,2950500,TPR,yfinance,2026-02-10T05:10:38.179198+00:00
2020-07-20,13.510000228881836,13.619999885559082,12.9399995803833,13.119999885559082,11.588754653930664,3904600,TPR,yfinance,2026-02-10T05:10:38.179198+00:00
2020-07-21,13.210000038146973,13.899999618530273,13.069999694824219,13.649999618530273,12.056897163391113,8954300,TPR,yfinance,2026-02-10T05:10:38.179198+00:00
2020-07-22,13.5,13.84000015258789,13.300000190734863,13.699999809265137,12.101062774658203,6732400,TPR,yfinance,2026-02-10T05:10:38.179198+00:00
2020-07-23,13.680000305175781,14.069999694824219,13.479999542236328,13.869999885559082,12.251220703125,8521300,TPR,yfinance,2026-02-10T05:10:38.179198+00:00
2020-07-24,13.8100004196167,13.899999618530273,13.420000076293945,13.470000267028809,11.897904396057129,5701400,TPR,yfinance,2026-02-10T05:10:38.179198+00:00
2020-07-27,14.34000015258789,14.350000381469727,13.399999618530273,13.649999618530273,12.056897163391113,9237900,TPR,yfinance,2026-02-10T05:10:38.179198+00:00
2020-07-28,13.59000015258789,13.930000305175781,13.479999542236328,13.510000228881836,11.933239936828613,4954000,TPR,yfinance,2026-02-10T05:10:38.179198+00:00
2020-07-29,13.640000343322754,14.390000343322754,13.579999923706055,13.869999885559082,12.251220703125,5013800,TPR,yfinance,2026-02-10T05:10:38.179198+00:00
2020-07-30,13.579999923706055,13.65999984741211,13.050000190734863,13.300000190734863,11.747745513916016,3650700,TPR,yfinance,2026-02-10T05:10:38.179198+00:00
2020-07-31,13.289999961853027,13.4399995803833,13.050000190734863,13.359999656677246,11.80074405670166,4210100,TPR,yfinance,2026-02-10T05:10:38.179198+00:00
2020-08-03,13.380000114440918,13.489999771118164,12.970000267028809,13.34000015258789,11.783080101013184,3528700,TPR,yfinance,2026-02-10T05:10:38.179198+00:00
2020-08-04,13.229999542236328,13.460000038146973,13.149999618530273,13.279999732971191,11.730079650878906,2965100,TPR,yfinance,2026-02-10T05:10:38.179198+00:00
2020-08-05,13.670000076293945,14.479999542236328,13.619999885559082,13.739999771118164,12.136393547058105,8402700,TPR,yfinance,2026-02-10T05:10:38.179198+00:00
2020-08-06,13.710000038146973,14.220000267028809,13.539999961853027,14.029999732971191,12.392548561096191,5734700,TPR,yfinance,2026-02-10T05:10:38.179198+00:00
2020-08-07,14.079999923706055,14.529999732971191,13.800000190734863,14.510000228881836,12.816526412963867,5324000,TPR,yfinance,2026-02-10T05:10:38.179198+00:00
2020-08-10,14.770000457763672,15.479999542236328,14.75,15.430000305175781,13.629155158996582,7308200,TPR,yfinance,2026-02-10T05:10:38.179198+00:00
2020-08-11,15.819999694824219,16.030000686645508,15.479999542236328,15.529999732971191,13.71748161315918,7407700,TPR,yfinance,2026-02-10T05:10:38.179198+00:00
2020-08-12,15.699999809265137,15.819999694824219,15.010000228881836,15.600000381469727,13.779311180114746,6203800,TPR,yfinance,2026-02-10T05:10:38.179198+00:00
2020-08-13,16.1200008392334,16.1200008392334,15.039999961853027,15.430000305175781,13.629155158996582,7275900,TPR,yfinance,2026-02-10T05:10:38.179198+00:00
2020-08-14,15.550000190734863,16.06999969482422,15.260000228881836,15.930000305175781,14.070796966552734,9453700,TPR,yfinance,2026-02-10T05:10:38.179198+00:00
2020-08-17,15.90999984741211,15.949999809265137,15.600000381469727,15.829999923706055,13.982468605041504,5944800,TPR,yfinance,2026-02-10T05:10:38.179198+00:00
2020-08-18,15.630000114440918,15.760000228881836,15.100000381469727,15.329999923706055,13.540824890136719,4410700,TPR,yfinance,2026-02-10T05:10:38.179198+00:00
2020-08-19,15.180000305175781,15.619999885559082,15.020000457763672,15.079999923706055,13.320001602172852,4930800,TPR,yfinance,2026-02-10T05:10:38.179198+00:00
2020-08-20,14.890000343322754,15.0600004196167,14.359999656677246,14.359999656677246,12.684032440185547,4407500,TPR,yfinance,2026-02-10T05:10:38.179198+00:00
2020-08-21,14.539999961853027,14.75,14.40999984741211,14.539999961853027,12.843025207519531,5557000,TPR,yfinance,2026-02-10T05:10:38.179198+00:00
2020-08-24,14.65999984741211,15.380000114440918,14.65999984741211,15.329999923706055,13.540824890136719,6315300,TPR,yfinance,2026-02-10T05:10:38.179198+00:00
2020-08-25,15.539999961853027,15.65999984741211,14.9399995803833,14.9399995803833,13.196340560913086,4589100,TPR,yfinance,2026-02-10T05:10:38.179198+00:00
2020-08-26,14.960000038146973,15.109999656677246,14.770000457763672,14.850000381469727,13.11684513092041,4043500,TPR,yfinance,2026-02-10T05:10:38.179198+00:00
2020-08-27,14.979999542236328,15.289999961853027,14.880000114440918,14.890000343322754,13.152176856994629,6034100,TPR,yfinance,2026-02-10T05:10:38.179198+00:00
2020-08-28,15.0,15.029999732971191,14.59000015258789,14.880000114440918,13.143343925476074,5969500,TPR,yfinance,2026-02-10T05:10:38.179198+00:00
2020-08-31,14.829999923706055,14.890000343322754,14.510000228881836,14.729999542236328,13.010848045349121,5365000,TPR,yfinance,2026-02-10T05:10:38.179198+00:00
2020-09-01,14.539999961853027,14.789999961853027,14.3100004196167,14.75,13.028515815734863,3704800,TPR,yfinance,2026-02-10T05:10:38.179198+00:00
2020-09-02,14.920000076293945,15.0,14.539999961853027,14.729999542236328,13.010848045349121,5499600,TPR,yfinance,2026-02-10T05:10:38.179198+00:00
2020-09-03,14.789999961853027,15.270000457763672,14.619999885559082,14.710000038146973,12.993184089660645,5228100,TPR,yfinance,2026-02-10T05:10:38.179198+00:00
2020-09-04,14.9399995803833,14.949999809265137,14.140000343322754,14.5600004196167,12.860689163208008,5284600,TPR,yfinance,2026-02-10T05:10:38.179198+00:00
2020-09-08,14.40999984741211,15.180000305175781,14.279999732971191,15.0,13.249338150024414,5786300,TPR,yfinance,2026-02-10T05:10:38.179198+00:00
2020-09-09,14.859999656677246,14.9399995803833,14.329999923706055,14.579999923706055,12.87835693359375,3872800,TPR,yfinance,2026-02-10T05:10:38.179198+00:00
2020-09-10,14.710000038146973,15.949999809265137,14.710000038146973,15.800000190734863,13.955967903137207,9977000,TPR,yfinance,2026-02-10T05:10:38.179198+00:00
2020-09-11,15.90999984741211,16.510000228881836,15.710000038146973,16.149999618530273,14.265116691589355,10565400,TPR,yfinance,2026-02-10T05:10:38.179198+00:00
2020-09-14,16.34000015258789,17.790000915527344,16.219999313354492,17.520000457763672,15.475229263305664,13348500,TPR,yfinance,2026-02-10T05:10:38.179198+00:00
2020-09-15,17.59000015258789,17.59000015258789,16.709999084472656,16.84000015258789,14.874588966369629,7037100,TPR,yfinance,2026-02-10T05:10:38.179198+00:00
2020-09-16,17.780000686645508,18.600000381469727,17.709999084472656,18.100000381469727,15.987536430358887,10388300,TPR,yfinance,2026-02-10T05:10:38.179198+00:00
2020-09-17,17.860000610351562,18.0,17.270000457763672,17.600000381469727,15.545891761779785,6578600,TPR,yfinance,2026-02-10T05:10:38.179198+00:00
2020-09-18,17.559999465942383,17.719999313354492,17.030000686645508,17.360000610351562,15.333902359008789,11194000,TPR,yfinance,2026-02-10T05:10:38.179198+00:00
2020-09-21,17.299999237060547,17.299999237060547,16.420000076293945,16.510000228881836,14.583105087280273,7483600,TPR,yfinance,2026-02-10T05:10:38.179198+00:00
2020-09-22,16.520000457763672,16.739999771118164,16.239999771118164,16.6200008392334,14.680265426635742,4204300,TPR,yfinance,2026-02-10T05:10:38.179198+00:00
2020-09-23,16.790000915527344,17.559999465942383,16.579999923706055,16.59000015258789,14.653767585754395,4920500,TPR,yfinance,2026-02-10T05:10:38.179198+00:00
2020-09-24,16.3700008392334,16.670000076293945,15.90999984741211,16.34000015258789,14.432947158813477,5275900,TPR,yfinance,2026-02-10T05:10:38.179198+00:00
2020-09-25,16.059999465942383,16.479999542236328,15.880000114440918,16.360000610351562,14.450613021850586,4514900,TPR,yfinance,2026-02-10T05:10:38.179198+00:00
2020-09-28,16.690000534057617,16.950000762939453,16.489999771118164,16.579999923706055,14.64493465423584,5708400,TPR,yfinance,2026-02-10T05:10:38.179198+00:00
2020-09-29,16.510000228881836,16.520000457763672,15.479999542236328,15.5,13.690983772277832,5850800,TPR,yfinance,2026-02-10T05:10:38.179198+00:00
2020-09-30,15.550000190734863,15.90999984741211,15.449999809265137,15.630000114440918,13.805810928344727,5256900,TPR,yfinance,2026-02-10T05:10:38.179198+00:00
2020-10-01,15.710000038146973,16.190000534057617,15.649999618530273,15.899999618530273,14.04429817199707,5045700,TPR,yfinance,2026-02-10T05:10:38.179198+00:00
2020-10-02,15.229999542236328,16.290000915527344,15.229999542236328,16.149999618530273,14.265116691589355,4409800,TPR,yfinance,2026-02-10T05:10:38.179198+00:00
2020-10-05,16.389999389648438,16.979999542236328,16.389999389648438,16.969999313354492,14.989415168762207,6300500,TPR,yfinance,2026-02-10T05:10:38.179198+00:00
2020-10-06,17.309999465942383,17.81999969482422,16.81999969482422,16.829999923706055,14.865756034851074,7422500,TPR,yfinance,2026-02-10T05:10:38.179198+00:00
2020-10-07,17.270000457763672,18.020000457763672,17.270000457763672,17.8700008392334,15.784378051757812,5206200,TPR,yfinance,2026-02-10T05:10:38.179198+00:00
2020-10-08,18.170000076293945,18.75,18.0,18.670000076293945,16.491004943847656,6438600,TPR,yfinance,2026-02-10T05:10:38.179198+00:00
2020-10-09,18.969999313354492,19.280000686645508,18.6200008392334,18.81999969482422,16.623504638671875,5253800,TPR,yfinance,2026-02-10T05:10:38.179198+00:00
2020-10-12,18.899999618530273,19.290000915527344,18.799999237060547,19.200000762939453,16.95915412902832,5046900,TPR,yfinance,2026-02-10T05:10:38.179198+00:00
2020-10-13,19.079999923706055,19.219999313354492,18.719999313354492,18.920000076293945,16.711828231811523,5277300,TPR,yfinance,2026-02-10T05:10:38.179198+00:00
2020-10-14,19.0,19.190000534057617,18.799999237060547,19.0,16.782495498657227,2954200,TPR,yfinance,2026-02-10T05:10:38.179198+00:00
2020-10-15,18.84000015258789,19.600000381469727,18.6299991607666,19.540000915527344,17.259469985961914,4130000,TPR,yfinance,2026-02-10T05:10:38.179198+00:00
2020-10-16,19.540000915527344,19.739999771118164,19.34000015258789,19.530000686645508,17.25063705444336,4461300,TPR,yfinance,2026-02-10T05:10:38.179198+00:00
2020-10-19,19.600000381469727,20.690000534057617,19.549999237060547,20.059999465942383,17.718782424926758,6292700,TPR,yfinance,2026-02-10T05:10:38.179198+00:00
2020-10-20,20.260000228881836,20.84000015258789,20.260000228881836,20.479999542236328,18.08976173400879,5642900,TPR,yfinance,2026-02-10T05:10:38.179198+00:00
2020-10-21,20.479999542236328,20.739999771118164,20.06999969482422,20.479999542236328,18.08976173400879,6496000,TPR,yfinance,2026-02-10T05:10:38.179198+00:00
2020-10-22,20.600000381469727,21.90999984741211,20.559999465942383,21.850000381469727,19.299869537353516,6917100,TPR,yfinance,2026-02-10T05:10:38.179198+00:00
2020-10-23,22.149999618530273,22.280000686645508,21.190000534057617,21.43000030517578,18.928884506225586,6410400,TPR,yfinance,2026-02-10T05:10:38.179198+00:00
2020-10-26,21.25,21.399999618530273,20.639999389648438,21.270000457763672,18.78756332397461,6090700,TPR,yfinance,2026-02-10T05:10:38.179198+00:00
2020-10-27,21.280000686645508,22.059999465942383,21.200000762939453,21.420000076293945,18.920053482055664,5594800,TPR,yfinance,2026-02-10T05:10:38.179198+00:00
2020-10-28,20.75,21.5,20.729999542236328,21.309999465942383,18.822891235351562,8333100,TPR,yfinance,2026-02-10T05:10:38.179198+00:00
2020-10-29,23.829999923706055,23.850000381469727,21.639999389648438,22.729999542236328,20.07716178894043,14134000,TPR,yfinance,2026-02-10T05:10:38.179198+00:00
2020-10-30,22.719999313354492,22.84000015258789,21.969999313354492,22.229999542236328,19.635515213012695,10682300,TPR,yfinance,2026-02-10T05:10:38.179198+00:00
2020-11-02,22.56999969482422,24.18000030517578,22.469999313354492,23.6299991607666,20.872121810913086,8939400,TPR,yfinance,2026-02-10T05:10:38.179198+00:00
2020-11-03,23.829999923706055,24.139999389648438,23.360000610351562,24.059999465942383,21.25193977355957,6529000,TPR,yfinance,2026-02-10T05:10:38.179198+00:00
2020-11-04,23.739999771118164,24.459999084472656,23.260000228881836,23.84000015258789,21.057615280151367,5372700,TPR,yfinance,2026-02-10T05:10:38.179198+00:00
2020-11-05,24.5,25.170000076293945,24.450000762939453,24.709999084472656,21.82607650756836,6047700,TPR,yfinance,2026-02-10T05:10:38.179198+00:00
2020-11-06,24.510000228881836,24.920000076293945,24.1200008392334,24.31999969482422,21.48159408569336,4304800,TPR,yfinance,2026-02-10T05:10:38.179198+00:00
2020-11-09,26.649999618530273,27.989999771118164,24.719999313354492,24.93000030517578,22.02039909362793,7691300,TPR,yfinance,2026-02-10T05:10:38.179198+00:00
2020-11-10,25.049999237060547,26.030000686645508,24.81999969482422,26.0,22.96552085876465,5772100,TPR,yfinance,2026-02-10T05:10:38.179198+00:00
2020-11-11,26.950000762939453,26.950000762939453,25.329999923706055,25.34000015258789,22.38254737854004,4768000,TPR,yfinance,2026-02-10T05:10:38.179198+00:00
2020-11-12,25.06999969482422,25.799999237060547,24.8799991607666,25.280000686645508,22.329545974731445,4883000,TPR,yfinance,2026-02-10T05:10:38.179198+00:00
2020-11-13,25.739999771118164,26.479999542236328,25.700000762939453,26.34000015258789,23.265838623046875,3189600,TPR,yfinance,2026-02-10T05:10:38.179198+00:00
2020-11-16,27.540000915527344,27.610000610351562,26.860000610351562,27.290000915527344,24.104965209960938,6107800,TPR,yfinance,2026-02-10T05:10:38.179198+00:00
2020-11-17,26.989999771118164,28.459999084472656,26.780000686645508,28.459999084472656,25.138408660888672,4414600,TPR,yfinance,2026-02-10T05:10:38.179198+00:00
2020-11-18,28.510000228881836,28.790000915527344,27.959999084472656,27.979999542236328,24.714431762695312,3705900,TPR,yfinance,2026-02-10T05:10:38.179198+00:00
2020-11-19,27.75,28.459999084472656,27.6200008392334,28.399999618530273,25.085411071777344,3454400,TPR,yfinance,2026-02-10T05:10:38.179198+00:00
2020-11-20,28.290000915527344,28.760000228881836,28.219999313354492,28.459999084472656,25.138408660888672,3861200,TPR,yfinance,2026-02-10T05:10:38.179198+00:00
2020-11-23,29.110000610351562,29.299999237060547,28.420000076293945,28.8700008392334,25.500560760498047,4852800,TPR,yfinance,2026-02-10T05:10:38.179198+00:00
2020-11-24,29.790000915527344,30.350000381469727,29.299999237060547,30.1200008392334,26.60466766357422,5438900,TPR,yfinance,2026-02-10T05:10:38.179198+00:00
2020-11-25,29.56999969482422,29.760000228881836,29.100000381469727,29.690000534057617,26.224855422973633,3686100,TPR,yfinance,2026-02-10T05:10:38.179198+00:00
2020-11-27,29.489999771118164,29.600000381469727,28.809999465942383,29.0,25.615385055541992,5925000,TPR,yfinance,2026-02-10T05:10:38.179198+00:00
2020-11-30,28.649999618530273,28.75,27.770000457763672,28.31999969482422,25.014751434326172,6126900,TPR,yfinance,2026-02-10T05:10:38.179198+00:00
2020-12-01,28.84000015258789,28.959999084472656,28.100000381469727,28.360000610351562,25.05008316040039,4641100,TPR,yfinance,2026-02-10T05:10:38.179198+00:00
2020-12-02,27.860000610351562,28.670000076293945,27.799999237060547,28.479999542236328,25.156076431274414,4832300,TPR,yfinance,2026-02-10T05:10:38.179198+00:00
2020-12-03,28.700000762939453,29.75,28.68000030517578,29.270000457763672,25.85387420654297,4627500,TPR,yfinance,2026-02-10T05:10:38.179198+00:00
2020-12-04,29.3700008392334,29.6200008392334,28.889999389648438,29.350000381469727,25.924535751342773,4775200,TPR,yfinance,2026-02-10T05:10:38.179198+00:00
2020-12-07,29.030000686645508,29.75,28.809999465942383,29.739999771118164,26.269023895263672,3760300,TPR,yfinance,2026-02-10T05:10:38.179198+00:00
2020-12-08,29.040000915527344,29.75,28.90999984741211,29.5,26.057031631469727,4265300,TPR,yfinance,2026-02-10T05:10:38.179198+00:00
2020-12-09,29.68000030517578,30.239999771118164,29.18000030517578,29.6299991607666,26.171859741210938,4186500,TPR,yfinance,2026-02-10T05:10:38.179198+00:00
2020-12-10,29.31999969482422,29.889999389648438,29.040000915527344,29.6200008392334,26.16302490234375,2652200,TPR,yfinance,2026-02-10T05:10:38.179198+00:00
2020-12-11,29.56999969482422,30.09000015258789,29.15999984741211,29.329999923706055,25.906871795654297,2949600,TPR,yfinance,2026-02-10T05:10:38.179198+00:00
2020-12-14,29.719999313354492,30.0,28.969999313354492,29.030000686645508,25.641889572143555,4336400,TPR,yfinance,2026-02-10T05:10:38.179198+00:00
2020-12-15,29.770000457763672,29.850000381469727,29.139999389648438,29.719999313354492,26.251354217529297,3118200,TPR,yfinance,2026-02-10T05:10:38.179198+00:00
2020-12-16,29.979999542236328,30.950000762939453,29.360000610351562,29.670000076293945,26.207191467285156,4444700,TPR,yfinance,2026-02-10T05:10:38.179198+00:00
2020-12-17,29.899999618530273,30.06999969482422,29.350000381469727,29.829999923706055,26.34851837158203,2989800,TPR,yfinance,2026-02-10T05:10:38.179198+00:00
2020-12-18,29.600000381469727,29.719999313354492,28.670000076293945,28.860000610351562,25.491727828979492,6731900,TPR,yfinance,2026-02-10T05:10:38.179198+00:00
2020-12-21,27.969999313354492,29.610000610351562,27.65999984741211,29.3700008392334,25.942203521728516,4561600,TPR,yfinance,2026-02-10T05:10:38.179198+00:00
2020-12-22,30.030000686645508,30.450000762939453,29.540000915527344,30.170000076293945,26.648834228515625,5135000,TPR,yfinance,2026-02-10T05:10:38.179198+00:00
2020-12-23,30.450000762939453,30.639999389648438,29.920000076293945,30.520000457763672,26.95798683166504,4800100,TPR,yfinance,2026-02-10T05:10:38.179198+00:00
2020-12-24,31.010000228881836,31.18000030517578,30.3700008392334,30.850000381469727,27.249473571777344,1945300,TPR,yfinance,2026-02-10T05:10:38.179198+00:00
2020-12-28,31.010000228881836,31.649999618530273,30.809999465942383,30.860000610351562,27.258310317993164,4318000,TPR,yfinance,2026-02-10T05:10:38.179198+00:00
2020-12-29,30.799999237060547,31.100000381469727,29.799999237060547,30.110000610351562,26.595834732055664,3449400,TPR,yfinance,2026-02-10T05:10:38.179198+00:00
2020-12-30,30.6200008392334,31.600000381469727,30.43000030517578,31.450000762939453,27.779447555541992,2673100,TPR,yfinance,2026-02-10T05:10:38.179198+00:00
2020-12-31,31.200000762939453,31.510000228881836,30.899999618530273,31.079999923706055,27.45262908935547,2633300,TPR,yfinance,2026-02-10T05:10:38.179198+00:00
2021-01-04,32.040000915527344,33.130001068115234,31.6200008392334,32.709999084472656,28.892391204833984,10472700,TPR,yfinance,2026-02-10T05:10:38.179198+00:00
2021-01-05,32.38999938964844,32.959999084472656,32.25,32.52000045776367,28.72456169128418,4557600,TPR,yfinance,2026-02-10T05:10:38.179198+00:00
2021-01-06,32.91999816894531,35.060001373291016,32.900001525878906,34.31999969482422,30.314491271972656,6618900,TPR,yfinance,2026-02-10T05:10:38.179198+00:00
2021-01-07,34.90999984741211,35.36000061035156,34.20000076293945,34.869998931884766,30.800291061401367,4926600,TPR,yfinance,2026-02-10T05:10:38.179198+00:00
2021-01-08,34.9900016784668,35.220001220703125,34.02000045776367,34.22999954223633,30.2349910736084,4079600,TPR,yfinance,2026-02-10T05:10:38.179198+00:00
2021-01-11,33.599998474121094,34.689998626708984,33.040000915527344,34.560001373291016,30.526472091674805,3983700,TPR,yfinance,2026-02-10T05:10:38.179198+00:00
2021-01-12,34.59000015258789,35.45000076293945,34.4900016784668,35.34000015258789,31.215436935424805,2806700,TPR,yfinance,2026-02-10T05:10:38.179198+00:00
2021-01-13,35.150001525878906,35.15999984741211,33.86000061035156,34.029998779296875,30.058330535888672,6364300,TPR,yfinance,2026-02-10T05:10:38.179198+00:00
2021-01-14,34.61000061035156,35.0,33.900001525878906,34.060001373291016,30.084835052490234,3942300,TPR,yfinance,2026-02-10T05:10:38.179198+00:00
2021-01-15,33.93000030517578,34.27000045776367,33.15999984741211,33.619998931884766,29.69618034362793,4218400,TPR,yfinance,2026-02-10T05:10:38.179198+00:00
2021-01-19,33.70000076293945,34.33000183105469,33.29999923706055,33.34000015258789,29.448862075805664,3930000,TPR,yfinance,2026-02-10T05:10:38.179198+00:00
2021-01-20,33.38999938964844,33.91999816894531,33.27000045776367,33.689998626708984,29.75800895690918,3325500,TPR,yfinance,2026-02-10T05:10:38.179198+00:00
2021-01-21,33.970001220703125,34.31999969482422,33.58000183105469,33.75,29.81101417541504,2312700,TPR,yfinance,2026-02-10T05:10:38.179198+00:00
2021-01-22,33.63999938964844,34.34000015258789,33.31999969482422,34.33000183105469,30.323322296142578,3713600,TPR,yfinance,2026-02-10T05:10:38.179198+00:00
2021-01-25,34.040000915527344,34.84000015258789,33.310001373291016,33.77000045776367,29.82868194580078,3494800,TPR,yfinance,2026-02-10T05:10:38.179198+00:00
2021-01-26,34.25,34.279998779296875,32.75,32.790000915527344,28.963054656982422,3378600,TPR,yfinance,2026-02-10T05:10:38.179198+00:00
2021-01-27,31.940000534057617,31.959999084472656,30.239999771118164,30.610000610351562,27.037485122680664,6423000,TPR,yfinance,2026-02-10T05:10:38.179198+00:00
2021-01-28,30.860000610351562,32.599998474121094,30.860000610351562,32.369998931884766,28.592069625854492,4571000,TPR,yfinance,2026-02-10T05:10:38.179198+00:00
2021-01-29,32.029998779296875,32.310001373291016,31.34000015258789,31.6200008392334,27.929601669311523,3781200,TPR,yfinance,2026-02-10T05:10:38.179198+00:00
2021-02-01,32.20000076293945,32.470001220703125,31.149999618530273,31.850000381469727,28.13276481628418,4172700,TPR,yfinance,2026-02-10T05:10:38.179198+00:00
2021-02-02,32.25,33.720001220703125,32.209999084472656,33.45000076293945,29.5460262298584,6155100,TPR,yfinance,2026-02-10T05:10:38.179198+00:00
2021-02-03,34.099998474121094,35.099998474121094,34.029998779296875,34.599998474121094,30.561803817749023,7944300,TPR,yfinance,2026-02-10T05:10:38.179198+00:00
2021-02-04,36.20000076293945,36.56999969482422,34.290000915527344,36.18000030517578,31.95740509033203,10519700,TPR,yfinance,2026-02-10T05:10:38.179198+00:00
2021-02-05,36.7400016784668,37.7599983215332,36.619998931884766,37.54999923706055,33.16750717163086,6321900,TPR,yfinance,2026-02-10T05:10:38.179198+00:00
2021-02-08,37.599998474121094,38.720001220703125,37.5,38.349998474121094,33.87413787841797,5065100,TPR,yfinance,2026-02-10T05:10:38.179198+00:00
2021-02-09,38.59000015258789,38.849998474121094,38.2400016784668,38.349998474121094,33.87413787841797,5020300,TPR,yfinance,2026-02-10T05:10:38.179198+00:00
2021-02-10,38.720001220703125,39.41999816894531,38.18000030517578,39.15999984741211,34.58960723876953,5725600,TPR,yfinance,2026-02-10T05:10:38.179198+00:00
2021-02-11,39.02000045776367,40.18000030517578,38.56999969482422,39.119998931884766,34.55426788330078,5274100,TPR,yfinance,2026-02-10T05:10:38.179198+00:00
2021-02-12,38.7400016784668,38.959999084472656,38.040000915527344,38.310001373291016,33.83880615234375,3559400,TPR,yfinance,2026-02-10T05:10:38.179198+00:00
2021-02-16,38.529998779296875,39.279998779296875,38.31999969482422,39.060001373291016,34.50127410888672,4253100,TPR,yfinance,2026-02-10T05:10:38.179198+00:00
2021-02-17,38.900001525878906,39.0,37.7400016784668,38.650001525878906,34.139122009277344,2993400,TPR,yfinance,2026-02-10T05:10:38.179198+00:00
2021-02-18,38.34000015258789,38.4900016784668,37.68000030517578,37.9900016784668,33.5561637878418,3400100,TPR,yfinance,2026-02-10T05:10:38.179198+00:00
2021-02-19,38.5,39.59000015258789,38.38999938964844,39.459999084472656,34.85459518432617,4054800,TPR,yfinance,2026-02-10T05:10:38.179198+00:00
2021-02-22,39.93000030517578,41.47999954223633,39.72999954223633,40.95000076293945,36.17068862915039,6330600,TPR,yfinance,2026-02-10T05:10:38.179198+00:00
2021-02-23,40.459999084472656,40.849998474121094,38.869998931884766,40.63999938964844,35.896873474121094,3839000,TPR,yfinance,2026-02-10T05:10:38.179198+00:00
2021-02-24,40.75,41.81999969482422,40.209999084472656,41.689998626708984,36.824317932128906,4321700,TPR,yfinance,2026-02-10T05:10:38.179198+00:00
2021-02-25,41.459999084472656,42.91999816894531,41.45000076293945,42.40999984741211,37.46030044555664,6385200,TPR,yfinance,2026-02-10T05:10:38.179198+00:00
2021-02-26,42.5,42.91999816894531,41.22999954223633,42.13999938964844,37.2218132019043,4458400,TPR,yfinance,2026-02-10T05:10:38.179198+00:00
2021-03-01,43.13999938964844,43.25,41.41999816894531,41.5,36.6565055847168,5871300,TPR,yfinance,2026-02-10T05:10:38.179198+00:00
2021-03-02,41.5,42.470001220703125,41.09000015258789,42.31999969482422,37.38079833984375,3704300,TPR,yfinance,2026-02-10T05:10:38.179198+00:00
2021-03-03,42.279998779296875,42.84000015258789,41.54999923706055,41.56999969482422,36.71833419799805,3344400,TPR,yfinance,2026-02-10T05:10:38.179198+00:00
2021-03-04,41.0,41.540000915527344,39.52000045776367,40.77000045776367,36.01170349121094,3017600,TPR,yfinance,2026-02-10T05:10:38.179198+00:00
2021-03-05,41.5,42.060001373291016,40.189998626708984,41.90999984741211,37.018653869628906,3550700,TPR,yfinance,2026-02-10T05:10:38.179198+00:00
2021-03-08,42.31999969482422,44.5,42.02000045776367,43.95000076293945,38.820560455322266,5453100,TPR,yfinance,2026-02-10T05:10:38.179198+00:00
2021-03-09,43.900001525878906,44.06999969482422,42.91999816894531,43.36000061035156,38.29941940307617,5298500,TPR,yfinance,2026-02-10T05:10:38.179198+00:00
2021-03-10,43.599998474121094,44.25,42.36000061035156,42.970001220703125,37.9549446105957,4112000,TPR,yfinance,2026-02-10T05:10:38.179198+00:00
2021-03-11,43.09000015258789,44.119998931884766,42.849998474121094,44.06999969482422,38.92655944824219,3585600,TPR,yfinance,2026-02-10T05:10:38.179198+00:00
2021-03-12,43.790000915527344,45.0,43.790000915527344,44.61000061035156,39.40352249145508,4213600,TPR,yfinance,2026-02-10T05:10:38.179198+00:00
2021-03-15,44.41999816894531,46.41999816894531,44.369998931884766,46.33000183105469,40.92278289794922,4538900,TPR,yfinance,2026-02-10T05:10:38.179198+00:00
2021-03-16,46.08000183105469,46.08000183105469,44.29999923706055,44.810001373291016,39.58018493652344,3391700,TPR,yfinance,2026-02-10T05:10:38.179198+00:00
2021-03-17,45.34000015258789,45.5099983215332,43.810001373291016,45.09000015258789,39.827510833740234,3044700,TPR,yfinance,2026-02-10T05:10:38.179198+00:00
2021-03-18,45.150001525878906,46.380001068115234,45.06999969482422,45.36000061035156,40.06599807739258,2874000,TPR,yfinance,2026-02-10T05:10:38.179198+00:00
2021-03-19,44.65999984741211,45.630001068115234,44.13999938964844,44.689998626708984,39.474185943603516,5210200,TPR,yfinance,2026-02-10T05:10:38.179198+00:00
2021-03-22,44.939998626708984,44.9900016784668,43.150001525878906,43.65999984741211,38.56441116333008,3803300,TPR,yfinance,2026-02-10T05:10:38.179198+00:00
2021-03-23,43.0,43.40999984741211,40.880001068115234,41.09000015258789,36.29435729980469,6132200,TPR,yfinance,2026-02-10T05:10:38.179198+00:00
2021-03-24,41.470001220703125,42.63999938964844,40.599998474121094,40.63999938964844,35.896873474121094,3669800,TPR,yfinance,2026-02-10T05:10:38.179198+00:00
2021-03-25,39.56999969482422,42.0,39.56999969482422,41.81999969482422,36.93915557861328,3523500,TPR,yfinance,2026-02-10T05:10:38.179198+00:00
2021-03-26,42.47999954223633,42.869998931884766,40.4900016784668,41.79999923706055,36.921485900878906,2989500,TPR,yfinance,2026-02-10T05:10:38.179198+00:00
2021-03-29,41.5,41.869998931884766,38.84000015258789,39.4900016784668,34.88109588623047,5429100,TPR,yfinance,2026-02-10T05:10:38.179198+00:00
2021-03-30,39.5,41.09000015258789,39.13999938964844,40.95000076293945,36.17068862915039,4463600,TPR,yfinance,2026-02-10T05:10:38.179198+00:00
2021-03-31,40.86000061035156,41.47999954223633,40.41999816894531,41.209999084472656,36.40034484863281,3202900,TPR,yfinance,2026-02-10T05:10:38.179198+00:00
2021-04-01,41.630001068115234,41.88999938964844,40.459999084472656,41.029998779296875,36.24134826660156,4292500,TPR,yfinance,2026-02-10T05:10:38.179198+00:00
2021-04-05,41.630001068115234,42.81999969482422,40.90999984741211,42.689998626708984,37.707611083984375,4075900,TPR,yfinance,2026-02-10T05:10:38.179198+00:00
2021-04-06,42.720001220703125,43.75,42.47999954223633,42.86000061035156,37.85776901245117,4342800,TPR,yfinance,2026-02-10T05:10:38.179198+00:00
2021-04-07,43.25,43.93000030517578,42.72999954223633,43.09000015258789,38.06092834472656,2468400,TPR,yfinance,2026-02-10T05:10:38.179198+00:00
2021-04-08,43.09000015258789,43.61000061035156,42.2599983215332,43.369998931884766,38.308250427246094,2678400,TPR,yfinance,2026-02-10T05:10:38.179198+00:00
2021-04-09,43.79999923706055,45.11000061035156,43.560001373291016,44.93000030517578,39.68618392944336,3206800,TPR,yfinance,2026-02-10T05:10:38.179198+00:00
2021-04-12,44.66999816894531,45.72999954223633,44.58000183105469,45.52000045776367,40.20732116699219,2865900,TPR,yfinance,2026-02-10T05:10:38.179198+00:00
2021-04-13,45.369998931884766,45.45000076293945,43.709999084472656,45.060001373291016,39.80101013183594,3273200,TPR,yfinance,2026-02-10T05:10:38.179198+00:00
2021-04-14,45.29999923706055,46.13999938964844,45.25,45.41999816894531,40.11899948120117,2924200,TPR,yfinance,2026-02-10T05:10:38.179198+00:00
2021-04-15,46.15999984741211,47.06999969482422,45.380001068115234,46.25,40.85213088989258,2942600,TPR,yfinance,2026-02-10T05:10:38.179198+00:00
2021-04-16,46.58000183105469,46.88999938964844,46.040000915527344,46.560001373291016,41.12594223022461,2874100,TPR,yfinance,2026-02-10T05:10:38.179198+00:00
2021-04-19,46.15999984741211,46.15999984741211,44.97999954223633,45.22999954223633,39.951168060302734,2518200,TPR,yfinance,2026-02-10T05:10:38.179198+00:00
2021-04-20,44.83000183105469,45.02000045776367,42.9900016784668,43.52000045776367,38.44074630737305,2899600,TPR,yfinance,2026-02-10T05:10:38.179198+00:00
2021-04-21,43.27000045776367,44.97999954223633,43.029998779296875,44.93000030517578,39.68618392944336,3677700,TPR,yfinance,2026-02-10T05:10:38.179198+00:00
2021-04-22,45.189998626708984,45.9900016784668,44.66999816894531,45.15999984741211,39.889339447021484,1977100,TPR,yfinance,2026-02-10T05:10:38.179198+00:00
2021-04-23,45.619998931884766,46.540000915527344,45.2400016784668,46.36000061035156,40.949283599853516,2284200,TPR,yfinance,2026-02-10T05:10:38.179198+00:00
2021-04-26,46.40999984741211,47.119998931884766,45.650001525878906,45.97999954223633,40.61363983154297,2610600,TPR,yfinance,2026-02-10T05:10:38.179198+00:00
2021-04-27,46.2400016784668,47.66999816894531,46.22999954223633,47.369998931884766,41.841407775878906,2653200,TPR,yfinance,2026-02-10T05:10:38.179198+00:00
2021-04-28,47.04999923706055,48.13999938964844,46.7599983215332,47.5,41.95623779296875,1966400,TPR,yfinance,2026-02-10T05:10:38.179198+00:00
2021-04-29,47.75,48.599998474121094,47.41999816894531,47.90999984741211,42.31837844848633,3383000,TPR,yfinance,2026-02-10T05:10:38.179198+00:00
2021-04-30,47.52000045776367,48.2400016784668,47.34000015258789,47.849998474121094,42.265384674072266,4430200,TPR,yfinance,2026-02-10T05:10:38.179198+00:00
2021-05-03,48.4900016784668,49.41999816894531,48.13999938964844,48.540000915527344,42.87486267089844,5928800,TPR,yfinance,2026-02-10T05:10:38.179198+00:00
2021-05-04,48.29999923706055,48.52000045776367,47.369998931884766,48.0,42.397884368896484,3803100,TPR,yfinance,2026-02-10T05:10:38.179198+00:00
2021-05-05,48.43000030517578,48.86000061035156,47.63999938964844,48.40999984741211,42.76002883911133,3631300,TPR,yfinance,2026-02-10T05:10:38.179198+00:00
2021-05-06,48.0,48.0,45.5099983215332,46.79999923706055,41.33794403076172,6946900,TPR,yfinance,2026-02-10T05:10:38.179198+00:00
2021-05-07,46.81999969482422,49.66999816894531,46.650001525878906,49.119998931884766,43.38716125488281,4772000,TPR,yfinance,2026-02-10T05:10:38.179198+00:00
2021-05-10,49.11000061035156,49.40999984741211,46.90999984741211,47.02000045776367,41.53225326538086,3500200,TPR,yfinance,2026-02-10T05:10:38.179198+00:00
2021-05-11,46.04999923706055,46.7599983215332,45.11000061035156,46.5099983215332,41.08177947998047,4014900,TPR,yfinance,2026-02-10T05:10:38.179198+00:00
2021-05-12,45.959999084472656,46.79999923706055,44.4900016784668,44.7400016784668,39.518367767333984,3253600,TPR,yfinance,2026-02-10T05:10:38.179198+00:00
2021-05-13,44.939998626708984,46.290000915527344,44.61000061035156,45.310001373291016,40.02183532714844,3004600,TPR,yfinance,2026-02-10T05:10:38.179198+00:00
2021-05-14,45.529998779296875,46.939998626708984,45.290000915527344,46.81999969482422,41.355594635009766,3293700,TPR,yfinance,2026-02-10T05:10:38.179198+00:00
2021-05-17,46.77000045776367,47.38999938964844,46.099998474121094,47.369998931884766,41.841407775878906,4063200,TPR,yfinance,2026-02-10T05:10:38.179198+00:00
2021-05-18,47.86000061035156,48.0099983215332,46.2599983215332,46.310001373291016,40.90512466430664,3650900,TPR,yfinance,2026-02-10T05:10:38.179198+00:00
2021-05-19,45.310001373291016,45.560001373291016,44.15999984741211,44.59000015258789,39.385860443115234,3275400,TPR,yfinance,2026-02-10T05:10:38.179198+00:00
2021-05-20,44.56999969482422,44.70000076293945,42.13999938964844,43.61000061035156,38.52023696899414,5270700,TPR,yfinance,2026-02-10T05:10:38.179198+00:00
2021-05-21,44.08000183105469,44.22999954223633,42.83000183105469,42.88999938964844,37.884273529052734,4052700,TPR,yfinance,2026-02-10T05:10:38.179198+00:00
2021-05-24,43.16999816894531,43.77000045776367,42.59000015258789,43.400001525878906,38.33475875854492,2455100,TPR,yfinance,2026-02-10T05:10:38.179198+00:00
2021-05-25,43.75,44.34000015258789,43.220001220703125,43.31999969482422,38.26408386230469,2468600,TPR,yfinance,2026-02-10T05:10:38.179198+00:00
2021-05-26,43.439998626708984,44.720001220703125,43.439998626708984,44.34000015258789,39.165042877197266,2803600,TPR,yfinance,2026-02-10T05:10:38.179198+00:00
2021-05-27,44.7599983215332,45.2400016784668,44.459999084472656,45.09000015258789,39.827510833740234,2478900,TPR,yfinance,2026-02-10T05:10:38.179198+00:00
2021-05-28,45.459999084472656,45.459999084472656,43.9900016784668,44.88999938964844,39.65085983276367,2169300,TPR,yfinance,2026-02-10T05:10:38.179198+00:00
2021-06-01,45.400001525878906,45.52000045776367,44.5,44.970001220703125,39.72151184082031,2971400,TPR,yfinance,2026-02-10T05:10:38.179198+00:00
2021-06-02,44.900001525878906,44.970001220703125,42.400001525878906,42.709999084472656,37.72528076171875,4552800,TPR,yfinance,2026-02-10T05:10:38.179198+00:00
2021-06-03,42.369998931884766,42.61000061035156,41.529998779296875,42.52000045776367,37.55744934082031,3570800,TPR,yfinance,2026-02-10T05:10:38.179198+00:00
2021-06-04,42.61000061035156,42.869998931884766,40.880001068115234,42.75,37.76061248779297,6478800,TPR,yfinance,2026-02-10T05:10:38.179198+00:00
2021-06-07,43.2599983215332,43.70000076293945,42.959999084472656,43.349998474121094,38.290584564208984,3477600,TPR,yfinance,2026-02-10T05:10:38.179198+00:00
2021-06-08,43.220001220703125,44.27000045776367,42.959999084472656,44.0,38.86473083496094,3129700,TPR,yfinance,2026-02-10T05:10:38.179198+00:00
2021-06-09,43.77000045776367,44.040000915527344,43.2599983215332,43.41999816894531,38.3524169921875,2468000,TPR,yfinance,2026-02-10T05:10:38.179198+00:00
2021-06-10,43.68000030517578,44.0,42.29999923706055,42.720001220703125,37.73411178588867,2719300,TPR,yfinance,2026-02-10T05:10:38.179198+00:00
2021-06-11,43.130001068115234,44.31999969482422,43.099998474121094,44.29999923706055,39.12971115112305,2308600,TPR,yfinance,2026-02-10T05:10:38.179198+00:00
2021-06-14,44.36000061035156,44.68000030517578,42.790000915527344,43.27000045776367,38.21992492675781,2491900,TPR,yfinance,2026-02-10T05:10:38.179198+00:00
2021-06-15,43.40999984741211,43.59000015258789,42.599998474121094,43.54999923706055,38.46723937988281,2358700,TPR,yfinance,2026-02-10T05:10:38.179198+00:00
2021-06-16,43.290000915527344,43.630001068115234,42.40999984741211,43.2599983215332,38.211090087890625,2099500,TPR,yfinance,2026-02-10T05:10:38.179198+00:00
2021-06-17,43.209999084472656,43.58000183105469,41.41999816894531,42.2400016784668,37.31013870239258,3619500,TPR,yfinance,2026-02-10T05:10:38.179198+00:00
2021-06-18,41.77000045776367,42.08000183105469,40.97999954223633,41.16999816894531,36.365013122558594,4497200,TPR,yfinance,2026-02-10T05:10:38.179198+00:00
2021-06-21,41.43000030517578,42.400001525878906,41.349998474121094,42.15999984741211,37.239479064941406,2575300,TPR,yfinance,2026-02-10T05:10:38.179198+00:00
2021-06-22,42.029998779296875,42.470001220703125,41.400001525878906,42.29999923706055,37.36314010620117,1698300,TPR,yfinance,2026-02-10T05:10:38.179198+00:00
2021-06-23,42.41999816894531,43.060001373291016,42.31999969482422,42.599998474121094,37.628116607666016,2060900,TPR,yfinance,2026-02-10T05:10:38.179198+00:00
2021-06-24,42.95000076293945,43.34000015258789,42.41999816894531,43.029998779296875,38.0079345703125,1724400,TPR,yfinance,2026-02-10T05:10:38.179198+00:00
2021-06-25,43.56999969482422,44.38999938964844,43.31999969482422,43.47999954223633,38.40541458129883,7019500,TPR,yfinance,2026-02-10T05:10:38.179198+00:00
2021-06-28,43.310001373291016,43.38999938964844,42.380001068115234,42.61000061035156,37.6369514465332,3479500,TPR,yfinance,2026-02-10T05:10:38.179198+00:00
2021-06-29,42.81999969482422,43.130001068115234,41.970001220703125,42.15999984741211,37.239479064941406,3966100,TPR,yfinance,2026-02-10T05:10:38.179198+00:00
2021-06-30,42.13999938964844,43.59000015258789,42.08000183105469,43.47999954223633,38.40541458129883,3670400,TPR,yfinance,2026-02-10T05:10:38.179198+00:00
2021-07-01,43.7400016784668,44.630001068115234,40.97999954223633,42.4900016784668,37.53095626831055,9417800,TPR,yfinance,2026-02-10T05:10:38.179198+00:00
2021-07-02,42.7400016784668,42.83000183105469,41.7400016784668,42.65999984741211,37.68111801147461,3672700,TPR,yfinance,2026-02-10T05:10:38.179198+00:00
2021-07-06,42.560001373291016,42.7599983215332,41.209999084472656,41.709999084472656,36.84199142456055,3387600,TPR,yfinance,2026-02-10T05:10:38.179198+00:00
2021-07-07,41.560001373291016,42.029998779296875,40.25,40.900001525878906,36.12653350830078,3832600,TPR,yfinance,2026-02-10T05:10:38.179198+00:00
2021-07-08,40.0,40.65999984741211,39.279998779296875,40.380001068115234,35.6672248840332,3164700,TPR,yfinance,2026-02-10T05:10:38.179198+00:00
2021-07-09,41.18000030517578,42.0,41.099998474121094,41.900001525878906,37.00981521606445,2367000,TPR,yfinance,2026-02-10T05:10:38.179198+00:00
2021-07-12,41.4900016784668,42.68000030517578,41.150001525878906,42.529998779296875,37.56629180908203,3031500,TPR,yfinance,2026-02-10T05:10:38.179198+00:00
2021-07-13,42.470001220703125,42.83000183105469,41.04999923706055,41.54999923706055,36.70066452026367,2460300,TPR,yfinance,2026-02-10T05:10:38.179198+00:00
2021-07-14,41.66999816894531,42.33000183105469,41.349998474121094,41.439998626708984,36.6035041809082,1909700,TPR,yfinance,2026-02-10T05:10:38.179198+00:00
2021-07-15,41.040000915527344,41.349998474121094,40.09000015258789,40.61000061035156,35.870365142822266,2204600,TPR,yfinance,2026-02-10T05:10:38.179198+00:00
2021-07-16,40.86000061035156,40.91999816894531,38.959999084472656,39.060001373291016,34.50127410888672,3101300,TPR,yfinance,2026-02-10T05:10:38.179198+00:00
2021-07-19,37.689998626708984,38.68000030517578,37.310001373291016,37.810001373291016,33.397159576416016,4587600,TPR,yfinance,2026-02-10T05:10:38.179198+00:00
2021-07-20,37.83000183105469,39.77000045776367,37.66999816894531,39.40999984741211,34.8104248046875,3027900,TPR,yfinance,2026-02-10T05:10:38.179198+00:00
2021-07-21,40.16999816894531,41.34000015258789,40.16999816894531,40.79999923706055,36.0381965637207,2600900,TPR,yfinance,2026-02-10T05:10:38.179198+00:00
2021-07-22,40.65999984741211,40.65999984741211,39.689998626708984,39.91999816894531,35.260902404785156,2516600,TPR,yfinance,2026-02-10T05:10:38.179198+00:00
2021-07-23,40.310001373291016,40.810001373291016,39.83000183105469,40.09000015258789,35.41106414794922,1477700,TPR,yfinance,2026-02-10T05:10:38.179198+00:00
2021-07-26,40.380001068115234,41.279998779296875,40.369998931884766,41.25,36.4356803894043,1864600,TPR,yfinance,2026-02-10T05:10:38.179198+00:00
2021-07-27,40.689998626708984,41.09000015258789,40.2400016784668,41.02000045776367,36.232521057128906,2182000,TPR,yfinance,2026-02-10T05:10:38.179198+00:00
2021-07-28,41.43000030517578,41.630001068115234,39.63999938964844,40.470001220703125,35.746707916259766,2318000,TPR,yfinance,2026-02-10T05:10:38.179198+00:00
2021-07-29,40.849998474121094,41.68000030517578,40.790000915527344,41.2599983215332,36.444515228271484,2059800,TPR,yfinance,2026-02-10T05:10:38.179198+00:00
2021-07-30,42.029998779296875,43.63999938964844,41.779998779296875,42.29999923706055,37.36314010620117,4543600,TPR,yfinance,2026-02-10T05:10:38.179198+00:00
2021-08-02,42.68000030517578,43.7599983215332,42.290000915527344,42.33000183105469,37.38964080810547,3251300,TPR,yfinance,2026-02-10T05:10:38.179198+00:00
2021-08-03,42.7599983215332,43.68000030517578,41.70000076293945,43.43000030517578,38.36125946044922,2663600,TPR,yfinance,2026-02-10T05:10:38.179198+00:00
2021-08-04,43.150001525878906,43.90999984741211,42.68000030517578,42.7400016784668,37.75177764892578,2706300,TPR,yfinance,2026-02-10T05:10:38.179198+00:00
2021-08-05,42.7599983215332,43.68000030517578,42.7599983215332,43.459999084472656,38.387760162353516,2238400,TPR,yfinance,2026-02-10T05:10:38.179198+00:00
2021-08-06,43.720001220703125,44.2599983215332,43.470001220703125,44.0099983215332,38.873558044433594,2405600,TPR,yfinance,2026-02-10T05:10:38.179198+00:00
2021-08-09,43.5099983215332,43.7400016784668,43.0,43.18000030517578,38.14042663574219,1567700,TPR,yfinance,2026-02-10T05:10:38.179198+00:00
2021-08-10,43.209999084472656,44.7599983215332,43.15999984741211,43.84000015258789,38.7234001159668,2258500,TPR,yfinance,2026-02-10T05:10:38.179198+00:00
2021-08-11,43.849998474121094,44.189998626708984,43.380001068115234,44.09000015258789,38.94422912597656,2132100,TPR,yfinance,2026-02-10T05:10:38.179198+00:00
2021-08-12,44.22999954223633,45.029998779296875,44.119998931884766,44.70000076293945,39.4830207824707,2787000,TPR,yfinance,2026-02-10T05:10:38.179198+00:00
2021-08-13,44.68000030517578,44.72999954223633,43.95000076293945,44.22999954223633,39.06788635253906,2241500,TPR,yfinance,2026-02-10T05:10:38.179198+00:00
2021-08-16,44.27000045776367,44.27000045776367,43.310001373291016,43.81999969482422,38.70574188232422,2602800,TPR,yfinance,2026-02-10T05:10:38.179198+00:00
2021-08-17,43.310001373291016,43.459999084472656,41.5099983215332,42.029998779296875,37.1246452331543,3353200,TPR,yfinance,2026-02-10T05:10:38.179198+00:00
2021-08-18,41.650001525878906,42.810001373291016,41.2599983215332,41.459999084472656,36.62117004394531,4597500,TPR,yfinance,2026-02-10T05:10:38.179198+00:00
2021-08-19,40.45000076293945,41.45000076293945,39.66999816894531,40.16999816894531,35.481727600097656,8507000,TPR,yfinance,2026-02-10T05:10:38.179198+00:00
2021-08-20,40.400001525878906,40.65999984741211,39.08000183105469,40.58000183105469,35.8438720703125,8825700,TPR,yfinance,2026-02-10T05:10:38.179198+00:00
2021-08-23,40.97999954223633,42.400001525878906,40.880001068115234,42.310001373291016,37.37196731567383,5465600,TPR,yfinance,2026-02-10T05:10:38.179198+00:00
2021-08-24,42.650001525878906,43.91999816894531,42.61000061035156,43.310001373291016,38.25525665283203,7209100,TPR,yfinance,2026-02-10T05:10:38.179198+00:00
2021-08-25,42.81999969482422,43.54999923706055,42.709999084472656,43.15999984741211,38.122764587402344,3296100,TPR,yfinance,2026-02-10T05:10:38.179198+00:00
2021-08-26,42.84000015258789,42.880001068115234,41.40999984741211,41.849998474121094,36.96565246582031,3717800,TPR,yfinance,2026-02-10T05:10:38.179198+00:00
2021-08-27,41.939998626708984,42.9900016784668,41.86000061035156,42.650001525878906,37.67228698730469,3145000,TPR,yfinance,2026-02-10T05:10:38.179198+00:00
2021-08-30,42.70000076293945,42.810001373291016,41.209999084472656,41.25,36.4356803894043,2975500,TPR,yfinance,2026-02-10T05:10:38.179198+00:00
2021-08-31,41.2400016784668,41.540000915527344,39.970001220703125,40.31999969482422,35.614219665527344,3910800,TPR,yfinance,2026-02-10T05:10:38.179198+00:00
2021-09-01,41.0099983215332,41.27000045776367,40.38999938964844,40.540000915527344,35.80854415893555,2879500,TPR,yfinance,2026-02-10T05:10:38.179198+00:00
2021-09-02,40.58000183105469,41.29999923706055,40.25,40.619998931884766,35.87920379638672,3184600,TPR,yfinance,2026-02-10T05:10:38.179198+00:00
2021-09-03,40.29999923706055,40.79999923706055,39.91999816894531,40.56999969482422,36.05695343017578,2193200,TPR,yfinance,2026-02-10T05:10:38.179198+00:00
2021-09-07,40.81999969482422,41.11000061035156,40.400001525878906,40.75,36.2169303894043,4339900,TPR,yfinance,2026-02-10T05:10:38.179198+00:00
2021-09-08,40.470001220703125,40.470001220703125,39.22999954223633,39.380001068115234,34.99934005737305,3556300,TPR,yfinance,2026-02-10T05:10:38.179198+00:00
2021-09-09,39.7400016784668,40.97999954223633,39.63999938964844,40.52000045776367,36.012516021728516,2288700,TPR,yfinance,2026-02-10T05:10:38.179198+00:00
2021-09-10,40.790000915527344,41.31999969482422,40.43000030517578,40.470001220703125,35.96807861328125,2226600,TPR,yfinance,2026-02-10T05:10:38.179198+00:00
2021-09-13,40.869998931884766,40.97999954223633,40.189998626708984,40.310001373291016,35.82588195800781,2474400,TPR,yfinance,2026-02-10T05:10:38.179198+00:00
2021-09-14,40.59000015258789,40.59000015258789,39.560001373291016,40.04999923706055,35.59479904174805,2835400,TPR,yfinance,2026-02-10T05:10:38.179198+00:00
2021-09-15,39.68000030517578,39.97999954223633,39.27000045776367,39.939998626708984,35.497039794921875,3048800,TPR,yfinance,2026-02-10T05:10:38.179198+00:00
2021-09-16,40.06999969482422,41.5,40.029998779296875,40.709999084472656,36.1813850402832,3041500,TPR,yfinance,2026-02-10T05:10:38.179198+00:00
2021-09-17,40.65999984741211,41.400001525878906,40.20000076293945,40.400001525878906,35.90586853027344,3416700,TPR,yfinance,2026-02-10T05:10:38.179198+00:00
2021-09-20,39.130001068115234,39.63999938964844,37.41999816894531,38.0099983215332,33.78173828125,4471300,TPR,yfinance,2026-02-10T05:10:38.179198+00:00
2021-09-21,38.5,39.02000045776367,38.11000061035156,38.45000076293945,34.172786712646484,3300800,TPR,yfinance,2026-02-10T05:10:38.179198+00:00
2021-09-22,38.72999954223633,39.459999084472656,38.47999954223633,38.97999954223633,34.643829345703125,2113400,TPR,yfinance,2026-02-10T05:10:38.179198+00:00
2021-09-23,39.790000915527344,41.0,39.709999084472656,40.349998474121094,35.86143112182617,3298900,TPR,yfinance,2026-02-10T05:10:38.179198+00:00
2021-09-24,39.59000015258789,39.849998474121094,38.369998931884766,39.459999084472656,35.070438385009766,2619600,TPR,yfinance,2026-02-10T05:10:38.179198+00:00
2021-09-27,39.52000045776367,40.63999938964844,39.52000045776367,40.099998474121094,35.639244079589844,2156200,TPR,yfinance,2026-02-10T05:10:38.179198+00:00
2021-09-28,39.959999084472656,40.4900016784668,39.45000076293945,39.560001373291016,35.15931701660156,1914100,TPR,yfinance,2026-02-10T05:10:38.179198+00:00
2021-09-29,39.939998626708984,39.970001220703125,38.58000183105469,38.75,34.43941879272461,2451100,TPR,yfinance,2026-02-10T05:10:38.179198+00:00
2021-09-30,38.31999969482422,38.369998931884766,36.540000915527344,37.02000045776367,32.90186309814453,6718900,TPR,yfinance,2026-02-10T05:10:38.179198+00:00
2021-10-01,37.16999816894531,38.279998779296875,36.720001220703125,38.02000045776367,33.79062271118164,2696900,TPR,yfinance,2026-02-10T05:10:38.179198+00:00
2021-10-04,38.150001525878906,38.83000183105469,37.599998474121094,37.97999954223633,33.755069732666016,3673100,TPR,yfinance,2026-02-10T05:10:38.179198+00:00
2021-10-05,38.290000915527344,39.52000045776367,38.130001068115234,38.439998626708984,34.16389846801758,2866800,TPR,yfinance,2026-02-10T05:10:38.179198+00:00
2021-10-06,38.08000183105469,38.45000076293945,37.220001220703125,37.630001068115234,33.44401168823242,3583700,TPR,yfinance,2026-02-10T05:10:38.179198+00:00
2021-10-07,38.290000915527344,39.09000015258789,38.08000183105469,38.18000030517578,33.932830810546875,3175100,TPR,yfinance,2026-02-10T05:10:38.179198+00:00
2021-10-08,38.09000015258789,38.11000061035156,36.79999923706055,37.36000061035156,33.20404815673828,2190100,TPR,yfinance,2026-02-10T05:10:38.179198+00:00
2021-10-11,37.33000183105469,37.97999954223633,37.15999984741211,37.43000030517578,33.26625061035156,3029800,TPR,yfinance,2026-02-10T05:10:38.179198+00:00
2021-10-12,37.81999969482422,38.59000015258789,37.27000045776367,38.380001068115234,34.11057662963867,3498100,TPR,yfinance,2026-02-10T05:10:38.179198+00:00
2021-10-13,38.75,38.810001373291016,38.0,38.40999984741211,34.137237548828125,2544600,TPR,yfinance,2026-02-10T05:10:38.179198+00:00
2021-10-14,39.04999923706055,39.4900016784668,38.709999084472656,39.18000030517578,34.82157897949219,2142300,TPR,yfinance,2026-02-10T05:10:38.179198+00:00
2021-10-15,39.56999969482422,39.790000915527344,39.09000015258789,39.20000076293945,34.839359283447266,1755100,TPR,yfinance,2026-02-10T05:10:38.179198+00:00
2021-10-18,38.4900016784668,38.689998626708984,37.869998931884766,38.59000015258789,34.297210693359375,2554900,TPR,yfinance,2026-02-10T05:10:38.179198+00:00
2021-10-19,38.75,38.75,38.20000076293945,38.380001068115234,34.11057662963867,2786300,TPR,yfinance,2026-02-10T05:10:38.179198+00:00
2021-10-20,38.38999938964844,39.34000015258789,38.38999938964844,38.630001068115234,34.332759857177734,2529900,TPR,yfinance,2026-02-10T05:10:38.179198+00:00
2021-10-21,38.939998626708984,39.38999938964844,38.459999084472656,38.75,34.43941879272461,2205300,TPR,yfinance,2026-02-10T05:10:38.179198+00:00
2021-10-22,38.81999969482422,38.939998626708984,38.380001068115234,38.619998931884766,34.32386779785156,1508000,TPR,yfinance,2026-02-10T05:10:38.179198+00:00
2021-10-25,38.7599983215332,39.849998474121094,38.619998931884766,39.63999938964844,35.23041534423828,1837200,TPR,yfinance,2026-02-10T05:10:38.179198+00:00
2021-10-26,39.93000030517578,40.099998474121094,39.06999969482422,39.11000061035156,34.759368896484375,2554500,TPR,yfinance,2026-02-10T05:10:38.179198+00:00
2021-10-27,38.900001525878906,38.900001525878906,38.029998779296875,38.060001373291016,33.826171875,2080700,TPR,yfinance,2026-02-10T05:10:38.179198+00:00
2021-10-28,38.400001525878906,39.689998626708984,38.06999969482422,39.0,34.66160583496094,3109100,TPR,yfinance,2026-02-10T05:10:38.179198+00:00
2021-10-29,38.91999816894531,39.43000030517578,38.560001373291016,38.97999954223633,34.643829345703125,1926700,TPR,yfinance,2026-02-10T05:10:38.179198+00:00
2021-11-01,38.88999938964844,39.66999816894531,38.70000076293945,39.38999938964844,35.008216857910156,3586600,TPR,yfinance,2026-02-10T05:10:38.179198+00:00
2021-11-02,39.689998626708984,40.0,39.150001525878906,39.63999938964844,35.23041534423828,3087900,TPR,yfinance,2026-02-10T05:10:38.179198+00:00
2021-11-03,41.11000061035156,42.16999816894531,40.81999969482422,41.81999969482422,37.167911529541016,4026700,TPR,yfinance,2026-02-10T05:10:38.179198+00:00
2021-11-04,41.869998931884766,42.939998626708984,41.849998474121094,41.970001220703125,37.30122756958008,4413900,TPR,yfinance,2026-02-10T05:10:38.179198+00:00
2021-11-05,42.810001373291016,43.38999938964844,42.20000076293945,42.5099983215332,37.78114318847656,5027700,TPR,yfinance,2026-02-10T05:10:38.179198+00:00
2021-11-08,42.65999984741211,42.88999938964844,41.869998931884766,42.349998474121094,37.638946533203125,2756200,TPR,yfinance,2026-02-10T05:10:38.179198+00:00
2021-11-09,42.439998626708984,42.75,41.58000183105469,42.470001220703125,37.7455940246582,3664100,TPR,yfinance,2026-02-10T05:10:38.179198+00:00
2021-11-10,41.79999923706055,43.279998779296875,41.79999923706055,42.61000061035156,37.870025634765625,5754900,TPR,yfinance,2026-02-10T05:10:38.179198+00:00
2021-11-11,44.79999923706055,47.02000045776367,44.709999084472656,46.18000030517578,41.04290771484375,9926500,TPR,yfinance,2026-02-10T05:10:38.179198+00:00
2021-11-12,46.5,46.7400016784668,45.38999938964844,45.529998779296875,40.4652099609375,4219500,TPR,yfinance,2026-02-10T05:10:38.179198+00:00
2021-11-15,45.529998779296875,45.61000061035156,44.40999984741211,44.900001525878906,39.90528869628906,4118000,TPR,yfinance,2026-02-10T05:10:38.179198+00:00
2021-11-16,45.099998474121094,46.08000183105469,44.939998626708984,45.59000015258789,40.518531799316406,2318500,TPR,yfinance,2026-02-10T05:10:38.179198+00:00
2021-11-17,45.349998474121094,45.59000015258789,44.84000015258789,45.189998626708984,40.163021087646484,2403400,TPR,yfinance,2026-02-10T05:10:38.179198+00:00
2021-11-18,45.68000030517578,46.06999969482422,45.310001373291016,45.84000015258789,40.7407112121582,6162000,TPR,yfinance,2026-02-10T05:10:38.179198+00:00
2021-11-19,45.84000015258789,46.560001373291016,45.68000030517578,45.9900016784668,40.8740348815918,3030100,TPR,yfinance,2026-02-10T05:10:38.179198+00:00
2021-11-22,46.25,47.04999923706055,46.060001373291016,46.20000076293945,41.06067657470703,3016700,TPR,yfinance,2026-02-10T05:10:38.179198+00:00
2021-11-23,45.959999084472656,46.58000183105469,45.36000061035156,45.9900016784668,40.8740348815918,3328500,TPR,yfinance,2026-02-10T05:10:38.179198+00:00
2021-11-24,45.029998779296875,45.029998779296875,43.619998931884766,44.06999969482422,39.16762161254883,5723900,TPR,yfinance,2026-02-10T05:10:38.179198+00:00
2021-11-26,42.84000015258789,42.84000015258789,40.560001373291016,41.79999923706055,37.15013122558594,3411400,TPR,yfinance,2026-02-10T05:10:38.179198+00:00
2021-11-29,42.43000030517578,42.75,41.220001220703125,41.7400016784668,37.09680938720703,3389500,TPR,yfinance,2026-02-10T05:10:38.179198+00:00
2021-11-30,41.31999969482422,41.630001068115234,39.529998779296875,40.119998931884766,35.657020568847656,4526600,TPR,yfinance,2026-02-10T05:10:38.179198+00:00
2021-12-01,41.16999816894531,42.13999938964844,38.869998931884766,38.880001068115234,34.55495071411133,4372700,TPR,yfinance,2026-02-10T05:10:38.179198+00:00
2021-12-02,39.15999984741211,41.16999816894531,38.9900016784668,40.95000076293945,36.630218505859375,4070100,TPR,yfinance,2026-02-10T05:10:38.179198+00:00
2021-12-03,41.189998626708984,41.689998626708984,40.11000061035156,40.81999969482422,36.51393127441406,3719400,TPR,yfinance,2026-02-10T05:10:38.179198+00:00
2021-12-06,41.54999923706055,42.7400016784668,41.310001373291016,42.36000061035156,37.8914909362793,4082500,TPR,yfinance,2026-02-10T05:10:38.179198+00:00
2021-12-07,43.099998474121094,44.2400016784668,43.08000183105469,43.70000076293945,39.090126037597656,3414700,TPR,yfinance,2026-02-10T05:10:38.179198+00:00
2021-12-08,43.59000015258789,44.040000915527344,43.36000061035156,43.52000045776367,38.929115295410156,3192300,TPR,yfinance,2026-02-10T05:10:38.179198+00:00
2021-12-09,43.20000076293945,44.349998474121094,43.18000030517578,43.25,38.687591552734375,2277400,TPR,yfinance,2026-02-10T05:10:38.179198+00:00
2021-12-10,43.25,43.5099983215332,42.900001525878906,43.22999954223633,38.66970443725586,2555500,TPR,yfinance,2026-02-10T05:10:38.179198+00:00
2021-12-13,43.220001220703125,43.58000183105469,41.31999969482422,42.04999923706055,37.61417770385742,3438400,TPR,yfinance,2026-02-10T05:10:38.179198+00:00
2021-12-14,41.900001525878906,42.9900016784668,41.68000030517578,42.459999084472656,37.98093032836914,5785900,TPR,yfinance,2026-02-10T05:10:38.179198+00:00
2021-12-15,42.34000015258789,42.7599983215332,40.54999923706055,41.7599983215332,37.35477828979492,4623200,TPR,yfinance,2026-02-10T05:10:38.179198+00:00
2021-12-16,41.9900016784668,42.56999969482422,41.09000015258789,41.18000030517578,36.83595657348633,4146000,TPR,yfinance,2026-02-10T05:10:38.179198+00:00
2021-12-17,40.650001525878906,41.689998626708984,40.15999984741211,41.2599983215332,36.90752029418945,4742300,TPR,yfinance,2026-02-10T05:10:38.179198+00:00
2021-12-20,40.529998779296875,40.529998779296875,38.619998931884766,39.33000183105469,35.18111038208008,4363400,TPR,yfinance,2026-02-10T05:10:38.179198+00:00
2021-12-21,40.0,41.18000030517578,39.970001220703125,40.93000030517578,36.612327575683594,2809100,TPR,yfinance,2026-02-10T05:10:38.179198+00:00
2021-12-22,40.849998474121094,41.45000076293945,40.630001068115234,41.08000183105469,36.746498107910156,2203900,TPR,yfinance,2026-02-10T05:10:38.179198+00:00
2021-12-23,41.310001373291016,41.54999923706055,40.939998626708984,41.2599983215332,36.90752029418945,1847000,TPR,yfinance,2026-02-10T05:10:38.179198+00:00
2021-12-27,41.40999984741211,41.54999923706055,40.959999084472656,41.119998931884766,36.782291412353516,2800200,TPR,yfinance,2026-02-10T05:10:38.179198+00:00
2021-12-28,41.0,41.709999084472656,40.560001373291016,40.59000015258789,36.30820083618164,1914300,TPR,yfinance,2026-02-10T05:10:38.179198+00:00
2021-12-29,40.619998931884766,40.810001373291016,40.25,40.59000015258789,36.30820083618164,2688900,TPR,yfinance,2026-02-10T05:10:38.179198+00:00
2021-12-30,40.47999954223633,41.209999084472656,40.47999954223633,40.810001373291016,36.50498580932617,2855200,TPR,yfinance,2026-02-10T05:10:38.179198+00:00
2021-12-31,40.619998931884766,40.83000183105469,39.9900016784668,40.599998474121094,36.317138671875,2070600,TPR,yfinance,2026-02-10T05:10:38.179198+00:00
2022-01-03,41.0099983215332,41.779998779296875,40.70000076293945,40.810001373291016,36.50498580932617,2267200,TPR,yfinance,2026-02-10T05:10:38.179198+00:00
2022-01-04,41.41999816894531,42.2400016784668,41.220001220703125,41.650001525878906,37.256378173828125,2252200,TPR,yfinance,2026-02-10T05:10:38.179198+00:00
2022-01-05,41.709999084472656,42.36000061035156,41.09000015258789,41.279998779296875,36.92540740966797,4091700,TPR,yfinance,2026-02-10T05:10:38.179198+00:00
2022-01-06,41.59000015258789,42.04999923706055,40.75,41.45000076293945,37.077476501464844,2148400,TPR,yfinance,2026-02-10T05:10:38.179198+00:00
2022-01-07,41.18000030517578,41.380001068115234,39.31999969482422,39.34000015258789,35.19005584716797,3045800,TPR,yfinance,2026-02-10T05:10:38.179198+00:00
2022-01-10,38.59000015258789,38.900001525878906,36.810001373291016,37.5,33.54415512084961,5200500,TPR,yfinance,2026-02-10T05:10:38.179198+00:00
2022-01-11,37.5,38.2400016784668,36.88999938964844,38.209999084472656,34.17926025390625,2943100,TPR,yfinance,2026-02-10T05:10:38.179198+00:00
2022-01-12,38.400001525878906,38.849998474121094,37.7400016784668,38.54999923706055,34.48339080810547,2438900,TPR,yfinance,2026-02-10T05:10:38.179198+00:00
2022-01-13,38.66999816894531,39.72999954223633,38.45000076293945,39.22999954223633,35.09165954589844,2604600,TPR,yfinance,2026-02-10T05:10:38.179198+00:00
2022-01-14,38.599998474121094,38.88999938964844,37.529998779296875,38.369998931884766,34.3223762512207,3115000,TPR,yfinance,2026-02-10T05:10:38.179198+00:00
2022-01-18,37.900001525878906,37.97999954223633,37.2599983215332,37.470001220703125,33.5173225402832,3090300,TPR,yfinance,2026-02-10T05:10:38.179198+00:00
2022-01-19,37.849998474121094,38.290000915527344,37.459999084472656,37.459999084472656,33.50837326049805,2607400,TPR,yfinance,2026-02-10T05:10:38.179198+00:00
2022-01-20,37.41999816894531,38.380001068115234,36.65999984741211,36.7599983215332,32.88222122192383,2392100,TPR,yfinance,2026-02-10T05:10:38.179198+00:00
2022-01-21,36.720001220703125,37.66999816894531,36.31999969482422,36.54999923706055,32.694374084472656,3371200,TPR,yfinance,2026-02-10T05:10:38.179198+00:00
2022-01-24,35.86000061035156,38.189998626708984,35.369998931884766,38.189998626708984,34.161373138427734,4949500,TPR,yfinance,2026-02-10T05:10:38.179198+00:00
2022-01-25,37.099998474121094,37.86000061035156,36.54999923706055,37.459999084472656,33.50837326049805,2572600,TPR,yfinance,2026-02-10T05:10:38.179198+00:00
2022-01-26,38.11000061035156,38.470001220703125,36.290000915527344,36.779998779296875,32.90010452270508,2661600,TPR,yfinance,2026-02-10T05:10:38.179198+00:00
2022-01-27,37.43000030517578,38.25,36.77000045776367,37.060001373291016,33.15057373046875,2715800,TPR,yfinance,2026-02-10T05:10:38.179198+00:00
2022-01-28,37.29999923706055,37.709999084472656,36.400001525878906,37.630001068115234,33.66044235229492,2785700,TPR,yfinance,2026-02-10T05:10:38.179198+00:00
2022-01-31,37.209999084472656,38.040000915527344,37.09000015258789,37.95000076293945,33.94668960571289,2751300,TPR,yfinance,2026-02-10T05:10:38.179198+00:00
2022-02-01,38.29999923706055,38.86000061035156,37.959999084472656,38.75,34.66230010986328,2448400,TPR,yfinance,2026-02-10T05:10:38.179198+00:00
2022-02-02,40.45000076293945,40.54999923706055,38.47999954223633,39.11000061035156,34.98432159423828,4217700,TPR,yfinance,2026-02-10T05:10:38.179198+00:00
2022-02-03,38.63999938964844,39.900001525878906,38.150001525878906,38.33000183105469,34.28660202026367,3132500,TPR,yfinance,2026-02-10T05:10:38.179198+00:00
2022-02-04,38.029998779296875,38.7599983215332,37.54999923706055,38.470001220703125,34.411834716796875,2818000,TPR,yfinance,2026-02-10T05:10:38.179198+00:00
2022-02-07,38.75,38.93000030517578,38.11000061035156,38.650001525878906,34.57284164428711,3322300,TPR,yfinance,2026-02-10T05:10:38.179198+00:00
2022-02-08,38.83000183105469,39.880001068115234,38.54999923706055,39.59000015258789,35.413692474365234,4908900,TPR,yfinance,2026-02-10T05:10:38.179198+00:00
2022-02-09,39.970001220703125,40.779998779296875,39.61000061035156,40.709999084472656,36.4155387878418,3959000,TPR,yfinance,2026-02-10T05:10:38.179198+00:00
2022-02-10,40.68000030517578,42.119998931884766,40.20000076293945,40.720001220703125,36.42448425292969,5325300,TPR,yfinance,2026-02-10T05:10:38.179198+00:00
2022-02-11,40.70000076293945,40.7400016784668,38.939998626708984,39.18000030517578,35.04692840576172,4801100,TPR,yfinance,2026-02-10T05:10:38.179198+00:00
2022-02-14,39.439998626708984,39.68000030517578,38.72999954223633,39.04999923706055,34.93064498901367,3788700,TPR,yfinance,2026-02-10T05:10:38.179198+00:00
2022-02-15,39.61000061035156,40.959999084472656,39.56999969482422,40.720001220703125,36.42448425292969,3265400,TPR,yfinance,2026-02-10T05:10:38.179198+00:00
2022-02-16,40.4900016784668,41.220001220703125,40.36000061035156,40.93000030517578,36.612327575683594,3414200,TPR,yfinance,2026-02-10T05:10:38.179198+00:00
2022-02-17,40.529998779296875,41.060001373291016,39.689998626708984,39.849998474121094,35.64625549316406,2936200,TPR,yfinance,2026-02-10T05:10:38.179198+00:00
2022-02-18,39.84000015258789,40.560001373291016,39.41999816894531,39.470001220703125,35.30634689331055,3195900,TPR,yfinance,2026-02-10T05:10:38.179198+00:00
2022-02-22,39.0,40.22999954223633,38.880001068115234,39.560001373291016,35.3868522644043,4307400,TPR,yfinance,2026-02-10T05:10:38.179198+00:00
2022-02-23,39.95000076293945,40.20000076293945,39.060001373291016,39.15999984741211,35.029052734375,3797900,TPR,yfinance,2026-02-10T05:10:38.179198+00:00
2022-02-24,37.91999816894531,39.2599983215332,37.599998474121094,39.15999984741211,35.029052734375,4223300,TPR,yfinance,2026-02-10T05:10:38.179198+00:00
2022-02-25,39.22999954223633,40.880001068115234,39.13999938964844,40.7599983215332,36.460262298583984,3799400,TPR,yfinance,2026-02-10T05:10:38.179198+00:00
2022-02-28,39.959999084472656,41.16999816894531,39.7400016784668,40.900001525878906,36.58549499511719,3498600,TPR,yfinance,2026-02-10T05:10:38.179198+00:00
2022-03-01,40.630001068115234,41.0,38.58000183105469,38.810001373291016,34.715965270996094,4548500,TPR,yfinance,2026-02-10T05:10:38.179198+00:00
2022-03-02,39.290000915527344,41.68000030517578,39.290000915527344,41.349998474121094,36.98802185058594,6778400,TPR,yfinance,2026-02-10T05:10:38.179198+00:00
2022-03-03,41.11000061035156,41.400001525878906,39.40999984741211,39.79999923706055,35.81808853149414,4024700,TPR,yfinance,2026-02-10T05:10:38.179198+00:00
2022-03-04,39.15999984741211,39.36000061035156,36.34000015258789,36.45000076293945,32.803245544433594,6026500,TPR,yfinance,2026-02-10T05:10:38.179198+00:00
2022-03-07,36.16999816894531,36.45000076293945,31.780000686645508,32.119998931884766,28.906455993652344,9428900,TPR,yfinance,2026-02-10T05:10:38.179198+00:00
2022-03-08,32.40999984741211,33.880001068115234,31.709999084472656,32.43000030517578,29.185443878173828,6013300,TPR,yfinance,2026-02-10T05:10:38.179198+00:00
2022-03-09,34.040000915527344,36.130001068115234,34.040000915527344,35.880001068115234,32.290283203125,6329700,TPR,yfinance,2026-02-10T05:10:38.179198+00:00
2022-03-10,35.060001373291016,36.279998779296875,34.75,35.56999969482422,32.011295318603516,4439000,TPR,yfinance,2026-02-10T05:10:38.179198+00:00
2022-03-11,35.93000030517578,36.0,34.279998779296875,34.349998474121094,30.913352966308594,4689900,TPR,yfinance,2026-02-10T05:10:38.179198+00:00
2022-03-14,34.43000030517578,34.72999954223633,33.380001068115234,33.7400016784668,30.3643798828125,5388000,TPR,yfinance,2026-02-10T05:10:38.179198+00:00
2022-03-15,34.56999969482422,35.88999938964844,34.09000015258789,35.150001525878906,31.63330841064453,5855300,TPR,yfinance,2026-02-10T05:10:38.179198+00:00
2022-03-16,35.939998626708984,37.86000061035156,35.68000030517578,37.060001373291016,33.35222244262695,4666600,TPR,yfinance,2026-02-10T05:10:38.179198+00:00
2022-03-17,36.630001068115234,37.43000030517578,36.41999816894531,37.43000030517578,33.685203552246094,4046300,TPR,yfinance,2026-02-10T05:10:38.179198+00:00
2022-03-18,36.79999923706055,38.45000076293945,36.70000076293945,38.40999984741211,34.5671501159668,9841000,TPR,yfinance,2026-02-10T05:10:38.179198+00:00
2022-03-21,38.54999923706055,38.70000076293945,37.279998779296875,37.880001068115234,34.090179443359375,3662200,TPR,yfinance,2026-02-10T05:10:38.179198+00:00
2022-03-22,38.380001068115234,39.130001068115234,37.58000183105469,37.849998474121094,34.06318283081055,5512700,TPR,yfinance,2026-02-10T05:10:38.179198+00:00
2022-03-23,37.439998626708984,37.75,37.220001220703125,37.529998779296875,33.77519607543945,5276300,TPR,yfinance,2026-02-10T05:10:38.179198+00:00
2022-03-24,37.900001525878906,37.900001525878906,37.27000045776367,37.650001525878906,33.8831901550293,4547900,TPR,yfinance,2026-02-10T05:10:38.179198+00:00
2022-03-25,37.90999984741211,38.599998474121094,37.7599983215332,38.45000076293945,34.603153228759766,2529300,TPR,yfinance,2026-02-10T05:10:38.179198+00:00
2022-03-28,38.150001525878906,38.459999084472656,37.83000183105469,38.400001525878906,34.55815505981445,2278200,TPR,yfinance,2026-02-10T05:10:38.179198+00:00
2022-03-29,39.41999816894531,40.349998474121094,39.34000015258789,40.15999984741211,36.14207458496094,3028200,TPR,yfinance,2026-02-10T05:10:38.179198+00:00
2022-03-30,39.84000015258789,40.09000015258789,38.959999084472656,39.16999816894531,35.25110626220703,3088800,TPR,yfinance,2026-02-10T05:10:38.179198+00:00
2022-03-31,38.7599983215332,38.91999816894531,36.9900016784668,37.150001525878906,33.43321228027344,4266400,TPR,yfinance,2026-02-10T05:10:38.179198+00:00
2022-04-01,37.400001525878906,37.470001220703125,35.81999969482422,36.11000061035156,32.49726104736328,3410400,TPR,yfinance,2026-02-10T05:10:38.179198+00:00
2022-04-04,36.02000045776367,36.58000183105469,35.599998474121094,36.209999084472656,32.58725357055664,3251200,TPR,yfinance,2026-02-10T05:10:38.179198+00:00
2022-04-05,35.65999984741211,35.91999816894531,34.349998474121094,34.459999084472656,31.012346267700195,3746000,TPR,yfinance,2026-02-10T05:10:38.179198+00:00
2022-04-06,34.06999969482422,34.2400016784668,32.97999954223633,33.59000015258789,30.229387283325195,4599600,TPR,yfinance,2026-02-10T05:10:38.179198+00:00
2022-04-07,33.529998779296875,33.790000915527344,32.310001373291016,33.29999923706055,29.96839714050293,4137400,TPR,yfinance,2026-02-10T05:10:38.179198+00:00
2022-04-08,33.22999954223633,34.16999816894531,32.689998626708984,33.25,29.92340660095215,3800500,TPR,yfinance,2026-02-10T05:10:38.179198+00:00
2022-04-11,32.90999984741211,34.77000045776367,32.63999938964844,33.54999923706055,30.19338607788086,4123100,TPR,yfinance,2026-02-10T05:10:38.179198+00:00
2022-04-12,34.20000076293945,35.0,33.959999084472656,34.060001373291016,30.65236473083496,3592000,TPR,yfinance,2026-02-10T05:10:38.179198+00:00
2022-04-13,34.099998474121094,34.84000015258789,34.099998474121094,34.43000030517578,30.985336303710938,3145400,TPR,yfinance,2026-02-10T05:10:38.179198+00:00
2022-04-14,34.56999969482422,35.0,33.459999084472656,33.7400016784668,30.3643798828125,4329400,TPR,yfinance,2026-02-10T05:10:38.179198+00:00
2022-04-18,33.88999938964844,34.33000183105469,33.5,33.90999984741211,30.517372131347656,3940500,TPR,yfinance,2026-02-10T05:10:38.179198+00:00
2022-04-19,34.220001220703125,35.720001220703125,34.119998931884766,35.31999969482422,31.786296844482422,3236900,TPR,yfinance,2026-02-10T05:10:38.179198+00:00
2022-04-20,35.63999938964844,35.900001525878906,34.93000030517578,34.959999084472656,31.46231460571289,2080800,TPR,yfinance,2026-02-10T05:10:38.179198+00:00
2022-04-21,35.459999084472656,35.849998474121094,34.209999084472656,34.540000915527344,31.08433723449707,2949700,TPR,yfinance,2026-02-10T05:10:38.179198+00:00
2022-04-22,33.97999954223633,34.119998931884766,32.869998931884766,32.959999084472656,29.662416458129883,2804900,TPR,yfinance,2026-02-10T05:10:38.179198+00:00
2022-04-25,32.66999816894531,33.20000076293945,32.189998626708984,33.16999816894531,29.851404190063477,4596500,TPR,yfinance,2026-02-10T05:10:38.179198+00:00
2022-04-26,32.959999084472656,33.040000915527344,32.0099983215332,32.439998626708984,29.194442749023438,2514200,TPR,yfinance,2026-02-10T05:10:38.179198+00:00
2022-04-27,32.27000045776367,33.5,32.06999969482422,32.720001220703125,29.446434020996094,5718700,TPR,yfinance,2026-02-10T05:10:38.179198+00:00
2022-04-28,33.0,33.66999816894531,32.279998779296875,33.400001525878906,30.05838966369629,3512800,TPR,yfinance,2026-02-10T05:10:38.179198+00:00
2022-04-29,33.43000030517578,33.900001525878906,32.77000045776367,32.91999816894531,29.626415252685547,2599300,TPR,yfinance,2026-02-10T05:10:38.179198+00:00
2022-05-02,33.0099983215332,33.630001068115234,32.52000045776367,33.599998474121094,30.238380432128906,2307900,TPR,yfinance,2026-02-10T05:10:38.179198+00:00
2022-05-03,33.47999954223633,33.7400016784668,32.279998779296875,32.7400016784668,29.464426040649414,4188000,TPR,yfinance,2026-02-10T05:10:38.179198+00:00
2022-05-04,32.79999923706055,33.33000183105469,31.479999542236328,33.25,29.92340660095215,3419000,TPR,yfinance,2026-02-10T05:10:38.179198+00:00
2022-05-05,32.790000915527344,32.869998931884766,30.989999771118164,31.479999542236328,28.330486297607422,4078700,TPR,yfinance,2026-02-10T05:10:38.179198+00:00
2022-05-06,30.979999542236328,31.190000534057617,29.600000381469727,30.34000015258789,27.304540634155273,4126600,TPR,yfinance,2026-02-10T05:10:38.179198+00:00
2022-05-09,29.799999237060547,30.450000762939453,28.68000030517578,28.84000015258789,25.954614639282227,8051400,TPR,yfinance,2026-02-10T05:10:38.179198+00:00
2022-05-10,29.25,29.399999618530273,27.690000534057617,28.290000915527344,25.459640502929688,7173000,TPR,yfinance,2026-02-10T05:10:38.179198+00:00
2022-05-11,28.40999984741211,28.530000686645508,26.389999389648438,26.520000457763672,23.86672592163086,8022400,TPR,yfinance,2026-02-10T05:10:38.179198+00:00
2022-05-12,28.270000457763672,31.56999969482422,28.100000381469727,30.6299991607666,27.565523147583008,11917900,TPR,yfinance,2026-02-10T05:10:38.179198+00:00
2022-05-13,30.420000076293945,32.18000030517578,30.329999923706055,31.510000228881836,28.357486724853516,6160900,TPR,yfinance,2026-02-10T05:10:38.179198+00:00
2022-05-16,31.260000228881836,32.63999938964844,31.25,32.029998779296875,28.825456619262695,6263200,TPR,yfinance,2026-02-10T05:10:38.179198+00:00
2022-05-17,32.790000915527344,33.400001525878906,31.950000762939453,33.029998779296875,29.725414276123047,6204800,TPR,yfinance,2026-02-10T05:10:38.179198+00:00
2022-05-18,31.5,33.02000045776367,31.100000381469727,31.850000381469727,28.663469314575195,5085900,TPR,yfinance,2026-02-10T05:10:38.179198+00:00
2022-05-19,31.25,31.950000762939453,30.940000534057617,30.969999313354492,27.87151336669922,4035600,TPR,yfinance,2026-02-10T05:10:38.179198+00:00
2022-05-20,31.65999984741211,31.809999465942383,30.530000686645508,31.40999984741211,28.26749038696289,5084200,TPR,yfinance,2026-02-10T05:10:38.179198+00:00
2022-05-23,31.920000076293945,32.06999969482422,30.84000015258789,31.299999237060547,28.168493270874023,4137300,TPR,yfinance,2026-02-10T05:10:38.179198+00:00
2022-05-24,30.81999969482422,30.81999969482422,29.780000686645508,30.040000915527344,27.034557342529297,6116000,TPR,yfinance,2026-02-10T05:10:38.179198+00:00
2022-05-25,29.579999923706055,31.829999923706055,29.549999237060547,31.520000457763672,28.366485595703125,4174900,TPR,yfinance,2026-02-10T05:10:38.179198+00:00
2022-05-26,32.11000061035156,33.709999084472656,32.11000061035156,33.400001525878906,30.05838966369629,3272500,TPR,yfinance,2026-02-10T05:10:38.179198+00:00
2022-05-27,33.33000183105469,34.34000015258789,33.33000183105469,34.34000015258789,30.904354095458984,3029800,TPR,yfinance,2026-02-10T05:10:38.179198+00:00
2022-05-31,34.439998626708984,34.970001220703125,33.720001220703125,34.5,31.048341751098633,5689200,TPR,yfinance,2026-02-10T05:10:38.179198+00:00
2022-06-01,35.029998779296875,35.52000045776367,33.70000076293945,34.13999938964844,30.72435760498047,3834600,TPR,yfinance,2026-02-10T05:10:38.179198+00:00
2022-06-02,34.439998626708984,35.22999954223633,34.380001068115234,35.15999984741211,31.875732421875,2904000,TPR,yfinance,2026-02-10T05:10:38.179198+00:00
2022-06-03,34.61000061035156,35.29999923706055,34.439998626708984,34.880001068115234,31.621885299682617,2200700,TPR,yfinance,2026-02-10T05:10:38.179198+00:00
2022-06-06,34.95000076293945,35.189998626708984,34.310001373291016,34.619998931884766,31.386171340942383,3975700,TPR,yfinance,2026-02-10T05:10:38.179198+00:00
2022-06-07,33.86000061035156,35.20000076293945,33.47999954223633,34.88999938964844,31.630949020385742,3134900,TPR,yfinance,2026-02-10T05:10:38.179198+00:00
2022-06-08,34.5,35.189998626708984,34.279998779296875,34.810001373291016,31.558420181274414,3369000,TPR,yfinance,2026-02-10T05:10:38.179198+00:00
2022-06-09,34.4900016784668,34.84000015258789,34.209999084472656,34.34000015258789,31.132322311401367,2572200,TPR,yfinance,2026-02-10T05:10:38.179198+00:00
2022-06-10,33.54999923706055,33.83000183105469,32.66999816894531,32.70000076293945,29.645517349243164,4034300,TPR,yfinance,2026-02-10T05:10:38.179198+00:00
2022-06-13,31.6200008392334,31.93000030517578,30.3700008392334,30.93000030517578,28.040847778320312,4770900,TPR,yfinance,2026-02-10T05:10:38.179198+00:00
2022-06-14,31.020000457763672,32.099998474121094,30.969999313354492,31.600000381469727,28.648269653320312,3997800,TPR,yfinance,2026-02-10T05:10:38.179198+00:00
2022-06-15,32.63999938964844,33.279998779296875,32.18000030517578,32.70000076293945,29.645517349243164,5095300,TPR,yfinance,2026-02-10T05:10:38.179198+00:00
2022-06-16,31.700000762939453,31.829999923706055,30.1299991607666,30.520000457763672,27.669147491455078,4776800,TPR,yfinance,2026-02-10T05:10:38.179198+00:00
2022-06-17,30.450000762939453,32.369998931884766,30.450000762939453,32.099998474121094,29.1015625,8644700,TPR,yfinance,2026-02-10T05:10:38.179198+00:00
2022-06-21,32.86000061035156,33.119998931884766,31.760000228881836,32.150001525878906,29.14689064025879,3584600,TPR,yfinance,2026-02-10T05:10:38.179198+00:00
2022-06-22,31.610000610351562,32.09000015258789,30.969999313354492,31.110000610351562,28.204036712646484,4194500,TPR,yfinance,2026-02-10T05:10:38.179198+00:00
2022-06-23,31.399999618530273,32.16999816894531,31.190000534057617,32.09000015258789,29.092496871948242,3508800,TPR,yfinance,2026-02-10T05:10:38.179198+00:00
2022-06-24,32.68000030517578,33.619998931884766,32.560001373291016,33.33000183105469,30.2166690826416,4001700,TPR,yfinance,2026-02-10T05:10:38.179198+00:00
2022-06-27,33.4900016784668,33.68000030517578,32.29999923706055,32.54999923706055,29.5095272064209,2924500,TPR,yfinance,2026-02-10T05:10:38.179198+00:00
2022-06-28,33.209999084472656,33.720001220703125,32.15999984741211,32.220001220703125,29.21035385131836,3027500,TPR,yfinance,2026-02-10T05:10:38.179198+00:00
2022-06-29,32.150001525878906,32.220001220703125,30.8799991607666,31.209999084472656,28.294696807861328,3506200,TPR,yfinance,2026-02-10T05:10:38.179198+00:00
2022-06-30,30.3799991607666,30.959999084472656,29.899999618530273,30.520000457763672,27.669147491455078,3399400,TPR,yfinance,2026-02-10T05:10:38.179198+00:00
2022-07-01,30.469999313354492,31.139999389648438,30.049999237060547,30.81999969482422,27.941123962402344,3231900,TPR,yfinance,2026-02-10T05:10:38.179198+00:00
2022-07-05,30.15999984741211,31.389999389648438,30.06999969482422,31.34000015258789,28.412553787231445,4471800,TPR,yfinance,2026-02-10T05:10:38.179198+00:00
2022-07-06,31.309999465942383,31.639999389648438,30.239999771118164,30.639999389648438,27.77794075012207,3555000,TPR,yfinance,2026-02-10T05:10:38.179198+00:00
2022-07-07,30.920000076293945,32.119998931884766,30.760000228881836,32.060001373291016,29.065298080444336,3120300,TPR,yfinance,2026-02-10T05:10:38.179198+00:00
2022-07-08,31.90999984741211,32.029998779296875,31.059999465942383,31.81999969482422,28.847715377807617,2225400,TPR,yfinance,2026-02-10T05:10:38.179198+00:00
2022-07-11,31.360000610351562,31.459999084472656,30.270000457763672,30.8799991607666,27.995521545410156,2786800,TPR,yfinance,2026-02-10T05:10:38.179198+00:00
2022-07-12,30.65999984741211,31.649999618530273,30.65999984741211,31.260000228881836,28.340023040771484,3464100,TPR,yfinance,2026-02-10T05:10:38.179198+00:00
2022-07-13,30.739999771118164,31.579999923706055,30.459999084472656,31.399999618530273,28.466947555541992,3971500,TPR,yfinance,2026-02-10T05:10:38.179198+00:00
2022-07-14,30.760000228881836,31.219999313354492,30.420000076293945,31.100000381469727,28.194969177246094,2110100,TPR,yfinance,2026-02-10T05:10:38.179198+00:00
2022-07-15,31.450000762939453,31.75,30.440000534057617,30.799999237060547,27.92299461364746,2548500,TPR,yfinance,2026-02-10T05:10:38.179198+00:00
2022-07-18,31.440000534057617,32.290000915527344,31.25,31.440000534057617,28.503215789794922,3383500,TPR,yfinance,2026-02-10T05:10:38.179198+00:00
2022-07-19,32.0099983215332,33.380001068115234,31.889999389648438,32.97999954223633,29.899364471435547,3533500,TPR,yfinance,2026-02-10T05:10:38.179198+00:00
2022-07-20,33.08000183105469,33.88999938964844,32.91999816894531,33.83000183105469,30.669965744018555,4674300,TPR,yfinance,2026-02-10T05:10:38.179198+00:00
2022-07-21,33.40999984741211,34.11000061035156,32.75,34.029998779296875,30.851280212402344,2832400,TPR,yfinance,2026-02-10T05:10:38.179198+00:00
2022-07-22,34.22999954223633,34.529998779296875,33.5,33.95000076293945,30.77875328063965,2472700,TPR,yfinance,2026-02-10T05:10:38.179198+00:00
2022-07-25,34.150001525878906,34.209999084472656,33.43000030517578,34.099998474121094,30.914743423461914,2141400,TPR,yfinance,2026-02-10T05:10:38.179198+00:00
2022-07-26,33.2599983215332,33.65999984741211,32.33000183105469,32.52000045776367,29.482328414916992,3011400,TPR,yfinance,2026-02-10T05:10:38.179198+00:00
2022-07-27,32.9900016784668,33.83000183105469,32.529998779296875,33.72999954223633,30.579309463500977,3161300,TPR,yfinance,2026-02-10T05:10:38.179198+00:00
2022-07-28,34.130001068115234,34.22999954223633,33.150001525878906,34.029998779296875,30.851280212402344,2778300,TPR,yfinance,2026-02-10T05:10:38.179198+00:00
2022-07-29,33.939998626708984,34.060001373291016,33.22999954223633,33.630001068115234,30.488643646240234,2348200,TPR,yfinance,2026-02-10T05:10:38.179198+00:00
2022-08-01,33.52000045776367,34.130001068115234,33.16999816894531,34.0,30.824077606201172,2575600,TPR,yfinance,2026-02-10T05:10:38.179198+00:00
2022-08-02,33.599998474121094,33.599998474121094,32.88999938964844,33.0,29.917499542236328,2583500,TPR,yfinance,2026-02-10T05:10:38.179198+00:00
2022-08-03,33.540000915527344,34.099998474121094,33.43000030517578,33.83000183105469,30.669965744018555,2118200,TPR,yfinance,2026-02-10T05:10:38.179198+00:00
2022-08-04,33.619998931884766,34.0099983215332,33.380001068115234,33.869998931884766,30.706226348876953,2419700,TPR,yfinance,2026-02-10T05:10:38.179198+00:00
2022-08-05,33.45000076293945,34.15999984741211,33.33000183105469,34.08000183105469,30.896617889404297,1962600,TPR,yfinance,2026-02-10T05:10:38.179198+00:00
2022-08-08,34.41999816894531,35.150001525878906,34.2599983215332,34.40999984741211,31.195791244506836,2344900,TPR,yfinance,2026-02-10T05:10:38.179198+00:00
2022-08-09,34.31999969482422,34.31999969482422,32.34000015258789,33.290000915527344,30.180402755737305,4580100,TPR,yfinance,2026-02-10T05:10:38.179198+00:00
2022-08-10,34.43000030517578,34.790000915527344,34.02000045776367,34.439998626708984,31.22298240661621,3854200,TPR,yfinance,2026-02-10T05:10:38.179198+00:00
2022-08-11,35.04999923706055,35.97999954223633,34.91999816894531,35.5,32.18396759033203,2620300,TPR,yfinance,2026-02-10T05:10:38.179198+00:00
2022-08-12,35.709999084472656,35.970001220703125,35.09000015258789,35.689998626708984,32.35622024536133,2719100,TPR,yfinance,2026-02-10T05:10:38.179198+00:00
2022-08-15,35.400001525878906,36.04999923706055,35.38999938964844,35.93000030517578,32.57380294799805,2845900,TPR,yfinance,2026-02-10T05:10:38.179198+00:00
2022-08-16,35.880001068115234,37.41999816894531,35.880001068115234,37.13999938964844,33.670780181884766,4635500,TPR,yfinance,2026-02-10T05:10:38.179198+00:00
2022-08-17,36.470001220703125,37.540000915527344,36.08000183105469,37.11000061035156,33.643577575683594,6224700,TPR,yfinance,2026-02-10T05:10:38.179198+00:00
2022-08-18,36.93000030517578,37.70000076293945,36.380001068115234,37.56999969482422,34.06060791015625,6586000,TPR,yfinance,2026-02-10T05:10:38.179198+00:00
2022-08-19,37.56999969482422,37.58000183105469,36.529998779296875,36.83000183105469,33.38972854614258,4768800,TPR,yfinance,2026-02-10T05:10:38.179198+00:00
2022-08-22,35.970001220703125,36.15999984741211,35.290000915527344,35.40999984741211,32.10237503051758,4007600,TPR,yfinance,2026-02-10T05:10:38.179198+00:00
2022-08-23,35.5099983215332,36.68000030517578,35.5099983215332,36.2400016784668,32.8548469543457,3579800,TPR,yfinance,2026-02-10T05:10:38.179198+00:00
2022-08-24,36.20000076293945,36.52000045776367,35.880001068115234,36.029998779296875,32.664459228515625,2965600,TPR,yfinance,2026-02-10T05:10:38.179198+00:00
2022-08-25,36.0,37.220001220703125,35.970001220703125,36.77000045776367,33.33534240722656,2613600,TPR,yfinance,2026-02-10T05:10:38.179198+00:00
2022-08-26,36.7599983215332,36.88999938964844,35.310001373291016,35.349998474121094,32.0479736328125,2273900,TPR,yfinance,2026-02-10T05:10:38.179198+00:00
2022-08-29,34.79999923706055,35.41999816894531,34.45000076293945,35.119998931884766,31.83946418762207,2221800,TPR,yfinance,2026-02-10T05:10:38.179198+00:00
2022-08-30,35.470001220703125,35.779998779296875,35.02000045776367,35.56999969482422,32.247432708740234,2764500,TPR,yfinance,2026-02-10T05:10:38.179198+00:00
2022-08-31,35.630001068115234,35.84000015258789,34.65999984741211,34.72999954223633,31.485898971557617,3533300,TPR,yfinance,2026-02-10T05:10:38.179198+00:00
2022-09-01,34.31999969482422,35.02000045776367,33.79999923706055,34.90999984741211,31.64908218383789,3621200,TPR,yfinance,2026-02-10T05:10:38.179198+00:00
2022-09-02,35.25,35.59000015258789,34.38999938964844,34.529998779296875,31.304580688476562,4273800,TPR,yfinance,2026-02-10T05:10:38.179198+00:00
2022-09-06,34.630001068115234,34.939998626708984,33.150001525878906,33.529998779296875,30.39798355102539,4026900,TPR,yfinance,2026-02-10T05:10:38.179198+00:00
2022-09-07,33.41999816894531,34.5099983215332,33.41999816894531,34.47999954223633,31.259241104125977,3070300,TPR,yfinance,2026-02-10T05:10:38.179198+00:00
2022-09-08,33.810001373291016,34.619998931884766,33.16999816894531,34.58000183105469,31.625072479248047,3460100,TPR,yfinance,2026-02-10T05:10:38.179198+00:00
2022-09-09,35.0,35.849998474121094,35.0,35.52000045776367,32.4847412109375,5036300,TPR,yfinance,2026-02-10T05:10:38.179198+00:00
2022-09-12,36.0,36.97999954223633,35.9900016784668,36.380001068115234,33.2712516784668,5004200,TPR,yfinance,2026-02-10T05:10:38.179198+00:00
2022-09-13,35.11000061035156,35.84000015258789,34.29999923706055,34.439998626708984,31.497024536132812,5231000,TPR,yfinance,2026-02-10T05:10:38.179198+00:00
2022-09-14,34.599998474121094,34.599998474121094,33.59000015258789,33.7400016784668,30.856849670410156,5034700,TPR,yfinance,2026-02-10T05:10:38.179198+00:00
2022-09-15,33.5,34.52000045776367,33.18000030517578,33.220001220703125,30.381284713745117,4830600,TPR,yfinance,2026-02-10T05:10:38.179198+00:00
2022-09-16,32.689998626708984,33.119998931884766,32.18000030517578,32.54999923706055,29.768535614013672,6754400,TPR,yfinance,2026-02-10T05:10:38.179198+00:00
2022-09-19,32.380001068115234,33.36000061035156,32.279998779296875,33.119998931884766,30.289823532104492,3049900,TPR,yfinance,2026-02-10T05:10:38.179198+00:00
2022-09-20,32.70000076293945,33.16999816894531,32.06999969482422,32.400001525878906,29.63135528564453,2811500,TPR,yfinance,2026-02-10T05:10:38.179198+00:00
2022-09-21,32.65999984741211,33.25,31.950000762939453,31.959999084472656,29.22895050048828,3323900,TPR,yfinance,2026-02-10T05:10:38.179198+00:00
2022-09-22,31.920000076293945,32.02000045776367,30.719999313354492,30.950000762939453,28.305259704589844,4825400,TPR,yfinance,2026-02-10T05:10:38.179198+00:00
2022-09-23,30.34000015258789,30.65999984741211,29.31999969482422,29.65999984741211,27.12548828125,3398400,TPR,yfinance,2026-02-10T05:10:38.179198+00:00
2022-09-26,29.450000762939453,29.889999389648438,28.610000610351562,28.6299991607666,26.183507919311523,3143800,TPR,yfinance,2026-02-10T05:10:38.179198+00:00
2022-09-27,29.139999389648438,29.34000015258789,28.530000686645508,29.030000686645508,26.549327850341797,3277800,TPR,yfinance,2026-02-10T05:10:38.179198+00:00
2022-09-28,29.290000915527344,30.1299991607666,29.15999984741211,29.899999618530273,27.344982147216797,3709600,TPR,yfinance,2026-02-10T05:10:38.179198+00:00
2022-09-29,29.299999237060547,29.389999389648438,28.489999771118164,28.889999389648438,26.421289443969727,3111900,TPR,yfinance,2026-02-10T05:10:38.179198+00:00
2022-09-30,28.360000610351562,29.170000076293945,27.530000686645508,28.43000030517578,26.000598907470703,3214800,TPR,yfinance,2026-02-10T05:10:38.179198+00:00
2022-10-03,28.90999984741211,29.950000762939453,28.309999465942383,29.670000076293945,27.134632110595703,3750100,TPR,yfinance,2026-02-10T05:10:38.179198+00:00
2022-10-04,30.579999923706055,31.469999313354492,30.3799991607666,31.440000534057617,28.753387451171875,4065500,TPR,yfinance,2026-02-10T05:10:38.179198+00:00
2022-10-05,30.979999542236328,32.06999969482422,30.780000686645508,31.860000610351562,29.137500762939453,2995200,TPR,yfinance,2026-02-10T05:10:38.179198+00:00
2022-10-06,31.719999313354492,32.29999923706055,31.600000381469727,32.0099983215332,29.274677276611328,3059300,TPR,yfinance,2026-02-10T05:10:38.179198+00:00
2022-10-07,31.360000610351562,31.670000076293945,31.06999969482422,31.479999542236328,28.789966583251953,2925100,TPR,yfinance,2026-02-10T05:10:38.179198+00:00
2022-10-10,31.690000534057617,31.81999969482422,30.209999084472656,31.139999389648438,28.479021072387695,2963900,TPR,yfinance,2026-02-10T05:10:38.179198+00:00
2022-10-11,31.15999984741211,31.579999923706055,30.139999389648438,30.6299991607666,28.01259994506836,4849300,TPR,yfinance,2026-02-10T05:10:38.179198+00:00
2022-10-12,30.670000076293945,31.520000457763672,30.34000015258789,31.209999084472656,28.543041229248047,2719200,TPR,yfinance,2026-02-10T05:10:38.179198+00:00
2022-10-13,30.540000915527344,31.59000015258789,29.719999313354492,31.09000015258789,28.43329429626465,4267500,TPR,yfinance,2026-02-10T05:10:38.179198+00:00
2022-10-14,31.459999084472656,31.739999771118164,30.209999084472656,30.270000457763672,27.683366775512695,3601000,TPR,yfinance,2026-02-10T05:10:38.179198+00:00
2022-10-17,31.040000915527344,31.3700008392334,30.639999389648438,31.3700008392334,28.68937110900879,3891900,TPR,yfinance,2026-02-10T05:10:38.179198+00:00
2022-10-18,32.310001373291016,32.7599983215332,31.049999237060547,31.290000915527344,28.6162052154541,3540600,TPR,yfinance,2026-02-10T05:10:38.179198+00:00
2022-10-19,31.010000228881836,31.309999465942383,30.100000381469727,30.610000610351562,27.994308471679688,2519700,TPR,yfinance,2026-02-10T05:10:38.179198+00:00
2022-10-20,30.780000686645508,31.90999984741211,30.360000610351562,30.479999542236328,27.87542152404785,3427100,TPR,yfinance,2026-02-10T05:10:38.179198+00:00
2022-10-21,30.479999542236328,31.399999618530273,30.18000030517578,31.270000457763672,28.597909927368164,2458500,TPR,yfinance,2026-02-10T05:10:38.179198+00:00
2022-10-24,31.239999771118164,31.299999237060547,29.959999084472656,30.350000381469727,27.75653076171875,4216300,TPR,yfinance,2026-02-10T05:10:38.179198+00:00
2022-10-25,30.459999084472656,32.20000076293945,30.059999465942383,31.959999084472656,29.22895050048828,3418900,TPR,yfinance,2026-02-10T05:10:38.179198+00:00
2022-10-26,31.670000076293945,32.529998779296875,31.34000015258789,31.65999984741211,28.9545841217041,2579400,TPR,yfinance,2026-02-10T05:10:38.179198+00:00
2022-10-27,31.959999084472656,32.45000076293945,31.6200008392334,31.709999084472656,29.000314712524414,2033800,TPR,yfinance,2026-02-10T05:10:38.179198+00:00
2022-10-28,31.59000015258789,32.150001525878906,31.260000228881836,31.940000534057617,29.21065902709961,2534000,TPR,yfinance,2026-02-10T05:10:38.179198+00:00
2022-10-31,31.84000015258789,32.209999084472656,31.549999237060547,31.68000030517578,28.972875595092773,3908300,TPR,yfinance,2026-02-10T05:10:38.179198+00:00
2022-11-01,32.40999984741211,32.79999923706055,31.610000610351562,32.15999984741211,29.41185760498047,3088100,TPR,yfinance,2026-02-10T05:10:38.179198+00:00
2022-11-02,31.969999313354492,32.029998779296875,30.549999237060547,30.59000015258789,27.97602081298828,3825500,TPR,yfinance,2026-02-10T05:10:38.179198+00:00
2022-11-03,30.34000015258789,30.469999313354492,29.229999542236328,30.040000915527344,27.473020553588867,3557000,TPR,yfinance,2026-02-10T05:10:38.179198+00:00
2022-11-04,31.219999313354492,32.47999954223633,31.18000030517578,32.459999084472656,29.68622589111328,4799400,TPR,yfinance,2026-02-10T05:10:38.179198+00:00
2022-11-07,32.560001373291016,32.70000076293945,31.139999389648438,32.0099983215332,29.274677276611328,3433200,TPR,yfinance,2026-02-10T05:10:38.179198+00:00
2022-11-08,32.31999969482422,32.939998626708984,31.739999771118164,32.279998779296875,29.521608352661133,3544400,TPR,yfinance,2026-02-10T05:10:38.179198+00:00
2022-11-09,31.93000030517578,32.72999954223633,31.06999969482422,31.219999313354492,28.552183151245117,4684600,TPR,yfinance,2026-02-10T05:10:38.179198+00:00
2022-11-10,31.31999969482422,32.869998931884766,29.649999618530273,32.540000915527344,29.75938606262207,6779000,TPR,yfinance,2026-02-10T05:10:38.179198+00:00
2022-11-11,32.540000915527344,35.7599983215332,32.540000915527344,35.369998931884766,32.34756088256836,4672100,TPR,yfinance,2026-02-10T05:10:38.179198+00:00
2022-11-14,34.529998779296875,35.20000076293945,34.130001068115234,34.25,31.323270797729492,4425000,TPR,yfinance,2026-02-10T05:10:38.179198+00:00
2022-11-15,35.04999923706055,35.439998626708984,34.290000915527344,34.97999954223633,31.990880966186523,3102600,TPR,yfinance,2026-02-10T05:10:38.179198+00:00
2022-11-16,34.189998626708984,34.459999084472656,33.47999954223633,34.349998474121094,31.414714813232422,3113000,TPR,yfinance,2026-02-10T05:10:38.179198+00:00
2022-11-17,33.88999938964844,35.0,33.529998779296875,34.88999938964844,31.908573150634766,4340100,TPR,yfinance,2026-02-10T05:10:38.179198+00:00
2022-11-18,35.380001068115234,35.849998474121094,34.599998474121094,34.9900016784668,32.00003433227539,3461600,TPR,yfinance,2026-02-10T05:10:38.179198+00:00
2022-11-21,34.619998931884766,34.91999816894531,34.09000015258789,34.560001373291016,31.606779098510742,2657500,TPR,yfinance,2026-02-10T05:10:38.179198+00:00
2022-11-22,35.08000183105469,36.27000045776367,35.040000915527344,36.22999954223633,33.134063720703125,3322500,TPR,yfinance,2026-02-10T05:10:38.179198+00:00
2022-11-23,36.06999969482422,36.9900016784668,36.06999969482422,36.959999084472656,33.80168914794922,3469500,TPR,yfinance,2026-02-10T05:10:38.179198+00:00
2022-11-25,36.869998931884766,37.45000076293945,36.810001373291016,37.06999969482422,33.90229034423828,2153600,TPR,yfinance,2026-02-10T05:10:38.179198+00:00
2022-11-28,36.939998626708984,37.060001373291016,36.279998779296875,36.47999954223633,33.362709045410156,4067000,TPR,yfinance,2026-02-10T05:10:38.179198+00:00
2022-11-29,37.189998626708984,37.7400016784668,37.099998474121094,37.25,34.06690979003906,4196600,TPR,yfinance,2026-02-10T05:10:38.179198+00:00
2022-11-30,37.459999084472656,37.939998626708984,36.939998626708984,37.77000045776367,34.54247283935547,4572500,TPR,yfinance,2026-02-10T05:10:38.179198+00:00
2022-12-01,37.91999816894531,38.619998931884766,37.79999923706055,38.47999954223633,35.19179916381836,4323900,TPR,yfinance,2026-02-10T05:10:38.179198+00:00
2022-12-02,38.349998474121094,39.20000076293945,38.189998626708984,38.810001373291016,35.49360656738281,3159800,TPR,yfinance,2026-02-10T05:10:38.179198+00:00
2022-12-05,38.2400016784668,38.380001068115234,37.04999923706055,37.150001525878906,33.97545623779297,3797200,TPR,yfinance,2026-02-10T05:10:38.179198+00:00
2022-12-06,37.25,37.88999938964844,36.97999954223633,37.290000915527344,34.103492736816406,4577100,TPR,yfinance,2026-02-10T05:10:38.179198+00:00
2022-12-07,37.119998931884766,37.459999084472656,36.66999816894531,36.75,33.6096305847168,3137900,TPR,yfinance,2026-02-10T05:10:38.179198+00:00
2022-12-08,36.970001220703125,37.349998474121094,36.59000015258789,36.93000030517578,34.05222702026367,2956900,TPR,yfinance,2026-02-10T05:10:38.179198+00:00
2022-12-09,36.4900016784668,36.91999816894531,36.060001373291016,36.38999938964844,33.5543098449707,2652400,TPR,yfinance,2026-02-10T05:10:38.179198+00:00
2022-12-12,37.290000915527344,37.439998626708984,36.34000015258789,37.33000183105469,34.421058654785156,3441800,TPR,yfinance,2026-02-10T05:10:38.179198+00:00
2022-12-13,38.5,38.849998474121094,37.869998931884766,38.36000061035156,35.37079620361328,5051200,TPR,yfinance,2026-02-10T05:10:38.179198+00:00
2022-12-14,38.36000061035156,38.7599983215332,37.59000015258789,38.060001373291016,35.09417724609375,3008500,TPR,yfinance,2026-02-10T05:10:38.179198+00:00
2022-12-15,37.029998779296875,37.33000183105469,36.40999984741211,37.29999923706055,34.393394470214844,3222100,TPR,yfinance,2026-02-10T05:10:38.179198+00:00
2022-12-16,36.90999984741211,37.27000045776367,36.15999984741211,36.599998474121094,33.74795150756836,6775500,TPR,yfinance,2026-02-10T05:10:38.179198+00:00
2022-12-19,36.61000061035156,36.61000061035156,35.65999984741211,35.939998626708984,33.139373779296875,3207400,TPR,yfinance,2026-02-10T05:10:38.179198+00:00
2022-12-20,35.81999969482422,36.20000076293945,35.4900016784668,35.95000076293945,33.148597717285156,2725100,TPR,yfinance,2026-02-10T05:10:38.179198+00:00
2022-12-21,36.7599983215332,37.43000030517578,36.72999954223633,37.15999984741211,34.264305114746094,2804500,TPR,yfinance,2026-02-10T05:10:38.179198+00:00
2022-12-22,36.939998626708984,37.41999816894531,36.540000915527344,37.400001525878906,34.4856071472168,2650200,TPR,yfinance,2026-02-10T05:10:38.179198+00:00
2022-12-23,37.36000061035156,37.529998779296875,36.9900016784668,37.41999816894531,34.50405502319336,2438500,TPR,yfinance,2026-02-10T05:10:38.179198+00:00
2022-12-27,37.43000030517578,38.369998931884766,37.400001525878906,38.11000061035156,35.14027404785156,3134400,TPR,yfinance,2026-02-10T05:10:38.179198+00:00
2022-12-28,38.02000045776367,38.29999923706055,36.529998779296875,36.91999816894531,34.04301071166992,3168900,TPR,yfinance,2026-02-10T05:10:38.179198+00:00
2022-12-29,37.16999816894531,38.0,37.13999938964844,37.720001220703125,34.780670166015625,1621100,TPR,yfinance,2026-02-10T05:10:38.179198+00:00
2022-12-30,37.349998474121094,38.119998931884766,37.279998779296875,38.08000183105469,35.11261749267578,2059800,TPR,yfinance,2026-02-10T05:10:38.179198+00:00
2023-01-03,39.380001068115234,39.599998474121094,38.33000183105469,38.83000183105469,35.80418014526367,3707800,TPR,yfinance,2026-02-10T05:10:38.179198+00:00
2023-01-04,39.209999084472656,39.93000030517578,38.959999084472656,39.650001525878906,36.56028366088867,3116800,TPR,yfinance,2026-02-10T05:10:38.179198+00:00
2023-01-05,39.0099983215332,40.220001220703125,38.70000076293945,39.720001220703125,36.624820709228516,3350300,TPR,yfinance,2026-02-10T05:10:38.179198+00:00
2023-01-06,40.130001068115234,41.209999084472656,40.04999923706055,41.04999923706055,37.85118103027344,2692900,TPR,yfinance,2026-02-10T05:10:38.179198+00:00
2023-01-09,41.189998626708984,41.7599983215332,40.15999984741211,41.25,38.03559112548828,3247900,TPR,yfinance,2026-02-10T05:10:38.179198+00:00
2023-01-10,41.09000015258789,41.97999954223633,40.7400016784668,41.939998626708984,38.67182540893555,3643000,TPR,yfinance,2026-02-10T05:10:38.179198+00:00
2023-01-11,42.0,42.720001220703125,41.709999084472656,42.349998474121094,39.04987335205078,4785400,TPR,yfinance,2026-02-10T05:10:38.179198+00:00
2023-01-12,42.41999816894531,43.29999923706055,42.349998474121094,43.099998474121094,39.741432189941406,4446300,TPR,yfinance,2026-02-10T05:10:38.179198+00:00
2023-01-13,42.779998779296875,43.58000183105469,42.77000045776367,43.380001068115234,39.99961471557617,2300100,TPR,yfinance,2026-02-10T05:10:38.179198+00:00
2023-01-17,43.29999923706055,43.75,43.20000076293945,43.630001068115234,40.230133056640625,3218700,TPR,yfinance,2026-02-10T05:10:38.179198+00:00
2023-01-18,43.84000015258789,44.09000015258789,43.47999954223633,43.75,40.340782165527344,4755600,TPR,yfinance,2026-02-10T05:10:38.179198+00:00
2023-01-19,43.04999923706055,43.279998779296875,42.33000183105469,42.68000030517578,39.35416030883789,3825300,TPR,yfinance,2026-02-10T05:10:38.179198+00:00
2023-01-20,42.90999984741211,43.83000183105469,42.61000061035156,43.709999084472656,40.303890228271484,3121700,TPR,yfinance,2026-02-10T05:10:38.179198+00:00
2023-01-23,43.11000061035156,44.22999954223633,42.7599983215332,44.220001220703125,40.774166107177734,4383500,TPR,yfinance,2026-02-10T05:10:38.179198+00:00
2023-01-24,44.13999938964844,44.40999984741211,43.380001068115234,43.560001373291016,40.165584564208984,2913900,TPR,yfinance,2026-02-10T05:10:38.179198+00:00
2023-01-25,43.25,43.720001220703125,42.65999984741211,43.68000030517578,40.276241302490234,2486400,TPR,yfinance,2026-02-10T05:10:38.179198+00:00
2023-01-26,44.310001373291016,44.470001220703125,43.540000915527344,44.060001373291016,40.626625061035156,2135900,TPR,yfinance,2026-02-10T05:10:38.179198+00:00
2023-01-27,43.970001220703125,44.380001068115234,43.75,44.119998931884766,40.681949615478516,2136400,TPR,yfinance,2026-02-10T05:10:38.179198+00:00
2023-01-30,43.709999084472656,44.4900016784668,43.560001373291016,44.119998931884766,40.681949615478516,3080400,TPR,yfinance,2026-02-10T05:10:38.179198+00:00
2023-01-31,44.4900016784668,45.630001068115234,44.25,45.56999969482422,42.01895523071289,3348500,TPR,yfinance,2026-02-10T05:10:38.179198+00:00
2023-02-01,45.380001068115234,46.880001068115234,45.27000045776367,46.619998931884766,42.98713684082031,4295100,TPR,yfinance,2026-02-10T05:10:38.179198+00:00
2023-02-02,46.810001373291016,47.47999954223633,45.900001525878906,46.369998931884766,42.75661087036133,3828100,TPR,yfinance,2026-02-10T05:10:38.179198+00:00
2023-02-03,45.470001220703125,47.11000061035156,45.40999984741211,46.11000061035156,42.516876220703125,2524800,TPR,yfinance,2026-02-10T05:10:38.179198+00:00
2023-02-06,45.5099983215332,45.709999084472656,44.52000045776367,44.650001525878906,41.170654296875,3199300,TPR,yfinance,2026-02-10T05:10:38.179198+00:00
2023-02-07,44.529998779296875,45.36000061035156,44.209999084472656,45.22999954223633,41.70545196533203,4120600,TPR,yfinance,2026-02-10T05:10:38.179198+00:00
2023-02-08,42.959999084472656,43.70000076293945,42.119998931884766,43.209999084472656,39.842857360839844,10591000,TPR,yfinance,2026-02-10T05:10:38.179198+00:00
2023-02-09,46.22999954223633,46.56999969482422,44.5,44.709999084472656,41.22596740722656,6974300,TPR,yfinance,2026-02-10T05:10:38.179198+00:00
2023-02-10,44.27000045776367,44.880001068115234,43.790000915527344,44.439998626708984,40.97701644897461,3796600,TPR,yfinance,2026-02-10T05:10:38.179198+00:00
2023-02-13,44.529998779296875,45.27000045776367,44.040000915527344,45.209999084472656,41.687007904052734,4120200,TPR,yfinance,2026-02-10T05:10:38.179198+00:00
2023-02-14,44.61000061035156,45.720001220703125,44.380001068115234,45.099998474121094,41.5855827331543,3306700,TPR,yfinance,2026-02-10T05:10:38.179198+00:00
2023-02-15,44.63999938964844,45.560001373291016,44.43000030517578,45.369998931884766,41.83454513549805,2492700,TPR,yfinance,2026-02-10T05:10:38.179198+00:00
2023-02-16,45.060001373291016,45.34000015258789,44.65999984741211,44.869998931884766,41.37350845336914,3287200,TPR,yfinance,2026-02-10T05:10:38.179198+00:00
2023-02-17,44.66999816894531,44.869998931884766,43.93000030517578,44.11000061035156,40.6727294921875,3428800,TPR,yfinance,2026-02-10T05:10:38.179198+00:00
2023-02-21,43.470001220703125,43.90999984741211,42.290000915527344,42.369998931884766,39.068321228027344,4110800,TPR,yfinance,2026-02-10T05:10:38.179198+00:00
2023-02-22,42.459999084472656,43.060001373291016,42.290000915527344,42.93000030517578,39.58468246459961,2094000,TPR,yfinance,2026-02-10T05:10:38.179198+00:00
2023-02-23,43.279998779296875,43.34000015258789,42.529998779296875,43.11000061035156,39.75065231323242,2233800,TPR,yfinance,2026-02-10T05:10:38.179198+00:00
2023-02-24,42.349998474121094,42.7599983215332,42.06999969482422,42.599998474121094,39.280391693115234,2418200,TPR,yfinance,2026-02-10T05:10:38.179198+00:00
2023-02-27,43.130001068115234,43.33000183105469,42.869998931884766,43.189998626708984,39.824424743652344,2695400,TPR,yfinance,2026-02-10T05:10:38.179198+00:00
2023-02-28,43.470001220703125,44.0,43.36000061035156,43.5099983215332,40.11948776245117,2615500,TPR,yfinance,2026-02-10T05:10:38.179198+00:00
2023-03-01,43.75,43.95000076293945,43.060001373291016,43.25,39.87974548339844,2305300,TPR,yfinance,2026-02-10T05:10:38.179198+00:00
2023-03-02,43.060001373291016,43.9900016784668,42.880001068115234,43.869998931884766,40.4514274597168,1884300,TPR,yfinance,2026-02-10T05:10:38.179198+00:00
2023-03-03,44.0,44.5099983215332,43.630001068115234,44.470001220703125,41.00467300415039,2200600,TPR,yfinance,2026-02-10T05:10:38.179198+00:00
2023-03-06,44.290000915527344,44.41999816894531,43.22999954223633,43.540000915527344,40.14714431762695,3371500,TPR,yfinance,2026-02-10T05:10:38.179198+00:00
2023-03-07,43.66999816894531,44.099998474121094,42.97999954223633,43.040000915527344,39.68611145019531,3172800,TPR,yfinance,2026-02-10T05:10:38.179198+00:00
2023-03-08,43.08000183105469,43.41999816894531,42.59000015258789,43.130001068115234,39.76909637451172,3232900,TPR,yfinance,2026-02-10T05:10:38.179198+00:00
2023-03-09,42.91999816894531,43.0,41.529998779296875,41.599998474121094,38.62700271606445,2739300,TPR,yfinance,2026-02-10T05:10:38.179198+00:00
2023-03-10,41.70000076293945,42.029998779296875,40.72999954223633,41.36000061035156,38.404151916503906,3001300,TPR,yfinance,2026-02-10T05:10:38.179198+00:00
2023-03-13,40.540000915527344,41.310001373291016,39.75,40.869998931884766,37.94916915893555,3523600,TPR,yfinance,2026-02-10T05:10:38.179198+00:00
2023-03-14,41.7400016784668,42.04999923706055,41.099998474121094,41.4900016784668,38.52486038208008,3050600,TPR,yfinance,2026-02-10T05:10:38.179198+00:00
2023-03-15,40.16999816894531,40.81999969482422,39.939998626708984,40.54999923706055,37.652034759521484,4689200,TPR,yfinance,2026-02-10T05:10:38.179198+00:00
2023-03-16,40.08000183105469,41.38999938964844,39.93000030517578,41.15999984741211,38.218448638916016,2990400,TPR,yfinance,2026-02-10T05:10:38.179198+00:00
2023-03-17,40.75,41.040000915527344,40.349998474121094,40.900001525878906,37.97702407836914,4627500,TPR,yfinance,2026-02-10T05:10:38.179198+00:00
2023-03-20,41.279998779296875,41.560001373291016,40.349998474121094,40.619998931884766,37.717037200927734,3013700,TPR,yfinance,2026-02-10T05:10:38.179198+00:00
2023-03-21,41.630001068115234,41.90999984741211,40.970001220703125,41.45000076293945,38.48772048950195,3583500,TPR,yfinance,2026-02-10T05:10:38.179198+00:00
2023-03-22,41.310001373291016,42.0,40.689998626708984,40.709999084472656,37.800601959228516,3254100,TPR,yfinance,2026-02-10T05:10:38.179198+00:00
2023-03-23,41.150001525878906,41.869998931884766,40.16999816894531,40.65999984741211,37.754180908203125,2837700,TPR,yfinance,2026-02-10T05:10:38.179198+00:00
2023-03-24,40.16999816894531,40.619998931884766,40.029998779296875,40.25,37.373477935791016,2783600,TPR,yfinance,2026-02-10T05:10:38.179198+00:00
2023-03-27,40.59000015258789,40.90999984741211,39.869998931884766,40.7400016784668,37.82846450805664,2724400,TPR,yfinance,2026-02-10T05:10:38.179198+00:00
2023-03-28,41.060001373291016,41.900001525878906,41.02000045776367,41.72999954223633,38.747711181640625,3293900,TPR,yfinance,2026-02-10T05:10:38.179198+00:00
2023-03-29,42.0099983215332,42.16999816894531,41.459999084472656,41.939998626708984,38.94270324707031,2657400,TPR,yfinance,2026-02-10T05:10:38.179198+00:00
2023-03-30,42.33000183105469,42.79999923706055,41.88999938964844,42.06999969482422,39.063411712646484,2417500,TPR,yfinance,2026-02-10T05:10:38.179198+00:00
2023-03-31,42.41999816894531,43.15999984741211,42.310001373291016,43.11000061035156,40.029083251953125,2837100,TPR,yfinance,2026-02-10T05:10:38.179198+00:00
2023-04-03,42.97999954223633,43.310001373291016,42.41999816894531,42.88999938964844,39.82481384277344,2315300,TPR,yfinance,2026-02-10T05:10:38.179198+00:00
2023-04-04,42.7400016784668,42.88999938964844,41.869998931884766,42.15999984741211,39.14698028564453,2185100,TPR,yfinance,2026-02-10T05:10:38.179198+00:00
2023-04-05,41.7400016784668,41.9900016784668,40.349998474121094,40.4900016784668,37.596336364746094,3425200,TPR,yfinance,2026-02-10T05:10:38.179198+00:00
2023-04-06,40.130001068115234,40.25,39.060001373291016,40.130001068115234,37.262054443359375,4601300,TPR,yfinance,2026-02-10T05:10:38.179198+00:00
2023-04-10,39.9900016784668,40.869998931884766,39.90999984741211,40.86000061035156,37.939884185791016,2740800,TPR,yfinance,2026-02-10T05:10:38.179198+00:00
2023-04-11,41.08000183105469,41.15999984741211,40.47999954223633,40.84000015258789,37.92131042480469,2379900,TPR,yfinance,2026-02-10T05:10:38.179198+00:00
2023-04-12,41.220001220703125,42.2400016784668,40.81999969482422,41.290000915527344,38.33916091918945,5255900,TPR,yfinance,2026-02-10T05:10:38.179198+00:00
2023-04-13,41.650001525878906,42.060001373291016,41.27000045776367,41.93000030517578,38.93341827392578,2944100,TPR,yfinance,2026-02-10T05:10:38.179198+00:00
2023-04-14,42.20000076293945,42.869998931884766,41.72999954223633,42.130001068115234,39.11912155151367,1558800,TPR,yfinance,2026-02-10T05:10:38.179198+00:00
2023-04-17,42.16999816894531,42.16999816894531,41.25,41.45000076293945,38.48772048950195,2292500,TPR,yfinance,2026-02-10T05:10:38.179198+00:00
2023-04-18,41.86000061035156,42.2599983215332,41.470001220703125,42.119998931884766,39.109840393066406,2210800,TPR,yfinance,2026-02-10T05:10:38.179198+00:00
2023-04-19,42.209999084472656,43.119998931884766,42.029998779296875,43.09000015258789,40.01051330566406,2851400,TPR,yfinance,2026-02-10T05:10:38.179198+00:00
2023-04-20,43.119998931884766,43.5,42.25,42.290000915527344,39.26768493652344,2553400,TPR,yfinance,2026-02-10T05:10:38.179198+00:00
2023-04-21,42.130001068115234,42.25,41.810001373291016,41.880001068115234,38.88698959350586,1735100,TPR,yfinance,2026-02-10T05:10:38.179198+00:00
2023-04-24,41.900001525878906,42.06999969482422,41.41999816894531,41.91999816894531,38.92412567138672,2161200,TPR,yfinance,2026-02-10T05:10:38.179198+00:00
2023-04-25,41.439998626708984,41.439998626708984,40.06999969482422,40.33000183105469,37.4477653503418,2311100,TPR,yfinance,2026-02-10T05:10:38.179198+00:00
2023-04-26,40.459999084472656,40.66999816894531,39.88999938964844,40.060001373291016,37.197059631347656,3017400,TPR,yfinance,2026-02-10T05:10:38.179198+00:00
2023-04-27,40.400001525878906,41.130001068115234,39.90999984741211,40.849998474121094,37.93060302734375,3552100,TPR,yfinance,2026-02-10T05:10:38.179198+00:00
2023-04-28,40.58000183105469,40.91999816894531,40.220001220703125,40.810001373291016,37.89345932006836,3751800,TPR,yfinance,2026-02-10T05:10:38.179198+00:00
2023-05-01,40.880001068115234,41.16999816894531,40.08000183105469,40.63999938964844,37.7356071472168,2758600,TPR,yfinance,2026-02-10T05:10:38.179198+00:00
2023-05-02,40.27000045776367,40.27000045776367,38.939998626708984,39.779998779296875,36.93707275390625,2469900,TPR,yfinance,2026-02-10T05:10:38.179198+00:00
2023-05-03,39.459999084472656,39.810001373291016,38.939998626708984,38.959999084472656,36.17567825317383,2485200,TPR,yfinance,2026-02-10T05:10:38.179198+00:00
2023-05-04,38.619998931884766,38.93000030517578,38.0099983215332,38.06999969482422,35.349273681640625,2736500,TPR,yfinance,2026-02-10T05:10:38.179198+00:00
2023-05-05,38.900001525878906,39.119998931884766,38.18000030517578,38.970001220703125,36.184959411621094,2770200,TPR,yfinance,2026-02-10T05:10:38.179198+00:00
2023-05-08,39.20000076293945,39.45000076293945,38.189998626708984,38.45000076293945,35.70212173461914,2869200,TPR,yfinance,2026-02-10T05:10:38.179198+00:00
2023-05-09,37.720001220703125,38.470001220703125,37.369998931884766,38.290000915527344,35.553558349609375,4089000,TPR,yfinance,2026-02-10T05:10:38.179198+00:00
2023-05-10,38.81999969482422,38.81999969482422,36.810001373291016,37.13999938964844,34.485740661621094,6581400,TPR,yfinance,2026-02-10T05:10:38.179198+00:00
2023-05-11,39.25,41.15999984741211,38.650001525878906,40.209999084472656,37.336334228515625,10166200,TPR,yfinance,2026-02-10T05:10:38.179198+00:00
2023-05-12,40.43000030517578,41.2599983215332,40.119998931884766,41.18000030517578,38.237022399902344,3798500,TPR,yfinance,2026-02-10T05:10:38.179198+00:00
2023-05-15,42.0,43.34000015258789,41.79999923706055,43.04999923706055,39.97337341308594,6143000,TPR,yfinance,2026-02-10T05:10:38.179198+00:00
2023-05-16,42.63999938964844,42.880001068115234,41.58000183105469,41.90999984741211,38.91484451293945,3857300,TPR,yfinance,2026-02-10T05:10:38.179198+00:00
2023-05-17,42.13999938964844,43.630001068115234,42.08000183105469,43.45000076293945,40.34478759765625,4680900,TPR,yfinance,2026-02-10T05:10:38.179198+00:00
2023-05-18,43.709999084472656,44.380001068115234,43.540000915527344,44.130001068115234,40.9761962890625,3312200,TPR,yfinance,2026-02-10T05:10:38.179198+00:00
2023-05-19,43.720001220703125,43.810001373291016,42.33000183105469,43.0,39.92695236206055,4675700,TPR,yfinance,2026-02-10T05:10:38.179198+00:00
2023-05-22,42.58000183105469,42.9900016784668,42.13999938964844,42.18000030517578,39.16554641723633,4578500,TPR,yfinance,2026-02-10T05:10:38.179198+00:00
2023-05-23,41.779998779296875,42.95000076293945,41.58000183105469,41.939998626708984,38.94270324707031,3199500,TPR,yfinance,2026-02-10T05:10:38.179198+00:00
2023-05-24,41.9900016784668,41.9900016784668,40.7400016784668,40.90999984741211,37.98631286621094,3363900,TPR,yfinance,2026-02-10T05:10:38.179198+00:00
2023-05-25,41.0,41.54999923706055,40.4900016784668,40.70000076293945,37.79132080078125,2933100,TPR,yfinance,2026-02-10T05:10:38.179198+00:00
2023-05-26,40.7400016784668,41.900001525878906,40.68000030517578,41.689998626708984,38.710567474365234,2130900,TPR,yfinance,2026-02-10T05:10:38.179198+00:00
2023-05-30,41.79999923706055,42.099998474121094,40.459999084472656,40.58000183105469,37.679901123046875,3237700,TPR,yfinance,2026-02-10T05:10:38.179198+00:00
2023-05-31,40.150001525878906,40.27000045776367,38.88999938964844,40.02000045776367,37.159915924072266,5213000,TPR,yfinance,2026-02-10T05:10:38.179198+00:00
2023-06-01,39.75,39.9900016784668,39.11000061035156,39.72999954223633,36.8906364440918,3532000,TPR,yfinance,2026-02-10T05:10:38.179198+00:00
2023-06-02,40.84000015258789,42.41999816894531,40.68000030517578,42.400001525878906,39.36982727050781,3624800,TPR,yfinance,2026-02-10T05:10:38.179198+00:00
2023-06-05,42.16999816894531,42.4900016784668,41.22999954223633,41.45000076293945,38.48772048950195,2699000,TPR,yfinance,2026-02-10T05:10:38.179198+00:00
2023-06-06,41.20000076293945,42.619998931884766,41.11000061035156,42.209999084472656,39.19340515136719,2512500,TPR,yfinance,2026-02-10T05:10:38.179198+00:00
2023-06-07,42.2599983215332,43.619998931884766,42.2599983215332,43.29999923706055,40.205509185791016,3002600,TPR,yfinance,2026-02-10T05:10:38.179198+00:00
2023-06-08,42.689998626708984,42.88999938964844,42.2400016784668,42.540000915527344,39.7754020690918,2406200,TPR,yfinance,2026-02-10T05:10:38.179198+00:00
2023-06-09,42.560001373291016,43.06999969482422,42.439998626708984,42.689998626708984,39.915653228759766,1616200,TPR,yfinance,2026-02-10T05:10:38.179198+00:00
2023-06-12,42.900001525878906,43.47999954223633,42.599998474121094,43.20000076293945,40.39250946044922,2361900,TPR,yfinance,2026-02-10T05:10:38.179198+00:00
2023-06-13,43.27000045776367,43.91999816894531,43.130001068115234,43.27000045776367,40.45796585083008,1997100,TPR,yfinance,2026-02-10T05:10:38.179198+00:00
2023-06-14,43.54999923706055,44.33000183105469,43.209999084472656,43.65999984741211,40.82261276245117,2488300,TPR,yfinance,2026-02-10T05:10:38.179198+00:00
2023-06-15,43.529998779296875,43.81999969482422,43.279998779296875,43.439998626708984,40.616912841796875,2291100,TPR,yfinance,2026-02-10T05:10:38.179198+00:00
2023-06-16,43.75,43.95000076293945,43.150001525878906,43.369998931884766,40.551456451416016,3638200,TPR,yfinance,2026-02-10T05:10:38.179198+00:00
2023-06-20,43.029998779296875,43.58000183105469,42.810001373291016,43.470001220703125,40.644962310791016,2567000,TPR,yfinance,2026-02-10T05:10:38.179198+00:00
2023-06-21,43.33000183105469,43.61000061035156,43.029998779296875,43.220001220703125,40.411216735839844,2176400,TPR,yfinance,2026-02-10T05:10:38.179198+00:00
2023-06-22,43.279998779296875,43.5,42.52000045776367,42.91999816894531,40.130706787109375,2691300,TPR,yfinance,2026-02-10T05:10:38.179198+00:00
2023-06-23,42.29999923706055,43.150001525878906,41.88999938964844,42.90999984741211,40.12135696411133,3255600,TPR,yfinance,2026-02-10T05:10:38.179198+00:00
2023-06-26,43.279998779296875,43.900001525878906,42.779998779296875,42.79999923706055,40.01850128173828,2546300,TPR,yfinance,2026-02-10T05:10:38.179198+00:00
2023-06-27,43.02000045776367,43.68000030517578,42.630001068115234,43.400001525878906,40.57951736450195,1801200,TPR,yfinance,2026-02-10T05:10:38.179198+00:00
2023-06-28,43.20000076293945,43.2599983215332,42.63999938964844,42.77000045776367,39.99045181274414,2109900,TPR,yfinance,2026-02-10T05:10:38.179198+00:00
2023-06-29,42.88999938964844,43.400001525878906,42.59000015258789,42.83000183105469,40.04655838012695,1899000,TPR,yfinance,2026-02-10T05:10:38.179198+00:00
2023-06-30,43.0099983215332,43.209999084472656,42.560001373291016,42.79999923706055,40.01850128173828,2925900,TPR,yfinance,2026-02-10T05:10:38.179198+00:00
2023-07-03,42.86000061035156,43.560001373291016,42.86000061035156,43.529998779296875,40.7010612487793,1234200,TPR,yfinance,2026-02-10T05:10:38.179198+00:00
2023-07-05,43.130001068115234,43.2400016784668,42.68000030517578,42.880001068115234,40.09330368041992,1892100,TPR,yfinance,2026-02-10T05:10:38.179198+00:00
2023-07-06,42.310001373291016,42.619998931884766,41.52000045776367,42.369998931884766,39.616455078125,2489900,TPR,yfinance,2026-02-10T05:10:38.179198+00:00
2023-07-07,42.18000030517578,42.91999816894531,42.119998931884766,42.59000015258789,39.8221549987793,2208700,TPR,yfinance,2026-02-10T05:10:38.179198+00:00
2023-07-10,42.63999938964844,43.79999923706055,42.630001068115234,43.400001525878906,40.57951736450195,2533500,TPR,yfinance,2026-02-10T05:10:38.179198+00:00
2023-07-11,43.630001068115234,44.4900016784668,43.54999923706055,44.38999938964844,41.50517272949219,1974100,TPR,yfinance,2026-02-10T05:10:38.179198+00:00
2023-07-12,44.869998931884766,45.08000183105469,44.20000076293945,44.220001220703125,41.346221923828125,1680100,TPR,yfinance,2026-02-10T05:10:38.179198+00:00
2023-07-13,44.58000183105469,44.720001220703125,43.97999954223633,44.459999084472656,41.57062530517578,1875000,TPR,yfinance,2026-02-10T05:10:38.179198+00:00
2023-07-14,44.310001373291016,44.380001068115234,43.290000915527344,43.65999984741211,40.82261276245117,1710700,TPR,yfinance,2026-02-10T05:10:38.179198+00:00
2023-07-17,42.7400016784668,43.099998474121094,42.36000061035156,42.95000076293945,40.158756256103516,2418700,TPR,yfinance,2026-02-10T05:10:38.179198+00:00
2023-07-18,42.88999938964844,43.380001068115234,42.5,43.36000061035156,40.542118072509766,2415900,TPR,yfinance,2026-02-10T05:10:38.179198+00:00
2023-07-19,42.97999954223633,43.11000061035156,41.7400016784668,42.38999938964844,39.63515090942383,3027500,TPR,yfinance,2026-02-10T05:10:38.179198+00:00
2023-07-20,42.31999969482422,42.439998626708984,41.72999954223633,41.81999969482422,39.102195739746094,2931000,TPR,yfinance,2026-02-10T05:10:38.179198+00:00
2023-07-21,42.02000045776367,42.15999984741211,41.38999938964844,41.54999923706055,38.84973907470703,2162700,TPR,yfinance,2026-02-10T05:10:38.179198+00:00
2023-07-24,41.529998779296875,42.11000061035156,41.2400016784668,42.04999923706055,39.31724548339844,1719400,TPR,yfinance,2026-02-10T05:10:38.179198+00:00
2023-07-25,42.33000183105469,42.33000183105469,41.650001525878906,42.060001373291016,39.32659912109375,2852400,TPR,yfinance,2026-02-10T05:10:38.179198+00:00
2023-07-26,41.84000015258789,42.47999954223633,41.4900016784668,42.470001220703125,39.70994567871094,2430200,TPR,yfinance,2026-02-10T05:10:38.179198+00:00
2023-07-27,42.720001220703125,43.220001220703125,41.7599983215332,41.970001220703125,39.2424430847168,2647300,TPR,yfinance,2026-02-10T05:10:38.179198+00:00
2023-07-28,42.63999938964844,43.04999923706055,42.2599983215332,43.0099983215332,40.21485900878906,2389000,TPR,yfinance,2026-02-10T05:10:38.179198+00:00
2023-07-31,43.45000076293945,43.45000076293945,42.56999969482422,43.150001525878906,40.345760345458984,3499400,TPR,yfinance,2026-02-10T05:10:38.179198+00:00
2023-08-01,43.79999923706055,43.79999923706055,42.68000030517578,42.849998474121094,40.06525421142578,2960400,TPR,yfinance,2026-02-10T05:10:38.179198+00:00
2023-08-02,42.18000030517578,42.54999923706055,41.72999954223633,42.029998779296875,39.29854965209961,2081500,TPR,yfinance,2026-02-10T05:10:38.179198+00:00
2023-08-03,42.040000915527344,43.18000030517578,41.61000061035156,43.0,40.205509185791016,2460200,TPR,yfinance,2026-02-10T05:10:38.179198+00:00
2023-08-04,42.650001525878906,43.22999954223633,42.0099983215332,42.08000183105469,39.345298767089844,2535000,TPR,yfinance,2026-02-10T05:10:38.179198+00:00
2023-08-07,42.38999938964844,42.790000915527344,42.29999923706055,42.38999938964844,39.63515090942383,3082500,TPR,yfinance,2026-02-10T05:10:38.179198+00:00
2023-08-08,41.810001373291016,41.86000061035156,41.09000015258789,41.599998474121094,38.8964958190918,2309500,TPR,yfinance,2026-02-10T05:10:38.179198+00:00
2023-08-09,41.470001220703125,41.70000076293945,41.04999923706055,41.2400016784668,38.55989456176758,1854800,TPR,yfinance,2026-02-10T05:10:38.179198+00:00
2023-08-10,38.189998626708984,39.099998474121094,34.31999969482422,34.66999816894531,32.41686248779297,34325300,TPR,yfinance,2026-02-10T05:10:38.179198+00:00
2023-08-11,34.70000076293945,35.83000183105469,34.650001525878906,35.119998931884766,32.83761215209961,14145800,TPR,yfinance,2026-02-10T05:10:38.179198+00:00
2023-08-14,35.459999084472656,35.939998626708984,35.0099983215332,35.54999923706055,33.23967361450195,7527700,TPR,yfinance,2026-02-10T05:10:38.179198+00:00
2023-08-15,35.04999923706055,35.599998474121094,34.970001220703125,35.38999938964844,33.09006881713867,4522900,TPR,yfinance,2026-02-10T05:10:38.179198+00:00
2023-08-16,35.38999938964844,35.61000061035156,34.279998779296875,34.33000183105469,32.09895324707031,6685800,TPR,yfinance,2026-02-10T05:10:38.179198+00:00
2023-08-17,34.060001373291016,34.900001525878906,33.65999984741211,34.599998474121094,32.35140609741211,6026200,TPR,yfinance,2026-02-10T05:10:38.179198+00:00
2023-08-18,34.84000015258789,35.29999923706055,34.54999923706055,34.59000015258789,32.34205627441406,4117700,TPR,yfinance,2026-02-10T05:10:38.179198+00:00
2023-08-21,34.5099983215332,34.849998474121094,33.72999954223633,33.810001373291016,31.612751007080078,3620000,TPR,yfinance,2026-02-10T05:10:38.179198+00:00
2023-08-22,33.45000076293945,33.7599983215332,33.0099983215332,33.15999984741211,31.004989624023438,3539900,TPR,yfinance,2026-02-10T05:10:38.179198+00:00
2023-08-23,32.97999954223633,33.58000183105469,32.7400016784668,33.41999816894531,31.248088836669922,2980100,TPR,yfinance,2026-02-10T05:10:38.179198+00:00
2023-08-24,33.290000915527344,33.9900016784668,33.02000045776367,33.09000015258789,30.939537048339844,3458300,TPR,yfinance,2026-02-10T05:10:38.179198+00:00
2023-08-25,33.33000183105469,33.58000183105469,32.810001373291016,32.9900016784668,30.84604263305664,2270900,TPR,yfinance,2026-02-10T05:10:38.179198+00:00
2023-08-28,33.220001220703125,33.380001068115234,32.93000030517578,33.20000076293945,31.04239273071289,3027000,TPR,yfinance,2026-02-10T05:10:38.179198+00:00
2023-08-29,33.33000183105469,33.380001068115234,32.939998626708984,33.27000045776367,31.107845306396484,2733400,TPR,yfinance,2026-02-10T05:10:38.179198+00:00
2023-08-30,33.2599983215332,33.83000183105469,33.2599983215332,33.41999816894531,31.248088836669922,3272300,TPR,yfinance,2026-02-10T05:10:38.179198+00:00
2023-08-31,33.400001525878906,33.5,33.11000061035156,33.31999969482422,31.15459442138672,3689600,TPR,yfinance,2026-02-10T05:10:38.179198+00:00
2023-09-01,33.54999923706055,33.779998779296875,33.369998931884766,33.70000076293945,31.509899139404297,2566300,TPR,yfinance,2026-02-10T05:10:38.179198+00:00
2023-09-05,33.630001068115234,33.630001068115234,32.779998779296875,33.0099983215332,30.86473846435547,4202000,TPR,yfinance,2026-02-10T05:10:38.179198+00:00
2023-09-06,32.79999923706055,33.0,32.56999969482422,32.599998474121094,30.481382369995117,2547600,TPR,yfinance,2026-02-10T05:10:38.179198+00:00
2023-09-07,31.940000534057617,32.13999938964844,31.549999237060547,31.790000915527344,30.046611785888672,3645800,TPR,yfinance,2026-02-10T05:10:38.179198+00:00
2023-09-08,31.979999542236328,31.979999542236328,31.389999389648438,31.889999389648438,30.141124725341797,3208800,TPR,yfinance,2026-02-10T05:10:38.179198+00:00
2023-09-11,31.979999542236328,32.189998626708984,31.579999923706055,31.739999771118164,29.999351501464844,2976900,TPR,yfinance,2026-02-10T05:10:38.179198+00:00
2023-09-12,31.549999237060547,32.08000183105469,31.5,31.520000457763672,29.79141616821289,2500800,TPR,yfinance,2026-02-10T05:10:38.179198+00:00
2023-09-13,31.209999084472656,31.40999984741211,30.43000030517578,30.549999237060547,28.874610900878906,4515400,TPR,yfinance,2026-02-10T05:10:38.179198+00:00
2023-09-14,30.850000381469727,31.1299991607666,30.600000381469727,31.030000686645508,29.328292846679688,3199700,TPR,yfinance,2026-02-10T05:10:38.179198+00:00
2023-09-15,30.899999618530273,31.229999542236328,30.75,30.989999771118164,29.290481567382812,10620600,TPR,yfinance,2026-02-10T05:10:38.179198+00:00
2023-09-18,30.969999313354492,30.969999313354492,30.350000381469727,30.3700008392334,28.704484939575195,2908000,TPR,yfinance,2026-02-10T05:10:38.179198+00:00
2023-09-19,30.219999313354492,30.360000610351562,30.049999237060547,30.229999542236328,28.572160720825195,2784500,TPR,yfinance,2026-02-10T05:10:38.179198+00:00
2023-09-20,30.290000915527344,30.6200008392334,29.989999771118164,30.010000228881836,28.364229202270508,2532800,TPR,yfinance,2026-02-10T05:10:38.179198+00:00
2023-09-21,29.75,29.860000610351562,29.329999923706055,29.350000381469727,27.74042320251465,3290700,TPR,yfinance,2026-02-10T05:10:38.179198+00:00
2023-09-22,29.530000686645508,29.639999389648438,28.790000915527344,28.829999923706055,27.248937606811523,3545700,TPR,yfinance,2026-02-10T05:10:38.179198+00:00
2023-09-25,28.56999969482422,28.920000076293945,28.450000762939453,28.5,26.937036514282227,3895300,TPR,yfinance,2026-02-10T05:10:38.179198+00:00
2023-09-26,28.170000076293945,28.6299991607666,28.040000915527344,28.139999389648438,26.596778869628906,3354500,TPR,yfinance,2026-02-10T05:10:38.179198+00:00
2023-09-27,28.219999313354492,28.43000030517578,27.8700008392334,27.950000762939453,26.41720199584961,3359500,TPR,yfinance,2026-02-10T05:10:38.179198+00:00
2023-09-28,28.010000228881836,28.270000457763672,27.84000015258789,28.15999984741211,26.61568260192871,2947200,TPR,yfinance,2026-02-10T05:10:38.179198+00:00
2023-09-29,28.739999771118164,28.850000381469727,28.43000030517578,28.75,27.173322677612305,3511100,TPR,yfinance,2026-02-10T05:10:38.179198+00:00
2023-10-02,28.6200008392334,28.81999969482422,28.40999984741211,28.579999923706055,27.012649536132812,4454200,TPR,yfinance,2026-02-10T05:10:38.179198+00:00
2023-10-03,28.329999923706055,28.65999984741211,27.850000381469727,27.950000762939453,26.41720199584961,3487500,TPR,yfinance,2026-02-10T05:10:38.179198+00:00
2023-10-04,27.899999618530273,28.030000686645508,27.579999923706055,27.84000015258789,26.313232421875,2616200,TPR,yfinance,2026-02-10T05:10:38.179198+00:00
2023-10-05,27.8799991607666,28.030000686645508,27.420000076293945,27.579999923706055,26.067487716674805,2330500,TPR,yfinance,2026-02-10T05:10:38.179198+00:00
2023-10-06,27.40999984741211,28.399999618530273,27.3700008392334,28.190000534057617,26.6440372467041,3981000,TPR,yfinance,2026-02-10T05:10:38.179198+00:00
2023-10-09,27.860000610351562,28.239999771118164,27.450000762939453,28.190000534057617,26.6440372467041,2739400,TPR,yfinance,2026-02-10T05:10:38.179198+00:00
2023-10-10,28.25,28.479999542236328,27.3700008392334,27.649999618530273,26.133651733398438,6156400,TPR,yfinance,2026-02-10T05:10:38.179198+00:00
2023-10-11,27.799999237060547,28.229999542236328,27.3799991607666,28.030000686645508,26.492813110351562,5457700,TPR,yfinance,2026-02-10T05:10:38.179198+00:00
2023-10-12,28.15999984741211,28.15999984741211,27.06999969482422,27.389999389648438,25.887908935546875,2630100,TPR,yfinance,2026-02-10T05:10:38.179198+00:00
2023-10-13,27.260000228881836,27.729999542236328,27.239999771118164,27.59000015258789,26.076942443847656,3553000,TPR,yfinance,2026-02-10T05:10:38.179198+00:00
2023-10-16,27.920000076293945,28.360000610351562,27.510000228881836,28.329999923706055,26.7763614654541,2895500,TPR,yfinance,2026-02-10T05:10:38.179198+00:00
2023-10-17,28.209999084472656,29.18000030517578,28.209999084472656,29.059999465942383,27.466325759887695,3002100,TPR,yfinance,2026-02-10T05:10:38.179198+00:00
2023-10-18,28.850000381469727,29.049999237060547,28.530000686645508,28.600000381469727,27.031553268432617,2498800,TPR,yfinance,2026-02-10T05:10:38.179198+00:00
2023-10-19,28.5,28.8700008392334,28.309999465942383,28.420000076293945,26.86142349243164,3066600,TPR,yfinance,2026-02-10T05:10:38.179198+00:00
2023-10-20,28.510000228881836,28.56999969482422,27.940000534057617,28.1200008392334,26.577878952026367,2344200,TPR,yfinance,2026-02-10T05:10:38.179198+00:00
2023-10-23,27.790000915527344,28.139999389648438,27.389999389648438,27.899999618530273,26.369937896728516,2889700,TPR,yfinance,2026-02-10T05:10:38.179198+00:00
2023-10-24,28.079999923706055,28.350000381469727,27.709999084472656,27.920000076293945,26.388843536376953,3288900,TPR,yfinance,2026-02-10T05:10:38.179198+00:00
2023-10-25,27.670000076293945,27.989999771118164,27.540000915527344,27.860000610351562,26.332138061523438,2555700,TPR,yfinance,2026-02-10T05:10:38.179198+00:00
2023-10-26,27.90999984741211,28.260000228881836,27.6299991607666,28.0,26.464454650878906,2617900,TPR,yfinance,2026-02-10T05:10:38.179198+00:00
2023-10-27,28.1299991607666,28.260000228881836,27.59000015258789,27.600000381469727,26.08639144897461,2879300,TPR,yfinance,2026-02-10T05:10:38.179198+00:00
2023-10-30,28.049999237060547,28.170000076293945,27.790000915527344,28.059999465942383,26.52116584777832,3732700,TPR,yfinance,2026-02-10T05:10:38.179198+00:00
2023-10-31,27.899999618530273,27.899999618530273,27.479999542236328,27.559999465942383,26.048585891723633,3939700,TPR,yfinance,2026-02-10T05:10:38.179198+00:00
2023-11-01,27.469999313354492,27.600000381469727,25.989999771118164,26.59000015258789,25.13178253173828,5408700,TPR,yfinance,2026-02-10T05:10:38.179198+00:00
2023-11-02,27.059999465942383,27.43000030517578,26.950000762939453,27.329999923706055,25.831201553344727,3829300,TPR,yfinance,2026-02-10T05:10:38.179198+00:00
2023-11-03,27.90999984741211,28.290000915527344,27.889999389648438,27.940000534057617,26.407751083374023,2617700,TPR,yfinance,2026-02-10T05:10:38.179198+00:00
2023-11-06,27.950000762939453,28.15999984741211,27.399999618530273,27.459999084472656,25.954071044921875,3197000,TPR,yfinance,2026-02-10T05:10:38.179198+00:00
2023-11-07,27.020000457763672,27.520000457763672,27.020000457763672,27.469999313354492,25.963520050048828,4044700,TPR,yfinance,2026-02-10T05:10:38.179198+00:00
2023-11-08,27.459999084472656,27.84000015258789,27.200000762939453,27.459999084472656,25.954071044921875,4159600,TPR,yfinance,2026-02-10T05:10:38.179198+00:00
2023-11-09,29.0,29.59000015258789,28.260000228881836,28.280000686645508,26.729103088378906,7356700,TPR,yfinance,2026-02-10T05:10:38.179198+00:00
2023-11-10,27.860000610351562,28.239999771118164,27.549999237060547,28.1200008392334,26.577878952026367,4479500,TPR,yfinance,2026-02-10T05:10:38.179198+00:00
2023-11-13,28.06999969482422,28.559999465942383,27.90999984741211,28.510000228881836,26.946491241455078,3958600,TPR,yfinance,2026-02-10T05:10:38.179198+00:00
2023-11-14,29.049999237060547,30.610000610351562,28.969999313354492,30.510000228881836,28.83680534362793,7793700,TPR,yfinance,2026-02-10T05:10:38.179198+00:00
2023-11-15,30.899999618530273,31.920000076293945,30.770000457763672,30.8799991607666,29.18651580810547,5195100,TPR,yfinance,2026-02-10T05:10:38.179198+00:00
2023-11-16,30.649999618530273,30.739999771118164,29.829999923706055,30.100000381469727,28.449291229248047,3553600,TPR,yfinance,2026-02-10T05:10:38.179198+00:00
2023-11-17,30.40999984741211,30.479999542236328,30.149999618530273,30.389999389648438,28.723386764526367,2473500,TPR,yfinance,2026-02-10T05:10:38.179198+00:00
2023-11-20,30.5,30.920000076293945,30.200000762939453,30.760000228881836,29.073095321655273,3776000,TPR,yfinance,2026-02-10T05:10:38.179198+00:00
2023-11-21,30.530000686645508,30.600000381469727,30.209999084472656,30.3700008392334,28.704484939575195,2478500,TPR,yfinance,2026-02-10T05:10:38.179198+00:00
2023-11-22,30.469999313354492,30.760000228881836,30.309999465942383,30.389999389648438,28.723386764526367,2335000,TPR,yfinance,2026-02-10T05:10:38.179198+00:00
2023-11-24,30.479999542236328,30.579999923706055,30.299999237060547,30.579999923706055,28.902969360351562,1702000,TPR,yfinance,2026-02-10T05:10:38.179198+00:00
2023-11-27,30.389999389648438,31.0,30.200000762939453,30.920000076293945,29.224323272705078,3641600,TPR,yfinance,2026-02-10T05:10:38.179198+00:00
2023-11-28,30.940000534057617,31.25,30.68000030517578,31.020000457763672,29.318838119506836,3706600,TPR,yfinance,2026-02-10T05:10:38.179198+00:00
2023-11-29,31.469999313354492,31.940000534057617,31.450000762939453,31.670000076293945,29.93319320678711,4471500,TPR,yfinance,2026-02-10T05:10:38.179198+00:00
2023-11-30,31.670000076293945,31.8700008392334,31.3700008392334,31.670000076293945,29.93319320678711,3767500,TPR,yfinance,2026-02-10T05:10:38.179198+00:00
2023-12-01,31.700000762939453,32.7599983215332,31.610000610351562,32.70000076293945,30.906705856323242,3176900,TPR,yfinance,2026-02-10T05:10:38.179198+00:00
2023-12-04,32.619998931884766,33.2599983215332,32.619998931884766,33.02000045776367,31.20915985107422,3919300,TPR,yfinance,2026-02-10T05:10:38.179198+00:00
2023-12-05,32.75,32.900001525878906,32.20000076293945,32.41999816894531,30.642057418823242,3266900,TPR,yfinance,2026-02-10T05:10:38.179198+00:00
2023-12-06,32.61000061035156,32.869998931884766,32.349998474121094,32.5099983215332,30.727123260498047,2846500,TPR,yfinance,2026-02-10T05:10:38.179198+00:00
2023-12-07,32.36000061035156,33.220001220703125,32.27000045776367,33.13999938964844,31.663461685180664,3999100,TPR,yfinance,2026-02-10T05:10:38.179198+00:00
2023-12-08,33.029998779296875,33.650001525878906,32.90999984741211,33.529998779296875,32.03608703613281,3590800,TPR,yfinance,2026-02-10T05:10:38.179198+00:00
2023-12-11,33.5099983215332,34.0,33.5099983215332,33.81999969482422,32.31316375732422,3029100,TPR,yfinance,2026-02-10T05:10:38.179198+00:00
2023-12-12,33.70000076293945,33.939998626708984,33.470001220703125,33.560001373291016,32.06475067138672,3273900,TPR,yfinance,2026-02-10T05:10:38.179198+00:00
2023-12-13,33.52000045776367,34.630001068115234,33.290000915527344,34.529998779296875,32.99153137207031,4022900,TPR,yfinance,2026-02-10T05:10:38.179198+00:00
2023-12-14,35.060001373291016,36.849998474121094,35.060001373291016,36.5099983215332,34.88330841064453,7167600,TPR,yfinance,2026-02-10T05:10:38.179198+00:00
2023-12-15,36.45000076293945,36.79999923706055,36.08000183105469,36.08000183105469,34.472476959228516,7987300,TPR,yfinance,2026-02-10T05:10:38.179198+00:00
2023-12-18,36.099998474121094,36.099998474121094,35.58000183105469,35.849998474121094,34.25271224975586,3548000,TPR,yfinance,2026-02-10T05:10:38.179198+00:00
2023-12-19,36.11000061035156,36.93000030517578,36.029998779296875,36.900001525878906,35.25593948364258,3170700,TPR,yfinance,2026-02-10T05:10:38.179198+00:00
2023-12-20,36.72999954223633,37.27000045776367,36.52000045776367,36.56999969482422,34.94063949584961,3652500,TPR,yfinance,2026-02-10T05:10:38.179198+00:00
2023-12-21,37.04999923706055,37.59000015258789,36.959999084472656,37.54999923706055,35.87697219848633,3470100,TPR,yfinance,2026-02-10T05:10:38.179198+00:00
2023-12-22,36.59000015258789,37.59000015258789,36.5,37.04999923706055,35.399253845214844,3743000,TPR,yfinance,2026-02-10T05:10:38.179198+00:00
2023-12-26,37.290000915527344,37.619998931884766,37.150001525878906,37.61000061035156,35.934303283691406,2475100,TPR,yfinance,2026-02-10T05:10:38.179198+00:00
2023-12-27,37.68000030517578,37.959999084472656,37.38999938964844,37.400001525878906,35.73365783691406,3385300,TPR,yfinance,2026-02-10T05:10:38.179198+00:00
2023-12-28,37.400001525878906,37.43000030517578,37.029998779296875,37.08000183105469,35.42791748046875,3525900,TPR,yfinance,2026-02-10T05:10:38.179198+00:00
2023-12-29,36.93000030517578,37.150001525878906,36.61000061035156,36.810001373291016,35.16994857788086,4316500,TPR,yfinance,2026-02-10T05:10:38.179198+00:00
2024-01-02,36.810001373291016,38.47999954223633,36.70000076293945,38.16999816894531,36.4693489074707,4557800,TPR,yfinance,2026-02-10T05:10:38.179198+00:00
2024-01-03,37.68000030517578,37.72999954223633,36.75,36.849998474121094,35.20816421508789,4565200,TPR,yfinance,2026-02-10T05:10:38.179198+00:00
2024-01-04,36.939998626708984,37.099998474121094,36.720001220703125,36.900001525878906,35.25593948364258,4147700,TPR,yfinance,2026-02-10T05:10:38.179198+00:00
2024-01-05,36.790000915527344,37.810001373291016,36.75,37.33000183105469,35.666778564453125,3550300,TPR,yfinance,2026-02-10T05:10:38.179198+00:00
2024-01-08,37.290000915527344,38.349998474121094,37.25,38.09000015258789,36.392913818359375,3209400,TPR,yfinance,2026-02-10T05:10:38.179198+00:00
2024-01-09,37.56999969482422,37.83000183105469,37.16999816894531,37.459999084472656,35.790985107421875,2577900,TPR,yfinance,2026-02-10T05:10:38.179198+00:00
2024-01-10,37.47999954223633,37.66999816894531,37.08000183105469,37.4900016784668,35.819644927978516,2221500,TPR,yfinance,2026-02-10T05:10:38.179198+00:00
2024-01-11,37.439998626708984,37.68000030517578,36.9900016784668,37.66999816894531,35.99162673950195,2322100,TPR,yfinance,2026-02-10T05:10:38.179198+00:00
2024-01-12,37.790000915527344,38.0,36.33000183105469,36.34000015258789,34.720882415771484,3908200,TPR,yfinance,2026-02-10T05:10:38.179198+00:00
2024-01-16,36.0099983215332,36.47999954223633,35.4900016784668,36.470001220703125,34.845096588134766,2958800,TPR,yfinance,2026-02-10T05:10:38.179198+00:00
2024-01-17,36.27000045776367,36.290000915527344,35.709999084472656,35.84000015258789,34.243160247802734,2787900,TPR,yfinance,2026-02-10T05:10:38.179198+00:00
2024-01-18,36.099998474121094,36.15999984741211,35.2599983215332,35.83000183105469,34.233604431152344,2382100,TPR,yfinance,2026-02-10T05:10:38.179198+00:00
2024-01-19,35.880001068115234,36.720001220703125,35.52000045776367,36.63999938964844,35.00752258300781,3246400,TPR,yfinance,2026-02-10T05:10:38.179198+00:00
2024-01-22,36.70000076293945,37.529998779296875,36.70000076293945,37.45000076293945,35.78143310546875,2953400,TPR,yfinance,2026-02-10T05:10:38.179198+00:00
2024-01-23,37.86000061035156,38.220001220703125,37.459999084472656,37.65999984741211,35.98207473754883,3831800,TPR,yfinance,2026-02-10T05:10:38.179198+00:00
2024-01-24,37.970001220703125,38.38999938964844,37.5099983215332,37.540000915527344,35.8674201965332,2493200,TPR,yfinance,2026-02-10T05:10:38.179198+00:00
2024-01-25,37.880001068115234,38.369998931884766,37.720001220703125,38.2599983215332,36.55533981323242,3325600,TPR,yfinance,2026-02-10T05:10:38.179198+00:00
2024-01-26,39.20000076293945,40.099998474121094,38.88999938964844,38.970001220703125,37.23371124267578,3756900,TPR,yfinance,2026-02-10T05:10:38.179198+00:00
2024-01-29,38.900001525878906,39.70000076293945,38.79999923706055,39.650001525878906,37.88341522216797,2822100,TPR,yfinance,2026-02-10T05:10:38.179198+00:00
2024-01-30,39.20000076293945,39.599998474121094,39.189998626708984,39.459999084472656,37.701873779296875,2430300,TPR,yfinance,2026-02-10T05:10:38.179198+00:00
2024-01-31,39.38999938964844,39.709999084472656,38.709999084472656,38.790000915527344,37.061729431152344,3230900,TPR,yfinance,2026-02-10T05:10:38.179198+00:00
2024-02-01,39.040000915527344,40.08000183105469,39.0099983215332,40.02000045776367,38.23691940307617,3606700,TPR,yfinance,2026-02-10T05:10:38.179198+00:00
2024-02-02,39.779998779296875,40.29999923706055,39.119998931884766,40.0099983215332,38.22736358642578,3238000,TPR,yfinance,2026-02-10T05:10:38.179198+00:00
2024-02-05,40.45000076293945,40.650001525878906,39.7400016784668,40.369998931884766,38.57133102416992,4564400,TPR,yfinance,2026-02-10T05:10:38.179198+00:00
2024-02-06,40.5,41.209999084472656,40.5,41.0,39.17326354980469,4403600,TPR,yfinance,2026-02-10T05:10:38.179198+00:00
2024-02-07,41.16999816894531,41.209999084472656,40.119998931884766,40.349998474121094,38.55221939086914,5342200,TPR,yfinance,2026-02-10T05:10:38.179198+00:00
2024-02-08,42.22999954223633,44.290000915527344,42.22999954223633,42.9900016784668,41.0745964050293,9212200,TPR,yfinance,2026-02-10T05:10:38.179198+00:00
2024-02-09,42.88999938964844,42.88999938964844,41.2599983215332,42.0,40.12870788574219,6465100,TPR,yfinance,2026-02-10T05:10:38.179198+00:00
2024-02-12,42.119998931884766,43.560001373291016,42.0,43.439998626708984,41.504547119140625,4410300,TPR,yfinance,2026-02-10T05:10:38.179198+00:00
2024-02-13,42.029998779296875,42.709999084472656,41.810001373291016,42.689998626708984,40.7879638671875,4109300,TPR,yfinance,2026-02-10T05:10:38.179198+00:00
2024-02-14,43.099998474121094,44.400001525878906,42.77000045776367,44.25,42.27846145629883,5219900,TPR,yfinance,2026-02-10T05:10:38.179198+00:00
2024-02-15,44.63999938964844,45.560001373291016,44.400001525878906,45.459999084472656,43.434547424316406,4463500,TPR,yfinance,2026-02-10T05:10:38.179198+00:00
2024-02-16,45.18000030517578,46.11000061035156,45.18000030517578,45.90999984741211,43.864498138427734,2999000,TPR,yfinance,2026-02-10T05:10:38.179198+00:00
2024-02-20,45.63999938964844,46.849998474121094,45.63999938964844,46.75,44.66706848144531,3887000,TPR,yfinance,2026-02-10T05:10:38.179198+00:00
2024-02-21,46.61000061035156,47.29999923706055,46.56999969482422,46.959999084472656,44.86771774291992,3820900,TPR,yfinance,2026-02-10T05:10:38.179198+00:00
2024-02-22,47.290000915527344,47.93000030517578,47.099998474121094,47.79999923706055,45.6702880859375,3144700,TPR,yfinance,2026-02-10T05:10:38.179198+00:00
2024-02-23,47.93000030517578,48.79999923706055,47.66999816894531,48.54999923706055,46.386871337890625,3518100,TPR,yfinance,2026-02-10T05:10:38.179198+00:00
2024-02-26,48.27000045776367,48.45000076293945,47.45000076293945,47.619998931884766,45.49831008911133,3295900,TPR,yfinance,2026-02-10T05:10:38.179198+00:00
2024-02-27,47.93000030517578,48.099998474121094,47.150001525878906,47.529998779296875,45.412322998046875,3779900,TPR,yfinance,2026-02-10T05:10:38.179198+00:00
2024-02-28,47.119998931884766,48.0,46.970001220703125,47.720001220703125,45.59385681152344,3149500,TPR,yfinance,2026-02-10T05:10:38.179198+00:00
2024-02-29,47.09000015258789,47.77000045776367,46.630001068115234,47.529998779296875,45.412322998046875,4863000,TPR,yfinance,2026-02-10T05:10:38.179198+00:00
2024-03-01,47.7599983215332,48.060001373291016,47.20000076293945,47.220001220703125,45.11613464355469,3012500,TPR,yfinance,2026-02-10T05:10:38.179198+00:00
2024-03-04,48.279998779296875,48.40999984741211,47.27000045776367,47.279998779296875,45.17345428466797,3972700,TPR,yfinance,2026-02-10T05:10:38.179198+00:00
2024-03-05,47.04999923706055,48.099998474121094,46.65999984741211,47.779998779296875,45.651180267333984,3651100,TPR,yfinance,2026-02-10T05:10:38.179198+00:00
2024-03-06,47.83000183105469,48.2400016784668,46.720001220703125,46.9900016784668,44.89638137817383,3954900,TPR,yfinance,2026-02-10T05:10:38.179198+00:00
2024-03-07,47.0099983215332,47.400001525878906,46.709999084472656,46.93000030517578,45.175537109375,2569900,TPR,yfinance,2026-02-10T05:10:38.179198+00:00
2024-03-08,47.099998474121094,47.52000045776367,46.849998474121094,47.08000183105469,45.31993103027344,2446100,TPR,yfinance,2026-02-10T05:10:38.179198+00:00
2024-03-11,46.939998626708984,47.040000915527344,46.279998779296875,46.720001220703125,44.973388671875,2349800,TPR,yfinance,2026-02-10T05:10:38.179198+00:00
2024-03-12,46.75,47.34000015258789,46.63999938964844,47.22999954223633,45.46432113647461,2569400,TPR,yfinance,2026-02-10T05:10:38.179198+00:00
2024-03-13,47.400001525878906,48.29999923706055,47.400001525878906,47.79999923706055,46.01301193237305,3016400,TPR,yfinance,2026-02-10T05:10:38.179198+00:00
2024-03-14,47.54999923706055,47.75,47.0099983215332,47.349998474121094,45.579833984375,2486800,TPR,yfinance,2026-02-10T05:10:38.179198+00:00
2024-03-15,47.15999984741211,47.970001220703125,46.84000015258789,46.84000015258789,45.08890151977539,11142500,TPR,yfinance,2026-02-10T05:10:38.179198+00:00
2024-03-18,47.099998474121094,47.18000030517578,46.29999923706055,46.689998626708984,44.94450759887695,3244700,TPR,yfinance,2026-02-10T05:10:38.179198+00:00
2024-03-19,46.540000915527344,47.36000061035156,46.2400016784668,46.529998779296875,44.790489196777344,3734800,TPR,yfinance,2026-02-10T05:10:38.179198+00:00
2024-03-20,46.45000076293945,47.52000045776367,46.130001068115234,47.400001525878906,45.62797546386719,2909400,TPR,yfinance,2026-02-10T05:10:38.179198+00:00
2024-03-21,47.70000076293945,48.16999816894531,47.31999969482422,48.09000015258789,46.29217529296875,3245000,TPR,yfinance,2026-02-10T05:10:38.179198+00:00
2024-03-22,47.439998626708984,47.61000061035156,46.95000076293945,46.95000076293945,45.194786071777344,2370800,TPR,yfinance,2026-02-10T05:10:38.179198+00:00
2024-03-25,46.95000076293945,47.150001525878906,45.4900016784668,45.54999923706055,43.84712600708008,3191700,TPR,yfinance,2026-02-10T05:10:38.179198+00:00
2024-03-26,45.95000076293945,45.97999954223633,45.36000061035156,45.40999984741211,43.71236038208008,2940100,TPR,yfinance,2026-02-10T05:10:38.179198+00:00
2024-03-27,45.7400016784668,46.70000076293945,45.7400016784668,46.68000030517578,44.93488693237305,3502700,TPR,yfinance,2026-02-10T05:10:38.179198+00:00
2024-03-28,46.939998626708984,47.619998931884766,46.77000045776367,47.47999954223633,45.70497512817383,3051700,TPR,yfinance,2026-02-10T05:10:38.179198+00:00
2024-04-01,48.08000183105469,48.33000183105469,47.209999084472656,48.099998474121094,46.30179977416992,3181700,TPR,yfinance,2026-02-10T05:10:38.179198+00:00
2024-04-02,46.290000915527344,46.290000915527344,45.369998931884766,46.099998474121094,44.37656021118164,4362200,TPR,yfinance,2026-02-10T05:10:38.179198+00:00
2024-04-03,46.02000045776367,46.40999984741211,44.810001373291016,45.16999816894531,43.4813346862793,3964700,TPR,yfinance,2026-02-10T05:10:38.179198+00:00
2024-04-04,45.709999084472656,45.970001220703125,42.88999938964844,43.029998779296875,41.42134094238281,6092800,TPR,yfinance,2026-02-10T05:10:38.179198+00:00
2024-04-05,43.220001220703125,43.349998474121094,42.63999938964844,42.93000030517578,41.325077056884766,3912000,TPR,yfinance,2026-02-10T05:10:38.179198+00:00
2024-04-08,43.040000915527344,43.459999084472656,42.7400016784668,43.13999938964844,41.527225494384766,4298100,TPR,yfinance,2026-02-10T05:10:38.179198+00:00
2024-04-09,43.150001525878906,43.150001525878906,42.2599983215332,42.689998626708984,41.09404754638672,3316300,TPR,yfinance,2026-02-10T05:10:38.179198+00:00
2024-04-10,41.95000076293945,42.0,41.16999816894531,41.439998626708984,39.890777587890625,4974200,TPR,yfinance,2026-02-10T05:10:38.179198+00:00
2024-04-11,41.7599983215332,42.0,41.0099983215332,41.81999969482422,40.25657653808594,4535600,TPR,yfinance,2026-02-10T05:10:38.179198+00:00
2024-04-12,41.52000045776367,41.97999954223633,41.04999923706055,41.13999938964844,39.60198974609375,3801600,TPR,yfinance,2026-02-10T05:10:38.179198+00:00
2024-04-15,41.91999816894531,42.31999969482422,40.59000015258789,40.83000183105469,39.303585052490234,3084400,TPR,yfinance,2026-02-10T05:10:38.179198+00:00
2024-04-16,40.529998779296875,40.95000076293945,39.97999954223633,40.86000061035156,39.33245849609375,4288000,TPR,yfinance,2026-02-10T05:10:38.179198+00:00
2024-04-17,41.349998474121094,41.54999923706055,40.220001220703125,40.4900016784668,38.976295471191406,4344200,TPR,yfinance,2026-02-10T05:10:38.179198+00:00
2024-04-18,40.84000015258789,41.06999969482422,40.09000015258789,40.5,38.985923767089844,3814500,TPR,yfinance,2026-02-10T05:10:38.179198+00:00
2024-04-19,40.47999954223633,41.08000183105469,40.400001525878906,40.619998931884766,39.101436614990234,3467500,TPR,yfinance,2026-02-10T05:10:38.179198+00:00
2024-04-22,40.86000061035156,40.880001068115234,40.060001373291016,40.310001373291016,38.80302429199219,3854600,TPR,yfinance,2026-02-10T05:10:38.179198+00:00
2024-04-23,39.869998931884766,40.130001068115234,38.72999954223633,39.439998626708984,37.96554946899414,6548300,TPR,yfinance,2026-02-10T05:10:38.179198+00:00
2024-04-24,39.38999938964844,40.06999969482422,39.029998779296875,40.029998779296875,38.53349304199219,4829300,TPR,yfinance,2026-02-10T05:10:38.179198+00:00
2024-04-25,39.849998474121094,39.90999984741211,38.95000076293945,39.38999938964844,37.91741943359375,4311000,TPR,yfinance,2026-02-10T05:10:38.179198+00:00
2024-04-26,39.540000915527344,40.380001068115234,39.400001525878906,40.04999923706055,38.552738189697266,3329600,TPR,yfinance,2026-02-10T05:10:38.179198+00:00
2024-04-29,40.310001373291016,41.0099983215332,40.18000030517578,40.97999954223633,39.44797897338867,4161300,TPR,yfinance,2026-02-10T05:10:38.179198+00:00
2024-04-30,40.54999923706055,40.7400016784668,39.900001525878906,39.91999816894531,38.42760467529297,5029500,TPR,yfinance,2026-02-10T05:10:38.179198+00:00
2024-05-01,39.79999923706055,40.06999969482422,39.15999984741211,39.4900016784668,38.01367950439453,3506500,TPR,yfinance,2026-02-10T05:10:38.179198+00:00
2024-05-02,40.029998779296875,40.099998474121094,38.720001220703125,38.790000915527344,37.33985137939453,3740100,TPR,yfinance,2026-02-10T05:10:38.179198+00:00
2024-05-03,39.09000015258789,39.77000045776367,39.029998779296875,39.2400016784668,37.77302551269531,3309900,TPR,yfinance,2026-02-10T05:10:38.179198+00:00
2024-05-06,39.66999816894531,39.95000076293945,39.34000015258789,39.47999954223633,38.00405502319336,3384900,TPR,yfinance,2026-02-10T05:10:38.179198+00:00
2024-05-07,39.77000045776367,40.119998931884766,38.869998931884766,38.9900016784668,37.53237533569336,5292400,TPR,yfinance,2026-02-10T05:10:38.179198+00:00
2024-05-08,38.61000061035156,39.040000915527344,38.52000045776367,38.97999954223633,37.52274703979492,4493300,TPR,yfinance,2026-02-10T05:10:38.179198+00:00
2024-05-09,37.61000061035156,40.459999084472656,37.5,40.369998931884766,38.860782623291016,5359000,TPR,yfinance,2026-02-10T05:10:38.179198+00:00
2024-05-10,40.22999954223633,40.599998474121094,38.9900016784668,40.06999969482422,38.57199478149414,3602100,TPR,yfinance,2026-02-10T05:10:38.179198+00:00
2024-05-13,40.47999954223633,41.599998474121094,40.47999954223633,41.349998474121094,39.80413818359375,4497300,TPR,yfinance,2026-02-10T05:10:38.179198+00:00
2024-05-14,41.79999923706055,42.369998931884766,41.7599983215332,42.11000061035156,40.53573226928711,2871200,TPR,yfinance,2026-02-10T05:10:38.179198+00:00
2024-05-15,42.529998779296875,42.77000045776367,42.2400016784668,42.66999816894531,41.074798583984375,3603300,TPR,yfinance,2026-02-10T05:10:38.179198+00:00
2024-05-16,42.63999938964844,42.9900016784668,42.40999984741211,42.52000045776367,40.9304084777832,2593100,TPR,yfinance,2026-02-10T05:10:38.179198+00:00
2024-05-17,42.529998779296875,42.7599983215332,42.18000030517578,42.31999969482422,40.737884521484375,3817800,TPR,yfinance,2026-02-10T05:10:38.179198+00:00
2024-05-20,42.369998931884766,42.7599983215332,42.13999938964844,42.459999084472656,40.872642517089844,2269500,TPR,yfinance,2026-02-10T05:10:38.179198+00:00
2024-05-21,42.2599983215332,42.619998931884766,42.119998931884766,42.349998474121094,40.76675796508789,2443800,TPR,yfinance,2026-02-10T05:10:38.179198+00:00
2024-05-22,42.06999969482422,42.220001220703125,41.38999938964844,41.47999954223633,39.929283142089844,2462900,TPR,yfinance,2026-02-10T05:10:38.179198+00:00
2024-05-23,41.310001373291016,41.939998626708984,40.970001220703125,41.36000061035156,39.81377029418945,2095200,TPR,yfinance,2026-02-10T05:10:38.179198+00:00
2024-05-24,41.88999938964844,42.400001525878906,41.650001525878906,42.29999923706055,40.718631744384766,2294700,TPR,yfinance,2026-02-10T05:10:38.179198+00:00
2024-05-28,42.61000061035156,42.619998931884766,41.18000030517578,41.40999984741211,39.86189651489258,2538000,TPR,yfinance,2026-02-10T05:10:38.179198+00:00
2024-05-29,41.040000915527344,41.810001373291016,40.939998626708984,41.52000045776367,39.96778869628906,2113000,TPR,yfinance,2026-02-10T05:10:38.179198+00:00
2024-05-30,41.529998779296875,42.529998779296875,41.22999954223633,42.349998474121094,40.76675796508789,2759000,TPR,yfinance,2026-02-10T05:10:38.179198+00:00
2024-05-31,42.459999084472656,43.52000045776367,42.2400016784668,43.4900016784668,41.86414337158203,3049800,TPR,yfinance,2026-02-10T05:10:38.179198+00:00
2024-06-03,43.790000915527344,44.4900016784668,43.58000183105469,44.279998779296875,42.62460708618164,2274800,TPR,yfinance,2026-02-10T05:10:38.179198+00:00
2024-06-04,44.189998626708984,44.189998626708984,43.0099983215332,43.060001373291016,41.450218200683594,2019800,TPR,yfinance,2026-02-10T05:10:38.179198+00:00
2024-06-05,43.099998474121094,43.61000061035156,42.720001220703125,43.5,41.87376403808594,1828800,TPR,yfinance,2026-02-10T05:10:38.179198+00:00
2024-06-06,43.75,44.060001373291016,43.38999938964844,43.54999923706055,41.92190170288086,3526400,TPR,yfinance,2026-02-10T05:10:38.179198+00:00
2024-06-07,43.0099983215332,43.79999923706055,42.9900016784668,43.380001068115234,42.0965690612793,1938500,TPR,yfinance,2026-02-10T05:10:38.179198+00:00
2024-06-10,43.099998474121094,44.27000045776367,43.09000015258789,44.189998626708984,42.882606506347656,2412400,TPR,yfinance,2026-02-10T05:10:38.179198+00:00
2024-06-11,43.95000076293945,44.290000915527344,42.709999084472656,43.02000045776367,41.747222900390625,1950700,TPR,yfinance,2026-02-10T05:10:38.179198+00:00
2024-06-12,43.54999923706055,44.189998626708984,42.709999084472656,42.83000183105469,41.562843322753906,1530300,TPR,yfinance,2026-02-10T05:10:38.179198+00:00
2024-06-13,42.630001068115234,42.939998626708984,42.310001373291016,42.36000061035156,41.10675048828125,1709900,TPR,yfinance,2026-02-10T05:10:38.179198+00:00
2024-06-14,41.7400016784668,42.15999984741211,41.439998626708984,41.810001373291016,40.57302474975586,1600300,TPR,yfinance,2026-02-10T05:10:38.179198+00:00
2024-06-17,41.68000030517578,42.18000030517578,41.41999816894531,41.91999816894531,40.67976760864258,2356000,TPR,yfinance,2026-02-10T05:10:38.179198+00:00
2024-06-18,41.849998474121094,42.04999923706055,40.849998474121094,41.0099983215332,39.796695709228516,4178800,TPR,yfinance,2026-02-10T05:10:38.179198+00:00
2024-06-20,41.099998474121094,41.689998626708984,40.97999954223633,41.310001373291016,40.08781433105469,1880600,TPR,yfinance,2026-02-10T05:10:38.179198+00:00
2024-06-21,41.220001220703125,41.70000076293945,41.0099983215332,41.63999938964844,40.408050537109375,5368800,TPR,yfinance,2026-02-10T05:10:38.179198+00:00
2024-06-24,41.790000915527344,42.77000045776367,41.5,42.72999954223633,41.465797424316406,2263000,TPR,yfinance,2026-02-10T05:10:38.179198+00:00
2024-06-25,43.0,43.0,41.810001373291016,41.869998931884766,40.63124465942383,2038300,TPR,yfinance,2026-02-10T05:10:38.179198+00:00
2024-06-26,41.7599983215332,41.959999084472656,41.189998626708984,41.70000076293945,40.466278076171875,2390500,TPR,yfinance,2026-02-10T05:10:38.179198+00:00
2024-06-27,41.36000061035156,41.7599983215332,40.9900016784668,41.61000061035156,40.378944396972656,1989400,TPR,yfinance,2026-02-10T05:10:38.179198+00:00
2024-06-28,41.459999084472656,42.81999969482422,41.0099983215332,42.790000915527344,41.524024963378906,3510000,TPR,yfinance,2026-02-10T05:10:38.179198+00:00
2024-07-01,42.75,42.849998474121094,41.45000076293945,41.9900016784668,40.74769592285156,1907000,TPR,yfinance,2026-02-10T05:10:38.179198+00:00
2024-07-02,41.72999954223633,42.06999969482422,40.41999816894531,40.540000915527344,39.34059143066406,2427300,TPR,yfinance,2026-02-10T05:10:38.179198+00:00
2024-07-03,40.70000076293945,40.79999923706055,40.119998931884766,40.189998626708984,39.00094985961914,1249200,TPR,yfinance,2026-02-10T05:10:38.179198+00:00
2024-07-05,40.0099983215332,40.4900016784668,39.59000015258789,40.13999938964844,38.952430725097656,2836100,TPR,yfinance,2026-02-10T05:10:38.179198+00:00
2024-07-08,40.47999954223633,41.90999984741211,40.33000183105469,41.90999984741211,40.67005920410156,2467300,TPR,yfinance,2026-02-10T05:10:38.179198+00:00
2024-07-09,41.900001525878906,42.33000183105469,41.29999923706055,41.560001373291016,40.330421447753906,1868500,TPR,yfinance,2026-02-10T05:10:38.179198+00:00
2024-07-10,41.91999816894531,42.380001068115234,41.560001373291016,42.349998474121094,41.097042083740234,1414200,TPR,yfinance,2026-02-10T05:10:38.179198+00:00
2024-07-11,42.97999954223633,43.86000061035156,42.97999954223633,43.47999954223633,42.1936149597168,3022200,TPR,yfinance,2026-02-10T05:10:38.179198+00:00
2024-07-12,44.16999816894531,44.630001068115234,43.84000015258789,43.900001525878906,42.6011848449707,2667700,TPR,yfinance,2026-02-10T05:10:38.179198+00:00
2024-07-15,43.560001373291016,43.720001220703125,42.310001373291016,42.47999954223633,41.22319793701172,2138200,TPR,yfinance,2026-02-10T05:10:38.179198+00:00
2024-07-16,42.959999084472656,43.31999969482422,42.4900016784668,42.959999084472656,41.68899917602539,2625900,TPR,yfinance,2026-02-10T05:10:38.179198+00:00
2024-07-17,42.65999984741211,43.43000030517578,42.59000015258789,42.59000015258789,41.32994079589844,1979800,TPR,yfinance,2026-02-10T05:10:38.179198+00:00
2024-07-18,42.560001373291016,43.380001068115234,41.47999954223633,41.689998626708984,40.45656967163086,1616600,TPR,yfinance,2026-02-10T05:10:38.179198+00:00
2024-07-19,41.61000061035156,41.75,40.97999954223633,41.22999954223633,40.01018142700195,1586100,TPR,yfinance,2026-02-10T05:10:38.179198+00:00
2024-07-22,41.40999984741211,41.83000183105469,40.599998474121094,41.790000915527344,40.553611755371094,1920600,TPR,yfinance,2026-02-10T05:10:38.179198+00:00
2024-07-23,41.43000030517578,41.720001220703125,40.560001373291016,41.15999984741211,39.9422492980957,2394700,TPR,yfinance,2026-02-10T05:10:38.179198+00:00
2024-07-24,41.0,41.220001220703125,39.7400016784668,39.84000015258789,38.66130447387695,2131200,TPR,yfinance,2026-02-10T05:10:38.179198+00:00
2024-07-25,39.84000015258789,40.529998779296875,39.36000061035156,39.650001525878906,38.47693634033203,1978400,TPR,yfinance,2026-02-10T05:10:38.179198+00:00
2024-07-26,40.209999084472656,41.0099983215332,40.029998779296875,40.81999969482422,39.612308502197266,2380000,TPR,yfinance,2026-02-10T05:10:38.179198+00:00
2024-07-29,40.720001220703125,40.810001373291016,40.15999984741211,40.36000061035156,39.165924072265625,3124700,TPR,yfinance,2026-02-10T05:10:38.179198+00:00
2024-07-30,40.459999084472656,40.720001220703125,39.290000915527344,39.77000045776367,38.59337615966797,3769900,TPR,yfinance,2026-02-10T05:10:38.179198+00:00
2024-07-31,39.709999084472656,40.88999938964844,39.709999084472656,40.09000015258789,38.90391159057617,3513900,TPR,yfinance,2026-02-10T05:10:38.179198+00:00
2024-08-01,40.279998779296875,40.400001525878906,38.86000061035156,39.150001525878906,37.99171829223633,2459100,TPR,yfinance,2026-02-10T05:10:38.179198+00:00
2024-08-02,38.540000915527344,38.540000915527344,37.470001220703125,38.130001068115234,37.00189971923828,3279600,TPR,yfinance,2026-02-10T05:10:38.179198+00:00
2024-08-05,35.790000915527344,37.25,35.22999954223633,36.86000061035156,35.769474029541016,4346200,TPR,yfinance,2026-02-10T05:10:38.179198+00:00
2024-08-06,36.939998626708984,37.47999954223633,36.400001525878906,37.08000183105469,35.98296356201172,2631500,TPR,yfinance,2026-02-10T05:10:38.179198+00:00
2024-08-07,37.75,37.75,36.2400016784668,36.290000915527344,35.21633529663086,2444500,TPR,yfinance,2026-02-10T05:10:38.179198+00:00
2024-08-08,36.7599983215332,38.0,36.689998626708984,37.93000030517578,36.80781173706055,3175000,TPR,yfinance,2026-02-10T05:10:38.179198+00:00
2024-08-09,37.72999954223633,38.650001525878906,37.45000076293945,38.22999954223633,37.09893798828125,3299400,TPR,yfinance,2026-02-10T05:10:38.179198+00:00
2024-08-12,38.22999954223633,38.400001525878906,37.130001068115234,37.4900016784668,36.380828857421875,2940100,TPR,yfinance,2026-02-10T05:10:38.179198+00:00
2024-08-13,37.630001068115234,38.380001068115234,37.470001220703125,38.22999954223633,37.09893798828125,2840900,TPR,yfinance,2026-02-10T05:10:38.179198+00:00
2024-08-14,38.33000183105469,38.33000183105469,37.790000915527344,37.959999084472656,36.83692932128906,3827300,TPR,yfinance,2026-02-10T05:10:38.179198+00:00
2024-08-15,40.7400016784668,41.52000045776367,38.09000015258789,39.20000076293945,38.04024124145508,7174500,TPR,yfinance,2026-02-10T05:10:38.179198+00:00
2024-08-16,39.150001525878906,40.66999816894531,39.099998474121094,40.400001525878906,39.20473861694336,4707200,TPR,yfinance,2026-02-10T05:10:38.179198+00:00
2024-08-19,40.61000061035156,40.97999954223633,40.0099983215332,40.58000183105469,39.37941360473633,2434400,TPR,yfinance,2026-02-10T05:10:38.179198+00:00
2024-08-20,40.5,40.709999084472656,40.150001525878906,40.380001068115234,39.18532943725586,2630300,TPR,yfinance,2026-02-10T05:10:38.179198+00:00
2024-08-21,40.54999923706055,41.61000061035156,40.54999923706055,41.150001525878906,39.93254852294922,3301400,TPR,yfinance,2026-02-10T05:10:38.179198+00:00
2024-08-22,41.150001525878906,41.279998779296875,40.099998474121094,40.16999816894531,38.981544494628906,2199000,TPR,yfinance,2026-02-10T05:10:38.179198+00:00
2024-08-23,40.689998626708984,41.720001220703125,40.43000030517578,41.65999984741211,40.427459716796875,2505400,TPR,yfinance,2026-02-10T05:10:38.179198+00:00
2024-08-26,41.97999954223633,42.0,40.43000030517578,40.66999816894531,39.46674728393555,2243900,TPR,yfinance,2026-02-10T05:10:38.179198+00:00
2024-08-27,40.439998626708984,40.54999923706055,39.93000030517578,40.2599983215332,39.06887435913086,1962800,TPR,yfinance,2026-02-10T05:10:38.179198+00:00
2024-08-28,39.95000076293945,40.77000045776367,39.400001525878906,40.70000076293945,39.4958610534668,2526800,TPR,yfinance,2026-02-10T05:10:38.179198+00:00
2024-08-29,40.68000030517578,40.83000183105469,40.11000061035156,40.52000045776367,39.32118606567383,1928300,TPR,yfinance,2026-02-10T05:10:38.179198+00:00
2024-08-30,40.810001373291016,41.06999969482422,40.29999923706055,40.970001220703125,39.75787353515625,2806200,TPR,yfinance,2026-02-10T05:10:38.179198+00:00
2024-09-03,40.9900016784668,41.7599983215332,40.970001220703125,41.56999969482422,40.34012222290039,3987200,TPR,yfinance,2026-02-10T05:10:38.179198+00:00
2024-09-04,41.33000183105469,41.95000076293945,40.810001373291016,41.189998626708984,39.97135925292969,3695600,TPR,yfinance,2026-02-10T05:10:38.179198+00:00
2024-09-05,41.459999084472656,41.5099983215332,41.029998779296875,41.36000061035156,40.13633346557617,3339500,TPR,yfinance,2026-02-10T05:10:38.179198+00:00
2024-09-06,41.0099983215332,41.459999084472656,40.08000183105469,40.36000061035156,39.50019073486328,2294200,TPR,yfinance,2026-02-10T05:10:38.179198+00:00
2024-09-09,40.470001220703125,42.08000183105469,40.2400016784668,41.290000915527344,40.410369873046875,4326300,TPR,yfinance,2026-02-10T05:10:38.179198+00:00
2024-09-10,41.04999923706055,41.16999816894531,40.31999969482422,41.16999816894531,40.29292297363281,1998400,TPR,yfinance,2026-02-10T05:10:38.179198+00:00
2024-09-11,41.060001373291016,41.77000045776367,40.40999984741211,41.75,40.860572814941406,2416600,TPR,yfinance,2026-02-10T05:10:38.179198+00:00
2024-09-12,41.84000015258789,42.31999969482422,41.380001068115234,42.040000915527344,41.1443977355957,2249800,TPR,yfinance,2026-02-10T05:10:38.179198+00:00
2024-09-13,42.310001373291016,43.45000076293945,42.310001373291016,42.7599983215332,41.849056243896484,1949400,TPR,yfinance,2026-02-10T05:10:38.179198+00:00
2024-09-16,42.95000076293945,43.45000076293945,42.7599983215332,43.2599983215332,42.338401794433594,2124500,TPR,yfinance,2026-02-10T05:10:38.179198+00:00
2024-09-17,43.4900016784668,43.70000076293945,43.150001525878906,43.279998779296875,42.35797882080078,1655800,TPR,yfinance,2026-02-10T05:10:38.179198+00:00
2024-09-18,43.45000076293945,44.060001373291016,43.0099983215332,43.130001068115234,42.2111701965332,2115400,TPR,yfinance,2026-02-10T05:10:38.179198+00:00
2024-09-19,43.9900016784668,44.13999938964844,42.47999954223633,42.81999969482422,41.90777587890625,2327500,TPR,yfinance,2026-02-10T05:10:38.179198+00:00
2024-09-20,42.619998931884766,42.86000061035156,42.060001373291016,42.56999969482422,41.663108825683594,4674400,TPR,yfinance,2026-02-10T05:10:38.179198+00:00
2024-09-23,43.220001220703125,44.27000045776367,42.95000076293945,44.119998931884766,43.18008041381836,3743600,TPR,yfinance,2026-02-10T05:10:38.179198+00:00
2024-09-24,45.189998626708984,45.81999969482422,44.79999923706055,45.400001525878906,44.43281555175781,2736300,TPR,yfinance,2026-02-10T05:10:38.179198+00:00
2024-09-25,45.209999084472656,45.77000045776367,44.959999084472656,45.72999954223633,44.75578308105469,2864600,TPR,yfinance,2026-02-10T05:10:38.179198+00:00
2024-09-26,46.08000183105469,47.36000061035156,46.08000183105469,47.0099983215332,46.008506774902344,4356000,TPR,yfinance,2026-02-10T05:10:38.179198+00:00
2024-09-27,47.369998931884766,47.97999954223633,46.959999084472656,47.939998626708984,46.918701171875,2592700,TPR,yfinance,2026-02-10T05:10:38.179198+00:00
2024-09-30,47.630001068115234,47.849998474121094,46.650001525878906,46.97999954223633,45.979156494140625,2920900,TPR,yfinance,2026-02-10T05:10:38.179198+00:00
2024-10-01,46.83000183105469,46.83000183105469,45.34000015258789,46.310001373291016,45.323429107666016,2775100,TPR,yfinance,2026-02-10T05:10:38.179198+00:00
2024-10-02,45.599998474121094,46.43000030517578,45.59000015258789,45.81999969482422,44.843868255615234,1732400,TPR,yfinance,2026-02-10T05:10:38.179198+00:00
2024-10-03,45.459999084472656,45.970001220703125,45.220001220703125,45.75,44.77535629272461,1697600,TPR,yfinance,2026-02-10T05:10:38.179198+00:00
2024-10-04,46.310001373291016,46.66999816894531,45.88999938964844,46.5,45.50938034057617,2201000,TPR,yfinance,2026-02-10T05:10:38.179198+00:00
2024-10-07,46.33000183105469,46.41999816894531,45.43000030517578,45.68000030517578,44.706851959228516,2647300,TPR,yfinance,2026-02-10T05:10:38.179198+00:00
2024-10-08,45.459999084472656,45.540000915527344,45.029998779296875,45.2599983215332,44.29579544067383,2066500,TPR,yfinance,2026-02-10T05:10:38.179198+00:00
2024-10-09,45.25,45.529998779296875,44.790000915527344,44.810001373291016,43.85538101196289,1853700,TPR,yfinance,2026-02-10T05:10:38.179198+00:00
2024-10-10,44.849998474121094,44.9900016784668,44.38999938964844,44.40999984741211,43.463905334472656,1853800,TPR,yfinance,2026-02-10T05:10:38.179198+00:00
2024-10-11,44.58000183105469,45.45000076293945,44.58000183105469,45.27000045776367,44.305580139160156,2726300,TPR,yfinance,2026-02-10T05:10:38.179198+00:00
2024-10-14,45.060001373291016,45.810001373291016,45.060001373291016,45.59000015258789,44.6187629699707,1810000,TPR,yfinance,2026-02-10T05:10:38.179198+00:00
2024-10-15,45.5099983215332,45.95000076293945,45.11000061035156,45.20000076293945,44.23707580566406,2976100,TPR,yfinance,2026-02-10T05:10:38.179198+00:00
2024-10-16,45.439998626708984,45.86000061035156,45.209999084472656,45.459999084472656,44.49153518676758,1689100,TPR,yfinance,2026-02-10T05:10:38.179198+00:00
2024-10-17,45.560001373291016,45.97999954223633,45.130001068115234,45.18000030517578,44.21750259399414,2357700,TPR,yfinance,2026-02-10T05:10:38.179198+00:00
2024-10-18,45.380001068115234,45.38999938964844,44.72999954223633,45.150001525878906,44.188140869140625,2533000,TPR,yfinance,2026-02-10T05:10:38.179198+00:00
2024-10-21,45.15999984741211,45.47999954223633,44.36000061035156,44.5099983215332,43.561771392822266,2512900,TPR,yfinance,2026-02-10T05:10:38.179198+00:00
2024-10-22,44.18000030517578,44.2400016784668,43.790000915527344,43.93000030517578,42.99413299560547,1935000,TPR,yfinance,2026-02-10T05:10:38.179198+00:00
2024-10-23,43.59000015258789,43.869998931884766,43.06999969482422,43.540000915527344,42.6124382019043,1993300,TPR,yfinance,2026-02-10T05:10:38.179198+00:00
2024-10-24,43.83000183105469,44.5,43.58000183105469,44.470001220703125,43.52262496948242,2901900,TPR,yfinance,2026-02-10T05:10:38.179198+00:00
2024-10-25,49.79999923706055,51.59000015258789,48.5,50.4900016784668,49.41437911987305,17253300,TPR,yfinance,2026-02-10T05:10:38.179198+00:00
2024-10-28,50.84000015258789,51.959999084472656,50.41999816894531,50.470001220703125,49.39480209350586,5441800,TPR,yfinance,2026-02-10T05:10:38.179198+00:00
2024-10-29,49.70000076293945,49.86000061035156,48.41999816894531,49.029998779296875,47.98548126220703,5148900,TPR,yfinance,2026-02-10T05:10:38.179198+00:00
2024-10-30,48.59000015258789,49.43000030517578,48.11000061035156,48.400001525878906,47.36890411376953,4115300,TPR,yfinance,2026-02-10T05:10:38.179198+00:00
2024-10-31,48.31999969482422,48.40999984741211,47.33000183105469,47.45000076293945,46.43914031982422,3354200,TPR,yfinance,2026-02-10T05:10:38.179198+00:00
2024-11-01,47.58000183105469,47.66999816894531,46.77000045776367,46.970001220703125,45.96936798095703,2655500,TPR,yfinance,2026-02-10T05:10:38.179198+00:00
2024-11-04,47.220001220703125,48.72999954223633,47.220001220703125,48.560001373291016,47.52549362182617,4179800,TPR,yfinance,2026-02-10T05:10:38.179198+00:00
2024-11-05,48.25,49.58000183105469,48.25,49.41999816894531,48.36716842651367,3086900,TPR,yfinance,2026-02-10T05:10:38.179198+00:00
2024-11-06,50.540000915527344,50.97999954223633,49.290000915527344,49.7599983215332,48.699928283691406,6399400,TPR,yfinance,2026-02-10T05:10:38.179198+00:00
2024-11-07,52.0,52.5,51.25,51.54999923706055,50.45179748535156,6991700,TPR,yfinance,2026-02-10T05:10:38.179198+00:00
2024-11-08,50.619998931884766,52.279998779296875,50.369998931884766,52.220001220703125,51.107521057128906,3566400,TPR,yfinance,2026-02-10T05:10:38.179198+00:00
2024-11-11,52.5,52.7599983215332,51.34000015258789,51.52000045776367,50.42243576049805,3731900,TPR,yfinance,2026-02-10T05:10:38.179198+00:00
2024-11-12,49.91999816894531,51.400001525878906,49.84000015258789,51.16999816894531,50.07988739013672,4647900,TPR,yfinance,2026-02-10T05:10:38.179198+00:00
2024-11-13,51.470001220703125,51.72999954223633,51.150001525878906,51.2599983215332,50.167972564697266,2115400,TPR,yfinance,2026-02-10T05:10:38.179198+00:00
2024-11-14,55.27000045776367,58.4900016784668,55.15999984741211,57.81999969482422,56.58822250366211,9954100,TPR,yfinance,2026-02-10T05:10:38.179198+00:00
2024-11-15,58.0,58.279998779296875,56.41999816894531,57.22999954223633,56.01079177856445,4444900,TPR,yfinance,2026-02-10T05:10:38.179198+00:00
2024-11-18,56.810001373291016,57.290000915527344,56.189998626708984,56.54999923706055,55.345279693603516,3249400,TPR,yfinance,2026-02-10T05:10:38.179198+00:00
2024-11-19,55.45000076293945,56.119998931884766,55.06999969482422,55.619998931884766,54.435089111328125,3109200,TPR,yfinance,2026-02-10T05:10:38.179198+00:00
2024-11-20,55.40999984741211,55.900001525878906,54.9900016784668,55.29999923706055,54.12191390991211,2897900,TPR,yfinance,2026-02-10T05:10:38.179198+00:00
2024-11-21,55.31999969482422,56.630001068115234,54.97999954223633,56.40999984741211,55.20825958251953,2504000,TPR,yfinance,2026-02-10T05:10:38.179198+00:00
2024-11-22,58.029998779296875,59.689998626708984,57.84000015258789,58.91999816894531,57.664791107177734,6946300,TPR,yfinance,2026-02-10T05:10:38.179198+00:00
2024-11-25,59.88999938964844,61.290000915527344,59.7400016784668,60.849998474121094,59.55367660522461,6836000,TPR,yfinance,2026-02-10T05:10:38.179198+00:00
2024-11-26,60.66999816894531,61.439998626708984,60.54999923706055,61.060001373291016,59.75919723510742,12773600,TPR,yfinance,2026-02-10T05:10:38.179198+00:00
2024-11-27,61.099998474121094,61.59000015258789,60.45000076293945,60.91999816894531,59.6221809387207,5348500,TPR,yfinance,2026-02-10T05:10:38.179198+00:00
2024-11-29,61.349998474121094,62.63999938964844,61.349998474121094,62.279998779296875,60.95320510864258,2410600,TPR,yfinance,2026-02-10T05:10:38.179198+00:00
2024-12-02,62.709999084472656,64.5999984741211,62.36000061035156,64.58000183105469,63.20420837402344,8105900,TPR,yfinance,2026-02-10T05:10:38.179198+00:00
2024-12-03,65.0,65.30000305175781,63.68000030517578,64.31999969482422,62.94974899291992,10637300,TPR,yfinance,2026-02-10T05:10:38.179198+00:00
2024-12-04,64.05000305175781,64.30999755859375,63.04999923706055,63.83000183105469,62.47018814086914,3507700,TPR,yfinance,2026-02-10T05:10:38.179198+00:00
2024-12-05,63.7400016784668,64.30000305175781,63.25,63.56999969482422,62.21572494506836,4681500,TPR,yfinance,2026-02-10T05:10:38.179198+00:00
2024-12-06,63.7400016784668,64.0199966430664,62.029998779296875,62.25,61.26113510131836,9557600,TPR,yfinance,2026-02-10T05:10:38.179198+00:00
2024-12-09,62.75,63.59000015258789,61.70000076293945,62.27000045776367,61.280818939208984,5786900,TPR,yfinance,2026-02-10T05:10:38.179198+00:00
2024-12-10,62.41999816894531,62.41999816894531,61.09000015258789,61.38999938964844,60.414798736572266,4154700,TPR,yfinance,2026-02-10T05:10:38.179198+00:00
2024-12-11,61.75,62.61000061035156,61.349998474121094,62.29999923706055,61.31033706665039,4272300,TPR,yfinance,2026-02-10T05:10:38.179198+00:00
2024-12-12,62.25,62.77000045776367,61.369998931884766,61.4900016784668,60.513206481933594,2698100,TPR,yfinance,2026-02-10T05:10:38.179198+00:00
2024-12-13,61.81999969482422,63.33000183105469,61.4900016784668,63.20000076293945,62.196044921875,3724500,TPR,yfinance,2026-02-10T05:10:38.179198+00:00
2024-12-16,63.869998931884766,65.1500015258789,63.619998931884766,64.19999694824219,63.18015670776367,7097100,TPR,yfinance,2026-02-10T05:10:38.179198+00:00
2024-12-17,64.41000366210938,65.2699966430664,63.599998474121094,63.810001373291016,62.79635238647461,4778400,TPR,yfinance,2026-02-10T05:10:38.179198+00:00
2024-12-18,63.630001068115234,64.4000015258789,62.029998779296875,62.08000183105469,61.09383773803711,5271800,TPR,yfinance,2026-02-10T05:10:38.179198+00:00
2024-12-19,64.12999725341797,64.72000122070312,62.43000030517578,62.65999984741211,61.66462326049805,4933600,TPR,yfinance,2026-02-10T05:10:38.179198+00:00
2024-12-20,62.5,64.62000274658203,62.130001068115234,64.1500015258789,63.130950927734375,11658700,TPR,yfinance,2026-02-10T05:10:38.179198+00:00
2024-12-23,64.08000183105469,64.93000030517578,63.88999938964844,64.7300033569336,63.701744079589844,4898600,TPR,yfinance,2026-02-10T05:10:38.179198+00:00
2024-12-24,64.7300033569336,65.27999877929688,64.63999938964844,65.27999877929688,64.24300384521484,1402900,TPR,yfinance,2026-02-10T05:10:38.179198+00:00
2024-12-26,65.08000183105469,66.30000305175781,65.05999755859375,66.18000030517578,65.12870788574219,2834900,TPR,yfinance,2026-02-10T05:10:38.179198+00:00
2024-12-27,65.70999908447266,66.47000122070312,65.54000091552734,65.87000274658203,64.8236312866211,2054900,TPR,yfinance,2026-02-10T05:10:38.179198+00:00
2024-12-30,65.3499984741211,66.37999725341797,64.68000030517578,65.81999969482422,64.77442932128906,2476000,TPR,yfinance,2026-02-10T05:10:38.179198+00:00
2024-12-31,66.0,66.47000122070312,65.22000122070312,65.33000183105469,64.29220581054688,2601100,TPR,yfinance,2026-02-10T05:10:38.179198+00:00
2025-01-02,65.62000274658203,66.44000244140625,65.16999816894531,65.62999725341797,64.58744049072266,3373600,TPR,yfinance,2026-02-10T05:10:38.179198+00:00
2025-01-03,66.19999694824219,67.4000015258789,65.97000122070312,66.7699966430664,65.70933532714844,3333700,TPR,yfinance,2026-02-10T05:10:38.179198+00:00
2025-01-06,67.41000366210938,68.41999816894531,67.27999877929688,67.66000366210938,66.58519744873047,5163700,TPR,yfinance,2026-02-10T05:10:38.179198+00:00
2025-01-07,68.2300033569336,69.08999633789062,67.20999908447266,67.36000061035156,66.28996276855469,3114900,TPR,yfinance,2026-02-10T05:10:38.179198+00:00
2025-01-08,68.02999877929688,68.77999877929688,67.0199966430664,68.52999877929688,67.44136810302734,4360500,TPR,yfinance,2026-02-10T05:10:38.179198+00:00
2025-01-10,68.0,68.16000366210938,66.61000061035156,67.1500015258789,66.08329772949219,4858600,TPR,yfinance,2026-02-10T05:10:38.179198+00:00
2025-01-13,66.7300033569336,66.81999969482422,65.08999633789062,66.75,65.68964385986328,3972500,TPR,yfinance,2026-02-10T05:10:38.179198+00:00
2025-01-14,67.8499984741211,69.08000183105469,67.37999725341797,67.66000366210938,66.58519744873047,6752400,TPR,yfinance,2026-02-10T05:10:38.179198+00:00
2025-01-15,69.0199966430664,69.5999984741211,67.36000061035156,67.6500015258789,66.57535552978516,4088500,TPR,yfinance,2026-02-10T05:10:38.179198+00:00
2025-01-16,68.5999984741211,69.83000183105469,68.1500015258789,69.62999725341797,68.5239028930664,3490500,TPR,yfinance,2026-02-10T05:10:38.179198+00:00
2025-01-17,70.18000030517578,72.08999633789062,70.0199966430664,71.38999938964844,70.25593566894531,5254400,TPR,yfinance,2026-02-10T05:10:38.179198+00:00
2025-01-21,71.87000274658203,74.25,71.87000274658203,74.05000305175781,72.87369537353516,4725900,TPR,yfinance,2026-02-10T05:10:38.179198+00:00
2025-01-22,74.38999938964844,74.54000091552734,73.22000122070312,73.33999633789062,72.17496490478516,3511200,TPR,yfinance,2026-02-10T05:10:38.179198+00:00
2025-01-23,72.93000030517578,73.81999969482422,72.55000305175781,73.62000274658203,72.45052337646484,4276300,TPR,yfinance,2026-02-10T05:10:38.179198+00:00
2025-01-24,73.62000274658203,75.77999877929688,73.52999877929688,74.6500015258789,73.46416473388672,3857700,TPR,yfinance,2026-02-10T05:10:38.179198+00:00
2025-01-27,73.83000183105469,73.94999694824219,71.7699966430664,72.51000213623047,71.358154296875,4528800,TPR,yfinance,2026-02-10T05:10:38.179198+00:00
2025-01-28,72.5,74.0,72.26000213623047,73.79000091552734,72.61781311035156,3481400,TPR,yfinance,2026-02-10T05:10:38.179198+00:00
2025-01-29,74.08000183105469,75.5199966430664,73.77999877929688,74.38999938964844,73.20829010009766,3007400,TPR,yfinance,2026-02-10T05:10:38.179198+00:00
2025-01-30,75.0,76.48999786376953,74.68000030517578,75.91000366210938,74.70414733886719,4292500,TPR,yfinance,2026-02-10T05:10:38.179198+00:00
2025-01-31,74.87999725341797,75.19999694824219,72.16999816894531,72.94000244140625,71.78131866455078,6637800,TPR,yfinance,2026-02-10T05:10:38.179198+00:00
2025-02-03,71.69000244140625,73.98999786376953,71.33000183105469,73.52999877929688,72.3619384765625,8771100,TPR,yfinance,2026-02-10T05:10:38.179198+00:00
2025-02-04,73.9800033569336,74.38999938964844,72.68000030517578,72.95999908447266,71.80101013183594,3556000,TPR,yfinance,2026-02-10T05:10:38.179198+00:00
2025-02-05,72.5,74.20999908447266,72.5,73.37999725341797,72.21432495117188,5293600,TPR,yfinance,2026-02-10T05:10:38.179198+00:00
2025-02-06,87.75,87.87000274658203,81.5,82.19999694824219,80.89421081542969,15057100,TPR,yfinance,2026-02-10T05:10:38.179198+00:00
2025-02-07,83.52999877929688,84.05999755859375,78.98999786376953,80.37999725341797,79.10313415527344,7820500,TPR,yfinance,2026-02-10T05:10:38.179198+00:00
2025-02-10,79.66999816894531,80.55000305175781,78.33999633789062,79.05000305175781,77.79427337646484,5967000,TPR,yfinance,2026-02-10T05:10:38.179198+00:00
2025-02-11,79.05000305175781,81.76000213623047,78.7699966430664,81.36000061035156,80.06756591796875,6476700,TPR,yfinance,2026-02-10T05:10:38.179198+00:00
2025-02-12,81.94999694824219,85.69999694824219,81.2300033569336,85.12999725341797,83.77767181396484,7413900,TPR,yfinance,2026-02-10T05:10:38.179198+00:00
2025-02-13,85.80000305175781,87.12999725341797,85.19999694824219,86.63999938964844,85.26368713378906,5033400,TPR,yfinance,2026-02-10T05:10:38.179198+00:00
2025-02-14,86.3499984741211,88.06999969482422,85.76000213623047,87.69999694824219,86.30684661865234,4819100,TPR,yfinance,2026-02-10T05:10:38.179198+00:00
2025-02-18,90.66999816894531,90.8499984741211,88.08999633789062,89.0,87.58619689941406,4546700,TPR,yfinance,2026-02-10T05:10:38.179198+00:00
2025-02-19,88.02999877929688,89.47000122070312,87.30999755859375,89.20999908447266,87.79286193847656,4381200,TPR,yfinance,2026-02-10T05:10:38.179198+00:00
2025-02-20,87.72000122070312,89.20999908447266,85.80999755859375,86.5199966430664,85.14559173583984,5010000,TPR,yfinance,2026-02-10T05:10:38.179198+00:00
2025-02-21,86.5999984741211,87.76000213623047,84.30000305175781,84.58999633789062,83.24624633789062,3583200,TPR,yfinance,2026-02-10T05:10:38.179198+00:00
2025-02-24,85.11000061035156,85.55000305175781,82.7300033569336,84.38999938964844,83.04943084716797,5740900,TPR,yfinance,2026-02-10T05:10:38.179198+00:00
2025-02-25,84.4000015258789,85.04000091552734,81.68000030517578,84.02999877929688,82.69515228271484,5838500,TPR,yfinance,2026-02-10T05:10:38.179198+00:00
2025-02-26,84.63999938964844,87.45999908447266,84.5999984741211,86.55999755859375,85.18496704101562,4476400,TPR,yfinance,2026-02-10T05:10:38.179198+00:00
2025-02-27,85.69999694824219,86.51000213623047,83.98999786376953,84.30999755859375,82.970703125,5424400,TPR,yfinance,2026-02-10T05:10:38.179198+00:00
2025-02-28,84.0199966430664,85.68000030517578,83.48999786376953,85.41999816894531,84.06306457519531,4772100,TPR,yfinance,2026-02-10T05:10:38.179198+00:00
2025-03-03,86.70999908447266,87.1500015258789,83.38999938964844,84.08999633789062,82.75419616699219,3939300,TPR,yfinance,2026-02-10T05:10:38.179198+00:00
2025-03-04,83.12999725341797,83.3499984741211,79.0,81.2699966430664,79.97898864746094,6967900,TPR,yfinance,2026-02-10T05:10:38.179198+00:00
2025-03-05,80.62999725341797,82.16000366210938,79.66999816894531,81.27999877929688,79.98883819580078,4953000,TPR,yfinance,2026-02-10T05:10:38.179198+00:00
2025-03-06,79.9800033569336,80.70999908447266,77.02999877929688,77.72000122070312,76.816162109375,5231700,TPR,yfinance,2026-02-10T05:10:38.179198+00:00
2025-03-07,77.08999633789062,77.41000366210938,72.2699966430664,74.91999816894531,74.0487289428711,7520400,TPR,yfinance,2026-02-10T05:10:38.179198+00:00
2025-03-10,72.63999938964844,73.19000244140625,69.54000091552734,70.69999694824219,69.87779998779297,9306700,TPR,yfinance,2026-02-10T05:10:38.179198+00:00
2025-03-11,71.31999969482422,72.75,71.05999755859375,71.97000122070312,71.1330337524414,7869400,TPR,yfinance,2026-02-10T05:10:38.179198+00:00
2025-03-12,73.47000122070312,74.30999755859375,70.87000274658203,71.69000244140625,70.85628509521484,9697000,TPR,yfinance,2026-02-10T05:10:38.179198+00:00
2025-03-13,71.33000183105469,71.66000366210938,68.08000183105469,69.70999908447266,68.8993148803711,4864600,TPR,yfinance,2026-02-10T05:10:38.179198+00:00
2025-03-14,70.94999694824219,71.30999755859375,69.18000030517578,70.45999908447266,69.64059448242188,4435000,TPR,yfinance,2026-02-10T05:10:38.179198+00:00
2025-03-17,70.38999938964844,71.69000244140625,69.62999725341797,71.22000122070312,70.39175415039062,4586600,TPR,yfinance,2026-02-10T05:10:38.179198+00:00
2025-03-18,71.06999969482422,71.91999816894531,69.69000244140625,70.97000122070312,70.14466857910156,4202100,TPR,yfinance,2026-02-10T05:10:38.179198+00:00
2025-03-19,71.5,74.36000061035156,70.83000183105469,73.5,72.6452407836914,6503900,TPR,yfinance,2026-02-10T05:10:38.179198+00:00
2025-03-20,72.23999786376953,73.30000305175781,72.0,72.91000366210938,72.0621109008789,4809300,TPR,yfinance,2026-02-10T05:10:38.179198+00:00
2025-03-21,71.56999969482422,73.33000183105469,70.4000015258789,73.12000274658203,72.26966094970703,24276800,TPR,yfinance,2026-02-10T05:10:38.179198+00:00
2025-03-24,74.16999816894531,75.81999969482422,73.94000244140625,75.72000122070312,74.83942413330078,5469200,TPR,yfinance,2026-02-10T05:10:38.179198+00:00
2025-03-25,75.48999786376953,75.68000030517578,74.13999938964844,74.72000122070312,73.8510513305664,3072200,TPR,yfinance,2026-02-10T05:10:38.179198+00:00
2025-03-26,74.75,75.16999816894531,73.19999694824219,73.68000030517578,72.82315063476562,2775200,TPR,yfinance,2026-02-10T05:10:38.179198+00:00
2025-03-27,72.91000366210938,73.80000305175781,72.26000213623047,72.75,71.90396118164062,2470800,TPR,yfinance,2026-02-10T05:10:38.179198+00:00
2025-03-28,72.05000305175781,72.51000213623047,69.43000030517578,70.25,69.43303680419922,5433800,TPR,yfinance,2026-02-10T05:10:38.179198+00:00
2025-03-31,68.58000183105469,70.66999816894531,67.13999938964844,70.41000366210938,69.59117889404297,4235600,TPR,yfinance,2026-02-10T05:10:38.179198+00:00
2025-04-01,70.36000061035156,73.13999938964844,69.5,72.88999938964844,72.0423355102539,5304100,TPR,yfinance,2026-02-10T05:10:38.179198+00:00
2025-04-02,72.30000305175781,75.1500015258789,71.8499984741211,74.73999786376953,73.8708267211914,3754400,TPR,yfinance,2026-02-10T05:10:38.179198+00:00
2025-04-03,67.72000122070312,68.25,63.099998474121094,65.08999633789062,64.33303833007812,12796600,TPR,yfinance,2026-02-10T05:10:38.179198+00:00
2025-04-04,61.45000076293945,67.41000366210938,60.130001068115234,62.939998626708984,62.208045959472656,11787800,TPR,yfinance,2026-02-10T05:10:38.179198+00:00
2025-04-07,60.06999969482422,65.19999694824219,59.04999923706055,62.9900016784668,62.25746536254883,11550600,TPR,yfinance,2026-02-10T05:10:38.179198+00:00
2025-04-08,65.25,67.05999755859375,59.220001220703125,60.599998474121094,59.895259857177734,10731800,TPR,yfinance,2026-02-10T05:10:38.179198+00:00
2025-04-09,59.79999923706055,68.44000244140625,58.38999938964844,67.27999877929688,66.49757385253906,12486300,TPR,yfinance,2026-02-10T05:10:38.179198+00:00
2025-04-10,65.02999877929688,66.0,62.040000915527344,63.91999816894531,63.1766471862793,5762000,TPR,yfinance,2026-02-10T05:10:38.179198+00:00
2025-04-11,63.310001373291016,64.37999725341797,62.209999084472656,63.400001525878906,62.66270065307617,5317800,TPR,yfinance,2026-02-10T05:10:38.179198+00:00
2025-04-14,64.66000366210938,66.20999908447266,62.630001068115234,63.779998779296875,63.03827667236328,8250400,TPR,yfinance,2026-02-10T05:10:38.179198+00:00
2025-04-15,63.36000061035156,64.58000183105469,63.22999954223633,63.939998626708984,63.19641876220703,3841900,TPR,yfinance,2026-02-10T05:10:38.179198+00:00
2025-04-16,63.720001220703125,64.19000244140625,61.90999984741211,62.869998931884766,62.138858795166016,3163500,TPR,yfinance,2026-02-10T05:10:38.179198+00:00
2025-04-17,62.81999969482422,64.0,62.40999984741211,63.63999938964844,62.899906158447266,4165700,TPR,yfinance,2026-02-10T05:10:38.179198+00:00
2025-04-21,63.09000015258789,63.279998779296875,61.599998474121094,63.18000030517578,62.445255279541016,3679900,TPR,yfinance,2026-02-10T05:10:38.179198+00:00
2025-04-22,63.65999984741211,65.47000122070312,63.349998474121094,64.91999816894531,64.1650161743164,7020900,TPR,yfinance,2026-02-10T05:10:38.179198+00:00
2025-04-23,68.68000030517578,71.11000061035156,66.2699966430664,66.58000183105469,65.80571746826172,4817200,TPR,yfinance,2026-02-10T05:10:38.179198+00:00
2025-04-24,66.63999938964844,69.11000061035156,66.63999938964844,68.30000305175781,67.5057144165039,3332000,TPR,yfinance,2026-02-10T05:10:38.179198+00:00
2025-04-25,68.19000244140625,69.66999816894531,68.0999984741211,68.87999725341797,68.07896423339844,3186500,TPR,yfinance,2026-02-10T05:10:38.179198+00:00
2025-04-28,68.80999755859375,69.70999908447266,68.26000213623047,69.26000213623047,68.45455169677734,4061300,TPR,yfinance,2026-02-10T05:10:38.179198+00:00
2025-04-29,68.80000305175781,70.1500015258789,68.26000213623047,70.04000091552734,69.22547912597656,3134600,TPR,yfinance,2026-02-10T05:10:38.179198+00:00
2025-04-30,68.80999755859375,70.70999908447266,67.22000122070312,70.6500015258789,69.82838439941406,4418900,TPR,yfinance,2026-02-10T05:10:38.179198+00:00
2025-05-01,70.62999725341797,71.45999908447266,70.4000015258789,70.48999786376953,69.67024230957031,4675100,TPR,yfinance,2026-02-10T05:10:38.179198+00:00
2025-05-02,71.70999908447266,72.81999969482422,70.80999755859375,72.76000213623047,71.91384887695312,4502700,TPR,yfinance,2026-02-10T05:10:38.179198+00:00
2025-05-05,72.4000015258789,74.25,72.4000015258789,73.29000091552734,72.43767547607422,4007100,TPR,yfinance,2026-02-10T05:10:38.179198+00:00
2025-05-06,72.13999938964844,74.33000183105469,71.98999786376953,73.30999755859375,72.45745086669922,4466800,TPR,yfinance,2026-02-10T05:10:38.179198+00:00
2025-05-07,74.01000213623047,75.5999984741211,73.6500015258789,74.75,73.88070678710938,8339900,TPR,yfinance,2026-02-10T05:10:38.179198+00:00
2025-05-08,79.19000244140625,80.98999786376953,75.4800033569336,77.54000091552734,76.63825988769531,10699200,TPR,yfinance,2026-02-10T05:10:38.179198+00:00
2025-05-09,78.37000274658203,79.02999877929688,77.30999755859375,78.01000213623047,77.10279846191406,4311700,TPR,yfinance,2026-02-10T05:10:38.179198+00:00
2025-05-12,83.29000091552734,84.87999725341797,81.16999816894531,82.66000366210938,81.69871520996094,5627300,TPR,yfinance,2026-02-10T05:10:38.179198+00:00
2025-05-13,82.88999938964844,84.75,82.41000366210938,83.5999984741211,82.62777709960938,3592400,TPR,yfinance,2026-02-10T05:10:38.179198+00:00
2025-05-14,83.61000061035156,84.75,82.97000122070312,83.26000213623047,82.29174041748047,4863600,TPR,yfinance,2026-02-10T05:10:38.179198+00:00
2025-05-15,82.66000366210938,83.91999816894531,82.16000366210938,83.23999786376953,82.27197265625,2940900,TPR,yfinance,2026-02-10T05:10:38.179198+00:00
2025-05-16,83.58999633789062,83.77999877929688,82.5,82.81999969482422,81.85684967041016,2552700,TPR,yfinance,2026-02-10T05:10:38.179198+00:00
2025-05-19,81.12999725341797,83.23999786376953,81.12999725341797,82.37000274658203,81.4120864868164,2512100,TPR,yfinance,2026-02-10T05:10:38.179198+00:00
2025-05-20,82.75,83.5199966430664,82.08999633789062,82.5199966430664,81.56034088134766,2343500,TPR,yfinance,2026-02-10T05:10:38.179198+00:00
2025-05-21,81.56999969482422,81.63999938964844,79.69000244140625,79.72000122070312,78.79290771484375,3794600,TPR,yfinance,2026-02-10T05:10:38.179198+00:00
2025-05-22,79.52999877929688,79.9800033569336,78.8499984741211,78.98999786376953,78.0713882446289,2820200,TPR,yfinance,2026-02-10T05:10:38.179198+00:00
2025-05-23,77.16000366210938,77.83999633789062,76.29000091552734,76.87000274658203,75.9760513305664,3937100,TPR,yfinance,2026-02-10T05:10:38.179198+00:00
2025-05-27,78.66999816894531,81.30000305175781,78.27999877929688,80.9000015258789,79.95918273925781,5462100,TPR,yfinance,2026-02-10T05:10:38.179198+00:00
2025-05-28,80.83000183105469,81.47000122070312,80.0,80.41999816894531,79.48475646972656,2532700,TPR,yfinance,2026-02-10T05:10:38.179198+00:00
2025-05-29,80.86000061035156,80.9000015258789,77.91999816894531,78.44000244140625,77.52780151367188,4834100,TPR,yfinance,2026-02-10T05:10:38.179198+00:00
2025-05-30,77.72000122070312,78.94999694824219,77.2699966430664,78.55000305175781,77.63651275634766,2870100,TPR,yfinance,2026-02-10T05:10:38.179198+00:00
2025-06-02,78.6500015258789,79.0,76.91999816894531,78.55999755859375,77.64640045166016,2611500,TPR,yfinance,2026-02-10T05:10:38.179198+00:00
2025-06-03,78.5,79.2699966430664,78.20999908447266,78.69999694824219,77.78475952148438,2504500,TPR,yfinance,2026-02-10T05:10:38.179198+00:00
2025-06-04,78.55999755859375,79.36000061035156,78.20999908447266,78.31999969482422,77.40918731689453,2468700,TPR,yfinance,2026-02-10T05:10:38.179198+00:00
2025-06-05,77.80999755859375,79.9000015258789,77.79000091552734,79.22000122070312,78.29872131347656,2797100,TPR,yfinance,2026-02-10T05:10:38.179198+00:00
2025-06-06,78.94999694824219,79.5199966430664,77.86000061035156,78.94999694824219,78.37813568115234,2406900,TPR,yfinance,2026-02-10T05:10:38.179198+00:00
2025-06-09,79.37000274658203,80.05000305175781,78.25,79.26000213623047,78.68589782714844,2292400,TPR,yfinance,2026-02-10T05:10:38.179198+00:00
2025-06-10,79.76000213623047,80.44999694824219,79.30999755859375,79.91000366210938,79.33119201660156,2870600,TPR,yfinance,2026-02-10T05:10:38.179198+00:00
2025-06-11,81.08000183105469,82.5,81.08000183105469,81.75,81.1578598022461,3236200,TPR,yfinance,2026-02-10T05:10:38.179198+00:00
2025-06-12,82.30999755859375,82.58999633789062,81.1500015258789,82.19999694824219,81.6045913696289,2908200,TPR,yfinance,2026-02-10T05:10:38.179198+00:00
2025-06-13,81.13999938964844,81.75,78.58999633789062,78.91000366210938,78.33843994140625,3129700,TPR,yfinance,2026-02-10T05:10:38.179198+00:00
2025-06-16,80.51000213623047,84.63999938964844,80.3499984741211,84.26000213623047,83.6496810913086,4222100,TPR,yfinance,2026-02-10T05:10:38.179198+00:00
2025-06-17,82.81999969482422,83.70999908447266,82.52999877929688,82.76000213623047,82.1605453491211,3343900,TPR,yfinance,2026-02-10T05:10:38.179198+00:00
2025-06-18,83.05000305175781,85.33000183105469,83.0,84.23999786376953,83.62982177734375,3571500,TPR,yfinance,2026-02-10T05:10:38.179198+00:00
2025-06-20,84.94000244140625,85.30999755859375,83.94999694824219,84.33000183105469,83.71917724609375,4336700,TPR,yfinance,2026-02-10T05:10:38.179198+00:00
2025-06-23,83.54000091552734,86.04000091552734,83.26000213623047,85.75,85.12889099121094,3387400,TPR,yfinance,2026-02-10T05:10:38.179198+00:00
2025-06-24,87.18000030517578,87.80000305175781,86.41000366210938,87.26000213623047,86.6279525756836,3187600,TPR,yfinance,2026-02-10T05:10:38.179198+00:00
2025-06-25,87.18000030517578,87.30999755859375,85.16999816894531,85.41999816894531,84.80127716064453,2800000,TPR,yfinance,2026-02-10T05:10:38.179198+00:00
2025-06-26,85.58000183105469,86.61000061035156,84.12000274658203,86.22000122070312,85.59548950195312,2722300,TPR,yfinance,2026-02-10T05:10:38.179198+00:00
2025-06-27,86.7699966430664,87.86000061035156,85.87999725341797,87.11000061035156,86.47903442382812,7820100,TPR,yfinance,2026-02-10T05:10:38.179198+00:00
2025-06-30,87.37000274658203,88.02999877929688,86.95999908447266,87.80999755859375,87.17396545410156,2724300,TPR,yfinance,2026-02-10T05:10:38.179198+00:00
2025-07-01,86.5999984741211,89.18000030517578,86.5999984741211,86.94000244140625,86.31027221679688,3704800,TPR,yfinance,2026-02-10T05:10:38.179198+00:00
2025-07-02,86.66999816894531,87.7699966430664,84.38999938964844,86.4800033569336,85.85359954833984,3371200,TPR,yfinance,2026-02-10T05:10:38.179198+00:00
2025-07-03,87.43000030517578,90.83999633789062,86.68000030517578,90.19999694824219,89.54664611816406,4388400,TPR,yfinance,2026-02-10T05:10:38.179198+00:00
2025-07-07,90.45999908447266,92.62000274658203,90.3499984741211,92.47000122070312,91.80021667480469,4916900,TPR,yfinance,2026-02-10T05:10:38.179198+00:00
2025-07-08,92.9000015258789,93.4800033569336,90.66999816894531,92.20999908447266,91.5420913696289,3706000,TPR,yfinance,2026-02-10T05:10:38.179198+00:00
2025-07-09,92.94999694824219,95.5999984741211,92.83000183105469,95.30999755859375,94.61964416503906,5178700,TPR,yfinance,2026-02-10T05:10:38.179198+00:00
2025-07-10,95.87999725341797,98.25,95.58999633789062,97.63999938964844,96.9327621459961,4330300,TPR,yfinance,2026-02-10T05:10:38.179198+00:00
2025-07-11,97.76000213623047,98.6500015258789,96.80000305175781,98.43000030517578,97.717041015625,3108000,TPR,yfinance,2026-02-10T05:10:38.179198+00:00
2025-07-14,98.80999755859375,101.73999786376953,98.43000030517578,101.55000305175781,100.81444549560547,5269500,TPR,yfinance,2026-02-10T05:10:38.179198+00:00
2025-07-15,101.0,101.83000183105469,99.66000366210938,101.5999984741211,100.86408233642578,4221700,TPR,yfinance,2026-02-10T05:10:38.179198+00:00
2025-07-16,101.83000183105469,102.25,100.0,100.66999816894531,99.94081115722656,3353100,TPR,yfinance,2026-02-10T05:10:38.179198+00:00
2025-07-17,100.87999725341797,102.30999755859375,100.0999984741211,102.16000366210938,101.4200210571289,3381900,TPR,yfinance,2026-02-10T05:10:38.179198+00:00
2025-07-18,102.51000213623047,104.2300033569336,101.79000091552734,103.41999816894531,102.67089080810547,3404100,TPR,yfinance,2026-02-10T05:10:38.179198+00:00
2025-07-21,103.69000244140625,107.4000015258789,103.69000244140625,106.41000366210938,105.63924407958984,4717900,TPR,yfinance,2026-02-10T05:10:38.179198+00:00
2025-07-22,106.66999816894531,107.33999633789062,103.91999816894531,106.25,105.48040008544922,4411300,TPR,yfinance,2026-02-10T05:10:38.179198+00:00
2025-07-23,106.80999755859375,109.5999984741211,106.6500015258789,109.16999816894531,108.37924194335938,3486000,TPR,yfinance,2026-02-10T05:10:38.179198+00:00
2025-07-24,109.13999938964844,109.33999633789062,107.54000091552734,108.43000030517578,107.64460754394531,3211200,TPR,yfinance,2026-02-10T05:10:38.179198+00:00
2025-07-25,110.05999755859375,110.22000122070312,107.08999633789062,108.33999633789062,107.55525207519531,3518500,TPR,yfinance,2026-02-10T05:10:38.179198+00:00
2025-07-28,108.66999816894531,110.44000244140625,108.5199966430664,110.41999816894531,109.62019348144531,3113900,TPR,yfinance,2026-02-10T05:10:38.179198+00:00
2025-07-29,108.30000305175781,108.31999969482422,105.73999786376953,107.4000015258789,106.6220703125,5418000,TPR,yfinance,2026-02-10T05:10:38.179198+00:00
2025-07-30,106.93000030517578,108.81999969482422,106.93000030517578,108.19999694824219,107.41626739501953,3724100,TPR,yfinance,2026-02-10T05:10:38.179198+00:00
2025-07-31,107.66000366210938,109.38999938964844,107.5999984741211,108.02999877929688,107.24750518798828,3343000,TPR,yfinance,2026-02-10T05:10:38.179198+00:00
2025-08-01,105.94000244140625,106.41999816894531,103.76000213623047,106.30999755859375,105.53995513916016,4508900,TPR,yfinance,2026-02-10T05:10:38.179198+00:00
2025-08-04,108.20999908447266,111.93000030517578,107.68000030517578,111.88999938964844,111.07954406738281,4247200,TPR,yfinance,2026-02-10T05:10:38.179198+00:00
2025-08-05,111.56999969482422,112.48999786376953,109.63999938964844,111.48999786376953,110.68244171142578,4090300,TPR,yfinance,2026-02-10T05:10:38.179198+00:00
2025-08-06,111.6500015258789,112.58000183105469,110.79000091552734,112.1500015258789,111.33766174316406,4088200,TPR,yfinance,2026-02-10T05:10:38.179198+00:00
2025-08-07,112.30000305175781,113.08000183105469,106.83999633789062,108.4800033569336,107.69425201416016,6014100,TPR,yfinance,2026-02-10T05:10:38.179198+00:00
2025-08-08,109.16999816894531,109.87000274658203,107.7699966430664,109.08999633789062,108.2998275756836,3243800,TPR,yfinance,2026-02-10T05:10:38.179198+00:00
2025-08-11,109.18000030517578,110.26000213623047,107.83000183105469,107.95999908447266,107.17801666259766,4416900,TPR,yfinance,2026-02-10T05:10:38.179198+00:00
2025-08-12,109.2699966430664,111.80999755859375,108.63999938964844,110.86000061035156,110.0570068359375,3803600,TPR,yfinance,2026-02-10T05:10:38.179198+00:00
2025-08-13,112.0,114.05000305175781,111.5,113.52999877929688,112.7076644897461,6594500,TPR,yfinance,2026-02-10T05:10:38.179198+00:00
2025-08-14,95.94999694824219,99.2699966430664,92.62000274658203,95.69000244140625,94.99689483642578,13353200,TPR,yfinance,2026-02-10T05:10:38.179198+00:00
2025-08-15,96.13999938964844,101.02999877929688,95.69999694824219,100.73999786376953,100.01030731201172,6809700,TPR,yfinance,2026-02-10T05:10:38.179198+00:00
2025-08-18,100.44999694824219,101.5,98.18000030517578,99.91000366210938,99.18632507324219,4639900,TPR,yfinance,2026-02-10T05:10:38.179198+00:00
2025-08-19,99.87000274658203,100.76000213623047,97.44999694824219,97.91999816894531,97.21073150634766,4002200,TPR,yfinance,2026-02-10T05:10:38.179198+00:00
2025-08-20,97.7300033569336,99.54000091552734,97.23999786376953,98.87000274658203,98.15385437011719,3844500,TPR,yfinance,2026-02-10T05:10:38.179198+00:00
2025-08-21,98.29000091552734,98.66999816894531,97.54000091552734,98.38999938964844,97.67733001708984,2293300,TPR,yfinance,2026-02-10T05:10:38.179198+00:00
2025-08-22,98.25,99.98999786376953,97.55999755859375,99.66000366210938,98.93814086914062,3103700,TPR,yfinance,2026-02-10T05:10:38.179198+00:00
2025-08-25,99.66000366210938,100.41000366210938,97.93000030517578,98.47000122070312,97.75675201416016,3579300,TPR,yfinance,2026-02-10T05:10:38.179198+00:00
2025-08-26,98.5,101.66000366210938,98.5,100.69999694824219,99.97059631347656,15804000,TPR,yfinance,2026-02-10T05:10:38.179198+00:00
2025-08-27,100.80000305175781,101.23999786376953,99.86000061035156,100.9800033569336,100.24857330322266,3668700,TPR,yfinance,2026-02-10T05:10:38.179198+00:00
2025-08-28,101.62999725341797,102.69000244140625,101.08000183105469,102.61000061035156,101.86676025390625,3131400,TPR,yfinance,2026-02-10T05:10:38.179198+00:00
2025-08-29,102.16000366210938,103.5,101.33999633789062,101.81999969482422,101.08248138427734,3047800,TPR,yfinance,2026-02-10T05:10:38.179198+00:00
2025-09-02,100.16000366210938,103.1500015258789,99.87000274658203,102.79000091552734,102.04545593261719,3423500,TPR,yfinance,2026-02-10T05:10:38.179198+00:00
2025-09-03,103.0,105.33999633789062,102.80999755859375,104.43000030517578,103.673583984375,3190000,TPR,yfinance,2026-02-10T05:10:38.179198+00:00
2025-09-04,104.69999694824219,105.8499984741211,103.73999786376953,105.81999969482422,105.05351257324219,3150900,TPR,yfinance,2026-02-10T05:10:38.179198+00:00
2025-09-05,105.7300033569336,106.0,102.97000122070312,104.18000030517578,103.81782531738281,2489400,TPR,yfinance,2026-02-10T05:10:38.179198+00:00
2025-09-08,105.66999816894531,105.88999938964844,102.83999633789062,104.81999969482422,104.45559692382812,4096700,TPR,yfinance,2026-02-10T05:10:38.179198+00:00
2025-09-09,104.81999969482422,105.25,102.48999786376953,105.18000030517578,104.81434631347656,2909800,TPR,yfinance,2026-02-10T05:10:38.179198+00:00
2025-09-10,107.02999877929688,107.5199966430664,101.5999984741211,105.30000305175781,104.9339370727539,5118500,TPR,yfinance,2026-02-10T05:10:38.179198+00:00
2025-09-11,106.83000183105469,107.3499984741211,105.22000122070312,106.87000274658203,106.49847412109375,3860000,TPR,yfinance,2026-02-10T05:10:38.179198+00:00
2025-09-12,106.05999755859375,108.0,105.55999755859375,106.47000122070312,106.09986114501953,2940800,TPR,yfinance,2026-02-10T05:10:38.179198+00:00
2025-09-15,106.2699966430664,111.48999786376953,106.19999694824219,110.16999816894531,109.78699493408203,3415400,TPR,yfinance,2026-02-10T05:10:38.179198+00:00
2025-09-16,110.16000366210938,110.16000366210938,107.76000213623047,109.5,109.11933135986328,2885300,TPR,yfinance,2026-02-10T05:10:38.179198+00:00
2025-09-17,110.06999969482422,111.0199966430664,108.7300033569336,109.87999725341797,109.49800872802734,3127100,TPR,yfinance,2026-02-10T05:10:38.179198+00:00
2025-09-18,110.61000061035156,113.45999908447266,110.16000366210938,113.30000305175781,112.90612030029297,3006900,TPR,yfinance,2026-02-10T05:10:38.179198+00:00
2025-09-19,113.52999877929688,115.3499984741211,112.95999908447266,114.19000244140625,113.79302978515625,5658300,TPR,yfinance,2026-02-10T05:10:38.179198+00:00
2025-09-22,114.16999816894531,114.70999908447266,112.3499984741211,113.87999725341797,113.48410034179688,3408700,TPR,yfinance,2026-02-10T05:10:38.179198+00:00
2025-09-23,113.91999816894531,116.48999786376953,113.12999725341797,116.13999938964844,115.73624420166016,2711600,TPR,yfinance,2026-02-10T05:10:38.179198+00:00
2025-09-24,115.87999725341797,117.0,113.22000122070312,113.41999816894531,113.02570343017578,3279100,TPR,yfinance,2026-02-10T05:10:38.179198+00:00
2025-09-25,111.62000274658203,112.0,106.26000213623047,107.80000305175781,107.42523956298828,4191200,TPR,yfinance,2026-02-10T05:10:38.179198+00:00
2025-09-26,108.25,109.05999755859375,107.12000274658203,109.05000305175781,108.6708984375,2221000,TPR,yfinance,2026-02-10T05:10:38.179198+00:00
2025-09-29,110.5,111.58000183105469,108.58000183105469,111.45999908447266,111.07251739501953,2826600,TPR,yfinance,2026-02-10T05:10:38.179198+00:00
2025-09-30,111.94999694824219,113.87999725341797,109.98999786376953,113.22000122070312,112.82640075683594,3586700,TPR,yfinance,2026-02-10T05:10:38.179198+00:00
2025-10-01,112.02999877929688,114.19999694824219,111.62000274658203,113.83000183105469,113.43428039550781,3187400,TPR,yfinance,2026-02-10T05:10:38.179198+00:00
2025-10-02,114.75,115.9000015258789,113.41999816894531,115.55999755859375,115.15825653076172,2261700,TPR,yfinance,2026-02-10T05:10:38.179198+00:00
2025-10-03,116.37999725341797,117.7699966430664,114.8499984741211,114.91999816894531,114.5204849243164,1914800,TPR,yfinance,2026-02-10T05:10:38.179198+00:00
2025-10-06,115.69999694824219,117.13999938964844,113.91000366210938,115.48999786376953,115.0885009765625,2437900,TPR,yfinance,2026-02-10T05:10:38.179198+00:00
2025-10-07,116.16000366210938,116.16000366210938,112.87999725341797,115.26000213623047,114.85930633544922,2045300,TPR,yfinance,2026-02-10T05:10:38.179198+00:00
2025-10-08,116.05999755859375,116.83000183105469,115.0,116.80999755859375,116.40391540527344,1623100,TPR,yfinance,2026-02-10T05:10:38.179198+00:00
2025-10-09,116.22000122070312,116.22000122070312,112.30000305175781,113.4800033569336,113.08549499511719,1809400,TPR,yfinance,2026-02-10T05:10:38.179198+00:00
2025-10-10,112.94000244140625,113.08000183105469,108.13999938964844,108.22000122070312,107.84378051757812,2231000,TPR,yfinance,2026-02-10T05:10:38.179198+00:00
2025-10-13,111.75,114.55000305175781,111.37000274658203,114.05999755859375,113.6634750366211,2563400,TPR,yfinance,2026-02-10T05:10:38.179198+00:00
2025-10-14,112.6500015258789,117.30999755859375,111.3499984741211,116.26000213623047,115.85582733154297,2005000,TPR,yfinance,2026-02-10T05:10:38.179198+00:00
2025-10-15,117.25,118.55999755859375,116.08999633789062,116.69000244140625,116.28433990478516,2593800,TPR,yfinance,2026-02-10T05:10:38.179198+00:00
2025-10-16,117.43000030517578,118.37999725341797,115.68000030517578,116.51000213623047,116.10496520996094,1432100,TPR,yfinance,2026-02-10T05:10:38.179198+00:00
2025-10-17,115.66999816894531,117.30000305175781,115.0999984741211,116.81999969482422,116.41387939453125,1908500,TPR,yfinance,2026-02-10T05:10:38.179198+00:00
2025-10-20,117.63999938964844,117.75,115.83000183105469,116.33999633789062,115.935546875,1442300,TPR,yfinance,2026-02-10T05:10:38.179198+00:00
2025-10-21,117.87000274658203,117.94999694824219,116.0,117.13999938964844,116.73277282714844,2091700,TPR,yfinance,2026-02-10T05:10:38.179198+00:00
2025-10-22,117.19000244140625,118.44999694824219,114.19000244140625,115.33000183105469,114.92906188964844,2461300,TPR,yfinance,2026-02-10T05:10:38.179198+00:00
2025-10-23,114.77999877929688,116.4000015258789,114.16999816894531,114.9000015258789,114.50055694580078,2289400,TPR,yfinance,2026-02-10T05:10:38.179198+00:00
2025-10-24,114.94000244140625,116.02999877929688,113.87000274658203,114.70999908447266,114.31121826171875,1465500,TPR,yfinance,2026-02-10T05:10:38.179198+00:00
2025-10-27,116.37999725341797,116.37999725341797,112.66000366210938,114.97000122070312,114.5703125,2959700,TPR,yfinance,2026-02-10T05:10:38.179198+00:00
2025-10-28,114.22000122070312,115.08999633789062,112.6500015258789,113.11000061035156,112.71678161621094,2397800,TPR,yfinance,2026-02-10T05:10:38.179198+00:00
2025-10-29,112.66999816894531,113.95999908447266,111.58000183105469,112.91999816894531,112.52743530273438,2714700,TPR,yfinance,2026-02-10T05:10:38.179198+00:00
2025-10-30,112.05000305175781,113.2300033569336,110.01000213623047,111.37000274658203,110.98283386230469,3207400,TPR,yfinance,2026-02-10T05:10:38.179198+00:00
2025-10-31,111.62000274658203,112.66000366210938,109.51000213623047,109.81999969482422,109.43821716308594,3215600,TPR,yfinance,2026-02-10T05:10:38.179198+00:00
2025-11-03,109.19999694824219,110.0,104.0999984741211,106.33000183105469,105.9603500366211,4348600,TPR,yfinance,2026-02-10T05:10:38.179198+00:00
2025-11-04,105.0,107.83000183105469,104.6500015258789,106.38999938964844,106.0201416015625,2990600,TPR,yfinance,2026-02-10T05:10:38.179198+00:00
2025-11-05,106.18000030517578,109.95999908447266,105.29000091552734,109.30999755859375,108.92998504638672,4145700,TPR,yfinance,2026-02-10T05:10:38.179198+00:00
2025-11-06,94.5999984741211,100.30000305175781,93.0,98.80999755859375,98.46649169921875,8136200,TPR,yfinance,2026-02-10T05:10:38.179198+00:00
2025-11-07,99.0,104.02999877929688,99.0,103.68000030517578,103.31956481933594,6671400,TPR,yfinance,2026-02-10T05:10:38.179198+00:00
2025-11-10,104.8499984741211,106.0999984741211,104.33000183105469,106.08000183105469,105.71121978759766,3607600,TPR,yfinance,2026-02-10T05:10:38.179198+00:00
2025-11-11,104.94999694824219,106.02999877929688,101.95999908447266,102.04000091552734,101.68526458740234,3060300,TPR,yfinance,2026-02-10T05:10:38.179198+00:00
2025-11-12,103.4000015258789,105.77999877929688,102.62000274658203,103.9800033569336,103.61852264404297,3221900,TPR,yfinance,2026-02-10T05:10:38.179198+00:00
2025-11-13,103.83000183105469,104.0999984741211,100.0,100.76000213623047,100.40971374511719,2834500,TPR,yfinance,2026-02-10T05:10:38.179198+00:00
2025-11-14,99.23999786376953,103.08000183105469,99.01000213623047,101.41000366210938,101.05745697021484,2859600,TPR,yfinance,2026-02-10T05:10:38.179198+00:00
2025-11-17,101.5,102.0,100.2300033569336,101.73999786376953,101.38630676269531,3246800,TPR,yfinance,2026-02-10T05:10:38.179198+00:00
2025-11-18,100.93000030517578,103.55999755859375,100.4000015258789,103.27999877929688,102.92095184326172,2855700,TPR,yfinance,2026-02-10T05:10:38.179198+00:00
2025-11-19,103.18000030517578,105.45999908447266,102.68000030517578,104.41000366210938,104.04702758789062,4832400,TPR,yfinance,2026-02-10T05:10:38.179198+00:00
2025-11-20,106.30000305175781,107.05999755859375,101.9800033569336,102.18000030517578,101.82477569580078,3380400,TPR,yfinance,2026-02-10T05:10:38.179198+00:00
2025-11-21,102.63999938964844,106.66999816894531,100.47000122070312,105.23999786376953,104.87413787841797,3582500,TPR,yfinance,2026-02-10T05:10:38.179198+00:00
2025-11-24,105.75,108.41999816894531,104.70999908447266,105.69000244140625,105.32257843017578,6190200,TPR,yfinance,2026-02-10T05:10:38.179198+00:00
2025-11-25,105.12000274658203,108.69000244140625,104.5,107.68000030517578,107.30565643310547,3269300,TPR,yfinance,2026-02-10T05:10:38.179198+00:00
2025-11-26,108.27999877929688,111.81999969482422,108.0,110.69999694824219,110.31515502929688,2274400,TPR,yfinance,2026-02-10T05:10:38.179198+00:00
2025-11-28,110.88999938964844,111.06999969482422,109.13999938964844,109.27999877929688,108.90009307861328,975900,TPR,yfinance,2026-02-10T05:10:38.179198+00:00
2025-12-01,108.47000122070312,112.5,107.98999786376953,112.0999984741211,111.71028900146484,2899600,TPR,yfinance,2026-02-10T05:10:38.179198+00:00
2025-12-02,112.41999816894531,113.3499984741211,108.62000274658203,109.26000213623047,108.88016510009766,3244300,TPR,yfinance,2026-02-10T05:10:38.179198+00:00
2025-12-03,110.0999984741211,113.0999984741211,109.91999816894531,111.91999816894531,111.53091430664062,2268900,TPR,yfinance,2026-02-10T05:10:38.179198+00:00
2025-12-04,110.91000366210938,115.62000274658203,110.77999877929688,115.05999755859375,114.65999603271484,3382100,TPR,yfinance,2026-02-10T05:10:38.179198+00:00
2025-12-05,114.8499984741211,116.43000030517578,114.55000305175781,116.30000305175781,116.30000305175781,2124700,TPR,yfinance,2026-02-10T05:10:38.179198+00:00
2025-12-08,116.0,118.47000122070312,115.51000213623047,117.2699966430664,117.2699966430664,3492100,TPR,yfinance,2026-02-10T05:10:38.179198+00:00
2025-12-09,116.56999969482422,118.91999816894531,116.2699966430664,118.20999908447266,118.20999908447266,2982600,TPR,yfinance,2026-02-10T05:10:38.179198+00:00
2025-12-10,117.91999816894531,118.48999786376953,114.38999938964844,117.7300033569336,117.7300033569336,3948300,TPR,yfinance,2026-02-10T05:10:38.179198+00:00
2025-12-11,117.44000244140625,123.55000305175781,117.0199966430664,123.48999786376953,123.48999786376953,3120900,TPR,yfinance,2026-02-10T05:10:38.179198+00:00
2025-12-12,124.19000244140625,125.18000030517578,121.12000274658203,123.20999908447266,123.20999908447266,2832300,TPR,yfinance,2026-02-10T05:10:38.179198+00:00
2025-12-15,124.0,125.7300033569336,122.8499984741211,123.58000183105469,123.58000183105469,2733800,TPR,yfinance,2026-02-10T05:10:38.179198+00:00
2025-12-16,124.0,124.5,121.94999694824219,123.08999633789062,123.08999633789062,2353500,TPR,yfinance,2026-02-10T05:10:38.179198+00:00
2025-12-17,124.0,124.22000122070312,122.01000213623047,122.19000244140625,122.19000244140625,2372600,TPR,yfinance,2026-02-10T05:10:38.179198+00:00
2025-12-18,123.83999633789062,127.54000091552734,123.19999694824219,125.4000015258789,125.4000015258789,3852500,TPR,yfinance,2026-02-10T05:10:38.179198+00:00
2025-12-19,124.9000015258789,126.6500015258789,124.0199966430664,125.41999816894531,125.41999816894531,5957300,TPR,yfinance,2026-02-10T05:10:38.179198+00:00
2025-12-22,126.66999816894531,129.60000610351562,125.19000244140625,128.97000122070312,128.97000122070312,2586000,TPR,yfinance,2026-02-10T05:10:38.179198+00:00
2025-12-23,129.05999755859375,130.27999877929688,128.99000549316406,129.44000244140625,129.44000244140625,2706100,TPR,yfinance,2026-02-10T05:10:38.179198+00:00
2025-12-24,129.7100067138672,130.92999267578125,129.00999450683594,130.1999969482422,130.1999969482422,776300,TPR,yfinance,2026-02-10T05:10:38.179198+00:00
2025-12-26,130.02000427246094,131.39999389648438,130.02000427246094,131.3000030517578,131.3000030517578,1708900,TPR,yfinance,2026-02-10T05:10:38.179198+00:00
2025-12-29,129.42999267578125,131.27999877929688,129.00999450683594,130.33999633789062,130.33999633789062,1929600,TPR,yfinance,2026-02-10T05:10:38.179198+00:00
2025-12-30,130.77999877929688,130.88999938964844,128.85000610351562,129.52999877929688,129.52999877929688,1879000,TPR,yfinance,2026-02-10T05:10:38.179198+00:00
2025-12-31,129.6199951171875,129.72000122070312,127.66999816894531,127.7699966430664,127.7699966430664,1303200,TPR,yfinance,2026-02-10T05:10:38.179198+00:00
2026-01-02,129.22000122070312,129.99000549316406,127.1500015258789,129.07000732421875,129.07000732421875,1943100,TPR,yfinance,2026-02-10T05:10:38.179198+00:00
2026-01-05,129.64999389648438,130.6999969482422,128.07000732421875,128.52999877929688,128.52999877929688,2907100,TPR,yfinance,2026-02-10T05:10:38.179198+00:00
2026-01-06,128.22999572753906,133.99000549316406,128.05999755859375,133.17999267578125,133.17999267578125,3282100,TPR,yfinance,2026-02-10T05:10:38.179198+00:00
2026-01-07,132.5500030517578,133.4600067138672,129.86000061035156,130.97000122070312,130.97000122070312,2105400,TPR,yfinance,2026-02-10T05:10:38.179198+00:00
2026-01-08,130.8800048828125,134.22000122070312,129.80999755859375,133.52000427246094,133.52000427246094,2098000,TPR,yfinance,2026-02-10T05:10:38.179198+00:00
2026-01-09,134.0399932861328,136.0399932861328,133.11000061035156,134.35000610351562,134.35000610351562,1669300,TPR,yfinance,2026-02-10T05:10:38.179198+00:00
2026-01-12,133.3000030517578,135.05999755859375,131.4600067138672,133.6999969482422,133.6999969482422,1556300,TPR,yfinance,2026-02-10T05:10:38.179198+00:00
2026-01-13,133.2899932861328,135.64999389648438,132.66000366210938,134.3800048828125,134.3800048828125,2556300,TPR,yfinance,2026-02-10T05:10:38.179198+00:00
2026-01-14,133.39999389648438,134.3699951171875,132.17999267578125,133.1699981689453,133.1699981689453,1791800,TPR,yfinance,2026-02-10T05:10:38.179198+00:00
2026-01-15,133.5399932861328,135.97000122070312,132.4600067138672,133.05999755859375,133.05999755859375,1757200,TPR,yfinance,2026-02-10T05:10:38.179198+00:00
2026-01-16,132.52000427246094,133.58999633789062,130.66000366210938,130.69000244140625,130.69000244140625,2214700,TPR,yfinance,2026-02-10T05:10:38.179198+00:00
2026-01-20,129.13999938964844,133.72000122070312,128.16000366210938,129.16000366210938,129.16000366210938,2810100,TPR,yfinance,2026-02-10T05:10:38.179198+00:00
2026-01-21,131.08999633789062,133.00999450683594,130.00999450683594,132.24000549316406,132.24000549316406,1974400,TPR,yfinance,2026-02-10T05:10:38.179198+00:00
2026-01-22,132.63999938964844,133.3000030517578,128.69000244140625,129.52000427246094,129.52000427246094,2786900,TPR,yfinance,2026-02-10T05:10:38.179198+00:00
2026-01-23,129.16000366210938,130.57000732421875,128.2100067138672,130.0399932861328,130.0399932861328,2033600,TPR,yfinance,2026-02-10T05:10:38.179198+00:00
2026-01-26,129.32000732421875,130.39999389648438,126.0,126.18000030517578,126.18000030517578,2207400,TPR,yfinance,2026-02-10T05:10:38.179198+00:00
2026-01-27,127.41000366210938,128.7100067138672,125.58999633789062,127.54000091552734,127.54000091552734,1939700,TPR,yfinance,2026-02-10T05:10:38.179198+00:00
2026-01-28,128.92999267578125,128.99000549316406,124.75,126.0,126.0,1881800,TPR,yfinance,2026-02-10T05:10:38.179198+00:00
2026-01-29,126.25,128.4499969482422,125.51000213623047,127.33000183105469,127.33000183105469,1634200,TPR,yfinance,2026-02-10T05:10:38.179198+00:00
2026-01-30,125.91999816894531,128.61000061035156,125.91999816894531,126.91000366210938,126.91000366210938,1911600,TPR,yfinance,2026-02-10T05:10:38.179198+00:00
2026-02-02,127.41000366210938,129.6999969482422,125.38999938964844,129.6699981689453,129.6699981689453,2784400,TPR,yfinance,2026-02-10T05:10:38.179198+00:00
2026-02-03,130.5399932861328,131.0,126.05999755859375,127.02999877929688,127.02999877929688,1925500,TPR,yfinance,2026-02-10T05:10:38.179198+00:00
2026-02-04,127.93000030517578,130.69000244140625,124.30999755859375,129.9199981689453,129.9199981689453,4477600,TPR,yfinance,2026-02-10T05:10:38.179198+00:00
2026-02-05,137.8300018310547,145.4199981689453,134.11000061035156,143.19000244140625,143.19000244140625,6513800,TPR,yfinance,2026-02-10T05:10:38.179198+00:00
2026-02-06,145.42999267578125,153.1300048828125,144.3800048828125,152.10000610351562,152.10000610351562,3250200,TPR,yfinance,2026-02-10T05:10:38.179198+00:00
2026-02-09,151.49000549316406,155.22999572753906,149.44000244140625,154.64999389648438,154.64999389648438,2904300,TPR,yfinance,2026-02-10T05:10:38.179198+00:00
